alert_month,category,record_type,declared_spurious,source_file,page_no,row_no,serial_no,product_name,brand_name,batch_no_raw,batch_no_norm,batch_group_id,batch_rejoined,mfg_date,exp_date,mfg_date_raw,exp_date_raw,manufacturer_raw,manufacturer_norm,nsq_result,reporting_lab,drawn_by,section,extra_raw,parse_confidence
2024-04,central,nsq,false,data/raw/cdsco_alerts/central/2024-04_central_nsq.pdf,1,1,1,"Pemolate Suspension (Paracetamol, Phenylephrine Hydrochloride & Chlorpheniramine Maleate Suspension)",,407,407,,false,2023-10,2025-09,10/2023,09/2025,"M/s. Pulse Pharma MFG. Co., S. No. 553, Lala Estate, Idar Highway Road, Savgadh, Himatnagar, Gujarat, India",pulse pharma mfg co,Assay of Paracetamol & Phenylephrine Hydrochloride,"CDL, Kolkata",,,,1.0
2024-04,central,nsq,false,data/raw/cdsco_alerts/central/2024-04_central_nsq.pdf,1,2,2,Senocartine (Levocarnitine Injection USP 1g / 5ml),,RS23049,RS23049,,false,2023-08,2026-01,08/2023,01/2026,"M/s. Ratnatris Pharmaceuticals Pvt. Ltd., Survey No. 416, At Indrad, Tal-Kadi, Dist. Mehsana 382715 Gujarat, India",ratnatris pharmaceuticals pvt ltd,Description & Particulate Matter in Injections,"CDL, Kolkata",,,,1.0
2024-04,central,nsq,false,data/raw/cdsco_alerts/central/2024-04_central_nsq.pdf,1,3,3,Frusemide Injection IP 10mg / ml (Senfuro),Senfuro,RS23037,RS23037,,false,2023-08,2025-07,08/2023,07/2025,"M/s. Ratnatris Pharmaceuticals Pvt. Ltd., Survey No. 416, At Indrad, Tal-Kadi, Dist. Mehsana 382715 Gujarat, India",ratnatris pharmaceuticals pvt ltd,Particulate Matter,"CDL, Kolkata",,,,1.0
2024-04,central,nsq,false,data/raw/cdsco_alerts/central/2024-04_central_nsq.pdf,1,4,4,"Dextromethorphan HBr, Phenylephrine HCl & Chlorpheniramine Maleate Syrup (DEX HS Syrup)",DEX HS,S24B045,S24B045,,false,2024-02,2026-01,02/2024,01/2026,"M/s. Shri hari Pharmaceuticals, Vasdsar-Motibhoyan Road, Village: Vadsar - 382 721, Kalol District, Gandhinagar, Gujarat",shri hari pharmaceuticals,Assay of Dextromethorph an Hydrobromide,"CDL, Kolkata",,,,1.0
2024-04,central,nsq,false,data/raw/cdsco_alerts/central/2024-04_central_nsq.pdf,2,5,5,Ofloxacin and Ornidazole Tablets IP,,6001523,6001523,,false,2023-06,2026-05,06/2023,05/2026,"M/s. Karnataka Antibiotics and Pharmaceuticals Limited, Plot No-14, Peenya-II, Phase, Bengalluru-560058, Karnataka.",karnataka antibiotics and pharmaceuticals limited,Description,"CDL, Kolkata",,,,1.0
2024-04,central,nsq,false,data/raw/cdsco_alerts/central/2024-04_central_nsq.pdf,2,6,6,"Ambroxol, Guaiphenesin, Terbutaline and Menthol (Bromodex - T)",Bromodex - T,BDT-1257,BDT1257,,false,2023-12,2025-05,12/2023,05/2025,"M/s. Aurio Pharma Laboratories Pvt. Ltd., Rabindra Sarani, Namita, Kolkata-700049",aurio pharma laboratories pvt ltd,Assay of Menthol,"CDL, Kolkata",,,,1.0
2024-04,central,nsq,false,data/raw/cdsco_alerts/central/2024-04_central_nsq.pdf,2,7,7,Human Growth Hormone Inj. (Norditropin Nordiflex 15mg / 1.5ml),,MC76638,MC76638,,false,2022-05,2024-04,05/2022,04/2024,"M/s. Novo Nordisk A/S Novo Alle, DK-2880 Bagsvaerd, Denmark, Imported by: Novo Nordisk India Prtivate Limited, Plot No. 32, 47-50, EPIP Area, Whitefield, Bangalore-560066,",novo nordisk a s novo alle,Description,"CDL, Kolkata",,,,1.0
2024-04,central,nsq,false,data/raw/cdsco_alerts/central/2024-04_central_nsq.pdf,2,8,8,Cilnidipine Tablets IP (Cinatab -10),Cinatab -10,MT223472A,MT223472A,,false,2022-07,2024-06,07/2022,06/2024,"M/s. Mascot Health Series Private Limited, Plot No. 79, 80, Sector-6A, IIE, SIDCUL, Haridwar 249 403.",mascot health series private limited,Dissolution,"CDL, Kolkata",,,,1.0
2024-04,central,nsq,false,data/raw/cdsco_alerts/central/2024-04_central_nsq.pdf,2,9,9,Atropine Sulphate Injection IP,,23UJ85,23UJ85,,false,2023-10,2025-09,10/2023,09/2025,"M/s. SVP Life Sciences, C/10/1, Sara Industrial Estate, Selaqui, Dehradun, Uttarakhand",svp life sciences,"pH, Particulate Matter & Assay","CDL, Kolkata",,,,1.0
2024-04,central,nsq,false,data/raw/cdsco_alerts/central/2024-04_central_nsq.pdf,2,10,10,Metoclopramide Injection IP 10mg / 2ml,,23DQE20,23DQE20,,false,2023-05,2025-04,05/2023,04/2025,"M/s. SVP Life Sciences, C/10/1, Sara Industrial Estate, Selaqui, Dehradun, Uttarakhand",svp life sciences,Assay,"CDL, Kolkata",,,,1.0
2024-04,central,nsq,false,data/raw/cdsco_alerts/central/2024-04_central_nsq.pdf,2,11,11,"Ambroxol Hydrochloride, Terbutaline Sulphate, Guaiphenesin Menthol Syrup (Luzicough-T)",Luzicough-T,JL-231248,JL231248,,false,2023-12,2025-11,12/2023,11/2025,"M/s. Jineka Healthcare Private Limited, Khasra No. 507-525, Bedpur Crossing Bhagwanpur Bypass, Roorkee, Distt. Haridwar (U.K.) 247 667",jineka healthcare private limited,Identification & Assay of Menthol and Assay of Terbutaline Sulphate,"CDL, Kolkata",,,,1.0
2024-04,central,nsq,false,data/raw/cdsco_alerts/central/2024-04_central_nsq.pdf,3,12,12,Gabapentin Tablets IP (Gabon-300),Gabon-300,MT225040,MT225040,,false,2022-11,2024-10,11/2022,10/2024,"M/s. Mascot Health Series Private Limited, Plot No. 79, 80, Sector-6A, IIE, SIDCUL, Haridwar 249 403.",mascot health series private limited,Related Substances,"CDL, Kolkata",,,,1.0
2024-04,central,nsq,false,data/raw/cdsco_alerts/central/2024-04_central_nsq.pdf,3,13,13,Promethazine Hydrochloride Syrup IP (Phena Kid Syrup),Phena Kid,DEML-304269,DEML304269,,true,2023-02,2025-01,02/2023,01/2025,"M/s. Dr. Edwin Medilabs Pvt. Ltd., Plot No. B-29, Industrial Area, Focal Point Chanalon, Kurali, SAS Nagar - 140 103 (pb)",dr edwin medilabs pvt ltd,Assay,"CDL, Kolkata",,,,1.0
2024-04,central,nsq,true,data/raw/cdsco_alerts/central/2024-04_central_nsq.pdf,3,14,14,★Cefixime Trihydrate with Lactic Acid Bacillus Tablets I.P. (Presef-200 LB Tablets),Presef-200 LB,BHCJ-009,BHCJ009,,false,2022-11,2024-10,11/2022,10/2024,"M/s. Pragti Remedies, Plot No. 143, G. S. Road Link, Ulubari Guwahati, Assam-781008",pragti remedies,Identification & Assay of Cefixime and Gram Positive endospore bearing rod shaped bacterium. The sample deemed to be Spurious.,"CDL, Kolkata Refer Sr No 05 of spurious alert April 2024",,,,1.0
2024-04,central,nsq,false,data/raw/cdsco_alerts/central/2024-04_central_nsq.pdf,3,15,15,Telmisartan Tables IP (Telwide 80 Tablets),Telwide 80,GT3F32,GT3F32,,false,2023-06,2025-05,06/2023,05/2025,"M/s. Ritual Drugs Pvt. Ltd., Plot No. 271-272, Phase-I, HSIIDC, Barhi Industrial Area, Sonepat (HR) - 131 101",ritual drugs pvt ltd,Description & Dissolution,"CDL, Kolkata",,,,1.0
2024-04,central,nsq,false,data/raw/cdsco_alerts/central/2024-04_central_nsq.pdf,3,16,16,Quinine Sulphate Tablets IP 300 mg (REZ-Q* 300),REZ-Q* 300,R22417106,R22417106,,false,2022-09,2024-08,09/2022,08/2024,"M/s. Shreya Life Sciences Pvt. Ltd., 13, 14, 15, Raipur, PO Bhagwanpur, Roorkee- 247 661, Uttarakhand.",shreya life sciences pvt ltd,Description,"CDL, Kolkata",,,,1.0
2024-04,central,nsq,false,data/raw/cdsco_alerts/central/2024-04_central_nsq.pdf,4,17,17,Cefixime Dispersible Tablets IP (Vixif-100 Tablets),Vixif-100,SBT136B,SBT136B,,false,2023-02,2025-01,02/2023,01/2025,"M/s. Amster Labs, Unit-II Hilltop, Ind. Estate, Vill. Bhatauli Kalan, Baddi, Dist. Solan (H.P.)",amster labs,Disintegration,"CDL, Kolkata",,,,1.0
2024-04,central,nsq,false,data/raw/cdsco_alerts/central/2024-04_central_nsq.pdf,4,18,18,Amoxycillin and Pottasium Clavulanate with Lactic Acid Bacillus Tablets (Yamox-CL),Yamox-CL,SEB-23122,SEB23122,,false,2022-09,2025-02,09/2022,02/2025,"M/s. Supermax Laboratories, Plot No. 40, Pharmacity, Selaqui Industrial Area, Dehradun - 248 011",supermax laboratories,Assay / Content of Gram Positive endospore bearing rod shaped bacterium,"CDL, Kolkata",,,,1.0
2024-04,central,nsq,false,data/raw/cdsco_alerts/central/2024-04_central_nsq.pdf,4,19,19,Thyroxine Sodium Tablets I.P. (THYROX-75),THYROX-75,MTC2338A,MTC2338A,,false,2023-04,2025-03,04/2023,03/2025,"M/s. Macleods Pharmaceuticals Ltd., Plot No. 2209, GIDC, Sarigam, Dist. Valsad 396 155",macleods pharmaceuticals ltd,Dissolution,"CDL, Kolkata",,,,1.0
2024-04,central,nsq,false,data/raw/cdsco_alerts/central/2024-04_central_nsq.pdf,4,20,20,Cyclosporine Capsules IP 25 mg (Cycloclean-25),Cycloclean-25,RDCPH23002,RDCPH23002,,true,2023-10,2025-09,10/2023,09/2025,"M/s. Johnlee Pharmaceuticals Pvt. Ltd., Plot No. 10, 11, Sector 6B, IIE, SIDCUL, Haridwar, 249403",johnlee pharmaceuticals pvt ltd,Water,"CDL, Kolkata",,,,1.0
2024-04,central,nsq,false,data/raw/cdsco_alerts/central/2024-04_central_nsq.pdf,4,21,21,"Dextromethorphan Hydrobromide, Phenylephrine Hydrochloride, Chlorphenamine Maleate & Menthol Syrup (Tuspress)",Tuspress,23CH0250,23CH0250,,false,2023-12,2026-11,12/2023,11/2026,"M/s. Enicar Pharmaceuticals Pvt. Ltd., Plot No. J-214, 215, 216, MIDC, Tarapur, Boisar, Dist. Palghar-401506 M/s. Enicar Pharmaceuticals Pvt. Ltd., Plot No. J-214, 215, 216, MIDC, Tarapur, Boisar, Dist. Palghar-401506",enicar pharmaceuticals pvt ltd,Assay of Menthol,"CDL, Kolkata",,,,1.0
2024-04,central,nsq,false,data/raw/cdsco_alerts/central/2024-04_central_nsq.pdf,4,22,22,Tranexamic Acid Injection IP (GYNAEPIL Injection),GYNAEPIL,ANO43004R,ANO43004R,2024-04_central_nsq-p4-r22,true,2023-08,2025-07,08/2023,07/2025,"M/s. Psychotropics India Ltd., Plot No. 12, 12A, Industrial Park-2, Phase-1, Salempur, Mehdood-2, Haridwar-249403 (Uttarakhand)",psychotropics india ltd,"Description, Related Substances & Particulate Matter","CDL, Kolkata",,,,1.0
2024-04,central,nsq,false,data/raw/cdsco_alerts/central/2024-04_central_nsq.pdf,4,22,22,Tranexamic Acid Injection IP (GYNAEPIL Injection),GYNAEPIL,RDCPH23002,RDCPH23002,2024-04_central_nsq-p4-r22,true,2023-08,2025-07,08/2023,07/2025,"M/s. Psychotropics India Ltd., Plot No. 12, 12A, Industrial Park-2, Phase-1, Salempur, Mehdood-2, Haridwar-249403 (Uttarakhand)",psychotropics india ltd,"Description, Related Substances & Particulate Matter","CDL, Kolkata",,,,1.0
2024-04,central,nsq,false,data/raw/cdsco_alerts/central/2024-04_central_nsq.pdf,5,23,23,Carvedilol Tablets IP 6.25 mg (Carviv-6.5 TABLETS),Carviv-6.5,VDT-23931,VDT23931,,false,2023-10,2025-09,Oct-2023,Sep-2025,"M/s. Vidhyasha Pharmaceuticals, 28, Industrial Area, Johron Trilokpur Road, Kala Amb, Distt. Sirmour, H.P.- 173030",vidhyasha pharmaceuticals,Dissolution,"RDTL, Chandigarh",,,,1.0
2024-04,central,nsq,false,data/raw/cdsco_alerts/central/2024-04_central_nsq.pdf,5,24,24,"Terbutaline Sulphate, Ambroxol, Guaiphenesin and Menthol Syrup (Cufrish EXPECTORANT)",Cufrish EXPECTORANT,S-2245,S2245,,false,2023-11,2025-10,Nov-2023,Oct-2025,"M/s. Northern India Chemical Works Pvt.Ltd., V.Dantal, MRT-250001",northern india chemical works pvt ltd,pH,"RDTL, Chandigarh",,,,1.0
2024-04,central,nsq,false,data/raw/cdsco_alerts/central/2024-04_central_nsq.pdf,5,25,25,Clindamycin and Adapalene Gel (CLON-A Gel),CLON-A Gel,YEX-463,YEX463,,false,2024-01,2025-12,Jan-2024,Dec-2025,"M/s. Yaxon Biocare Pvt.Ltd., Plot No. 6, HSIIDC, Industrial Area Rai, Sonipat-131029 (HR).",yaxon biocare pvt ltd,Assay of Clindamycin Phosphate calculated as Clindamycin,"RDTL, Chandigarh",,,,1.0
2024-04,central,nsq,false,data/raw/cdsco_alerts/central/2024-04_central_nsq.pdf,5,26,26,Neostigmine Mehtysulphate Injection IP (N-MINE Injection),N-MINE,HINM23002B,HINM23002B,,true,2023-02,2025-01,Feb-2023,Jan-2025,"M/s. Health Biotech Ltd., Village Sandoli, Nalagarh Road, Baddi, Distt.Solan (H.P.) India-173205",health biotech ltd,Identification (A),"RDTL, Chandigarh",,,,1.0
2024-04,central,nsq,false,data/raw/cdsco_alerts/central/2024-04_central_nsq.pdf,5,27,27,Diphenhydramine Hydrochloride Capsules IP (XL Dryl-D Capsules),XL Dryl-D,CPD2401006,CPD2401006,,true,2024-01,2025-12,Jan-2024,Dec-2025,"M/s. Caspian Pharmaceuticals, Mauza Ogli, Suketi Road, Kala-Amb, Sirmaur-173030",caspian pharmaceuticals,Dissolution and Assay of Diphenhydramin e Hydrochloride,"RDTL, Chandigarh",,,,1.0
2024-04,central,nsq,false,data/raw/cdsco_alerts/central/2024-04_central_nsq.pdf,5,28,28,Cloxacillin Sodium Oral Suspension USP 125mg/5ml,,RD220020,RD220020,,false,2022-07,2024-06,Jul-2022,Jun-2024,"M/s. RIDLEY LIFE SCIENCE PVT. LTD., D-1651, DSIDC Indl.Complex, Narela, Delhi-110040",ridley life science pvt ltd,Assay of Cloxacillin Sodium calculated as Cloxacillin,"RDTL, Chandigarh",,,,1.0
2024-04,central,nsq,false,data/raw/cdsco_alerts/central/2024-04_central_nsq.pdf,6,29,29,Enteric Coated Rabeprazole Sodium and Domperidone (Sustained Release) Capsules (STOMCOOL DSR CAPSULES),STOMCOOL DSR,SCDSR24001,SCDSR24001,,true,2024-02,2026-01,Feb-2024,Jan-2026,"M/s. VIP Pharmaceuticals Pvt. Ltd., Village, Manpura, Tehsil Nalagarh, Distt. Solan-174101 (H.P.)",vip pharmaceuticals pvt ltd,Dissolution of Domperidone (8th hours) and Dissolution of Domperidone (12th hours),"RDTL, Chandigarh",,,,1.0
2024-04,central,nsq,false,data/raw/cdsco_alerts/central/2024-04_central_nsq.pdf,6,30,30,AMOXYCILLIN TRIHYDRATE I.P. (MARKMOX ORAL SUSPENSION I.P.),MARKMOX ORAL SUSPENSION I.P.,OD-598,OD598,,false,2023-04,2025-03,Apr-2023,Mar-2025,"M/s. J.R.S. ORYX PHARMACEUTICALS (P) LTD., 217-218, Sector-3, H.S.I.I.D.C., KARNAL-132001 (India)",j r s oryx pharmaceuticals ltd,Assay,"RDTL, Guwahati",,,,1.0
2024-04,central,nsq,false,data/raw/cdsco_alerts/central/2024-04_central_nsq.pdf,6,31,31,Amoxycillin Oral Suspension IP,,RD220034,RD220034,,false,2022-10,2024-09,Oct-2022,Sep-2024,"M/s. Ridley Life Science Pvt. Ltd., D-1651, DSIDC, Indl. Complex, Narela, Delhi- 110040",ridley life science pvt ltd,Assay/Content of Amoxycillin,"RDTL, Guwahati",,,,1.0
2024-04,central,nsq,false,data/raw/cdsco_alerts/central/2024-04_central_nsq.pdf,6,32,32,Telmisartan Tablets IP 40 mg. (Tzil 40),Tzil 40,189TTF002,189TTF002,,false,2023-01,2024-12,Jan-2023,Dec-2024,"M/s. Swiss Garniers Biotech Pvt. Ltd., 21, Industrial Area, Mehatpur, District-Una, Himachal Pradesh-174 315, INDIA.",swiss garniers biotech pvt ltd,Dissolution,"RDTL, Guwahati",,,,1.0
2024-04,central,nsq,false,data/raw/cdsco_alerts/central/2024-04_central_nsq.pdf,6,33,33,Amlodipine Besylate Tablets IP 5 mg,,1125,1125,,false,2023-11,2026-10,Nov-2023,Oct-2026,"M/s.Brilliant Lifesciences Pvt Ltd., At Chuval Dangarwa, Ta : Detroj Dist: Ahmedabad (Guj) India B. STATE LABORATORIES",brilliant lifesciences pvt ltd,Dissolution,"CDTL, Indore",,,,1.0
2024-04,central,nsq,false,data/raw/cdsco_alerts/central/2024-04_central_nsq.pdf,7,34,1,Ceftriaxone Injection IP 250 mg (JKMSCL Hospital Supply),JKMSCL Hospital Supply,HD1607F,HD1607F,,false,,,,,M/s. Himalaya Meditek Pvt Ltd Plot No. 35 & 36 Pharmacity Selaqui Ind. Area Dehradun - 248197,himalaya meditek pvt ltd plot no 35 36 pharmacity selaqui ind area dehradun 248197,The sample fails in Uniformaity of weights & Assay/Contents are found less than the label claim,State Drugs Testing Laboratory Srinagar (Jammu & Kashmir),,,,1.0
2024-04,central,nsq,false,data/raw/cdsco_alerts/central/2024-04_central_nsq.pdf,7,35,2,Exudase DP,,03023118,03023118,,false,,,,,"M/s. Ravenbhel Healthcare Pvt Ltd . 16-17, EPIP, SIDCO Kartholi Bari Brahmana Jammu -1881133 Mrk. By: Ravenbhel Pharmaceuticals (P) Ltd 7-A, Baba Budha Avenue G.T Road Amritsar-143001",ravenbhel healthcare pvt ltd 16 17,"The sample fails in the test, “Description of tablets”.",State Drugs Testing Laboratory Srinagar (Jammu & Kashmir),,,,1.0
2024-04,central,nsq,false,data/raw/cdsco_alerts/central/2024-04_central_nsq.pdf,7,36,3,Rabeprazole Sodium Tablets IP 20mg (RAB 20mg),,UTGRBB304,UTGRBB304,,true,,,,,"M/s. Khandelwal Laboratories Pvt. Ltd., Plot No. 20, Sector-6, IIE, Sidcul, Pantnagar, U. S. Nagar-Uttarakhand, 263153",khandelwal laboratories pvt ltd,does not comply to IP Standards with respect to dissolution test,"State Food & Drugs Laboratory, Bambolim, Goa",,,,1.0
2024-04,central,nsq,false,data/raw/cdsco_alerts/central/2024-04_central_nsq.pdf,8,37,4,Rabeprazole Sodium Tablets IP (CYRA),CYRA,CA21880,CA21880,,false,,,,,"M/s. Mepro Pharmaceuticals Pvt. Ltd.; (Unit II), Q Road, Phase IV, GIDC, hwan-363035, Dist. Surendranagar, Gujarat.",mepro pharmaceuticals pvt ltd,does not conform to IP Standards with respect to the test for dissolution,"State Food & Drugs Laboratory, Bambolim, Goa",,,,1.0
2024-04,central,nsq,false,data/raw/cdsco_alerts/central/2024-04_central_nsq.pdf,8,38,5,Metronidazole Tablets IP 200 mg,,2869A,2869A,,false,,,,,"M/s. Arco Pharma Pvt Ltd, 1,2,3, Akshay Industrial Estate, Vasai, Palghar (M.S)",arco pharma pvt ltd,It fails the test ‘Dissolution’ as per IP,"State Drugs Testing Laboratory Thiruvananth apuram, Kerala",,,,1.0
2024-04,central,nsq,false,data/raw/cdsco_alerts/central/2024-04_central_nsq.pdf,8,39,6,Ciprofloxacin Tablets IP 500 mg,,CPT23022,CPT23022,,true,,,,,"M/s. Vivek Pharmachem (India) Ltd, NH-8, Chimanpura, Amer, Jaipur-303102",vivek pharmachem ltd,It fails the test ‘Dissolution’ as per IP,"State Drugs Testing Laboratory Thiruvananth apuram, Kerala",,,,1.0
2024-04,central,nsq,false,data/raw/cdsco_alerts/central/2024-04_central_nsq.pdf,8,40,7,Bimatoprost Eye Drops 3 ml,,CHE-3036,CHE3036,,false,,,,,"M/s. Cotec Healthcare Pvt.Ltd, K.H.No. 593/1 Roorkee , Dehradun , High way, Kishanpur, Roorkee-247667 Uttarakhand",cotec healthcare pvt ltd,It fails the test ‘Sterility’ as per IP,"State Drugs Testing Laboratory Thiruvananth apuram, Kerala",,,,1.0
2024-04,central,nsq,false,data/raw/cdsco_alerts/central/2024-04_central_nsq.pdf,8,41,8,Frusemide Injection IP 20 mg,,FRIA-11,FRIA11,,false,,,,,"M/s. Nestor Pharmaceuticals Ltd, 11, Western Extension Area, Faridabad -121001",nestor pharmaceuticals ltd,It fails the test ‘Sterility’ as per IP,"State Drugs Testing Laboratory Thiruvananth apuram, Kerala",,,,1.0
2024-04,central,nsq,false,data/raw/cdsco_alerts/central/2024-04_central_nsq.pdf,9,42,9,Salbutamol Nebuliser Solution BP,,D 2259/23-24,D22592324,,true,,,,,"Supplied by M/s. Kerala Medical services Corporation Limited, Thycaud P.O, Thiruvananthapuram",supplied by m s kerala medical services corporation limited,It fails the test Acidity pH as per BP,"State Drugs Testing Laboratory Thiruvananth apuram, Kerala",,,,1.0
2024-04,central,nsq,false,data/raw/cdsco_alerts/central/2024-04_central_nsq.pdf,9,43,10,Warfarin sodium Tablet IP 5 mg,,TW250004,TW250004,,false,,,,,"M/s. Centurion Remedies pvt.Ltd, G/5, G/6, Idl.Estate, Gorwa, Vadodara 390016",centurion remedies pvt ltd,It fails the ‘Description’.,"State Drugs Testing Laboratory Thiruvananth apuram, Kerala",,,,1.0
2024-04,central,nsq,false,data/raw/cdsco_alerts/central/2024-04_central_nsq.pdf,9,44,11,Amloheart-AT [Amlodipine Besylate and Atenolol Tablets],,LE 223030,LE223030,,false,,,,,"M/s. Lividus Pharmaceuticals pvt.Ltd, ikeva level 2, Agnito Tech Park, 141, Kandanchavadi, Near Perungudi, OMR, Chennai- 600096",lividus pharmaceuticals pvt ltd,It fails the test ‘Assay’ as per IP,"State Drugs Testing Laboratory Thiruvananth apuram, Kerala",,,,1.0
2024-04,central,nsq,false,data/raw/cdsco_alerts/central/2024-04_central_nsq.pdf,9,45,12,Bupivacaine Hydrochloride in Dextrose Inj. USP 0.50% 4 ml Amp,,D2258/23-24,D22582324,,true,,,,,"Supplied by M/s. Kerala Medical services Corporation Limited, Thycaud P.O, Thiruvananthapuram",supplied by m s kerala medical services corporation limited,It fails the test Sterility as per USP,"State Drugs Testing Laboratory Thiruvananth apuram, Kerala",,,,1.0
2024-04,central,nsq,false,data/raw/cdsco_alerts/central/2024-04_central_nsq.pdf,9,46,13,Mucoid-A [Acetyl Cysteine & Ambroxol HCL Tablets ],,MTT-6856,MTT6856,,false,,,,,"M/s. MDC Pharmaceuticals Ltd, Unit-II, sai Road, Baddi-173 205",mdc pharmaceuticals ltd,The content of active ingredients is not within the limits of Schedule V of Drugs and cosmetic act and rules there under,"State Drugs Testing Laboratory Thiruvananth apuram, Kerala",,,,1.0
2024-04,central,nsq,false,data/raw/cdsco_alerts/central/2024-04_central_nsq.pdf,10,47,14,Sallaki Tablets,,AB 23055,AB23055,,false,,,,,"M/s. Gufic Biosciences Limited, 703, Udayambag, Belgaum, Karnataka",gufic biosciences limited,The sample fails the test Disintegration as per API,"State Drugs Testing Laboratory Thiruvananth apuram, Kerala",,,,1.0
2024-04,central,nsq,true,data/raw/cdsco_alerts/central/2024-04_central_nsq.pdf,10,48,15,Panion Tablets,,7964,7964,,false,,,,,"M/s. Win Trust Pharmaceuticals Ltd. Dugri, Dhandra Road, Ludhiana",win trust pharmaceuticals ltd dugri,The sample is an Ayurvedic preparation It gives positive result for the presence of Diclofenac Sodium (Allopathic drug) and hence declared as Not of Standard Quality. The sample is a spurious drug.,"State Drugs Testing Laboratory Thiruvananth apuram, Kerala",,,,1.0
2024-04,central,nsq,false,data/raw/cdsco_alerts/central/2024-04_central_nsq.pdf,10,49,16,Paracetamo Paediatric Oral Suspension IP 125 mg/ml,,L-0475,L0475,,false,,,,,"Quest laboratories Pvt. Ltd., Plot No. 45, Sector III, Pithampur, Dist. Dhar- 454 775",quest laboratories pvt ltd,The Sample failed in description,MP State lab reported on 19.04.2024,,,,1.0
2024-04,central,nsq,false,data/raw/cdsco_alerts/central/2024-04_central_nsq.pdf,11,50,17,Paracetamo Paediatric Oral Suspension IP 250 mg/ml,,21350,21350,,false,,,,,"Zenith Drugs Pvt. Ltd. , 75/5, Muradpura(Orangepura), Dhar Road , Near Kalaria, Indore 453 001",zenith drugs pvt ltd,The Sample failed in description,MP State lab reported on 19.04.2024,,,,1.0
2024-05,central,nsq,false,data/raw/cdsco_alerts/central/2024-05_central_nsq.pdf,1,1,1,"Terbutaline Sulfate,Bromhexin e Hydrochloride with Guaiphenesin Syrup",,VS16010,VS16010,,false,2024-01,2026-12,01-01-2024,01-12-2026,"Priya Life Science,174-A, 175,Siddhi Industrial Infrastructure Park, Opp. Waghodia GIDC, Waghodia",priya life science,The sample does not conform to Manufacturer's Specification with respect to the Assay of Bromhexine Hydrochloride and Terbutaline Sulphate.,"Central Drugs Laboratory, Kolkata",,,,1.0
2024-05,central,nsq,false,data/raw/cdsco_alerts/central/2024-05_central_nsq.pdf,1,2,2,METOPROLOL SUCCINATE EXTENDED RELEASE TABLETS IP,,GT3J026,GT3J026,,false,2023-10,2025-09,01-10-2023,30-09-2025,"Scott-Edil PharmaciaLtd.,56, EPIP., Phase-I, Jharmajri,Baddi, Distt.Solan-173 205, (H.P.),INDIA",scott edil pharmacialtd,"The sample does not conforms to claim as per I.P.2022inrespectto the Test of Dissolution (1Hr),Dissolution(4 Hours)","Central Drugs Laboratory, Kolkata",,,,1.0
2024-05,central,nsq,false,data/raw/cdsco_alerts/central/2024-05_central_nsq.pdf,1,3,3,Cuftin COUGH LINCTUS,,ECT-2421,ECT2421,,true,2023-09,2025-08,01-09-2023,31-08-2025,"ELFOS LABORATORIES,at :F-54,M.I.Area, JAIPUR-17",elfos laboratories,The sample does not conforms to claim as per Patent and Proprietary in respect to the Assay of Sodium Citrate,"RDTL , Chandigarh",,,,1.0
2024-05,central,nsq,false,data/raw/cdsco_alerts/central/2024-05_central_nsq.pdf,1,4,4,CefuroximeAxetil Tablets IP,,DB230304,DB230304,,true,2023-12,2025-11,01-12-2023,30-11-2025,"Daxin Pharmaceuticals Pvt.Ltd.,PlotNo 121-122 EPIP, Jharmajri Phase 1, Teh. Baddi, Distt. Solan (H.P.) - 174103",daxin pharmaceuticals pvt ltd,The sample does not conforms to claim as per IP 2022in respect to the Test of Dissolution of Cefuroxime Axetil equivalent to Cefuroxime,"Central Drugs Laboratory, Kolkata",,,,1.0
2024-05,central,nsq,false,data/raw/cdsco_alerts/central/2024-05_central_nsq.pdf,1,5,5,"LevosalbutamolSul phate,AmbroxolHC L,Guaiphenesin Syrup",,5346,5346,,false,2024-03,2026-02,07-03-2024,04-02-2026,"Esquire Drug House,138, GIDC, Estate,Wadhwan City, District Surendranagar 363035 (Gujarat)",esquire drug house,"The sample does not conform to claim as per Schedule V of Drugs & Cosmetics Act with respect to Assay of Levosalbutamol Sulphate Equivalent to Levosalbutamol. NB:The sample does not give positive test for Diethylene glycol and is found to contain 0.0071 % w/v Ethylene glycol; (Limit NMT 0.1% w/v, Method: GC, Ref: USP under the monograph of Propylene glycol,)","Central Drugs Laboratory, Kolkata",,,,1.0
2024-05,central,nsq,false,data/raw/cdsco_alerts/central/2024-05_central_nsq.pdf,2,6,6,Acetylsalicylic Acid Tablets 75 mg,,JTN23-211,JTN23211,,true,2023-07,2026-06,05-07-2023,03-06-2026,"AK Krishna Pharma Pvt.Ltd.,Plot No. 68, 69 &82,83 Sector-6A, Sidcul, IIE, Dist. Haridwar, Uttarakhand, India.",ak krishna pharma pvt ltd,Sample does not conforms to IP with respect to test for Dissolution.,"Central Drugs Laboratory, Kolkata",,,,1.0
2024-05,central,nsq,false,data/raw/cdsco_alerts/central/2024-05_central_nsq.pdf,2,7,7,LactuloseSolution U.S.P.,,GA23127,GA23127,,true,2023-11,2025-10,02-11-2023,07-10-2025,"Skymap Pharmaceuticals Pvt. Ltd.,B-3, Dev Bhoomi Industrial Estate, PuhanaIqbalpur Road, Roorkee-247667",skymap pharmaceuticals pvt ltd,The sample does not conforms to claim as per U.S.P.in respect to the Assay.,"Central Drugs Laboratory, Kolkata",,,,1.0
2024-05,central,nsq,false,data/raw/cdsco_alerts/central/2024-05_central_nsq.pdf,2,8,8,"Terbutaline Sulphate, Bromhexine Hydrochloride, Guaiphenesinand Menthol Syrup",,23D-20,23D20,,false,2023-04,2025-03,01-04-2023,31-03-2025,"RADICALS PHARMAPVT. LTD.,194, Mile Stone, Ambala- Delhi Highway, Shahpur,Ambala Cantt-133 004 (Hry.)",radicals pharmapvt ltd,"The sample does not conforms to claim as per Patent and Proprietary (RDTL/MS/3286)in respect to the Assay of Terbutaline Sulphate, Bromhexine Hydrochloride","RDTL, Chandigarh",,,,1.0
2024-05,central,nsq,false,data/raw/cdsco_alerts/central/2024-05_central_nsq.pdf,2,9,9,Prednisolone TabletsIP10mg,,PRDT-1007,PRDT1007,,true,2022-11,2024-10,01-11-2022,31-10-2024,"WINGSBIOTECH LLP,43 & 44, HPSIDC,Industrial Area, Baddi - 173205 (H.P.)",wingsbiotech llp,The sample does not conforms to claim as per IP 2018 and Addendum 2021 in respect to the Assay of Prednisolone,"RDTL, Chandigarh",,,,1.0
2024-05,central,nsq,false,data/raw/cdsco_alerts/central/2024-05_central_nsq.pdf,3,10,10,"Mecobalamin, AlphaLipoicAcid, Pyridoxine Hydrochlorideand Folic Acid Soft Gelatin Capsules",,DBIS-8591,DBIS8591,,true,2023-11,2025-10,02-11-2023,08-10-2025,"Broad Injectables,PlotNo. 51-52, Ind. Area TahliwalDistt. Una 174301 (H.P.)",broad injectables,The sample does not conforms to claim as per Schedule V of Drugs and Cosmetics Act with respect to the Assay/content of Mecobalamin and PyridoxineHydrochloride,"Central Drugs Laboratory, Kolkata",,,,1.0
2024-05,central,nsq,false,data/raw/cdsco_alerts/central/2024-05_central_nsq.pdf,3,11,11,TELMISARTAN ANDAMLODIPINE TABLETS IP,,TE3016A,TE3016A,,false,2023-05,2025-04,01-05-2023,30-04-2025,"M/s. NavkarLifesciences,Plot No. 76, LodhiMajra, Industrial Area, Baddi, Distt. Solan (H.P.)",navkarlifesciences,The sample received DOES NOT CONFORM toI.P.2022Specification with respect to the test parameters Dissolution and Assay of Amlodipine Besylate equivalent to Amlodipinecontentonly. CDTLHREPORTNO.: CDTLH/1510/F-1068/2023-24,"CDTL, Hyderabad",,,,1.0
2024-05,central,nsq,false,data/raw/cdsco_alerts/central/2024-05_central_nsq.pdf,3,12,12,Cefoperazone& Sulbactam for Injection,,B-22680D,B22680D,,true,2023-01,2024-12,01-01-2023,02-12-2024,"Pace Biotech, Surajpur, Paonta Sahib, Dist-Sirmour (H.P)- 173001",pace biotech,"The sample does not conforms to claim as per The Schedule V of The Drugs and Cosmetics Act,1940withrespectto the Test for 'Clarity of solution' and' Particulate matter'","Central Drugs Laboratory, Kolkata",,,,1.0
2024-05,central,nsq,false,data/raw/cdsco_alerts/central/2024-05_central_nsq.pdf,3,13,13,Cefotaxime InjectionIP500mg,,CTI23081,CTI23081,,true,2023-08,2025-01,08-08-2023,07-01-2025,"M/s. Vivek Pharmachem (India) Ltd., NH-8, Chimanpura, Amer, Jaipur-303 102 INDIA",vivek pharmachem ltd,"The sample does not conforms to I.P. with respect to the Test for 'Related Substances', 'Particulate matter' and 'Clarity of solution'","Central Drugs Laboratory, Kolkata",,,,1.0
2024-05,central,nsq,false,data/raw/cdsco_alerts/central/2024-05_central_nsq.pdf,4,14,14,Dexamethasone SodiumPhosphate Injection I.P,,DSA12313,DSA12313,,true,2023-07,2025-06,06-07-2023,04-06-2025,"M/s Nandani Medical Laboratories Pvt. Ltd.,,221/5,Bicholi Hapsi, Kanadia Road, Indore",nandani medical laboratories pvt ltd,The sample does not conforms to IP with respect to Assay/ content of Dexamethasone Phosphate,"Central Drugs Laboratory, Kolkata",,,,1.0
2024-05,central,nsq,false,data/raw/cdsco_alerts/central/2024-05_central_nsq.pdf,4,15,15,Amoxycillin&Potas sium Clavulanate InjectionIP1.2gm,,23AP04,23AP04,,false,2023-05,2025-04,03-05-2023,02-04-2025,"SAI Parenterals Limited,,D1&D4, Survey No.280,Phase-V, IDA, Jeedimetla, Hyderabad, 500055, TS",sai parenterals limited,The sample does not conforms to claim as per I.P. 2022 in respect to the Test of Clarity of solution and Assay of Potassium Clavulanate calculated as Clavulanic Acid,"Central Drugs Laboratory, Kolkata",,,,1.0
2024-05,central,nsq,false,data/raw/cdsco_alerts/central/2024-05_central_nsq.pdf,4,16,16,TELMISARTAN AND METOPROLOL SUCCINATE (EXTENDED RELEASE) TABLETS,EXTENDED RELEASE,BD231780H,BD231780H,,true,2023-12,2025-11,01-12-2023,30-11-2025,"BIOALTUS PHARMACEUTICA LS PRIVATE LIMITED,(A WHO GMP CERTIFIED COMPANY) At: 19-20, DIC, Ind. Area, Baddi, Distt. Solan, (H.P.) 173205",bioaltus pharmaceutica ls private limited,NOTE: THE SAMPLE RECEIVED DOES NOT CONFORM TO MANUFACTURERS SPECIFICATION WITH RESPECT TO THE TEST FOR DISSOLUTION FOR THE CONTENT OF METOPROLOL SUCCINATE EQUIVALENT TO METOPROLOL TARTRATE(EXTENDED RELEASE) AT THE FINAL TEST TIME (20th HOUR) OF L1+L2+L3 LEVEL ONLY. CDTLHREPORTNO.: CDTLH/1527/F-,"CDTL, Hyderabad",,,,1.0
2024-05,central,nsq,false,data/raw/cdsco_alerts/central/2024-05_central_nsq.pdf,4,17,17,Pantoprazole Tablets I.P..,,PAA-507,PAA507,,false,2023-06,2025-05,01-06-2023,31-05-2025,"Healers Lab, Unit II, Plot No. 33, H.P.S.I.D.C., Extn., Baddi, Distt.Solan (H.P.)",healers lab,The sample Does not complies conforms to Manufacturer Specification with respect to the above tests only.,"RDTL, Guwahati",,,,1.0
2024-05,central,nsq,false,data/raw/cdsco_alerts/central/2024-05_central_nsq.pdf,5,18,18,Pantoprazole Tablets I.P..,,PAA-507,PAA507,,false,2023-06,2025-05,01-06-2023,31-05-2025,"Healers Lab, Unit II,Plot No. 33, H.P.S.I.D.C., Extn., Baddi,Distt.Solan (H.P.)",healers lab,The sample Does not complies conforms to Manufacturer Specification with respect to the above tests only.,"RDTL, Guwahati",,,,1.0
2024-05,central,nsq,false,data/raw/cdsco_alerts/central/2024-05_central_nsq.pdf,5,19,19,"Ambroxol HCl, Levosalbutamoland Guaiphenesin Syrup",,VDL-1240,VDL1240,,true,2022-07,2024-06,01-07-2022,30-06-2024,"VVPB Pharmaceuticals Pvt. Ltd.,Kh. No. 114, Vill. Damowala, P.O. Barotiwala, Baddi, Distt. Solan (H.P.)",vvpb pharmaceuticals pvt ltd,The sample does not conforms to claim as per Patent and Proprietary in respect to the Test of Diethylene Glycol (DEG) and Assay of Ambroxol Hydrochloride,"RDTL, Chandigarh",,,,1.0
2024-05,central,nsq,false,data/raw/cdsco_alerts/central/2024-05_central_nsq.pdf,5,20,20,Dexamethasone Sodium Phosphate Injection I.P. (8mg/2ml),,323-885,323885,,false,2023-08,2025-07,03-08-2023,09-07-2025,"ZEE LABORATORIES LTD.,Behind47, Industrial Area, Paonta Sahib-173025",zee laboratories ltd,"The sample does not conforms to IP with respect to test for ""Free Dexamethasone"", ""Particulate matter,"", ""Extractable volume"" ,""Assay of Dexamethasone Sodium Phosphate calculated as Dexamethasone Phosphate"" and is also not of standard quality for the reason stated under ""Description"".","Central Drugs Laboratory, Kolkata",,,,1.0
2024-05,central,nsq,false,data/raw/cdsco_alerts/central/2024-05_central_nsq.pdf,5,21,21,Dexamethasone Sodiumphosphate Injection IP,,DX-2305,DX2305,,false,2023-05,2025-04,05-05-2023,04-04-2025,"M/s.Konis Pharmaceuticals, Krishna Nagar - 522502 (A.P.)",konis pharmaceuticals,The sample does not conforms to claim as per IP2022 in respect to the Test of Description and Particulate matter,"Central Drugs Laboratory, Kolkata",,,,1.0
2024-05,central,nsq,false,data/raw/cdsco_alerts/central/2024-05_central_nsq.pdf,5,22,22,Paracetamol 500 mg. Tablets,,PAR-31,PAR31,,false,2023-08,2026-07,01-08-2023,31-07-2026,"ASKON HEALTH CARE,11-B, INDUSTRIAL AREA, MAXI ROAD,UJJAIN-456010(M.P.)",askon health care,The sample Does not Complies conforms to I.P. with respect to the above tests only.,"RDTL, Guwahati",,,,1.0
2024-05,central,nsq,false,data/raw/cdsco_alerts/central/2024-05_central_nsq.pdf,6,23,23,Ofloxacin Ornidazole Tablets IP,,AD24059,AD24059,,false,2024-04,2026-03,01-04-2024,31-03-2026,"Skymap Pharmaceuticals Pvt. Ltd.,(A WHO-GMP Certified Company)B-3,Dev Bhoomi Industrial Estate, PuhanaIqbalpur Road, Roorkee-247667",skymap pharmaceuticals pvt ltd,"Note: the sample received does not conformtoi.p.2022 specification with respect to the test for dissolution for the content of ofloxacin and ornidazole ( s1, s2 and s3 level) only. Cdtlh report no.: cdtlh/0131/f-","CDTL, Hyderabad",,,,1.0
2024-05,central,nsq,false,data/raw/cdsco_alerts/central/2024-05_central_nsq.pdf,6,24,24,Vildagliptinand Metformin Hydrochloride Tablets IP 50mg/1000mg,,VMC04G23A,VMC04G23A,,true,2023-10,2025-09,01-10-2023,30-09-2025,"Bajaj Healthcare Ltd.,R.S.No.1818, Manjusar – Savli Road, At & Post- Manjusar, Tal. Savli, Dist. Vadodara- 391775.",bajaj healthcare ltd,The sample does not conform to IP with respect to the test for Dissolution and Assay of Vildagliptin.,"Central Drugs Laboratory, Kolkata",,,,1.0
2024-05,central,nsq,false,data/raw/cdsco_alerts/central/2024-05_central_nsq.pdf,6,25,25,Amoxycillin & Potassium Clavulanate Tablets I.P..,,TCV-2303003,TCV2303003,,true,2023-03,2025-02,01-03-2023,28-02-2025,"Rivpra FormulationPvt.Ltd.,Plot No.8, Sector-6A, I.I.E. SIDCUL, Haridwar- 249 403 (U.K.)",rivpra formulationpvt ltd,The sample does not conform to I.P. with respect to the test for Assay.,"RDTL, Guwahati",,,,1.0
2024-05,central,nsq,false,data/raw/cdsco_alerts/central/2024-05_central_nsq.pdf,6,26,26,Clonazepam TabletsI.P.0.5mg,,04L23T03,04L23T03,,true,2023-12,2026-11,06-12-2023,04-11-2026,"M/s. Shine Pharmaceuticals Limited,, PlotNo. 132, Karjan- Vermardi Road, Juni Jitherdi, Ta. Karjan-391240, Dist: Vadodara, (Gujarat).",shine pharmaceuticals limited,The sample does not conforms to claim as per IP in respect to The Test of Related Substances,"Central Drugs Laboratory, Kolkata",,,,1.0
2024-05,central,nsq,false,data/raw/cdsco_alerts/central/2024-05_central_nsq.pdf,6,27,27,Metronidazole Extended Release Tablets USP 600 MG,,TC-060323,TC060323,,true,2023-03,2025-02,03-03-2023,04-02-2025,"Technica Lab & Pharma Pvt.Limited, Plot No. 100, Sector- 7, IIE, SIDCUL ,Haridwar, Uttarakhand",technica lab pharma pvt limited,The sample does not conform to U.S.P with respect to the test of Dissolution.,"Central Drugs Laboratory, Kolkata",,,,1.0
2024-05,central,nsq,false,data/raw/cdsco_alerts/central/2024-05_central_nsq.pdf,7,28,28,Diclofenac Sodium and Paracetamol Tablets IP,,RCT23050,RCT23050,,true,2023-06,2026-02,09-06-2023,04-02-2026,"Galpha Laboratories Limited..,Village - Thana, Baddi, Himachal Pradesh- 173 205..",galpha laboratories limited,The sample does not conforms to claim as per IP in respect to the Test of Description,"Central Drugs Laboratory, Kolkata",,,,1.0
2024-05,central,nsq,false,data/raw/cdsco_alerts/central/2024-05_central_nsq.pdf,7,29,29,Atropine Sulphate Injection IP,,23UG18,23UG18,,false,2023-07,,01-07-2023,30-062025,"SVP LIFE SCIENCES,C/10-1 Sara Industrial Estate, Selaqui, Dehradun",svp life sciences,The sample does not conforms to claim as per IP2022in respect to the Test of pH and Assay of Atropine Sulphate,"RDTL , Chandigarh",,,,0.7
2024-05,central,nsq,false,data/raw/cdsco_alerts/central/2024-05_central_nsq.pdf,7,30,30,Montelukast Sodium & Levocetirizine Hydrochloride Tablets,,ATA-176,ATA176,,false,2023-02,2025-01,01-02-2023,31-01-2025,"Alliaance Biotech,,440/3, Village Katha, Baddi, Distt.Solan (HP) - 173205",alliaance biotech,The sample does not conform to I.P. with respect to the above tests only.,"RDTL, Guwahati",,,,1.0
2024-05,central,nsq,false,data/raw/cdsco_alerts/central/2024-05_central_nsq.pdf,7,31,31,Fluconazole Tablets IP (150 mg)..,,UGT23338,UGT23338,,true,2023-03,2025-02,01-03-2023,28-02-2025,"Unimark Healthcare Ltd., Plot No.: 24, 25 & 37 Sector 6 A, SIDCUL, Haridwar - 249403 (Uttarakhand)",unimark healthcare ltd,The sample received does not conform to the I.P.2022 standard with respect to the test for Related substances.,"CDTL, Mumbai",,,,1.0
2024-05,central,nsq,false,data/raw/cdsco_alerts/central/2024-05_central_nsq.pdf,7,32,32,Ceftriaxone Injection I.P,,324-166,324166,,false,2024-02,2026-07,02-02-2024,07-07-2026,"Zee Laboratories Limited,,Behind47, Industrial Area, Paonta Sahib- 173205.",zee laboratories limited,"The sample does not complies to claim as per IP 2022in respect of test for appearance of solution, clarity of solution, particulate matter and sterility (Powder for Injection).","Central Drugs Laboratory, Kolkata",,,,1.0
2024-05,central,nsq,false,data/raw/cdsco_alerts/central/2024-05_central_nsq.pdf,7,33,33,Ramipril & Hydrochlorthiazide Tablets IP,,PT-31954,PT31954,,true,2023-07,2025-06,01-07-2023,01-06-2025,"PharmarootsHealthcare, Khasra No. 411, Village Tipra, P.O. Barotiwala, Tehsil Baddi,Distt.Solan, H.P.",pharmarootshealthcare,The sample received does not conform to the I.P.2022standardwith respect to the test for assay of Ramipril. Note:-Other test could not be done due to technical reason,"CDTL,Mumbai",,,,1.0
2024-05,central,nsq,false,data/raw/cdsco_alerts/central/2024-05_central_nsq.pdf,8,34,34,GLIPIZIDEAND METFORMIN TABLETS IP,,4010026,4010026,,false,2023-11,2025-04,08-11-2023,03-04-2025,"USV Private Limited,At : B- 249/B-250, IInd Stage, Peenya Industrial Estate, Bangalore-560 058",usv private limited,The sample does not conform to claim I.P. with respect to the test for Dissolution of Glipizide,"CDL, Kolkata",,,,1.0
2024-05,central,nsq,false,data/raw/cdsco_alerts/central/2024-05_central_nsq.pdf,8,35,35,Ceftriaxone for InjectionI.P.1gm,,DC30119,DC30119,,true,2023-10,2025-09,05-10-2023,09-09-2025,"Captab Biotec, Unit- II, Plot No.125, E.P.I.P. Road, Mauja, Jharmajri, Baddi, Distt. Solan, H.P.",captab biotec,"The sample does not conforms to I.P. with respect to test for ""Particulate Matter","CDL, Kolkata",,,,1.0
2024-05,central,nsq,false,data/raw/cdsco_alerts/central/2024-05_central_nsq.pdf,8,36,36,Gentamicin Sulphate Injection I.P. 2ml,,323-216,323216,,false,2023-03,2025-02,03-03-2023,05-02-2025,"ZEE LABORATORIES LTD., Behind 47, Indl. Area, Paonta Sahib-173025",zee laboratories ltd,"The sample does not conforms to I.P. with respect to the test for ""Particulate matter"" and is also not of standard quality for the reason stated under ""Description""","CDL, Kolkata",,,,1.0
2024-05,central,nsq,false,data/raw/cdsco_alerts/central/2024-05_central_nsq.pdf,8,37,37,Calcium 500 mg withVitaminD3250 IU Tablets IP,,LMT240263,LMT240263,,true,2023-03,2026-02,01-03-2023,28-02-2026,"Life Max Cancer Laboratories , Plot No. 106 & 106 A, Sector-6A, IIE, SIDCUL, Haridwar- 249403 (U.K)",life max cancer laboratories,The sample Does not Complies conforms to I.P. with respect to the above tests only.,"RDTL, Guwahati",,,,1.0
2024-05,central,nsq,false,data/raw/cdsco_alerts/central/2024-05_central_nsq.pdf,8,38,38,Cefixime & Ofloxacin Tablets,,DB230057,DB230057,,true,2023-02,2025-01,02-02-2023,01-01-2025,"Daxin Pharmaceuticals Pvt.Ltd.,PlotNo 121-122 EPIP, Jharmajri Phase1, Teh. Baddi, Distt. Solan (H.P.) -174103",daxin pharmaceuticals pvt ltd,The sample does not conforms to claim as per Schedule V of Drugs & Cosmetics Act with respect to the Assay of Cefixime Trihydrate eq. to anhydrous Cefixime and Assay of Ofloxacin,"CDL, Kolkata",,,,1.0
2024-05,central,nsq,false,data/raw/cdsco_alerts/central/2024-05_central_nsq.pdf,8,39,39,Ceftriaxone Injection IP,,C2402-02F,C240202F,,true,2024-02,2026-01,02-02-2024,05-01-2026,"Integrated Laboratories Pvt. Ltd., Nahan Road. Vill. Moginand, Kala Amb, Distt. Sirmour (H.P.)- 173030",integrated laboratories pvt ltd,"The sample does not conform to IP with respect to the Particulate matter, Clarity of Solution and for the reason stated under Description","Central Drugs Laboratory, Kolkata",,,,1.0
2024-06,central,nsq,false,data/raw/cdsco_alerts/central/2024-06_central_nsq.pdf,1,1,1,Propylene Glycol I.P.,,PG-IP/2023-24/2355,PGIP2023242355,,true,2023-11,2028-10,11/2023,10/2028,"M/s. Manali Petrochemicals Ltd., Manali, Chennai-600068, India",manali petrochemicals ltd,Relative Density,"CDL, Kolkata",,,,1.0
2024-06,central,nsq,false,data/raw/cdsco_alerts/central/2024-06_central_nsq.pdf,1,2,2,Propylene Glycol USP/IP,,BT1205B04072023,BT1205B04072023,,true,2023-07,2024-07,07/2023,07/2024,"M/s. Balaji Amines Limited, Plot No. F-104, Chinchoili M.I.D.C., Tq. Mohol, Distt. Solapur - 413 255, Maharastra",balaji amines limited,Relative Density,"CDL, Kolkata",,,,0.8
2024-06,central,nsq,false,data/raw/cdsco_alerts/central/2024-06_central_nsq.pdf,1,3,3,"Compound Sodium Lactate Injection I.P., 500 ml (Ringer Lactate Solution for Injection)",Ringer Lactate Solution for,P240105008,P240105008,,true,2024-01,2025-12,01/2024,12/2025,"M/s. Vision Parenteral Pvt. Ltd., A-2-44, 45, Sector-15, GIDA Industrial Area, Gorakhpur -273209 (U.P.), India",vision parenteral pvt ltd,Bacterial endotoxins,"CDL, Kolkata",,,,1.0
2024-06,central,nsq,false,data/raw/cdsco_alerts/central/2024-06_central_nsq.pdf,1,4,4,Esomeprazole Gastro-Resistant Tablets IP 40 mg (Esomedge-40),Esomedge-40,GD23083,GD23083,,false,2023-07,2025-06,07/2023,06/2025,"M/s. GlenSmith Labs Private Limited, Mfg. by: Skymap Pharmaceuticals Pvt. Ltd., B-3, Dev Bhoomi Industrial Estate, Puhana Iqbalpur Road, Roorkee 247 667.",glensmith labs private limited,Dissolution,"CDL, Kolkata",,,,1.0
2024-06,central,nsq,false,data/raw/cdsco_alerts/central/2024-06_central_nsq.pdf,2,5,5,Gentamicin Sulphate Injection I.P. 2 ml,,323-216,323216,,false,2023-03,2025-02,03/2023,02/2025,"M/s. Zee Laboratories Ltd., Behind 47, Indl. Area, Paonta Sahib - 173025",zee laboratories ltd,Description & Particulate matter,"CDL, Kolkata",,,,1.0
2024-06,central,nsq,false,data/raw/cdsco_alerts/central/2024-06_central_nsq.pdf,2,6,6,Frusemide Injection IP 2 ml (FRUSEMIDE),FRUSEMIDE,FRA12347,FRA12347,,false,2023-12,2025-11,12/2023,11/2025,"M/s. Nandani Medical Laboratories Pvt. Ltd., 221/5, Bicholi Hapsi, Kanadia Road, Indore",nandani medical laboratories pvt ltd,pH,"CDL, Kolkata",,,,1.0
2024-06,central,nsq,false,data/raw/cdsco_alerts/central/2024-06_central_nsq.pdf,2,7,7,Ceftriaxone for Injection I.P. 1 gm,,DC30119,DC30119,,false,2023-10,2025-09,10/2023,09/2025,"M/s. Captab Biotec Unit-II, Plot No-125, E.P.I.P Road, Mauja Jharmajri, Baddi, Distt.-Solan H.P.",captab biotec unit ii,Particulate matter,"CDL, Kolkata",,,,1.0
2024-06,central,nsq,false,data/raw/cdsco_alerts/central/2024-06_central_nsq.pdf,2,8,8,Amoxycillin & Potassium Clavulanate Injection IP 1.2 gm,,23AP04,23AP04,,false,2023-05,2025-04,05/2023,04/2025,"M/s. Sai Parenterals Limited, D1 & D4, Survey No. 280, Phase- V, IDA, Jeedimetla, Hyderabad-500 055, TS.",sai parenterals limited,Clarity of Solution and Assay of Potassium Clavulanate,"CDL, Kolkata",,,,1.0
2024-06,central,nsq,false,data/raw/cdsco_alerts/central/2024-06_central_nsq.pdf,2,9,9,Cefixime & Ofloxacin Tablets (CEFIKAM OF 200),CEFIKAM OF 200,DB230057,DB230057,,false,2023-02,2025-01,02/2023,01/2025,"M/s. Daxin Pharmaceuticals Pvt. Ltd., Plot No-121-122, EPIP, Jharmajri Phase-1, Teh. Baddi, Distt. Solan (H.P.) 174 103.",daxin pharmaceuticals pvt ltd,Assay of Cefixime Trihydrate & Assay Ofloxacin,"CDL, Kolkata",,,,1.0
2024-06,central,nsq,false,data/raw/cdsco_alerts/central/2024-06_central_nsq.pdf,2,10,10,Propylene Glycol USP,,9722014113,9722014113,,true,2023-11,2028-10,11/2023,10/2028,"M/s. Shell Eastern Chemicals, The Metropolis Tower, 1, 9 North Buona, Visla Drive 07 01 Singapore 138588",shell eastern chemicals,Specific Gravity,"CDL, Kolkata",,,,1.0
2024-06,central,nsq,false,data/raw/cdsco_alerts/central/2024-06_central_nsq.pdf,3,11,11,Ranitidine Hydrochloride Tablets (Ranylaj-150),Ranylaj-150,GTDE3019,GTDE3019,,false,2023-05,2025-04,05/2023,04/2025,"M/s. Francis Remdies (India) Pvt.Ltd., Vill-Mandawali, Roorkee, Distt. Haridwar (U.K.) 247670",francis remdies pvt ltd,Description,"CDL, Kolkata",,,,1.0
2024-06,central,nsq,false,data/raw/cdsco_alerts/central/2024-06_central_nsq.pdf,3,12,12,Glipizide and Metformin Tablets IP (Glynase-MF),Glynase-MF,04010026,04010026,,false,2023-11,2025-04,11/2023,04/2025,"M/s. USV Private Limited, At: B-249/B-250, II Stage, Peenya Industrial Estate, Bangalore-560058",usv private limited,Dissolution of Glipizide,"CDL, Kolkata",,,,1.0
2024-06,central,nsq,false,data/raw/cdsco_alerts/central/2024-06_central_nsq.pdf,3,13,13,Exo Cheri (Dextromethorp han Hydrobromide Chlorpheniramin e Maleate Pheylephrine Hydrochloride Cough Syrup),,L/040618,L040618,,false,2024-04,2026-01,04/2024,01/2026,"Exotic Pharma, 91/1, G.I.D.C., GODHRA Dist.- Panchmahal, Gujarat- 389001",exotic pharma,pH,CDTL-Mumbai,,,,1.0
2024-06,central,nsq,false,data/raw/cdsco_alerts/central/2024-06_central_nsq.pdf,3,14,14,Etamsylat Tablets 500 mg,,ELT1104,ELT1104,,false,2024-02,2024-07,02/2024,07/2024,"Unicure India Ltd., C-21, 22 & 23, Sector-3, Noida-201 301, Distt. Gautam Budh Nagar (U.P)",unicure india ltd,Description,CDTL-Mumbai,,,,1.0
2024-06,central,nsq,false,data/raw/cdsco_alerts/central/2024-06_central_nsq.pdf,3,15,15,Tranexamic Acid Tablets I.P. 500 mg,,GT31022,GT31022,,false,2024-01,2025-12,01/2024,12/2025,"OMEGA PHARMA KhasraNo.-482, Village-Saliyar, Roorkee-247667, Distt.-Haridwar (Uttarakhand)",omega pharma khasrano 482,Related substances,CDTL-Mumbai,,,,1.0
2024-06,central,nsq,false,data/raw/cdsco_alerts/central/2024-06_central_nsq.pdf,4,16,16,"Extuss-D (Dextromethorp han HBR, Chlorpheniramin e Maleate & Phenylephrine HCL Syrup)",,2402168,2402168,,false,2024-02,2026-01,02/2024,01/2026,"Brij Healthcare Pvt. Ltd., 51/10, G.I.D.C Estate, Motipura, Himatnagar, Gujarat 383001",brij healthcare pvt ltd,Assay of Phenylephrin e Hydrochloride,CDTL-Mumbai,,,,1.0
2024-06,central,nsq,false,data/raw/cdsco_alerts/central/2024-06_central_nsq.pdf,4,17,17,IRON & FOLIC ACID SYRUP IP,,RIFS-209,RIFS209,,false,2024-04,2026-09,04/2024,09/2026,"M/s. Revat Laboratories Pvt. Ltd., Works at : 12-321, Opp. I.D.A, Kurnool Road, Pernamitta, Ongole-523002",revat laboratories pvt ltd,pH and Assay of Folic Acid,"CDTL, Hyderabad",,,,1.0
2024-06,central,nsq,false,data/raw/cdsco_alerts/central/2024-06_central_nsq.pdf,4,18,18,Prednisolone Tablets IP 10 mg,,PRDT-1007,PRDT1007,,true,2024-11,2024-10,11/2024,10/2024,"WINGS BIOTECH LLP, 43 & 44, HPSIDC, Industrial Area, Baddi-173205 (H.P.)",wings biotech llp,Assay of Prednisolone,RDTL Chandigarh,,,,1.0
2024-06,central,nsq,false,data/raw/cdsco_alerts/central/2024-06_central_nsq.pdf,4,19,19,"Aloevera, Glycerin and Vitamin-E Soap (D-Soft Soap)",D-Soft Soap,COS-130,COS130,,false,2024-03,2026-02,03/2024,02/2026,"Samanyu Skin Care, Plot No. 191, HPSIDC, Baddi, Distt. Solan (H.P.)-1732025",samanyu skin care,Matter insoluble in alochol,RDTL Chandigarh,,,,1.0
2024-06,central,nsq,false,data/raw/cdsco_alerts/central/2024-06_central_nsq.pdf,4,20,20,"Aloevera, Glycerin, Vitamin-E and Jojoba oil (Synmoist Soap)",Synmoist Soap,COS-132,COS132,,false,2024-03,2026-02,03/2024,02/2026,"Samanyu Skin Care, Plot No. 191, HPSIDC, Baddi, Distt. Solan (H.P.)-1732025",samanyu skin care,Matter insoluble in alochol,RDTL Chandigarh,,,,1.0
2024-06,central,nsq,false,data/raw/cdsco_alerts/central/2024-06_central_nsq.pdf,4,21,21,Aloevera+Glyce rin+Almond Oil and Vitamin-E Soap (Aqualux Soap),Aqualux Soap,COS-131,COS131,,false,2024-03,2026-02,03/2024,02/2026,"Samanyu Skin Care, Plot No. 191, HPSIDC, Baddi, Distt. Solan (H.P.)-1732025",samanyu skin care,Matter insoluble in alochol,RDTL Chandigarh,,,,1.0
2024-06,central,nsq,false,data/raw/cdsco_alerts/central/2024-06_central_nsq.pdf,5,22,22,Fexofenadine Hydrochloride Tablets IP (MANOFEX-180 TABLETS),MANOFEX-180,CT23240715A,CT23240715A,,true,2023-08,2025-07,08/2023,07/2025,"CMG BIOTECH PVT. LTD., (Unit-II) Plot No. 58, Phase III, Industrial Area, Sansarpur Terrac HP-176501",cmg biotech pvt ltd,Dissolution (In 10 minutes) and (in 30 minutes),RDTL Chandigarh,,,,1.0
2024-06,central,nsq,false,data/raw/cdsco_alerts/central/2024-06_central_nsq.pdf,5,23,23,Norfloxacin Oral Suspension (Ridnor Suspension),Ridnor,RL230022,RL230022,,false,2023-03,2025-02,03/2023,02/2025,"RIDLEY LIFE SCIENCE PVT. LTD., Unit II : D-1566 DSIDC, Ind. Complex, Narela, Delhi-110040",ridley life science pvt ltd,Description and Total Fungal Count,RDTL Chandigarh,,,,1.0
2024-06,central,nsq,false,data/raw/cdsco_alerts/central/2024-06_central_nsq.pdf,5,24,24,Albendazole Tablets IP,,MS1AO2201,MS1AO2201,,true,2022-07,2025-06,07/2022,06/2025,"MAXTAR BIO-GENICS, Khasra No. 705, Vill. Malku Majra, Nalagarh Road, Baddi, Distt.Solan-173205 (H.P.)-India",maxtar bio genics,Dissolution,RDTL Chandigarh,,,,1.0
2024-06,central,nsq,false,data/raw/cdsco_alerts/central/2024-06_central_nsq.pdf,5,25,25,Pantoprazole Gastro-Resistant Tablets IP 40 mg.,,PGR-07,PGR07,,false,2024-01,2025-12,01/2024,12/2025,"Agron Remedies Pvt. Ltd., Sarverkhera, Moradabad Road, Kashipur-244713 (Uttarakhand)",agron remedies pvt ltd,Dissolution,"RDTL, Guwahati",,,,1.0
2024-06,central,nsq,false,data/raw/cdsco_alerts/central/2024-06_central_nsq.pdf,5,26,26,Co-trimoxazole Tablets IP (S-tron Tablets SS),S-tron Tablets SS,ST-223,ST223,,false,2023-06,2025-05,06/2023,05/2025,"High Tech Pharma, 49, Khandelwal compound, Palda, Indore (MP)",high tech pharma,Dissolution (Trimethopri m and Sulphametho xazole),"RDTL, Guwahati",,,,1.0
2024-06,central,nsq,false,data/raw/cdsco_alerts/central/2024-06_central_nsq.pdf,5,27,27,Montelukast Sodium and Levocetirizine Hydrochloride Tablets IP (Levmont),Levmont,ST23-384D,ST23384D,,true,2023-05,2025-04,05/2023,04/2025,"M/s Symbiosis Pharmaceuticals Pvt. Ltd.,, Suketi Road, Kala Amb Distt. Sirmour, Himachal Pradesh - 173030",symbiosis pharmaceuticals pvt ltd,Dissolution of Montelukast Levocetirizine hydrochloride,"RDTL, Guwahati",,,,1.0
2024-06,central,nsq,false,data/raw/cdsco_alerts/central/2024-06_central_nsq.pdf,6,28,28,Levocetirizine Dihydrochloride and Montelukast Sodium Tablets IP,,23112701,23112701,,false,2023-03,2025-02,03/2023,02/2025,"MERCURY LABORATORIES LIMITED., Unit No.2, Halol Baroda Road, Village: Jarod. Tal: Waghodia, Dist: Vadodara- 391510",mercury laboratories limited,Dissolution of Montelukast,"RDTL, Guwahati",,,,1.0
2024-06,central,nsq,false,data/raw/cdsco_alerts/central/2024-06_central_nsq.pdf,6,29,29,Iron and Folic Acid Syrup IP,,IFIS23015,IFIS23015,,false,2023-08,2025-01,08/2023,01/2025,"Galpha Laboratories Limited, Village-Thana, Baddi, Himachal Pradesh-173205",galpha laboratories limited,Assay of Folic Acid,"RDTL, Guwahati",,,,1.0
2024-06,central,nsq,false,data/raw/cdsco_alerts/central/2024-06_central_nsq.pdf,6,30,30,Etoricoxib Tablets I.P. 90 mg.,,ECX-2304,ECX2304,,false,2023-08,2025-07,08/2023,07/2025,"Apple Formulations Private Limited, Plot No. 208, Kishanpur, Roorkee - 247667 (U.K.)",apple formulations private limited,Dissolution,"RDTL, Guwahati",,,,1.0
2024-06,central,nsq,false,data/raw/cdsco_alerts/central/2024-06_central_nsq.pdf,6,31,31,Mannitol Injection I.P. (20% w/v),,M1M30038,M1M30038,,false,2023-07,2025-06,07/2023,06/2025,"Kunal Remedies Pvt. Ltd., Khasra 284, Vill. Anaura Kala Faizabad Road, Lucknow 226028, (UP), India",kunal remedies pvt ltd,Test for Sterility,"RDTL, Guwahati",,,,1.0
2024-07,central,nsq,false,data/raw/cdsco_alerts/central/2024-07_central_nsq.pdf,1,1,1,Ivermectin Tablets I.P. 6 mg,,JDJS403,JDJS403,,false,2024-04,2026-03,04/2024,03/2026,"M/s. J. DUNCAN HEALTH CARE PVT.LTD., Plot No. 65, 66, 67, Phase-II, Atgaon, Industrial Complex, Atgaon, Tal-Shahapur, Dist-Thane-421601, Maharashtra State, India.",j duncan health care pvt ltd,Dissolution,"Central Drugs Laboratory, Kolkata",,,,1.0
2024-07,central,nsq,false,data/raw/cdsco_alerts/central/2024-07_central_nsq.pdf,1,2,2,Itraconazole 100mg Capsules (FUNGOBEE Capsules),FUNGOBEE,MAR-24154,MAR24154,,false,2024-03,2026-02,03/2024,02/2026,"M/s. Bonsai Pharma, Kishanpura, Baddi-Nalagarh Road, P.O. Gurumajra, Distt-Solan (H.P.).",bonsai pharma,Dissolution,"Central Drugs Laboratory, Kolkata",,,,1.0
2024-07,central,nsq,false,data/raw/cdsco_alerts/central/2024-07_central_nsq.pdf,1,3,3,Compound Sodium Lactate Injection I.P. (Ringer Lactate Solution for Injection) (Hi-Ring-RL),Hi-Ring-RL,F31823,F31823,,false,2023-10,2026-09,10/2023,09/2026,"M/s. Higgs Healthcare, Khasra No. 480/1, Bhatolikalan, Baddi, H.P.",higgs healthcare,Assay of Potassium,"Central Drugs Laboratory, Kolkata",,,,1.0
2024-07,central,nsq,false,data/raw/cdsco_alerts/central/2024-07_central_nsq.pdf,1,4,4,Pantoprazole Tablets 40 mg I.P. (MEDIPANTO-40 Tablets),MEDIPANTO-40,FEB24144,FEB24144,,false,2024-02,2026-01,02/2024,01/2026,"M/s. Bonsai Pharma, Kishanpura, Baddi-Nalagarh Road, P.O. Gurumajra, Distt-Solan (H.P.).",bonsai pharma,Dissolution,"Central Drugs Laboratory, Kolkata",,,,1.0
2024-07,central,nsq,false,data/raw/cdsco_alerts/central/2024-07_central_nsq.pdf,2,5,5,Propylene Glycol IP,,PG-IP/2023-24/2435,PGIP2023242435,,true,2024-01,2028-12,01/2024,12/2028,"M/s. Manali Petrochemicals Limited, Plant II Sathangadu Village, Manali, Chennai-600068",manali petrochemicals limited,Relative Density and Water,"Central Drugs Laboratory, Kolkata",,,,0.8
2024-07,central,nsq,false,data/raw/cdsco_alerts/central/2024-07_central_nsq.pdf,2,6,6,Itraconazole Capsules BP 100 mg,,UC-23240A,UC23240A,,false,2023-10,2025-09,10/2023,09/2025,"M/s. Ultra Drugs Pvt. Ltd., (Unit-II) H S No. 211, K. No. 77/1, 78/1, Vill. Katha, Baddi, Distt. Solan, (H.P.) 173205.",ultra drugs pvt ltd,Dissolution,"Central Drugs Laboratory, Kolkata",,,,1.0
2024-07,central,nsq,false,data/raw/cdsco_alerts/central/2024-07_central_nsq.pdf,2,7,7,Sterile Noradrenaline Concentrate I.P.,,KP247236,KP247236,,false,2023-07,2025-06,07/2023,06/2025,"M/s. NEON LABORATORIES LTD., At: Shatisthal, Plot No. 1-5, At & Post: Shirgaon, Tal. Palghar, Dist. Thane - 401 407, M.S.",neon laboratories ltd,Description & Particulate Matter,"Central Drugs Laboratory, Kolkata",,,,1.0
2024-07,central,nsq,false,data/raw/cdsco_alerts/central/2024-07_central_nsq.pdf,2,8,8,Paracetamol Tablets IP 650 mg,,2600823,2600823,,false,2023-02,2026-01,02/2023,01/2026,"M/s. Karnataka Antibiotics and Pharmaceuticals Ltd., Plot No. 14, II Phase, Peenya, Bengaluru-560058",karnataka antibiotics and pharmaceuticals ltd,Description,"Central Drugs Laboratory, Kolkata",,,,1.0
2024-07,central,nsq,false,data/raw/cdsco_alerts/central/2024-07_central_nsq.pdf,2,9,9,Ofloxacin and Ornidazole Tablets I.P.,,6001723,6001723,,false,2023-06,2026-05,06/2023,05/2026,"M/s. Karnataka Antibiotics and Pharmaceuticals Ltd., Plot No. 14, II Phase, Peenya Industrial Area, Bengaluru-560058",karnataka antibiotics and pharmaceuticals ltd,Description,"Central Drugs Laboratory, Kolkata",,,,1.0
2024-07,central,nsq,false,data/raw/cdsco_alerts/central/2024-07_central_nsq.pdf,2,10,10,Carbamazepin e Extended-Release Tablets IP 200 mg,,TCRN-004,TCRN004,,false,2023-10,2025-09,10/2023,09/2025,"M/s. J.P. Industries, Bhud, Baddi, Dist-Solan, HP, India.",j p industries,Dissolution,"Central Drugs Laboratory, Kolkata",,,,1.0
2024-07,central,nsq,false,data/raw/cdsco_alerts/central/2024-07_central_nsq.pdf,3,11,11,Teneligliptin & Metformin Hydrochloride Extended Release Tablets IP (20 mg / 500 mg),,ST23-2897,ST232897,,false,2023-10,2025-09,10/2023,09/2025,"M/s. Salud Care (I) Pvt. Ltd., 435, Kishanpur, Roorkee-247661",salud care pvt ltd,Description & Assay of Teneligliptin Hydrobromid e Hydrate,"Central Drugs Laboratory, Kolkata",,,,1.0
2024-07,central,nsq,false,data/raw/cdsco_alerts/central/2024-07_central_nsq.pdf,3,12,12,"Calcium Aspartate, Calcium Orotate, Calcitriol, Minerals and Vitamins Tablets (Ezorb Forte Tablets)",Ezorb Forte,EZF-1873,EZF1873,,false,2024-01,2026-06,01/2024,06/2026,"M/s. Overseas Health Care Pvt. Ltd., 335 Km. Milestone, National Highway No. 1, P.O. Box No. 25, Phillaur-144 410 (Pb).",overseas health care pvt ltd,Assay of Clacitriol,"Central Drugs Laboratory, Kolkata",,,,1.0
2024-07,central,nsq,false,data/raw/cdsco_alerts/central/2024-07_central_nsq.pdf,3,13,13,Budesonide Nebuliser Suspension BP (Budecort Respules),Budecort Respules,SN30395,SN30395,,false,2023-04,2025-03,04/2023,03/2025,"M/s. Cipla Ltd. (Unit-II), Taza Block, Rorathang, Sikkim 737133, India.",cipla ltd,Assay of Budesonide,"Central Drugs Laboratory, Kolkata",,,,1.0
2024-07,central,nsq,false,data/raw/cdsco_alerts/central/2024-07_central_nsq.pdf,3,14,14,Propylene Glycol IP,,PG-IP/2023-24/2339,PGIP2023242339,,true,2023-11,2028-10,11/2023,10/2028,"M/s. Manali Petrochemicals Limited, Plant II Sathangadu Village, Manali, Chennai-600068",manali petrochemicals limited,Relative Density,"Central Drugs Laboratory, Kolkata",,,,0.8
2024-07,central,nsq,false,data/raw/cdsco_alerts/central/2024-07_central_nsq.pdf,3,15,15,Ceftriaxone Sodium for Injection IP 1gm / 10 ml,,S24015,S24015,,false,2024-02,2026-01,02/2024,01/2026,"M/s. Sai Parenterals Limited, Plot No.: 45A & B, Anrich Industrial Estate, IDA Bollaram, Sangareddy (Dist)- 502325, Telangana",sai parenterals limited,"Clarity of solution, Particulate Matter & Appearance of solution","Central Drugs Laboratory, Kolkata",,,,1.0
2024-07,central,nsq,false,data/raw/cdsco_alerts/central/2024-07_central_nsq.pdf,4,16,16,"Calcium Carbonate, Calcitriol, Methylcobalam in, Folic Acid & Vitamin B6 Soft Gelatin Capsules (CAMED-CM)",CAMED-CM,DBIS-8889B,DBIS8889B,,false,2024-01,2025-12,01/2024,12/2025,"M/s. Broad Injectables Plot No. 51-52, Ind. Area, Tahliwal, Distt. Una-174301 (H.P.)",broad injectables plot no 51 52,"Disintegration & Assay of Calcitriol, Vitamin B6 & Methylcobala min","Central Drugs Laboratory, Kolkata",,,,1.0
2024-07,central,nsq,false,data/raw/cdsco_alerts/central/2024-07_central_nsq.pdf,4,17,17,Monopropylen e Glycol USP,,9815216014,9815216014,,false,2024-01,2026-01,01/2024,01/2026,"M/s. Shell Eastern Chemicals (S) Seraya Manufacturing Site, Singapore",shell eastern chemicals seraya manufacturing site,Specific Gravity,"Central Drugs Laboratory, Kolkata",,,,1.0
2024-07,central,nsq,false,data/raw/cdsco_alerts/central/2024-07_central_nsq.pdf,4,18,18,Monopropylen e Glycol USP,,9815617014,9815617014,,false,2024-01,2026-01,01/2024,01/2026,"M/s. Shell Eastern Chemicals (S) Seraya Manufacturing Site, Singapore",shell eastern chemicals seraya manufacturing site,Water & Specific Gravity,"Central Drugs Laboratory, Kolkata",,,,1.0
2024-07,central,nsq,false,data/raw/cdsco_alerts/central/2024-07_central_nsq.pdf,4,19,19,Monopropylen e Glycol USP,,9814815014,9814815014,,false,2024-01,2026-01,01/2024,01/2026,"M/s. Shell Eastern Chemicals , Metropolis Tower, 1, 9 North Buona Vista Drive 07 01, Singapore-138588",shell eastern chemicals,Water,"Central Drugs Laboratory, Kolkata",,,,1.0
2024-07,central,nsq,false,data/raw/cdsco_alerts/central/2024-07_central_nsq.pdf,4,20,20,Monopropylen e Glycol USP,,9729323113,9729323113,,false,2023-11,2025-11,11/2023,11/2025,"M/s. Shell Eastern Chemicals (S) Seraya Manufacturing Site, Singapore",shell eastern chemicals seraya manufacturing site,Water & Specific Gravity,"Central Drugs Laboratory, Kolkata",,,,1.0
2024-07,central,nsq,false,data/raw/cdsco_alerts/central/2024-07_central_nsq.pdf,4,21,21,Sterile Noradrenaline Concentrate IP (ADRAID),ADRAID,DP4095,DP4095,,false,2024-03,2026-02,03/2024,02/2026,"M/s. Divine Laboratories Pvt. Ltd., Block No. 471, Dabhasa, Tal. Padra, Dist. Vadodara-391440, India",divine laboratories pvt ltd,Description & Particulate Matter,"Central Drugs Laboratory, Kolkata",,,,1.0
2024-07,central,nsq,false,data/raw/cdsco_alerts/central/2024-07_central_nsq.pdf,5,22,22,Compound Sodium Lactate Injection I.P. (Ringers Lactate I.P.) RL,Ringers Lactate I.P.,03BF2450,03BF2450,,false,2024-03,2027-02,03/2024,02/2027,"M/s. Paschim Banga Pharmaceuticals (A Unit of Farista Vanijya Pvt. Ltd), NH-31, Tin Mile Hat, Sonapur Hat, P.S. Chopra, Dist. Uttar Dinajpur-733214 (W.B.).",paschim banga pharmaceuticals,Sterility,"Central Drugs Laboratory, Kolkata",,,,1.0
2024-07,central,nsq,false,data/raw/cdsco_alerts/central/2024-07_central_nsq.pdf,5,23,23,"Oxalobacter, Lactobacillus & Bifidobacteriu m with FOS Capsules (OXASPUR)",OXASPUR,RHCE23001,RHCE23001,,false,2023-05,2024-10,05/2023,10/2024,"M/s. Swift Life Sciences Pvt. Ltd., D-1, Sara Industrial Estate, Rampur, Dehradun (UK) 248197",swift life sciences pvt ltd,Assay of Oxalobacter Species & Bifidobacteriu m Bifidum,"Central Drugs Laboratory, Kolkata",,,,1.0
2024-07,central,nsq,false,data/raw/cdsco_alerts/central/2024-07_central_nsq.pdf,5,24,24,Tamsulosin and Dutasteride Tablets (Urimax-D),Urimax-D,GH30334,GH30334,,false,2023-05,2025-04,05/2023,04/2025,"M/s. Cipla Ltd., Verna Indl. State, Goa-403722",cipla ltd,"Identification and Assay of Tamsulosin Hydrochloride , Dutasteride and Description.","Central Drugs Laboratory, Kolkata",,,,1.0
2024-07,central,nsq,false,data/raw/cdsco_alerts/central/2024-07_central_nsq.pdf,5,25,25,Azithromycin Tablets IP 500 mg (Aziley-500 Tablets),Aziley-500,NZYMT-223,NZYMT223,,false,2023-09,2025-08,09/2023,08/2025,"M/s. M Sea Pharmaceuticals (P) Ltd., Surajpur, Paonta Sahib, Sirmour, Himachal Pradesh - 173001.",m sea pharmaceuticals ltd,Dissolution,"Central Drugs Laboratory, Kolkata",,,,1.0
2024-07,central,nsq,false,data/raw/cdsco_alerts/central/2024-07_central_nsq.pdf,5,26,26,Azithromycin Tablets IP 500 mg (ZIK 500 Tablets),ZIK 500,NZKT-013,NZKT013,,false,2023-08,2025-07,08/2023,07/2025,"M/s. M Sea Pharmaceuticals (P) Ltd., Surajpur, Paonta Sahib, Sirmour, Himachal Pradesh - 173025.",m sea pharmaceuticals ltd,Dissolution,"Central Drugs Laboratory, Kolkata",,,,1.0
2024-07,central,nsq,false,data/raw/cdsco_alerts/central/2024-07_central_nsq.pdf,6,27,27,Compound Sodium Lactate Injection I.P. (RL FFS 500 ML),,03BF1734,03BF1734,,false,2022-08,2025-07,08/2022,07/2025,"M/s. Paschim Banga Pharmaceuticals (A Unit of Farista Vanijya Pvt. Ltd), NH-31, Tin Mile Hat, Sonapur Hat, P.S. Chopra, Dist. Uttar Dinajpur-733214 (W.B.).",paschim banga pharmaceuticals,Bacterial endotoxins,"Central Drugs Laboratory, Kolkata",,,,1.0
2024-07,central,nsq,false,data/raw/cdsco_alerts/central/2024-07_central_nsq.pdf,6,28,28,Calcium Gluconate Injection I.P. 10 ml,,CLG-4148,CLG4148,,false,2022-12,2024-11,12/2022,11/2024,"M/s. Priya Pharmaceuticals, 109/397, Nehru Nagar, Kanpur-12",priya pharmaceuticals,Assay of Calcium,"Central Drugs Laboratory, Kolkata",,,,1.0
2024-07,central,nsq,false,data/raw/cdsco_alerts/central/2024-07_central_nsq.pdf,6,29,29,Ceflxime Tablets IP (Zimspor-200),Zimspor-200,MBT-03023,MBT03023,,false,2023-05,2025-04,05/2023,04/2025,"M/s. Mestra Pharma Pvt. Ltd., AT: 44-45, Shiv Ganga Industrial Estate, Lakeshwari, Bhagwanpur Roorkee, Haridwar (UK)",mestra pharma pvt ltd,Water & Uniformity of Dispersion,"Central Drugs Laboratory, Kolkata",,,,1.0
2024-07,central,nsq,false,data/raw/cdsco_alerts/central/2024-07_central_nsq.pdf,6,30,30,Dextrose and Ascorbic Acid with Zinc Powder (Vz-Plus),Vz-Plus,VZ224015,VZ224015,,false,2024-04,2026-03,04/2024,03/2026,"M/s. Styrun Healthcare, Survey No.89, Pirana Road, At & Post: ODD, Ta, Daskroi, Ahmedabad-382425, Gujrat, India.",styrun healthcare,Water,"Central Drugs Laboratory, Kolkata",,,,1.0
2024-07,central,nsq,false,data/raw/cdsco_alerts/central/2024-07_central_nsq.pdf,6,31,31,Ciprofloxacin Tablets I.P. 500 mg (Ocif-500 Tablets),Ocif-500,OCF5-23-222,OCF523222,,false,2023-07,2025-06,07/2023,06/2025,"M/s. Ornate Labs Pvt. Ltd., Bela Industrial Estate, Muzaffarpur - 842 005.",ornate labs pvt ltd,Dissolution,"Central Drugs Laboratory, Kolkata",,,,1.0
2024-07,central,nsq,false,data/raw/cdsco_alerts/central/2024-07_central_nsq.pdf,6,32,32,Ofloxacin & Ornidazole Tablets IP (Samri-OZ),Samri-OZ,UGT23J14A,UGT23J14A,,false,2023-01,2024-12,01/2023,12/2024,"M/s. Unigrow Pharmaceuticals, Vill. Katha, Baddi, Distt. Solan, HP",unigrow pharmaceuticals,Dissolution & Assay,"Central Drugs Laboratory, Kolkata",,,,1.0
2024-07,central,nsq,false,data/raw/cdsco_alerts/central/2024-07_central_nsq.pdf,6,33,33,"Synetivit Capsules (Omega-3 Fatty Acid, Green Tea Extract, Ginkgo Biloba, Ginseng, Grape Seeds Extract, Vitamins, Minerals & Trace Elements Soft Gelatin Capsules)",,LSG-2890,LSG2890,,false,2023-07,2024-12,07/2023,12/2024,"M/s. Lifevision Healthcare, Plot No. 140-141, EPIP, Phase-1, Jharmajri, Baddi, Distt. Solan (H.P.) 174103",lifevision healthcare,"Disintegration , Assay of Lactic Acid Bacillus, Vitamin B6, Folic Acid & Niacinamide","Central Drugs Laboratory, Kolkata",,,,1.0
2024-07,central,nsq,false,data/raw/cdsco_alerts/central/2024-07_central_nsq.pdf,7,34,34,Lingocaine & Adrenaline Injection IP (Lignocop-ADR),Lignocop-ADR,305,305,,false,2023-12,2025-11,12/2023,11/2025,"Carewin Pharmaceuticals (Guj) Pvt. Ltd., 38, Saket Ind. Estate-II Sarkhej-Bavla NH-8A, PO. Moraiya, Ahmedabad, (Guj.) Pin-382210",carewin pharmaceuticals pvt ltd,Assay of Adrenaline,CDTL-Mumbai,,,,1.0
2024-07,central,nsq,false,data/raw/cdsco_alerts/central/2024-07_central_nsq.pdf,7,35,35,Acetylsalicylic Acid 75mg (Kardiorin AK),Kardiorin AK,JTN23-211,JTN23211,,false,2023-07,2026-06,07/2023,06/2026,"AK Krishna Pharma Ltd. Ltd., Plot No. 68, 69 & 82, 83 Sector-6A, SIDCUL, IIE, Dist. Haridwar, Uttarakhand, india.",ak krishna pharma ltd ltd,"Test for Salicylic acid, Assay of Aspirin and Description",CDTL-Mumbai,,,,1.0
2024-07,central,nsq,false,data/raw/cdsco_alerts/central/2024-07_central_nsq.pdf,7,36,36,Levetiracetam Tablets IP (Levodil-500),Levodil-500,GAG0628,GAG0628,,false,2023-08,2025-07,08/2023,07/2025,"Agron Remedies Pvt. Ltd., Sarverkhera, Moradabad Road, Kashipur-244713, Uttarakhand",agron remedies pvt ltd,Dissolution,CDTL-Mumbai,,,,1.0
2024-07,central,nsq,true,data/raw/cdsco_alerts/central/2024-07_central_nsq.pdf,7,37,37,Diclofenac Tablets IP 50mg (Snedic-50),Snedic-50,T24B008,T24B008,,false,2024-02,2027-01,02/2024,01/2027,"Snehal Pharma & Surgicals Pvt. Ltd., B1/11, MIDC Butibori, Nagpur-441108",snehal pharma surgicals pvt ltd,Misbranded (Improper labeling),CDTL-Mumbai,,,,1.0
2024-07,central,nsq,false,data/raw/cdsco_alerts/central/2024-07_central_nsq.pdf,8,38,38,Amoxycillin and Potassium Clavulanate Tablets IP (Pressclav-625),Pressclav-625,CT5023001A,CT5023001A,,false,2023-09,2025-08,09/2023,08/2025,"Aurobindo Pharma Limited, Unit XII, Survey No. 314, Bachupally, Bachupally Mandal, Medchal-Malkajgiri District. Telangana State, india - 500090.",aurobindo pharma limited,Description,CDTL-Mumbai,,,,1.0
2024-07,central,nsq,false,data/raw/cdsco_alerts/central/2024-07_central_nsq.pdf,8,39,39,ONDANSETR ON ORALLY DISINTEGRAT ING TABLETS IP 4mg,,T-15842,T15842,,false,2023-12,2025-11,12/2023,11/2025,"M/s. KARNANI PHARMACEUTICALS PVT. LTD. Fact : 38, Pharma City, Selaqui, Dehradun-248011 (Uttarakhand)",karnani pharmaceuticals pvt ltd fact 38,Description and Uniformity of Content,"CDTL, Hyderabad",,,,1.0
2024-07,central,nsq,false,data/raw/cdsco_alerts/central/2024-07_central_nsq.pdf,8,40,40,ONDANSETR ON ORALLY DISINTEGRAT ING TABLETS IP 4mg,,T-15961,T15961,,false,2024-01,2025-12,01/2024,12/2025,"M/s. KARNANI PHARMACEUTICALS PVT. LTD. Fact : 38, Pharma City, Selaqui, Dehradun-248011 (Uttarakhand)",karnani pharmaceuticals pvt ltd fact 38,Description and Uniformity of Content,"CDTL, Hyderabad",,,,1.0
2024-07,central,nsq,false,data/raw/cdsco_alerts/central/2024-07_central_nsq.pdf,8,41,41,Calcium 500 mg with Vitamin D3 250 IU Tablets IP,,LMT240376,LMT240376,,false,2024-03,2026-02,03/2024,02/2026,"Life Max Cancer Laboratories, Plot No. 106 & 106 A, Sector-6A, IIE, SIDCUL, Haridwar 249403 (U.K)",life max cancer laboratories,Dissolution of Calcium & Assay of Vitamin D3,"RDTL, Guwahati",,,,1.0
2024-07,central,nsq,false,data/raw/cdsco_alerts/central/2024-07_central_nsq.pdf,8,42,42,Albendazole Tablets IP 400 mg (Zento 400),Zento 400,VGT230119,VGT230119,,false,2023-05,2026-04,05/2023,04/2026,"VAPI CARE PHARMA PVT. LTD., PLOT NO.225/3, NEAR MORARJI CIRCLE, GIDC VAPI, DIST.VALSAD-396195 GUJARAT",vapi care pharma pvt ltd,Dissolution of Albendazole,"RDTL, Guwahati",,,,1.0
2024-07,central,nsq,false,data/raw/cdsco_alerts/central/2024-07_central_nsq.pdf,8,43,43,COMPOUND SODIUM LACTATE INJECTION I.P. (RL),,03BF2462,03BF2462,,false,2024-03,2027-02,03/2024,02/2027,"PASCHIM BANGA PHARMACEUTICAL, NH-31, TIN MILE HAT, SONAPUR HAT, P.S.- CHOPRA, DIST : UTTAR DINAJPUR, PIN - 733214 (W.B.)",paschim banga pharmaceutical,Sterility,"RDTL, Guwahati",,,,1.0
2024-07,central,nsq,false,data/raw/cdsco_alerts/central/2024-07_central_nsq.pdf,9,44,44,Calcium 500 mg. with Vitamin D3 250 IU Tablets IP,,LMT240412,LMT240412,,false,2024-04,2026-03,04/2024,03/2026,"Life Max Cancer Laboratories, Plot No. 106 & 106 A, Sector-6A, IIE, SIDCUL, Haridwar249403 (U.K)",life max cancer laboratories,Dissolution (Calcium) and Assay of Vitamin D3,"RDTL, Guwahati",,,,1.0
2024-07,central,nsq,false,data/raw/cdsco_alerts/central/2024-07_central_nsq.pdf,9,45,45,Paracetamol Tablets IP 500 mg (Pararex-500,,CT-5063,CT5063,,false,2022-12,2025-11,12/2022,11/2025,"CHEMETAC PHARMACEUTICALS 42, MAINA PUR, MEERUT ROAD, GHAZIABAD-201003",chemetac pharmaceuticals 42,"""Dissolution"" of Paracetamol.","RDTL, Guwahati",,,,1.0
2024-07,central,nsq,false,data/raw/cdsco_alerts/central/2024-07_central_nsq.pdf,9,46,46,Pantoprazole Tablets IP,,MT-23K36,MT23K36,,false,2023-11,2025-04,11/2023,04/2025,"MARTIN & BROWN BIO-SCIENCES PVT. LTD., K.NO. 918/419, MALKUMAJRA, NALAGARH ROAD, BADDI, DIST.SOLAN (H.P.)-173205",martin brown bio sciences pvt ltd,Dissolution at Buffer Stage,"RDTL, Guwahati",,,,1.0
2024-07,central,nsq,false,data/raw/cdsco_alerts/central/2024-07_central_nsq.pdf,9,47,47,Calcium 500 mg with Vitamin D3 250 IU Tablets IP,,LMT240335,LMT240335,,false,2024-03,2026-02,03/2024,02/2026,"Life Max Cancer Laboratories, Plot No. 106 & 106 A, Sector-6A, IIE, SIDCUL, Haridwar-249403 (U.K)",life max cancer laboratories,Dissolution (Calcium) and Assay of Vitamin D3,"RDTL, Guwahati",,,,1.0
2024-07,central,nsq,false,data/raw/cdsco_alerts/central/2024-07_central_nsq.pdf,9,48,48,Calcium 500 mg and Vitamin D3 250 IU Tablets IP,,LMT240348,LMT240348,,false,2024-03,2026-02,03/2024,02/2026,"Life Max Cancer Laboratories, Plot No. 106 & 106 A, Sector-6A, IIE, SIDCUL, Haridwar-249403 (U.K)",life max cancer laboratories,Dissolution of Calcium and Assay of vitamin D3,"RDTL, Guwahati",,,,1.0
2024-07,central,nsq,false,data/raw/cdsco_alerts/central/2024-07_central_nsq.pdf,9,49,49,Amoxycillin & Potassium Claulanate Tablets I.P. (Zalmoxi-CV 625),Zalmoxi-CV 625,MICTAB-1602,MICTAB1602,,true,2024-03,2025-08,03/2024,08/2025,"Micro Formulations,, Chambaghat, Near Railway Crossing, Solan, Distt. Solan (H.P.) 173211",micro formulations,Dissolution of Clavulanic Acid and also Assay of Clavulanic Acid,"RDTL, Guwahati",,,,1.0
2024-07,central,nsq,false,data/raw/cdsco_alerts/central/2024-07_central_nsq.pdf,10,50,50,RABEPRAZOL E TABLETS IP,,MT-24B23,MT24B23,,false,2024-02,2025-07,02/2024,07/2025,"MARTIN & BROWN BIO-SCIENCES PVT. LTD., K.NO. 918/419, MALKUMAJRA, NALAGARH ROAD, BADDI, DIST.SOLAN (H.P.)-173205",martin brown bio sciences pvt ltd,Assay,"RDTL, Guwahati",,,,1.0
2024-07,central,nsq,false,data/raw/cdsco_alerts/central/2024-07_central_nsq.pdf,10,51,51,Tranexamic Acid Injection IP (Stopmust Injection),Stopmust,KEI-110C,KEI110C,,false,2023-11,2025-10,11/2023,10/2025,"Elvia Care Pvt. Ltd., Vill Gullarwala, Near Sai Road, Baddi, Distt. Solan (H.P.)",elvia care pvt ltd,Bacterial Endotoxins Test,"RDTL, Guwahati",,,,1.0
2024-07,central,nsq,false,data/raw/cdsco_alerts/central/2024-07_central_nsq.pdf,10,52,52,RABEPRAZOL E TABLETS IP,,MT-24B26,MT24B26,,false,2024-02,2025-07,02/2024,07/2025,"MARTIN & BROWN BIO-SCIENCES PVT. LTD., K.NO. 918/419, MALKUMAJRA, NALAGARH ROAD, BADDI, DIST.SOLAN (H.P.)-173205",martin brown bio sciences pvt ltd,Assay/Conte nt of Rabeprazole Sodium,"RDTL, Guwahati",,,,1.0
2024-07,central,nsq,false,data/raw/cdsco_alerts/central/2024-07_central_nsq.pdf,10,53,53,Pantoprazole Gastro-Resistant Tablets IP 40 mg,,PGR-02,PGR02,,false,2023-12,2025-11,12/2023,11/2025,"Agron Remedies Pvt. Ltd., Sarverkhera, Moradabad Road, Kashipur-244713 (Uttarakhand)",agron remedies pvt ltd,Dissolution in Acid Stage for Pantoprazole,"RDTL, Guwahati",,,,1.0
2024-07,central,nsq,false,data/raw/cdsco_alerts/central/2024-07_central_nsq.pdf,10,54,54,Carboplatin USP,,CN24010001,CN24010001,,false,2024-01,2028-12,01-Jan-2024,31-Dec-2028,"M/s Hetero Labs Limited (Unit-I), Survey No.10, I.D.A., Gaddalotharam, Village: Jinnaram Mandal, Sangareddy Distt. Telangana, India",hetero labs limited,"Identification by IR, by HPLC and Loss on drying","RDTL,Chandighardh",,,,1.0
2024-07,central,nsq,false,data/raw/cdsco_alerts/central/2024-07_central_nsq.pdf,10,55,55,Pantoprazole for Injection BP (Glanpan IV Injection),Glanpan IV,PNDA4C22A,PNDA4C22A,,false,2024-03,2026-02,Mar-2024,Feb-2026,"Aarge Healthcraft, 12A/1, Sector-2, Indl. Area, Parwanoo-173220 (H.P.)",aarge healthcraft,Particulate matter,"RDTL ,Chandighardh",,,,1.0
2024-07,central,nsq,false,data/raw/cdsco_alerts/central/2024-07_central_nsq.pdf,11,56,56,"Bromhexine Hydrochloride, Terbutaline Sulphate and Guaiphenesin Syrup (T-KUF Expectorant COUGH SYRUP)",T-KUF Expectorant COUGH,UF2184145C,UF2184145C,,false,2024-02,2026-01,Feb-2024,Jan-2026,"Ultra Drugs Formulations Pvt. Ltd., Plot No. 338/278, Vill. Manakpur, Lodhimajra, Tehsil-Baddi, Distt. Solan, (H.P.) 173205",ultra drugs formulations pvt ltd,Assay of Terbutaline Sulphate,"RDTL ,Chandighardh",,,,1.0
2024-07,central,nsq,false,data/raw/cdsco_alerts/central/2024-07_central_nsq.pdf,11,57,57,Compound Sodium Lactate Injection IP (Ringers Lactate Solution for Injection),Ringers Lactate Solution for,2918,2918,,false,2022-12,2025-11,Dec-2022,Nov-2025,"M/s. HINDUSTAN ANTIBIOTICS LTD., Pimpri,Pune-411018, INDIA",hindustan antibiotics ltd,Bacterial Endotoxins,"RDTL ,Chandighardh",,,,1.0
2024-08,central,nsq,true,data/raw/cdsco_alerts/central/2024-08_central_nsq.pdf,1,1,1,Amoxicillin And Potassium Clavulanate Tablets IP (Clavam 625),Clavam 625,23443940,23443940,,false,2023-11,2025-04,11/2023,04/2025,"M/s. Alkem Health Science, Unit-2, Samardung, Karek Block, P.O. Namthang, South Sikkim 737 137.",alkem health science,Spurious Identification & Assay of Amoxycillin Trihydrate & Potassium Clavulanate,"CDL, Kolkata",,,,1.0
2024-08,central,nsq,true,data/raw/cdsco_alerts/central/2024-08_central_nsq.pdf,1,2,2,Amoxycillin & Potassium Clavulanate Tablets (Mexclav 625),Mexclav 625,7372,7372,,false,2023-10,2025-09,10/2023,09/2025,"M/s. Meg Lifesciences, Khasara No. 47/5, Palli Gaon, Distt-Sirmour-173001.",meg lifesciences,Spurious Identification & Assay of Amoxycillin Trihydrate & Potassium Clavulanate,"CDL, Kolkata",,,,1.0
2024-08,central,nsq,false,data/raw/cdsco_alerts/central/2024-08_central_nsq.pdf,1,3,3,Calcium And Vitamin D3 Tablets IP Shelcal 500 (Shelcal),Shelcal,GDXD0581,GDXD0581,,false,2023-08,2025-07,08/2023,07/2025,"M/s. Pure & Cure Healthcare Pvt. Ltd., Plot No. 26A, 27-30, Sector-8A, IIE, SIDCUL, Ranipur, Haridwar - 249 403, Uttarakhand.",pure cure healthcare pvt ltd,"Description, Identification of Vitamin D3, Dissolution of Calcium and Assay of Calcium & Vitamin D3","CDL, Kolkata",,,,1.0
2024-08,central,nsq,false,data/raw/cdsco_alerts/central/2024-08_central_nsq.pdf,1,4,4,Metformin Hydrochloride Sustained-release Tablets IP (Glycimet-SR-500),Glycimet-SR-500,GT3J023,GT3J023,,false,2023-10,2025-09,10/2023,09/2025,"M/s. Scott-Edil Pharmacia Ltd., 56, EPIP, Phase-1, Jharmajri, Baddi, Distt. Solan -173205 (HP), India",scott edil pharmacia ltd,Dissolution of Metformin Hydrochloride,"CDL, Kolkata",,,,1.0
2024-08,central,nsq,false,data/raw/cdsco_alerts/central/2024-08_central_nsq.pdf,2,5,5,Vitamin B Complex with Vitamin C Softgels,,1423,1423,,false,2023-09,2025-08,09/2023,08/2025,"M/s. Asoj Soft Caps Pvt. Ltd., Asoj, Baroda-Halol Highway, Dist-Baroda-391510, GUJRAT",asoj soft caps pvt ltd,Assay of Calcium Pantothenate,"CDL, Kolkata",,,,1.0
2024-08,central,nsq,false,data/raw/cdsco_alerts/central/2024-08_central_nsq.pdf,2,6,6,Rifmin 550 (Rifaximin Tablets 550 mg),,TX-17798,TX17798,,false,2024-02,2026-01,02/2024,01/2026,"M/s. Legen Healthcare, Plot No. 20, Sector-5, Parwanoo, Distt. Solan (H.P.) 173220",legen healthcare,Dissolution & Water,"CDL, Kolkata",,,,1.0
2024-08,central,nsq,true,data/raw/cdsco_alerts/central/2024-08_central_nsq.pdf,2,7,7,Pantoprazole Gastro-Resistant and Domperidone Prolonged-Release Capsules IP (Pan - D),Pan - D,23444296,23444296,,false,2023-12,2025-11,12/2023,11/2025,"M/s. Alkem Health Science, Unit-2, Samardung, Karek Block, P.O. Namthang, Dist. Namchi, Sikkim 737 137.",alkem health science,"Spurious Identification, Assay, Dissolution & Related Substancces","CDL, Kolkata",,,,1.0
2024-08,central,nsq,false,data/raw/cdsco_alerts/central/2024-08_central_nsq.pdf,2,8,8,Paracetamol Tablets IP 500 mg,,2508323,2508323,,false,2023-02,2026-01,02/2023,01/2026,"M/s. Karnataka Antibiotics and Pharmaceuticals Ltd., Plot No. 14, II Phase, Peenya, Bengaluru-560058",karnataka antibiotics and pharmaceuticals ltd,Description,"CDL, Kolkata",,,,1.0
2024-08,central,nsq,false,data/raw/cdsco_alerts/central/2024-08_central_nsq.pdf,2,9,9,Montair LC Kid (Montelukast Sodium & Levocetirizne Hydrochloride Dispersible Tablets),,AFB23W73,AFB23W73,,false,2023-09,2025-08,09/2023,08/2025,"M/s. Pure & Cure Healthcare Pvt. Ltd., Plot No. 26A, 27-30, Sector-8A, IIE, Sidcul, Ranipur, Haridwar 249 403, Uttarkhand",pure cure healthcare pvt ltd,Uniformity of Dispersion & Assay of Montelukast Sodium,"CDL, Kolkata",,,,1.0
2024-08,central,nsq,false,data/raw/cdsco_alerts/central/2024-08_central_nsq.pdf,2,10,10,Compound Sodium Lactate Injection I.P. (Ringer Lactate Solution for Injection) (RL 500 ml),Ringer Lactate Solution for,MP240505111,MP240505111,,true,2024-05,2027-04,05/2024,04/2027,"M/s. Vision Parenteral Pvt. Ltd. Located at A-2, 44,45, Sector-15, GIDA, Sahjanwa (U.P.) 273 209",vision parenteral pvt ltd located at a 2,Assay of Calcium Chloride,"CDL, Kolkata",,,,1.0
2024-08,central,nsq,false,data/raw/cdsco_alerts/central/2024-08_central_nsq.pdf,2,11,11,Fexofenadine Hydrochloride Tablets IP 120 mg,,MP9AA2303,MP9AA2303,,false,2023-07,2026-06,07/2023,06/2026,"M/s. Maxtar Bio-Genics, Khasra No-705, Vill-Malku Majra, Nalagarh Road, Baddi, Distt-Solan-173205(HP), India",maxtar bio genics,Dissolution,"CDL, Kolkata",,,,1.0
2024-08,central,nsq,false,data/raw/cdsco_alerts/central/2024-08_central_nsq.pdf,2,12,12,Fexofenadine Hydrochloride Tablets IP 120 mg,,MP9AA2303,MP9AA2303,,false,2023-07,2026-06,07/2023,06/2026,"M/s. Maxtar Bio-Genics, Khasra No-705, Vill-Malku Majra, Nalagarh Road, Baddi, Distt-Solan-173205(HP), India",maxtar bio genics,Dissolution,"CDL, Kolkata",,,batch note: Two different samples received with same batch number,1.0
2024-08,central,nsq,false,data/raw/cdsco_alerts/central/2024-08_central_nsq.pdf,3,13,13,Laxnorm Solution (Lactulose Solution USP),Lactulose Solution USP,LG24-0204,LG240204,,false,2024-02,2026-01,02/2024,01/2026,"M/s. Athens Life Sciences, Mauza Rampur Jattan, Nahan Road, Kala Amb, Dist-Sirmour, HP-173030",athens life sciences,Assay,"CDL, Kolkata",,,,1.0
2024-08,central,nsq,false,data/raw/cdsco_alerts/central/2024-08_central_nsq.pdf,3,14,14,Heparin Sodium Injection 5000 Units (Hostranil Injection),Hostranil,HIHE23028A,HIHE23028A,,false,2023-10,2025-09,10/2023,09/2025,"M/s. Health Biotech Ltd., Village: Sandoli, Nalagarh Road, Baddi, Distt. Solan (H.P.), India-173205",health biotech ltd,"Particulate Matter, Bacterial Endotoxins & Sterility","CDL, Kolkata",,,,1.0
2024-08,central,nsq,false,data/raw/cdsco_alerts/central/2024-08_central_nsq.pdf,3,15,15,Buflam Forte Suspension (Ibuprofen & Paracetamol Oral Suspension),Ibuprofen & Paracetamol Oral,231202A,231202A,,false,2023-12,2025-11,12/2023,11/2025,"M/s. Ornate Pharma Pvt. Ltd., 2, G.V.M.S.A.V Ltd., Odhav, Ahmedabad 382 410, Gujrat, India",ornate pharma pvt ltd,Uniformity of Volume,"CDL, Kolkata",,,,1.0
2024-08,central,nsq,false,data/raw/cdsco_alerts/central/2024-08_central_nsq.pdf,3,16,16,Cepodem XP 50 Dry Suspension (Cefpodoxime Proxetil and Potassium Clavulanate Oral Suspension),,PEA0083,PEA0083,,false,2023-07,2024-12,07/2023,12/2024,"M/s. Hetero Labs Limited (Unit-I), Village: Kalyanpur, Chakkan Road, Tehsil: Baddi, Dist: Solan, Himachal Pradesh - 173205.",hetero labs limited,pH and Assay of Potassium Clavulanate,"CDL, Kolkata",,,,1.0
2024-08,central,nsq,false,data/raw/cdsco_alerts/central/2024-08_central_nsq.pdf,3,17,17,"Nimesulide, Paracetamol and Chlorzoxazone Tablets (NICIP MR)",NICIP MR,GS22236,GS22236,,false,2022-09,2025-08,09/2022,08/2025,"M/s. HSN International Plot No. 54-55, Sector-6A, SIDCUL, Haridwar, (Uttarakhand) 249403",hsn international plot no 54 55,Disintegration,"CDL, Kolkata",,,,1.0
2024-08,central,nsq,false,data/raw/cdsco_alerts/central/2024-08_central_nsq.pdf,3,18,18,Rolled Gauze (Non-Sterilized),Non-Sterilized,RG-006,RG006,,false,2023-01,2024-12,01/2023,12/2024,"M/s. Blazon India, At: Musallahpur, Baripath, Patna-6",blazon india,"Width, Absorbency, Scouring Loss, Freedom from Optical Whitener, Mass, Length","CDL, Kolkata",,,,1.0
2024-08,central,nsq,false,data/raw/cdsco_alerts/central/2024-08_central_nsq.pdf,3,19,19,Ciprofloxacin Tablets I.P. 500 mg (Ocif-500),Ocif-500,OCF5-23-221,OCF523221,,true,2023-05,2025-04,05/2023,04/2025,"M/s. Ornate Labs Pvt. Ltd., Bela Industrial Estate, Muzaffarpur - 842 005",ornate labs pvt ltd,Dissolution & Assay,"CDL, Kolkata",,,,1.0
2024-08,central,nsq,false,data/raw/cdsco_alerts/central/2024-08_central_nsq.pdf,3,20,20,"Nimesulide, Phenylephrine Hydrochloride & Levocetirizine Dihydrochloride Tablets (Nunim-Cold)",Nunim-Cold,T-23115,T23115,,false,2023-01,2024-12,01/2023,12/2024,"M/s. Unispeed Pharmaceuticals Pvt. Ltd., 445/2, Behimd Wrigleys Vill. Katha, Baddi, Distt. Solan (H.P.) 173205",unispeed pharmaceuticals pvt ltd,Description,"CDL, Kolkata",,,,1.0
2024-08,central,nsq,false,data/raw/cdsco_alerts/central/2024-08_central_nsq.pdf,4,21,21,Adrenaline Injection I.P. Sterile 1 ml,,AI22268,AI22268,,false,2022-09,2024-08,09/2022,08/2024,"M/s. Alves Healthcare Pvt. Ltd., Nangal Uperla, Swarghat Road, Nalagarh, Distt. Solan-174101 (HP).",alves healthcare pvt ltd,"Description, Appearance of Solution, Particulate Matter & Assay","CDL, Kolkata",,,,1.0
2024-08,central,nsq,false,data/raw/cdsco_alerts/central/2024-08_central_nsq.pdf,4,22,22,Compound Sodium Lactate Injection I.P. (Ringer Lactate Solution for Injection) RL 500ml,Ringer Lactate Solution for,MP240405085,MP240405085,,true,2024-04,2027-03,04/2024,03/2027,"M/s. Vision Parentral Pvt. Ltd., A-2-44-45, Sector 15, GIDA Industrial Area, Gorakhpur 273209 (U.P.), India.",vision parentral pvt ltd,Sterility,"CDL, Kolkata",,,,1.0
2024-08,central,nsq,false,data/raw/cdsco_alerts/central/2024-08_central_nsq.pdf,4,23,23,"Vingel XL Pro Gel (Diclofenac Diethylamine, Linseed Oil, Methyl Salicylate and Menthol Gel)",,F23208,F23208,,false,2023-06,2025-05,06/2023,05/2025,"M/s. Universal Twin Labs, Village Gullarwala, Near Sai Road, Baddi, District Solan, H.P.",universal twin labs,Assay of Diclofenac Diethylamine & Methyl Salicylate,"CDL, Kolkata",,,,1.0
2024-08,central,nsq,false,data/raw/cdsco_alerts/central/2024-08_central_nsq.pdf,4,24,24,Atropine Sulphate Injection IP 2 ml,,ATA12407,ATA12407,,false,2024-03,2026-02,03/2024,02/2026,"M/s. Nandani Medical Laboratories Pvt. Ltd., 221/5, Bicholi Hapsi, Kanadia Road, Indore.",nandani medical laboratories pvt ltd,Description & Particulate Matter,"CDL, Kolkata",,,,1.0
2024-08,central,nsq,false,data/raw/cdsco_alerts/central/2024-08_central_nsq.pdf,4,25,25,Cefoperazone & Sulbactam For Injection (Todaycef 1.5 G),Todaycef 1.5 G,D0481,D0481,,false,2023-11,2025-10,11/2023,10/2025,"M/s. Daxin Pharmaceuticals Pvt. Ltd., Plot No. 121-122 EPIP, Jharmajri Phase-1, Teh. Baddi, Distt. Solan (H.P.) 174 103.",daxin pharmaceuticals pvt ltd,"Clarity of Solution, Particulate matter and Assay","CDL, Kolkata",,,,1.0
2024-08,central,nsq,false,data/raw/cdsco_alerts/central/2024-08_central_nsq.pdf,4,26,26,Heparin Sodium Injection IP 25000 IU / 5ml,,GV3C002,GV3C002,,false,2023-03,2026-02,03/2023,02/2026,"M/s. Scott-Edil Pharmacia Ltd., 56, E.P.I.P. Phase-1, Jharmajri, Baddi, Distt. Solan - 173 205 (H.P.), India",scott edil pharmacia ltd,Description & Particulate Matter,"CDL, Kolkata",,,,1.0
2024-08,central,nsq,false,data/raw/cdsco_alerts/central/2024-08_central_nsq.pdf,4,27,27,Cefepime & Tazobactam for Injection (Crupime - TZ Kid Injection),Crupime - TZ Kid,I230041A,I230041A,,false,2023-04,2025-03,04/2023,03/2025,"M/s. Cosmas Research Lab. Ltd., Village: Gaunspura, P.O. Noorpur Bet, Hambran, Ludhiana 141 008",cosmas research lab ltd,Particulate Matter,"CDL, Kolkata",,,,1.0
2024-08,central,nsq,false,data/raw/cdsco_alerts/central/2024-08_central_nsq.pdf,5,28,28,Atropine Sulphate Injection I.P. (Atropine Sulphate),Atropine Sulphate,AS-9055,AS9055,,false,2022-10,2024-09,10/2022,09/2024,"M/s. Priya Pharmaceuticals 109/397, Nehru Nagar, Kanpur-208012, Uttar Pradesh",priya pharmaceuticals 109 397,"Description, pH, Particulate Matter, Extractable Volume","CDL, Kolkata",,,batch note: Two different samples received with same batch number,1.0
2024-08,central,nsq,false,data/raw/cdsco_alerts/central/2024-08_central_nsq.pdf,5,29,29,Atropine Sulphate Injection I.P. (Atropine Sulphate),Atropine Sulphate,AS-9055,AS9055,,false,2022-10,2024-09,10/2022,09/2024,"M/s. Priya Pharmaceuticals 109/397, Nehru Nagar, Kanpur-208012, Uttar Pradesh",priya pharmaceuticals 109 397,"Description, pH, Particulate Matter, Extractable Volume","CDL, Kolkata",,,batch note: Two different samples received with same batch number,1.0
2024-08,central,nsq,false,data/raw/cdsco_alerts/central/2024-08_central_nsq.pdf,5,30,30,Atropine Sulphate Injection I.P. (Atropine Sulphate),Atropine Sulphate,AS-9057,AS9057,,false,2023-04,2025-03,04/2023,03/2025,"M/s. Priya Pharmaceuticals 109/397, Nehru Nagar, Kanpur-208012, Uttar Pradesh",priya pharmaceuticals 109 397,"Description, Particulate Matter, Extractable Volume, Assay","CDL, Kolkata",,,batch note: Two different samples received with same batch number,1.0
2024-08,central,nsq,false,data/raw/cdsco_alerts/central/2024-08_central_nsq.pdf,5,31,31,Atropine Sulphate Injection I.P. (Atropine Sulphate),Atropine Sulphate,AS-9057,AS9057,,false,2023-04,2025-03,04/2023,03/2025,"M/s. Priya Pharmaceuticals 109/397, Nehru Nagar, Kanpur-208012, Uttar Pradesh",priya pharmaceuticals 109 397,"Description, Particulate Matter, Extractable Volume, Assay","CDL, Kolkata",,,batch note: Two different samples received with same batch number,1.0
2024-08,central,nsq,false,data/raw/cdsco_alerts/central/2024-08_central_nsq.pdf,5,32,32,"Salbutamol, Bromhexine HCI, Guaifenesin and Menthol Syrup(Acozil Expectorant)",Acozil Expectorant,A-244003,A244003,,false,2024-04,2027-03,04/2024,03/2027,"M/s. Antila Lifesciences Pvt Ltd, Plot No. P-2, Savli Bio-Tech Park, At-Manjusar, Tal-Savli, Dist- Vadodara-391775, Gujarat,",antila lifesciences pvt ltd,Not of Standard Quality,CDTL-Mumbai,,,,1.0
2024-08,central,nsq,false,data/raw/cdsco_alerts/central/2024-08_central_nsq.pdf,6,33,33,Diclofenac Sodium IP,,DFS-2405031,DFS2405031,,true,2024-05,2029-04,05/2024,04/2029,"M/s. Sara Exports Ltd. Plot No. 35, 35/1 & 36, South Side of GT Road, Industrial Area, Ghaziabad-201009 Uttar Pradesh,",sara exports ltd plot no 35,Not of Standard Quality,CDTL-Mumbai,,,,1.0
2024-08,central,nsq,false,data/raw/cdsco_alerts/central/2024-08_central_nsq.pdf,6,34,34,Escitalopram and Clonazepam Tablets IP (Klozaps-ES Tablets),Klozaps-ES,NTD0203,NTD0203,,false,2023-12,2025-11,12/2023,11/2025,"M/.s Digital Vision, 176, Mauza Ogli, Nahan Road, Kala-Amb, Distt. Sirmour (H.P.)-173030",m s digital vision,Assay of Escitalopram Oxalate calculated as Escitalopram and Clonazepam,"RDTL, Chandigarh",,,,1.0
2024-08,central,nsq,false,data/raw/cdsco_alerts/central/2024-08_central_nsq.pdf,6,35,35,Phenytoin Sodium Injection USP,,HIPY23012C,HIPY23012C,,false,2023-10,2025-09,10/2023,09/2025,"M/.s Health Biotech Ltd., Village Sandoli, Nalagarh Road, Baddi, Distt. Solan (H.P.) India-173205",m s health biotech ltd,"Alcohol, Propylene Glycol and Particulate Matter","RDTL, Chandigarh",,,,1.0
2024-08,central,nsq,false,data/raw/cdsco_alerts/central/2024-08_central_nsq.pdf,6,36,36,"Paracetamol, Phenylephrine Hydrochloride and Cetirizine Hydrochloride Suspension (Cethel Cold DS Suspension)",Cethel Cold DS,WPS-013,WPS013,,false,2024-04,2026-03,04/2024,03/2026,"M/s. Win Cure Pharma, Plot No. 21, DIC, Baddi (H.P.) 173205",win cure pharma,"Assay of Paracetamol, Phenylephrine Hydrochloride and Cetirizine Hydrochloride","RDTL, Chandigarh",,,,1.0
2024-08,central,nsq,false,data/raw/cdsco_alerts/central/2024-08_central_nsq.pdf,6,37,37,Calcium 500 mg with Vitamin D3 250 IU Tablets IP,,LMT231058,LMT231058,,false,2023-12,2025-11,12/2023,11/2025,"M/s. Life Max Cancer Laboratories, Plot No. 106 & 106 A, Sector 6A, IIE, SIDCUL, Haridwar249403 (U.K)",life max cancer laboratories,Assay of Calcium and vitamin D3 and Dissolution of Calcium,"RDTL, Guwahati",,,,1.0
2024-08,central,nsq,false,data/raw/cdsco_alerts/central/2024-08_central_nsq.pdf,6,38,38,Amoxycillin and Potassium Clavulanate Tablets IP 625 mg (Renamega- CV 625),Renamega- CV 625,MD19AA08,MD19AA08,,false,2023-10,2025-09,10/2023,09/2025,"M/s. Malik Lifesciences Pvt. Ltd. (A Subsidiary of Akums Drugs & Pharmaceuticals Ltd.) Plot No. Vardhman, Indl. Estate, N.H.58, Haridwar-247667 (Uttarakhand)",malik lifesciences pvt ltd plot no vardhman,Assay and Uniformity of content of Clavulanic Acid and Dissolution of Amoxycillin and Clavulanic Acid,"RDTL, Guwahati",,,,1.0
2024-08,central,nsq,false,data/raw/cdsco_alerts/central/2024-08_central_nsq.pdf,6,39,39,Olmesartan Medoxomil Tablets IP 40 mg,,LMT240387,LMT240387,,false,2024-03,2026-02,03/2024,02/2026,"M/s. Life Max Cancer Laboratories, Plot No. 106 & 106 A, Sector 6A, IIE, SIDCUL, Haridwar249403 (U.K)",life max cancer laboratories,Dissolution of Olmesartan Medoxomil,"RDTL, Guwahati",,,,1.0
2024-08,central,nsq,false,data/raw/cdsco_alerts/central/2024-08_central_nsq.pdf,7,40,40,INFUSION SET-NV,,KT-015,KT015,,false,2024-01,2026-12,01/2024,12/2026,"M/s. MEDIVISION HEALTHCARE, 84/4 Span Industrial Complex. Second Floor, Phase-1, 'F' Road, Opp. Kotak Mahindra Bank, G.I. D.C. Vatva, Ahmedabad- 382445",medivision healthcare,Sterility,"RDTL, Guwahati",,,,1.0
2024-08,central,nsq,false,data/raw/cdsco_alerts/central/2024-08_central_nsq.pdf,7,41,41,Telmisartan Tablets IP 40 mg,,LMT240528,LMT240528,,false,2024-05,2026-04,05/2024,04/2026,"M/s. Life Max Cancer Laboratories, Plot No. 106 & 106 A, Sector 6A, IIE, SIDCUL, Haridwar249403 (U.K)",life max cancer laboratories,Description,"RDTL, Guwahati",,,,1.0
2024-08,central,nsq,false,data/raw/cdsco_alerts/central/2024-08_central_nsq.pdf,7,42,42,Telmisartan Tablets IP 40 mg,,LMT240502,LMT240502,,false,2024-04,2026-03,04/2024,03/2026,"M/s. Life Max Cancer Laboratories, Plot No. 106 & 106 A, Sector 6A, IIE, SIDCUL, Haridwar249403 (U.K)",life max cancer laboratories,Description,"RDTL, Guwahati",,,,1.0
2024-08,central,nsq,false,data/raw/cdsco_alerts/central/2024-08_central_nsq.pdf,7,43,43,Telmisartan Tablets IP 40 mg,,LMT240502,LMT240502,,false,2024-04,2026-03,04/2024,03/2026,"M/s. Life Max Cancer Laboratories, Plot No. 106 & 106 A, Sector 6A, IIE, SIDCUL, Haridwar249403 (U.K)",life max cancer laboratories,Description,"RDTL, Guwahati",,,,1.0
2024-08,central,nsq,false,data/raw/cdsco_alerts/central/2024-08_central_nsq.pdf,7,44,44,Telmisartan Tablets IP 40 mg,,251TTF011,251TTF011,,false,2023-07,2025-06,07/2023,06/2025,"M/s. Swiss Garnier Life Science, 21-23, Industrial Area, Mehatpur, Dist. Una, , Himachal Pradesh-174315. Iindia",swiss garnier life science,Dissolution,"RDTL, Guwahati",,,,1.0
2024-08,central,nsq,false,data/raw/cdsco_alerts/central/2024-08_central_nsq.pdf,7,45,45,Alprazolam Tablets IP 0.25 mg (Erazol-0.25 Tablets),Erazol-0.25,16747,16747,,false,2023-08,2025-07,08/2023,07/2025,"M/s. ELIKEM Pharmaceuticals Private Limited, 816/1, Rakanpur, Ta. Kalol, Dist. Gandhinagar, Guj. 382721",elikem pharmaceuticals private limited,Dissolution,"RDTL, Guwahati",,,,1.0
2024-08,central,nsq,false,data/raw/cdsco_alerts/central/2024-08_central_nsq.pdf,7,46,46,GLIMEPIRIDE TABLETS IP (2 mg),,MT234799,MT234799,,false,2023-11,2025-10,11/2023,10/2025,"M/s, Mascot Health Series Pvt. Ltd., 79 & 80, Sec-6A, IIE Sidcul Haridwar-249403",,Description,"RDTL, Guwahati",,,,1.0
2024-08,central,nsq,false,data/raw/cdsco_alerts/central/2024-08_central_nsq.pdf,8,47,47,Calcium and Vitamin D3 Tablets I.P.,,UDT11151,UDT11151,,false,2023-08,2025-01,08/2023,01/2025,"M/s. Unicure India Ltd., C-21, 22 & 23, Sector-3, Noida-201 301 Distt. Gautam Budh Nagar (U.P.)",unicure india ltd,Assay of vitamin D3,"RDTL, Guwahati",,,,1.0
2024-08,central,nsq,false,data/raw/cdsco_alerts/central/2024-08_central_nsq.pdf,8,48,48,Metronidazole Tablets IP 400mg,,HMAA04,HMAA04,,false,2023-07,2025-06,07/2023,06/2025,"M/s. HINDUSTAN ANTIBIOTICS LTD. (A Government of India Enterprises) at 11, W.E. A. Faridabad - 121001 (Haryana) R.O.:Pimpri, Pune-411018,INDIA",hindustan antibiotics ltd at 11,Dissolution,"RDTL, Guwahati",,,,1.0
2024-09,central,nsq,false,data/raw/cdsco_alerts/central/2024-09_central_nsq.pdf,1,1,1,Metronidazole Tablets I.P. 400 mg,,HMAA04,HMAA04,,false,2023-07,2025-06,07/2023,06/2025,"M/s. Hindustan Antibiotics Ltd., At: 11 W.E.A. Faridabad - 121001 (Haryana) R.O. Pimpri, Pune - 411 018, India",hindustan antibiotics ltd,Dissolution,"CDL, Kolkata",,,,1.0
2024-09,central,nsq,false,data/raw/cdsco_alerts/central/2024-09_central_nsq.pdf,1,2,2,Domperidon Suspension (Vomitel),Vomitel,U587F2401,U587F2401,,false,2024-06,2026-05,06/2024,05/2026,"M/s. Rainbow Life Sciences Pvt. Ltd., C/o. Unijules Life Sciences Ltd., B-35, 36, MIDC Kalmeshwar, Nagpur 441 501.",rainbow life sciences pvt ltd,Assay,"CDL, Kolkata",,,,1.0
2024-09,central,nsq,false,data/raw/cdsco_alerts/central/2024-09_central_nsq.pdf,1,3,3,Oxytocin Injection I.P. 5 IU/1 ml,,OTC-382A,OTC382A,,false,2023-04,2025-03,04/2023,03/2025,"M/s. Pushkar Pharma, Kheri, Kala Amb - 173030 (H.P.).",pushkar pharma,"Description, Particulate matter & Assay of Oxytocin","CDL, Kolkata",,,,1.0
2024-09,central,nsq,false,data/raw/cdsco_alerts/central/2024-09_central_nsq.pdf,1,4,4,Metformin Hydrochloride 500 mg SR & Glimepiride 2 mg Tablets IP (SPAMET GM 2 Tablets),SPAMET GM 2,TF147A,TF147A,,false,2024-02,2026-01,02/2024,01/2026,"M/s. Swiss Biotech Parenterals , Kewat No. 1138, VPO - Kachhwa, Karnal-132001, Haryana",swiss biotech parenterals,Dissolution of Glimepiride,"CDL, Kolkata",,,,1.0
2024-09,central,nsq,false,data/raw/cdsco_alerts/central/2024-09_central_nsq.pdf,1,5,5,Diclofenac Sodium Tablets IP 50 mg,,HDFA02,HDFA02,,false,2023-11,2025-10,11/2023,10/2025,"M/s. Hindustan Antibiotics Ltd., At: 11 W.E.A. Faridabad - 121001 (Haryana) R.O. Pimpri, Pune - 411 018, India",hindustan antibiotics ltd,Dissolution,"CDL, Kolkata",,,,1.0
2024-09,central,nsq,false,data/raw/cdsco_alerts/central/2024-09_central_nsq.pdf,2,6,6,Calcium Gluconate Injection I.P. 10 ml,,MA24E55,MA24E55,,false,2024-05,2026-04,05/2024,04/2026,"M/s. Martin & Brown Biosciences Pvt. Ltd., K. No. 918/419, Malkumajra, Nalagarth Road, Baddi, Dist. Solan (H.P.) 173205",martin brown biosciences pvt ltd,Description & Particulate matter,"CDL, Kolkata",,,,1.0
2024-09,central,nsq,false,data/raw/cdsco_alerts/central/2024-09_central_nsq.pdf,2,7,7,Oxytocin Injection I.P. 1 ml,,22X23002,22X23002,,false,2023-07,2027-06,07/2023,06/2027,"M/s. Radiant Parenterals Ltd., 242/4, 5 & 6, G.I.D.C. Estate at & Post Waghodia, Dist. Vadodara, Gujarat 391 760.",radiant parenterals ltd,Assay,"CDL, Kolkata",,,,1.0
2024-09,central,nsq,false,data/raw/cdsco_alerts/central/2024-09_central_nsq.pdf,2,8,8,Ceftriiaxone Injection I.P. 1g,,324476,324476,,false,2024-04,2026-03,04/2024,03/2026,"M/s. Zee Laboratories Ltd., Behind 47, Industrial Area, Paonta Sahib-173025",zee laboratories ltd,Particulate Matter & Clarity of Solution,"CDL, Kolkata",,,,1.0
2024-09,central,nsq,false,data/raw/cdsco_alerts/central/2024-09_central_nsq.pdf,2,9,9,Gentamycin Sulphate Injection I.P. 40 mg/ml,,324-564,324564,,false,2024-05,2026-04,05/2024,04/2026,"M/s. Zee Laboratories Ltd., Behind 47, Industrial Area, Paonta Sahib-173025",zee laboratories ltd,Description & Particulate matter,"CDL, Kolkata",,,,1.0
2024-09,central,nsq,false,data/raw/cdsco_alerts/central/2024-09_central_nsq.pdf,2,10,10,Glycopyrrolate 0.5 mg / 5ml + Neostigmine methysulfate Injection 2.5 mg / 5ml) (Stimin),Stimin,GNI2406AC,GNI2406AC,,false,2024-07,2026-06,07/2024,06/2026,"M/s. Celon Laboratories Pvt. Ltd., Plot No. 2, ALEAP Industrial Estate, Gajularamaram, Medchal District - 500 090, Telangana State, India.",celon laboratories pvt ltd,Description & Clarity of Solution,"CDL, Kolkata",,,,1.0
2024-09,central,nsq,false,data/raw/cdsco_alerts/central/2024-09_central_nsq.pdf,2,11,11,Ketoconazole Cream BP (Nozal Cream),Nozal Cream,4129,4129,,false,2024-07,2026-06,01/07/2024,30/06/20 26,"M/s. Olcare Laboratories 505/A, GIDC Estate, Wadhwan City - 363035, Dist. Surendranagar, Gujarat",olcare laboratories 505 a,Assay,"CDL, Kolkata",,,,1.0
2024-09,central,nsq,false,data/raw/cdsco_alerts/central/2024-09_central_nsq.pdf,3,12,12,Heparin Sodium Injection IP 5000 IU / 5ml (Hepathin 5000 Injection 5 ml / vial),,L1192317G,L1192317G,,false,2023-08,2025-07,08/2023,07/2025,"M/s. Protech Telelinks, Mauza Ogli, Suketi Road, Kala Amb, Dist-Sirmour (H.P.) 173030",protech telelinks,Description & Particulate matter,"CDL, Kolkata",,,,1.0
2024-09,central,nsq,false,data/raw/cdsco_alerts/central/2024-09_central_nsq.pdf,3,13,13,Heparin Sodium Injection IP 5000 IU / 5ml (Hepathin 5000 Injection 5 ml / vial),,L1192317C,L1192317C,,false,2023-08,2025-07,08/2023,07/2025,"M/s. Protech Telelinks, Mauza Ogli, Suketi Road, Kala Amb, Dist-Sirmour (H.P.) 173030",protech telelinks,"Description, Particulate matter and Assay of Heparin (Anti-factor IIa activity)","CDL, Kolkata",,,,1.0
2024-09,central,nsq,false,data/raw/cdsco_alerts/central/2024-09_central_nsq.pdf,3,14,14,Gentamicin Injection I.P. (Gentagain ),Gentagain,IGMJ330,IGMJ330,,false,2023-10,2025-09,10/2023,09/2025,"M/s. Regain Laboratories 134/5, HTM Road, Raipur Lane, Hisar-125001",regain laboratories 134 5,Description & Particulate matter,"CDL, Kolkata",,,,1.0
2024-09,central,nsq,false,data/raw/cdsco_alerts/central/2024-09_central_nsq.pdf,3,15,15,Glipizide Tablets I.P. 5 mg,,Z24-187,Z24187,,false,2024-02,2026-01,02/2024,01/2026,"M/s. Zee Laboratories Ltd., Behind 47, Industrial Area, Paonta Sahib-173205",zee laboratories ltd,Dissolution,"CDL, Kolkata",,,,1.0
2024-09,central,nsq,false,data/raw/cdsco_alerts/central/2024-09_central_nsq.pdf,3,16,16,Omeprazole & Domperidone Capsules IP (Omerin-D Capsules),Omerin-D,RC-331223,RC331223,,false,2023-12,2025-11,12/2023,11/2025,"M/s. Renowed Life Sciences, Plot No-12, Sector-6B, SIDCUL,, Haridwar, Uttarakhand (India) 249403",renowed life sciences,Dissolution of Omeprazole,"CDL, Kolkata",,,,1.0
2024-09,central,nsq,false,data/raw/cdsco_alerts/central/2024-09_central_nsq.pdf,3,17,17,"Dried Aluminium Hydroxide, Magnesium Hydroxide & Activated Dimethicone Suspension (Chill Acid MPS)",Chill Acid MPS,DNS-2210001,DNS2210001,,true,2022-10,2024-09,10/2022,09/2024,"M/s. Devout Nord (I) Ltd., Plot No. 28B, Sector-8B, IIE, Sidcul, Haridwar-249 403 (U.K).",devout nord ltd,"Description, Microbial Limit Test, Identification and Assay of Activated Dimethicone","CDL, Kolkata",,,,1.0
2024-09,central,nsq,false,data/raw/cdsco_alerts/central/2024-09_central_nsq.pdf,4,18,18,Nimesulide & Paracetamol Tablets (Nimuvent-P Tablets),Nimuvent-P,GD332005,GD332005,,false,2022-04,2025-03,04/2022,03/2025,"M/s. Innova Captab Limited, 1281/1, Hilltop Industrial Estate, Near EPIP, Phase-I, Jharmajri, Baddi, Dist. Solan (H.P.)",innova captab limited,Description,"CDL, Kolkata",,,,1.0
2024-09,central,nsq,false,data/raw/cdsco_alerts/central/2024-09_central_nsq.pdf,4,19,19,Cipronir 500 (Ciprofloxacin Tablets IP 500 mg),,CCF212003,CCF212003,,false,2022-12,2025-11,12/2022,11/2025,"M/s. Celebrity Biopharma Ltd., Vill. Panga, Via - Jharmajri, Hill Top Estate, Barotiwala, Distt. Solan, H.P. 174103",celebrity biopharma ltd,Dissolution,"CDL, Kolkata",,,,1.0
2024-09,central,nsq,false,data/raw/cdsco_alerts/central/2024-09_central_nsq.pdf,4,20,20,Ofloxacin & Ornidazole Tablets I.P. (SMB OZ TABLETS),SMB OZ,B22-114,B22114,,false,2022-08,2025-07,08/2022,07/2025,"M/s. Saint Michael Biotech, No. 130, Village Kurdi, Manglore, Jharbrera Road, Roorkee-247656 (Haridwar) (U.K.)",saint michael biotech,Dissolution of Ofloxacin & Ornidazole,"RDTL, Guwahati",,,,1.0
2024-09,central,nsq,false,data/raw/cdsco_alerts/central/2024-09_central_nsq.pdf,4,21,21,Calcium 500 mg and Vitamin D3 250 IU Tablets IP,,LMT240025,LMT240025,,false,2024-01,2025-12,01/2024,12/2025,"M/s. Life Max Cancer Laboratories, Plot No. 106 & 106 A, Sector 6A, IIE, SIDCUL, Haridwar249403 (U.K)",life max cancer laboratories,Assay of Calcium and Vitamin D3 and Dissolution of Calcium,"RDTL, Guwahati",,,,1.0
2024-09,central,nsq,false,data/raw/cdsco_alerts/central/2024-09_central_nsq.pdf,4,22,22,Loperamide Hydrochloride Tablets I.P. 2 mg (LOMJAN),LOMJAN,L-2401,L2401,,false,2024-01,2025-12,01/2024,12/2025,"M/s.Arya Pharmaceuticals, 111-c, Industrial Estate, Indore-15.",arya pharmaceuticals,Dissolution and Assay/ Content of Loperamide Hydrochloride and Description,"RDTL, Guwahati",,,,1.0
2024-09,central,nsq,false,data/raw/cdsco_alerts/central/2024-09_central_nsq.pdf,4,23,23,Glimepiride Tablets IP 1 mg,,LMT240339,LMT240339,,false,2024-03,2026-02,03/2024,02/2026,"M/s. Life Max Cancer Laboratories, Plot No. 106 & 106 A, Sector6A, IIE, SIDCUL, Haridwar249403 (U.K)",life max cancer laboratories,Dissolution,"RDTL, Guwahati",,,,1.0
2024-09,central,nsq,false,data/raw/cdsco_alerts/central/2024-09_central_nsq.pdf,5,24,24,Fexofenadine Hydrochloride Tablets I.P.,,658-021,658021,,false,2023-11,2025-10,11/2023,10/2025,"M/s. Signature Phytochemical Industries, 122, MI, Selaqui Industrial Area, Dehradun - 248 011.",signature phytochemical industries,Dissolution,"RDTL, Guwahati",,,,1.0
2024-09,central,nsq,false,data/raw/cdsco_alerts/central/2024-09_central_nsq.pdf,5,25,25,Glimepiride Tablets I.P. 2 mg,,LMT240157,LMT240157,,false,2024-02,2026-01,02/2024,01/2026,"M/s. Life Max Cancer Laboratories, Plot No. 106 & 106 A, Sector6A, IIE, SIDCUL, Haridwar249403 (U.K)",life max cancer laboratories,Dissolution,"RDTL, Guwahati",,,,1.0
2024-09,central,nsq,false,data/raw/cdsco_alerts/central/2024-09_central_nsq.pdf,5,26,26,Pantoprazole Gastro-resistant Tablets IP.. (PAN 40),PAN 40,22442076,22442076,,false,2022-07,2024-12,07/2022,12/2024,"M/s. Alkem Health Science, A Unit Of Alkem Laboratories Limited, Unit-2, Samardung, Karek Block, P.O.: Namthang, South Sikkim - 737 137.",alkem health science,Assay and Dissolution in acid stage,"RDTL, Guwahati",,,,1.0
2024-09,central,nsq,false,data/raw/cdsco_alerts/central/2024-09_central_nsq.pdf,5,27,27,Cefpodoxime Tablets IP 200 mg (Monocef-O 200),Monocef-O 200,BPH232520,BPH232520,,false,2023-08,2025-07,08/2023,07/2025,"M/s. Aristo Pharmaceuticals Pvt. Ltd., Village: Makhnumajra. P.O.- Bhud, Baddi, Dist: Solan (H.P.)- 173205",aristo pharmaceuticals pvt ltd,Identification and Assay/ Content of Cefpodoxime,"RDTL, Guwahati",,,,1.0
2024-09,central,nsq,false,data/raw/cdsco_alerts/central/2024-09_central_nsq.pdf,5,28,28,Cefpodoxime Tablets IP 200 mg (Monocef-O 200),Monocef-O 200,BPD231045,BPD231045,,false,2023-04,2025-03,04/2023,03/2025,"M/s. Aristo Pharmaceuticals Pvt. Ltd., Village: Makhnumajra. P.O.- Bhud, Baddi, Dist: Solan (H.P.)- 173205",aristo pharmaceuticals pvt ltd,Identification and Assay/ Content of Cefpodoxime,"RDTL, Guwahati",,,,1.0
2024-09,central,nsq,false,data/raw/cdsco_alerts/central/2024-09_central_nsq.pdf,5,29,29,Amoxicillin And Potassium Clavulanate Tablets I.P. (CLAVAM 625),CLAVAM 625,23443940,23443940,,false,2023-11,2025-04,11/2023,04/2025,"M/s.Alkem Health Science, A Unit of Alkem Laboratories Limited, Unit-2, Samardung, Karek Block, P.O. Namthang, South Sikkim - 737 137.",alkem health science,"Identification, Dissolution and Assay of Amoxicillin and Clavulanic Acid","RDTL, Guwahati",,,,1.0
2024-09,central,nsq,false,data/raw/cdsco_alerts/central/2024-09_central_nsq.pdf,6,30,30,Fexofenadine Hydrochloride Tablets IP,,T-2403971,T2403971,,false,2024-03,2026-02,03/2024,02/2026,"M/s. Oscar Remedies Pvt. Ltd., Oscar House, Badi Majra, Yamuna Nagar - 135 001 (HR)",oscar remedies pvt ltd,Uniformity of Weight and Dissolution,"RDTL, Guwahati",,,,1.0
2024-09,central,nsq,false,data/raw/cdsco_alerts/central/2024-09_central_nsq.pdf,6,31,31,Ciprofloxacin Tablets IP 500 mg (CIPRODAC 500),CIPRODAC 500,JKBD24009,JKBD24009,,false,2024-01,2026-12,01/2024,12/2026,"M/s.Cadila Pharmaceuticals Limited,, Industrial Growth Center, Samba -184 121, State of J & K",cadila pharmaceuticals limited,Dissolution of Ciprofloxacin,"RDTL, Guwahati",,,,1.0
2024-09,central,nsq,false,data/raw/cdsco_alerts/central/2024-09_central_nsq.pdf,6,32,32,Ramipril Tablets I.P. 2.5 mg,,RT-231084,RT231084,,false,2023-10,2025-09,10/2023,09/2025,"M/s.Relief Biotech Pvt. Ltd., Khasra No. 72, Makhyali Dundi, Peerpura Road, Roorkee Bypass, Delhi Road, Manglour, Roorkee - 247656, Haridwar (U.K.).",relief biotech pvt ltd,Assay of Ramipril,"RDTL, Guwahati",,,,1.0
2024-09,central,nsq,false,data/raw/cdsco_alerts/central/2024-09_central_nsq.pdf,6,33,33,COMPOUND SODIUM LACTATE INJECTION I.P. (RL),,03BF2475,03BF2475,,false,2024-04,2027-03,04/2024,03/2027,"M/s.Paschim Banga Pharmaceuticals, NH-31, TIN MILE HAT, SONAPUR HAT, P. S. CHOPRA, DISTRICT-UTTAR DINAJPORE, PIN-733214 (W.B.)",paschim banga pharmaceuticals,Bacterial Endotoxins Test,"RDTL, Guwahati",,,,1.0
2024-09,central,nsq,false,data/raw/cdsco_alerts/central/2024-09_central_nsq.pdf,6,34,34,Promethazine Hydrochloride Injection I.P. (PHENERGAN),PHENERGAN,AHH0367,AHH0367,,false,2022-12,2025-11,12/2022,11/2025,"M/s.Nitin Lifesciences Ltd., Rampur Road, Paonta Sahib, Dist. Sirmour - 173025 (H.P.), India",nitin lifesciences ltd,Assay of Promethazine Hydrochloride,"RDTL, Guwahati",,,,1.0
2024-09,central,nsq,false,data/raw/cdsco_alerts/central/2024-09_central_nsq.pdf,6,35,35,Paracetamol Paediatric Oral Suspension IP,,V0244001,V0244001,,false,2024-02,2026-01,02/2024,01/2026,"M/s.Vivimed Labs Limited., Plot No. 25, Kundeshwari Village, Kashipur 244713, Uttarakhand.",vivimed labs limited,Related Substances,CDTL-Mumbai,,,,1.0
2024-09,central,nsq,false,data/raw/cdsco_alerts/central/2024-09_central_nsq.pdf,7,36,36,"Aluminum Hydroxide, Simethicone & Magnesium Hydroxide Suspension (Spisam Gel)",Spisam Gel,L22455,L22455,,false,2022-12,2024-11,12/2022,11/2024,"M/s.Aan Pharma Pvt. Ltd., 816/1, Rakanpur, Tal. Kalol, Dist. Gandhinagar, 380060, Gujarat, (India)",aan pharma pvt ltd,"Assay / Content of Magnesium Hydroxide, Simethicone and Aluminium Hydroxide gel",CDTL-Mumbai,,,,1.0
2024-09,central,nsq,false,data/raw/cdsco_alerts/central/2024-09_central_nsq.pdf,7,37,37,Gentamicin Sulphate Injection IP (P-Genta Injection),P-Genta,PA022415,PA022415,,false,2024-02,2026-01,02/2024,01/2026,"M/s.Primus Pharmaceuticals, Sadhoura Road, Mouza ogli Khari Vill Asgarpur Majra, Kala Amb. Distt. Sirmour-(H. P.) 173030",primus pharmaceuticals,pH,CDTL-Mumbai,,,,1.0
2024-09,central,nsq,false,data/raw/cdsco_alerts/central/2024-09_central_nsq.pdf,7,38,38,Fluconazole Tablets IP 150 mg (Flucse - 150),Flucse - 150,CHT23621,CHT23621,,false,2024-02,2026-01,02/2024,01/2026,"M/s.Cureza Healthcare Pvt. Ltd., A.B. Road, Girwai- 474001",cureza healthcare pvt ltd,Uniformity of weight,CDTL-Mumbai,,,,1.0
2024-09,central,nsq,false,data/raw/cdsco_alerts/central/2024-09_central_nsq.pdf,7,39,39,BISACODYL TABLETS I.P. (Bisalax Tablets),Bisalax,T-14996,T14996,,false,2022-12,2025-05,12/2022,05/2025,"M/s. Karnani Pharmaceutical Pvt. Ltd., Fact. 38, Pharma City, Selaqui Dehradun- 248011 (Uttarakhand)",karnani pharmaceutical pvt ltd,"Dissolution (Buffer stage), Related substances and Assay of Bisacodyl",CDTL-Mumbai,,,,1.0
2024-09,central,nsq,false,data/raw/cdsco_alerts/central/2024-09_central_nsq.pdf,7,40,40,Cetirizine Dihydrochloride Syrup (Citrize-P),Citrize-P,275,275,,false,2024-06,2026-05,06/2024,05/2026,"M/s. Arrow Pharma, Palia road, Hatod-453111",arrow pharma,pH,"CDTL, Hyderabad",,,,1.0
2024-09,central,nsq,false,data/raw/cdsco_alerts/central/2024-09_central_nsq.pdf,7,41,41,Ifosfamide for Injection IP with Mesna Injection (Celofos 1000 Injection),Celofos 1000,OL0492,OL0492,2024-09_central_nsq-p7-r41,false,,,08/2023 (for Ifosfamide) 08/2023 (for Mesna),07/2025 (for Ifosfamid e) 07/2026(f or Mesna),"M/s. Kwality Pharmaceuticals Limited,1-A,Industrial Area,Raja Ka Bagh, Tehsil Nurpur, Kangra-176201(India)",kwality pharmaceuticals limited,Water and Assay of Ifosfamide,"RDTL,Chandigarh",,,batch note: for Ifosfamide for Mesna,0.7
2024-09,central,nsq,false,data/raw/cdsco_alerts/central/2024-09_central_nsq.pdf,7,41,41,Ifosfamide for Injection IP with Mesna Injection (Celofos 1000 Injection),Celofos 1000,GN2064,GN2064,2024-09_central_nsq-p7-r41,false,,,08/2023 (for Ifosfamide) 08/2023 (for Mesna),07/2025 (for Ifosfamid e) 07/2026(f or Mesna),"M/s. Kwality Pharmaceuticals Limited,1-A,Industrial Area,Raja Ka Bagh, Tehsil Nurpur, Kangra-176201(India)",kwality pharmaceuticals limited,Water and Assay of Ifosfamide,"RDTL,Chandigarh",,,batch note: for Ifosfamide for Mesna,0.7
2024-09,central,nsq,false,data/raw/cdsco_alerts/central/2024-09_central_nsq.pdf,8,42,42,"Aceclofenac 100 mg, Serratiopeptidas e 15 mg & Paracetamol 325 mg Tablets(ZEROD OL-SP TABLETS)",ZEROD OL-SP,FND033076AS,FND033076AS,,true,2023-08,2026-01,08/2023,01/2026,"M/s. Ipca Laboratories Ltd. .,393/394, Melli Jorethang Road, Gom Block, Bharikhola, South District, Sikkim-737 121",ipca laboratories ltd,Identification and Assay of Aceclofenac Serratiopeptidas e and Paracetamol,"RDTL,Chandigarh",,,,1.0
2024-09,central,nsq,false,data/raw/cdsco_alerts/central/2024-09_central_nsq.pdf,8,43,43,Ofloxacin and Ornidazole Intra Uterine Solution (Vet.) (UTROCLEAR-OZ SOLUTION),UTROCLEAR-OZ SOLUTION,V-2727,V2727,,false,2024-01,2025-12,01/2024,12/2025,"M/s. Ramson Remedies,186-187, Industrial Focal Point, Amritsar.",ramson remedies,Assay of Ofloxacin and Ornidazole,"RDTL,Chandigarh",,,,1.0
2024-09,central,nsq,false,data/raw/cdsco_alerts/central/2024-09_central_nsq.pdf,8,44,44,Bupropion Hydrochloride Extended Release Tablets USP (Nopion 150 Tablets),Nopion 150,GTD0768,GTD0768,,false,2023-11,2025-10,11/2023,10/2025,"M/s. Digital Vision, 176, Mauza Ogli, Nahan road, Kala-Amb, Distt. Sirmour (H.P.)-17030",digital vision,Description and Assay of Bupropion Hydrochloride,"RDTL,Chandigarh",,,,1.0
2024-09,central,nsq,false,data/raw/cdsco_alerts/central/2024-09_central_nsq.pdf,8,45,45,"Dextromethorph an Hydrobromide, Chlorpheniramin e Maleate and Phenylephrine Hydrochloride Syrup (COUGH-DM Cough Syrup)",COUGH-DM Cough,SHL3037,SHL3037,,false,2023-11,2025-10,11/2023,10/2025,"M/s.Sunfine Healthcare,Plot No. 63, Ind. Area Lodhimajra, Tehsil Baddi, Distt. Solan (H.P.) 173205",sunfine healthcare,Assay of Phenylphrine Hydrochloride,"RDTL,Chandigarh",,,,1.0
2024-09,central,nsq,false,data/raw/cdsco_alerts/central/2024-09_central_nsq.pdf,8,46,46,Cefoperazone and Sulbactam for Injection (KEFZONE-S INJECTION),KEFZONE-S,AB234007C,AB234007C,,false,2024-06,2026-05,06/2024,05/2026,"M/s.ANG Lifesciences India Ltd.,Village: Kishanpura, Nalagarh Road, Tehsil: Baddi, Distt.: Solan, HP-174101",ang lifesciences india ltd,Particulate Matter,"RDTL,Chandigarh",,,,1.0
2024-09,central,nsq,false,data/raw/cdsco_alerts/central/2024-09_central_nsq.pdf,9,47,47,Piperacillin and Tazobactam Injection IP (CASIDTAZ P Injection),CASIDTAZ P,AB154006B,AB154006B,,false,2024-06,2026-05,06/2024,05/2026,"M/s.ANG Lifesciences India Ltd.,Village: Kishanpura, Nalagarh Road, Tehsil: Baddi, Distt.: Solan, HP-174101",ang lifesciences india ltd,Particulate Matter,"RDTL,Chandigarh",,,,1.0
2024-09,central,nsq,false,data/raw/cdsco_alerts/central/2024-09_central_nsq.pdf,9,48,48,Methylcobalami n Injection 2500 mcg (NUROFENS-2500 Injection),NUROFENS-2500,SRID240101,SRID240101,,true,2024-04,2025-09,04/2024,09/2025,"M/s.Systole Remedies Pvt. Ltd.,Vill. Ogli, Kala Amb, Teh. Nahan, Distt. Sirmour (H.P.) - 173 030",systole remedies pvt ltd,Particulate matter and Assay of Methylcobalami n,"RDTL,Chandigarh",,,,1.0
2024-09,central,nsq,false,data/raw/cdsco_alerts/central/2024-09_central_nsq.pdf,9,49,49,Torsemide Tablets IP 10 mg (Torverge-10 Tablets),Torverge-10,GT7137A,GT7137A,,false,2023-03,2025-02,03/2023,02/2025,"M/s. J.M.LABORATORIES., Village-Bhanat, PO - Ghatti, Subathu Road, Solan (HP) 173211Himachal Pradesh - 173 205",j m laboratories,Assay of Torsemide,"RDTL,Chandigarh",,,,1.0
2024-10,central,nsq,false,data/raw/cdsco_alerts/central/2024-10_central_nsq.pdf,1,1,1,Absorbent Cotton Wool IP,,2013,2013,,false,2024-02,2027-01,02/2024,01/2027,"M/s. Jind Surgicals 24-27, HSIIDC Industrial Area, New Hansi Road, Jind-126 102, Haryana",jind surgicals 24 27,"Surface active Substances, Sulphated ash, Fluorescence, Water Soluble Substances","Central Drugs Laboratory, Kolkata",,,,1.0
2024-10,central,nsq,false,data/raw/cdsco_alerts/central/2024-10_central_nsq.pdf,1,2,2,Trypsin & Chymotrypsin Tablets (Lysoflam Forte),Lysoflam Forte,LFTF24002C,LFTF24002C,,false,2024-06,2026-05,06/2024,05/2026,"M/s. Cachet Pharmaceuticals Private Limited, Village - Thana, Baddi, Distt. Solan, Himachal Pradesh 173205",cachet pharmaceuticals private limited,Assay of Trypsin & Chymotrypsin,"Central Drugs Laboratory, Kolkata",,,,1.0
2024-10,central,nsq,false,data/raw/cdsco_alerts/central/2024-10_central_nsq.pdf,1,3,3,Chlorhexidine Gluconate Solution 4% w/v,,012,012,,false,2024-07,2026-06,07/2024,06/2026,"M/s. OVERSEAS CHEMICALS, Vill. Bonderbill (Sukanta Pally), Hooghly 712 247, W.B.",overseas chemicals,Assay,"Central Drugs Laboratory, Kolkata",,,,1.0
2024-10,central,nsq,false,data/raw/cdsco_alerts/central/2024-10_central_nsq.pdf,1,4,4,"Diclofenac Sodium, Paracetamol & Chlorzoxazone Tablets",,DCPT3310,DCPT3310,,false,2023-09,2025-08,09/2023,08/2025,"M/s. MODERN LABORATORIES, 45-47, Sector D-2, Industrial Area, Sanwar Road, Indore (M.P.) - 452 015.",modern laboratories,Disintegration,"Central Drugs Laboratory, Kolkata",,,,1.0
2024-10,central,nsq,false,data/raw/cdsco_alerts/central/2024-10_central_nsq.pdf,1,5,5,"Hydroquinone, Tretinoin & Allantoin Cream (Lumadip)",Lumadip,LD-18,LD18,,false,2023-12,2025-11,12/2023,11/2025,"M/s. Tosc International Pvt. Ltd., (Pharmaceutical Division), Plot No. 47, Sector-3, SIDCUL, Pantnagar-263153 (Rudrapur), Distt. Udham Singh Nagar, (Uttarakhand)",tosc international pvt ltd,Description & pH,"Central Drugs Laboratory, Kolkata",,,,1.0
2024-10,central,nsq,false,data/raw/cdsco_alerts/central/2024-10_central_nsq.pdf,2,6,6,Liposomal Amphotericinn B Injection 50mg (Ambilip),Ambilip,ALLC4A1,ALLC4A1,,false,2024-03,2026-02,03/2024,02/2026,"M/s. UNITED BIOTECH (P) LIMITED, Bagbania, Baddi-Nalagarh Road, Distt. Solan (HP) 174 101.",united biotech limited,Bacterial endotoxins and Assay of Amphotericin B,"Central Drugs Laboratory, Kolkata",,,,1.0
2024-10,central,nsq,false,data/raw/cdsco_alerts/central/2024-10_central_nsq.pdf,2,7,7,Ornidazole & Ofloxacin Tablets IP,,HOOA07,HOOA07,,false,2023-08,2025-07,08/2023,07/2025,"M/s. Hindustan Antibiotics Ltd., At 11, W.E.A. Faridabad 121 001 (Haryana).",hindustan antibiotics ltd,Description,"Central Drugs Laboratory, Kolkata",,,,1.0
2024-10,central,nsq,false,data/raw/cdsco_alerts/central/2024-10_central_nsq.pdf,2,8,8,Amlodipine and Perindopril Tablets (Amtas PRP),Amtas PRP,K2201310,K2201310,,false,2022-06,2025-05,06/2022,05/2025,"M/s. Intas Pharmaceuticals Ltd., Bhagey Khola Rangpo, East Sikkim 737 132, India.",intas pharmaceuticals ltd,Assay of Perindopril Erbumine,"Central Drugs Laboratory, Kolkata",,,,1.0
2024-10,central,nsq,false,data/raw/cdsco_alerts/central/2024-10_central_nsq.pdf,2,9,9,Decitabine for Injection 50 mg / vial,,H230266,H230266,,false,2023-03,2025-02,03/2023,02/2025,"M/s. Dr. Reddys Laboratories, Formulation Unit-7, Plot Nos. P1 to P9, Phase-III, VSEZ, Duvvada visakhapatnam",dr reddys laboratories,Water Content,"Central Drugs Laboratory, Kolkata",,,,1.0
2024-10,central,nsq,false,data/raw/cdsco_alerts/central/2024-10_central_nsq.pdf,2,10,10,Natamycin Ophthalmic Suspension IP (Nataprime Eye Drops),Nataprime Eye Drops,PE062308,PE062308,,false,2023-06,2025-05,06/2023,05/2025,"M/s. Primus Pharmaceuticals, Sadhoura Road, Mouza Ogli Khari, Vill. Asgarpur Majra, Kala Amb. Dist, Sirmour (H.P.)- 173030.",primus pharmaceuticals,Sterility,"Central Drugs Laboratory, Kolkata",,,,1.0
2024-10,central,nsq,false,data/raw/cdsco_alerts/central/2024-10_central_nsq.pdf,2,11,11,Iron Sucrose Injection USP 5 ml,,IRA12320,IRA12320,,false,2023-08,2025-07,08/2023,07/2025,"M/s. Nandani Medical Laboratories Pvt. Ltd., 221/5, Bicholi Hapsi, Kanadia Road, Indore, M.P.",nandani medical laboratories pvt ltd,"Specific Gravity, Particulate matter, Assay of Sucrose & Assay of Ferric Hydroxide with sucrose calculated as elemental Iron","Central Drugs Laboratory, Kolkata",,,,1.0
2024-10,central,nsq,false,data/raw/cdsco_alerts/central/2024-10_central_nsq.pdf,2,12,12,Paclitaxel Injection IP,,OI220089A,OI220089A,,false,2022-11,2024-10,11/2022,10/2024,"M/s. Cosmas Research Lab Ltd., Village: Gaunspura, P.O. Noorpur Bet, Hambram, Ludhiana-141008",cosmas research lab ltd,Description & Particulate Matter,"Central Drugs Laboratory, Kolkata",,,,1.0
2024-10,central,nsq,false,data/raw/cdsco_alerts/central/2024-10_central_nsq.pdf,3,13,13,Glucosamine Sulfate Potassium Chloride MSM and Diacerein Tablets (Orcerin GM ),Orcerin GM,KOO2207A,KOO2207A,,false,2022-05,2025-04,05/2022,04/2025,"M/s. MACLEODS PHARMACEUTICAL LTD., Khasra No. 21, 22, 66, 67 & 68, Aho-Yangtam, Namchepung, PO: Ranipool, Sikkim - 737 135.",macleods pharmaceutical ltd,Description,"Central Drugs Laboratory, Kolkata",,,,1.0
2024-10,central,nsq,false,data/raw/cdsco_alerts/central/2024-10_central_nsq.pdf,3,14,14,Iron Sucrose Injection USP 5 ml,,MA24B129,MA24B129,,false,2024-02,2026-01,02/2024,01/2026,"M/s. MARTIN & BROWN BIO-SCIENCES PVT. LTD., K. No. 918/419, Malkumajra, Nalagarh Road, Baddi, Dist-Solan (H.P) -173205",martin brown bio sciences pvt ltd,Particulate Matter,"Central Drugs Laboratory, Kolkata",,,,1.0
2024-10,central,nsq,true,data/raw/cdsco_alerts/central/2024-10_central_nsq.pdf,3,15,15,SUCRALFATE USP,,LSU2404015,LSU2404015,,false,2024-04,2029-03,04/2024,03/2029,"M/s. Legend Industries, (Unit-II) C1/200, 201/4, Phase-II, GIDC, Opp. Encore Ltd., Naroda, Ahmedabad-382330, Gujarat",legend industries,"Spurious, Identification & Assay","Central Drugs Laboratory, Kolkata",,,,1.0
2024-10,central,nsq,true,data/raw/cdsco_alerts/central/2024-10_central_nsq.pdf,3,16,16,SUCRALFATE USP,,SCF/24/0049,SCF240049,,false,2024-05,2029-04,05/2024,04/2029,"M/s. Par Drugs & Chemicals Limited, 333/1, 333/2, 334, 335, 336/A & B, 337, 338 GIDC Ind. Estate, Phase-2, Chitra, Bhavnagar-364004, Gujarat",par drugs chemicals limited,"Spurious, Identification & Assay","Central Drugs Laboratory, Kolkata",,,,1.0
2024-10,central,nsq,false,data/raw/cdsco_alerts/central/2024-10_central_nsq.pdf,3,17,17,Betamethasone Sodium Phosphate Injection I.P. (Betalone ),Betalone,IBT-11189,IBT11189,,false,2024-06,2026-05,06/2024,05/2026,"M/s. E.G. Pharmaceuticals, Vill. Mandhala, Teh. Baddi, Dist. Solan, H.P.",e g pharmaceuticals,Description & Particulate matter,"Central Drugs Laboratory, Kolkata",,,,1.0
2024-10,central,nsq,false,data/raw/cdsco_alerts/central/2024-10_central_nsq.pdf,3,18,18,Amoxycillin and Potassium Clavulanate for Injection IP 1.2 gm,,23AP10,23AP10,,false,2023-10,2025-09,10/2023,09/2025,"M/s. SAI Parenterals Limited, D1 & D4, Survey No. 280, Phase-V, IDA, Jeedimetla, Hyderabad - 500 055, Telangana, India",sai parenterals limited,Particulate matter & Clarity of Solution,"Central Drugs Laboratory, Kolkata",,,,1.0
2024-10,central,nsq,false,data/raw/cdsco_alerts/central/2024-10_central_nsq.pdf,4,19,19,Ciprofloxacin Injection IP 100 ml,,09AF0061,09AF0061,,false,2022-12,2025-11,12/2022,11/2025,"M/s. Paschim Banga Pharmaceuticals (A Unit of Farista Vanijya Pvt. Ltd), NH-31, Tin Mile Hat, P.S. Chopra, Dist-Uttar Dinajpur-733214 (WB)",paschim banga pharmaceuticals,Extractable Volume,"Central Drugs Laboratory, Kolkata",,,,1.0
2024-10,central,nsq,false,data/raw/cdsco_alerts/central/2024-10_central_nsq.pdf,4,20,20,Rosuvastatin Tablets IP (ROZUTIN- 10),ROZUTIN- 10,VDT-23531,VDT23531,,false,2023-06,2025-05,06/2023,05/2025,"M/s.Vidhyasha Pharmaceuticals, 28, Industrial Area, Johron, Trilokpur Road, Kala Amb, Distt-Sirmour, H.P. 173 030.",vidhyasha pharmaceuticals,Related Substances,"Central Drugs Laboratory, Kolkata",,,,1.0
2024-10,central,nsq,false,data/raw/cdsco_alerts/central/2024-10_central_nsq.pdf,4,21,21,Rabeprazole Sodium & Domperidone SR Capsules (RABALKEM-DSR),RABALKEM-DSR,RKBC22064S,RKBC22064S,,true,2022-12,2024-11,12/2022,11/2024,"M/s. Shiva Biogenetic Laboratories Pvt. Ltd., Vill-Manpura, Baddi, Dist. Solan, (H.P.) -174 101.",shiva biogenetic laboratories pvt ltd,Assay of Rabeprazole,"Central Drugs Laboratory, Kolkata",,,,1.0
2024-10,central,nsq,false,data/raw/cdsco_alerts/central/2024-10_central_nsq.pdf,4,22,22,"Aceclofenac, Paracetamol and Serratiopeptidase Tablets (Megaceclo SP)",Megaceclo SP,AMT2302037,AMT2302037,,false,2023-02,2025-01,02/2023,01/2025,"M/s. MARINE MEDICARE PVT. LTD., Village - Kulhariwala & P.O. Mandhala, Tehsil Baddi, Distt-Solan (H.P.), Pin-174103, India.",marine medicare pvt ltd,Description and Assay of Serratiopeptidase,"Central Drugs Laboratory, Kolkata",,,,1.0
2024-10,central,nsq,false,data/raw/cdsco_alerts/central/2024-10_central_nsq.pdf,4,23,23,Enrofloxacin Injection I.P. (Vet.) (ENROXACIN VET Injection),ENROXACIN VET,LV326,LV326,,false,2023-01,2024-12,01/2023,12/2024,"M/s. Lavista Ideal Pharmacy Pvt. Ltd., Lavista Ideal Pharmacy Pvt. Ltd., Back side of Tata Motor Vill-Nalka, PO - Manpura, Tehsil Baddi, Dist. Solan (HP) - 173205",lavista ideal pharmacy pvt ltd,pH,"Central Drugs Laboratory, Kolkata",,,,1.0
2024-10,central,nsq,false,data/raw/cdsco_alerts/central/2024-10_central_nsq.pdf,4,24,24,Rabeprazole Sodium (Enteric Coated) And Domperidone (Sustained Release) Capsules (ZABIL-DSR),ZABIL-DSR,UD2C-23469E,UD2C23469E,,true,2023-06,2025-05,06/2023,05/2025,"M/s. Ultra Drugs Pvt. Ltd., (Unit-II), HS No. 211, K. No. 77/1, 78/1, Vill. Katha, Baddi, Distt. Solan (H.P.) - 173 205.",ultra drugs pvt ltd,"Dissolution of Rabeprazole & Domperidone, Assay of Domperidone","Central Drugs Laboratory, Kolkata",,,,1.0
2024-10,central,nsq,false,data/raw/cdsco_alerts/central/2024-10_central_nsq.pdf,5,25,25,Calcium 500 mg with Vitamin D3 250 IU Tablets IP,,LMT240377,LMT240377,,false,2024-03,2026-02,03/2024,02/2026,"Life Max Cancer Laboratories, Plot No. 106 & 106 A, Sector6A, IIE, SIDCUL, Haridwar-249403 (U.K)",life max cancer laboratories,Dissolution of Calcium and Assay of Vitamin D3,"RDTL, Guwahati",,,,1.0
2024-10,central,nsq,false,data/raw/cdsco_alerts/central/2024-10_central_nsq.pdf,5,26,26,Glimepiride Tablets IP 2 mg,,LMT240333,LMT240333,,false,2024-03,2026-02,03/2024,02/2026,"Life Max Cancer Laboratories, Plot No. 106 & 106 A, Sector-6A, IIE, SIDCUL, Haridwar-249403 (U.K)",life max cancer laboratories,Dissolution,"RDTL, Guwahati",,,,1.0
2024-10,central,nsq,false,data/raw/cdsco_alerts/central/2024-10_central_nsq.pdf,5,27,27,Adrenaline Injection IP 1.8mg/ml (Adrenascot),Adrenascot,GA3A020,GA3A020,,false,2023-01,2024-12,01/2023,12/2024,"M/s. Scott-Edil Pharmacia Ltd., 56, EPIP., Phase-I, Jharmajri, Baddi, Distt. Solan - 173 205, (H.P.),INDIA",scott edil pharmacia ltd,Appearance of Solution and Description,"RDTL, Guwahati",,,,1.0
2024-10,central,nsq,false,data/raw/cdsco_alerts/central/2024-10_central_nsq.pdf,5,28,28,Buprenorphine Injection I.P. (LUPIGESIC),LUPIGESIC,1470 ASG,1470ASG,,false,2024-01,2025-12,01/2024,12/2025,"M/s. S.M.G. PHARMACEUTICALS (Pvt) Ltd., Plot No-K.B Complex Opp. Mahavir Nagar, N.H. No-I, Vitpl-306185 Gujarat",s m g pharmaceuticals ltd,"Assay"" of Buprenorphine","RDTL, Guwahati",,,,1.0
2024-10,central,nsq,false,data/raw/cdsco_alerts/central/2024-10_central_nsq.pdf,5,29,29,Telmisartan Tablets I.P. (Telesky-40 Tablet),Telesky-40,CMT23-1658,CMT231658,,false,2024-03,2026-02,03/2024,02/2026,"M/s. Cortex Medical Inc., Plot No. -3F, Apperal Park, Katha, Industrial Area Baddi, Distt.- Solan (H.P.)",cortex medical inc,Dissolution,"RDTL, Guwahati",,,,1.0
2024-10,central,nsq,false,data/raw/cdsco_alerts/central/2024-10_central_nsq.pdf,5,30,30,Telmisartan Tablets I.P. 40 mg,,LMT240611,LMT240611,,false,2024-05,2026-04,05/2024,04/2026,"M/s. Life Max Cancer Laboratories, Plot No. 106 & 106 A, Sector6A, IIE, SIDCUL, Haridwar249403 (U.K)",life max cancer laboratories,Description,"RDTL, Guwahati",,,,1.0
2024-10,central,nsq,false,data/raw/cdsco_alerts/central/2024-10_central_nsq.pdf,5,31,31,Telmisartan Tablets IP 40 mg,,LMT240536,LMT240536,,false,2024-05,2026-04,05/2024,04/2026,"M/s. Life Max Cancer Laboratories, Plot No. 106 & 106 A, Sector6A, IIE, SIDCUL, Haridwar249403 (U.K)",life max cancer laboratories,Description,"RDTL, Guwahati",,,,1.0
2024-10,central,nsq,false,data/raw/cdsco_alerts/central/2024-10_central_nsq.pdf,5,32,32,Buprenorphine Injection I.P. (LUPIGESIC),LUPIGESIC,1470 ASG,1470ASG,,false,2023-09,2025-08,09/2023,08/2025,"M/s. S.M.G. PHARMACEUTICALS (Pvt) Ltd., Plot No-K.B Complex Opp. Mahavir Nagar, N.H. No-I, Vitpl-306185. AT-75/1GI.DC Vipl-306185",s m g pharmaceuticals ltd,Assay/Content of Buprenorphine,"RDTL, Guwahati",,,,1.0
2024-10,central,nsq,false,data/raw/cdsco_alerts/central/2024-10_central_nsq.pdf,6,33,33,Ciprofloxcin Tablets IP 250 mg,,CT23241818,CT23241818,,false,2024-02,2026-01,02/2024,01/2026,"M/s. CMG BIOTECH PVT.LTD. ( A WHO-GMP Certified Co.), 58, Industrial Area, Phase-III, Sansarpur Terrace, Jaswan Dist. Kangra H.P. 176501",cmg biotech pvt ltd,Dissolution of Ciprofloxcin,"RDTL, Guwahati",,,,1.0
2024-10,central,nsq,false,data/raw/cdsco_alerts/central/2024-10_central_nsq.pdf,6,34,34,Esomeprazole Tablets IP 40 mg (Essokynt-40),Essokynt-40,TT23-505,TT23505,,false,2023-07,2025-06,07/2023,06/2025,"Tanishka Pharmaceuticals Pvt. Ltd., Vill. Nandpur, Kharuni-Lodhi Majra Road, Baddi Teh. Nalagarh (H.P.)",tanishka pharmaceuticals pvt ltd,Dissolution (Buffer Stage),"RDTL, Guwahati",,,,1.0
2024-10,central,nsq,false,data/raw/cdsco_alerts/central/2024-10_central_nsq.pdf,6,35,35,Fexofenadine Hydrochloride Tablets I.P.,,T-2403971,T2403971,,false,2023-03,2026-02,03/2023,02/2026,"M/s. Oscar Remedies Pvt. Ltd., OSCAR HOUSE, BADI MAJRA, YAMUNA NAGAR-135001 (HR)",oscar remedies pvt ltd,Dissolution of Fexofenadine Hydrochloride.,"RDTL, Guwahati",,,,1.0
2024-10,central,nsq,false,data/raw/cdsco_alerts/central/2024-10_central_nsq.pdf,6,36,36,Paracetamol Tablets IP 500 mg (Pararex-500,,CT-7129,CT7129,,false,2023-09,2026-08,09/2023,08/2026,"CHEMETAC PHARMACEUTICALS 42, MAINA PUR, MEERUT ROAD, GHAZIABAD-201003",chemetac pharmaceuticals 42,Dissolution,"RDTL, Guwahati",,,,1.0
2024-10,central,nsq,false,data/raw/cdsco_alerts/central/2024-10_central_nsq.pdf,6,37,37,Ciprofloxacin Tablets U.S.P. 500 mg,,T-2401066,T2401066,,false,2024-01,2025-12,01/2024,12/2025,"M/s. Rivpra Formulation Pvt. Ltd. ., Plot No.8, Sector-6A, IIE SIDCUL, Haridwar-249 403 (U.K.)..",rivpra formulation pvt ltd,Dissolution,"RDTL, Guwahati",,,,1.0
2024-10,central,nsq,false,data/raw/cdsco_alerts/central/2024-10_central_nsq.pdf,6,38,38,Metronidazole 400 mg Tablets (Metagyl - 400),Metagyl - 400,B22-275,B22275,,false,2022-12,2025-05,12/2022,05/2025,"Saint Michael Biotech, Plot No. 130, Village Kurdi, Manglore, Jharbrera Road, Roorkee- 247656 (Haridwar) (U.K.)",saint michael biotech,Dissolution of Metronidazole.,"RDTL, Guwahati",,,,1.0
2024-10,central,nsq,false,data/raw/cdsco_alerts/central/2024-10_central_nsq.pdf,7,39,39,Aceclofenac & Paracetamol Tablets (Eldigesic-P),Eldigesic-P,AGT305144,AGT305144,,false,2023-05,2026-04,05/2023,04/2026,"Alventa Pharma Limited., Vill. Kishanpura, Baddi-Nalagarh Road, Tehsil Baddi, Distt. Solan (H.P.) -174101.",alventa pharma limited,Assay of Aceclofenac,CDTL-Mumbai,,,,1.0
2024-10,central,nsq,false,data/raw/cdsco_alerts/central/2024-10_central_nsq.pdf,7,40,40,Sodium Fusidate Cream 2 %,,344,344,,false,2023-11,2025-10,11/2023,10/2025,"Bharat Parenterals Limited., Survey No. 144-A, Jarod- Samlaya Road, Vill. Haripura, Tal. Savli, Dist. Vadodara - 391250, Gujarat, India",bharat parenterals limited,Assay,CDTL-Mumbai,,,,1.0
2024-10,central,nsq,false,data/raw/cdsco_alerts/central/2024-10_central_nsq.pdf,7,41,41,Enalapril Maleate Tablets IP 5 mg (Opioril- 5),Opioril- 5,23HT1771,23HT1771,,false,2023-11,2025-10,11/2023,10/2025,"Orison Pharma International, Vill. Khari, Mauza Ogli, Kala Amb, Distt. Sirmour - 173030 (H.P.)",orison pharma international,Dissolution and Assay of Enalapril Maleate,CDTL-Mumbai,,,,1.0
2024-10,central,nsq,false,data/raw/cdsco_alerts/central/2024-10_central_nsq.pdf,7,42,42,Bupropion Hydrochloride Extended Release Tablets U.S.P. 150 mg (Brudel SR-150),Brudel SR-150,T23169,T23169,,false,2023-09,2026-08,09/2023,08/2026,"Rebase Lifescience Pvt. Ltd., Block No.6, Plot No. 11 & 12, Nr. Amrut Dairy, Lalpur, Daskroi, Ahmedabad, Gujarat - 382 430",rebase lifescience pvt ltd,Assay of Bupropion Hydrochloride,CDTL-Mumbai,,,,1.0
2024-10,central,nsq,false,data/raw/cdsco_alerts/central/2024-10_central_nsq.pdf,7,43,43,Propylene Glycol USP / IP,,BT1205B25122023,BT1205B25122023,,true,2023-12,2025-12,12/2023,12/2025,"Balaji Amines Limited., Unit IV, F - 104, Chincholi, MIDC, Tq. Mohol Dist. Solapur - 413255 Maharashtra",balaji amines limited,Water,CDTL-Mumbai,,,,1.0
2024-10,central,nsq,false,data/raw/cdsco_alerts/central/2024-10_central_nsq.pdf,7,44,44,Racecadotril & Oflozacin Suspension (Combact-O + Suspension),Combact-O +,L23J003A,L23J003A,,false,2023-10,2025-09,10/2023,09/2025,"Bajaj Formulations, Khasra No. 161, Village-Lakeshwary, Bhagwanpur, Roorkee, Distt. Haridwar- 247661 (U.K.)",bajaj formulations,Assay of Racecadotril & Ofloxacin,CDTL-Mumbai,,,,1.0
2024-10,central,nsq,false,data/raw/cdsco_alerts/central/2024-10_central_nsq.pdf,7,45,45,Pantoprazole Sodium (Enteric Coated and Domperidone (Sustained Release) Capsules (Penstal-DSR),Penstal-DSR,C582,C582,,false,2024-01,2025-12,01/2024,12/2025,"Stalion Laboratories Pvt. Ltd, c-1B, 305/2,3,4 & 5, G.I.D.C., Kerala (Bavla), Dist. Ahmedabad-382220, Gujarat",stalion laboratories pvt ltd,Dissolution of Domperidone,CDTL-Mumbai,,,,1.0
2024-10,central,nsq,false,data/raw/cdsco_alerts/central/2024-10_central_nsq.pdf,8,46,46,Terbinafine Hydrochloride Tablets IP (TERBONATE-250),TERBONATE-250,NT-7900,NT7900,,false,2024-03,2026-02,03/2024,02/2026,"M/s. Neptune Life Sciences Pvt. Ltd., 100-B, EPIP, Phase-II, Thana, Baddi- 173205 (H.P.)",neptune life sciences pvt ltd,Test for Dissolution,"CDTL, Hyderabad",,,,1.0
2024-10,central,nsq,false,data/raw/cdsco_alerts/central/2024-10_central_nsq.pdf,8,47,47,Ondansetron Injection IP 2mg/ml,,OT-5411,OT5411,,false,2024-08,2026-07,08/2024,07/2026,"M/s. Alchemist Remedies Pvt. Ltd.,138-139, Industrial Area 2,AB Road Dewas , Madhya Pradesh",alchemist remedies pvt ltd,The sample does not Conform to IP Standards with respect to TEST FOR STERILITY,"CDTL,Chennai",,,,1.0
2024-10,central,nsq,false,data/raw/cdsco_alerts/central/2024-10_central_nsq.pdf,8,48,48,Single use Syringe (EDGEX),EDGEX,5DSB27,5DSB27,,false,2023-11,2028-10,11/2023,10/2028,"NOBLE PHARMACARE LTD., A/24, C.I.N. Complex, Patia, Bhubaneswar, Odhisa-751024",noble pharmacare ltd,Cleanliness and Design of Piston/Plunger assembly,"RDTL, Chandigarh",,,,1.0
2024-10,central,nsq,false,data/raw/cdsco_alerts/central/2024-10_central_nsq.pdf,8,49,49,Rabeprazole Sodium (EC) and Levosulpiride (SR) Capsules (RPL LS CAPSULES),RPL LS,CGC-24020,CGC24020,,false,2024-08,2026-07,08/2024,07/2026,"Calrax Healthcare Pvt.Ltd., Plot No. 45, EPIP, Phase-I, Jharmajri, Baddi, Distt. Solan (H.P.)-173205",calrax healthcare pvt ltd,Dissolution of Levosulpiride,"RDTL, Chandigarh",,,,1.0
2024-10,central,nsq,false,data/raw/cdsco_alerts/central/2024-10_central_nsq.pdf,8,50,50,Amoxycillin and Potassium Clavulanate Tablets IP (Moxileb-CV 625 Tablets),Moxileb-CV 625,MBT23068,MBT23068,,false,2023-10,2025-09,10/2023,09/2025,"Mediwell Biotech, Plot No. 21-22, Phase-IV, Himuda Industrial Township, Bhatoli Kalan, Baddi, Distt. Solan, (HP) 173205",mediwell biotech,Assay of Amoxycillin Trihydrate calculated as Amoxycillin,"RDTL, Chandigarh",,,,1.0
2024-10,central,nsq,false,data/raw/cdsco_alerts/central/2024-10_central_nsq.pdf,8,51,51,Pantoprazole Tablets IP,,MT-23J13,MT23J13,,false,2023-10,2025-03,10/2023,03/2025,"MARTIN & BROWN BIO-SCIENCES PVT. LTD., K.No. 918/419, Malkumajra, Nalagarh Road, Baddi, Dist. Solan (H.P.)-173205",martin brown bio sciences pvt ltd,Dissolution (Buffer Stage),"RDTL, Chandigarh",,,,1.0
2024-10,central,nsq,false,data/raw/cdsco_alerts/central/2024-10_central_nsq.pdf,8,52,52,Aciclovir Intravenous Infusion IP 250 mg (Acyclotech Injection),Acyclotech,D0072406B,D0072406B,,false,2024-06,2026-05,06/2024,05/2026,"M/s. Protech Telelinks, Mauza Ogli, Suketi Road, Kala Amb, District Sirmour (H.P.) 173030",protech telelinks,Assay of Aciclovir,"RDTL, Chandigarh",,,,1.0
2024-10,central,nsq,false,data/raw/cdsco_alerts/central/2024-10_central_nsq.pdf,9,53,53,Ceftriaxone and Sulbactam for Injection (Tykone-S Injection),Tykone-S,UNI-240013,UNI240013,,false,2024-06,2027-05,06/2024,05/2027,"Unital Formulations, 114-B, EPIP, Phase-1, Jharmajri, Baddi, Solan (H.P.)",unital formulations,Particulate matter,"RDTL, Chandigarh",,,,1.0
2024-10,central,nsq,false,data/raw/cdsco_alerts/central/2024-10_central_nsq.pdf,9,54,54,Ampicillin 1G Powder for Injection 1000 mg,,EXPN-24004,EXPN24004,,false,2024-04,2026-03,04/2024,03/2026,"Unital Formulations, 114-B, EPIP, Phase-1, Jharmajri, Baddi, Solan,H.P.-1732025, under neutral code no. HP/DRUGS/MB/08/712",unital formulations,Particulate matter and Assay of Ampicillin Sodium calculated as Ampicillin,"RDTL, Chandigarh",,,,1.0
2024-10,central,nsq,false,data/raw/cdsco_alerts/central/2024-10_central_nsq.pdf,9,55,55,Amoxycillin and Potassium Clavulanate Injection (Manclav 300 mg),,HIAP23001A,HIAP23001A,,false,2023-01,2024-12,01/2023,12/2024,"Health Biotech Ltd., Village Sandoli, Nalagarh Road, Baddi, Distt. Solan (H.P.) India-173205",health biotech ltd,Particulate matter and Assay of Potassium Clavulanate calculated as Clavulanic Acid,"RDTL, Chandigarh",,,,1.0
2024-10,central,nsq,false,data/raw/cdsco_alerts/central/2024-10_central_nsq.pdf,9,56,56,Meropenem Injection IP (ZENEM 1 g INJECTION),ZENEM 1 g,B240720D,B240720D,,false,2024-07,2026-06,07/2024,06/2026,"OSCAR REMEDIES PVT.LTD., Oscar House, Badi Majra, Yamuna Nagar-135001 (HR)",oscar remedies pvt ltd,Particulate matter and Content of Sodium,"RDTL, Chandigarh",,,,1.0
2024-11,central,nsq,false,data/raw/cdsco_alerts/central/2024-11_central_nsq.pdf,1,1,1,"Glimepride, Pioglitazone Hydrochloride & Metformin Hydrochloride (Extended Release) Tablets (OZOMET-PG 2 )",OZOMET-PG 2,BE32456,BE32456,,false,2024-05,2026-04,05/2024,04/2026,"M/s. Ozone Pharmaceuticals, Village: Katha, Baddi, Distt. Solan (H.P.) 173 205",ozone pharmaceuticals,Assay of Pioglitazone,"Central Drugs Laboratory, Kolkata",,,,1.0
2024-11,central,nsq,true,data/raw/cdsco_alerts/central/2024-11_central_nsq.pdf,1,2,2,Sucralfate USP,,SCF/24/0049,SCF240049,,true,2024-05,2029-04,05/2024,04/2029,"M/s. Par Drugs & Chemicals Limited, 333/1, 333/2, 334, 335, 336/A&B, 337, 338, GIDC Ind. Estate Phase-2, Chitra, Bhavnagar-364004, Gujarat",par drugs chemicals limited,Spurious Identification & Assay,"Central Drugs Laboratory, Kolkata",,,,1.0
2024-11,central,nsq,true,data/raw/cdsco_alerts/central/2024-11_central_nsq.pdf,1,3,3,Sucralfate USP,,LSU2404015,LSU2404015,,true,2024-04,2029-03,04/2024,03/2029,"M/s. Legend Industries (Unit-II), C1/200, 201/4, Phase-II, GIDC, Opp. Encore Ltd., Naroda, Ahmedabad 382 330, Gujarat",legend industries,Spurious Identification & Assay,"Central Drugs Laboratory, Kolkata",,,,1.0
2024-11,central,nsq,false,data/raw/cdsco_alerts/central/2024-11_central_nsq.pdf,2,4,4,Compound Sodium Lactate Injection I.P. (Ringers Lactate I.P. ) (RL 500ml),Ringers Lactate I.P.,03BF2443,03BF2443,,false,2024-03,2027-02,03/2024,02/2027,"M/s. PaschimBanga Pharmaceuticals, NH-31, Tin Mile Hat, Sonapur Hat, PS-Chopra, Dist-Uttar Dinajpur - 733214 (WB)",paschimbanga pharmaceuticals,Sterility,"Central Drugs Laboratory, Kolkata",,,,1.0
2024-11,central,nsq,false,data/raw/cdsco_alerts/central/2024-11_central_nsq.pdf,2,5,5,Promethazine Injection IP 25 mg / ml,,4A04070,4A04070,,false,2024-08,2026-07,08/2024,07/2026,"M/s. Ciron Drugs & Pharmaceuticals Pvt. Ltd., N-118, 119, 113, 119/1, 119/2 & 118/1, MIDC, Tarapur, Boisar, Dist-Palghar-401506 Maharashtra",ciron drugs pharmaceuticals pvt ltd,Assay,"Central Drugs Laboratory, Kolkata",,,,1.0
2024-11,central,nsq,false,data/raw/cdsco_alerts/central/2024-11_central_nsq.pdf,2,6,6,Heparin Sodium Injection IP 25000 IU / 5 ml,,GV3H001,GV3H001,,false,2023-08,2026-07,08/2023,07/2026,"M/s. Scott-Edil Pharmacia Ltd., 56, EPIP, Phase-I, Jharmajri, Baddi, Distt. Solan 173205 H.P. (India)",scott edil pharmacia ltd,"pH, Particulate Matter, Description","Central Drugs Laboratory, Kolkata",,,,1.0
2024-11,central,nsq,false,data/raw/cdsco_alerts/central/2024-11_central_nsq.pdf,2,7,7,Heparin Sodium Injection IP 25000 IU / 5 ml,,GV3E001,GV3E001,,false,2023-05,2026-04,05/2023,04/2026,"M/s. Scott-Edil Pharmacia Ltd., 56, EPIP, Phase-I, Jharmajri, Baddi, Distt. Solan 173205 H.P. (India)",scott edil pharmacia ltd,"pH, Particulate Matter, Assay of Heparin (Anti-factor Iia activity), Description","Central Drugs Laboratory, Kolkata",,,,1.0
2024-11,central,nsq,false,data/raw/cdsco_alerts/central/2024-11_central_nsq.pdf,2,8,8,Glimepiride Tablets IP 2 mg,,GTF5005,GTF5005,,false,2023-09,2025-08,09/2023,08/2025,"M/s. SaiMirraInnopharmPv t,Ltd., No-288 & 289, SIDCO Estate, Ambattur, Chennai-600 098",saimirrainnopharmpv t,Dissolution of Glimepiride,"Central Drugs Laboratory, Kolkata",,,,1.0
2024-11,central,nsq,false,data/raw/cdsco_alerts/central/2024-11_central_nsq.pdf,2,9,9,Aspirin Gastro-resistant Tablets IP 75 mg,,ANET1107,ANET1107,,false,2023-07,2024-12,07/2023,12/2024,"M/s. Unicure India Ltd., C-21, 22 & 23 Sector-3, Noida-201301, Distt. GautamBudh Nagar (U.P.)",unicure india ltd,Test for Salicylic Acid,"Central Drugs Laboratory, Kolkata",,,,1.0
2024-11,central,nsq,false,data/raw/cdsco_alerts/central/2024-11_central_nsq.pdf,3,10,10,Calcium And Vitamin D3 Tablets IP,,BCV-X01,BCVX01,,false,2024-04,2025-09,04/2024,09/2025,"M/s. Bengal Chemicals & Pharmaceuticals Ltd., At 115 C, Industrial Estate, Pologround, Indore 452 015.",bengal chemicals pharmaceuticals ltd,Uniformity of Content of Vitamin D3,"Central Drugs Laboratory, Kolkata",,,,1.0
2024-11,central,nsq,false,data/raw/cdsco_alerts/central/2024-11_central_nsq.pdf,3,11,11,Paracetamol Tablets IP 500mg,,2555322,2555322,,false,2022-12,2025-11,12/2022,11/2025,"M/s. Karnataka Antibiotics and Pharmaceuticals Ltd., Plot No. 14, II Phase, Peenya, Bengaluru 560 058",karnataka antibiotics and pharmaceuticals ltd,Description,"Central Drugs Laboratory, Kolkata",,,,1.0
2024-11,central,nsq,false,data/raw/cdsco_alerts/central/2024-11_central_nsq.pdf,3,12,12,Clarithromycin Tablets IP 500 mg,,TCRM-010,TCRM010,,false,2023-11,2025-10,11/2023,10/2025,"M/s. Medipol Pharmaceutical India Pvt. Ltd., 1199/3, Bhud, BaddiDistt. Solan, H.P., India.",medipol pharmaceutical india pvt ltd,Dissolution,"Central Drugs Laboratory, Kolkata",,,,1.0
2024-11,central,nsq,false,data/raw/cdsco_alerts/central/2024-11_central_nsq.pdf,3,13,13,Methylcobalami n Injection (Rejoice),Rejoice,SLA593,SLA593,,false,2023-12,2025-05,12/2023,05/2025,"M/s. Amster Labs, Unit-II, Hilltop, Ind. Estate, Vill. BhatauliKalan, Baddi, Distt. Solan, H.P",amster labs,"pH, Particulate Matter, Assay & Description","Central Drugs Laboratory, Kolkata",,,,1.0
2024-11,central,nsq,false,data/raw/cdsco_alerts/central/2024-11_central_nsq.pdf,3,14,14,Enteric Coated Rabeprazole Sodium &Domperidone Sustained Release Capsules (R LONG-D),R LONG-D,23101006A,23101006A,,false,2023-10,2025-09,10/2023,09/2025,"M/s. Resonant Pharmaceuticals Pvt. Ltd., Survey No. 430-1-A, Nr. Saffro Mellow Color Factory, Village: Navagam 387540, Dist-Kheda, Gujarat, India.",resonant pharmaceuticals pvt ltd,Dissolution and Assay of Rabeprazole Sodium,"Central Drugs Laboratory, Kolkata",,,,1.0
2024-11,central,nsq,false,data/raw/cdsco_alerts/central/2024-11_central_nsq.pdf,3,15,15,Carbimazole Tablets IP 10 mg,,TC-3270005,TC3270005,,false,2024-02,2026-01,02/2024,01/2026,"M/s. Centurion Remedies Pvt. Ltd., G/5, 6 B.I.D.C, Gorwa, Vadoddara-390016",centurion remedies pvt ltd,Thiamazole& other Related Substances,"Central Drugs Laboratory, Kolkata",,,,1.0
2024-11,central,nsq,false,data/raw/cdsco_alerts/central/2024-11_central_nsq.pdf,4,16,16,Clopidogrel Tablets IP (Clopirel-75),Clopirel-75,T-2401753,T2401753,,false,2024-01,2025-12,01/2024,12/2025,"M/s. Oscar Remedies Pvt. Ltd., Oscar House, BadiMajra, Yamuna Nagar - 135 001 (HR)",oscar remedies pvt ltd,Dissolution,"Central Drugs Laboratory, Kolkata",,,,1.0
2024-11,central,nsq,false,data/raw/cdsco_alerts/central/2024-11_central_nsq.pdf,4,17,17,Clobazam Tablets IP 5 mg (ZAMBA 5),ZAMBA 5,16672,16672,,false,2023-07,2026-07,07/2023,07/2026,"M/s. ELIKEM Pharmaceuticals Pvt. Ltd., 816/1, Rakanpur, Ta-Kalol, Dist. Gandhinagar, Gujrat 382721",elikem pharmaceuticals pvt ltd,Uniformity of Content & Dissolution of Clobazam,"Central Drugs Laboratory, Kolkata",,,,1.0
2024-11,central,nsq,false,data/raw/cdsco_alerts/central/2024-11_central_nsq.pdf,4,18,18,Pantoprazole Tablets IP (Opipan-40),Opipan-40,23D-T812A,23DT812A,,false,2023-07,2025-06,07/2023,06/2025,"M/s. Orison Pharma International, Vill. Khari, MauzaOgli, Kala Amb, Distt. Sirmour - 173030 (H.P.)",orison pharma international,Description,"RDTL, Guwahati",,,,1.0
2024-11,central,nsq,false,data/raw/cdsco_alerts/central/2024-11_central_nsq.pdf,4,19,19,Ciprofloxacin Tablets U.S.P. 500 mg,,T-2401066,T2401066,,false,2024-01,2025-12,01/2024,12/2025,"M/s. Rivpra Formulation Pvt. Ltd.., Plot No.8, Sector-6A, I. I.E. SIDCUL, Haridwar-249 403 (U.K.). INDIA.",rivpra formulation pvt ltd,"""Dissolution"" of Ciprofloxacin","RDTL, Guwahati",,,,1.0
2024-11,central,nsq,false,data/raw/cdsco_alerts/central/2024-11_central_nsq.pdf,4,20,20,RABEPRAZOL E TABLETS IP,,MT-24B25,MT24B25,,false,2024-02,2025-07,02/2024,07/2025,"M/s.MARTIN& BROWN BIOSCIENCES PVT. LTD., K.No. 918/419, Malkumajra, Nalagarh Road, Baddi, Dist. Solan (H.P.)-173205",martin brown biosciences pvt ltd,Assay of Rabeprazole Sodium,"RDTL, Guwahati",,,,1.0
2024-11,central,nsq,false,data/raw/cdsco_alerts/central/2024-11_central_nsq.pdf,4,21,21,RABEPRAZOL E TABLETS IP,,MT-24B21,MT24B21,,false,2024-02,2025-07,02/2024,07/2025,"M/s.MARTIN& BROWN BIOSCIENCES PVT. LTD., K.No. 918/419, Malkumajra, Nalagarh Road, Baddi, Dist. Solan (H.P.)-173205",martin brown biosciences pvt ltd,Assay of Rabeprazole Sodium,"RDTL, Guwahati",,,,1.0
2024-11,central,nsq,false,data/raw/cdsco_alerts/central/2024-11_central_nsq.pdf,5,22,22,Itraconazole Capsules BP 200 mg (Itrotus-200),Itrotus-200,24S2GCA282,24S2GCA282,,true,2024-04,2026-03,04/2024,03/2026,"M/s. Synokem Pharmaceuticals Ltd., Plot No.56-57, Sector 6A, I.I.E (SIDCUL), Ranipur (BHEL), Haridwar-249 403 (Uttarakhand)",synokem pharmaceuticals ltd,Dissolution,"RDTL, Guwahati",,,,1.0
2024-11,central,nsq,false,data/raw/cdsco_alerts/central/2024-11_central_nsq.pdf,5,23,23,Itraconazole Capsules BP 200 mg (Itradila 200),Itradila 200,IG23038,IG23038,,false,2023-05,2025-04,05/2023,04/2025,"M/s. InnovaCaptab Limited, 1281/1, Hilltop Industrial Estate, Near EPIP, Phase-I, Jharmajri, Baddi, Dist. Solan (H.P.) India",innovacaptab limited,Dissolution,"RDTL, Guwahati",,,,1.0
2024-11,central,nsq,false,data/raw/cdsco_alerts/central/2024-11_central_nsq.pdf,5,24,24,Itraconazole Capsules B.P. 200 mg (It-Bert 200),It-Bert 200,WC819C,WC819C,,false,2023-11,2025-10,11/2023,10/2025,"M/s. Saphnix Life Sciences, Village-Barotiwala, Paonta Sahib, Distt. Sirmour, Himachal Pradesh-173025",saphnix life sciences,Dissolution,"RDTL, Guwahati",,,,1.0
2024-11,central,nsq,false,data/raw/cdsco_alerts/central/2024-11_central_nsq.pdf,5,25,25,Zinc Sulphate Tablets IP 20 mg (Tonzee 20),Tonzee 20,ZS-2314,ZS2314,,false,2023-11,2025-10,11/2023,10/2025,"M/s. Torino Laboratories Pvt. Ltd.,, R.O. 210, Adamji Building, 413, NarsiNatha Street, Masjid Bunder, MUMBAI- 400 009.",torino laboratories pvt ltd,Disintegration,"RDTL, Guwahati",,,,1.0
2024-11,central,nsq,false,data/raw/cdsco_alerts/central/2024-11_central_nsq.pdf,5,26,26,INFUSION SET,,50FC670,50FC670,,false,2024-03,2027-02,03/2024,02/2027,"M/s.Omex Medical Technology, At Kotadi, Plot No.1, Shivalik Industrial Park, Mehsana Highway, Ta Vijapur, Gujarat, India",omex medical technology,Sterility,"RDTL, Guwahati",,,,1.0
2024-11,central,nsq,false,data/raw/cdsco_alerts/central/2024-11_central_nsq.pdf,6,27,27,Itraconazole Capsules BP 200 mg (Itropi-200),Itropi-200,23K-C354,23KC354,,false,2024-02,2026-01,02/2024,01/2026,"M/s. Orison Pharma International, Vill. Khari, MauzaOgli, Kala Amb, Distt. Sirmour - 173030 (H.P.)",orison pharma international,Dissolution,"RDTL, Guwahati",,,,1.0
2024-11,central,nsq,false,data/raw/cdsco_alerts/central/2024-11_central_nsq.pdf,6,28,28,RABEPRAZOL E TABLETS IP,,MT-24B30,MT24B30,,false,2024-02,2025-07,02/2024,07/2025,"M/s.MARTIN& BROWN BIOSCIENCES PVT. LTD., K.No. 918/419, Malkumajra, Nalagarh Road, Baddi, Dist. Solan (H.P.)-173205",martin brown biosciences pvt ltd,Assay /Content of Rabeprazole Sodium,"RDTL, Guwahati",,,,1.0
2024-11,central,nsq,false,data/raw/cdsco_alerts/central/2024-11_central_nsq.pdf,6,29,29,Primaqine Phosphate Tablets IP 2.5 mg (PQUIN-2.5),PQUIN-2.5,CN2301,CN2301,,false,2023-04,2025-09,04/2023,09/2025,"M/s.CENTURY DRUGS PVT. LTD., Plot No. 38, Sector - 3, Pithampur, Dist. Dhar Madhya Pradesh",century drugs pvt ltd,Description,"RDTL, Guwahati",,,,1.0
2024-11,central,nsq,false,data/raw/cdsco_alerts/central/2024-11_central_nsq.pdf,6,30,30,Telmisartan Tablets IP 40 mg,,LMT240520,LMT240520,,false,2024-05,2026-04,05/2024,04/2026,"M/s.Life Max Cancer Laboratories, Plot No. 106 & 106 A, Sector6A, IIE, SIDCUL, Haridwar249403 (U.K)",life max cancer laboratories,Description,"RDTL, Guwahati",,,,1.0
2024-11,central,nsq,false,data/raw/cdsco_alerts/central/2024-11_central_nsq.pdf,6,31,31,Telmisartan Tablets I.P. 40 mg,,LMT240611,LMT240611,,false,2024-05,2026-04,05/2024,04/2026,"M/s.Life Max Cancer Laboratories, Plot No. 106 & 106 A, Sector6A, IIE, SIDCUL, Haridwar249403 (U.K)",life max cancer laboratories,Description,"RDTL, Guwahati",,,,1.0
2024-11,central,nsq,false,data/raw/cdsco_alerts/central/2024-11_central_nsq.pdf,6,32,32,Esomeprazole MagnesisumTri hydrate (EC) &Levosulpiride (SR) Capsules (ESODENSE-L Capsules),ESODENSE-L,CPC-0072,CPC0072,,false,2023-08,2025-07,08/2023,07/2025,"M/s.CycusPharma, Vill. Harraipur, Baddi, Nalagarh Road, Distt. Solan (H.P.) - 173 205.",cycuspharma,Dissolution and Assay of Levosulpiride,"RDTL, Guwahati",,,,1.0
2024-11,central,nsq,false,data/raw/cdsco_alerts/central/2024-11_central_nsq.pdf,7,33,33,Pantoprazole Gastro-Resistant Tablets IP 40 mg (Pantojack-40),Pantojack-40,T-1261,T1261,,false,2024-04,2026-03,04/2024,03/2026,"M/s.Jackson Laboratories Pvt.Ltd, 22-24, Majitha Road, Bye Pass, Amritsar-143 001(India)",jackson laboratories pvt ltd,Dissolution & Description,"RDTL, Guwahati",,,,1.0
2024-11,central,nsq,false,data/raw/cdsco_alerts/central/2024-11_central_nsq.pdf,7,34,34,Promethazine Hydrochloride Injection I.P. (PHENERGAN) 2ml,PHENERGAN,AHH0230,AHH0230,,false,2022-08,2025-07,08/2022,07/2025,"M/s. NitinLifesciences Ltd, Rampur Ghat Road, Paonta Sahib, Dist. Sirmour173 025 (H.P.)",nitinlifesciences ltd,pH and Assay/ Content of Promethazine Hydrochloride,"RDTL, Guwahati",,,,1.0
2024-11,central,nsq,false,data/raw/cdsco_alerts/central/2024-11_central_nsq.pdf,7,35,35,Folic Acid Tablets IP 5 mg (FOLITAS),FOLITAS,T-2406004,T2406004,,false,2024-06,2026-05,06/2024,05/2026,"M/s. Aagya Biotech Pvt. Ltd., 1.5 km, Manglour Saharanpur Road, Manglour-247656, Roorkee, Distt. Haridwar (U.K), India",aagya biotech pvt ltd,"""Hydrolysis products (N-(4-aminobenzoyl)- L-Glutamic acid)""",CDTL-Mumbai,,,,1.0
2024-11,central,nsq,false,data/raw/cdsco_alerts/central/2024-11_central_nsq.pdf,7,36,36,Pantoprazole Tablets IP 40 mg (Mb2pan 40 Tablets),Mb2pan 40,SD6686A,SD6686A,,false,2023-08,2025-07,08/2023,07/2025,"M/s. Sigma Softgel& Formulation, Plot No. 171, HPSIDC, Industrial Area, Baddi-1732025, Distt-Solan (H.P.)",sigma softgel formulation,Dissolution (Buffer Stage),"RDTL, Chandigarh",,,,1.0
2024-11,central,nsq,false,data/raw/cdsco_alerts/central/2024-11_central_nsq.pdf,7,37,37,Paracetamol Tablets IP (Paracent 650 Tablets),Paracent 650,24GT079,24GT079,,false,2024-03,2027-02,03/2024,02/2027,"M/s.Accent Pharmaceuticals & Diagnostics, Village Bhalon (Seri), Forest Road, Solan-173212 (H.P.)",accent pharmaceuticals diagnostics,Dissolution,"RDTL, Chandigarh",,,,1.0
2024-11,central,nsq,false,data/raw/cdsco_alerts/central/2024-11_central_nsq.pdf,7,38,38,Albendazole and Ivermectin Oral Suspension (Bot Suspension),Bot,L-24022,L24022,,false,2024-06,2026-05,06/2024,05/2026,"M/s.H.L.HealthcarePv t.Ltd., Plot No.25, Ind.Area, Phase-II, Gagret-177201 (H.P.)",h l healthcarepv t ltd,pH and Assay of Albendazole and Ivermectin,"RDTL, Chandigarh",,,,1.0
2024-11,central,nsq,false,data/raw/cdsco_alerts/central/2024-11_central_nsq.pdf,8,39,39,IsosorbideMono nitrate Sustained Release Tablets 30 mg (Monit-30-SR),Monit-30-SR,K2302484,K2302484,,false,2023-12,2026-11,12/2023,11/2026,"M/s. INTAS PHARMACEUTICAL S LTD., Bagheykhola, Majhitar, Sikkim-737136, INDIA",intas pharmaceutical s ltd,Description,"RDTL, Chandigarh",,,,1.0
2024-11,central,nsq,false,data/raw/cdsco_alerts/central/2024-11_central_nsq.pdf,8,40,40,Tofacitinib Tablets IP 5 mg (TOFAJAK TABLETS),TOFAJAK,4F30009,4F30009,,false,2024-05,2026-04,05/2024,04/2026,"M/s.CIPLA LTD, NO.45, Mangalam Main Rd., Villianur Commune, Puducherry 605110 INDIA",cipla ltd,Identification and Assay of Tofacitinib citrate calculated as Tofacitinib,"RDTL, Chandigarh",,,,1.0
2024-11,central,nsq,false,data/raw/cdsco_alerts/central/2024-11_central_nsq.pdf,8,41,41,Budesonide Nebuliser Suspension BP - 0.5 mg (Budecide™ 0.5 mg Nebuliser Solution),,K1090259,K1090259,,false,2024-02,2026-01,02/2024,01/2026,"M/s. KamlaAmrut Pharmaceutical LLP, Survey No.: 53,56,57, Nr. KamlaAmrut Industrial Park, Indrad, Ta.: Kadi, Dist.: Mehsana, Gujarat - 382715, India",kamlaamrut pharmaceutical llp,Related substances,CDTL Indore,,,,1.0
2024-12,central,nsq,false,data/raw/cdsco_alerts/central/2024-12_central_nsq.pdf,1,1,1,Cefotaxime Sodium Injection IP 1 g,,DP24029,DP24029,,false,2024-04,2026-03,04/2024,03/2026,"M/s. Bengal Chemicals & Pharmaceuticals Ltd., At-620, Diamond Harbour Road, Behala Indl. Estate, Kolkata-700034.",bengal chemicals pharmaceuticals ltd,"Test of Clarity of solution, Particulate matter","Central Drugs Laboratory, Kolkata",,,,1.0
2024-12,central,nsq,false,data/raw/cdsco_alerts/central/2024-12_central_nsq.pdf,1,2,2,Meropenem Injection IP 500 mg (Merohuge 500 ),Merohuge 500,A4ITX004,A4ITX004,,false,2024-08,2026-07,08/2024,07/2026,"M/s. Shamshree Lifesciences Limited, Plot No. 11, Industrial Area, Katha-Bhatolikalan, Baddi-173205, H.P.",shamshree lifesciences limited,"Test of Clarity of solution, Particulate matter","Central Drugs Laboratory, Kolkata",,,,1.0
2024-12,central,nsq,false,data/raw/cdsco_alerts/central/2024-12_central_nsq.pdf,1,3,3,AMIKACIN SULPHATE INJECTION IP 250 mg (AMIKACIN SULPHATE INJECTION IP 250 mg/ 2 ml for IM/IV Injection),,17800124,17800124,,false,2024-01,2025-12,01/2024,12/2025,"M/s. Karnataka Antibiotics And Pharmaceuticals Limited, Plot No-14, Peenya II Phase, Bengaluru-560058, Karnataka.",karnataka antibiotics and pharmaceuticals limited,Particulate mattter and Description,"Central Drugs Laboratory, Kolkata",,,,1.0
2024-12,central,nsq,true,data/raw/cdsco_alerts/central/2024-12_central_nsq.pdf,1,4,4,Rabeprazole Injection IP,,AGI-23216,AGI23216,,false,2023-06,2025-05,06/2023,05/2025,"M/s. Alliaance Biotech, 440/3, Vill-Katha, Badddi, Solan (H.P.) - 173205",alliaance biotech,"Sterility, Clarity of Solution, Particulate matter, Identification, Assay of Rabeprazole Sodium and Description”. The sample is deemed to be spurious as per section 17B of Drugs and Cosmetics Act","Central Drugs Laboratory, Kolkata",,,,1.0
2024-12,central,nsq,false,data/raw/cdsco_alerts/central/2024-12_central_nsq.pdf,2,5,5,Rabeprazole Injection IP,,AGI-23217,AGI23217,,false,2023-06,2025-05,06/2023,05/2025,"M/s. Alliaance Biotech, 440/3, Vill-Katha, Badddi, Solan (H.P.) - 173205",alliaance biotech,"pH, Clarity of Solution, Particulate matter, Assay of Rabeprazole Sodium and Description","Central Drugs Laboratory, Kolkata",,,,1.0
2024-12,central,nsq,false,data/raw/cdsco_alerts/central/2024-12_central_nsq.pdf,2,6,6,Tranexamic Acid Tablets IP 500 mg (Clip 500 ),Clip 500,054A003,054A003,,false,2024-01,2025-12,01/2024,12/2025,"M/s. FDC Limited L-56 & L-57, Phase-II-D Verna Industrial Estate, Verna-403722, Salcete, Goa",fdc limited l 56 l 57,Related Substances,"Central Drugs Laboratory, Kolkata",,,,1.0
2024-12,central,nsq,false,data/raw/cdsco_alerts/central/2024-12_central_nsq.pdf,2,7,7,Fexofenadine Hydrochloride Tablets IP (MANOFEX-180 ),MANOFEX-180,CT24250327A,CT24250327A,,true,2024-05,2026-04,05/2024,04/2026,"M/s.CMG BIOTECH PVT.LTD, (Unit-II)Plot No-58, Phase-III, Industrial Area, Sasarpur Terrace, HP-176501",cmg biotech pvt ltd,Dissolution,"Central Drugs Laboratory, Kolkata",,,,1.0
2024-12,central,nsq,false,data/raw/cdsco_alerts/central/2024-12_central_nsq.pdf,2,8,8,Rabeprazole Sodium Injection IP,,MD23H20,MD23H20,,false,2023-08,2025-07,08/2023,07/2025,"M/s. Martin & Brown Bio Sciences, K.No. 918/419, Malkumajra, Nalagarh Road, Baddi, Dist. Solan (H.P.)- 173205",martin brown bio sciences,"pH, Water, Clarity of Solution, Particulate matter, Assay of Rabeprazole Sodium and Description","Central Drugs Laboratory, Kolkata",,,,1.0
2024-12,central,nsq,false,data/raw/cdsco_alerts/central/2024-12_central_nsq.pdf,2,9,9,Lignocaine Hydrochloride Gel IP 5% w/v (30 g),,G406,G406,,false,2024-09,2026-08,09/2024,08/2026,"M/s. Gnosis Pharmaceuticals Pvt. Ltd., Nahan Road, Village Moginand, Kala-Amb, Distt.Sirmour, H.P.-173030",gnosis pharmaceuticals pvt ltd,pH,"Central Drugs Laboratory, Kolkata",,,,1.0
2024-12,central,nsq,false,data/raw/cdsco_alerts/central/2024-12_central_nsq.pdf,3,10,10,Cold Plus Syrup (Cold Plus Syrup),Cold Plus,4EL02283,4EL02283,,false,2024-09,2027-08,09/2024,08/2027,"M/s. Ciron Drugs & Pharmaceuticals Pvt. Ltd., N-118,119,113,119/1, 119/2 & 118/1, M.I.D.C., Tarapur, Boisar, Dist-Palghar-401506, Maharashtra",ciron drugs pharmaceuticals pvt ltd,Assay of Phenylephrine Hydrochloride,"Central Drugs Laboratory, Kolkata",,,,1.0
2024-12,central,nsq,false,data/raw/cdsco_alerts/central/2024-12_central_nsq.pdf,3,11,11,Omeprazole Lyophilized Powder for Injection (I.V) (OMERA 40mg Lyophilized Powder for Injection ),,0ZI2415AC,0ZI2415AC,,false,2024-06,2026-05,06/2024,05/2026,"M/s. CELON LABORATORIES PVT. LTD., Plot No-2, ALEAP Industrial Estate, Gajularamaram, Medchal District-500 090, Telangana State, India",celon laboratories pvt ltd,Test of Water by KF,"Central Drugs Laboratory, Kolkata",,,,1.0
2024-12,central,nsq,false,data/raw/cdsco_alerts/central/2024-12_central_nsq.pdf,3,12,12,BUPIVACAINE HYDROCHLORI DE INJECTION IP 0.5%,,BCV22315,BCV22315,,false,2023-12,2025-11,12/2023,11/2025,"M/s. Nandani Medical Laboratories Pvt. Ltd., 221/5, Bicholi Hapsi, Kanadia Road, Indore",nandani medical laboratories pvt ltd,Particulate mattter and Description,"Central Drugs Laboratory, Kolkata",,,,1.0
2024-12,central,nsq,false,data/raw/cdsco_alerts/central/2024-12_central_nsq.pdf,3,13,13,AXBEX Suspension (Multivitamin Mulltimineral & Antioxidant Suspension),Multivitamin Mulltimineral & Antioxidant,A21410,A21410,,false,2024-05,2025-10,05/2024,10/2025,"M/s. Ozone Pharmaceuticals Ltd., Katha, Baddi-173205, Himachal Pradesh",ozone pharmaceuticals ltd,Identification & Assay of Cholecalciferol,"Central Drugs Laboratory, Kolkata",,,,1.0
2024-12,central,nsq,false,data/raw/cdsco_alerts/central/2024-12_central_nsq.pdf,3,14,14,AXBEX Suspension (Multivitamin Mulltimineral & Antioxidant Suspension),Multivitamin Mulltimineral & Antioxidant,A21411,A21411,,false,2024-05,2025-10,05/2024,10/2025,"M/s. Ozone Pharmaceuticals Ltd., Katha, Baddi-173205, Himachal Pradesh",ozone pharmaceuticals ltd,Identification & Assay of Cholecalciferol,"Central Drugs Laboratory, Kolkata",,,,1.0
2024-12,central,nsq,false,data/raw/cdsco_alerts/central/2024-12_central_nsq.pdf,3,15,15,Thyroxine Sodium tablets IP (THYROX-25),THYROX-25,16240148D,16240148D,,false,2024-05,2026-04,05/2024,04/2026,"M/s. Macleods Pharmaceuticals Ltd., Plot No-2209, GIDC, Sarigam, Dist-Valsad-396155, Gujarat",macleods pharmaceuticals ltd,Dissolution,"Central Drugs Laboratory, Kolkata",,,,1.0
2024-12,central,nsq,false,data/raw/cdsco_alerts/central/2024-12_central_nsq.pdf,3,16,16,Dexamethasone Sodium Phosphate Injection I.P.,,119,119,,false,2024-06,2026-05,06/2024,05/2026,"M/s. Hindustan Medicines Pvt. Ltd., BARAUNI-851112.",hindustan medicines pvt ltd,"Free Dexamethasone, Particulate matter, Sterility, Extractable volume and Description","Central Drugs Laboratory, Kolkata",,,,1.0
2024-12,central,nsq,false,data/raw/cdsco_alerts/central/2024-12_central_nsq.pdf,4,17,17,Amikacin Sulphate Injection I.P. (AmikaVen-500 Injection),AmikaVen-500,L-24A-23I,L24A23I,,false,2024-01,2025-12,01/2024,12/2025,"M/s. Inmac Laboratories, Bangsipura-142033 (Pb)",inmac laboratories,"Particulate mattter, Assay/content of Amikacin and Description","Central Drugs Laboratory, Kolkata",,,,1.0
2024-12,central,nsq,false,data/raw/cdsco_alerts/central/2024-12_central_nsq.pdf,4,18,18,Aspirin Gastro-resistant Tablets IP 75mg,,ANET1121,ANET1121,,false,2023-08,2025-07,08/2023,07/2025,"M/s. Unicure India Ltd., C-21, 22 & 23, Sector-3, Noida- 201301, Distt. Gautam Budh Nagar (U.P.)",unicure india ltd,Test of Dissolution Buffer Stage,"Central Drugs Laboratory, Kolkata",,,,1.0
2024-12,central,nsq,false,data/raw/cdsco_alerts/central/2024-12_central_nsq.pdf,4,19,19,Absorbent Cotton Wool IP,,331,331,,false,2024-07,2026-06,07/2024,06/2026,"M/s. Vandana Surgi Pharma (P) Ltd., GA-26, RIICO Industrial Area, Bijaynagar-305624, (Raj)",vandana surgi pharma ltd,"Acidity or alkalinity, Absorbency Sinking Time, Absorbency Water-holding Capacity, Foreign Fibres, Fluorescence, Water soluble substances, Neps and Sulphated ash","Central Drugs Laboratory, Kolkata",,,,1.0
2024-12,central,nsq,false,data/raw/cdsco_alerts/central/2024-12_central_nsq.pdf,4,20,20,"Noscapine, Chlorpheniramine Maleate, Guaiphenesin & Sodium Citrate Syrup",,NGC-091,NGC091,,false,2023-12,2025-11,12/2023,11/2025,"M/s.Medipol Pharmaceuticals India Pvt. Ltd., 1199/3, Bhud, Baddi, Dist-Solan, H.P., India",medipol pharmaceuticals india pvt ltd,Description,"Central Drugs Laboratory, Kolkata",,,,1.0
2024-12,central,nsq,false,data/raw/cdsco_alerts/central/2024-12_central_nsq.pdf,4,21,21,"Diphenhydramine Hydrochloride, Ammonium Chloride, Sodium Citrate & Menthol Syrup (Beedryl Plus)",Beedryl Plus,40183,40183,,false,2024-02,2026-01,02/2024,01/2026,"M/s. Zenith Drugs Limited 72/5 & 72/3, 72/4, 74/1/1, 75/1/1, Muradpura (Orangpura) Dhar Road, Near Kalaria Indore 453001 (MP), India",zenith drugs limited 72 5 72 3,Assay of Menthol and Description,"Central Drugs Laboratory, Kolkata",,,,1.0
2024-12,central,nsq,false,data/raw/cdsco_alerts/central/2024-12_central_nsq.pdf,5,22,22,Bupivacaine Hydrochloride in Dextrose Injection USP 4 ml,,17B24005,17B24005,,false,2024-09,2026-08,09/2024,08/2026,"M/s. Radiant Parenterals Ltd., 242/4, 5 &6, G.I.D.C., Estate at & Post Waghodia, Dist-Vadodara , Gujarat-391760",radiant parenterals ltd,pH and Bacterial Endotoxins,"Central Drugs Laboratory, Kolkata",,,,1.0
2024-12,central,nsq,false,data/raw/cdsco_alerts/central/2024-12_central_nsq.pdf,5,23,23,Bupivacaine Hydrochloride in Dextrose Injection USP 4 ml,,17B24004,17B24004,,false,2024-06,2026-05,06/2024,05/2026,"M/s. Radiant Parenterals Ltd., 242/4, 5 &6, G.I.D.C., Estate at & Post Waghodia, Dist-Vadodara , Gujarat-391760",radiant parenterals ltd,"pH, Bacterial Endotoxins and Sterility","Central Drugs Laboratory, Kolkata",,,,1.0
2024-12,central,nsq,false,data/raw/cdsco_alerts/central/2024-12_central_nsq.pdf,5,24,24,"Diphenhydramine Hydrochloride, Ammonium Chloride, Sodium Citrate & Menthol Syrup (Beedryl Plus)",Beedryl Plus,40186,40186,,false,2024-02,2026-01,02/2024,01/2026,"M/s. Zenith Drugs Limited 72/5 & 72/3, 72/4, 74/1/1, 75/1/1, Muradpura (Orangpura) Dhar Road, Near Kalaria Indore 453001 (MP), India",zenith drugs limited 72 5 72 3,Assay of Menthol and Description,"Central Drugs Laboratory, Kolkata",,,,1.0
2024-12,central,nsq,false,data/raw/cdsco_alerts/central/2024-12_central_nsq.pdf,5,25,25,Telmisartan Tablets I.P.. (TELMOPI-40),TELMOPI-40,23I-T2003,23IT2003,,false,2023-12,2025-11,12/2023,11/2025,"M/s. Orison Pharma International, Vill. Khari, Mauza Ogli, Kala Amb, Distt. Sirmour - 173030 (H.P.)",orison pharma international,Dissolution,"RDTL, Guwahati",,,,1.0
2024-12,central,nsq,false,data/raw/cdsco_alerts/central/2024-12_central_nsq.pdf,5,26,26,Acyclovir Dispersible Tablets IP (Zovibact 800 mg),,SRTH230874B,SRTH230874B,,true,2023-08,2025-07,08/2023,07/2025,"M/s. SYSTOLE REMEDIES PVT. LTD., Vill. Ogli, Kala Amb, Teh. Nahan, Distt. Sirmour (H.P.) - 173 030",systole remedies pvt ltd,Uniformity of dispersion & Disintegration,"RDTL, Guwahati",,,,1.0
2024-12,central,nsq,false,data/raw/cdsco_alerts/central/2024-12_central_nsq.pdf,5,27,27,GLIMEPIRIDE TABLETS IP (GLIMP-1),GLIMP-1,SPT240261,SPT240261,,false,2024-02,2026-01,02/2024,01/2026,"M/s. SALUS PHARMACEUTICALS, 480/211, Harraipur, PO Gurumajra, Teh. Baddi, Distt. Solan (H.P.) 173205",salus pharmaceuticals,Dissolution,"RDTL, Guwahati",,,,1.0
2024-12,central,nsq,false,data/raw/cdsco_alerts/central/2024-12_central_nsq.pdf,5,28,28,Zinc Sulphate Dispersible Tablets IP 20 mg,,LMT240811,LMT240811,,false,2024-07,2026-06,07/2024,06/2026,"M/s.Life Max Cancer Laboratories, Plot No. 106 & 106 A, Sector6A, IIE, SIDCUL, Haridwar249403 (U.K)",life max cancer laboratories,Uniformity of dispersion & Disintegration,"RDTL, Guwahati",,,,1.0
2024-12,central,nsq,false,data/raw/cdsco_alerts/central/2024-12_central_nsq.pdf,6,29,29,Glimepiride Tablets I.P. 1 mg,,LMT240339,LMT240339,,false,2024-03,2026-02,03/2024,02/2026,"M/s.Life Max Cancer Laboratories, Plot No. 106 & 106 A, Sector6A, IIE, SIDCUL, Haridwar249403 (U.K)",life max cancer laboratories,Dissolution of Glimepiride,"RDTL, Guwahati",,,,1.0
2024-12,central,nsq,false,data/raw/cdsco_alerts/central/2024-12_central_nsq.pdf,6,30,30,INFUSION SET-NV (INFUSION SET - NV),INFUSION SET - NV,KT-033,KT033,,false,2024-03,2027-02,03/2024,02/2027,"M/s.MEDIVISION HEALTHCARE, 84/4 Span Industrial complex. Second Floor, Phase-1, ""F"" Road, Opp. Kotak Mahindra Bank, G.I. D.C. Vatva, Ahmedabad- 382445, Gujarat",medivision healthcare,Sterility,"RDTL, Guwahati",,,,1.0
2024-12,central,nsq,false,data/raw/cdsco_alerts/central/2024-12_central_nsq.pdf,6,31,31,Compound Sodium Lactate Injection I.P. (RL),,03BF2472,03BF2472,,false,2024-04,2027-03,04/2024,03/2027,"M/s.Paschim Banga Pharmaceutical,, NH-31,TIN Mile Hat, Sonapur Hat, PSChopra, Dist. Uttar Dinajpur, PIN- 733214 (WB)",paschim banga pharmaceutical,Sterility and Particulate Contamination,"RDTL, Guwahati",,,,1.0
2024-12,central,nsq,false,data/raw/cdsco_alerts/central/2024-12_central_nsq.pdf,6,32,32,Compound Sodium Lactate Injection I.P. 500 ml (Ringers Lactate I.P.) (RL),Ringers Lactate I.P.,03BF2474,03BF2474,,false,2024-04,2027-03,04/2024,03/2027,"M/s.PASCHIM BANGA PHARMACEUTICAL (A Unit Of FARISTA VANIJYA PVT. LTD.), NH-31, TIN MILE HAT, SONAPUR HAT, P.S. CHOPRA, DIST: UTTAR DINAJPUR, PIN 733 214 (W.B.)",paschim banga pharmaceutical,Sterility,"RDTL, Guwahati",,,,1.0
2024-12,central,nsq,false,data/raw/cdsco_alerts/central/2024-12_central_nsq.pdf,6,33,33,Calcium with Vitamin D3 Tablets (CITCAL TABLETS),CITCAL,470823,470823,,false,2023-08,2025-07,08/2023,07/2025,"M/s.Uniplus Biotech (P) Ltd., 4 km. Meerut Road, Assoda 245101",uniplus biotech ltd,Dissolution (calcium) and Assay of Vitamin D3,"RDTL, Guwahati",,,,1.0
2024-12,central,nsq,false,data/raw/cdsco_alerts/central/2024-12_central_nsq.pdf,6,34,34,Calcium 500 mg with Vitamin D3 250 IU Tablets IP,,LMT240346,LMT240346,,false,2024-03,2026-02,03/2024,02/2026,"M/s.Life Max Cancer Laboratories, Plot No. 106 & 106 A, Sector6A, IIE, SIDCUL, Haridwar-249403 (U.K)",life max cancer laboratories,Assay of Vitamin D3 and Dissolution for calcium,"RDTL, Guwahati",,,,1.0
2024-12,central,nsq,false,data/raw/cdsco_alerts/central/2024-12_central_nsq.pdf,7,35,35,Co- trimoxazole Tablets I.P. (D.S.=Double Strength),D.S.=Double Strength,PT30119,PT30119,,false,2023-05,2025-04,05/2023,04/2025,"M/s.Omega Pharma., Khasra No. 482, Village - Saliyar, Roorkee - 247667. Distt-Haridwar (Uttarakhand)",omega pharma,Dissolution (Trimethoprim and Sulphamethoxazo le),"RDTL, Guwahati",,,,1.0
2024-12,central,nsq,false,data/raw/cdsco_alerts/central/2024-12_central_nsq.pdf,7,36,36,PRIMAQUINE PHOSPHATE TABLETS IP 2.5 mg,,T-1338,T1338,,false,2023-07,2025-06,07/2023,06/2025,"M/s.Jackson Laboratories Pvt.Ltd, 22-24, Majitha Road, Bye Pass, Amritsar-143 001(India)",jackson laboratories pvt ltd,Dissolution and Assay,"RDTL, Guwahati",,,,1.0
2024-12,central,nsq,false,data/raw/cdsco_alerts/central/2024-12_central_nsq.pdf,7,37,37,PANTOPRAZOL E GASTRO-RESISTANT TABLETS IP 40mg (PANTIN),PANTIN,GT24502A,GT24502A,,false,2024-06,2027-05,06/2024,05/2027,"M/s. Hetero Healthcare limited, AIIDC Industrial Growth Centre, Changsari, Niz Sindurighopa (Village), Sila Sindurighopa (Mouza), Kamrup (Dist) Assam-781101",hetero healthcare limited,Dissolution of Buffer Stage,"RDTL, Guwahati",,,,1.0
2024-12,central,nsq,false,data/raw/cdsco_alerts/central/2024-12_central_nsq.pdf,7,38,38,Albendazole Tablets I.P.,,MT-24G01,MT24G01,,false,2024-07,2026-06,07/2024,06/2026,"M/s.MARTIN & BROWN BIOSCIENCES PVT. LTD., K.No. 918/419, Malkumajra, Nalagarh Road, Baddi, Dist. Solan (H.P.)-173205",martin brown biosciences pvt ltd,Dissolution,"RDTL, Guwahati",,,,1.0
2024-12,central,nsq,false,data/raw/cdsco_alerts/central/2024-12_central_nsq.pdf,7,39,39,Calcium & Vitamin D3 Tablets IP (CALCI-D),CALCI-D,CDD23089,CDD23089,,false,2023-11,2025-10,11/2023,10/2025,"M/s. Danish Healthcare (P) Ltd, 76/27-28, Industrial Estate, Maxi Road, Ujjain-456 010 INDIA",danish healthcare ltd,Assay of Vitamin D3,"RDTL, Guwahati",,,,1.0
2024-12,central,nsq,false,data/raw/cdsco_alerts/central/2024-12_central_nsq.pdf,7,40,40,Alprazolam Tablets IP 0.5 mg,,BT1224,BT1224,,false,2024-01,2025-12,01/2024,12/2025,"M/s.Brilliant Life Sciences Pvt.Ltd. , At Chuval Tagarwa, Teh Detroj Dist. Ahmedabad(Gujarat)",brilliant life sciences pvt ltd,The Sample does not conform to IP Standards with respect to Test for Dissolution only,"CDTL, Chennai",,,,1.0
2024-12,central,nsq,false,data/raw/cdsco_alerts/central/2024-12_central_nsq.pdf,7,41,41,Valsartan Tablets IP 80mg(Valsalar-80 Tablets),Valsalar-80,VSR1-05,VSR105,,false,2024-04,2026-03,04/2024,03/2026,"M/s. Lark Laboratories (I) Ltd., At, SP-1192 E, RIICO Indl Area, Phase IV, Bhiwadi-Rajasthan",lark laboratories ltd,The Sample does not conform to IP Standards with respect to Test for Dissolution only,"CDTL, Chennai",,,,1.0
2024-12,central,nsq,false,data/raw/cdsco_alerts/central/2024-12_central_nsq.pdf,8,42,42,Nutrisacc Bolus,,MVNUR2403,MVNUR2403,,false,2024-02,2026-02,02/2024,02/2026,"M/s. Maven iLab Pvt.Ltd., No.19 Byraveshwara Industrial Area, Andrahalli Main Road Hegganahalli, Bangalore-560091",maven ilab pvt ltd,"Disintegration test and Assay of Iron, Magnesium, Calcium, Vitamin B3,Zinc and Vitamin A","RDTL, Chandigarh",,,,1.0
2024-12,central,nsq,false,data/raw/cdsco_alerts/central/2024-12_central_nsq.pdf,8,43,43,Duloxetine Gastro-resistant Tablets IP 20 mg,,T26904,T26904,,false,2024-01,2025-12,01/2024,12/2025,"M/s Quest Laboratories Limited, Plot No. 45, Sector-III, Pithampur, Dist.Dhar-454775 (M.P.)",quest laboratories limited,Description and Dissolution,"RDTL, Chandigarh",,,,1.0
2024-12,central,nsq,false,data/raw/cdsco_alerts/central/2024-12_central_nsq.pdf,8,44,44,Bortezomib Injection IP (BORTEWIN 2 mg Injection),,L24BZ08A7,L24BZ08A7,,false,2024-08,2026-07,08/2024,07/2026,"M/s. MEDION BIOTECH PVT.LTD., Village-Kaundi, Baddi, Solan, Himachal Pradesh, 173205",medion biotech pvt ltd,Assay of Bortezomib,"RDTL, Chandigarh",,,,1.0
2024-12,central,nsq,false,data/raw/cdsco_alerts/central/2024-12_central_nsq.pdf,8,45,45,Rabeprazole Gastro-resistant Tablets IP 20 mg (Robijick - 20),Robijick - 20,T- 1047,T1047,,false,2023-06,2025-05,06/2023,05/2025,"M/s.Jackson Laboratories Pvt. Ltd., 22-24, Majitha Road, Bye Pass, Amritsar - 143 001 (India).",jackson laboratories pvt ltd,"""Dissolution (Acid stage) & (Buffer stage) and Description""","CDTL, Mumbai",,,,1.0
2024-12,central,nsq,false,data/raw/cdsco_alerts/central/2024-12_central_nsq.pdf,8,46,46,Ramipril & Metoprolol Succinate Tablets (Ramigan -MT 2.5/ 25 Tablets),Ramigan -MT 2.5/ 25,AOT23322,AOT23322,,false,2023-06,2025-05,06/2023,05/2025,"M/s.ASTONEA LABS PVT. LTD., Vill. Haripur Teh. Ranipur Rani, Distt. Panchkula, Haryana, India - 134204",astonea labs pvt ltd,"""Assay of Ramipril""","CDTL, Mumbai",,,,1.0
2024-12,central,nsq,false,data/raw/cdsco_alerts/central/2024-12_central_nsq.pdf,8,47,47,Sertraline Hydrochloride (USP/ EP),USP/ EP,SER240002BFP,SER240002BFP,,true,2024-05,2025-04,05/2024,04/2025,"M/s.Exemep Pharmaceuticals., Block No. 628 (A & B), ECP Canal Road, Village : Luna, Tal : Padra, Vadodara 391440, INDIA",exemep pharmaceuticals,"""Related substances""","CDTL, Mumbai",,,,1.0
2024-12,central,nsq,false,data/raw/cdsco_alerts/central/2024-12_central_nsq.pdf,8,48,48,Pantoprazole Gastro-resistant and Domperidone Prolonged-release Capsules IP (Unipraz - DSR),Unipraz - DSR,UC-23001C,UC23001C,,false,2023-07,2025-06,07/2023,06/2025,"M/s.Ultra Drugs Pvt. Ltd., (Unit- II) HS No. 211, K. No. 77/1, 78/1 Vill. Katha, Baddi, Distt. Solan (H.P.)",ultra drugs pvt ltd,"""Dissolution of Domperidone""","CDTL, Mumbai",,,,1.0
2024-12,central,nsq,false,data/raw/cdsco_alerts/central/2024-12_central_nsq.pdf,9,49,49,Paracetamol Paediatric Oral Suspension IP (MYPAR),MYPAR,S404115,S404115,,false,2024-04,2026-03,04/2024,03/2026,"M/s.ION Healthcare Pvt. Ltd., Baddi-Barotiwala Road, Baddi, Distt. Solan (H.P.)- 173 205.",ion healthcare pvt ltd,"""Related substances""","CDTL, Mumbai",,,,1.0
2024-12,central,nsq,false,data/raw/cdsco_alerts/central/2024-12_central_nsq.pdf,9,50,50,Hydroxychloroqui ne Sulphate Tableta IP 200 mg (QUEENJAJ 200),QUEENJAJ 200,HCQ19K23,HCQ19K23,,false,2023-11,2026-10,11/2023,10/2026,"M/s. Bajaj Healthcare Ltd., R.S. No. 1818, Manjusar - Savli Road, At & Post - Manjusar, Tal. Savli, Dist. Vadodra - 391775, Gujarat, India.",bajaj healthcare ltd,"""Related substances""","CDTL, Mumbai",,,,1.0
2024-12,central,nsq,false,data/raw/cdsco_alerts/central/2024-12_central_nsq.pdf,9,51,51,DOXYCYCLINE CAPSULES IP 100 mg,,HDXA08,HDXA08,,false,2023-06,2025-05,06/2023,05/2025,"M/s.Hindustan Antibiotics Ltd., At 11 W.E.A., Faridabad-121001.",hindustan antibiotics ltd,"""Uniformity of weight""","CDTL, Mumbai",,,,1.0
2025-01,central,nsq,false,data/raw/cdsco_alerts/central/2025-01_central_nsq.pdf,1,1,1,Monopropylene Glycol USP,,9971702044,9971702044,,false,2024-04,2026-04,04/2024,04/2026,"M/s. Shell Eastern Chemicals, the Metropolis Tower 1, 9, North Buona Vista Drive#0701, Singapore-138588",shell eastern chemicals,Water,"CDL, Kolkata",,,,1.0
2025-01,central,nsq,false,data/raw/cdsco_alerts/central/2025-01_central_nsq.pdf,1,2,2,Ticagrelor Tablets IP 90 mg (Tigamon 90),Tigamon 90,MT230087,MT230087,,false,2023-11,2026-10,11/2023,10/2026,"M/s. MONIQUE PHARMACEUTICAL S PVT. LTD., Plot No-676, Sector-69, IMT, Faridabad, Haryana-121004",monique pharmaceutical s pvt ltd,Dissolution,"CDL, Kolkata",,,,1.0
2025-01,central,nsq,false,data/raw/cdsco_alerts/central/2025-01_central_nsq.pdf,1,3,3,"Calcium Aspartate, Calcium Orotate, Calcitriol, Minerals And Vitamins Tablets",,EZF-1989,EZF1989,,false,2024-07,2026-12,07/2024,12/2026,"M/s. Overseas Healthcare Pvt. Ltd., 335 Km Milestone, National Highway No.1, P.O. Box-25, Phillaur-144410 (Pb)",overseas healthcare pvt ltd,Assay/content of 'Calcitriol' and 'Zinc',"CDL, Kolkata",,,,1.0
2025-01,central,nsq,false,data/raw/cdsco_alerts/central/2025-01_central_nsq.pdf,1,4,4,Diclofenac Sodium Injection I.P (DEPAIN-75),DEPAIN-75,SNDA23801,SNDA23801,,false,2023-08,2025-07,08/2023,07/2025,"M/s. Srinija Parenterals, D.No. 283, Doctors Estate, Perecherla 522 009",srinija parenterals,pH,"CDL, Kolkata",,,,1.0
2025-01,central,nsq,false,data/raw/cdsco_alerts/central/2025-01_central_nsq.pdf,2,5,5,Iron Sucrose Injection USP 100mg/5ml,,24RS04,24RS04,,false,2024-01,2025-12,01/2024,12/2025,"M/s. SAI Parenterals Limited, D1 & D4, Survey No.280, Phase-V, IDA, Jeedimetla, Hyderabad-500055.TS",sai parenterals limited,pH,"CDL, Kolkata",,,,1.0
2025-01,central,nsq,false,data/raw/cdsco_alerts/central/2025-01_central_nsq.pdf,2,6,6,Iron Sucrose Injection USP 100mg/5ml,,24RS08,24RS08,,false,2024-02,2026-01,02/2024,01/2026,"M/s. SAI Parenterals Limited, D1 &D4, Survey No.280, Phase-V, IDA, Jeedimetla, Hyderabad-500055.TS",sai parenterals limited,pH,"CDL, Kolkata",,,,1.0
2025-01,central,nsq,false,data/raw/cdsco_alerts/central/2025-01_central_nsq.pdf,2,7,7,Tramadol Hydrochloride Injection 50 mg/ml (Tramacop ),Tramacop,RP-04,RP04,,false,2023-07,2025-06,07/2023,06/2025,"M/s. Bio Medica Laboratories Pvt. Ltd., 254, Sector-F, Sanwer Road, Industrial Area, Indore-452015",bio medica laboratories pvt ltd,'Acidity or Alkalinity' and 'Assay of Tramadol',"CDL, Kolkata",,,,1.0
2025-01,central,nsq,false,data/raw/cdsco_alerts/central/2025-01_central_nsq.pdf,2,8,8,Metformin Hydrochloride Sustained Release Tablets I.P. 500mg (Conmet SR-500),Conmet SR-500,C21D934003,C21D934003,,true,2024-06,2027-05,06/2024,05/2027,"M/s. Concept Pharmaceuticals Ltd., A-28/3, MIDC, Chikalthana, Aurangabad-431006",concept pharmaceuticals ltd,Dissolution,"CDL, Kolkata",,,,1.0
2025-01,central,nsq,false,data/raw/cdsco_alerts/central/2025-01_central_nsq.pdf,2,9,9,Cefuroxime Axetil Tablets IP 500 mg,,4617001,4617001,,false,2024-05,2026-04,05/2024,04/2026,"M/s. Bengal Chemicals and Pharmaceuticals Ltd., 164, Maniktala Main Road, Kolkata-700 054",bengal chemicals and pharmaceuticals ltd,Dissolution,"CDL, Kolkata",,,,1.0
2025-01,central,nsq,false,data/raw/cdsco_alerts/central/2025-01_central_nsq.pdf,2,10,10,Cefixime & Ofloxacin Tablets (CEPHAFLU-400),CEPHAFLU-400,CT5853A,CT5853A,,false,2024-03,2026-02,03/2024,02/2026,"M/s. J.M.LABORATORIES Village-Bhanat, P.O.- Ghatti, Subathu Road, Solan (HP)- 173211",j m laboratories village bhanat,Assay of Cefixime,"CDL, Kolkata",,,,1.0
2025-01,central,nsq,false,data/raw/cdsco_alerts/central/2025-01_central_nsq.pdf,3,11,11,"Ambroxol HCL, Levosalbutamol sulphate and Guaiphenesin Drops (Breath-LS Drops )",Breath-LS Drops,HBD 2403,HBD2403,,false,2024-04,2026-03,04/2024,03/2026,"M/s. HIPPO LABS PVT. LTD, Plot No-17, R. G. Nagar, IDA, Prashanthi Nagar, Kukatpally, Hyderabad-72",hippo labs pvt ltd,Description,"CDL, Kolkata",,,,1.0
2025-01,central,nsq,false,data/raw/cdsco_alerts/central/2025-01_central_nsq.pdf,3,12,12,Ofloxacin Ophthanmic Solution IP (Ocuex Eye Drops),Ocuex Eye Drops,ED4648,ED4648,,false,2024-11,2026-10,11/2024,10/2026,"M/s. Captab Biotec, Unit-II, Plot No. 125, E.P.I.P. Road, Mauja, Jharmajri, Baddi, Dist. Solan (H.P.)- 173205",captab biotec,Assay of Ofloxacin,"CDL, Kolkata",,,,1.0
2025-01,central,nsq,true,data/raw/cdsco_alerts/central/2025-01_central_nsq.pdf,3,13,13,Gentamicin Injection I.P. 30 ml,,GM-19,GM19,,false,2024-04,2026-03,04/2024,03/2026,"M/s. New Lab Industry, Ramnagar, Kurthoul, Patna",new lab industry,"SPURIOUS Particulate Matter, Extractable Volume, Composition of Gentamicin Sulphate, Identification and Assay of Gentamicin Sulphate and Description","C D L , K o l k a t a",,,,1.0
2025-01,central,nsq,false,data/raw/cdsco_alerts/central/2025-01_central_nsq.pdf,3,14,14,Non-Sterile Not for Intravenous Administration Concentrated Acidic Solution,,BT229,BT229,,false,2024-07,2025-06,07/2024,06/2025,"M/s. Bio Tech Formulation, Block A-10, Plot No-136, D.No. 17-65, Penamaluru Mandal, New Autonagar, Kanuru, Vijayawada-520007",bio tech formulation,"Appearance of solution, assay of sodium, potassium, calcium, magnesium and total chloride. Particulate contamination and description","CDL, Kolkata",,,,1.0
2025-01,central,nsq,false,data/raw/cdsco_alerts/central/2025-01_central_nsq.pdf,4,15,15,Clobazam Tablets IP 5 mg,,TPT-012058,TPT012058,,false,2024-01,2026-12,01/2024,12/2026,"M/s. Tanpal Pharmaceuticals, D-12-13, Focal Point, Nabha-147 201",tanpal pharmaceuticals,Dissolution,"CDL, Kolkata",,,,1.0
2025-01,central,nsq,false,data/raw/cdsco_alerts/central/2025-01_central_nsq.pdf,4,16,16,Vitamin B-Complex with Vitamin C and Zinc Capsules (Nutribest-Plus ),Nutribest-Plus,1724-226,1724226,,false,2024-05,2025-10,05/2024,10/2025,"M/s. ZEE LABORATORIES LTD., Behind 47, Industrial Area, Paonta Sahib-173025",zee laboratories ltd,Assay of 'Cyanocobalami n' and 'Calcium Pantothenate',"CDL, Kolkata",,,,1.0
2025-01,central,nsq,false,data/raw/cdsco_alerts/central/2025-01_central_nsq.pdf,4,17,17,Metoclopramide Injection BP,,4EC038092,4EC038092,,false,2024-08,2027-07,08/2024,07/2027,"M/s. Ciron Drugs & Pharmaceuticals Pvt. Ltd., N-118/119, M.I.D.C., Tarapur, Boisar, Dist-Palghar-401506",ciron drugs pharmaceuticals pvt ltd,Description and Particulate Contamination,"CDL, Kolkata",,,,1.0
2025-01,central,nsq,false,data/raw/cdsco_alerts/central/2025-01_central_nsq.pdf,4,18,18,Sodium Chloride and Glycerine Sterile Diluent for fowl pox vaccine and its combinations for wing web application,,ACF24159,ACF24159,,false,2024-11,2026-10,11/2024,10/2026,"M/s. Safe Parenterals Pvt. Ltd. Gollapadu 522408, Palnadu Dist, Andhra Pradesh, India",safe parenterals pvt ltd gollapadu 522408,"Description, Appearance of solution and Particulate matter","CDL, Kolkata",,,,1.0
2025-01,central,nsq,false,data/raw/cdsco_alerts/central/2025-01_central_nsq.pdf,4,19,19,Rabeprazole Sodium Injection I.P.,,MD23H13,MD23H13,,false,2023-08,2025-07,08/2023,07/2025,"M/s. Martin & Brown Bio-Sciences Pvt. Ltd., K. No. 918/419, Malkumajra, Nalagarh Road, Baddi, Dist- Solan (H.P.)-173205",martin brown bio sciences pvt ltd,"pH, Water, Clarity of Solution, Particulate matter and Assay of Rabeprazole Sodium","CDL, Kolkata",,,,1.0
2025-01,central,nsq,false,data/raw/cdsco_alerts/central/2025-01_central_nsq.pdf,4,20,20,Ofloxacin & Ornidazole Tablets IP (Zeof-O),Zeof-O,SCZAG23007,SCZAG23007,,true,2023-06,2025-11,06/2023,11/2025,"M/s. Sano-Cito Therapeutics Inc., Vill. Loharan, P.O. Ghatti, Solan-173211 (H.P.)",sano cito therapeutics inc,Dissolution,"CDL, Kolkata",,,,1.0
2025-01,central,nsq,false,data/raw/cdsco_alerts/central/2025-01_central_nsq.pdf,5,21,21,Calcium Gluconate Injection I.P. 10% w/v (REOCAL),REOCAL,CG-386,CG386,,false,2024-03,2026-02,03/2024,02/2026,"M/s. Rathi Laboratories(Hindust an) Pvt. Ltd., Industrial Area, Patna-800013",rathi laboratories pvt ltd,"pH, Particulate matter, Sterility and Description","CDL, Kolkata",,,,1.0
2025-01,central,nsq,true,data/raw/cdsco_alerts/central/2025-01_central_nsq.pdf,5,22,22,Dexamethasone Sodium Phosphate Injection (Dexamethason e 30ml),,DX-18,DX18,,false,2024-04,2026-03,04/2024,03/2026,"M/s. New Lab Industry, Ramnagar, Kurthoul, Patna",new lab industry,"SPURIOUS pH, Extractable volume, Particulate matter, Sterility, Identification and Assay of Dexamethasone Sodium Phosphate and Description","CDL, Kolkata",,,,1.0
2025-01,central,nsq,false,data/raw/cdsco_alerts/central/2025-01_central_nsq.pdf,5,23,23,Dmex Colecalciferol (Vitamin D3) Tablets B.P.,Vitamin D3,4D077301,4D077301,,false,2023-09,2026-08,09/2023,08/2026,"M/s. 4Care Lifescience Pvt. Ltd. Survey No. 23/3P & 24, Opp. Jeans Factory, Daduram Vistar, Village-Bagdol, Tal. Kathlal, Dist. Kheda-387630, Gujarat, India",4care lifescience pvt ltd survey no 23 3p 24,Assay of Cholecalciferol,"CDL, Kolkata",,,,1.0
2025-01,central,nsq,false,data/raw/cdsco_alerts/central/2025-01_central_nsq.pdf,5,24,24,"Rabeprazole Sodium 20mg (EC) & Domperidone 10mg (IR), Domperidone 20mg (SR) Capsules (Rebast-ARD)",Rebast-ARD,LC-6943,LC6943,,false,2024-01,2025-12,01/2024,12/2025,"Lifevision Healthcare, Plot No. 140-141, E.P.I.P., Phase-1, Jharmajri, Baddi, Distt. Solan (H.P.) 174 103",lifevision healthcare,Dissolution,"RDTL, Guwahati",,,,1.0
2025-01,central,nsq,false,data/raw/cdsco_alerts/central/2025-01_central_nsq.pdf,5,25,25,Montelukast & Levocetirizine Hydrochloride Tablets IP (SOLIKAST-L),SOLIKAST-L,VLB-GT-2219,VLBGT2219,,true,2023-09,2025-08,09/2023,08/2025,"Vee Laboratories,, Village-Kalier, Subathu, Road-Saproon (Post Office) Solan-173211, Himachal Pradesh",vee laboratories,Dissolution,"RDTL, Guwahati",,,,1.0
2025-01,central,nsq,false,data/raw/cdsco_alerts/central/2025-01_central_nsq.pdf,6,26,26,Zinc Sulphate Dispersible Tablets IP 20 mg,,LMT240811,LMT240811,,false,2024-07,2026-06,07/2024,06/2026,"Life Max Cancer Laboratories, Plot No. 106 & 106 A, Sector6A, IIE, SIDCUL, Haridwar249403 (U.K)",life max cancer laboratories,Uniformity of dispersion & Disintegration,"RDTL, Guwahati",,,,1.0
2025-01,central,nsq,false,data/raw/cdsco_alerts/central/2025-01_central_nsq.pdf,6,27,27,Nimesulide & Paracetamol Tablets (SOMOO),SOMOO,T-24004,T24004,,false,2024-04,2026-03,04/2024,03/2026,"Kshipra Drugs Pvt. Ltd., 40- 41/22-B, Industrial Area, No. 1, Dewas (M.P.)- 455001",kshipra drugs pvt ltd,Disintegration,"RDTL, Guwahati",,,,1.0
2025-01,central,nsq,false,data/raw/cdsco_alerts/central/2025-01_central_nsq.pdf,6,28,28,Fexofenadine Hydrochloride Tablets I.P. 120 mg.,,UGT231163,UGT231163,,false,2023-08,2025-07,08/2023,07/2025,"Unimarck Healthcare Ltd., Plot No.: 24, 25 & 37 Sector 6A, SIDCUL, Haridwar - 249403 (Uttarakhand)",unimarck healthcare ltd,Dissolution,"RDTL, Guwahati",,,,1.0
2025-01,central,nsq,false,data/raw/cdsco_alerts/central/2025-01_central_nsq.pdf,6,29,29,HYPODERMIC SYRINGE WITH NEEDLE (Nusafe 2ml),,2407154,2407154,,false,2024-07,2029-06,07/2024,06/2029,"NUBENO HEALTHCARE PRIVATE LIMITED, Plot No. 10A, Sector23, Mihan Nagpur- 441108",nubeno healthcare private limited,Sterility,"RDTL, Guwahati",,,,1.0
2025-01,central,nsq,false,data/raw/cdsco_alerts/central/2025-01_central_nsq.pdf,6,30,30,Rabeprazole Sodium (as enteric coated) & Domperidone (As Sustained Release) Capsules (Rabito-DSR),Rabito-DSR,RTD.230105,RTD230105,,true,2023-08,2025-07,08/2023,07/2025,"M/s Cartel Laboratories, 10/A, 11/A, Chengicherla, Medchal-Malkajgiri (Dist.), Hyderabad-92",cartel laboratories,Assay of Rabeprazole Sodium,"RDTL, Guwahati",,,,1.0
2025-01,central,nsq,false,data/raw/cdsco_alerts/central/2025-01_central_nsq.pdf,6,31,31,Losartan Tablets IP 50 mg,,LMT240826,LMT240826,,false,2024-07,2026-06,07/2024,06/2026,"Life Max Cancer Laboratories, Plot No. 106 & 106 A, Sector 6A, IIE, SIDCUL, Haridwar249403 (U.K)",life max cancer laboratories,Dissolution,"RDTL, Guwahati",,,,1.0
2025-01,central,nsq,false,data/raw/cdsco_alerts/central/2025-01_central_nsq.pdf,7,32,32,Albendazole Tablets IP 400 mg (Albendazole 400),Albendazole 400,T-3159,T3159,,false,2024-01,2025-12,01/2024,12/2025,"Jackson Laboratories Pvt.Ltd, 22-24, Majitha Road, Bye Pass, Amritsar-143 001(India)",jackson laboratories pvt ltd,Dissolution,"RDTL, Guwahati",,,,1.0
2025-01,central,nsq,false,data/raw/cdsco_alerts/central/2025-01_central_nsq.pdf,7,33,33,Itraconazole Capsules IP 100 mg,,CTA-01,CTA01,,false,2024-02,2026-01,02/2024,01/2026,"Agron Remedies Pvt. Ltd., Sarverkhera, Moradabad Road, Kashipur-244713 (Uttarakhand)",agron remedies pvt ltd,Dissolution,"RDTL, Guwahati",,,,1.0
2025-01,central,nsq,false,data/raw/cdsco_alerts/central/2025-01_central_nsq.pdf,7,34,34,Diclofenac Sodium Injection IP (AL-DICLO),AL-DICLO,A-1694,A1694,,false,2024-02,2026-01,02/2024,01/2026,"ALCHEMIST REMEDIES PVT. LTD., 133-139, Industrial Estate, At13, Road, Dewas",alchemist remedies pvt ltd,"pH , Sterility, Particulate Matter, and Assay","RDTL, Guwahati",,,,1.0
2025-01,central,nsq,false,data/raw/cdsco_alerts/central/2025-01_central_nsq.pdf,7,35,35,Calcium 500 mg with Vitamin D3 250 IU Tablets IP,,LMT240431,LMT240431,,false,2024-04,2026-03,04/2024,03/2026,"Life Max Cancer Laboratories, Plot No. 106 & 106 A, Sector6A, IIE, SIDCUL, Haridwar249403 (U.K)",life max cancer laboratories,Identification and Assay of Vitamin D3 and Dissolution of Calcium,"RDTL, Guwahati",,,,1.0
2025-01,central,nsq,false,data/raw/cdsco_alerts/central/2025-01_central_nsq.pdf,7,36,36,Levocetirizine Hydrochloride & Montelukast Sodium Tablets IP (Montura-L),Montura-L,ZT23547C,ZT23547C,,false,2024-11,2025-10,11/2024,10/2025,"M/s Zenon Lifesciences Pvt. Ltd., Survey-no. 343/P, Bavla Sanand Highway, Modasar, Ahmedabad, Gujarat, INDIA 382220",zenon lifesciences pvt ltd,Dissolution of Montelukast,"RDTL, Guwahati",,,,1.0
2025-01,central,nsq,false,data/raw/cdsco_alerts/central/2025-01_central_nsq.pdf,7,37,37,Paracetamol Oral Suspension BP (100 ml) 120 mg/ 5 ml,,ZA23019,ZA23019,,false,2023-07,2026-06,07/2023,06/2026,"Brussels Laboratories Pvt. Ltd., 33, Changodar Ind. Estate, Sarkhej Bavla Road, Changodar Ahmedabad - 382 210, (Gujarat)",brussels laboratories pvt ltd,Assay of Paracetamol,CDTL-Mumbai,,,,1.0
2025-01,central,nsq,false,data/raw/cdsco_alerts/central/2025-01_central_nsq.pdf,8,38,38,Amlodipine Tablets IP 5 mg (Systogan-5),Systogan-5,CT062,CT062,,false,2024-08,2026-07,08/2024,07/2026,"Ryzer Pharmaceutical Pvt. Ltd., Plot No. 901, Dholakuva, Mansa, Gandhinagar, Gujarat- 382845.",ryzer pharmaceutical pvt ltd,Related substances,CDTL-Mumbai,,,,1.0
2025-01,central,nsq,false,data/raw/cdsco_alerts/central/2025-01_central_nsq.pdf,8,39,39,Lorazepam Tablets IP 1 mg (PROLINE - 1),PROLINE - 1,06P23T03,06P23T03,,false,2023-08,2027-04,08/2023,04/2027,"Shine Pharmaceuticals Limited., Plot No. 132, Karjan-Vermardi Road, Juni Jitherdi, Ta. Karjan- 391240, Dist : Vadodara, (Gujarat)",shine pharmaceuticals limited,Assay,CDTL-Mumbai,,,,1.0
2025-01,central,nsq,false,data/raw/cdsco_alerts/central/2025-01_central_nsq.pdf,8,40,40,Itraconazole Capsules (Trax - 200),Trax - 200,AFC - 102,AFC102,,false,2024-05,2026-04,05/2024,04/2026,"APEX FORMULATIONS PVT. LTD., 1276, Rajpur Ahmedabad-Mehsana Highway, Dist. Mehsana, Gujarat.",apex formulations pvt ltd,Dissolution,CDTL-Mumbai,,,,1.0
2025-01,central,nsq,false,data/raw/cdsco_alerts/central/2025-01_central_nsq.pdf,8,41,41,Enteric Coated Rabeprazole Sodium And Domperidone Sustained Release Capsules (Dorab SR Capsules),Dorab SR,AFC - 111,AFC111,,false,2024-08,2026-07,08/2024,07/2026,"APEX FORMULATIONS PVT. LTD., 1276, Rajpur Ahmedabad-Mehsana Highway, Dist. Mehsana, Gujarat.",apex formulations pvt ltd,Dissolution for Domperidone,CDTL-Mumbai,,,,1.0
2025-01,central,nsq,false,data/raw/cdsco_alerts/central/2025-01_central_nsq.pdf,8,42,42,Aceclofenac Tablets IP 100 mg,,T042304,T042304,,false,2023-11,2025-04,11/2023,04/2025,"Bengal Chemicals & Pharmaceuticals Ltd., (A Govt. of India Enterprise) at 11, W.E.A. Faridabad - 121001 (Haryana)",bengal chemicals pharmaceuticals ltd,Related substances and Assay of Aceclofenac,CDTL-Mumbai,,,,1.0
2025-01,central,nsq,false,data/raw/cdsco_alerts/central/2025-01_central_nsq.pdf,9,43,43,Montelukast Sodium and Levocetirizine Hydrochloride Dispersible Tablets (ROMILAST® L 4),ROMILAST® L 4,18RT2401,18RT2401,,false,2024-04,2026-09,04/2024,09/2026,"Adnova Healthcare Pvt. Ltd. 156, 157 A, Siddhi Industrial Infrastructure Park, Waghodia, Vadodara - 391760, Gujarat",adnova healthcare pvt ltd 156,Description and Uniformity of dispersion,CDTL - Indore,,,,1.0
2025-01,central,nsq,false,data/raw/cdsco_alerts/central/2025-01_central_nsq.pdf,9,44,44,Metoprolol Succinate Prolonged Release Tablets IP 25 mg,,DT 2403,DT2403,,false,2026-10,2027-09,10/2026,09/2027,"M/s. Triveni Formulations Limited, Plot No.52, 53, 54 ALEAP Industrial Estate, Surampalli-521212",triveni formulations limited,Dissolution,"CDTL, Hyderabad",,,,1.0
2025-01,central,nsq,false,data/raw/cdsco_alerts/central/2025-01_central_nsq.pdf,9,45,45,Ciprofloxacin Injection IP,,LV4210,LV4210,,false,2024-03,2026-02,03/2024,02/2026,"Captab Biotec, Unit-II, Plot No. 125, E.P.I.P.Road, Mauja, Jharmajri, Baddi, Distt. Solan (H.P.)- 1732025",captab biotec,In test of Lactic Acid per mg of Ciprofloxacin,"RDTL, Chandigarh",,,,1.0
2025-01,central,nsq,false,data/raw/cdsco_alerts/central/2025-01_central_nsq.pdf,9,46,46,Ceftriaxone Injection IP (Cefiglad-1 Injection),Cefiglad-1,SRIJ240041,SRIJ240041,,false,2024-10,2026-09,10/2024,09/2026,"SYSTOLE REMEDIES PVT. LTD., Vill. Ogli, Kala Amb. Teh. Nahan, Distt. Sirmour (H.P.)- 173030",systole remedies pvt ltd,Particulate matter,"RDTL, Chandigarh",,,,1.0
2025-01,central,nsq,false,data/raw/cdsco_alerts/central/2025-01_central_nsq.pdf,9,47,47,Cefixime and Lactic Acid Bacillus Tablets (CEFIZOC-200 LB TABLETS),CEFIZOC-200 LB,BT-240511,BT240511,,false,2024-05,2026-04,05/2024,04/2026,"A.N.D. HEALTHCARE LTD, Plot No. C-24, Focal Point, Kurali, Mohali-140103",a n d healthcare ltd,Assay of Lactic Acid Bacillus,"RDTL, Chandigarh",,,,1.0
2025-01,central,nsq,false,data/raw/cdsco_alerts/central/2025-01_central_nsq.pdf,9,48,48,Hyoscine Butylbromide Tablets IP (BUSCOPRIME -10 TABLETS),BUSCOPRIME -10,PT-102441,PT102441,,false,2024-10,2026-09,10/2024,09/2026,"Primus Pharmaceuticals, Sadhoura Road, Mouza Ogli Khari Vill Asgarpur Majra, Kala Amb, Dist. Sirmour-(H.P.) 173030",primus pharmaceuticals,Assay of Hyoscine Butylbromide,"RDTL, Chandigarh",,,,1.0
2025-01,central,nsq,false,data/raw/cdsco_alerts/central/2025-01_central_nsq.pdf,10,49,49,"Ambroxol HCl, Guaiphenesin, Terbutaline Sulphate and Menthol Syrup (BRONKOREX AM Syrup)",BRONKOREX AM,BALS-2005,BALS2005,,false,2023-11,2025-10,11/2023,10/2025,"Wings Novitas Healthcare LLP,, 43 & 44, HPSIDC, Industrial Area, Baddi-173205 (H.P.)",wings novitas healthcare llp,Assay of Ambroxol Hydrochloride and Terbutaline Sulphate,"RDTL, Chandigarh",,,,1.0
2025-01,central,nsq,false,data/raw/cdsco_alerts/central/2025-01_central_nsq.pdf,10,50,50,Ramipril Tablets IP 5 mg,,TPT-0102040,TPT0102040,,true,2024-10,2026-09,10-2024,09-2026,"Tanpal Pharmaceuticals, D-12-13, Focal Point, Nabha-147201",tanpal pharmaceuticals,Assay of Ramipril,"RDTL, Chandigarh",,,,1.0
2025-01,central,nsq,false,data/raw/cdsco_alerts/central/2025-01_central_nsq.pdf,10,51,51,Pyridoxine Tablets IP 10 mg (Pyrotan-10),Pyrotan-10,TPT-0102064,TPT0102064,,true,2024-10,2026-09,10-2024,09-2026,"Tanpal Pharmaceuticals, D-12-13, Focal Point, Nabha-147201",tanpal pharmaceuticals,Assay of Pyridoxine,"RDTL, Chandigarh",,,,1.0
2025-01,central,nsq,false,data/raw/cdsco_alerts/central/2025-01_central_nsq.pdf,10,52,52,"Aceclofenac, Paracetamol and Serratiopeptidas e Tablets (ST-SP Tablets)",ST-SP,NBT-240624,NBT240624,,true,2024-11,2026-10,11/2024,10/2026,"Soft Touch Pharmaceuticals India Lt., Plot No. 8, Industrial Area, Waknaghat, Distt. Solan (H.P.)-173234",soft touch pharmaceuticals india lt,Assay of Aceclofenac and Paracetamol,"RDTL, Chandigarh",,,,1.0
2025-02,central,nsq,false,data/raw/cdsco_alerts/central/2025-02_central_nsq.pdf,1,1,1,Compound Sodium Lactate Injection IP (Ringer Lactate Solution for Injection),Ringer Lactate Solution for,DCSL3021,DCSL3021,,false,2023-11,2026-10,11/2023,10/2026,"M/s. Eurolife Healthcare Pvt. Ltd., K.No-520, Bhagwanpur, Roorkee-247667, Uttarakhand",eurolife healthcare pvt ltd,"Particulate Contamination, Bacterial endotoxin test, Sterility and Description","CDL, Kolkata",,,,1.0
2025-02,central,nsq,false,data/raw/cdsco_alerts/central/2025-02_central_nsq.pdf,1,2,2,Rabeprazole Tablets IP 20 mg,,MT-24E30,MT24E30,,false,2024-05,2025-10,05/2024,10/2025,"M/s. Martin & Brown Bio-Sciences Pvt. Ltd. K. No. 918/419, Malkumajra, Nalagarh Road, Baddi, Distt. Solan (H.P.) 173205",martin brown bio sciences pvt ltd k no 918 419,"Related Substances, Dissolution (Buffer Stage) and Assay of Rabeprazole Sodium","CDL, Kolkata",,,,1.0
2025-02,central,nsq,false,data/raw/cdsco_alerts/central/2025-02_central_nsq.pdf,1,3,3,Haloperidol Injection IP (Radipace),Radipace,L2403/2,L24032,,false,2024-03,2026-02,03/2024,02/2026,"M/s. SBS Biotech, Mouza Rampur Jattan, Nahan Road, Kala Amb, District Sirmour (H.P.)",sbs biotech,Particulate matter and Description,"CDL, Kolkata",,,,1.0
2025-02,central,nsq,false,data/raw/cdsco_alerts/central/2025-02_central_nsq.pdf,1,4,4,Rabeprazole Sodium Injection IP,,MD23H10,MD23H10,,false,2023-08,2025-07,08/2023,07/2025,"M/s. Martin & Brown Bio-Sciences K. No. 918/419, Malkumajra, Nalagarh Road, Baddi, Dist- Solan (H.P) 173205",martin brown bio sciences k no 918 419,"pH, Clarity of Solution, Particulate matter, Related Substances and Assay of Rabeprazole sodium","CDL, Kolkata",,,,1.0
2025-02,central,nsq,false,data/raw/cdsco_alerts/central/2025-02_central_nsq.pdf,1,5,5,Disinfectant Fluid Phenolic Type (Konark Super Phenyle),Konark Super Phenyle,KSP-355,KSP355,,false,2024-12,2026-05,12/2024,05/2026,"M/s. Teedeecol (India), Hari Om Complex, Behind Sri Krishna Goshala, Bangali Para, Jharsuguda -768201 Odisha",teedeecol,Grade and Germicidal Value,"CDL, Kolkata",,,,1.0
2025-02,central,nsq,false,data/raw/cdsco_alerts/central/2025-02_central_nsq.pdf,2,6,6,"Levosalbutamol Sulphate, Ambroxol Hydrochloride & Guaiphenesin Syrup, (Blurex-LS Syrup)",Blurex-LS,TBHX0448,TBHX0448,,false,2024-05,2026-04,05/2024,04/2026,"M/s. Three B Healthcare Ltd., Opp. Dental college, Rampur Road, Paonta Sahib, Distt-Sirmour (HP)-173025",three b healthcare ltd,Assay of Ambroxol Hydrochloride,"CDL, Kolkata",,,,1.0
2025-02,central,nsq,false,data/raw/cdsco_alerts/central/2025-02_central_nsq.pdf,2,7,7,Adrenaline Bitartrate Injection I.P. 1ml,,HIAN24005A,HIAN24005A,,false,2024-09,2025-08,09/2024,08/2025,"M/s. Health Biotech Ltd. Village Sandoli, Nalagarh Road, Baddi, Distt. Solan (HP) 173205, India",health biotech ltd village sandoli,"Appearance of solution, Particulate matter and Description","CDL, Kolkata",,,,1.0
2025-02,central,nsq,false,data/raw/cdsco_alerts/central/2025-02_central_nsq.pdf,2,8,8,Aminophylline Injection I.P .10 ml,,MA23L108,MA23L108,,false,2023-12,2025-11,12/2023,11/2025,"M/s. Martin and Brown Biosciences K.No-918/419, Malkumajra, Nalagarh Road, Baddi, Dist-Solan (H.P.)- 173205",martin and brown biosciences k no 918 419,"Particulate matter, Assay of Ethylenediamine and Theophylline and Description","CDL, Kolkata",,,,1.0
2025-02,central,nsq,false,data/raw/cdsco_alerts/central/2025-02_central_nsq.pdf,2,9,9,Bupivaaine Hydrochloride in Dextrose Injection USP,,HIBU23010,HIBU23010,,false,2023-09,2025-08,09/2023,08/2025,"M/s Health Biotech Ltd., Vill-Sandoli, Nalagarh Road, Baddi, Dist- Solan, HP-173205",health biotech ltd,Particulate Matter in Injection and Description,"CDL, Kolkata",,,,1.0
2025-02,central,nsq,false,data/raw/cdsco_alerts/central/2025-02_central_nsq.pdf,2,10,10,Compound Sodium Lactate Injection I.P. (Ringer Lactate Solution for Injection ) (Hi-Ring-RL),Hi-Ring-RL,F41746,F41746,,false,2024-11,2027-10,11/2024,10/2027,"M/s. HIGGS HEALTHCARE , Khasra No-480/1, Bhatolikalan Baddi, H.P.",higgs healthcare,Bacterial endotoxins,"CDL, Kolkata",,,,1.0
2025-02,central,nsq,false,data/raw/cdsco_alerts/central/2025-02_central_nsq.pdf,2,11,11,Compound Sodium Lactate Injection I.P. (Ringer Lactate Solution for Injection ) (Hi-Ring-RL ),Hi-Ring-RL,F41799,F41799,,false,2024-11,2027-10,11/2024,10/2027,"M/s. HIGGS HEALTHCARE , Khasra No-480/1, Bhatolikalan Baddi, H.P.",higgs healthcare,Bacterial endotoxins,"CDL, Kolkata",,,,1.0
2025-02,central,nsq,false,data/raw/cdsco_alerts/central/2025-02_central_nsq.pdf,2,12,12,COMPOUND SODIUM LACTATE INJECTION IP 500 ml. (Ringers Lactate I.P. ) (RL),Ringers Lactate I.P.,03BF2442,03BF2442,,false,2024-03,2027-02,03/2024,02/2027,"M/s.Paschim Banga Pharmaceuticals (A Unit of Farista Vanijya Pvt. Ltd), NH-31, Tin Mile Hat, Sonapur Hat, PS-Chopra, Dist-Uttar Dinajpur-733214 (W.B.)",paschim banga pharmaceuticals,Bacterial endotoxins,"CDL, Kolkata",,,,1.0
2025-02,central,nsq,false,data/raw/cdsco_alerts/central/2025-02_central_nsq.pdf,2,13,13,Ciprofloxacin Injection IP (0.2%w/v),,09AF0075,09AF0075,,false,2023-05,2026-04,05/2023,04/2026,"M/s.Paschim Banga Pharmaceuticals (A Unit of Farista Vanijya Pvt. Ltd), NH-31, Tin Mile Hat, Sonapur Hat, P.S.-Chopra, Dist-Uttar Dinajpur-733214 (WB)",paschim banga pharmaceuticals,Particulate contamination,"CDL, Kolkata",,,,1.0
2025-02,central,nsq,false,data/raw/cdsco_alerts/central/2025-02_central_nsq.pdf,2,14,14,Carboxymethylcellulose Sodium Eye Drops IP 10 ml,,MO24H19,MO24H19,,false,2024-08,2026-07,08/2024,07/2026,"M/s. Martin & Brown Bio-Sciences Pvt. Ltd. K. No. 918/419 Malkumajra, Nalagarh Road, Baddi, Distt. Solan (HP) 173205",martin brown bio sciences pvt ltd k no 918 419 malkumajra,pH and Sterility,"CDL, Kolkata",,,,1.0
2025-02,central,nsq,false,data/raw/cdsco_alerts/central/2025-02_central_nsq.pdf,3,15,15,Drotaverine Hydrochloride Tablets 40 mg. (Dratovis-40 ),Dratovis-40,12680,12680,,false,2024-01,2026-12,01/2024,12/2026,"M/s. Syncom Formulations (India) Ltd., Factory-256-257, Sector-1, Pithampur (Dhar )- 454775 , Madhya Pradesh India",syncom formulations ltd,Assay of Drotaverine Hydrochloride,"CDL, Kolkata",,,,1.0
2025-02,central,nsq,false,data/raw/cdsco_alerts/central/2025-02_central_nsq.pdf,3,16,16,Azithromycin Oral Suspension I.P. (Azysafe Liquid-100 ),Azysafe Liquid-100,AZ1-206,AZ1206,,false,2023-10,2025-03,10/2023,03/2025,"M/s. Overseas Healthcare Pvt. Ltd., 335KM Milestone, National Highway No.1, P.O. Box No.-25, Phillaur-144410 (Pb)",overseas healthcare pvt ltd,Uniformity of Volume,"CDL, Kolkata",,,,1.0
2025-02,central,nsq,false,data/raw/cdsco_alerts/central/2025-02_central_nsq.pdf,3,17,17,"Vitamin B1, Vitamin B2, Nicotinamide, Vitamin B6, Vitamin B12 & Calcium D-Pantothenate Syrup (B-Complex Syrup),",B-Complex,BOB-2423,BOB2423,,false,2024-06,2025-11,06/2024,11/2025,"M/s. Apple Formulations Pvt. Ltd., Plot no. 208, Kishanpur, Roorkee-247667 (U.K.)",apple formulations pvt ltd,Assay of Calcium D-Pantothenate,"CDL, Kolkata",,,,1.0
2025-02,central,nsq,false,data/raw/cdsco_alerts/central/2025-02_central_nsq.pdf,3,18,18,"Vitamin B1, Vitamin B2, Nicotinamide, Vitamin B6, Vitamin B12 & Calcium D-Pantothenate Syrup (B-Complex Syrup)",B-Complex,BOB-2424,BOB2424,,false,2024-06,2025-11,06/2024,11/2025,"M/s. Apple formulations Pvt. Ltd. Plot no. 208, Kishanpur, Roorkee-247667 (U.K.)",apple formulations pvt ltd plot no 208,Assay of Calcium D-Pantothenate,"CDL, Kolkata",,,,1.0
2025-02,central,nsq,false,data/raw/cdsco_alerts/central/2025-02_central_nsq.pdf,3,19,19,"Vitamin B1, Vitamin B2, Nicotinamide, Vitamin B6, Vitamin B12 & Calcium D-Pantothenate Syrup (B-Complex Syrup)",B-Complex,BOB-2438,BOB2438,,false,2024-06,2025-11,06/2024,11/2025,"M/s. Apple formulations Pvt. Ltd. Plot no. 208, Kishanpur, Roorkee-247667 (U.K.)",apple formulations pvt ltd plot no 208,Assay of Vitamin B12,"CDL, Kolkata",,,,1.0
2025-02,central,nsq,false,data/raw/cdsco_alerts/central/2025-02_central_nsq.pdf,3,20,20,Phenytoin Sodium Injection USP,,PTS-225A,PTS225A,,false,2024-05,2026-04,05/2024,04/2026,"M/s. Pushkar Pharma, Kheri, Kala-Amb-173030 (H.P.)",pushkar pharma,Alcohol Content and Propylene Glycol content,"CDL, Kolkata",,,,1.0
2025-02,central,nsq,false,data/raw/cdsco_alerts/central/2025-02_central_nsq.pdf,3,21,21,Rabeprazole Sodium Injection IP,,MD24E30,MD24E30,,false,2024-05,2026-04,05/2024,04/2026,"M/s. MARTIN & BROWN BIO-SCIENCES PVT. LTD., K.No-918/419, Malkumajra, Nalagarh Road, Baddi, Dist-Solan (H.P.)-173205",martin brown bio sciences pvt ltd,"pH, Clarity of Solution, Particulate matter and Description","CDL, Kolkata",,,,1.0
2025-02,central,nsq,false,data/raw/cdsco_alerts/central/2025-02_central_nsq.pdf,3,22,22,Polywin Vitamin B Complex Injection (Polywin),Polywin,MA24H16,MA24H16,,false,2024-08,2026-01,08/2024,01/2026,"M/s. MARTIN & BROWN BIO-SCIENCES PVT. LTD., K.No-918/419, Malkumajra, Nalagarh Road, Baddi, Dist-Solan (H.P.)-173205",martin brown bio sciences pvt ltd,"Extractable volume, Particulate matter, Assay of Riboflavin Sodium Phosphate and Description","CDL, Kolkata",,,,1.0
2025-02,central,nsq,false,data/raw/cdsco_alerts/central/2025-02_central_nsq.pdf,3,23,23,Sitagliptin Phoshpate Tablets I.P. (50 mg),,MT243714,MT243714,,false,2024-11,2026-10,11/2024,10/2026,"M/s. Mascot Health Series Pvt. Ltd., Plot No. 79,80, Sec-6A, IIE, Sidcul, Haridwar 249403",mascot health series pvt ltd,Assay of Sitagliptin Phosphate,"CDL, Kolkata",,,,1.0
2025-02,central,nsq,false,data/raw/cdsco_alerts/central/2025-02_central_nsq.pdf,3,24,24,"Vitamin B1, Vitamin B2, Nicotinamide, Vitamin B6, Vitamin B12 & Calcium D-Pantothenate Syrup (B-Complex Syrup)",B-Complex,BOB-2452,BOB2452,,false,2024-06,2025-11,06/2024,11/2025,"M/s. Apple formulation Pvt. Ltd., Plot no. 208, Kishanpur, Roorkee-247667 (U.K.)",apple formulation pvt ltd,Assay of Vitamin B12,"CDL, Kolkata",,,,1.0
2025-02,central,nsq,true,data/raw/cdsco_alerts/central/2025-02_central_nsq.pdf,4,25,25,Sucralfate USP,,LSU2409105,LSU2409105,,false,2024-09,2029-08,09/2024,08/2029,"M/s. LEGEND INDUSTRIES, Unit-II, Plot No. C1/200-201/4, Phase-II, Opp. Encore Ltd., Naroda, G.I.D.C., Ahmedabad-382 330",legend industries,Spurious Identification and Assay of Sucralfate,"CDL, Kolkata",,,,1.0
2025-02,central,nsq,false,data/raw/cdsco_alerts/central/2025-02_central_nsq.pdf,4,26,26,Wholeshield Refire Premium Herbal Blend Capsule,,EAHC24021,EAHC24021,,false,2024-09,2027-08,09/2024,08/2027,"M/s. Aeron Lifescience Pvt. Ltd.D 152 & 153 Zaveri Com. Co.Op, Road Number 11, Kathwada GIDC, Ahmedabad, Gujarat 382430,",aeron lifescience pvt ltd d 152 153 zaveri com co op,Assay,"CDL, Kolkata",,,,1.0
2025-02,central,nsq,false,data/raw/cdsco_alerts/central/2025-02_central_nsq.pdf,4,27,27,Wholeshield Refire Premium Herbal Blend Capsule,,EAHC24020,EAHC24020,,false,2024-09,2027-08,09/2024,08/2027,"M/s. Aeron Lifescience Pvt. Ltd.,D 152 & 153 Zaveri Com. Co.Op, Road Number 11, Kathwada GIDC, Ahmedabad, Gujarat 382430",aeron lifescience pvt ltd,Assay,"CDL, Kolkata",,,,1.0
2025-02,central,nsq,false,data/raw/cdsco_alerts/central/2025-02_central_nsq.pdf,4,28,28,Co-trimoxazole Tablets I.P. (D.S.= Double Strength),D.S.= Double Strength,PT30119,PT30119,,false,2023-05,2025-04,05/2023,04/2025,"OMEGA PHARMA,, Khasra No.482, Village Saliyar, Roorkee-247667, Distt. Haridwar. (Uttarakhand)",omega pharma,Dissolution (Sulphamethoxazol e and Trimethoprim),"RDTL, Guwahati",,,,1.0
2025-02,central,nsq,false,data/raw/cdsco_alerts/central/2025-02_central_nsq.pdf,4,29,29,Albendazole Tablets IP 400 mg,,LMT241138,LMT241138,,false,2024-10,2026-09,10/2024,09/2026,"Life Max Cancer Laboratories, Plot No. 106 & 106 A, Sector6A, IIE, SIDCUL, Haridwar249403 (U.K)",life max cancer laboratories,"""Dissolution"" of Albendazole","RDTL, Guwahati",,,,1.0
2025-02,central,nsq,false,data/raw/cdsco_alerts/central/2025-02_central_nsq.pdf,4,30,30,Glimepiride Tablets I.P. 1mg,,GLI10823,GLI10823,,false,2023-05,2025-04,05/2023,04/2025,"KARNATAKA ANTIBIOTICS & PHARMACEUTICALS LIMITED, Arka The Business Centre, Plot No. 37, Site No. 34/4, NTTF Main Road, Peenya Industrial Area, 2nd Phase, Bengaluru-560058, INDIA.",karnataka antibiotics pharmaceuticals limited,Dissolution,"RDTL, Guwahati",,,,1.0
2025-02,central,nsq,false,data/raw/cdsco_alerts/central/2025-02_central_nsq.pdf,4,31,31,Linezolid Tablets I.P. 600 mg. (ALINO-600 Tablets),ALINO-600,VLB-GT-2500,VLBGT2500,,false,2023-12,2025-11,12/2023,11/2025,"Vee Laboratories,, Village Kalier, Subathu, RoadSaproon (Post Office) Solan173211, Himachal Pradesh",vee laboratories,Dissolution,"RDTL, Guwahati",,,,1.0
2025-02,central,nsq,false,data/raw/cdsco_alerts/central/2025-02_central_nsq.pdf,4,32,32,Norfloxacin Tablets I.P. 400mg.,,NFXT-1002,NFXT1002,,false,2023-06,2026-05,06/2023,05/2026,"WINGS BIOTECH LLP, 43 & 44, HPSIDC, Industrial Area, Baddi - 173205 (H.P.)",wings biotech llp,Dissolution,"RDTL, Guwahati",,,,1.0
2025-02,central,nsq,false,data/raw/cdsco_alerts/central/2025-02_central_nsq.pdf,4,33,33,Nitrofurantoin Tablets IP 100mg,,T-2485,T2485,,false,2023-11,2025-10,11/2023,10/2025,"Jackson Laboratories Pvt.Ltd, 22-24, Majitha Road, Bye Pass, Amritsar-143 001(India)",jackson laboratories pvt ltd,Dissolution,"RDTL, Guwahati",,,,1.0
2025-02,central,nsq,false,data/raw/cdsco_alerts/central/2025-02_central_nsq.pdf,5,34,34,Amoxycillin & Clavulanate Potassium for Oral Suspension I.P. 3.6gm/30ml,,724-37,72437,,false,2024-02,2026-01,02/2024,01/2026,"M/s. ZEE LABORATORIES LTD, Behind 47, Industrial Area, Paonta Sahib-173025",zee laboratories ltd,Identification and Assay/Content of Clavulanic Acid,"RDTL, Guwahati",,,,1.0
2025-02,central,nsq,false,data/raw/cdsco_alerts/central/2025-02_central_nsq.pdf,5,35,35,Telmisartan Tablets IP 40mg (Savtel 40 Tablets),Savtel 40,PT-40584,PT40584,,false,2024-02,2026-01,02/2024,01/2026,"Pharmaroots Healthcare, Khasra No. 411, Village Tipra, P.O. Barotiwala, Tehsil Baddi, Distt. Solan, H.P.",pharmaroots healthcare,Dissolution,"RDTL, Guwahati",,,,1.0
2025-02,central,nsq,false,data/raw/cdsco_alerts/central/2025-02_central_nsq.pdf,5,36,36,Telmisartan Tablets IP (TELMOPI-40 Tablets),TELMOPI-40,23I-T2013,23IT2013,,false,2023-12,2025-11,12/2023,11/2025,"M/s. Orison Pharma International, Vill. Khari, Mauza Ogli, Kala Amb, Distt. Sirmour - 173030 (H.P.)",orison pharma international,Dissolution,"RDTL, Guwahati",,,,1.0
2025-02,central,nsq,false,data/raw/cdsco_alerts/central/2025-02_central_nsq.pdf,5,37,37,Paracetamol & Diclofenac Sodium Tablets I.P. (IG Pyrin),IG Pyrin,IGN-2602,IGN2602,,false,2023-05,2026-04,05/2023,04/2026,"I.G. PHARMA LTD., 12.4KM, MEERUT ROAD, ROORKEE, DIST. HARIDWAR (UK)",i g pharma ltd,Dissolution of Paracetamol & Diclofenac Sodium,"RDTL, Guwahati",,,,1.0
2025-02,central,nsq,false,data/raw/cdsco_alerts/central/2025-02_central_nsq.pdf,5,38,38,Iron Sucrose Injection USP 100 mg/ 5 ml,,23IS10,23IS10,,false,2023-12,2025-11,12/2023,11/2025,"Sai Parenterals Limited, D1 & D4, Survey No. 280, Phase-V, Ida, Jeedimetla, Hyderabad-500055, Telangana, India.",sai parenterals limited,"""pH"", ""Alkalinity"" and ""Particulate Matter In Injection""",CDTL-Mumbai,,,,1.0
2025-02,central,nsq,false,data/raw/cdsco_alerts/central/2025-02_central_nsq.pdf,5,39,39,Linezolid IV Injection 600 mg/ 300 ml (ABAZOLID),ABAZOLID,A4544004,A4544004,,false,2024-04,2026-03,04/2024,03/2026,"Abaris Healthcare Pvt. Ltd., Survey No. 1407-11, Villate : Rajpur, Taluka : Kadi, Dist : Mehsana- 382740.Gujarat",abaris healthcare pvt ltd,"""Related substances""",CDTL-Mumbai,,,,1.0
2025-02,central,nsq,false,data/raw/cdsco_alerts/central/2025-02_central_nsq.pdf,5,40,40,Bacillus clausii Spores Suspension (Bactogermina Oral Suspension 2 Billion/ 5 ml),,AFL241415,AFL241415,,false,2024-10,2026-09,10/2024,09/2026,"AARMED FORMULATIONS PVT. LTD., Survey No.431/2, Plot No.1, Steel Town, Moraiya, Tal. Sanand, Dist. Ahmedabad, (Gujarat)",aarmed formulations pvt ltd,"Assay as ""Viability"" (Total viable count)",CDTL-Mumbai,,,,1.0
2025-02,central,nsq,false,data/raw/cdsco_alerts/central/2025-02_central_nsq.pdf,5,41,41,Lignocaine Hydrochloride Gel IP 5 % w/v (30 g),,G407,G407,,false,2024-09,2026-08,09/2024,08/2026,"Gnosis Pharmaceuticals Pvt. Ltd., Nahan Road, Village Moginand, Kala- Amb Distt. Sirmour, H.P. - 173030.",gnosis pharmaceuticals pvt ltd,"""pH""",CDTL-Mumbai,,,,1.0
2025-02,central,nsq,false,data/raw/cdsco_alerts/central/2025-02_central_nsq.pdf,5,42,42,Ferric Carboxymaltose Injection 500 mg/ 10 ml (For IV Injection / Infusion),For IV Injection / Infusion,SVI-24171A,SVI24171A,,false,2024-08,2026-07,08/2024,07/2026,"Sunvet Healthcare, Village Shambhuwala, Paonta Road, Distt. Sirmour (H.P.) 173001,",sunvet healthcare,"""Bacterial Endotoxins"", ""Sterility"" and ""Assay""",CDTL-Mumbai,,,,1.0
2025-02,central,nsq,false,data/raw/cdsco_alerts/central/2025-02_central_nsq.pdf,5,43,43,"Ferric Carboxymaltose Injection 1 g,/ 20 ml (For IV Injection / Infusion)",For IV Injection / Infusion,SVI-24168B,SVI24168B,,false,2024-08,2026-07,08/2024,07/2026,"Sunvet Healthcare, Village Shambhuwala, Paonta Road, Distt. Sirmour (H.P.) 173001,",sunvet healthcare,"""Bacterial Endotoxins"", ""Sterility"" and ""Assay""",CDTL-Mumbai,,,,1.0
2025-02,central,nsq,false,data/raw/cdsco_alerts/central/2025-02_central_nsq.pdf,5,44,44,Levocetirizine Dihydrochloride Tablets IP 5 mg (Alercet-5),Alercet-5,2411110,2411110,,false,2024-11,2026-10,11/2024,10/2026,"M/s. Brij Healthcare Pvt. Ltd, 51/10, G.I.D.C Esatae, Motipura, Himatnagar - 383001, Gujarat",brij healthcare pvt ltd,Dissolution,"CDTL, Indore",,,,1.0
2025-02,central,nsq,false,data/raw/cdsco_alerts/central/2025-02_central_nsq.pdf,6,45,45,Clonazepam Tablets IP 0.5 mg (NOZIM-0.5),NOZIM-0.5,DT40078,DT40078,,false,2024-12,2027-11,12/2024,11/2027,"M/s. Elikem Healthcare Private Limited, Plot/Survey No. 146, Near Sarbhara Beverages, Village - Borisana, Tal. - Kadi, Dist. - Mehsana - 382 715, Gujarat, India",elikem healthcare private limited,Dissolution,"CDTL, Indore",,,,1.0
2025-02,central,nsq,false,data/raw/cdsco_alerts/central/2025-02_central_nsq.pdf,6,46,46,"Aceclofenac, Paracetamol & Serratiopeptidase Tablets (Acemarc-SP Tablets)",Acemarc-SP,MT-306,MT306,,false,2024-12,2026-11,12/2024,11/2026,"M/s Maha Avtar, Health Care Pvt. Ltd., D-22, Sector-17, Kavi Nagar Indl.Area, GZB-201002",maha avtar,Uniformity of weight,"RDTL, Chandigarh",,,,1.0
2025-02,central,nsq,false,data/raw/cdsco_alerts/central/2025-02_central_nsq.pdf,6,47,47,Sodium Bicarbonate Tablets U.S.P. 1000 mg (NABOSIS 1000 mg,,T-2307270,T2307270,,false,2023-07,2025-06,07/2023,06/2025,"M/s. Rivpra Formulation Pvt. Ltd., Plot No. 8, Sector-6A, IIE SIDCUL, Haridwar-249 403 (U.K.",rivpra formulation pvt ltd,Description,"CDTL, Hyderabad",,,,1.0
2025-03,central,nsq,false,data/raw/cdsco_alerts/central/2025-03_central_nsq.pdf,1,1,1,Amoxicillin Sodium and Clavulanate Potassium (Sterile) 5:1,Sterile,4032409004,4032409004,,false,2024-09,2028-08,09/2024,08/2028,"M/s. Shandong New Time Pharmaceuticals Co. Ltd., No.1, North Outer Ring Road, Feixian Country, Shandong Province, China",shandong new time pharmaceuticals co ltd,Particulate Matter,"CDL, Kolkata",,A. NOT OF STANDARD QUALITY (NSQ) ALERT FOR THE MONTH OF MARCH-2025 (CDSCO/Central Laboratories),,1.0
2025-03,central,nsq,false,data/raw/cdsco_alerts/central/2025-03_central_nsq.pdf,1,2,2,Pantoprazole Gastro-Resistant Tablets IP (Pantoshang-40),Pantoshang-40,SP240165,SP240165,,false,2024-06,2026-05,06/2024,05/2026,"M/s. Shangrila Industries (P) Ltd., (Pharma Division) Mining Rangpo East Sikkim-737132",shangrila industries ltd,Dissolution (Buffer Stage),"CDL, Kolkata",,A. NOT OF STANDARD QUALITY (NSQ) ALERT FOR THE MONTH OF MARCH-2025 (CDSCO/Central Laboratories),,1.0
2025-03,central,nsq,false,data/raw/cdsco_alerts/central/2025-03_central_nsq.pdf,1,3,3,Pantoprazole tablets IP 40 mg,,0081,0081,,false,2024-05,2026-04,05/2024,04/2026,"M/s. Hindustan Antibiotics Ltd., Pimpri, Pune-411018, INDIA",hindustan antibiotics ltd,Dissolution (Buffer Stage),"CDL, Kolkata",,A. NOT OF STANDARD QUALITY (NSQ) ALERT FOR THE MONTH OF MARCH-2025 (CDSCO/Central Laboratories),,1.0
2025-03,central,nsq,false,data/raw/cdsco_alerts/central/2025-03_central_nsq.pdf,1,4,4,Adrenaline Bitartrate Injection IP (Reoline Injection),Reoline,AD-204,AD204,,false,2024-11,2026-04,11/2024,04/2026,"M/s. Rathi Laboratories (Hindustan) Pvt. Ltd., Industrial Area, Patna-800013 Bihar",rathi laboratories pvt ltd,"Appearance of solution, Particulate matter and Description","CDL, Kolkata",,A. NOT OF STANDARD QUALITY (NSQ) ALERT FOR THE MONTH OF MARCH-2025 (CDSCO/Central Laboratories),,1.0
2025-03,central,nsq,false,data/raw/cdsco_alerts/central/2025-03_central_nsq.pdf,1,5,5,Bupivacaine Hydrochloride In Dextrose Injection USP,,AA4009,AA4009,,false,2024-03,2026-02,03/2024,02/2026,"M/s. Aishwarya Healthcare, Samardung, Kower Kabrey Block, South Sikkim-737137",aishwarya healthcare,Particulate matter (visible) and Description,"CDL, Kolkata",,A. NOT OF STANDARD QUALITY (NSQ) ALERT FOR THE MONTH OF MARCH-2025 (CDSCO/Central Laboratories),,1.0
2025-03,central,nsq,false,data/raw/cdsco_alerts/central/2025-03_central_nsq.pdf,1,6,6,Montelukast and Levocetirizine Tablet (Dumont-L ),Dumont-L,DML 062,DML062,,false,2024-12,2027-11,12/2024,11/2027,"M/s.Hygeia Pharmaceuticals Mfg (P) Ltd., 608, Dwarir Road, Dhamaitala, P.O.- Dakshin Jagaddal, Dist-24 Pgs(S), Pin-700151, W.B.",hygeia pharmaceuticals mfg ltd,Dissolution of Levocetirizine Hydrochloride and Montelukast,"CDL, Kolkata",,A. NOT OF STANDARD QUALITY (NSQ) ALERT FOR THE MONTH OF MARCH-2025 (CDSCO/Central Laboratories),,1.0
2025-03,central,nsq,true,data/raw/cdsco_alerts/central/2025-03_central_nsq.pdf,1,7,7,Nitrazepam Tablets I.P. 10 mg. (Nitravet-10),Nitravet-10,AXI23003P,AXI23003P,,false,2023-09,2028-02,09/2023,02/2028,"M/s. Anglo-French Drugs & Industries Limited, Plot No-4, Phase-II, Peenya Industrial Area, Peenya, Bengaluru-560 058",anglo french drugs industries limited,Spurious Identification and Assay of Nitrazepam,"CDL, Kolkata",,A. NOT OF STANDARD QUALITY (NSQ) ALERT FOR THE MONTH OF MARCH-2025 (CDSCO/Central Laboratories),,1.0
2025-03,central,nsq,false,data/raw/cdsco_alerts/central/2025-03_central_nsq.pdf,1,8,8,"Vitamin B1, Vitamin B2, Nicotinamide, Vitamin B6, Vitamin B12 & Calcium D-Pantothenate Syrup (B-Complex Syrup)",B-Complex,BOB-2440,BOB2440,,false,2024-06,2025-11,06/2024,11/2025,"M/s. Apple formulations Pvt. Ltd., Plot no. 208, Kishanpur, Roorkee-247667 (U.K.)",apple formulations pvt ltd,Assay of Vitamin B12,"CDL, Kolkata",,A. NOT OF STANDARD QUALITY (NSQ) ALERT FOR THE MONTH OF MARCH-2025 (CDSCO/Central Laboratories),,1.0
2025-03,central,nsq,false,data/raw/cdsco_alerts/central/2025-03_central_nsq.pdf,1,9,9,"Vitamin B1, Vitamin B2, Nicotinamide, Vitamin B6, Vitamin B12 & Calcium D-Pantothenate Syrup (B-Complex Syrup)",B-Complex,BOB-2451,BOB2451,,false,2024-06,2025-11,06/2024,11/2025,"M/s. Apple Formulations Pvt. Ltd., Plot no. 208, Kishanpur, Roorkee-247667 (U.K.)",apple formulations pvt ltd,Total aerobic viable count under Microbial limit test,"CDL, Kolkata",,A. NOT OF STANDARD QUALITY (NSQ) ALERT FOR THE MONTH OF MARCH-2025 (CDSCO/Central Laboratories),,1.0
2025-03,central,nsq,false,data/raw/cdsco_alerts/central/2025-03_central_nsq.pdf,2,10,10,"Vitamin C, Vitamin B12, Folic Acid and Niacinamide Injection (Curevit-12 (Combi Pack ))",Combi Pack,CP-937,CP937,,false,2024-12,2026-05,12/2024,05/2026,"M/s. Pharma Cure Laboratories, Garha Jalandhar 144022 Punjab",pharma cure laboratories,Particulate Matter and Description,"CDL, Kolkata",,A. NOT OF STANDARD QUALITY (NSQ) ALERT FOR THE MONTH OF MARCH-2025 (CDSCO/Central Laboratories),,1.0
2025-03,central,nsq,false,data/raw/cdsco_alerts/central/2025-03_central_nsq.pdf,2,11,11,Ceftriaxone and Salbactam for Injection 1.5 g (TriaxS 1.5 g),TriaxS 1.5 g,DC40117,DC40117,,false,2024-09,2027-08,09/2024,08/2027,"M/s. Captab Biotec, Unit-II, Plot No. 125, E.P.I.P. Road, Mauja, Jharmajri, Baddi, Dist. Solan (H.P.)-173205",captab biotec,Particulate Matter and Description,"CDL, Kolkata",,A. NOT OF STANDARD QUALITY (NSQ) ALERT FOR THE MONTH OF MARCH-2025 (CDSCO/Central Laboratories),,1.0
2025-03,central,nsq,false,data/raw/cdsco_alerts/central/2025-03_central_nsq.pdf,2,12,12,Ceftriaxone & Sulbactam for Injection IP (Cefamed-S),Cefamed-S,B4CT05E,B4CT05E,,false,2024-10,2026-09,10/2024,09/2026,"M/s. Lenus Lifecare Pvt. Ltd., Plot No. 1, Industrial Area, Chambaghat, Solan (H.P.)-173 213(India)",lenus lifecare pvt ltd,"Clarity of Solution, Particulate matter and Description","CDL, Kolkata",,A. NOT OF STANDARD QUALITY (NSQ) ALERT FOR THE MONTH OF MARCH-2025 (CDSCO/Central Laboratories),,1.0
2025-03,central,nsq,false,data/raw/cdsco_alerts/central/2025-03_central_nsq.pdf,2,13,13,Pantoprazole Gastro-Resistant and Domperidone Prolonged-release Capsules IP (Pantoryl-DSR ),Pantoryl-DSR,MC-24229,MC24229,,false,2024-04,2026-03,04/2024,03/2026,"M/s. Matins Healthcare Pvt. Ltd., Plot No.-10, Sector-5, I.I.E., SIDCUL, HARIDWAR-249403 (U.K.)",matins healthcare pvt ltd,Dissolution of Pantoprazole Sodium in Buffer stage,"CDL, Kolkata",,A. NOT OF STANDARD QUALITY (NSQ) ALERT FOR THE MONTH OF MARCH-2025 (CDSCO/Central Laboratories),,1.0
2025-03,central,nsq,false,data/raw/cdsco_alerts/central/2025-03_central_nsq.pdf,2,14,14,Chlorhexidine Gluconate & Ethyle Alcohol Baed Hand and Skin Disinfectant (Safiser Hand Rub),Safiser Hand Rub,IJWX/074,IJWX074,,false,2023-09,2025-09,09/2023,09/2025,"M/s. SS Enterprises F-76,, Sector-8, Noida, G.B. Nagar (U.P.), India 201301",ss enterprises f 76,"Assay of Ethyl alcohol, Chlorhexidine Gluconate","CDL, Kolkata",,A. NOT OF STANDARD QUALITY (NSQ) ALERT FOR THE MONTH OF MARCH-2025 (CDSCO/Central Laboratories),,1.0
2025-03,central,nsq,false,data/raw/cdsco_alerts/central/2025-03_central_nsq.pdf,2,15,15,Dexamethasone Sodium Phosphate Injection IP (Dexagain Injection ),Dexagain,VHI274001,VHI274001,,false,2024-12,2026-11,12/2024,11/2026,"M/s.Vidit Healthcare, Village Kishanpura, Paonta Sahib, Distt-Sirmour, H.P.-173025",vidit healthcare,Assay of Dexamethasone Sodium Phosphate calculated as Dexamethasone Phosphate,"CDL, Kolkata",,A. NOT OF STANDARD QUALITY (NSQ) ALERT FOR THE MONTH OF MARCH-2025 (CDSCO/Central Laboratories),,1.0
2025-03,central,nsq,false,data/raw/cdsco_alerts/central/2025-03_central_nsq.pdf,2,16,16,Itraconazole Capsules BP 100 mg (Fungis-100),Fungis-100,C4050,C4050,,false,2024-06,2026-05,06/2024,05/2026,"M/s. Merril Pharma Pvt. Ltd., Unit- II Plot No.24,25,31,32 Somnath Industrial Park, Kerala GIDC, Near Bavla, Ahmedabad -382220, Gujarat, India",merril pharma pvt ltd,Dissolution,"CDL, Kolkata",,A. NOT OF STANDARD QUALITY (NSQ) ALERT FOR THE MONTH OF MARCH-2025 (CDSCO/Central Laboratories),,1.0
2025-03,central,nsq,false,data/raw/cdsco_alerts/central/2025-03_central_nsq.pdf,2,17,17,Gentamicin Sulphate Injection IP (GENTAMICIN ),GENTAMICIN,GN-37,GN37,,false,2024-09,2026-08,09/2024,08/2026,"M/s. Amba research Laboratories, Road No.-21, Rajiv Nagar, Patna-24",amba research laboratories,"Sterility, Particulate Matter and Description","CDL, Kolkata",,A. NOT OF STANDARD QUALITY (NSQ) ALERT FOR THE MONTH OF MARCH-2025 (CDSCO/Central Laboratories),,1.0
2025-03,central,nsq,false,data/raw/cdsco_alerts/central/2025-03_central_nsq.pdf,2,18,18,"Methylcobalamin, Thiamine HCl, Pyridoxine HCl, D-Panthenol and Nicotinamide Injection (Nuropat)",Nuropat,UGA-24436E,UGA24436E,,false,2024-08,2026-01,08/2024,01/2026,"M/s. Ultra Drugs Pvt. Ltd., Plot No. 1315-1318, Manpura, Nalagarh Road, Distt. Solan (H.P.) 174101",ultra drugs pvt ltd,Particulate Matter and Assay of Methylcobalamin,"CDL, Kolkata",,A. NOT OF STANDARD QUALITY (NSQ) ALERT FOR THE MONTH OF MARCH-2025 (CDSCO/Central Laboratories),,1.0
2025-03,central,nsq,false,data/raw/cdsco_alerts/central/2025-03_central_nsq.pdf,3,19,19,Chloramphenirol Eye Ointment I.P. 1% W/W (EXPHENICOL),EXPHENICOL,1624-366,1624366,,false,2024-07,2026-06,01/07/2024,30/06/2026,"M/s. Zee Laboratories Ltd., Behind 47, Industrial Area, Paonta Sahib-173025",zee laboratories ltd,Assay of Chloramphenicol,"CDL, Kolkata",,A. NOT OF STANDARD QUALITY (NSQ) ALERT FOR THE MONTH OF MARCH-2025 (CDSCO/Central Laboratories),,1.0
2025-03,central,nsq,false,data/raw/cdsco_alerts/central/2025-03_central_nsq.pdf,3,20,20,Calcium& Vitamin D3 Tablets IP,,QT23144,QT23144,,false,2024-11,2026-10,11/2024,10/2026,"M/s.Quest Laboratories Limited, Plot No.-45, Sector-III, Pithampur, Dist-Dhar-454775 (M. P.)",quest laboratories limited,"Description, Dissolution (for Calcium) and Assay of Elemental Calcium","CDL, Kolkata",,A. NOT OF STANDARD QUALITY (NSQ) ALERT FOR THE MONTH OF MARCH-2025 (CDSCO/Central Laboratories),,1.0
2025-03,central,nsq,false,data/raw/cdsco_alerts/central/2025-03_central_nsq.pdf,3,21,21,Rabeprazole Sodium Injection I.P.,,MD23H29,MD23H29,,false,2023-08,2025-07,08/2023,07/2025,"M/s. Martin and Brown Bio-sciences, K.No.-918/419, Malkumajra, Nalagarh Road, Baddi, Distt.-Solan (H.P.) - 173205",martin and brown bio sciences,"Particulate matter, Related Substances, Clarity of solution, pH, Assay of Rabeprazole Sodium and Description","CDL, Kolkata",,A. NOT OF STANDARD QUALITY (NSQ) ALERT FOR THE MONTH OF MARCH-2025 (CDSCO/Central Laboratories),,1.0
2025-03,central,nsq,false,data/raw/cdsco_alerts/central/2025-03_central_nsq.pdf,3,22,22,Rabeprazole Sodium Injection I.P.,,MD23H27,MD23H27,,false,2023-08,2025-07,08/2023,07/2025,"M/s. Martin and Brown Bio-sciences, K.No.-918/419, Malkumajra, Nalagarh Road, Baddi, Distt.-Solan (H.P.) - 173205",martin and brown bio sciences,"Clarity of solution, Particulate matter, Related Substances, pH, Assay of Rabeprazole Sodium and Description","CDL, Kolkata",,A. NOT OF STANDARD QUALITY (NSQ) ALERT FOR THE MONTH OF MARCH-2025 (CDSCO/Central Laboratories),,1.0
2025-03,central,nsq,false,data/raw/cdsco_alerts/central/2025-03_central_nsq.pdf,3,23,23,Iron Sucrose Injection USP,,MA24G46,MA24G46,,false,2024-07,2026-06,07/2024,06/2026,"M/s. Martin and Brown Bio-sciences Pvt. Ltd., K.No.- 918/419, Malkumajra, Nalagarh Road, Baddi, Distt.- Solan (H.P.) -173205",martin and brown bio sciences pvt ltd,pH,"CDL, Kolkata",,A. NOT OF STANDARD QUALITY (NSQ) ALERT FOR THE MONTH OF MARCH-2025 (CDSCO/Central Laboratories),,1.0
2025-03,central,nsq,false,data/raw/cdsco_alerts/central/2025-03_central_nsq.pdf,3,24,24,Cholecalciferol (Vitamin D3) 60000 IU/gm Granule Sachet,Vitamin D3,TPD24015,TPD24015,,false,2024-07,2026-06,07/2024,06/2026,"M/s. Affy Parenterals, Vill. Gullarwala, P.O. Baddi, Distt. Solan -173205 (HP)",affy parenterals,Assay/content of Cholecalciferol (Vitamin D3),"CDL, Kolkata",,A. NOT OF STANDARD QUALITY (NSQ) ALERT FOR THE MONTH OF MARCH-2025 (CDSCO/Central Laboratories),,1.0
2025-03,central,nsq,false,data/raw/cdsco_alerts/central/2025-03_central_nsq.pdf,3,25,25,Calcium Carbonate 500 mg + VIT. D3 250 IU TABLETS IP (CALXIA 500 ),CALXIA 500,GTL1258,GTL1258,,false,2024-12,2026-11,12/2024,11/2026,"M/s. Gidsha Pharmaceuticals, Plot No.-611 612, Mega GIDC, Kharedi, Dahod-389151, Gujarat.",gidsha pharmaceuticals,Dissolution (for Calcium),"CDL, Kolkata",,A. NOT OF STANDARD QUALITY (NSQ) ALERT FOR THE MONTH OF MARCH-2025 (CDSCO/Central Laboratories),,1.0
2025-03,central,nsq,false,data/raw/cdsco_alerts/central/2025-03_central_nsq.pdf,3,26,26,Calcium Carbonate 500 mg + VIT. D3 250 IU TABLETS IP (CALXIA 500 ),CALXIA 500,GTL1296,GTL1296,,false,2024-12,2026-11,12/2024,11/2026,"M/s. Gidsha Pharmaceuticals, Plot No.-611 612, Mega GIDC, Kharedi, Dahod-389151, Gujarat.",gidsha pharmaceuticals,Dissolution (for Calcium),"CDL, Kolkata",,A. NOT OF STANDARD QUALITY (NSQ) ALERT FOR THE MONTH OF MARCH-2025 (CDSCO/Central Laboratories),,1.0
2025-03,central,nsq,false,data/raw/cdsco_alerts/central/2025-03_central_nsq.pdf,4,27,27,Omeprazole for Injection (Lyophilized) 40 mg (Fexona ),Fexona,324-609,324609,,false,2024-05,2027-04,05/2024,04/2027,"M/s. Zee Laboratories Ltd., Behind 47, Industrial Area, Paonta Sahib-173025",zee laboratories ltd,Sterility of Water for Injection,"CDL, Kolkata",,A. NOT OF STANDARD QUALITY (NSQ) ALERT FOR THE MONTH OF MARCH-2025 (CDSCO/Central Laboratories),,1.0
2025-03,central,nsq,false,data/raw/cdsco_alerts/central/2025-03_central_nsq.pdf,4,28,28,Omeprazole for Injection (Lyophilized) 40 mg (Fexona ),Fexona,324-608,324608,,false,2024-05,2027-04,05/2024,04/2027,"M/s. Zee Laboratories Ltd., Behind 47, Industrial Area, Paonta Sahib-173025",zee laboratories ltd,Sterility of Water for Injection,"CDL, Kolkata",,A. NOT OF STANDARD QUALITY (NSQ) ALERT FOR THE MONTH OF MARCH-2025 (CDSCO/Central Laboratories),,1.0
2025-03,central,nsq,false,data/raw/cdsco_alerts/central/2025-03_central_nsq.pdf,4,29,29,Cholecalciferol (Vitamin D3) 60000 IU/gm Granule Sachet,Vitamin D3,TPD24020,TPD24020,,false,2024-07,2026-06,07/2024,06/2026,"M/s. Affy Parenterals, (WHO-CGMP/ISO 9001:2015 Certified Co.) Vill-Gullerwala, PO-Baddi, Dist-Solan-173205 (H.P.)",affy parenterals,Assay/content of Cholecalciferol (Vitamin D3),"CDL, Kolkata",,A. NOT OF STANDARD QUALITY (NSQ) ALERT FOR THE MONTH OF MARCH-2025 (CDSCO/Central Laboratories),,1.0
2025-03,central,nsq,false,data/raw/cdsco_alerts/central/2025-03_central_nsq.pdf,4,30,30,Cholecalciferol (Vitamin D3 ) 60000 IU/gm Granule Sachet,Vitamin D3,TPD24019,TPD24019,,false,2024-07,2026-06,07/2024,06/2026,"M/s. Affy Parenterals, (WHO-CGMP/ISO 9001:2015 Certified Co.) Vill-Gullerwala, PO-Baddi, Dist-Solan-173205 (H.P.)",affy parenterals,Assay/content of Cholecalciferol (Vitamin D3),"CDL, Kolkata",,A. NOT OF STANDARD QUALITY (NSQ) ALERT FOR THE MONTH OF MARCH-2025 (CDSCO/Central Laboratories),,1.0
2025-03,central,nsq,false,data/raw/cdsco_alerts/central/2025-03_central_nsq.pdf,4,31,31,Cholecalciferol (Vitamin D3 ) 60000 IU/gm Granule Sachet,Vitamin D3,TPD24018,TPD24018,,false,2024-07,2026-06,07/2024,06/2026,"M/s. Affy Parenterals, (WHO-CGMP/ISO 9001:2015 Certified Co.) Vill-Gullerwala, PO-Baddi, Dist-Solan-173205 (H.P.)",affy parenterals,Assay/content of Cholecalciferol (Vitamin D3),"CDL, Kolkata",,A. NOT OF STANDARD QUALITY (NSQ) ALERT FOR THE MONTH OF MARCH-2025 (CDSCO/Central Laboratories),,1.0
2025-03,central,nsq,false,data/raw/cdsco_alerts/central/2025-03_central_nsq.pdf,4,32,32,Calcium Carbonate 500 mg + VIT. D3 250 IU TABLETS IP (CALXIA 500 ),CALXIA 500,GTL1288,GTL1288,,false,2024-12,2026-11,12/2024,11/2026,"M/s. Gidsha Pharmaceuticals, Plot No. 611 612, Mega GIDC, Kharedi, Dahod-389151, Gujarat",gidsha pharmaceuticals,Dissolution (for Calcium),"CDL, Kolkata",,A. NOT OF STANDARD QUALITY (NSQ) ALERT FOR THE MONTH OF MARCH-2025 (CDSCO/Central Laboratories),,1.0
2025-03,central,nsq,false,data/raw/cdsco_alerts/central/2025-03_central_nsq.pdf,4,33,33,Cefuroxime Axetil Tablets I.P. 500 mg (BREXETIL-500 ),BREXETIL-500,ST-25345,ST25345,,false,2024-10,2026-09,10/2024,09/2026,"M/s. Sunvij Drugs Private Limited, 511, GIDC, Waghodia, Baroda-391760, Gujarat",sunvij drugs private limited,Dissolution,"CDL, Kolkata",,A. NOT OF STANDARD QUALITY (NSQ) ALERT FOR THE MONTH OF MARCH-2025 (CDSCO/Central Laboratories),,1.0
2025-03,central,nsq,false,data/raw/cdsco_alerts/central/2025-03_central_nsq.pdf,4,34,34,Aceclofenac & Paracetamol Tablets (ALDIGESIC P ),ALDIGESIC P,BHT23229MB,BHT23229MB,,true,2023-09,2025-08,09/2023,08/2025,"M/s. Sri Ram Healthcare Pvt. Ltd., Plot No.-81-C/2, EPIP, Phase-1, Jharmajri, Baddi, Dist-Solan (H.P.)-174103",sri ram healthcare pvt ltd,Description,"CDL, Kolkata",,A. NOT OF STANDARD QUALITY (NSQ) ALERT FOR THE MONTH OF MARCH-2025 (CDSCO/Central Laboratories),,1.0
2025-03,central,nsq,false,data/raw/cdsco_alerts/central/2025-03_central_nsq.pdf,4,35,35,Ambroxol Hydrochloride and N-Acetyl L-Cysteine Tablets (Kufril-NT ),Kufril-NT,INT 115,INT115,,false,2024-07,2026-06,07/2024,06/2026,"M/s. Med Manor Organics Pvt Ltd., Unit-II, Kh.No-143 M/7, Village-Raipur, Pargana-Bhagwanpur, Tehsil-Roorkee, Dist. Haridwar, Uttarakhand-247661",med manor organics pvt ltd,Description,"CDL, Kolkata",,A. NOT OF STANDARD QUALITY (NSQ) ALERT FOR THE MONTH OF MARCH-2025 (CDSCO/Central Laboratories),,1.0
2025-03,central,nsq,false,data/raw/cdsco_alerts/central/2025-03_central_nsq.pdf,4,36,36,Calcium Gluconate Injection I.P. 10 ml,,MV24B35,MV24B35,,false,2024-02,2026-01,02/2024,01/2026,"M/s. Martin and Brown Bio-sciences Pvt. Ltd., K.No.- 918/419, Malkumajra, Nalagarh Road, Baddi, Distt.- Solan (H.P.) -173205",martin and brown bio sciences pvt ltd,"Extractable Volume, Particulate matter and Description","CDL, Kolkata",,A. NOT OF STANDARD QUALITY (NSQ) ALERT FOR THE MONTH OF MARCH-2025 (CDSCO/Central Laboratories),,1.0
2025-03,central,nsq,false,data/raw/cdsco_alerts/central/2025-03_central_nsq.pdf,5,37,37,Tranexamic Acid Injection I.P. (Tranexacure Injection ),Tranexacure,TC-038,TC038,,false,2024-12,2026-11,12/2024,11/2026,"M/s. Pharma Cure Laboratories, Garha Jalandhar 144022 Punjab",pharma cure laboratories,Particulate Matter and Description,"CDL, Kolkata",,A. NOT OF STANDARD QUALITY (NSQ) ALERT FOR THE MONTH OF MARCH-2025 (CDSCO/Central Laboratories),,1.0
2025-03,central,nsq,false,data/raw/cdsco_alerts/central/2025-03_central_nsq.pdf,5,38,38,Domperidone Suspension IP,,DPS3-24-225,DPS324225,,true,2024-08,2026-07,08/2024,07/2026,"M/s. Ornate Labs Pvt. Ltd., Bela Industrial Estate, Muzaffarpur-842005",ornate labs pvt ltd,Total aerobic viable count under Microbial contamination test and Assay/content of Domperidone,"CDL, Kolkata",,A. NOT OF STANDARD QUALITY (NSQ) ALERT FOR THE MONTH OF MARCH-2025 (CDSCO/Central Laboratories),,1.0
2025-03,central,nsq,false,data/raw/cdsco_alerts/central/2025-03_central_nsq.pdf,5,39,39,Calcium Carbonate 500 mg + VIT.D3 250 IU TABLETS IP (CALXIA-500 ),CALXIA-500,GTL1307,GTL1307,,false,2024-12,2026-11,12/2024,11/2026,"M/s. Gidsha Pharmaceuticals, Plot No.-611 612, Mega GIDC, Kharedi, Dahod-389151, Gujarat",gidsha pharmaceuticals,Dissolution (for Calcium),"CDL, Kolkata",,A. NOT OF STANDARD QUALITY (NSQ) ALERT FOR THE MONTH OF MARCH-2025 (CDSCO/Central Laboratories),,1.0
2025-03,central,nsq,false,data/raw/cdsco_alerts/central/2025-03_central_nsq.pdf,5,40,40,Calcium CarbonateE 500 mg + VIT. D3 250 IU TABLETS IP (CALXIA-500 ),CALXIA-500,GTL1312,GTL1312,,false,2024-12,2026-11,12/2024,11/2026,"M/s. Gidsha Pharmaceuticals, Plot No.-611 612, Mega GIDC, Kharedi, Dahod-389151, Gujarat",gidsha pharmaceuticals,Dissolution (for Calcium),"CDL, Kolkata",,A. NOT OF STANDARD QUALITY (NSQ) ALERT FOR THE MONTH OF MARCH-2025 (CDSCO/Central Laboratories),,1.0
2025-03,central,nsq,false,data/raw/cdsco_alerts/central/2025-03_central_nsq.pdf,5,41,41,Calcium Carbonate 500 mg + VIT. D3 250 IU TABLETS IP (CALXIA-500 ),CALXIA-500,GTL1313,GTL1313,,false,2024-12,2026-11,12/2024,11/2026,"M/s. Gidsha Pharmaceuticals, Plot No.-611 612, Mega GIDC, Kharedi, Dahod-389151, Gujarat",gidsha pharmaceuticals,Dissolution (for Calcium),"CDL, Kolkata",,A. NOT OF STANDARD QUALITY (NSQ) ALERT FOR THE MONTH OF MARCH-2025 (CDSCO/Central Laboratories),,1.0
2025-03,central,nsq,false,data/raw/cdsco_alerts/central/2025-03_central_nsq.pdf,5,42,42,Calcium Carbonate 500 mg.+VIT. D3 250IU TABLETS IP (CALXIA-500 ),CALXIA-500,GTL1314,GTL1314,,false,2024-12,2026-11,12/2024,11/2026,"M/s. Gidsha Pharmaceuticals, Plot No.-611 612, Mega GIDC, Kharedi, Dahod-389151, Gujarat",gidsha pharmaceuticals,Dissolution (for Calcium),"CDL, Kolkata",,A. NOT OF STANDARD QUALITY (NSQ) ALERT FOR THE MONTH OF MARCH-2025 (CDSCO/Central Laboratories),,1.0
2025-03,central,nsq,false,data/raw/cdsco_alerts/central/2025-03_central_nsq.pdf,5,43,43,Calcium Carbonate 500 mg.+VIT. D3 250 IU TABLETS IP (CALXIA-500 ),CALXIA-500,GTL1315,GTL1315,,false,2024-12,2026-11,12/2024,11/2026,"M/s. Gidsha Pharmaceuticals, Plot No.-611 612, Mega GIDC, Kharedi, Dahod-389151, Gujarat",gidsha pharmaceuticals,Dissolution (for Calcium),"CDL, Kolkata",,A. NOT OF STANDARD QUALITY (NSQ) ALERT FOR THE MONTH OF MARCH-2025 (CDSCO/Central Laboratories),,1.0
2025-03,central,nsq,false,data/raw/cdsco_alerts/central/2025-03_central_nsq.pdf,5,44,44,Iron Sucrose Injection USP 100 mg/5ml,,24RS13,24RS13,,false,2024-10,2026-09,10/2024,09/2026,"M/s. SAI Parenterals Limited, D1 &D4, Survey No. 280, Phase-V, IDA, Jeedimetla, Hyderabad-500055, TS",sai parenterals limited,Alkalinity and pH,"CDL, Kolkata",,A. NOT OF STANDARD QUALITY (NSQ) ALERT FOR THE MONTH OF MARCH-2025 (CDSCO/Central Laboratories),,1.0
2025-03,central,nsq,false,data/raw/cdsco_alerts/central/2025-03_central_nsq.pdf,5,45,45,Iron Sucrose Injection USP 20 mg/ml (I-PIC),I-PIC,A24105K,A24105K,,false,2024-06,2026-05,06/2024,05/2026,"M/s. Pace Biotech Village Surajpur, Paonta Sahib, Dist. Sirmour (H.P.)-173001",pace biotech village surajpur,Particulate matter in Injections,"CDL, Kolkata",,A. NOT OF STANDARD QUALITY (NSQ) ALERT FOR THE MONTH OF MARCH-2025 (CDSCO/Central Laboratories),,1.0
2025-03,central,nsq,false,data/raw/cdsco_alerts/central/2025-03_central_nsq.pdf,5,46,46,Gentamicin Sulphate Injection I.P. 30 ml (Gentalab ),Gentalab,OGNI-037,OGNI037,,false,2024-07,2026-06,07/2024,06/2026,"M/s. Laborate Pharmaceuticals India Ltd., #31, Rajban Road, Nariwala Paonta Sahib, (H.P.)",laborate pharmaceuticals india ltd,Particulate matter and Description,"CDL, Kolkata",,A. NOT OF STANDARD QUALITY (NSQ) ALERT FOR THE MONTH OF MARCH-2025 (CDSCO/Central Laboratories),,1.0
2025-03,central,nsq,false,data/raw/cdsco_alerts/central/2025-03_central_nsq.pdf,5,47,47,Alprazolam Tablets I.P. 0.50 mg (Calmpik-05),Calmpik-05,AT24266,AT24266,,false,2024-07,2027-06,07/2024,06/2027,"M/s. Aarpik Pharmaceuticals Pvt.Ltd., C1/306/5,Kerala G. I.D.C,Kerala Bavla Road,Dist. Ahmedabad",aarpik pharmaceuticals pvt ltd,Dissolution,"RDTL, Guwahati",,A. NOT OF STANDARD QUALITY (NSQ) ALERT FOR THE MONTH OF MARCH-2025 (CDSCO/Central Laboratories),,1.0
2025-03,central,nsq,false,data/raw/cdsco_alerts/central/2025-03_central_nsq.pdf,6,48,48,Calcium 500 mg with Vitamin D3 250 IU Tablets IP,,LMT240449,LMT240449,,false,2024-04,2026-03,04/2024,03/2026,"M/s. Life Max Cancer Laboratories, Plot No. 106 & 106 A, Sector6A, IIE, SIDCUL, Haridwar249403 (U.K)",life max cancer laboratories,Dissolution (Calcium) and Assay of Vitamin D3,"RDTL, Guwahati",,A. NOT OF STANDARD QUALITY (NSQ) ALERT FOR THE MONTH OF MARCH-2025 (CDSCO/Central Laboratories),,1.0
2025-03,central,nsq,false,data/raw/cdsco_alerts/central/2025-03_central_nsq.pdf,6,49,49,Calcium And Vitamin D3 Tablets IP,,07493,07493,,false,2024-01,2025-12,01/2024,12/2025,"M/s. Healthy Life Pharma Pvt. Ltd., Factory: N-31/1, M.I.D.C., Tarapur, Boisar - 401 506, Dist. Palghar. Maharashtra",healthy life pharma pvt ltd,Assay/Content of Vitamin D3,"RDTL, Guwahati",,A. NOT OF STANDARD QUALITY (NSQ) ALERT FOR THE MONTH OF MARCH-2025 (CDSCO/Central Laboratories),,1.0
2025-03,central,nsq,false,data/raw/cdsco_alerts/central/2025-03_central_nsq.pdf,6,50,50,Pantoprazole Gastro-Resistant Tablets IP 40 mg (Pantojack-40),Pantojack-40,T-1261,T1261,,false,2024-04,2026-03,04/2024,03/2026,"M/s. Jackson Laboratories Pvt.Ltd, 22-24, Majitha Road, Bye Pass, Amritsar-143 001(India)",jackson laboratories pvt ltd,Description and Dissolution,"RDTL, Guwahati",,A. NOT OF STANDARD QUALITY (NSQ) ALERT FOR THE MONTH OF MARCH-2025 (CDSCO/Central Laboratories),,1.0
2025-03,central,nsq,false,data/raw/cdsco_alerts/central/2025-03_central_nsq.pdf,6,51,51,Telmisartan Tablets I.P. (DV-TELMI-40),DV-TELMI-40,GTE2206,GTE2206,,false,2024-08,2026-07,08/2024,07/2026,"M/s. Digital Vision, 176, Mauza Ogli, Nahan Road, Kala-Amb, Distt. Sirmour (H.P.) - 173 030",digital vision,Dissolution,"RDTL, Guwahati",,A. NOT OF STANDARD QUALITY (NSQ) ALERT FOR THE MONTH OF MARCH-2025 (CDSCO/Central Laboratories),,1.0
2025-03,central,nsq,false,data/raw/cdsco_alerts/central/2025-03_central_nsq.pdf,6,52,52,Telmisartan Tablets IP 40mg,,251TTF014,251TTF014,,false,2024-08,2026-07,08/2024,07/2026,"M/s. Swiss Garnier Life Sciences, No. 21-23, Industrial Area, Mehatpur, Dist. Una, Himachal Pradesh-174 315. INDIA",swiss garnier life sciences,Dissolution,"RDTL, Guwahati",,A. NOT OF STANDARD QUALITY (NSQ) ALERT FOR THE MONTH OF MARCH-2025 (CDSCO/Central Laboratories),,1.0
2025-03,central,nsq,false,data/raw/cdsco_alerts/central/2025-03_central_nsq.pdf,6,53,53,Dexamethasone Oral Solution USP 0.5mg per 5ml,,LG24-29,LG2429,,false,2024-07,2026-06,07/2024,06/2026,"M/s. Om Biomedic Pvt. Ltd..,, Plot No. 68, 69, 82 & 83, Sector - 6A, IIE, SIDCUL, Haridwar-249 403 (U.K.)",om biomedic pvt ltd,Assay,"RDTL, Guwahati",,A. NOT OF STANDARD QUALITY (NSQ) ALERT FOR THE MONTH OF MARCH-2025 (CDSCO/Central Laboratories),,1.0
2025-03,central,nsq,false,data/raw/cdsco_alerts/central/2025-03_central_nsq.pdf,6,54,54,Amoxycillin & Potassium Clavulanate Injection IP.,,AB193049A,AB193049A,,false,2023-05,2025-04,05/2023,04/2025,"M/s. ANG Lifesciences India Ltd., Village: Kishanpura, Nalagarh Road, Tehsil: Baddi, Distt.: Solan, HP-174101",ang lifesciences india ltd,Assay (Content of Clavulanic Acid),"RDTL, Guwahati",,A. NOT OF STANDARD QUALITY (NSQ) ALERT FOR THE MONTH OF MARCH-2025 (CDSCO/Central Laboratories),,1.0
2025-03,central,nsq,false,data/raw/cdsco_alerts/central/2025-03_central_nsq.pdf,6,55,55,Insulin Syringe (U-40 Insulin 1ml Syringe) (Mr. INJECT),Mr. INJECT,0123338,0123338,,false,2023-12,2028-11,12/2023,11/2028,"M/s Biomed Healthcare Products Pvt. Ltd.,, Unit-II, Plot No. 62-65, Sector-6A, Sidcul, Haridwar 249403, Uttarakhand, India",biomed healthcare products pvt ltd,Sterility,"RDTL, Guwahati",,A. NOT OF STANDARD QUALITY (NSQ) ALERT FOR THE MONTH OF MARCH-2025 (CDSCO/Central Laboratories),,1.0
2025-03,central,nsq,false,data/raw/cdsco_alerts/central/2025-03_central_nsq.pdf,6,56,56,Infusion Set (BMD),BMD,BIV-020,BIV020,,false,2024-08,2027-07,08/2024,07/2027,"M/s.Bhagwati Medicare devices, 8, Maruti Industrial Estate, Nr. Sindhvai Mata Temple, C.T.M.- Ramol Road, Amraiwadi, Ahmedabad-380026. Gujarat (India)",bhagwati medicare devices,Sterility,"RDTL, Guwahati",,A. NOT OF STANDARD QUALITY (NSQ) ALERT FOR THE MONTH OF MARCH-2025 (CDSCO/Central Laboratories),,1.0
2025-03,central,nsq,false,data/raw/cdsco_alerts/central/2025-03_central_nsq.pdf,6,57,57,Amoxycillin & Potasium Clavulanate Tablets I.P. (IPHA CLAV-375),IPHA CLAV-375,NCP-151,NCP151,,false,2024-01,2025-06,01/2024,06/2025,"M/s. Park Pharmaceuticals, Vill. Kalujhanda, Near Nanakpur, Teh. Baddi, Distt. Solan (H.P.)- 174103",park pharmaceuticals,Assay of Clavulanic Acid,"RDTL, Guwahati",,A. NOT OF STANDARD QUALITY (NSQ) ALERT FOR THE MONTH OF MARCH-2025 (CDSCO/Central Laboratories),,1.0
2025-03,central,nsq,false,data/raw/cdsco_alerts/central/2025-03_central_nsq.pdf,6,58,58,"Lactulose Solution U.S.P. (Apelact), 200 ml",Apelact,AFL-121,AFL121,,false,2024-08,2026-07,08/2024,07/2026,"M/s.Apex Formulations Pvt. Ltd., 1276, Raipur, Highway, Dist. Mehsana, Gujarat",apex formulations pvt ltd,"""Organic impurities"" and ""Assay of Lactulose""",CDTL-Mumbai,,A. NOT OF STANDARD QUALITY (NSQ) ALERT FOR THE MONTH OF MARCH-2025 (CDSCO/Central Laboratories),,1.0
2025-03,central,nsq,false,data/raw/cdsco_alerts/central/2025-03_central_nsq.pdf,7,59,59,"Lactulose Solution U.S.P. (Reevac), 100 ml",Reevac,R23K015,R23K015,,false,2023-11,2025-10,11/2023,10/2025,"M/s.Rhombus Pharma Private Limited., 816/1, Rakanpur, Kalol- 382721 (Gujarat)",rhombus pharma private limited,"""Organic impurities""",CDTL-Mumbai,,A. NOT OF STANDARD QUALITY (NSQ) ALERT FOR THE MONTH OF MARCH-2025 (CDSCO/Central Laboratories),,1.0
2025-03,central,nsq,false,data/raw/cdsco_alerts/central/2025-03_central_nsq.pdf,7,60,60,Albendazole Tablets I.P. (DV-BEND 400),DV-BEND 400,GTE1974,GTE1974,,false,2024-07,2026-06,07/2024,06/2026,"M/s Digital Vision, 176, Mauza Ogli, Nahan Road, Kala-Amb, Dist. Sirmour (H.P.)- 173 030.",digital vision,"""Dissolution""",CDTL-Mumbai,,A. NOT OF STANDARD QUALITY (NSQ) ALERT FOR THE MONTH OF MARCH-2025 (CDSCO/Central Laboratories),,1.0
2025-03,central,nsq,false,data/raw/cdsco_alerts/central/2025-03_central_nsq.pdf,7,61,61,Atorvastatin Tablets IP (GATOVAS- 20),GATOVAS- 20,CT24250423,CT24250423,,false,2024-06,2026-05,06/2024,05/2026,"M/s.CMG Biotech Pvt. Ltd., (Unit-II), Plot No.58, Phase-III, Industrial Area, Sansarpur Terrace, HP- 176501. Mkt By : Same as manufacturer",cmg biotech pvt ltd,"""Related substances""",CDTL-Mumbai,,A. NOT OF STANDARD QUALITY (NSQ) ALERT FOR THE MONTH OF MARCH-2025 (CDSCO/Central Laboratories),,1.0
2025-03,central,nsq,false,data/raw/cdsco_alerts/central/2025-03_central_nsq.pdf,7,62,62,Atorvastatin Tablets IP 10 mg,,00 57,0057,,false,2024-09,2026-08,09/2024,08/2026,"M/s.Hindustan Antibiotics Ltd., Pimpri, Pune- 411 018, India.",hindustan antibiotics ltd,"""Related substances""",CDTL-Mumbai,,A. NOT OF STANDARD QUALITY (NSQ) ALERT FOR THE MONTH OF MARCH-2025 (CDSCO/Central Laboratories),,1.0
2025-03,central,nsq,false,data/raw/cdsco_alerts/central/2025-03_central_nsq.pdf,7,63,63,Sodium Bicarbonate Tablets U.S.P. 1000 mg,,T-2401309,T2401309,,false,2024-01,2025-12,01/2024,12/2025,"M/s.Rivpra Formulation Pvt. Ltd., Plot No.8, Sector-6A, I.I.E., SIDCUL, Haridwar- 249 403 (U.K.). Manufatured for : Pharmaceuticals and Medical Devices Bureau of India (PMBI), 8th Floor, Videocon Tower, Block E-1, Jhandewalan Extension, New Delhi-110 055.",rivpra formulation pvt ltd,"""Description""",CDTL-Mumbai,,A. NOT OF STANDARD QUALITY (NSQ) ALERT FOR THE MONTH OF MARCH-2025 (CDSCO/Central Laboratories),,1.0
2025-03,central,nsq,false,data/raw/cdsco_alerts/central/2025-03_central_nsq.pdf,7,64,64,Pantoprazole Sodium Gastro-Resistant & Domperidone Prolonged-Release Capsules IP (Pengin-DSR Capsules),Pengin-DSR,NHD24057D,NHD24057D,,false,2024-01,2025-12,01/2024,12/2025,"M/s.Nest Healthcare Private Limited., Plot No. 300, G.I.D.C., Odhav, Ahmedabad-382415 (Guj.). India. Mkt By : Megan healthcar, C-403, 4th Floor, Abhishek Complex 1, Opp. Haripura Bus Stop, Babupura, Asarwa, Ahmedabad, Gujarat.",nest healthcare private limited,"""Dissolution for Domperidone""",CDTL-Mumbai,,A. NOT OF STANDARD QUALITY (NSQ) ALERT FOR THE MONTH OF MARCH-2025 (CDSCO/Central Laboratories),,1.0
2025-03,central,nsq,false,data/raw/cdsco_alerts/central/2025-03_central_nsq.pdf,7,65,65,Sacubitril and Valsartan Tablets 50 mg (SVJAJ 50),SVJAJ 50,SVA04H24C,SVA04H24C,,false,2024-08,2026-07,08/2024,07/2026,"M/s.Bajaj Healthcare Ltd., R.S. No. 1818, Manjusar- Savli Road, At & Post- Manjusar, Tal. Savli Dist. Vadodra - 391775, Gujarat, India.",bajaj healthcare ltd,"""Assay""/ content of ""Sacubitril"" and ""Valsartan""",CDTL-Mumbai,,A. NOT OF STANDARD QUALITY (NSQ) ALERT FOR THE MONTH OF MARCH-2025 (CDSCO/Central Laboratories),,1.0
2025-03,central,nsq,true,data/raw/cdsco_alerts/central/2025-03_central_nsq.pdf,7,66,66,Sodium Chloride Injection I.P. 0.45 % W/V (0.45 NS),,1266688H,1266688H,,false,2024-06,2027-05,06/2024,05/2027,"M/s.Shree KrishnaKeshav Laboratories Ltd., Amraiwadi Road, Ahmedabad- 380 008, India",shree krishnakeshav laboratories ltd,Misbranded,CDTL-Mumbai,,A. NOT OF STANDARD QUALITY (NSQ) ALERT FOR THE MONTH OF MARCH-2025 (CDSCO/Central Laboratories),,1.0
2025-03,central,nsq,false,data/raw/cdsco_alerts/central/2025-03_central_nsq.pdf,7,67,67,Hydro Cellular Foam with ART Principle Antibacterial PU top Layer with Silicone Gel (Veflfix-S Border (Sacrum)),Sacrum,10241283L,10241283L,,false,2024-10,2027-09,10/2024,09/2027,"M/s Datt Mediproducts Pvt. Ltd., 52-54 & 63-64,Roz-ka-Meo Ind. Area, Nuh.Mewat-122103, Haryana, India",datt mediproducts pvt ltd,Sterility,"RDTL, Chandigarh",,A. NOT OF STANDARD QUALITY (NSQ) ALERT FOR THE MONTH OF MARCH-2025 (CDSCO/Central Laboratories),,1.0
2025-03,central,nsq,false,data/raw/cdsco_alerts/central/2025-03_central_nsq.pdf,8,68,68,Chlorpheniramine Maleate Dextromethorphan Hydrobromide & Phenylephrine HCl Syrup (DXCP),DXCP,ML-012,ML012,,false,2024-08,2026-07,08/2024,07/2026,"M/s Maha Avtar, Health Care Pvt. Ltd., D-22, Sector-17, Kavi Nagar Indl.Area, GZB-201002.",maha avtar,Identification and Assay of Dextromethorpha n Hydrobromide,"RDTL, Chandigarh",,A. NOT OF STANDARD QUALITY (NSQ) ALERT FOR THE MONTH OF MARCH-2025 (CDSCO/Central Laboratories),,1.0
2025-03,central,nsq,false,data/raw/cdsco_alerts/central/2025-03_central_nsq.pdf,8,69,69,Povidone-Iodine Ointment USP,,OI4004A,OI4004A,,false,2024-09,2026-08,09/2024,08/2026,"M/s. Navkar Lifesciences, Plot No. 76, Lodhi Majra, Industrial Area, Baddi, Distt. Solan (H.P.)",navkar lifesciences,Assay of Povidone Iodine calculated as available Iodine,"RDTL, Chandigarh",,A. NOT OF STANDARD QUALITY (NSQ) ALERT FOR THE MONTH OF MARCH-2025 (CDSCO/Central Laboratories),,1.0
2025-03,central,nsq,false,data/raw/cdsco_alerts/central/2025-03_central_nsq.pdf,8,70,70,"Omega-3 Fatty Acid, Green Tea Extract, Ginkgo Biloba, Ginseng Extract, Grape Seed Extract, Multimineral, Multivitamin with Antioxidants and Trace Elements Softgel Capsules (VRICH-24 CAPSULES)",VRICH-24,RHSD-3149F,RHSD3149F,,false,2024-02,2026-01,02/2024,01/2026,"M/s.Ramom Healthcare Pvt.Ltd. (An ISO & GMP Certified Company), Plot No.58, Sector-5, Parwanoo (HP)",ramom healthcare pvt ltd,"Assay of Magnesium Oxide calculated as elemental Magnesium, Vitamin D3, Ferrous Fumarate, Zinc Oxide calculated as elemental Zinc, Copper Sulphate Pentahydrate calculated as elemental Copper, Manganese Sulphate calculated as elemental Manganese, Calcium Ascorbate, Citrus Bioflavonoids, Vitamin B6, Folic acid","RDTL, Chandigarh",,A. NOT OF STANDARD QUALITY (NSQ) ALERT FOR THE MONTH OF MARCH-2025 (CDSCO/Central Laboratories),,1.0
2025-04,central,nsq,false,data/raw/cdsco_alerts/central/2025-04_central_nsq.pdf,1,1,1,Carboxymethyl Cellulose Sodium Eye Drops IP,,MO24H27,MO24H27,,false,2024-08,2026-07,08/2024,07/2026,"M/s. Martin & Brown Bio-sciences Pvt. Ltd. K.no. 918/419 Malkumajra Nalagarh Road Baddi, Dist. Solan (H.P.)-173205",martin brown bio sciences pvt ltd k no 918 419 malkumajra nalagarh road baddi,"pH, Sterility and Assay","CDL, Kolkata",,,,1.0
2025-04,central,nsq,false,data/raw/cdsco_alerts/central/2025-04_central_nsq.pdf,1,2,2,Carboxymethyl Cellulose Sodium Eye Drops IP,,MO24H21,MO24H21,,false,2024-08,2026-07,08/2024,07/2026,"M/s. Martin & Brown Bio-sciences Pvt. Ltd. K.no. 918/419 Malkumajra Nalagarh Road Baddi, Dist. Solan (H.P.)-173205",martin brown bio sciences pvt ltd k no 918 419 malkumajra nalagarh road baddi,"pH, Sterility and Assay","CDL, Kolkata",,,,1.0
2025-04,central,nsq,false,data/raw/cdsco_alerts/central/2025-04_central_nsq.pdf,1,3,3,Carboxymethyl Cellulose Sodium Eye Drops IP,,MO24H22,MO24H22,,false,2024-08,2026-07,08/2024,07/2026,"M/s. Martin & Brown Bio-sciences Pvt. Ltd. K.no. 918/419 Malkumajra Nalagarh Road Baddi, Dist. Solan (H.P.)-173205",martin brown bio sciences pvt ltd k no 918 419 malkumajra nalagarh road baddi,"pH, Sterility and Assay","CDL, Kolkata",,,,1.0
2025-04,central,nsq,false,data/raw/cdsco_alerts/central/2025-04_central_nsq.pdf,1,4,4,Bupivacaine Hydrochloride Injection IP (Bupicain-0.5%),Bupicain-0.5%,BPC24007,BPC24007,,false,2024-12,2026-10,12/2024,10/2026,"M/s. Themis Medicare Limited, Sector 6A, Plot No.16,17,&18, IIE, SIDCUL Haridwar - 249403, Uttarakhand",themis medicare limited,Particulate matter and Description,"CDL, Kolkata",,,,1.0
2025-04,central,nsq,false,data/raw/cdsco_alerts/central/2025-04_central_nsq.pdf,1,5,5,Ceftriaxone and Sulbactam for Injection IP (CEFRITZ S 1.5),CEFRITZ S 1.5,24DH13V,24DH13V,,false,2024-08,2026-07,08/2024,07/2026,"M/s. MMG Healthcare, Trilokpur Road, Kala Amb, Distt. Sirmour- 173030 (H.P.)",mmg healthcare,Bacterial endotoxins for Sterile water for Injection.,"CDL, Kolkata",,,,1.0
2025-04,central,nsq,false,data/raw/cdsco_alerts/central/2025-04_central_nsq.pdf,1,6,6,Pantoprazole Gastro-Resistant Tablets IP 40 mg.,,MT240578,MT240578,,false,2024-08,2026-07,08/2024,07/2026,"M/s. Mancare Laboratories Pvt. Ltd., Plot No-11, Pharmacity, Selaqui, Dehradun, Uttarkhand-248011",mancare laboratories pvt ltd,Dissolution in Buffer Stage,"CDL, Kolkata",,,,1.0
2025-04,central,nsq,false,data/raw/cdsco_alerts/central/2025-04_central_nsq.pdf,1,7,7,Oxcarbazepine Tablets IP 300 mg (OXCARBAJAJ 300),OXCARBAJAJ 300,OXB02I24,OXB02I24,,false,2024-09,2026-08,09/2024,08/2026,"M/s. Bajaj Healthcare Ltd. R.S. No. 1818, Manjusar-Savli Road, At & Post Manjusar, Tal Savli, Dist. Vadodara-391775, Gujarat, India",bajaj healthcare ltd r s no 1818,Dissolution,"CDL, Kolkata",,,,1.0
2025-04,central,nsq,false,data/raw/cdsco_alerts/central/2025-04_central_nsq.pdf,1,8,8,Calcium & Vitamin D3 Tablets IP,,QT23136,QT23136,,false,2024-11,2026-10,11/2024,10/2026,"M/s. Quest Laboratories Limited, Plot No.-45, Sector-III, Pithampur, Dist-Dhar-454775 (M. P.)",quest laboratories limited,Dissolution (for Calcium) and Assay of Elemental Calcium,"CDL, Kolkata",,,,1.0
2025-04,central,nsq,false,data/raw/cdsco_alerts/central/2025-04_central_nsq.pdf,2,9,9,Calcium Carbonate 500 mg + VIT. D3 250 IU Tablets IP (CALXIA 500 ),CALXIA 500,GTL1289,GTL1289,,false,2024-12,2026-11,12/2024,11/2026,"M/s. Gidsha Pharmaceuticals, Plot No. 611 612, Mega GIDC, Kharedi, Dahod 389151, Gujarat.",gidsha pharmaceuticals,Dissolution (for Calcium),"CDL, Kolkata",,,,1.0
2025-04,central,nsq,false,data/raw/cdsco_alerts/central/2025-04_central_nsq.pdf,2,10,10,Calcium Carbonate 500 mg +VIT. D3 250 IU Tablets IP (CALXIA 500 ),CALXIA 500,GTL1292,GTL1292,,false,2024-12,2026-11,12/2024,11/2026,"M/s. Gidsha Pharmaceuticals, Plot No. 611 612, Mega GIDC, Kharedi, Dahod 389151, Gujarat.",gidsha pharmaceuticals,Dissolution (for Calcium),"CDL, Kolkata",,,,1.0
2025-04,central,nsq,false,data/raw/cdsco_alerts/central/2025-04_central_nsq.pdf,2,11,11,Calcium Carbonate 500 mg +VIT. D3 250 IU Tablets IP (CALXIA 500 ),CALXIA 500,GTL1286,GTL1286,,false,2024-12,2026-11,12/2024,11/2026,"M/s. Gidsha Pharmaceuticals, Plot No. 611 612, Mega GIDC, Kharedi, Dahod 389151, Gujarat.",gidsha pharmaceuticals,Dissolution (for Calcium),"CDL, Kolkata",,,,1.0
2025-04,central,nsq,false,data/raw/cdsco_alerts/central/2025-04_central_nsq.pdf,2,12,12,Calcium Carbonate 500 mg +VIT. D3 250 IU Tablets IP (CALXIA 500 ),CALXIA 500,GTL1298,GTL1298,,false,2024-12,2026-11,12/2024,11/2026,"M/s. Gidsha Pharmaceuticals, Plot No. 611 612, Mega GIDC, Kharedi, Dahod 389151, Gujarat.",gidsha pharmaceuticals,Dissolution (for Calcium),"CDL, Kolkata",,,,1.0
2025-04,central,nsq,false,data/raw/cdsco_alerts/central/2025-04_central_nsq.pdf,2,13,13,Calcium Carbonate 500 mg +VIT. D3 250 IU Tablets IP (CALXIA 500 ),CALXIA 500,GTL1301,GTL1301,,false,2024-12,2026-11,12/2024,11/2026,"M/s. Gidsha Pharmaceuticals, Plot No. 611 612, Mega GIDC, Kharedi, Dahod 389151, Gujarat.",gidsha pharmaceuticals,Dissolution (for Calcium),"CDL, Kolkata",,,,1.0
2025-04,central,nsq,false,data/raw/cdsco_alerts/central/2025-04_central_nsq.pdf,2,14,14,Calcium Carbonate 500 mg +VIT. D3 250 IU Tablets IP (CALXIA 500 ),CALXIA 500,GTL1302,GTL1302,,false,2024-12,2026-11,12/2024,11/2026,"M/s. Gidsha Pharmaceuticals, Plot No. 611 612, Mega GIDC, Kharedi, Dahod 389151, Gujarat.",gidsha pharmaceuticals,Dissolution (for Calcium),"CDL, Kolkata",,,,1.0
2025-04,central,nsq,false,data/raw/cdsco_alerts/central/2025-04_central_nsq.pdf,2,15,15,Calcium Carbonate 500 mg +VIT. D3 250 IU Tablets IP (CALXIA 500 ),CALXIA 500,GTL1303,GTL1303,,false,2024-12,2026-11,12/2024,11/2026,"M/s. Gidsha Pharmaceuticals, Plot No. 611 612, Mega GIDC, Kharedi, Dahod 389151, Gujarat.",gidsha pharmaceuticals,Dissolution (for Calcium),"CDL, Kolkata",,,,1.0
2025-04,central,nsq,false,data/raw/cdsco_alerts/central/2025-04_central_nsq.pdf,2,16,16,Calcium Carbonate 500 mg +VIT. D3 250 IU Tablets IP (CALXIA 500 ),CALXIA 500,GTL1304,GTL1304,,false,2024-12,2026-11,12/2024,11/2026,"M/s. Gidsha Pharmaceuticals, Plot No. 611 612, Mega GIDC, Kharedi, Dahod 389151, Gujarat.",gidsha pharmaceuticals,Dissolution (for Calcium),"CDL, Kolkata",,,,1.0
2025-04,central,nsq,false,data/raw/cdsco_alerts/central/2025-04_central_nsq.pdf,2,17,17,Calcium Carbonate 500 mg +VIT. D3 250 IU Tablets IP (CALXIA 500 ),CALXIA 500,GTL1305,GTL1305,,false,2024-12,2026-11,12/2024,11/2026,"M/s. Gidsha Pharmaceuticals, Plot No. 611 612, Mega GIDC, Kharedi, Dahod 389151, Gujarat.",gidsha pharmaceuticals,Dissolution (for Calcium),"CDL, Kolkata",,,,1.0
2025-04,central,nsq,false,data/raw/cdsco_alerts/central/2025-04_central_nsq.pdf,2,18,18,Calcium Carbonate 500 mg +VIT. D3 250 IU Tablets IP (CALXIA 500 ),CALXIA 500,GTL1306,GTL1306,,false,2024-12,2026-11,12/2024,11/2026,"M/s. Gidsha Pharmaceuticals, Plot No. 611 612, Mega GIDC, Kharedi, Dahod 389151, Gujarat.",gidsha pharmaceuticals,Dissolution (for Calcium),"CDL, Kolkata",,,,1.0
2025-04,central,nsq,false,data/raw/cdsco_alerts/central/2025-04_central_nsq.pdf,2,19,19,Amikacin Sulphate Injection I.P. 500 mg,,24AM18,24AM18,,false,2024-10,2026-09,10/2024,09/2026,"M/s. SAI Parenterals Limited, D1 &D4, Survey No.280, Phase-V, IDA, Jeedimetla, Hyderabad-500055.Telangana, India",sai parenterals limited,Particulate matter and Description,"CDL, Kolkata",,,,1.0
2025-04,central,nsq,false,data/raw/cdsco_alerts/central/2025-04_central_nsq.pdf,3,20,20,Sucralfate & Oxetacaine Suspension (Rabeflux Suspension),Rabeflux,RBLS-02501,RBLS02501,,false,2025-01,2026-12,01/2025,12/2026,"M/s. Tidal Laboratories Pvt. Ltd., Patch-5, Phase-II, Gowalthai, Distt. Bilaspur-174201 (H.P.), INDIA",tidal laboratories pvt ltd,"Identification, Assay of Sucralfate and Assay of Oxetacaine","CDL, Kolkata",,,,1.0
2025-04,central,nsq,false,data/raw/cdsco_alerts/central/2025-04_central_nsq.pdf,3,21,21,Iron Sucrose Injection USP 100mg/5ml,,24RS15,24RS15,,false,2024-12,2026-11,12/2024,11/2026,"M/s. SAI Parenterals Limited, D1 &D4, Survey No.280, Phase-V, IDA, Jeedimetla, Hyderabad-500055, TS",sai parenterals limited,pH and Alkalinity,"CDL, Kolkata",,,,1.0
2025-04,central,nsq,false,data/raw/cdsco_alerts/central/2025-04_central_nsq.pdf,3,22,22,Iron Sucrose Injection USP 100mg/5ml,,24RS03,24RS03,,false,2024-01,2025-12,01/2024,12/2025,"M/s. SAI Parenterals Limited, D1 &D4, Survey No.280, Phase-V, IDA, Jeedimetla, Hyderabad-500055, TS",sai parenterals limited,pH,"CDL, Kolkata",,,,1.0
2025-04,central,nsq,false,data/raw/cdsco_alerts/central/2025-04_central_nsq.pdf,3,23,23,Iron Sucrose Injection USP 100 mg/5ml,,24RS06,24RS06,,false,2024-02,2026-01,02/2024,01/2026,"M/s. SAI Parenterals Limited, D1 &D4, Survey No. 280, Phase-V, IDA, Jeedimetla, Hyderabad-500055, TS",sai parenterals limited,pH and Alkalinity,"CDL, Kolkata",,,,1.0
2025-04,central,nsq,false,data/raw/cdsco_alerts/central/2025-04_central_nsq.pdf,3,24,24,Compound Sodium Lactate Injection IP (RINGER-LACTATE SOLUTION FOR INJECTION ) (RL),RINGER-LACTATE SOLUTION FOR,1I245476,1I245476,,false,2024-09,2027-08,09/2024,08/2027,"M/s. Aculife Healthcare Pvt. Ltd., Sachana, Gujarat-382150, India",aculife healthcare pvt ltd,Sterility,"CDL, Kolkata",,,,1.0
2025-04,central,nsq,false,data/raw/cdsco_alerts/central/2025-04_central_nsq.pdf,3,25,25,"Rifampicin, Isoniazid and Ethmbutol Hydrochloride Tablets IP",,TR-820008,TR820008,,false,2024-07,2026-06,07/2024,06/2026,"M/s. Centurion Remedies Pvt. Ltd., G/5,6, B.I.D.C. Gorwa, Vadodara -390016",centurion remedies pvt ltd,Assay of Rifampicin,"CDL, Kolkata",,,,1.0
2025-04,central,nsq,false,data/raw/cdsco_alerts/central/2025-04_central_nsq.pdf,3,26,26,Calcium Carbonate 500 mg + VIT. D3 250 IU Tablets IP (CALXIA 500 ),CALXIA 500,GTL1294,GTL1294,,false,2024-12,2026-11,12/2024,11/2026,"M/s. Gidsha Pharmaceuticals, Plot No. 611 612, Mega GIDC, Kharedi, Dahod-389151, Gujarat.",gidsha pharmaceuticals,Dissolution (for Calcium),"CDL, Kolkata",,,,1.0
2025-04,central,nsq,false,data/raw/cdsco_alerts/central/2025-04_central_nsq.pdf,3,27,27,Calcium Carbonate 500 mg + VIT. D3 250 IU Tablets IP (CALXIA 500 ),CALXIA 500,GTL1299,GTL1299,,false,2024-12,2026-11,12/2024,11/2026,"M/s. Gidsha Pharmaceuticals, Plot No. 611 612, Mega GIDC, Kharedi, Dahod-389151, Gujarat.",gidsha pharmaceuticals,Dissolution (for Calcium),"CDL, Kolkata",,,,1.0
2025-04,central,nsq,false,data/raw/cdsco_alerts/central/2025-04_central_nsq.pdf,3,28,28,Calcium Carbonate 500 mg + VIT. D3 250 IU Tablets IP (CALXIA 500 ),CALXIA 500,GTL1300,GTL1300,,false,2024-12,2026-11,12/2024,11/2026,"M/s. Gidsha Pharmaceuticals, Plot No. 611 612, Mega GIDC, Kharedi, Dahod-389151, Gujarat.",gidsha pharmaceuticals,Dissolution (for Calcium),"CDL, Kolkata",,,,1.0
2025-04,central,nsq,false,data/raw/cdsco_alerts/central/2025-04_central_nsq.pdf,3,29,29,Ondansetron Oral Solution I.P. 2mg/5ml,,ONES-1004,ONES1004,,false,2024-09,2026-08,09/2024,08/2026,"M/s. Wings Biotech, 43 and 44, HPSIDC, Industrial Area, Baddi-173 205 (H.P.)",wings biotech,Related Susbtances,"CDL, Kolkata",,,,1.0
2025-04,central,nsq,false,data/raw/cdsco_alerts/central/2025-04_central_nsq.pdf,3,30,30,Gentamicin Injection IP (Gentatore Injection 80 mg/2ml),,IGMG418,IGMG418,,false,2024-07,2026-06,07/2024,06/2026,"M/s. Regain Laboratories, 134/5, HTM Road, Rajpur Lane, Hisar-125001, Haryana",regain laboratories,Particulate matter and Description,"CDL, Kolkata",,,,1.0
2025-04,central,nsq,false,data/raw/cdsco_alerts/central/2025-04_central_nsq.pdf,4,31,31,Teneligliptin & Metformin Hydrochloride (Sustained Release) Tablets IP (Teglisure-M 500),Teglisure-M 500,AOT244-00B,AOT24400B,,false,2024-03,2026-02,03/2024,02/2026,"M/s. Astonea Labs Pvt. Ltd., Vill- Haripur, Teh. Raipur Rani, Dist. Panchkula, Haryana, INDIA-134204",astonea labs pvt ltd,Assay/content of Teneligliptin,"CDL, Kolkata",,,,1.0
2025-04,central,nsq,false,data/raw/cdsco_alerts/central/2025-04_central_nsq.pdf,4,32,32,Cefpodoxime Proxetil Tablets I.P. 200 mg (BREPOD-200),BREPOD-200,ST-25456,ST25456,,false,2024-10,2026-09,10/2024,09/2026,"M/s. Sunvij Drugs Private Limited, 511, GIDC, Waghodia, Baroda-391760, Gujarat",sunvij drugs private limited,Dissolution,"CDL, Kolkata",,,,1.0
2025-04,central,nsq,false,data/raw/cdsco_alerts/central/2025-04_central_nsq.pdf,4,33,33,Rabeprazole Sodium Injection IP,,MD23H19,MD23H19,,false,2023-08,2025-07,08/2023,07/2025,"M/s. Martin & Brown Bio Sciences, K. No. 918/419, Malkumajra, Nalagarh Road, Baddi, Dist. Solan (H.P.)- 173205",martin brown bio sciences,"pH, Particulate matter, Clarity of Solution, Assay of Rabeprazole Sodium and Description","CDL, Kolkata",,,,1.0
2025-04,central,nsq,false,data/raw/cdsco_alerts/central/2025-04_central_nsq.pdf,4,34,34,Nimesulide & Paracetamol Tablets (Somu Gold),Somu Gold,TTX0093,TTX0093,,false,2024-01,2026-12,01/2024,12/2026,"M/s.Pro-pharma Care Pvt. Ltd., Khasara No. : 68, 69, 71, Village : Sikandarpur, Bhaiswal, Near Bhagwanpur, Roorkee, Distt. Haridwar, Uttarakhand-247661",pro pharma care pvt ltd,Dissolution,"RDTL, Guwahati",,,,1.0
2025-04,central,nsq,false,data/raw/cdsco_alerts/central/2025-04_central_nsq.pdf,4,35,35,Fluconazole Tablets I.P. 150 mg (Megmazole-150 Tablets),Megmazole-150,TSF-C0116,TSFC0116,,false,2024-01,2025-12,01/2024,12/2025,"M/s.Spen Formulations Pvt. Ltd., Plot No-123, Industrial Area, Mehatpur, Distt. UNA174315 (H.P.)",spen formulations pvt ltd,Assay/Content of Fluconazole,"RDTL, Guwahati",,,,1.0
2025-04,central,nsq,false,data/raw/cdsco_alerts/central/2025-04_central_nsq.pdf,4,36,36,Ampicillin Sodium Injection I.P. (AMPIVEE-500 Injection),AMPIVEE-500,TGDI08231904,TGDI08231904,,true,2023-08,2025-07,8/2023,07/2025,"M/s.T & G Medicare, Village Kunjahal, PO Baddi, Distt:. Solan (H.P.)",t g medicare,Sterillity,"RDTL, Guwahati",,,,1.0
2025-04,central,nsq,false,data/raw/cdsco_alerts/central/2025-04_central_nsq.pdf,4,37,37,Sulbactam Sodium Sterile I.P./USP.,,23051901,23051901,,false,2023-05,2026-04,5/2023,04/2026,"M/s.Reyoung Pharmaceutical Co. Ltd., No.1,Ruiyang Road, Yiyuan Country,Shandong Province,P.R.China,Post Code:256100.Imported By: Shah TC Distribution LLP,Gala No.2 & 3, 1st Floor, BLD No. B1.H.No.709/2&709/3,Radha Krushna Compound,T.M. Industrial Park, Pimplas Bhiwandi,MH-421302, India.",reyoung pharmaceutical co ltd,"""Identification and Assay/Content of Sulbactam Sodium","RDTL, Guwahati",,,,1.0
2025-04,central,nsq,false,data/raw/cdsco_alerts/central/2025-04_central_nsq.pdf,4,38,38,Sulbactam Sodium Sterile I.P./USP.,,23051806,23051806,,false,2023-05,2026-04,5/2023,04/2026,"M/s.Reyoung Pharmaceutical Co. Ltd., No.1,Ruiyang Road, Yiyuan Country,Shandong Province,P.R.China,Post Code:256100.Imported By: Shah TC Distribution LLP,Gala No.2 & 3, 1st Floor, BLD No. B1.H.No.709/2&709/3,Radha Krushna Compound,T.M. Industrial Park, Pimplas Bhiwandi,MH-421302, India.",reyoung pharmaceutical co ltd,Identification and Assay/Content of Sulbactam Sodium,"RDTL, Guwahati",,,,1.0
2025-04,central,nsq,false,data/raw/cdsco_alerts/central/2025-04_central_nsq.pdf,5,39,39,Sulbactam Sodium Sterile I.P./USP.,,23051903,23051903,,false,2023-05,2026-04,5/2023,04/2026,"M/s.Reyoung Pharmaceutical Co. Ltd., No.1,Ruiyang Road, Yiyuan Country,Shandong Province,P.R.China,Post Code:256100.Imported By: Shah TC Distribution LLP,Gala No.2 & 3, 1st Floor, BLD No. B1.H.No.709/2&709/3,Radha Krushna Compound,T.M. Industrial Park, Pimplas Bhiwandi,MH-421302, India.",reyoung pharmaceutical co ltd,Identification and Assay/Content of Sulbactam Sodium,"RDTL, Guwahati",,,,1.0
2025-04,central,nsq,false,data/raw/cdsco_alerts/central/2025-04_central_nsq.pdf,5,40,40,Ciprofloxacin Tablets IP 250 mg (Ciprodac 250),Ciprodac 250,CT24001,CT24001,,false,2024-02,2027-01,2/2024,01/2027,"M/s.CADILA PHARMACEUTICALS LIMITED, 1389, Dholka-382225, Dist. Ahmedabad",cadila pharmaceuticals limited,"Dissolution"" of Ciprofloxacin","RDTL, Guwahati",,,,1.0
2025-04,central,nsq,false,data/raw/cdsco_alerts/central/2025-04_central_nsq.pdf,5,41,41,Ciprofloxacin Tablets IP 250 mg,,CITB-02,CITB02,,false,2024-07,2026-06,7/2024,06/2026,"M/s. NESTOR PHARMACEUTICALS LIMITED, 11, Western Extension Area, Faridabad - 121 001, INDIA",nestor pharmaceuticals limited,Dissolution,"RDTL, Guwahati",,,,1.0
2025-04,central,nsq,false,data/raw/cdsco_alerts/central/2025-04_central_nsq.pdf,5,42,42,Sulbactam Sodium Sterile I.P./USP,,23051904,23051904,,false,2023-05,2026-04,5/2023,04/2026,"M/s.Reyoung Pharmaceutical Co. Ltd., No.1,Ruiyang Road, Yiyuan Country,Shandong Province,P.R.China,Post Code:256100.Imported By: Shah TC Distribution LLP,Gala No.2 & 3, 1st Floor, BLD No. B1.H.No.709/2&709/3,Radha Krushna Compound,T.M. Industrial Park, Pimplas Bhiwandi,MH-421302, India.",reyoung pharmaceutical co ltd,Identification and Assay/Content of Sulbactam Sodium,"RDTL, Guwahati",,,,1.0
2025-04,central,nsq,false,data/raw/cdsco_alerts/central/2025-04_central_nsq.pdf,5,43,43,Sulbactam Sodium Sterile I.P./USP.,,23051902,23051902,,false,2023-05,2026-04,5/2023,04/2026,"M/s.Reyoung Pharmaceutical Co. Ltd., No.1,Ruiyang Road, Yiyuan Country,Shandong Province,P.R.China,Post Code:256100.Imported By: Shah TC Distribution LLP,Gala No.2 & 3, 1st Floor, BLD No. B1.H.No.709/2&709/3,Radha Krushna Compound,T.M. Industrial Park, Pimplas Bhiwandi,MH-421302, India.",reyoung pharmaceutical co ltd,Identification and Assay/Content of Sulbactam Sodium,"RDTL, Guwahati",,,,1.0
2025-04,central,nsq,false,data/raw/cdsco_alerts/central/2025-04_central_nsq.pdf,6,44,44,Albendazole Tablets IP 400 mg,,LMT241100,LMT241100,,false,2024-09,2026-08,9/2024,08/2026,"M/s.Life Max Cancer Laboratories, Plot No. 106 & 106 A, Sector6A, IIE, SIDCUL, Haridwar249403 (U.K)",life max cancer laboratories,Dissolution,"RDTL, Guwahati",,,,1.0
2025-04,central,nsq,false,data/raw/cdsco_alerts/central/2025-04_central_nsq.pdf,6,45,45,"Telmisartan I.P. 40 mg, Amlodipine Besylate I.P. 5 mg Tablets",,ST 211,ST211,,false,2024-04,2026-03,4/2024,03/2026,"M/s.Soham Healhcare INC, Soham Healthcare Inc A-49, Sector-25, Gandhinagar, Gujarat",soham healhcare inc,"""Dissolution"" (Telmisartan and Amlodipine) and ""Assay/ content of Telmisartan and Amlodipine""",CDTL-Mumbai,,,,1.0
2025-04,central,nsq,false,data/raw/cdsco_alerts/central/2025-04_central_nsq.pdf,6,46,46,Pioglitazone Hydrochloride Tablets (GLITO 15),GLITO 15,D40292,D40292,,false,2024-05,2027-04,5/2024,04/2027,"M/s.Medley Pharmaceuticals Ltd., Plot No. 18 & 19, Survey No.378/7 & 8, 379/2 & 3, Zari Causeway Road, Kachigam Daman- 396210 (U.T), INDIA",medley pharmaceuticals ltd,"""Dissolution""",CDTL-Mumbai,,,,1.0
2025-04,central,nsq,false,data/raw/cdsco_alerts/central/2025-04_central_nsq.pdf,6,47,47,Glimepiride Tablets I.P. 1 mg,,12801124,12801124,,false,2024-08,2026-07,8/2024,07/2026,"M/s.Karnataka Antibiotics & Pharmaceuticals Limited (A Govt of India Enterprise), Plot No.14, II Phase, Peenya, Bengaluru - 560 058.",karnataka antibiotics pharmaceuticals limited,"""Related substances""",CDTL-Mumbai,,,,1.0
2025-04,central,nsq,false,data/raw/cdsco_alerts/central/2025-04_central_nsq.pdf,6,48,48,Telmisartan & Hydrochlorothiazide Tablets IP (Telmijack-H),Telmijack-H,T-20560,T20560,,false,2024-03,2026-02,3/2024,02/2026,"M/s.Jackson Laboratories Pvt. Ltd., Plot No. 56 & 61, Industrial Area, Phase III, Sansarpur Terrace, Distt. Kangra (H.P.)- 176501.",jackson laboratories pvt ltd,"""Related substances and Assay of Hydrochlorothiazi de""",CDTL-Mumbai,,,,1.0
2025-04,central,nsq,false,data/raw/cdsco_alerts/central/2025-04_central_nsq.pdf,6,49,49,Sulphamethoxazole and Trimethoprim Tablets IP,,MT386,MT386,,false,2023-10,2026-09,10/2023,09/2026,"M/s.Mayasha Lifesciences, H.B. 86, Village-Bhatian Nalagarh, Distt.-Solan (H.P.) 174101",mayasha lifesciences,Dissolution of Sulphamethoxazol e,"RDTL, Chandigarh",,,,1.0
2025-04,central,nsq,false,data/raw/cdsco_alerts/central/2025-04_central_nsq.pdf,6,50,50,Levamisole & Oxyclozanide Bolus Vet. (Wormizole Bolus),Wormizole Bolus,EMVB-24162,EMVB24162,,false,2024-10,2026-09,10/2024,09/2026,"M/s.Events Corporation, UNIT-II, Kala Amb, Tehsil Nahan, District Sirmour (H.P.)-173030",events corporation,Disintegration test,"RDTL, Chandigarh",,,,1.0
2025-04,central,nsq,false,data/raw/cdsco_alerts/central/2025-04_central_nsq.pdf,6,51,51,Sodium Chloride Injection IP 0.9 %w/v,,LV4979,LV4979,,false,2024-11,2026-10,11/2024,10/2026,"M/s.Captab Biotec, Unit-II, Plot No.125, E.P.I.P. Road, Mauja, Jharmajri, Baddi, Distt. Solan (H.P.)-173205",captab biotec,Bacterial endotoxins and Sterility,"RDTL, Chandigarh",,,,1.0
2025-04,central,nsq,false,data/raw/cdsco_alerts/central/2025-04_central_nsq.pdf,6,52,52,Sodium Chloride Injection IP 0.9 %w/v,,LV4987,LV4987,,false,2024-11,2026-10,11/2024,10/2026,"M/s.Captab Biotec, Unit-II, Plot No.125, E.P.I.P. Road, Mauja, Jharmajri, Baddi, Distt. Solan (H.P.)-173205",captab biotec,Bacterial endotoxins and Sterility,"RDTL, Chandigarh",,,,1.0
2025-04,central,nsq,false,data/raw/cdsco_alerts/central/2025-04_central_nsq.pdf,6,53,53,Sodium Chloride Injection IP 0.9 %w/v,,LV4983,LV4983,,false,2024-11,2026-10,11/2024,10/2026,"M/s.Captab Biotec, Unit-II, Plot No.125, E.P.I.P. Road, Mauja, Jharmajri, Baddi, Distt. Solan (H.P.)-173205",captab biotec,Bacterial endotoxins and Sterility,"RDTL, Chandigarh",,,,1.0
2025-04,central,nsq,false,data/raw/cdsco_alerts/central/2025-04_central_nsq.pdf,7,54,54,Sodium Chloride Injection IP 0.9 %w/v,,LV4984,LV4984,,false,2024-11,2026-10,11/2024,10/2026,"M/s.Captab Biotec, Unit-II, Plot No.125, E.P.I.P. Road, Mauja, Jharmajri, Baddi, Distt. Solan (H.P.)-173205",captab biotec,Bacterial endotoxins and Sterility,"RDTL, Chandigarh",,,,1.0
2025-04,central,nsq,false,data/raw/cdsco_alerts/central/2025-04_central_nsq.pdf,7,55,55,Sodium Chloride Injection IP 0.9 %w/v,,LV4985,LV4985,,false,2024-11,2026-10,11/2024,10/2026,"M/s.Captab Biotec, Unit-II, Plot No.125, E.P.I.P. Road, Mauja, Jharmajri, Baddi, Distt. Solan (H.P.)-173205",captab biotec,Bacterial endotoxins and Sterility,"RDTL, Chandigarh",,,,1.0
2025-04,central,nsq,false,data/raw/cdsco_alerts/central/2025-04_central_nsq.pdf,7,56,56,Sodium Chloride Injection IP 0.9 %w/v,,LV4982,LV4982,,false,2024-11,2026-10,11/2024,10/2026,"M/s.Captab Biotec, Unit-II, Plot No.125, E.P.I.P. Road, Mauja, Jharmajri, Baddi, Distt. Solan (H.P.)-173205",captab biotec,Bacterial endotoxins and Sterility,"RDTL, Chandigarh",,,,1.0
2025-04,central,nsq,false,data/raw/cdsco_alerts/central/2025-04_central_nsq.pdf,7,57,57,Sodium Chloride Injection IP 0.9 %w/v,,LV4978,LV4978,,false,2024-11,2026-10,11/2024,10/2026,"M/s.Captab Biotec, Unit-II, Plot No.125, E.P.I.P. Road, Mauja, Jharmajri, Baddi, Distt. Solan (H.P.)-173205",captab biotec,Bacterial endotoxins and Sterility,"RDTL, Chandigarh",,,,1.0
2025-04,central,nsq,false,data/raw/cdsco_alerts/central/2025-04_central_nsq.pdf,7,58,58,Sodium Chloride Injection IP 0.9 %w/v,,LV4988,LV4988,,false,2024-11,2026-10,11/2024,10/2026,"M/s.Captab Biotec, Unit-II, Plot No.125, E.P.I.P. Road, Mauja, Jharmajri, Baddi, Distt. Solan (H.P.)-173205",captab biotec,"Particulate matter, Bacterial endotoxins and Sterility","RDTL, Chandigarh",,,,1.0
2025-04,central,nsq,false,data/raw/cdsco_alerts/central/2025-04_central_nsq.pdf,7,59,59,Doxycycline Capsules IP 100 mg,,B240705,B240705,,false,2024-05,2026-04,05/2024,04/2026,"M/s.Bochem Healthcare Pvt. Ltd., 83-84, Industrial Area, Dewas Road, Nagziri, Ujjain 45601-(M.P.) India",bochem healthcare pvt ltd,Dissolution of Doxycycline,"RDTL, Chandigarh",,,,1.0
2025-04,central,nsq,false,data/raw/cdsco_alerts/central/2025-04_central_nsq.pdf,7,60,60,Levetiracetam Tablets IP 500 mg,,LMT241488,LMT241488,,false,2024-12,2026-11,12/2024,11/2026,"M/s.Life Max Cancer Laboratories Plot No. 106 & 106A, Sector-6A, IIE, SIDCUL, Haridwar-249403 (U.K)",life max cancer laboratories plot no 106 106a,Dissolution,"CDTL, Indore",,,,1.0
2025-05,central,nsq,false,data/raw/cdsco_alerts/central/2025-05_central_nsq.pdf,1,1,1,Calcium Carbonate 500 mg + VIT. D3 250 IU Tablets IP (CALXIA-500),CALXIA-500,GTL1317,GTL1317,,false,2024-12,2026-11,12/2024,11/2026,"M/s. Gidsha Pharmaceuticals, Plot No. 611, 612, Mega GIDC, Kharedi, Dahod - 389151, Gujarat.",gidsha pharmaceuticals,Dissolution (for Calcium),"CDL, Kolkata",,,,1.0
2025-05,central,nsq,false,data/raw/cdsco_alerts/central/2025-05_central_nsq.pdf,1,2,2,Calcium Carbonate 500 mg + VIT. D3 250 IU Tablets IP (CALXIA-500),CALXIA-500,GTL1295,GTL1295,,false,2024-12,2026-11,12/2024,11/2026,"M/s. Gidsha Pharmaceuticals, Plot No. 611, 612, Mega GIDC, Kharedi, Dahod - 389151, Gujarat.",gidsha pharmaceuticals,Dissolution (for Calcium),"CDL, Kolkata",,,,1.0
2025-05,central,nsq,false,data/raw/cdsco_alerts/central/2025-05_central_nsq.pdf,1,3,3,Calcium Carbonate 500 mg + VIT. D3 250 IU Tablets IP (CALXIA-500),CALXIA-500,GTL1316,GTL1316,,false,2024-12,2026-11,12/2024,11/2026,"M/s. Gidsha Pharmaceuticals, Plot No. 611, 612, Mega GIDC, Kharedi, Dahod - 389151, Gujarat.",gidsha pharmaceuticals,Dissolution (for Calcium),"CDL, Kolkata",,,,1.0
2025-05,central,nsq,false,data/raw/cdsco_alerts/central/2025-05_central_nsq.pdf,1,4,4,Vitamin B Complex Injection 30 ml (WA-PLEX ),WA-PLEX,111,111,,false,2024-12,2026-05,12/2024,05/2026,"M/s. Weismanna Health Care Pvt. Ltd., Plot No. 44 &45, Industrial Estate, Ongole-523002 , Andhra Pradesh",weismanna health care pvt ltd,Description and Particulate matter,"CDL, Kolkata",,,,1.0
2025-05,central,nsq,false,data/raw/cdsco_alerts/central/2025-05_central_nsq.pdf,1,5,5,Ondansetron Injection IP 2 mg/ml,,ONA12515,ONA12515,,false,2025-01,2026-12,01/2025,12/2026,"M/s. Nandani Medical Laboratories Pvt. Ltd., 221/5, Bicholi Hapsi, Kanadia Road, Indore.",nandani medical laboratories pvt ltd,Particulate matter,"CDL, Kolkata",,,,1.0
2025-05,central,nsq,false,data/raw/cdsco_alerts/central/2025-05_central_nsq.pdf,1,6,6,Rabeprazole Sodium Injection IP 20 mg/vial,,MD23H27,MD23H27,,false,2023-08,2025-07,08/2023,07/2025,"M/s. Martin & Brown Bio Sciences, K. No. 918/419, Malkumajra, Nalagarh Road, Baddi, Dist. Solan, (H.P.) 173205",martin brown bio sciences,"pH, Clarity of Solution, Particulate matter, Uniformity of Weight, Assay of Rabeprazole Sodium and Description.","CDL, Kolkata",,,,1.0
2025-05,central,nsq,false,data/raw/cdsco_alerts/central/2025-05_central_nsq.pdf,1,7,7,Enzox Liquid Digestive Supplement,,ES-24011/11,ES2401111,,false,2024-12,2026-05,12/2024,05/2026,"M/s.Tidal Laboratories Pvt. Ltd. Patch-5, Phase-II Gowalthai, Distt. Bilaspur-174201 (H.P.), INDIA",tidal laboratories pvt ltd patch 5,Assay/Content of Pepsin activity.,"CDL, Kolkata",,,,1.0
2025-05,central,nsq,false,data/raw/cdsco_alerts/central/2025-05_central_nsq.pdf,1,8,8,Ciprofloxacin Injection IP (0.2%w/v) (Ciprox),Ciprox,2250946,2250946,,false,2025-02,2028-01,02/2025,01/2028,"M/s. Otsuka Pharmaceutical India Private Limited, Village-Vasana-Chacharwadi, Tal-Sanand, Dist.-Ahmedabad-382213, India",otsuka pharmaceutical india private limited,Particulate contamination.,"CDL, Kolkata",,,,1.0
2025-05,central,nsq,false,data/raw/cdsco_alerts/central/2025-05_central_nsq.pdf,2,9,9,Dobutamine Hydrochloride Injection IP 5 ml,,DBA12404,DBA12404,,false,2024-08,2026-07,08/2024,07/2026,"M/s. Nandani Medical Laboratories Pvt. Ltd., 221/5, Bicholi Hapsi, Kanadia Road, Indore",nandani medical laboratories pvt ltd,Particulate matter and Description,"CDL, Kolkata",,,,1.0
2025-05,central,nsq,false,data/raw/cdsco_alerts/central/2025-05_central_nsq.pdf,2,10,10,Sitagliptin & Metformin Tablets 50 mg + 1000 mg (Sitajack-M ),Sitajack-M,T-2916,T2916,,false,2024-09,2026-08,09/2024,08/2026,"M/s. Jackson Laboratories Pvt. Ltd., 22-24, Majitha Road, Bye Pass, Amritsar-143001 (India)",jackson laboratories pvt ltd,Assay of Sitagliptin,"CDL, Kolkata",,,,1.0
2025-05,central,nsq,false,data/raw/cdsco_alerts/central/2025-05_central_nsq.pdf,2,11,11,Betamethasone Sodium Phosphate Injection IP (Betagin 1 ml),,P24L107,P24L107,,false,2024-08,2026-07,08/2024,07/2026,"M/s. Paksons Pharmaceuticals Private Limited, 36, Milestone, Delhi Rohtak Road, Sankhol, Bahadurgarh-124507, Haryana",paksons pharmaceuticals private limited,"Particulate matter, Assay of Betamethasone Sodium Phosphate and Description","CDL, Kolkata",,,,1.0
2025-05,central,nsq,false,data/raw/cdsco_alerts/central/2025-05_central_nsq.pdf,2,12,12,Pantoprazole for Injection BP 40 mg,,AA013026,AA013026,,false,2023-06,2025-05,06/2023,05/2025,"M/s. ANG Lifesciences India Ltd., Village: Kishanpura, Nalagarh Road, Tehsil: Baddi, Distt: Solan, HP-174101",ang lifesciences india ltd,Clarity and Colour of Solution,"CDL, Kolkata",,,,1.0
2025-05,central,nsq,false,data/raw/cdsco_alerts/central/2025-05_central_nsq.pdf,2,13,13,Pantoprazole for Injection BP 40 mg,,AA013047,AA013047,,false,2023-09,2025-08,09/2023,08/2025,"M/s. ANG Lifesciences India Ltd. Village Kishanpura, Nalagarh Road, Tehsil: Baddi, Distt. Solan, HP-174101",ang lifesciences india ltd village kishanpura,Clarity and Colour of Solution,"CDL, Kolkata",,,,1.0
2025-05,central,nsq,false,data/raw/cdsco_alerts/central/2025-05_central_nsq.pdf,2,14,14,Sodium Chloride Injection U.S.P.(3% w/v ) (Hypertonic 3NS 100 ml),,G250146001,G250146001,,false,2025-01,2027-12,01/2025,12/2027,"M/s. Vision Parental Pvt. Ltd., A-2-44,45 Sector-15, GIDA Industrial Area, Gorakphur-273209 (U.P.), India",vision parental pvt ltd,Particulate Matter,"CDL, Kolkata",,,,1.0
2025-05,central,nsq,false,data/raw/cdsco_alerts/central/2025-05_central_nsq.pdf,2,15,15,Pantoprazole Tablets IP 40 mg,,0092,0092,,false,2024-07,2026-06,07/2024,06/2026,"M/s. Hindustan Antibiotics Ltd., Pimpri, Pune-411018, India.",hindustan antibiotics ltd,Dissolution and Description,"CDL, Kolkata",,,,1.0
2025-05,central,nsq,false,data/raw/cdsco_alerts/central/2025-05_central_nsq.pdf,2,16,16,Fexofenadine Tablets IP (Fexodil 180 mg),,T-4029,T4029,,false,2025-01,2026-12,01/2025,12/2026,"M/s. Jackson Laboratories Pvt. Ltd., 22-24, Majitha Road, Bye Pass, Amritsar-143001 (India)",jackson laboratories pvt ltd,Dissolution test after 10 min and after 30 min,"CDL, Kolkata",,,,1.0
2025-05,central,nsq,false,data/raw/cdsco_alerts/central/2025-05_central_nsq.pdf,2,17,17,Cefixime Tablets IP 200 mg,,B240875,B240875,,false,2024-06,2026-05,06/2024,05/2026,"M/s. Bochem Healthcare Pvt. Ltd. 83,84 Industrial Area, Dewas Road Nagziri, Ujjain 456010 (M.P.) India",bochem healthcare pvt ltd 83,Test of “Water”,"CDL, Kolkata",,,,1.0
2025-05,central,nsq,false,data/raw/cdsco_alerts/central/2025-05_central_nsq.pdf,2,18,18,Pantoprazole for Injection BP 40 mg,,AA013043,AA013043,,false,2023-08,2025-07,08/2023,07/2025,"M/s. ANG Lifesciences India Ltd., Village: Kishanpura, Nalagarh Road, Tehsil: Baddi, Distt. Solan, HP-174101",ang lifesciences india ltd,Clarity and colour of solution,"CDL, Kolkata",,,,1.0
2025-05,central,nsq,true,data/raw/cdsco_alerts/central/2025-05_central_nsq.pdf,2,19,19,Tranexamic Acid Tablets IP (Trenaxa 500 ),Trenaxa 500,18242021A,18242021A,,false,2024-08,2027-07,08/2024,07/2027,"M/s.Macleods Pharmaceuticals Ltd., Khasra No. 21,22,66,67 & 68, Aho-Yangtam, Namchepung, PO: Ranipool, Sikkim-737135",macleods pharmaceuticals ltd,Spurious Identification and Assay of Tranexamic Acid,"CDL, Kolkata",,,,1.0
2025-05,central,nsq,false,data/raw/cdsco_alerts/central/2025-05_central_nsq.pdf,3,20,20,Dexamethasone Sodium Phosphate Injection IP (Dexona),Dexona,N400726,N400726,,false,2024-06,2025-11,06/2024,11/2025,"M/s. Zydus Healthcare Limited, At: PF 61 & 62, Sanand GIDC-II Industrial Estate, Tal: Sanand, Dist.: Ahmedabad-382110, Gujarat, India",zydus healthcare limited,"Particulate matter, Assay of Dexamethasone Phosphate and Description","CDL, Kolkata",,,,1.0
2025-05,central,nsq,false,data/raw/cdsco_alerts/central/2025-05_central_nsq.pdf,3,21,21,Bupivacaine Hydrochloride in Dextrose Injection USP 4 ml,,17B24005,17B24005,,false,2024-09,2026-08,09/2024,08/2026,"M/s. Radiant Parenterals Ltd., 242/4, 5 & 6, G.I.D.C. Estate at & Post Waghodia, Dist-Vadodara, Gujarat-391760",radiant parenterals ltd,"pH, Bacterial Endotoxins Test, Particulate Matter in Injections and Description","CDL, Kolkata",,,,1.0
2025-05,central,nsq,false,data/raw/cdsco_alerts/central/2025-05_central_nsq.pdf,3,22,22,Vitamin B-Complex with Vitamin C and Biotin Capsules (Vitabon ),Vitabon,C-3465,C3465,,false,2024-11,2026-10,11/2024,10/2026,"M/s. Jackson Laboratories Pvt. Ltd., 22-24, Majitha Road, Bye Pass, Amritsar-143001 (India).",jackson laboratories pvt ltd,Assay/content of Calcium Pantothenate,"CDL, Kolkata",,,,1.0
2025-05,central,nsq,false,data/raw/cdsco_alerts/central/2025-05_central_nsq.pdf,3,23,23,Rabeprazole Sodium (EC) & Domperidone (SR) Capsules (Dorsai),Dorsai,DYC-24007,DYC24007,,false,2024-04,2026-03,04/2024,03/2026,"M/s. DYCOTT Healthcare, Kh. No-341/1, Vill Dasomajra, P.O. Bhud, Baddi, Distt.-Solan (HP)-173205",dycott healthcare,"Dissolution of Rabeprazole Sodium (acid stage), Dissolution of Rabeprazole Sodium (buffer stage) and Assay of Rabeprazole Sodium","CDL, Kolkata",,,,1.0
2025-05,central,nsq,true,data/raw/cdsco_alerts/central/2025-05_central_nsq.pdf,3,24,24,Buprenorphine Injection I.P. (Talgesic Injection),Talgesic,BUP324002,BUP324002,,false,2024-06,2026-05,06/2024,05/2026,"M/s. Indus Pharma Pvt. Ltd., A-181, RIICO, Ghiloth, Alwar, Rajasthan, 301705 (India)",indus pharma pvt ltd,"Spurious Identification and Assay of Buprenorphine Hydrochloride, Particulate matter and Description","CDL, Kolkata",,,,1.0
2025-05,central,nsq,false,data/raw/cdsco_alerts/central/2025-05_central_nsq.pdf,3,25,25,Buprenorphin Injection I.P. (Noophin Injection ),Noophin,LM18898,LM18898,,false,2022-11,2028-10,11/2022,10/2028,"M/s. Cooper Pharma Limited, C-3, Industrial Area, Selaqui, Dehradun-248197 (U.K.).",cooper pharma limited,"Related Substances, Particulate matter, Sterility , Assay of Buprenorphine Hydrochloride eq. to Buprenorphine and Description","CDL, Kolkata",,,,1.0
2025-05,central,nsq,false,data/raw/cdsco_alerts/central/2025-05_central_nsq.pdf,3,26,26,Ondansertron Orally Disintegrating Tablets IP 4 mg (ONVIN-4 MD TABLETS ),ONVIN-4 MD,RV24012,RV24012,,false,2024-05,2026-04,05/2024,04/2026,"M/s. Rivpra Formulation Pvt. Ltd., Plot No. 8, Sector-6A, IIE SIDCUL, Haridwar-249403 (U.K.)",rivpra formulation pvt ltd,Related Substances,"CDL, Kolkata",,,,1.0
2025-05,central,nsq,false,data/raw/cdsco_alerts/central/2025-05_central_nsq.pdf,3,27,27,Aceclofenac & Paracetamol Tablets (Elzefen-P ),Elzefen-P,PC24021,PC24021,,false,2024-03,2026-02,03/2024,02/2026,"M/s. Prochem Pharmaceuticals Pvt. Ltd., 140-141, Makkanpur, Bhagwanpur, Roorkee, Distt. Haridwar, Uttarakhand-247661",prochem pharmaceuticals pvt ltd,Assay of Aceclofenac,"CDL, Kolkata",,,,1.0
2025-05,central,nsq,false,data/raw/cdsco_alerts/central/2025-05_central_nsq.pdf,4,28,28,Zinc Sulphate Dispersible Tablets IP 20 mg,,LMT240804,LMT240804,,false,2024-07,2026-06,07/2024,06/2026,"M/s. Life Max Cancer Laboratories, Plot No. 106 & 106 A, Sector6A, IIE, SIDCUL, Haridwar249403 (U.K)",life max cancer laboratories,Uniformity of Dispersion & Disintegration,"RDTL, Guwahati",,,,1.0
2025-05,central,nsq,false,data/raw/cdsco_alerts/central/2025-05_central_nsq.pdf,4,29,29,METRONIDAZOLE TABLETS IP (Martigyl-400),Martigyl-400,MT-24D03,MT24D03,,false,2024-04,2026-03,04/2024,03/2026,"M/s.Martin & Brown Bio-sciences, K. No. 918/419, Malkumajra, Nalagarh Road, Baddi, Distt. Solan (H.P.)- 173205",martin brown bio sciences,Dissolution,"RDTL, Guwahati",,,,1.0
2025-05,central,nsq,false,data/raw/cdsco_alerts/central/2025-05_central_nsq.pdf,4,30,30,Sodium Chloride Injection I.P. (0.9% w/v).. (NS),,01BF2354,01BF2354,,false,2024-03,2027-02,03/2024,02/2027,"M/s. Paschim Banga Pharmaceutical (A Unit Of FARISTA VANIJYA Pvt. Ltd.), NH-31, Tin Mile Hat, Sonapur Hat, P.S. Chopra, Dist:- Uttar Dinajpur, Pin 733 214 (W.B.)",paschim banga pharmaceutical,Sterillity & Description,"RDTL, Guwahati",,,,1.0
2025-05,central,nsq,false,data/raw/cdsco_alerts/central/2025-05_central_nsq.pdf,4,31,31,Disposable Syringes (5ml) (SUI),SUI,4051124S11,4051124S11,,false,2024-11,2027-10,11/2024,10/2027,"M/s Hindustan Ultra Care Limited, Village, Mandana, Jhalawar Road, NH-52, Kota (Rajasthan), India - 325003",hindustan ultra care limited,Sterillity,"RDTL, Guwahati",,,,1.0
2025-05,central,nsq,false,data/raw/cdsco_alerts/central/2025-05_central_nsq.pdf,4,32,32,Telmisartan Tablets IP 40mg,,251TTF025,251TTF025,,false,2024-12,2027-11,12/2024,11/2027,"M/s. Swiss Garnier Life Sciences, 21-23, Industrial Area, Mehatpur, Dist. Una, Himachal Pradesh- 174 315. INDIA",swiss garnier life sciences,Dissolution,"RDTL, Guwahati",,,,1.0
2025-05,central,nsq,false,data/raw/cdsco_alerts/central/2025-05_central_nsq.pdf,4,33,33,Telmisartan Tablets IP 40 mg,,251TTF036,251TTF036,,false,2024-12,2026-11,12/2024,11/2026,"M/s. Swiss Garnier Life Sciences, 21-23, Industrial Area, Mehatpur, Dist. Una, Himachal Pradesh- 174 315. INDIA",swiss garnier life sciences,Dissolution,"RDTL, Guwahati",,,,1.0
2025-05,central,nsq,false,data/raw/cdsco_alerts/central/2025-05_central_nsq.pdf,4,34,34,Dicyclomine Hydrochloride Tablets IP 10 mg,,TK24-08,TK2408,,false,2024-11,2026-10,11/2024,10/2026,"M/s.Om Biomedic Pvt. Ltd..,, Plot No. 68, 69, 82 & 83, Sector - 6A, IIE, SIDCUL, Haridwar-249 403 (U.K.)",om biomedic pvt ltd,Description,"RDTL, Guwahati",,,,1.0
2025-05,central,nsq,false,data/raw/cdsco_alerts/central/2025-05_central_nsq.pdf,4,35,35,ALBENDAZOLE TABLETS I.P.,,PGT24407,PGT24407,,false,2024-07,2027-06,07/2024,06/2027,"M/s. Affy Parenterals, Vill,.Gullarwala, P.O.Baddi, Distt. Solan-173205 (HP)",affy parenterals,Dissolution of Albendazole,"RDTL, Chandigarh",,,,1.0
2025-05,central,nsq,false,data/raw/cdsco_alerts/central/2025-05_central_nsq.pdf,4,36,36,Sildenafil citrate oral jelly 5 gm (King of jelly),King of jelly,25005,25005,,false,2025-02,2028-01,02/2025,01/2028,"M/s Banson Pharmaceuticals Pvt.Ltd., C-9, C10, Focal Point, Nabha-147201",banson pharmaceuticals pvt ltd,Description and Assay of Sildenafil Citrate,"RDTL, Chandigarh",,,,1.0
2025-05,central,nsq,false,data/raw/cdsco_alerts/central/2025-05_central_nsq.pdf,4,37,37,Ofloxacin Tablets IP 200 mg,,DL-55,DL55,,false,2024-10,2026-09,10/2024,09/2026,"M/s. DUTCH Formulations, 32, Industrial Area, Village Johron, Kala-Amb, Tehsil Nahan, District Sirmour, H.P.-17030",dutch formulations,Dissolution and Assay of Ofloxacin,"RDTL, Chandigarh",,,,1.0
2025-05,central,nsq,false,data/raw/cdsco_alerts/central/2025-05_central_nsq.pdf,4,38,38,Ofloxacin and Ornidazole Tablets IP 200 mg+500mg,,DL-136,DL136,,false,2024-12,2026-11,12/2024,11/2026,"M/s. DUTCH Formulations, 32, Industrial Area, Village Johron, Kala-Amb, Tehsil Nahan, District Sirmour, H.P.-17030",dutch formulations,"Uniformity of weight, Dissolution of Ornidazole, Dissolution of Ofloxacin and Assay of Ofloxacin and Ornidazole","RDTL, Chandigarh",,,,1.0
2025-05,central,nsq,false,data/raw/cdsco_alerts/central/2025-05_central_nsq.pdf,5,39,39,Azithromycin Tablets IP 500 mg,,DL-52,DL52,,false,2024-10,2026-09,10/2024,09/2026,"M/s. DUTCH Formulations, 32, Industrial Area, Village Johron, Kala-Amb, Tehsil Nahan, District Sirmour, H.P.-17030",dutch formulations,"Dissolution, Uniformity of weight and Assay of Azithromycin Dihydrate calculated as Azithromycin","RDTL, Chandigarh",,,,1.0
2025-05,central,nsq,false,data/raw/cdsco_alerts/central/2025-05_central_nsq.pdf,5,40,40,Metronidazole Tablets IP 400 mg,,B240578,B240578,,false,2024-05,2027-04,05/2024,04/2027,"M/s.Bochem Healthcare Pvt. Limited, 83-84, Industrial Area, Dewas Road, Nagziri, Ujjain 45601-(M.P.) India",bochem healthcare pvt limited,Dissolution,"RDTL, Chandigarh",,,,1.0
2025-05,central,nsq,false,data/raw/cdsco_alerts/central/2025-05_central_nsq.pdf,5,41,41,Amoxycillin and Potassium Clavulanate with Lactic Acid Bacillus Tablets (Polo-625 LB Tablets),Polo-625 LB,PL2406001,PL2406001,,false,2024-10,2026-11,10/2024,11/2026,"M/s. Paradox Pharmaceuticals, Kachpura, Baddi, Nalagarh Road Tehsil Nalagarh Dist. Solan (HP)- 174103",paradox pharmaceuticals,"Identification and Assay of Amoxycillin Trihydrate, Potassium Clavulanate and Lactic Acid Bacillus","RDTL, Chandigarh",,,,1.0
2025-05,central,nsq,false,data/raw/cdsco_alerts/central/2025-05_central_nsq.pdf,5,42,42,Azithromycin Tablets IP 250 mg (RICK-250 TABLETS),RICK-250,Not mentioned,NOTMENTIONED,,false,,,NM,NM,"M/s. Paradox Pharmaceuticals, Kachpura, Baddi, Nalagarh Road Tehsil Nalagarh Dist. Solan (HP)- 174103",paradox pharmaceuticals,"Identification, Dissolution and Assay of Azithromycin Dihydrate Calculated as Anhydrous Azithromycin","RDTL, Chandigarh",,,,0.3
2025-05,central,nsq,false,data/raw/cdsco_alerts/central/2025-05_central_nsq.pdf,5,43,43,Cefixime and Lactic Acid Bacillus Dispersible Tablets (Micoceff-LB 200 Tablets),Micoceff-LB 200,CFL2411001,CFL2411001,,false,2024-11,2026-10,11/2024,10/2026,"M/s. Maxcel Life Care, 302/304 A, Gitanjali Apartment Shanti Nagar, Mumbai (Thane)-53.)",maxcel life care,Identification and Assay of Cefixime Trihydate and Lactic Acid Bacillus,"RDTL, Chandigarh",,,,1.0
2025-05,central,nsq,false,data/raw/cdsco_alerts/central/2025-05_central_nsq.pdf,5,44,44,Amoxycillin and Potassium Clavulanate Tablets IP (Rumentin-625 Tablets),Rumentin-625,RUM2411002,RUM2411002,,true,2024-11,2026-10,11/2024,10/2026,"M/s. Rextuse Pharmaceuticals, Ind. Area, Phase-I, Haridwar, Uttrakhand 249401",rextuse pharmaceuticals,Identification and Assay of Amoxycillin Trihydrate and Potassium Clavulanate and Dissolution of Amoxycillin Trihydrate and Potassium Clavulanate,"RDTL, Chandigarh",,,,1.0
2025-05,central,nsq,false,data/raw/cdsco_alerts/central/2025-05_central_nsq.pdf,6,45,45,Azithromycin Tablets IP 250 mg (RICK-250 TABLETS),RICK-250,AZR2411010,AZR2411010,,false,2025-01,2026-12,01/2025,12/2026,"M/s. Paradox Pharmaceuticals, Kachpura, Baddi, Nalagarh Road Tehsil Nalagarh Dist. Solan (HP)- 174103",paradox pharmaceuticals,"Identification, Dissolution and the Assay of Azithromycin","RDTL, Chandigarh",,,,1.0
2025-05,central,nsq,false,data/raw/cdsco_alerts/central/2025-05_central_nsq.pdf,6,46,46,Pantoprazole Gastro resistant &Domperidone prolonged release Capsules IP,,PZD242206,PZD242206,,false,2025-01,2026-12,01/2025,12/2026,"M/s. Paradox Pharmaceuticals, Kachpura, Baddi, Nalagarh Road Tehsil Nalagarh Dist. Solan (HP)- 174103",paradox pharmaceuticals,Identification and Assay of Pantoprazole Sodium calculated as Pantoprazole and Domperidone and the Dissolution of Pantoprazole Sodium calculated as Pantoprazle.,"RDTL, Chandigarh",,,,1.0
2025-05,central,nsq,false,data/raw/cdsco_alerts/central/2025-05_central_nsq.pdf,6,47,47,Injection Oxytocin Vet. 100 ml Vial,,Not mentioned,NOTMENTIONED,,false,,,NM,NM,Not mentioned,not mentioned,pH and Sterility,"RDTL, Chandigarh",,,,0.3
2025-05,central,nsq,false,data/raw/cdsco_alerts/central/2025-05_central_nsq.pdf,6,48,48,Injection Oxytocin Vet. 50 ml Vial,,Not mentioned,NOTMENTIONED,,false,,,NM,NM,Not mentioned,not mentioned,pH and Sterility,"RDTL, Chandigarh",,,,0.3
2025-05,central,nsq,false,data/raw/cdsco_alerts/central/2025-05_central_nsq.pdf,6,49,49,Amoxycillin Trihydrate Capsules I.P. (Zymox-500 (Yellow)),Yellow,ZYMC-2407,ZYMC2407,,false,2024-04,2026-04,04/2024,04/2026,"M/s. Laborate Pharmaceuticals India Ltd., 51, Indl. Area, Panta Sahib (H.P.) Manufatured for :gpp AZALADE (A division of Laborate Pharmaceuticals India Ltd), 101, Kohand-Assandh Road, V.P.O. Salwan, Haryana 132046.",laborate pharmaceuticals india ltd,"""Assay/ content of Amoxycillin""",CDTL-Mumbai,,,,1.0
2025-05,central,nsq,false,data/raw/cdsco_alerts/central/2025-05_central_nsq.pdf,6,50,50,SPORLAC Tablets (Tablets of Probiotics),Tablets of Probiotics,MS024004,MS024004,,false,2024-04,2026-05,04/2024,05/2026,"M/s.J.B. Chemicals & Pharmaceuticals Ltd., Plot No.25 & 26, Pharmacity, Selaqui, Dehradun, Uttarakhand.",j b chemicals pharmaceuticals ltd,"""Identification of Bacillus clausii""",CDTL-Mumbai,,,,1.0
2025-05,central,nsq,false,data/raw/cdsco_alerts/central/2025-05_central_nsq.pdf,6,51,51,"Paracetamol 250 mg & Mefenamic Acid 100 mg Suspension, 60 ml (Pacimol MF 250 Suspension)",Pacimol MF 250,INC014022R,INC014022R,,false,2024-04,2026-03,04/2024,03/2026,"M/s.Ipca Laboratories Ltd., Sejavta, Ratlam 457 001",ipca laboratories ltd,"""Assay of Paracetamol and Mefenamic Acid""",CDTL-Mumbai,,,,1.0
2025-05,central,nsq,false,data/raw/cdsco_alerts/central/2025-05_central_nsq.pdf,6,52,52,Clopidogrel & Aspirin Tablets (75 mg/ 75 mg),,GT241288,GT241288,,false,2024-07,2026-06,07/2024,06/2026,"M/s. Theon Pharmaceuticals Ltd., Vill. Saini Majra, Tehsil Nalagarh, Distt. Solan (H.P.) 174 101.",theon pharmaceuticals ltd,"""Description""",CDTL-Mumbai,,,,1.0
2025-05,central,nsq,false,data/raw/cdsco_alerts/central/2025-05_central_nsq.pdf,6,53,53,MULTIPLE ELECTROLYTES AND DEXTROSE INJ. TYPE-1 I.P. (AROLYTE P),AROLYTE P,1227421S,1227421S,,false,2024-12,2027-11,12/2024,11/2027,"M/s. Shree KrishnaKeshav Laboratories Ltd.,Amraiwadi Road, Ahmedabad- 380 008,",shree krishnakeshav laboratories ltd,"""Assay of Potassium""",CDTL-Mumbai,,,,1.0
2025-05,central,nsq,false,data/raw/cdsco_alerts/central/2025-05_central_nsq.pdf,7,54,54,Haematinic Capsules (R.B. TONE),R.B. TONE,D40652,D40652,,false,2024-11,2026-10,11/2024,10/2026,"M/s. Medley Pharmaceuticals Ltd., Plot No. 18 & 19, Zari Causeway Road, Kachigam Daman, INDIA",medley pharmaceuticals ltd,"""Microbial limit test (Total combined yeasts/molds count)""",CDTL-Mumbai,,,,1.0
2025-05,central,nsq,false,data/raw/cdsco_alerts/central/2025-05_central_nsq.pdf,7,55,55,Aceclofenac Tablets I.P 100 mg,,T4167,T4167,,false,2024-05,2026-04,05/2024,04/2026,"M/s. Zest Pharama, 275, Sector ""F"" Sanwer Road, Indore - 452 015",zest pharama,Description,CDTL- Indore,,,,1.0
2025-05,central,nsq,false,data/raw/cdsco_alerts/central/2025-05_central_nsq.pdf,7,56,56,Paracetamol Tablet I.P 500 mg,,KA1334,KA1334,,false,2023-12,2026-11,12/2023,11/2026,"M/s. Karnataka Antibiotics & Pharmaceuticals Limited, Plot No. 37, Site No. 34/4, NTTF Main Road, II Phase, Peenyas Industrial Area, Bengaluru-560058, India",karnataka antibiotics pharmaceuticals limited,Description,CDTL- Indore,,,,1.0
2025-05,central,nsq,false,data/raw/cdsco_alerts/central/2025-05_central_nsq.pdf,7,57,57,Betahistine Dihydrochloride Tablet I.P (CGHEST-8),CGHEST-8,CT24250284A,CT24250284A,,true,2024-05,2026-04,05/2024,04/2026,"M/s. CMG Biotech Pvt. Ltd (Unit II), Plot No. 58, Phase III, Industrial Area, Sansarpur Terrace, H.P - 176501",cmg biotech pvt ltd,Description,CDTL- Indore,,,,1.0
2025-05,central,nsq,false,data/raw/cdsco_alerts/central/2025-05_central_nsq.pdf,7,58,58,Sucralfate Oral Suspension (AXID 200),AXID 200,624-470,624470,,false,2024-06,2026-05,06/2024,05/2026,"M/s.Zee Laboratories Ltd., 47, Industrial Area, Paonta, Sahib - 173 025",zee laboratories ltd,The sample does not conform to claim standards with respect to Description,CDTL- Chennai,,,,1.0
2025-06,central,nsq,false,data/raw/cdsco_alerts/central/2025-06_central_nsq.pdf,1,1,1,Dextrose Injection I.P. 5%w/v (D5),,1-3098,13098,,false,2025-01,2027-12,01/2025,12/2027,"M/s. Tam-Bran Pharmaceuticals Pvt. Ltd., Plot No. 212 & 216, Sector-1, Industrial Area, Pithampur, District-Dhar (M.P.) India-454775",tam bran pharmaceuticals pvt ltd,Assay of Dextrose (Anhydrous),"CDL, Kolkata",,,,1.0
2025-06,central,nsq,false,data/raw/cdsco_alerts/central/2025-06_central_nsq.pdf,1,2,2,Dexamethasone Sodium Phosphate Injection I.P. (Dexacos),Dexacos,P24L220,P24L220,,false,2024-12,2026-11,12/2024,11/2026,"M/s. Paksons pharmaceuticals Private Limited, 36, Milestone, Delhi Rohtak Road, Sankhol, Bahadurgarh-124507, Haryana",paksons pharmaceuticals private limited,"Free Dexamethasone, Particulate matter and Description","CDL, Kolkata",,,,1.0
2025-06,central,nsq,false,data/raw/cdsco_alerts/central/2025-06_central_nsq.pdf,1,3,3,Methylcobalamin Injection,,S4H046,S4H046,,false,2024-08,2026-01,08/2024,01/2026,"M/s. Arion Healthcare, Vill. Kishanpura, Baddi, Distt. Solan-174101(H.P.)",arion healthcare,"Assay of Methylcobalamin, Particulate matter and Description","CDL, Kolkata",,,,1.0
2025-06,central,nsq,false,data/raw/cdsco_alerts/central/2025-06_central_nsq.pdf,1,4,4,Tranexamic Acid Injection IP 500 mg/5ml,,Z24-185,Z24185,,false,2024-02,2026-01,02/2024,01/2026,"M/s. Zee Laboratories Ltd., Behind 47, Industrial Area, Paonta Sahib-173025",zee laboratories ltd,Related Substances and Assay of Tranexamic Acid,"CDL, Kolkata",,,,1.0
2025-06,central,nsq,false,data/raw/cdsco_alerts/central/2025-06_central_nsq.pdf,1,5,5,Oxytocin Injection I.P. 1ml,,AOX-2402,AOX2402,,false,2024-04,2026-03,04/2024,03/2026,"M/s. Systochem Laboratories Ltd., B-75 Roop Nagar, Indl. Area, Loni-201102(U.P.)",systochem laboratories ltd,Assay of Oxytocin,"CDL, Kolkata",,,,1.0
2025-06,central,nsq,false,data/raw/cdsco_alerts/central/2025-06_central_nsq.pdf,1,6,6,"Calcium Aspartate, Calcium Orotate, Calcitriol Minerals And Vitamin Tablets",,EZF-2107,EZF2107,,false,2024-11,2027-04,11/2024,04/2027,"M/s. Overseas Health Care Pvt. Ltd., 335 Km. Milestone, National Highway No. 1, P.O. Box No. 25, Phillaur - 144 410 (Pb.)",overseas health care pvt ltd,"Assay of Calcitriol, Zinc, Magnesium Hydroxide and Folic Acid","CDL, Kolkata",,,,1.0
2025-06,central,nsq,false,data/raw/cdsco_alerts/central/2025-06_central_nsq.pdf,1,7,7,Ascorbic Acid Injection I.P. (Vitson-C),Vitson-C,P25L269,P25L269,,false,2025-02,2027-01,02/2025,01/2027,"M/s. Paksons Pharmaceuticals Private Limitated, 36, Milestone, Delhi Rohtak Road, Sankhol, Bahadurgarh-124507, Haryana",paksons pharmaceuticals private limitated,Particulate Matter and Description,"CDL, Kolkata",,,,1.0
2025-06,central,nsq,false,data/raw/cdsco_alerts/central/2025-06_central_nsq.pdf,1,8,8,Adrenaline Injection IP (Aline Injection 1 ml.),,AL-92,AL92,,false,2025-02,2026-04,02/2025,04/2026,"M/s. Aster Medicines Pvt. Ltd., Plot No. E4(Part), Industrial Area Phase II, Hazipur-844101",aster medicines pvt ltd,Particulate Matter and Description,"CDL, Kolkata",,,,1.0
2025-06,central,nsq,false,data/raw/cdsco_alerts/central/2025-06_central_nsq.pdf,2,9,9,Calcium Gluconate Injection I.P. 10 ml.,,MV24B36,MV24B36,,false,2024-02,2026-01,02/2024,01/2026,"M/s. Martin & Brown Bio-Sciences Pvt.Ltd., K.No-918/419, Malkumajra, Nalagarh Road, Baddi, Dist-Solan, HP-173205",martin brown bio sciences pvt ltd,"Particulate Matter, Extractable Volume and Description","CDL, Kolkata",,,,1.0
2025-06,central,nsq,false,data/raw/cdsco_alerts/central/2025-06_central_nsq.pdf,2,10,10,Rabeprazole Sodium (EC) & Domperidone (SR) Capsules (Sesarab-DSR Capsules ),Sesarab-DSR,CG23-0372F,CG230372F,,false,2023-09,2025-08,09/2023,08/2025,"M/s. Athens Life Sciences, Mauza Rampur Jattan, Nahan Road, Kala Amb, Distt. Sirmour, H.P.-173030",athens life sciences,Assay of Rabeprazole Sodium,"CDL, Kolkata",,,,1.0
2025-06,central,nsq,false,data/raw/cdsco_alerts/central/2025-06_central_nsq.pdf,2,11,11,Heparin Injection IP 5000 IU/ml (Flagorin),Flagorin,DP2143,DP2143,,false,2022-08,2025-06,08/2022,06/2025,"M/s. Divine Laboratories Pvt. Ltd., Block No. 471, Dabhasa, Tal. Padra, Dist. Vadodara-391440, India",divine laboratories pvt ltd,pH and Assay of Heparin (Anti-factor-IIa activity),"CDL, Kolkata",,,,1.0
2025-06,central,nsq,false,data/raw/cdsco_alerts/central/2025-06_central_nsq.pdf,2,12,12,Adrenaline Bitartrate Injection I.P. 1 ml (Aderson Inj.),Aderson,P25L262,P25L262,,false,2025-02,2026-07,02/2025,07/2026,"M/s. Paksons Pharmaceuticals Private Limited, 36, Milestone, Delhi Rohtak Road, Sankhol, Bahadurgarh-124507, Haryana",paksons pharmaceuticals private limited,"Particulate Matter, pH and Description","CDL, Kolkata",,,,1.0
2025-06,central,nsq,false,data/raw/cdsco_alerts/central/2025-06_central_nsq.pdf,2,13,13,Methylcobalamin 1500 mcg (Nuroark),Nuroark,JIN24-041,JIN24041,,false,2024-08,2026-01,08/2024,01/2026,"M/s. Janya Biocare Pvt. Ltd., Khasra No.-169, Tanshipur, Roorkee (U.K.)",janya biocare pvt ltd,Description and Particulate Matter,"CDL, Kolkata",,,,1.0
2025-06,central,nsq,false,data/raw/cdsco_alerts/central/2025-06_central_nsq.pdf,2,14,14,"Calcium Aspartate, Calcium Orotate, Calcitriol, Minerals and Vitamins Tablets",,EZF-2067,EZF2067,,false,2024-10,2027-03,10/2024,03/2027,"M/s. Overseas Health Care Pvt. Ltd. 335 km, Milestone National Highway No. 1 P.O. Box No. 25, Phillaur-144 410(Pb.)",overseas health care pvt ltd 335 km,"Assay/ Content of Folic Acid, Zinc and Magnesium Hydroxide","CDL, Kolkata",,,,1.0
2025-06,central,nsq,false,data/raw/cdsco_alerts/central/2025-06_central_nsq.pdf,2,15,15,Fosfomycin Phenyl Ethyl Amine,,20240901,20240901,,false,2024-09,2026-09,12-09-2024,11-09-2026,"M/s. Shayamg Qinjiang Chemical, Add:-No. I Qinjing Chemical Park, Shayang Economic Development Zone, Hubei, China, Postal Code-448200",shayamg qinjiang chemical,Specific Optical Rotation,"CDL, Kolkata",,,,1.0
2025-06,central,nsq,false,data/raw/cdsco_alerts/central/2025-06_central_nsq.pdf,2,16,16,Gentamicin Injection IP (Gentacos),Gentacos,P24L199,P24L199,,false,2024-12,2026-11,12/2024,11/2026,"M/s. Paksons Pharmaceuticals Private Limited, Delhi Rohtak Road, Ganpati Industrial area, Sankhol, Bahadurgarh-124507(HR), INDIA",paksons pharmaceuticals private limited,"Sterility, Particulate Matter and Description","CDL, Kolkata",,,,1.0
2025-06,central,nsq,false,data/raw/cdsco_alerts/central/2025-06_central_nsq.pdf,2,17,17,Docetaxel Anhydrous IP,,DXT202412040,DXT202412040,,true,2024-12,2026-12,12/2024,12/2026,"M/s. Sanghai Jinhe Bio-Pharmaceutical Co. Ltd. 508, Maodian Road, Qingpu District, Shanghai-201716, China",sanghai jinhe bio pharmaceutical co ltd 508,Water,"CDL, Kolkata",,,,1.0
2025-06,central,nsq,false,data/raw/cdsco_alerts/central/2025-06_central_nsq.pdf,2,18,18,Ketoconazole & Zinc Pyrithione Shampoo (Ketocross Shampoo),Ketocross Shampoo,L25Y2002,L25Y2002,,false,2025-03,2027-02,03/2025,02/2027,"M/s. Om Sai Pharma Pack, Plot No. 38 & 39,Sector-11,IIE,SIDCUL,Distt. Haridwar, Uttarakhand-249403",om sai pharma pack,A s s a y o f Z i n c Pyrithione,"CDL, Kolkata",,,,1.0
2025-06,central,nsq,false,data/raw/cdsco_alerts/central/2025-06_central_nsq.pdf,3,19,19,"Vitamin C Injection IP and Vitamin B12, Folic Acid and Niacinamide Injection (Eldervit B 12)",Eldervit B 12,VHI034047,VHI034047,,false,2024-08,2026-07,08/2024,07/2026,"M/s. Vidit Healthcare, Village Kishanpura, Paonta Sahib, Distt. Sirmour, H.P.-173025",vidit healthcare,Particulate Matter and Description,"CDL, Kolkata",,,,1.0
2025-06,central,nsq,false,data/raw/cdsco_alerts/central/2025-06_central_nsq.pdf,3,20,20,"Vitamin C Injection IP and Vitamin B12, Folic Acid and Niacinamide Injection (Eldervit-12 Injection)",Eldervit-12,IEW1433B,IEW1433B,,false,2024-07,2026-06,07/2024,06/2026,"M/s. E.G. Pharmaceuticlas, Vill. Mandhala, Teh. Baddi, Distt. Solan (H.P.)",e g pharmaceuticlas,Particulate Matter and Description,"CDL, Kolkata",,,,1.0
2025-06,central,nsq,false,data/raw/cdsco_alerts/central/2025-06_central_nsq.pdf,3,21,21,Rabeprazole Sodium Injection I.P.,,MD23H23,MD23H23,,false,2023-08,2025-07,08/2023,07/2025,"M/s. Martin & Brown Bio-Sciences Pvt.Ltd., K.No-918/419, Malkumajra, Nalagarh Road, Baddi, Dist-Solan, HP-173205",martin brown bio sciences pvt ltd,"pH, Clarity of Solution, Particulate Matter, Assay of Rabeprazole Sodium and Description","CDL, Kolkata",,,,1.0
2025-06,central,nsq,false,data/raw/cdsco_alerts/central/2025-06_central_nsq.pdf,3,22,22,Clotrimazole Ear Drops,,CLT-214A,CLT214A,,false,2024-08,2026-07,08/2024,07/2026,"M/s. Pushkar Pharma, Kheri, Kala-Amb-173030 (H.P.)",pushkar pharma,Assay of Clotrimazole,"CDL, Kolkata",,,,1.0
2025-06,central,nsq,false,data/raw/cdsco_alerts/central/2025-06_central_nsq.pdf,3,23,23,Raberpazole (EC) & Domperidone (SR) Capsules (Rabeton-DSR),Rabeton-DSR,SC-15114,SC15114,,false,2024-10,2027-09,10/2024,09/2027,"M/s. Sunvij Drugs Private Limited, 511, GIDC, Waghodia, Baroda-391760, Gujarat",sunvij drugs private limited,Assay of Rabeprazole Sodium,"CDL, Kolkata",,,,1.0
2025-06,central,nsq,false,data/raw/cdsco_alerts/central/2025-06_central_nsq.pdf,3,24,24,Telmisartan Tablets IP 40 mg,,ALPT-051,ALPT051,,false,2024-07,2026-06,07/2024,06/2026,"M/s. Alifecare Pharmacy Pvt Ltd, VPO-Barog, Teh & Distt. Solan (H.P.) -173212",alifecare pharmacy pvt ltd,Dissolution of Telmisartan,"CDL, Kolkata",,,,1.0
2025-06,central,nsq,false,data/raw/cdsco_alerts/central/2025-06_central_nsq.pdf,3,25,25,"Vitamin C Injection IP and Vitamin B12, Folic Acid and Niacinamide Injection (Eldervit-12 Injection )",Eldervit-12,IEW1480C,IEW1480C,2025-06_central_nsq-p3-r25,false,2024-09,2026-08,09/2024,08/2026,"M/s. E.G.Pharmaceuticals, Vill. Mandhala, Tehsil: Baddi Distt.Solan (H.P.)",e g pharmaceuticals,Particulate Matter and Description,"CDL, Kolkata",,,,0.8
2025-06,central,nsq,false,data/raw/cdsco_alerts/central/2025-06_central_nsq.pdf,3,25,25,"Vitamin C Injection IP and Vitamin B12, Folic Acid and Niacinamide Injection (Eldervit-12 Injection )",Eldervit-12,IEW-1480B,IEW1480B,2025-06_central_nsq-p3-r25,false,2024-09,2026-08,09/2024,08/2026,"M/s. E.G.Pharmaceuticals, Vill. Mandhala, Tehsil: Baddi Distt.Solan (H.P.)",e g pharmaceuticals,Particulate Matter and Description,"CDL, Kolkata",,,,0.8
2025-06,central,nsq,false,data/raw/cdsco_alerts/central/2025-06_central_nsq.pdf,3,26,26,"Vitamin C Injection IP and Vitamin B12, Folic Acid and Niacinamide Injection (Eldervit-12 Injection )",Eldervit-12,IEW-1487C,IEW1487C,2025-06_central_nsq-p3-r26,false,2024-09,2026-08,0 9 /2024,08/2026,"M/s. E.G.Pharmaceuticals, Vill. Mandhala, Tehsil: Baddi Distt.Solan (H.P.)",e g pharmaceuticals,Particulate Matter and Description,"CDL, Kolkata",,,,0.8
2025-06,central,nsq,false,data/raw/cdsco_alerts/central/2025-06_central_nsq.pdf,3,26,26,"Vitamin C Injection IP and Vitamin B12, Folic Acid and Niacinamide Injection (Eldervit-12 Injection )",Eldervit-12,IEW-1487B,IEW1487B,2025-06_central_nsq-p3-r26,false,2024-09,2026-08,0 9 /2024,08/2026,"M/s. E.G.Pharmaceuticals, Vill. Mandhala, Tehsil: Baddi Distt.Solan (H.P.)",e g pharmaceuticals,Particulate Matter and Description,"CDL, Kolkata",,,,0.8
2025-06,central,nsq,false,data/raw/cdsco_alerts/central/2025-06_central_nsq.pdf,3,27,27,3% Sodium Chloride Injection USP,,G25B016,G25B016,,false,2025-02,2027-01,02/2025,01/2027,"M/s. Inven Pharmaceuticals Pvt. Ltd., Village Kalsada Khurd, District-Dhar (M.P.)- 454001",inven pharmaceuticals pvt ltd,Particulate Matter in Injections,"CDL, Kolkata",,,,1.0
2025-06,central,nsq,false,data/raw/cdsco_alerts/central/2025-06_central_nsq.pdf,3,28,28,Ondansetron Injection IP (Ondson Inj.),Ondson,P24L189,P24L189,,false,2024-11,2026-10,11/2024,10/2026,"M/s. Paksons Pharmaceuticals Private Limited, 36, Milestone, Delhi Rohtak Road, Sankhol, Bahadurgarh-124507, Haryana",paksons pharmaceuticals private limited,Particulate Matter and Description,"CDL, Kolkata",,,,1.0
2025-06,central,nsq,false,data/raw/cdsco_alerts/central/2025-06_central_nsq.pdf,3,29,29,Sitagliptin & Metformin Tablets 50mg + 1000mg (Sitajack-M),Sitajack-M,T-2672,T2672,,false,2024-09,2026-08,09/2024,08/2026,"M/s. Jackson Laboratories Pvt.Ltd. 22-24, Majitha Road, Bye Pass, Amritsar-143001(India)",jackson laboratories pvt ltd 22 24,Assay of Sitagliptin,"CDL, Kolkata",,,,1.0
2025-06,central,nsq,false,data/raw/cdsco_alerts/central/2025-06_central_nsq.pdf,3,30,30,Cefotaxime Sodium Injection IP 1g,,1172,1172,,false,2023-08,2025-07,08/2023,07/2025,"M/s. Hindustan Antibiotics Ltd., Pimpri,Pune-411018,India",hindustan antibiotics ltd,Water,"CDL, Kolkata",,,,1.0
2025-06,central,nsq,false,data/raw/cdsco_alerts/central/2025-06_central_nsq.pdf,4,31,31,Amikacin Sulphate Injection IP (Lamic-500 Injection ),Lamic-500,L-24K-31H,L24K31H,,false,2024-11,2026-10,11/2024,10/2026,"M/s. Inmac Laboratories, Bangsipura-142033 (Pb.)",inmac laboratories,"Particulate Matter, Assay and Description","CDL, Kolkata",,,,1.0
2025-06,central,nsq,false,data/raw/cdsco_alerts/central/2025-06_central_nsq.pdf,4,32,32,Pantoprazole Sodium for Injection (K Pan-IV Injection),K Pan-IV,GD24L-27H,GD24L27H,,false,2024-12,2026-11,12/2024,11/2026,"M/s. Vellinton Healthcare, Trilokpur Road,Vill-Rampur Jattan, Kala-Amb-173030 Distt. Sirmour (H.P.)",vellinton healthcare,Sterility,"CDL, Kolkata",,,,1.0
2025-06,central,nsq,false,data/raw/cdsco_alerts/central/2025-06_central_nsq.pdf,4,33,33,Pantoprazole Gasrro-Resistant and Domperidone Prolonged Release Capsules IP (Prazentasure-DSR Capsules),Prazentasure-DSR,NC24004,NC24004,,false,2024-09,2026-08,09/2024,08/2026,"M/s. Nexkem Pharmaceuticals Pvt. Ltd., Plot No.119, HPSIDC Industrial Area Baddi, Dist. Solan (H.P.)-173205",nexkem pharmaceuticals pvt ltd,Dissolution of Pantoprazole in Buffer Stage,"CDL, Kolkata",,,,1.0
2025-06,central,nsq,false,data/raw/cdsco_alerts/central/2025-06_central_nsq.pdf,4,34,34,Diclofenac Sodium Injection IP (ZOR INJ.),ZOR,P25L265,P25L265,,false,2025-02,2027-01,02/2025,01/2027,"M/s. Paksons Pharmaceuticals Private Limited, 36, Milestone, Delhi Rohtak Road, Sankhol, Bahadurgarh-124507, Haryana",paksons pharmaceuticals private limited,Extractable Volume,"CDL, Kolkata",,,,1.0
2025-06,central,nsq,false,data/raw/cdsco_alerts/central/2025-06_central_nsq.pdf,4,35,35,Rabeprazole Sodium Injection IP,,MD23H12,MD23H12,,false,2023-08,2025-07,08/2023,07/2025,"M/s. Martin & Brown Bio-Sciences Pvt.Ltd., K.No-918/419, Malkumajra, Nalagarh Road, Baddi, Dist-Solan, HP-173205",martin brown bio sciences pvt ltd,"pH, Clarity of Solution, Uniformity of Weight, Particulate Matter and Assay of Rabeprazole Sodium","CDL, Kolkata",,,,1.0
2025-06,central,nsq,false,data/raw/cdsco_alerts/central/2025-06_central_nsq.pdf,4,36,36,Amoxycillin and Potassium Clavulanate Injection IP,,ACP-738A,ACP738A,,false,2023-09,2025-08,09/2023,08/2025,"M/s. Pushkar Pharma, Kheri, Kala-Amb-173030 (H.P.)",pushkar pharma,Assay of Potassium Clavulanate equivalent to Clavulanic Acid,"CDL, Kolkata",,,,1.0
2025-06,central,nsq,false,data/raw/cdsco_alerts/central/2025-06_central_nsq.pdf,4,37,37,"Methycobalamin, Calcitriol, Omega-3 Fatty Acids (EPA & DHA), Folic Acid, Boron, Calcium Carbonate Softgel Capsules (Biofil-Max Softgel Capsules )",Biofil-Max Softgel,HPDJ24170,HPDJ24170,,false,2024-10,2026-09,10/2024,09/2026,"M/s. Healthwise Pharma, VPO Bhud, Teh.Baddi, Distt-Solan (H.P.)-173205",healthwise pharma,"Assay of Docosahexaenoic Acid,Eicosapentaen oic acid","CDL, Kolkata",,,,1.0
2025-06,central,nsq,false,data/raw/cdsco_alerts/central/2025-06_central_nsq.pdf,4,38,38,Paracetamol Intravenous Infusion (1.0% w/v ),,E25B026,E25B026,,false,2025-02,2028-01,02/2025,01/2028,"M/s. D.J. Laboratories Pvt. Ltd., 255, Sector-1, Industrial Area, Pithampur-454775",d j laboratories pvt ltd,Particulate Contamination,"CDL, Kolkata",,,,1.0
2025-06,central,nsq,false,data/raw/cdsco_alerts/central/2025-06_central_nsq.pdf,4,39,39,Telmisartan Tablets IP 40 mg,,TLL-504,TLL504,,false,2025-01,2026-12,01/2025,12/2026,"M/s.Healers Lab Unit II, Plot No. 33, H.P.S.I.D.C., Extn.,Baddi, Distt-Solan (H.P)",healers lab unit ii,Dissolution of Telmisartan,"RDTL, Guwahati",,,,1.0
2025-06,central,nsq,false,data/raw/cdsco_alerts/central/2025-06_central_nsq.pdf,4,40,40,Telmisartan Tablets IP 40 mg,,TLL-503,TLL503,,false,2025-01,2026-12,01/2025,12/2026,"M/s.Healers Lab Unit II, Plot No. 33, H.P.S.I.D.C., Extn.,Baddi, Distt-Solan (H.P)",healers lab unit ii,Dissolution of Telmisartan,"RDTL, Guwahati",,,,1.0
2025-06,central,nsq,false,data/raw/cdsco_alerts/central/2025-06_central_nsq.pdf,4,41,41,Telmisartan Tablets IP (Telzasig 20),Telzasig 20,TEZC25001,TEZC25001,,false,2025-04,2027-03,04/2025,03/2027,"M/s.Signova Healthcare Pvt. Ltd (Unit-II), EPIP Silasundari, Ghopa, Amingaon, North Guwahati, Assam-781031",signova healthcare pvt ltd,Dissolution of Telmisartan,"RDTL, Guwahati",,,,1.0
2025-06,central,nsq,false,data/raw/cdsco_alerts/central/2025-06_central_nsq.pdf,5,42,42,Infusion Set-NV,,KT-071,KT071,,false,2024-11,2027-10,11/2024,10/2027,"M/s. Medivision Healthcare, 84/4 Span Industrial complex. Second Floor, Phase-1, F Road, Opp. Kotak Mahindra Bank, G.I. D.C. Vatva, Ahmedabad- 382445",medivision healthcare,Sterillity,"RDTL, Guwahati",,,,1.0
2025-06,central,nsq,false,data/raw/cdsco_alerts/central/2025-06_central_nsq.pdf,5,43,43,Calcium & Vitamin D3 Tablets IP (Calciven-500),Calciven-500,T-240267,T240267,,false,2024-06,2026-05,06/2024,05/2026,"M/s. Sunlife Sciences,, 130, Kurdi, Jhabrera Road, Manglour, Roorkee, Distt. Haridwar (U.K.)",sunlife sciences,Assay of Vitamin D3,"RDTL, Guwahati",,,,1.0
2025-06,central,nsq,false,data/raw/cdsco_alerts/central/2025-06_central_nsq.pdf,5,44,44,Pantoprazole Tablets IP 20 mg (Opipan- 20),Opipan- 20,23G-T1503,23GT1503,,false,2023-10,2025-09,10/2023,09/2025,"M/s. Orison Pharma International, Vill. Khari, Mauza Ogli, Kala Amb, Distt. Sirmour - 173030 (H.P.)",orison pharma international,Dissolution in Acid Stage & Description,"RDTL, Guwahati",,,,1.0
2025-06,central,nsq,false,data/raw/cdsco_alerts/central/2025-06_central_nsq.pdf,5,45,45,Azithromycin Tablets IP 500 mg.,,AYC-2407,AYC2407,,false,2024-01,2025-12,01/2024,12/2025,"M/s.Apple Formulations Pvt. Ltd., Plot No.208, Kishanpur, Roorkee- 247667(U.K.)",apple formulations pvt ltd,Dissolution of Azithromycin,"RDTL, Guwahati",,,,1.0
2025-06,central,nsq,false,data/raw/cdsco_alerts/central/2025-06_central_nsq.pdf,5,46,46,Colestyramine BP,,SB43/001M/24,SB43001M24,,true,2024-07,2029-07,07/2024,07/2029,"M/s. Phaex Polymers Private Limited Plot No. : F-10, MIDC, Murbad, Dist- Thane-421401, Maharastra.",phaex polymers private limited plot no f 10,Loss on drying,CDTL-Mumbai,,,,1.0
2025-06,central,nsq,false,data/raw/cdsco_alerts/central/2025-06_central_nsq.pdf,5,47,47,Cholestyramine Resin USP,,SB45/001M/24,SB45001M24,,true,2024-07,2029-07,07/2024,07/2029,"M/s. Phaex Polymers Private Limited Plot No. : F-10, MIDC, Murbad, Dist- Thane-421401, Maharastra.",phaex polymers private limited plot no f 10,Loss on drying,CDTL-Mumbai,,,,1.0
2025-06,central,nsq,false,data/raw/cdsco_alerts/central/2025-06_central_nsq.pdf,5,48,48,Colestyramine EP,,SB48/001M/24,SB48001M24,,true,2024-07,2029-07,07/2024,07/2029,"M/s. Phaex Polymers Private Limited Plot No. : F-10, MIDC, Murbad, Dist- Thane-421401, Maharastra.",phaex polymers private limited plot no f 10,Loss on drying,CDTL-Mumbai,,,,1.0
2025-06,central,nsq,false,data/raw/cdsco_alerts/central/2025-06_central_nsq.pdf,5,49,49,"0.45 % w/v Sodium Chloride and 5 % w/v Dextrose Injection I.P. (0.45 % DNS), 500 ml",,S3BX05,S3BX05,,false,2024-11,2026-10,11/2024,10/2026,"M/s.Swaroop Pharmaceuticals Pvt. Ltd., A-10, Tala Nagari Industiral Area, Aligarh 202001.",swaroop pharmaceuticals pvt ltd,Test for Sterility,CDTL-Mumbai,,,,1.0
2025-06,central,nsq,false,data/raw/cdsco_alerts/central/2025-06_central_nsq.pdf,5,50,50,Sodium Polystyrene Sulfonate EP,,SC42/048M/24,SC42048M24,,true,2024-07,2029-07,07/2024,07/2029,"M/s. Phaex Polymers Private Limited Plot No. : F-10, MIDC, Murbad, Dist- Thane-421401, Maharastra.",phaex polymers private limited plot no f 10,Loss on drying,CDTL-Mumbai,,,,1.0
2025-06,central,nsq,false,data/raw/cdsco_alerts/central/2025-06_central_nsq.pdf,5,51,51,Sodium Polystyrene Sulfonate USP,,SC25/048M/24,SC25048M24,,true,2024-07,2029-07,07/2024,07/2029,"M/s. Phaex Polymers Private Limited Plot No. : F-10, MIDC, Murbad, Dist- Thane-421401, Maharastra.",phaex polymers private limited plot no f 10,Water determination,CDTL-Mumbai,,,,1.0
2025-06,central,nsq,false,data/raw/cdsco_alerts/central/2025-06_central_nsq.pdf,5,52,52,Sodium Polystyrene Sulfonate BP,,SC27/048M/24,SC27048M24,,true,2024-07,2029-07,07/2024,07/2029,"M/s. Phaex Polymers Private Limited Plot No. : F-10, MIDC, Murbad, Dist- Thane-421401, Maharastra.",phaex polymers private limited plot no f 10,Loss on drying,CDTL-Mumbai,,,,1.0
2025-06,central,nsq,false,data/raw/cdsco_alerts/central/2025-06_central_nsq.pdf,6,53,53,Nitrofurantoin Tablets I.P 100 mg,,NFDT1201,NFDT1201,,false,2024-10,2026-09,10/2024,09/2026,"M/s. Unicure India Ltd., C - 21, 22 & 23, Sector- 3, Noida - 201301, Distt. : Gautam Budh Nagar (U.P.)",unicure india ltd,Dissolution,CDTL Indore,,,,1.0
2025-06,central,nsq,false,data/raw/cdsco_alerts/central/2025-06_central_nsq.pdf,6,54,54,Glipizide & Metformin Tablets I.P,,Z24-011,Z24011,,false,2024-01,2026-12,01/2024,12/2026,"M/s. Zee Laboratories Ltd., Behind 47, Industrial Area, Paonta sahib - 173025",zee laboratories ltd,Description,CDTL Indore,,,,1.0
2025-06,central,nsq,false,data/raw/cdsco_alerts/central/2025-06_central_nsq.pdf,6,55,55,Cefpodoxime Dispersible Tablets 200 mg (Xpocef 200 DT),Xpocef 200 DT,XCT24078C,XCT24078C,,false,2024-11,2026-10,11/2024,10/2026,"M/s.Xperia Creation, Survey No. 915/2, Block Part-A, Jetalpur Pirana Road, At & Post.-Girmatha Village, Tal.- Daskori, Dist-Ahmedabad-382425, Gujarat.",xperia creation,Uniformity of Dispersion,"CDTL, Hyderabad",,,,1.0
2024-05,state,nsq,false,data/raw/cdsco_alerts/state/2024-05_state_nsq.pdf,1,1,1,"Cyra Tablets, Rabeprazole Sodium Tablets IP",,CA21868,CA21868,,false,,,07/2023.,06/2025.,"Mfg By: Mepro Pharmaceuticals Pvt.Ltd, Unit-II, Q Road, Phase - I V , G . I . D . C . W a d h w a n - 363035, Dist. Surendranagar, Gujrat.",mfg by mepro pharmaceuticals pvt ltd,"NOT OF STANDARD QUALITY The tablets does not c o m p l i e s i n b u f f e r s t a g e f o r the dissolution test parameter, hence it is NOT OF STANDARD QUALITY.","State Lab Drugs C o n t r o l Laboratory, T e l a n g a n a .",,,,0.7
2024-05,state,nsq,false,data/raw/cdsco_alerts/state/2024-05_state_nsq.pdf,1,2,2,"Rabedin tablet Tablets, Rabeprazole Sodium Gastro-Resistant Tabelts IP,",,LV23HT-034B,LV23HT034B,,true,,,08/2023.,01/2025.,"Mfg By: LV life Sciences VPO Gurumajra, BaddiDistt. Solan(H.P)- 174101. Himachal Pradesh. Mrkt: Odin Healthcare Pvt.Ltd, Plot No. 1, Industrial Area, ChambaghatSolan, H.P. - 173 213.",mfg by lv life sciences vpo gurumajra,"NOT OF STANDARD QUALITY The sample does not meet the acid stage acceptance c r i t e r i a a s p e r I P specifications, hence it is declared as NOT OF STANDARD QUALITY.","State Lab Drugs C o n t r o l Laboratory, Telangana.",,,,0.7
2024-05,state,nsq,false,data/raw/cdsco_alerts/state/2024-05_state_nsq.pdf,1,3,3,"Moxtas Distab 250 Tablets, Amoxycillin trihydrate dispersible tablets IP.",,MALT-2019,MALT2019,,true,,,10/2023.,09/2025.,"Mfg By: Wings Novitas Healthcare LLP 43 & 44, HPSIDC, Industrial area, Baddi - 173 205. (H.P). Himachal Pradesh.",mfg by wings novitas healthcare llp 43 44,NOT OF STANDARD QUALITY Tablets are with uneven surface and are crumbling while taking out of the strip. Hence failed with respect to the test Description of Tablets.,"State Lab Drugs C o n t r o l Laboratory, Telangana.",,,,0.7
2024-05,state,nsq,false,data/raw/cdsco_alerts/state/2024-05_state_nsq.pdf,1,4,4,"Tolcenta-P Tablets, Tolperisone Hydrochloride and Paracetamol tablets,",,ZT22806,ZT22806,,false,,,12/2022.,11/2024.,"Mfg By: Zenomed Health Care Pvt.Ltd. (ISO & GMP) Certificed NO. 70-73, First Cross, Rainbow Nagar, Vazthuthavuran Pattai, Navamlkapper, Villupuram (Dt), Tamil Nadu - 605102 Tamil nadu. Mrkt: Elinova Pharma Pvt.Ltd, D.No. 5-74/301, Panchavati Colony, Hyderabad, Telangana.",mfg by zenomed health care pvt ltd certificed no 70 73,"NOT OF STANDARD QUALITY 1. While Opening the strip, the tablets are sticky in nature and adhering to the foil, hence the sample does not complies with respect to description. 2 . T h e a s s a y c o n t e n t o f Tolperisone Hydrochloride is not within the prescribed limit, hence the sample does not complies as per manufacturing method of analysis.","State Lab Drugs C o n t r o l Laboratory, Telangana.",,,,0.7
2024-05,state,nsq,true,data/raw/cdsco_alerts/state/2024-05_state_nsq.pdf,2,5,5,Nagris Pakeezah Art Henna (3 Henna Cones),,-,,,false,,,Nil,Nil,"Mfg By: Nagris Herbs, LN Nagar, Jiyaguda, Hyderabad.",mfg by nagris herbs,"NOT OF STANDARD QUALITY A. The sample does not conform to the test for determination of absence of Picramic Acid as per BIS standard IS 17318:2020 as required as per rule 39 (Standard of Cosmetics) 2020. B. As the cautions do not use for coluring eyelashes or eyebrows. Do not use on cut, Irritated or abranded skin as per Bis Standard IS 17318: 2020 is not mentioned on the label of the cosmetic sample. Hence, the sample not labeled in the prescribed manner and deemed to be Misbranded Cosmetics as per Section 17Cof Drugs and Cosmetics ACT, 1940.","State Lab Drugs C o n t r o l Laboratory, Telangana.",,,,0.2
2024-05,state,nsq,false,data/raw/cdsco_alerts/state/2024-05_state_nsq.pdf,3,6,6,"Oxifer-XT Tablets, Ferrous ascorbate elemental iron, Folic acid & Zinc sulphate Tablets,",,EOX2306,EOX2306,,true,,,12/2023.,05/2025.,"Mfg By: Eminent Remedies Plot No. 9/1/A, Road, NO.14 Near Telangana Foods IDA, Nacharam, Hyderabad - 500076 (TS), Telangana. Mrkt: Organic Pharma, H.No. 7-67/G3, Hyderabad.",mfg by eminent remedies plot no 9 1 a,NOT OF STANDARD QUALITY Sample does not meets the Specifications wrt Assay of elemental Iron (Ferrous A s c o r b a t e ) .,"State Lab Drugs C o n t r o l Laboratory, Telangana.",,,,0.7
2024-05,state,nsq,false,data/raw/cdsco_alerts/state/2024-05_state_nsq.pdf,3,7,7,"Levolets- M Kid Syrups, Montelukast Sodium & Levocetrizine Dihydrochloride syrup",,RC24BL-521,RC24BL521,,true,,,02/2024.,01/2026.,"Mfg By: Rikencare Life sciences villmessaTibba, Pharmaceuticals O Manjholi, Tehsil-Nalagarh, DistSolan, HP-174101 Himachal Pradesh. Mrkt: Manvi Life Sciences, 1-1-289, Ashoknagar, Hyderabad - 500020.",mfg by rikencare life sciences villmessatibba,NOT OF STANDARD QUALITY Sample does not comply Description of syrup and Assay of Montelukast.,"State Lab Drugs C o n t r o l Laboratory, Telangana.",,,,0.7
2024-05,state,nsq,false,data/raw/cdsco_alerts/state/2024-05_state_nsq.pdf,3,8,8,"Meazon Plus injection Parentaral Preparations, Mecobalamine, Folic acid & Niacianamideinj 1 ml,",,23MP07,23MP07,,false,,,10/2023.,09/2025.,"Mfg By: Sai parentrals limited D1&D4, Survey No. 280, Phase-V Hyderabad - 500 055 Telangana.",mfg by sai parentrals limited d1 d4,NOT OF STANDARD QUALITY Sample does not comply Assay of Folic Acid.,"State Lab Drugs C o n t r o l Laboratory, Telangana.",,,,0.7
2024-05,state,nsq,true,data/raw/cdsco_alerts/state/2024-05_state_nsq.pdf,3,9,9,"XERONAC-SP Tablets, Aceclofenac, Paracetamol & Serratiopeptidas e Tablets",,RP-T243/C,RPT243C,,true,,,12/2023.,11/2025.,"Mfg By: Roma Pharma Pvt.Ltd, Unit-II, Village Nagali, P.O. Barog, Tehsil &Distt. Solan, (H.P) - 173 211, Himachal Pradesh. Mrkt: Fornax Pharmaceuticals, No. 6-Anew no. 17, 2nd Floor, VOC Colony, 3rd Street, Amijikrai, Chennai - 600029. TN.",mfg by roma pharma pvt ltd,"MISBRANDED The label of the drug does not indicate the comon name of the colur used as requied as per Rule 127(2) o f D r u g s R ules, 1945. Label only bears the words Approved colured used. Hence the drug is not labelled in the prescribed manner and is deemed to be Misbranded drug as per section 17(c) of the Drugs and Cosmetics Act 1940.","S t a t e L a b D r u g s Control Laboratory, Telangana.",,,,0.7
2024-05,state,nsq,true,data/raw/cdsco_alerts/state/2024-05_state_nsq.pdf,4,10,10,". Pedxim-200 Tablets, Cefpodoximepro xetil Tablets 200 mg,",,TBL-2676,TBL2676,,true,,,04/2023.,03/2025.,"Mfg By: Ticomapharmaciae-17 Focal Pont, Derabassi-140507, Distt. Mohali (Punjab) Punjab.",mfg by ticomapharmaciae 17 focal pont,MISBRANDED The product name (title) indicated on the label is as CefpodoximeProxetil Tablets 200 mg instead of CefpodoximeProxetil Dispersible Tablets 200 mg. The label of the product does not state that the tablets should be dispersed in water immediately before use. Hence the product is not labeled in the prescribed manner and is deemed to be Misbranded drug as per section 17(c) of Drugs and Cosmetics Act.,"S t a t e L a b D r u g s Control Laboratory, Telangana.",,,,0.7
2024-05,state,nsq,true,data/raw/cdsco_alerts/state/2024-05_state_nsq.pdf,4,11,11,". DofloxOZT Tablets, Ofloxacin&Ornid azole Tablets",,DDX2301,DDX2301,,true,,,06/2023.,05/2026.,"MfgBy: Doctor's Vet-Pharma Pvt.Ltd, P.R. Palem (V), Kovur(M), SPSR Nellore Dist. Andhra Pradesh. Mrkt: Doctor's Life Sciences (India) Ltd, Survey NO. 263/1, 264/1, P.R. Palem (V), Kovur (M), SPSR Nellore Dist - 524 137, A.P. India.",mfgby doctor s vet pharma pvt ltd,MISBRANDED The drug product Ofloxacin and Ornidazole Tablets is official in Indian P h a r m a c o p o e i a . B u t t h e letters IP is not mentioned on the strip after the product name Ofloxacin and Ornidazole Tablets. Hence it is Misbranded Drugs under Section 17(c) of drugs and cosmetics act.,"S t a t e L a b D r u g s Control Laboratory, Telangana.",,,,0.7
2024-05,state,nsq,true,data/raw/cdsco_alerts/state/2024-05_state_nsq.pdf,5,12,12,". Disinfectants, Surgical Spirit BP",,SS-053011,SS053011,,true,,,05/2023.,04/2025.,"Mfg By: Transflexjawaharnagar, Raipur, (C.G)- 492001, Chhattisgarh.",mfg by transflexjawaharnagar,"MISBRANDED As per rule R.124 the drug is included in the current edition of Indian Pharmacopoiea 2022. Hence standards shall be of those as specified in Indian Pharmacopoiea 2022. But the subject drug Surgical spirit bears the letters B.P after the drug name instead of IP. As per rule 96 and 104 as the drug shall be in accordance with standards set out in Indian Pharmaopoiea, the name of the drug surgical spirit shall be followed by the letters IP. As the subject drug is not confirming to the said labelling requirements the drug shall be deemed to be Misbranded as per section 17.","S t a t e L a b D r u g s Control Laboratory, Telangana.",,,,0.7
2024-05,state,nsq,true,data/raw/cdsco_alerts/state/2024-05_state_nsq.pdf,5,13,13,". Sif Alben Suspension, Albendazole Oral Suspension 2.5% w/v (Vet)",Vet,AL800123,AL800123,,true,,,05/2023.,04/2025.,"Mfg By: Siflon Drugs & Pharmaceuticals Pvt.Ltd., Plot no. 20&21, Aleap IE, Gajularamaram (V), Hyderabad - 55 Telanga.",mfg by siflon drugs pharmaceuticals pvt ltd,"MISBRANDED The given sample Albendazole oral suspension is official included in the IP and r e q u i r e d as per schedule of the Drugs and Cosmetics Act 1940. The given sample shall comply with the standards set out in IP but, the designation IP is conjunction with the official tittle Albendazoleoral suspension on label of the drug product was not mentioned as indication that the drug product purports to comply with IP standards. Hence the Drug product shall be deemed to be Misbranded drug as per section 17 of Drugs and Cosmetics Act.","S t a t e L a b D r u g s Control Laboratory, Telangana.",,,,0.7
2024-06,state,nsq,false,data/raw/cdsco_alerts/state/2024-06_state_nsq.pdf,1,1,1,Liquid Paraffin IP,,EP4032,EP4032,,false,2024-01,2026-12,01/24,12/26,"Repacked by :- Kerala State Drugs & Pharmaceuticals Ltd, Kalavoor.P.O, Alappuzha",repacked by kerala state drugs pharmaceuticals ltd,It fails the test light absorption as per IP,Drugs Testing Laboratory Thiruvananthapura m,,,,1.0
2024-06,state,nsq,false,data/raw/cdsco_alerts/state/2024-06_state_nsq.pdf,1,2,2,Losartan Potassium Tablets IP 50 mg,,HLOA06,HLOA06,,false,2023-11,2025-10,11/23,10/25,"Hindustan Antibiotics Ltd, at II, W.E.A, Faridabad- 121 001(Haryana) R.O, Pimpri, Pune -411 018",hindustan antibiotics ltd,It fails the test ‘Dissolution’ as per IP,Drugs Testing Laboratory Thiruvananthapura m,,,,1.0
2024-06,state,nsq,false,data/raw/cdsco_alerts/state/2024-06_state_nsq.pdf,1,3,3,Amloheart-AT [Amlodipine Besylate and Atenolol Tablets],,LE223030,LE223030,,false,2023-03,2025-02,03/23,02/25,"Lividus Pharmaceuticals pvt.Ltd, ikeva, Level2, Agnito Tech park,141 Kandachavadi, Near, Perungudi, OMR, Chennai-600096",lividus pharmaceuticals pvt ltd,It fails the test ‘Assay’ of Amlodipine Besylate,Drugs Testing Laboratory Thiruvananthapura m,,,,1.0
2024-06,state,nsq,false,data/raw/cdsco_alerts/state/2024-06_state_nsq.pdf,1,4,4,Bacotil-200 [Cefpodoxime Proxetil Tablets USP ],,ZTB-148,ZTB148,,false,2024-03,2026-02,03/24,02/26,"Zenith Healthcare Ltd works: 388/34, Changodarlnd. Estate, Sarkhej Bavla Highway, Changodar- 382213 (Gujarat)",zenith healthcare ltd works 388 34,It fails the test ‘Dissolution’ as per USP,Drugs Testing Laboratory Thiruvananthapura m,,,,1.0
2024-06,state,nsq,false,data/raw/cdsco_alerts/state/2024-06_state_nsq.pdf,1,5,5,Oseltamivir Cap IP 75 mg,,D 0444/24-25,D04442425,,true,,,,,"Supplied by Kerala Medical Services Corporation Ltd, Thycaud P.O, Thiruvananthapuram-14",supplied by kerala medical services corporation ltd,The sample does not conform to IP standard with respect to the ‘Descriptive part’ of hard gelatin capsules,Drugs Testing Laboratory Thiruvananthapura m,,,,1.0
2024-06,state,nsq,false,data/raw/cdsco_alerts/state/2024-06_state_nsq.pdf,2,6,6,Haridrakhandam,,207/23,20723,,false,2024-03,2026-02,03/24,02/26,"Bhaskaravilasam Vaidyasala, Panayamuttom, Nedumangadu Thiruvananthapuram 695 561",bhaskaravilasam vaidyasala,It fails the test ‘pH’ as per API,Drugs Testing Laboratory Thiruvananthapura m,,,,1.0
2024-06,state,nsq,false,data/raw/cdsco_alerts/state/2024-06_state_nsq.pdf,2,7,7,Yogarajaguggulu,,209/21,20921,,false,2022-03,,03/22,3 yrs from the date of mfg,"Bhaskaravilasam Vaidyasala, Panayamuttom, Nedumangadu, Thiruvananthapuram 695 561",bhaskaravilasam vaidyasala,It fails the test ‘Alcohol soluble Extractive and pH’ as per API,Drugs Testing Laboratory Thiruvananthapura m,,,,0.7
2024-06,state,nsq,false,data/raw/cdsco_alerts/state/2024-06_state_nsq.pdf,2,8,8,CANDITRAL 100 (ITRACONAZOLE CAPSULE B.P. 100 MG),,5230123,5230123,,false,2023-01,2025-06,Jan-23,Jun-25,GLENMARK PHARMACEUTICALS LTD.,glenmark pharmaceuticals ltd,THE SAMPLE DOES NOT COMPLY WITH B P REQUIREMENTS FOR DISSOLUTION TEST,Maharashtra,,,,1.0
2024-06,state,nsq,true,data/raw/cdsco_alerts/state/2024-06_state_nsq.pdf,2,9,9,Lytraco 200 Itraconazole Capsules 200 mg,,SLP-22445,SLP22445,,false,2023-02,2025-01,Feb-23,Jan-25,STERLIFE PHARMA PVT. LTD.,sterlife pharma pvt ltd,THE SAMPLE DOES NOT COMPLY WITH B P REQUIREMENTS FOR DISSOLUTION TEST THE SAMPLE IS OFFICIAL IN B P 2021 THEREFORE THE SAMPLE IS MISBRANDED VIDE SECTION 17(b) AND RULE 96 OF THE DRUGS AND COSMETICS ACT 1940 AND RULES 1945.,Maharashtra,,,,1.0
2024-06,state,nsq,false,data/raw/cdsco_alerts/state/2024-06_state_nsq.pdf,3,10,10,MONTOR -LC TABLET (MONTELUKAST SODIUM & LEVOCETRIZINE DIHYDROCHLORI DE TABLET I.P.),,B18523001,B18523001,,false,2023-01,2024-12,Jan-23,Dec-24,TORQUE PHARMACEUTICALS PVT. LTD.,torque pharmaceuticals pvt ltd,THE SAMPLE DOES NOT COMPLY WITH I P REQUIREMENTS FOR DISSOLUTION TEST,Maharashtra,,,,1.0
2024-06,state,nsq,true,data/raw/cdsco_alerts/state/2024-06_state_nsq.pdf,3,11,11,MONTICET-L Tablets ( Montelukast & Levocetirizine Hydrochloride Tablets),Montelukast & Levocetirizine Hydrochloride,TP-7581,TP7581,,false,2022-09,2024-08,Sep-22,Aug-24,TICOMA PHARMACIA,ticoma pharmacia,THE SAMPLE DOES NOT COMPLY WITH IP REQUIREMENTS FOR DISSOLUTION TEST FOR MONTELUKAST. THE SAMPLE IS OFFICIAL IN 1 P 2018 THEREFORE THE SAMPLE IS MISBRANDED VIDE SECTION 17(b) AND RULE 96 OF THE DRUGS AND COSMETICS ACT 1940 AND RULES 1945.,Maharashtra,,,,1.0
2024-06,state,nsq,false,data/raw/cdsco_alerts/state/2024-06_state_nsq.pdf,3,12,12,Levocetrizine Dihydrochloride & Montelukast Sodium Tablets I.P. Zeemont,,T22H370C,T22H370C,,false,2022-08,2024-07,Aug-22,Jul-24,Bajaj Formulations,bajaj formulations,THE SAMPLE DOES NOT COMPLY WITH IP REQUIREMENTS FOR DISSOLUTION TEST FOR MONTELUKAST.,Maharashtra,,,,1.0
2024-06,state,nsq,false,data/raw/cdsco_alerts/state/2024-06_state_nsq.pdf,4,13,13,VolKast Kid Syrup 60 ml.,,ABS-2301022,ABS2301022,,true,2023-01,2024-12,Jan-23,Dec-24,Amentis Biotech Pvt. Ltd.,amentis biotech pvt ltd,CONTENT OF MONTELUKAST AND LEVOCETIRIZINE GYDROCHLORIDE IN THE SAMPLE IS LESS (i.e. MONTELUKAST IS 10.50% AND LEVOCETIRIZINE HYDROCHLORIDE IS 71.88% OF THE STATED AMOUNT) THAN THE PERMISSIBLE LIMITS.,Maharashtra,,,,1.0
2024-06,state,nsq,false,data/raw/cdsco_alerts/state/2024-06_state_nsq.pdf,4,14,14,Levetiracetam Tablets U.S.P.500 Mg (LEVEEG-500),LEVEEG-500,T23D050A,T23D050A,,false,2023-04,2025-03,Apr-23,Mar-25,BAJAJ FORMULATIONS,bajaj formulations,THE SAMPLE DOES NOT COMPLY WITH USP REQUIREMENTS FOR DISSOLUTION.,Maharashtra,,,,1.0
2024-06,state,nsq,false,data/raw/cdsco_alerts/state/2024-06_state_nsq.pdf,4,15,15,M2 Pan-DSR (Pantoprazole Gastro-resistant & Domperidone Prolonged-release Capsules IP),,CWHC-283,CWHC283,,false,2022-10,2024-09,Oct-22,Sep-24,COSWAY PHARMACEUTICALS,cosway pharmaceuticals,THE SAMPLE DOES NOT COMPLY WITH IP REQUIREMENTS FOR DISSOLUTION OF PANTOPRAZOLE AT ACID STAGE,Maharashtra,,,,1.0
2024-06,state,nsq,false,data/raw/cdsco_alerts/state/2024-06_state_nsq.pdf,4,16,16,Omeford - 40,,SNT-220421,SNT220421,,false,2022-09,2024-08,Sep-22,Aug-24,SVR HEALTHCARE (A GMP Certified Company),svr healthcare,THE CONTENT OF OMEPRAZOLE IN THE SAMPLE IS LESS (l.e. 40.84% OF LABELLED AMOUNT) THAN THE SCHEDULE V LIMITS,Maharashtra,,,,1.0
2024-06,state,nsq,false,data/raw/cdsco_alerts/state/2024-06_state_nsq.pdf,5,17,17,COZOL-D(Omeprazole with Domperidone Capsules),Omeprazole with Domperidone,AC1952,AC1952,,false,2023-07,2025-06,Jul-23,Jun-25,ALICON PHARMACEUTICAL PVT LTD,alicon pharmaceutical pvt ltd,THE SAMPLE DOES NOT COMPLY WITH IP REQUIREMENTS FOR OMEPRAZOLE AND DOMPERIDONE CAPSULES FOR THE DISSOLUTION TEST (OMEPRAZOLE). THE SAMPLE IS OFFICIAL IN IP.,Maharashtra,,,,1.0
2024-06,state,nsq,false,data/raw/cdsco_alerts/state/2024-06_state_nsq.pdf,5,18,18,DRPLAN-DSR (Pantoprazole Gasto-resistant & Domperidone Prolonged-release Capsules IP),,AC2209003A,AC2209003A,,false,2022-09,2024-08,Sep-22,Aug-24,ADDII BIOTECH PVT. LTD.,addii biotech pvt ltd,THE SAMPLE DOES NOT COMPLY WITH IP REQUIREMENTS FOR PANTOPRAZOLE AND DOMPERIDONE CAPSULES FOR THE DISSOLUTION TEST (PANTOPRAZOLE) .,Maharashtra,,,,1.0
2024-06,state,nsq,false,data/raw/cdsco_alerts/state/2024-06_state_nsq.pdf,5,19,19,SOFTOM-D Omeprazole and Domperidone Capsules IP,,UD2C-23252B,UD2C23252B,,true,2023-04,2025-03,Apr-23,Mar-25,ULTRA DRUGS PVT. LTD. (UNIT-II),ultra drugs pvt ltd,THE SAMPLE DOES NOT COMPLY WITH IP REQUIREMENTS FOR OMEPRAZOLE AND DOMPERIDONE CAPSULES FOR THE DISSOLUTION TEST (OMEPRAZOLE).,Maharashtra,,,,1.0
2024-06,state,nsq,false,data/raw/cdsco_alerts/state/2024-06_state_nsq.pdf,6,20,20,OMEPRAZOLE & DOMPERIDONE CAPSULES (REMIZOLE-D),REMIZOLE-D,SPC230578C,SPC230578C,,true,2023-03,2025-02,Mar-23,Feb-25,SALUS PHARMACEUTICALS,salus pharmaceuticals,THE SAMPLE DOES NOT COMPLY WITH IP REQUIREMENTS FOR OMEPRAZOLE AND DOMPERIDONE CAPSULES FOR THE DISSOLUTION TEST (OMEPRAZOLE).,Maharashtra,,,,1.0
2024-06,state,nsq,false,data/raw/cdsco_alerts/state/2024-06_state_nsq.pdf,6,21,21,PANTOPRAZOLE (EC) & DOMPERIDONE (SR) CAPSULES IP (PANTIAC-DSR),PANTIAC-DSR,PTRC-149,PTRC149,,false,2023-02,2025-01,Feb-23,Jan-25,IOSIS REMEDIES PVT. LTD.,iosis remedies pvt ltd,THE SAMPLE DOES NOT COMPLY WITH IP REQUIREMENTS FOR PANTOPRAZOLE AND DOMPERIDONE CAPSULES FOR THE DISSOLUTION TEST (PANTOPRAZOLE) .,Maharashtra,,,,1.0
2024-06,state,nsq,false,data/raw/cdsco_alerts/state/2024-06_state_nsq.pdf,6,22,22,"DYNACID SUSPENSION (aluminium, magnesium & simethicone oral suspension IP.)","aluminium, magnesium & simethicone oral suspension IP.",BULH23008,BULH23008,,false,2023-04,2025-03,Apr-23,Mar-25,Leeford Healthcare Ltd.,leeford healthcare ltd,1) THE SAMPLE DOES NOT COMPLY WITH I.P. REQUIREMENTS FOR TOTAL AEROBIC VIABLE COUNT IN TEST FOR MICROBIAL CONTAMINATION. 2) TOTAL AEROBIC VIABLE COUNT OF THE SAMPLE IS 20993128 CFU/GM. (1.P. LIMIT-TOTAL AEROBIC VIABLE COUNT OF THE SAMPLE - NOT MORE THAN 100 CFU/GM,Maharashtra,,,,1.0
2024-06,state,nsq,false,data/raw/cdsco_alerts/state/2024-06_state_nsq.pdf,7,23,23,ELTHROM-200 (Azithromycin oral suspension IP) 15ML,Azithromycin oral suspension IP,G-042/5045,G0425045,,false,2023-05,2025-04,May-23,Apr-25,ELFIN DRUGS PVT. LTD.,elfin drugs pvt ltd,CONTENT OF AZITHROMYCIN IN THE SAMPLE IS LESS (72.96% OF LABELLED AMOUNT) THAN THE IP LIMIT WITH RESPECT TO ABOVE PROTOCOL. (IP LIMIT-90.0%- 110.0%),Maharashtra,,,,1.0
2024-06,state,nsq,false,data/raw/cdsco_alerts/state/2024-06_state_nsq.pdf,7,24,24,Alpracan 0.5 Tablets (Alprazolam Tablets),Alprazolam,T2455,T2455,,false,2022-10,2025-09,Oct-22,Sep-25,Evolet Pharmaceutical Pvt. Ltd.,evolet pharmaceutical pvt ltd,THE SAMPLE DOES NOT COMPLY WITH IP REQUIREMENTS FOR ALPRAZOLAM TABLETS FOR THE DISSOLUTION TEST WITH RESPECT TO ABOVE PROTOCOL.,Maharashtra,,,,1.0
2024-06,state,nsq,false,data/raw/cdsco_alerts/state/2024-06_state_nsq.pdf,8,25,25,RABEPP TABLETS (Rabeprazole Sodium Tablets IP),Rabeprazole Sodium Tablets IP,ATG2K135,ATG2K135,,false,2022-11,2024-10,Nov-22,Oct-24,ANROSE PHARMA,anrose pharma,CONTENT OF RABEPRAZOLE SODIUM IM THE SAMPLE IS LESS (65.04% OF THE LABELLED AMOUNT) THAN THE IP LIMIT WITH RESPECT TO ABOVE PROTOCOL. (IP LIMIT 90.0% - 110.0%),Maharashtra,,,,1.0
2024-06,state,nsq,false,data/raw/cdsco_alerts/state/2024-06_state_nsq.pdf,8,26,26,INFI-650 TABLETS (PARACETAMOL TABLETS I.P. 650 mg),,AT-100008,AT100008,,false,2022-12,2025-11,Dec-22,Nov-25,ABARIS HEALTHCARE,abaris healthcare,THE SAMPLE DOES NOT COMPLY WITH IP REQUIREMENTS FOR DISSOLUTION TEST.,Maharashtra,,,,1.0
2024-06,state,nsq,false,data/raw/cdsco_alerts/state/2024-06_state_nsq.pdf,8,27,27,CUCID-DM,,CDMC501,CDMC501,,false,2023-05,2025-04,May-23,Apr-25,TULBROS FORMULATIONS,tulbros formulations,THE SAMPLE DOES NOT COMPLY WITH IP REQUIREMENTS FOR DISSOLUTION TEST FOR OMEPRAZOLE IN ACID STAGE.,Maharashtra,,,,1.0
2024-06,state,nsq,false,data/raw/cdsco_alerts/state/2024-06_state_nsq.pdf,8,28,28,Virpan-40,,T-2306031A,T2306031A,,false,2023-06,2025-05,Jun-23,May-25,WHITE ENGLE LABORATORIES,white engle laboratories,THE SAMPLE DOES NOT COMPLY WITH IP REQUIREMENTS FOR DISSOLUTION IN BUFFER STAGE.,Maharashtra,,,,1.0
2024-06,state,nsq,false,data/raw/cdsco_alerts/state/2024-06_state_nsq.pdf,8,29,29,Pantakos-40 (Pantoprazole Gastro-resistant Tablets IP ),Pantoprazole Gastro-resistant Tablets IP,CCT231092B,CCT231092B,,true,2023-09,2025-08,Sep-23,Aug-25,Cent Cure Pvt Ltd.,cent cure pvt ltd,THE SAMPLE DOES NOT COMPLY WITH IP REQUIREMENTS FOR DISSOLUTION IN BUFFER STAGE.,Maharashtra,,,,1.0
2024-06,state,nsq,false,data/raw/cdsco_alerts/state/2024-06_state_nsq.pdf,9,30,30,Rosumep ASP 10/75mg Capsules,,PBWGM04,PBWGM04,,false,2023-09,2025-08,Sep-23,Aug-25,Pure & Care Healthcare Pvt. Ltd.,pure care healthcare pvt ltd,THE SAMPLE DOES NOT COMPLY WITH IP FOR THE TEST “RELATED SUBSTANCES – ROSUVASTATIN”.,Maharashtra,,,,1.0
2024-07,state,nsq,false,data/raw/cdsco_alerts/state/2024-07_state_nsq.pdf,1,1,1,Cephalexin Oral Suspension IP 125/500,,CHDA-01,CHDA01,,false,2023-04,2024-09,04/23,09/24,"Nestor Pharmaceuticals Ltd, 11, Western Extension Area, Faridabad",nestor pharmaceuticals ltd,It fails the test ‘Assay’ and Descriptive part as per IP,Drugs Testing Laboratory Thiruvananthapuram,,,,1.0
2024-07,state,nsq,false,data/raw/cdsco_alerts/state/2024-07_state_nsq.pdf,1,2,2,Salbutamol Nebuliser Solution BP 5 mg/ml,,CHS-3085,CHS3085,,false,2023-06,2025-05,06/23,05/25,"Cotec Healthcare Pvt.Ltd, N.H.No. 74, Roorkee , Dehradun , High way, Kishanpur, Roorkee Uttarakhand",cotec healthcare pvt ltd,It fails the test ‘pH’ as per BP,Drugs Testing Laboratory Thiruvananthapuram,,,,1.0
2024-07,state,nsq,false,data/raw/cdsco_alerts/state/2024-07_state_nsq.pdf,1,3,3,Sodium Valporate Gastro Resistant Tablets IP 200 mg,,SVT1140,SVT1140,,false,2023-09,2026-08,09/23,08/26,"Unicure India Ltd., C-21,22 &23, Sector-3, Noida-201301, Distt. Gautam Budh Nagar (UP)",unicure india ltd,It fails the test ‘Dissolution’ as per IP,Drugs Testing Laboratory Thiruvananthapuram,,,,1.0
2024-07,state,nsq,false,data/raw/cdsco_alerts/state/2024-07_state_nsq.pdf,1,4,4,Cilader -10,,AGT30720,AGT30720,,false,2023-07,2025-06,07/23,06/25,"Alventa Pharma Ltd, Vill, Kishanpura, Baddi-Nalagarh Road, tehsil, baddi, Dist, Solan (HP)",alventa pharma ltd,It fails the test ‘Dissolution’ as per IP,Drugs Testing Laboratory Thiruvananthapuram,,,,1.0
2024-07,state,nsq,false,data/raw/cdsco_alerts/state/2024-07_state_nsq.pdf,1,5,5,Bioglip 1 Tablets,,BEL23021,BEL23021,,false,2023-09,2025-08,09/23,08/25,"IBN Herbals, Khasra No. 63, Vill, Juddi Kalan, Baddi-173205, Distt. Solan (HP)",ibn herbals,It fails the test ‘Dissolution’ as per IP,Drugs Testing Laboratory Thiruvananthapuram,,,,1.0
2024-07,state,nsq,false,data/raw/cdsco_alerts/state/2024-07_state_nsq.pdf,1,6,6,Ciprofloxacin Hydrochloride Tablets IP 500 mg,,CPXT-1016,CPXT1016,,false,2023-10,2026-09,10/23,09/26,"Wings Biotech LLP, 43&44, HPSIDC, Ind.Area, Baddi-173205 HP",wings biotech llp,It fails the test ‘Dissolution’ as per IP,Drugs Testing Laboratory Thiruvananthapuram,,,,1.0
2024-07,state,nsq,false,data/raw/cdsco_alerts/state/2024-07_state_nsq.pdf,2,7,7,New improved Gentle Daily care Natural protein Shampoo,,B202400052,B202400052,,true,2024-01,2026-12,01/24,12/26,"Himalaya Wellness Company, No-182, Village Guru Majra, Tehsil, Baddi-174101 Dist Solan (HP)",himalaya wellness company,It fails the test for “heavy metals as lead (Pb)” as per IS 7884:2023,Drugs Testing Laboratory Thiruvananthapuram,,,,1.0
2024-07,state,nsq,false,data/raw/cdsco_alerts/state/2024-07_state_nsq.pdf,2,8,8,Irinotecan Inj.IP 100 mg vial,,D0368/23-24,D03682324,,true,,,,,"Supplied by Kerala Medical Services Corporation Ltd, Thycaud P.O, Thiruvananthapuram -14",supplied by kerala medical services corporation ltd,It fails the tests particulate matter and assay as per IP,Drugs Testing Laboratory Thiruvananthapuram,,,,1.0
2024-07,state,nsq,false,data/raw/cdsco_alerts/state/2024-07_state_nsq.pdf,2,9,9,Vitamin B Complex tablet N.F.I.1,,S0004/24-25,S00042425,,true,,,,,"Supplied by Kerala Medical Services Corporation Ltd, Thycaud P.O, Thiruvananthapuram - 14",supplied by kerala medical services corporation ltd,The sample does not conform to IP standard with respect to the ‘Descriptive part’ for tablets,Drugs Testing Laboratory Thiruvananthapuram,,,,1.0
2024-07,state,nsq,false,data/raw/cdsco_alerts/state/2024-07_state_nsq.pdf,2,10,10,Vitamin B Complex tablet N.F.I.1,,S0003/24-25,S00032425,,true,,,,,"Supplied by Kerala Medical Services Corporation Ltd, Thycaud P.O, Thiruvananthapuram - 14",supplied by kerala medical services corporation ltd,The sample does not conform to IP standard with respect to the ‘Descriptive part’ for tablets,Drugs Testing Laboratory Thiruvananthapuram,,,,1.0
2024-07,state,nsq,false,data/raw/cdsco_alerts/state/2024-07_state_nsq.pdf,2,11,11,Chlorpromazine Tab IP 50 mg,,D 0644/24-25,D06442425,,true,,,,,"Supplied by Kerala Medical Services Corporation Ltd, Thycaud P.O, Thiruvananthapuram - 14",supplied by kerala medical services corporation ltd,The sample does not conform to IP standards. It fails the ‘Descriptive part’,Drugs Testing Laboratory Thiruvananthapuram,,,,1.0
2024-07,state,nsq,false,data/raw/cdsco_alerts/state/2024-07_state_nsq.pdf,3,12,12,Fluorometholone Eye drops IP,,CHE 3044,CHE3044,,false,2023-05,2025-04,05/23,04/25,"Cotec Healthcare Pvt.Ltd, K.H.No. 593/1 Roorkee , Dehradun , High way, Kishanpur, Roorkee- 247667 Uttarakhand",cotec healthcare pvt ltd,It fails the test ‘Assay’ as per IP,Drugs Testing Laboratory Thiruvananthapuram,,,,1.0
2024-07,state,nsq,false,data/raw/cdsco_alerts/state/2024-07_state_nsq.pdf,3,13,13,Iron & Folic Acid Syrup IP (JKMSCL Hospital Supply),JKMSCL Hospital Supply,SY-1641,SY1641,,false,2023-08,2025-07,01-08-2023,01-07-2025,"Jackson Laboratories Pvt. Ltd 22-24, Majitha Road Bye Pass Amritsar 143001 , India",jackson laboratories pvt ltd 22 24,The sample fails in the test for pH w.r.t the sample portion received.,CFDL Jammu (J&K),,,,1.0
2024-08,state,nsq,false,data/raw/cdsco_alerts/state/2024-08_state_nsq.pdf,1,1,1,Paziva -40,,GT300234,GT300234,,false,2023-05,2025-04,05/23,04-25,"M/s.Gnosis Pharmaceuticals Pvt.Ltd, Nahan Road , Village Moginand , Kala-Amb Dist. Sirmour, HP-173 030",gnosis pharmaceuticals pvt ltd,It fails the test ‘Dissolution’ as per IP,Drugs Testing Laboratory Thiruvananthapura m,,,,1.0
2024-08,state,nsq,false,data/raw/cdsco_alerts/state/2024-08_state_nsq.pdf,1,2,2,Pantomed -40,,GTEO230C,GTEO230C,,true,2024-01,2025-12,01/24,12-25,"Digital Vision 176, Mauza ogli, Nahan Road, Kala -Amb, Dist Sirmour - 173 030",digital vision 176,It fails the test ‘Dissolution’ as per IP,Drugs Testing Laboratory Thiruvananthapura m,,,,1.0
2024-08,state,nsq,false,data/raw/cdsco_alerts/state/2024-08_state_nsq.pdf,1,3,3,Cefixime Oral Suspension IP (Dry Syrup),Dry,CADA-02,CADA02,,false,2023-09,2025-08,09 /23,08/25,"Nestor Pharmaceuticals Ltd, 11, Western Extension Area, Faridabad - 121001",nestor pharmaceuticals ltd,It fails the test ‘Assay’ and ‘water’ as per IP,Drugs Testing Laboratory Thiruvananthapura m,,,,1.0
2024-08,state,nsq,false,data/raw/cdsco_alerts/state/2024-08_state_nsq.pdf,1,4,4,Moxymed CV,,ABT 23316,ABT23316,,false,2023-11,2025-04,11/23,04/25,"Alexa Pharmaceuticals , Plot No. 20, Ext HPSIDC, Indl.Area, Baddi, Solan – 173 205",alexa pharmaceuticals,The content of Amoxycillin and Clavulanic acid is not with in the limits of schedule ‘V’ of Drugs and Cosmetics Act & Rules as mentioned in the Laboratory protocol,Drugs Testing Laboratory Thiruvananthapura m,,,,1.0
2024-08,state,nsq,false,data/raw/cdsco_alerts/state/2024-08_state_nsq.pdf,2,5,5,Frusemide Injection IP 20 mg,,FRIB-03,FRIB03,,false,2024-01,2025-12,01/24,12/25,"Nestor Pharmaceuticals Ltd, Faridabad- 121 001",nestor pharmaceuticals ltd,It fails the test ‘Sterility’ as per IP,Drugs Testing Laboratory Thiruvananthapura m,,,,1.0
2024-08,state,nsq,false,data/raw/cdsco_alerts/state/2024-08_state_nsq.pdf,2,6,6,Kudajarishtam,,0110,0110,,false,2024-01,,01/24,Nil,"Bala Herbals, Industrial Estate, Edakkulangara, Kollam",bala herbals,It fails the tests ‘Total Solids’ and ‘Specific gravity’ as per API.,Drugs Testing Laboratory Thiruvananthapura m,,,,0.7
2024-08,state,nsq,false,data/raw/cdsco_alerts/state/2024-08_state_nsq.pdf,2,7,7,Tab Nodosis,,SMST-24151,SMST24151,,true,2024-02,2026-01,02/24,01/26,"Steadfast Medishield pvt.Ltd, At khasra,No.322, Nanhera , Anantpur, Bhgwanpur, Roorkee, Dist. Haridwar",steadfast medishield pvt ltd,It fails the test ‘Assay’ as per IP,Drugs Testing Laboratory Thiruvananthapura m,,,,1.0
2024-08,state,nsq,false,data/raw/cdsco_alerts/state/2024-08_state_nsq.pdf,2,8,8,Haridrakhanda m,,207/23,20723,,false,2024-03,2026-02,03/24,02/26,"Bhaskara Vilasam Vaidyasala, Panayamuttom, Nedumangadu, Thiruvananthapuram - 695 561",bhaskara vilasam vaidyasala,It fails the test ‘pH’ as per API.,Drugs Testing Laboratory Thiruvananthapura m,,,,1.0
2024-08,state,nsq,false,data/raw/cdsco_alerts/state/2024-08_state_nsq.pdf,2,9,9,Pantoprazole Inj. BP 40 mg,,D0726/24-25,D07262425,,true,,,,,"Kerala Medical Services Corporation Ltd, Thycaud.P.O, Thiruvananthapuram",kerala medical services corporation ltd,The sample does not comply with BP. It fails the test Particulate contaminatio n clarity and colour of solution.,Drugs Testing Laboratory Thiruvananthapura m,,,,1.0
2024-08,state,nsq,false,data/raw/cdsco_alerts/state/2024-08_state_nsq.pdf,3,10,10,Yogaraja Guggulu,,209/21,20921,,false,2022-03,,03/22,3 yrs from mfg date,"Bhaskara Vilasam Vaidyasala, Panayamuttom, Nedumangadu, Thiruvananthapuram - 695 561",bhaskara vilasam vaidyasala,It fails the test Alcohol Soluble Extractive and pH as per API,Drugs Testing Laboratory Thiruvananthapura m,,,,0.7
2024-08,state,nsq,false,data/raw/cdsco_alerts/state/2024-08_state_nsq.pdf,3,11,11,PANCEF-OF,,T442401,T442401,,false,2024-01,2025-12,Jan-24,Dec-25,"Aglomed Ltd. 51, Raipur , Roorkee – 247661 . H.O : 702-A, Poonam Chambers , Dr. A.B Road , Worli , Mumbai – 400018, India",aglomed ltd 51,The sample does not comply with respect to the test parameters at S.No II d (Disintegratio n Test),Drug Testing Laboratory Srinagar (J&K) vide report on Form 13 bearing No. L/DA/2024-25/978 Dated: 07.08.2024,,,,1.0
2024-09,state,nsq,false,data/raw/cdsco_alerts/state/2024-09_state_nsq.pdf,1,1,1,Neurotem-NT,,CPT-2698,CPT2698,,false,2024-03,2026-02,Mar-24,Feb-26,"Catasta Pharmaceuticals Plot No. 113, DIC, Industrial Area, Baddi Distt. Solan (H.P) Mrk. By : Cosway Biosciences Coprporate Office : Khasra No. 2054/1724, 1725 SCO No. 11 Baddi Barotiwala Road The. Baddi Distt. Solan H.P 173205",catasta pharmaceuticals plot no 113,The given Drug Sample does not comply to the contents of Assay with respect to Pregabalin ( 23.26% of claim),Drug Testing Laboratory Srinagar (J&K) vide report on Form 13 bearing No. L/DA/2024-25/1191 Dated: 05.09.2024. (Report attached as Annexure A),,,,1.0
2024-09,state,nsq,false,data/raw/cdsco_alerts/state/2024-09_state_nsq.pdf,1,2,2,Cefuroxime Axetil Tablets IP 500 mg (JKMSCL Supply),JKMSCL Supply,JAK-23,JAK23,,false,2023-07,2025-06,Jul-23,Jun-25,Agron Remedies Pvt Ltd Sarverkhera Moradabad Road Kashipur 244 713 (Uttarakhand),agron remedies pvt ltd sarverkhera moradabad road kashipur 244 713,"The sample fails in the Description, Dissolution and Assay of Cefuroxime Axetil w.r.t the sample portion received as above",Combined Food & Drug Testing Laboratory Jammu (J&K) vide report on Form 13 bearing No. CFDL/J/2024-25/1120 Dated: 26.09.2024. (Report attached as Annexure B),,,,1.0
2024-09,state,nsq,false,data/raw/cdsco_alerts/state/2024-09_state_nsq.pdf,1,3,3,Loperamide Hydrochloride Tablets IP (JKMSCL Hospital Supply),JKMSCL Hospital Supply,T-16201,T16201,,false,2024-05,2026-04,May-24,Apr-26,"Karnani Pharmaceuticals Pvt. Ltd , 38 Pharma City , Selaqui Dehradun -248011",karnani pharmaceuticals pvt ltd,The sample does not conform to IP with respect to the test for Dissolution & Assay,Drug Testing Laboratory Srinagar (J&K) vide report on Form 13 bearing No. L/DA/2024-25/1311 Dated: 27.09.2024. (Report attached as Annexure C),,,,1.0
2024-09,state,nsq,false,data/raw/cdsco_alerts/state/2024-09_state_nsq.pdf,2,4,4,Floxages-OZ (Ofloxacin and Ornidazole Tablets IP),Ofloxacin and Ornidazole Tablets IP,SPY41223,SPY41223,,false,2023-12,2026-11,12/23,11/26,"Suraksha Pharma pvt.Ltd, 410, Karondi, Roorkee-247 667, Uttarakhand",suraksha pharma pvt ltd,It fails the test ‘Dissolution’ as per IP,Drugs Testing Laboratory Thiruvananthapuram,,,,1.0
2024-09,state,nsq,false,data/raw/cdsco_alerts/state/2024-09_state_nsq.pdf,2,5,5,Wintel 40 Tablets,,H T N257D,HTN257D,,false,2024-04,2026-03,04/24,03/26,"Himalaya Meditek pvt.Ltd, Plot No. 35 & 36, Pharmacity, Selaqui, Industrial Area, Dehradun - 248 197",himalaya meditek pvt ltd,It fails the test ‘Dissolution’ as per IP,Drugs Testing Laboratory Thiruvananthapuram,,,,1.0
2024-09,state,nsq,false,data/raw/cdsco_alerts/state/2024-09_state_nsq.pdf,2,6,6,Moxica -250 [Amoxicillin Dispersible Tablets IP 250 mg],,SD 243,SD243,,false,2023-08,2025-07,08/23,07/25,"Indica Pharmaceuticals (P) Ltd, Bapunagar, Ahmedabad- 382 345",indica pharmaceuticals ltd,It fails the test ‘Disintegration’ and ‘Uniformity of Dispersion’ specified in the Laboratory Protocol as per IP,Drugs Testing Laboratory Thiruvananthapuram,,,,1.0
2024-09,state,nsq,false,data/raw/cdsco_alerts/state/2024-09_state_nsq.pdf,2,7,7,Frusemide Injection IP 20 mg,,FRIB-03,FRIB03,,false,2024-01,2025-12,01/24,12/25,"Nestor Pharmaceuticals Ltd, 11, Western Extension Area, Faridabad -121001",nestor pharmaceuticals ltd,It fails the test ‘Sterility’ as per IP,Drugs Testing Laboratory Thiruvananthapuram,,,,1.0
2024-09,state,nsq,false,data/raw/cdsco_alerts/state/2024-09_state_nsq.pdf,2,8,8,Cloxacillin Sodium Capsules IP 250 mg,,CLCA-04,CLCA04,,false,2023-04,2025-03,04/23,03/25,"Nestor Pharmaceuticals Ltd, 11, Western Extension Area, Faridabad -121001",nestor pharmaceuticals ltd,The sample does not conform to IP Standards with respect to ‘Descriptive part’ of hard gelatin capsules and further tests cannot be performed due to reasons secified in the laboratory protocol,Drugs Testing Laboratory Thiruvananthapuram,,,,1.0
2024-09,state,nsq,false,data/raw/cdsco_alerts/state/2024-09_state_nsq.pdf,2,9,9,Fluorometholone Eye Drops IP,,CHE-3044,CHE3044,,false,2023-05,2025-04,05/23,04/25,"Cotec Healthcare pvt.Ltd, K.H.No.593/1, Roorkee, Dehradun Highway, Kishanpur, Roorkee- 247 667, UK",cotec healthcare pvt ltd,It fails the test ‘Uniformity of Volume’ and ‘Assay’ as per IP,Drugs Testing Laboratory Thiruvananthapuram,,,,1.0
2024-09,state,nsq,false,data/raw/cdsco_alerts/state/2024-09_state_nsq.pdf,3,10,10,Panlib 40 Tablets,,H T N 102A,HTN102A,,false,2024-01,2025-12,01/24,12/25,"Himalaya Meditek pvt.Ltd, Plot No. 35 & 36, Pharmacity, Selaqui, Industrial Area, Dehradun",himalaya meditek pvt ltd,It fails the test Dissolution’ and ‘Assay’ as per IP,Drugs Testing Laboratory Thiruvananthapuram,,,,1.0
2024-09,state,nsq,false,data/raw/cdsco_alerts/state/2024-09_state_nsq.pdf,3,11,11,B - Cidal 625,,U T232859,UT232859,,false,2024-03,2025-08,03/24,08/25,"VADSP Pharmaceuticals, Plot No. 124, EPIP Indl.Area, Phase 1, Jharmajri, Baddi (HP)- 174103",vadsp pharmaceuticals,The content of Clavulanic acid is not with in the limit of ‘Schedule V’ of Drugs and Cosmetics Act & Rules thereunder,Drugs Testing Laboratory Thiruvananthapuram,,,,1.0
2024-09,state,nsq,false,data/raw/cdsco_alerts/state/2024-09_state_nsq.pdf,3,12,12,"Trypsin, Bromelain & Rutoside Trihydrate Tablets [Flavoshine]",,TTF24065,TTF24065,,false,2024-06,2025-11,06/24,11/25,"Tiruvision Medcare, Plot No. 177, HPSIDC, Indl.Area, Baddi, Dist Solan HP 173 205",tiruvision medcare,The sample fails the test ‘Disintegration’ specified in the Laboratory protocol as per IP,Drugs Testing Laboratory Thiruvananthapuram,,,,1.0
2024-09,state,nsq,false,data/raw/cdsco_alerts/state/2024-09_state_nsq.pdf,3,13,13,C Mont LC Kid 60 ml (Montelukast & Leveocetirizine Dihydrochloride syrup),Montelukast & Leveocetirizine Dihydrochloride,AL 23206,AL23206,,false,2023-11,2025-10,11/23,10/25,"Cian Healthcare Ltd, kh No.248, Village sisonia, Bhagwanpur, Roorkee, Haridwar, Uttarakhand- 247 661",cian healthcare ltd,The content of montelukast is not within the limits of Schedule ‘V’ of Drugs & Cosmetics Act & Rules,Drugs Testing Laboratory Thiruvananthapuram,,,,1.0
2024-09,state,nsq,false,data/raw/cdsco_alerts/state/2024-09_state_nsq.pdf,3,14,14,Yogaraja Guggulu Tablet,,P 592324,P592324,,false,2023-10,2026-09,10/23,09/26,"Oushadhi, The Pharmaceutical corporation (IM) , Kerala Ltd, Kuttanellur, Thrissur- 68 0014",oushadhi,The sample does not conform to API Standards. It fails the tests ‘Total Ash’ as per API Standards.,Drugs Testing Laboratory Thiruvananthapuram,,,,1.0
2024-09,state,nsq,false,data/raw/cdsco_alerts/state/2024-09_state_nsq.pdf,4,15,15,Telmisartan Tab IP 40 mg,,D1153/24-25,D11532425,,false,,,,,"Kerala Medical Services Corporation Ltd, Thycaud P.O, Thiruvananthapuram-14",kerala medical services corporation ltd,The sample does not conform to IP Standards with respective to ‘Descriptive part’ of tablets and further tests cannot be performed due to above reasons.,Drugs Testing Laboratory Thiruvananthapuram,,,,1.0
2024-09,state,nsq,false,data/raw/cdsco_alerts/state/2024-09_state_nsq.pdf,4,16,16,Pantoprazole Inj.BP 40 mg,,D 0923/24-25,D09232425,,true,,,,,"Kerala Medical Services Corporation Ltd, Thycaud P.O, Thiruvananthapuram-14",kerala medical services corporation ltd,It fails the test ‘Sterility’ specified in the laboratory protocol as per IP,Drugs Testing Laboratory Thiruvananthapuram,,,,1.0
2024-09,state,nsq,false,data/raw/cdsco_alerts/state/2024-09_state_nsq.pdf,4,17,17,Glimepiride Tab IP,,D 1 272/24-25,D12722425,,false,,,,,"Kerala Medical Services Corporation Ltd, Thycaud P.O, Thiruvananthapuram-14",kerala medical services corporation ltd,The sample fails the descriptive part for tablets as they are not sufficiently hard to withstand handling without crumbling or breaking and further tests cannot be performed due to above reason,Drugs Testing Laboratory Thiruvananthapuram,,,,1.0
2024-09,state,nsq,false,data/raw/cdsco_alerts/state/2024-09_state_nsq.pdf,4,18,18,Cough Syrup,,D 1278/24-25,D12782425,,true,,,,,"Kerala Medical Services Corporation Ltd, Thycaud P.O, Thiruvananthapuram-14",kerala medical services corporation ltd,"The sample fails the ‘Descriptive part’ for oral dosage forms of Schedule V of drugs and cosmetics Act and Rules, as the syrup contains red coloured suspended paticles",Drugs Testing Laboratory Thiruvananthapuram,,,,1.0
2024-10,state,nsq,true,data/raw/cdsco_alerts/state/2024-10_state_nsq.pdf,1,1,1,"Fer-XT Tablets, Ferrous Ascorbate & Folic Acid Tablets",,FXT.2309,FXT2309,,false,,,09-2023.,02-2025.,"M/s. Alfansa Bio Pvt.Ltd #5-5-35/23, 2nd Floor, Murthy B u i l d i n g , P r a s a nth Nagar, Hyderabad-500072 Telangana",alfansa bio pvt ltd 5 5 35 23,NOT OF STANDARD QUALITY & MISBRANDED The drug product ferrous Ascorbate and Folic Acid Tables is official in Indian Pharamacopoeia 2022. But the letters IP is not mentioned on the strip after the product name Ferrous Ascorbate and Folic Acid tablets. Hence it is a Misbranded Drug under section 17 of Drugs and Cosmetics Act 1940. So the drug product Ferrous Ascorbate & Folic Acid Tablets is Not of Standard Quality and Misbranded.,"State Lab, Drugs Control Laboratory, Telangana.",,,,0.7
2024-10,state,nsq,false,data/raw/cdsco_alerts/state/2024-10_state_nsq.pdf,1,2,2,"Zyfer-XT Tablets, Ferrous Ascorbate, Folic Acid Tablets",,WW-2405,WW2405,,false,,,05-2024.,10-2025.,"M/s. Hindustan Nutraceuticals INC Plot No.14, Sai Nagar, Boduppal, Hyderabad-039 Telangana",hindustan nutraceuticals inc plot no 14,NOT OF STANDARD QUALITY Sample Does not meets the Specifications wrt. Assay of Folic Acid as per STP.,"State Lab, Drugs Control L a b o r a t o r y , T e l a n g a n a .",,,,0.7
2024-10,state,nsq,false,data/raw/cdsco_alerts/state/2024-10_state_nsq.pdf,1,3,3,"Tablets, Cefixime Tablets IP 400 mg",,CTTB-01,CTTB01,,false,,,06-2024.,05-2026.,"M/s. Nestor P h a r m a c e t i c a l s Limited 11, Wetern Extension area, Faridabad-121 001, India HARYANA",nestor p h a r m a c e t i c a l s limited 11,NOT OF STANDARD QUALITY Tablets does not complies in respect of Description.,"State Lab, Drugs Control L a b o r a t o r y , T e l a n g a n a .",,,,0.7
2024-10,state,nsq,false,data/raw/cdsco_alerts/state/2024-10_state_nsq.pdf,2,4,4,"Cefem -200 Tablets, Cefixime with Lactic Acid Bacillus tablets",,DB240126,DB240126,,false,2024-04,2026-03,2024-04,2026-03,"Daxin Pharmaceuticals Pvt Ltd.,. Plot No. 121-1 2 2 E P I P , J h a r m ajri Phase 1, The. Baddi, Distt. Solan (H.P.) - 174 103 HIMACHAL PRADESH",daxin pharmaceuticals pvt ltd,NOT OF STANDARD QUALITY 1. Thirteen Individual weights deviated from the average weight 636.0 mg i.e 6 tablets deviated by less than 5 percent and 7 tablets deviated by more than 5 percent . Hence the sample does not complies the test Uniformity of weight. 2. Assay of Cefixime does not complies. Hence the sample is of NOT OF STANDARD QUALITY,"State Lab, Drugs Control L a b o r a t o r y , T e l a n g a n a .",,,,1.0
2024-10,state,nsq,false,data/raw/cdsco_alerts/state/2024-10_state_nsq.pdf,2,5,5,"Myoplus Tablets, Paracetamol & Chlorzoxazone Tabletes",,MT24-1,MT241,,false,,,04-2024.,03-2026.,"M/s. LEOSTAR Healthcare Pvt.Ltd Plot no.10, Biotech P a r k , P h a s e - I I I , Genome Valley, Karkapatla, Telangana-502281 Telangana",leostar healthcare pvt ltd plot no 10,NOT OF STANDARD QUALITY 18 Tablets were tested. All the 18 tablets did not Disintigrate within the time limit (i.e 15 Minutes) specified as per IP.,"State Lab, Drugs Control L a b o r a t o r y , T e l a n g a n a .",,,,0.7
2024-10,state,nsq,true,data/raw/cdsco_alerts/state/2024-10_state_nsq.pdf,2,6,6,VRIZAROX-100DT Tablets Cefpodoxime Proxetil Dispersible Tablets,,CABQ4001,CABQ4001,,false,,,01-2024.,"12-2025,","Chiros Pharma Vill: Loharon , P.O.: Ghatti, Solan-173211(H.P) H I M A C H A L PRADESH",chiros pharma vill loharon,"MISBRANDED The monograph of Cefpodoxime Tablets in the current edition of Indian Pharamacopoeia i.e. IP-2022. is also applicable for Cefpodoxime Dispersible Tablets as indicated under labelling section of the monograph. However the firm failed to indicate the latters IP after the product name CefpodoximeDispersible Tablets. Hence, the drug is deemed to be Misbranded as per section 17 of the Drugs and Cosmetics Act, 1940, since it is not labeled in the prescribed mannar.","S t a t e L a b , D r u g s C o n t r o l Laboratory, Telangana.",,,,0.7
2024-10,state,nsq,true,data/raw/cdsco_alerts/state/2024-10_state_nsq.pdf,2,7,7,Dulhan Special Kharachi Mehandi Cone,,Nil,NIL,,false,,,Nil,Nil,"Mohsin Idustries, Hyderabad Telangana State",mohsin idustries,"MISBRANDED Misbranded: As the Cautions 'DO NOT USE FOR COLOURING EYELASHES OR EYEBROWS. DO NOT USE ON CUT, IRRITATED OR ABRADED SKIN' as per BIS standard IS 17318:2020 is not mentioned on the label of the cosmetic sample.","S t a t e L a b , D r u g s C o n t r o l Laboratory, Telangana.",,,,0.3
2024-10,state,nsq,true,data/raw/cdsco_alerts/state/2024-10_state_nsq.pdf,3,8,8,"Tablets, Divalproex Sodium SR Tablets 500 mg",,TMT-0211,TMT0211,,false,2024-06,2026-05,06-2024,05-2026,"Tas Med (Indi) Pvt. Ltd., Plot No. -8, P h a s e I V . I n d u s trial Area HIMUDA, Bhatoli Kalan, Baddi, Distt. Solan (H.P.) 173205 HIMACHAL PRADESH",tas med pvt ltd,"MISBRANDED The drug product Divalproex Sodium SR Tablets is official in the currect edition of IP 2022. and as required as per second schedule of the Drugs and cosmetics Act, 1940, the said drug product shall comply with the standards set out in the Indian Pharmacopoeia. But the designation IP in conjunctin with the official title Divalproex Sodium SR Tablets on the label of the drug product was not mentioned as an indication that the drug product purports to comply with IP standrds. Hence the drug product shall be deemed to be MISBRANDED DRUG as per Section 17 of the drug and Cosmetics Act 1940 as it not labeled in the prescribed manner","S t a t e L a b , D r u g s C o n t r o l Laboratory, Telangana.",,,,1.0
2024-10,state,nsq,true,data/raw/cdsco_alerts/state/2024-10_state_nsq.pdf,3,9,9,Divalproex Sodium SR Tablets,,TMT-0165,TMT0165,,false,,,06-2024.,05-2024.,"M/s. Tas Med (India) P v t . l t d . P l o t N o . phase IV, Industriael Area Himuda, Bhatoli Kalan, Baddi Distt, solan (H.P) 173205.",tas med p v t l t d p l o t n o phase iv,"MISBRANDED The drug product Divalproex Sodium SR Tablets is official in the currect edition of IP 2022. and as required as per second schedule of the Drugs and cosmetics Act, 1940, the said drug product shall comply with the standards set out in the Indian Pharmacopoeia. But the designation IP in conjunctin with the official title Divalproex Sodium SR Tablets on the label of the drug product was not mentioned as an indication that the drug product purports to comply with IP standrds. Hence the drug product shall be deemed to be MISBRANDED DRUG as per Section 17 of the drug and Cosmetics Act 1940 as it not labeled in the prescribed manner","S t a t e L a b , D r u g s C o n t r o l Laboratory, Telangana.",,,,0.7
2024-10,state,nsq,true,data/raw/cdsco_alerts/state/2024-10_state_nsq.pdf,4,10,10,Divalproex Sodium SR Tablets 500 mg,,TMT-0164,TMT0164,,false,,,06-2024.,05-2024.,"M/s. Tas Med (India) P v t . l t d . P l o t N o . phase IV, Industriael Area Himuda, Bhatoli Kalan, Baddi Distt, solan (H.P) 173205.",tas med p v t l t d p l o t n o phase iv,"MISBRANDED The drug product Divalproex Sodium SR Tablets is official in the currect edition of IP 2022. and as required as per second schedule of the Drugs and cosmetics Act, 1940, the said drug product shall comply with the standards set out in the Indian Pharmacopoeia. But the designation IP in conjunctin with the official title Divalproex Sodium SR Tablets on the label of the drug product was not mentioned as an indication that the drug product purports to comply with IP standrds. Hence the drug product shall be deemed to be MISBRANDED DRUG as per Section 17 of the drug and Cosmetics Act 1940 as it not labeled in the prescribed manner","S t a t e L a b , D r u g s C o n t r o l Laboratory, Telangana.",,,,0.7
2024-10,state,nsq,true,data/raw/cdsco_alerts/state/2024-10_state_nsq.pdf,4,11,11,CYPROHEPTAD INE HCl & TRICHOLINE CITRATE SYRUP (Cyproan Syrup),Cyproan,WHL-00623,WHL00623,,true,2024-02,2026-01,02-2024,01-2026,"M/s. Warner Hindusthan Pvt Ltd., 24-85/7, Sy. No. 548 & 551, Laxmi Narayana Nagar Colony, New IDA, Uppal, Hyderabad-39 (T.S)",warner hindusthan pvt ltd,The label of the container in the drug is mentioned as 'Approved colour used' but the common name of the permitted colour used in the formulation as prescribed under rule 127 (2) of the drug rule was not mentioned.- MISBRANDED,State lab (Puducherry),,,,1.0
2024-10,state,nsq,false,data/raw/cdsco_alerts/state/2024-10_state_nsq.pdf,5,12,12,BETAHISTINE DIHYDROCHLO RIDE TABLETS IP(CGHEST-8),CGHEST-8,CT24250284B,CT24250284B,,true,2024-03,2026-04,03-2024,04-2026,"M/s CMG BIOTECH PVT LTD.,(Unit-II), Plot No.58,Phase III , Industrial Area,Sansarpur Terrace,Tehsil Jaswan, Distt. Kangra, Himachal Pradesh-176501",cmg biotech pvt ltd,On the received sample presence of spots were observed which should not be present As per DCC Guidelines on Not Of Standard Quality (NSQ) Drugs Approved in 1993 (Annexure A) Tablets vide serial No.(i) Presence of Spot/discolouration-NSQ,State lab (Puducherry),,,,1.0
2024-10,state,nsq,false,data/raw/cdsco_alerts/state/2024-10_state_nsq.pdf,5,13,14,Vitamin B Complex Tablets N.F.I,,VBT2498,VBT2498,,false,2024-06,2026-05,06-2024,05-2026,"Modern Laboratories, 45-47, Sector D-2, Industrial Area, Sanwer Road, Indore (M.P.)-452015",modern laboratories,Description,"State Drugs Testing Laboratory, Agartala, Tripura.",,,,1.0
2024-10,state,nsq,false,data/raw/cdsco_alerts/state/2024-10_state_nsq.pdf,5,14,15,Itraconazole Capsules USP 100 mg,,IZC2401,IZC2401,,false,2024-04,2026-03,04-2024,03-2026,"Modern Laboratories, 45-47, Sector D-2, Industrial Area, Sanwer Road, Indore (M.P.)-452015",modern laboratories,Dissolution,"State Drugs Testing Laboratory, Agartala, Tripura.",,,,1.0
2024-10,state,nsq,false,data/raw/cdsco_alerts/state/2024-10_state_nsq.pdf,5,15,16,Itraconazole Capsules USP 100 mg,,IZC2401,IZC2401,,false,2024-04,2026-03,04-2024,03-2026,"Modern Laboratories, 45-47, Sector D-2, Industrial Area, Sanwer Road, Indore (M.P.)-452015",modern laboratories,Dissolution,"State Drugs Testing Laboratory, Agartala, Tripura.",,,,1.0
2024-10,state,nsq,false,data/raw/cdsco_alerts/state/2024-10_state_nsq.pdf,5,16,17,cefixime Dispersible Tablets IP 100mg,,CT240783,CT240783,,false,2024-07,2026-06,07-2024,06-2026,"Theon Pharmaceuticals LTD, Vill. Saini Majra, Tehsil Nalagarh, Distt. Solan (H.P) 174101.",theon pharmaceuticals ltd,Assay & Disintegration,"State Drugs Testing Laboratory, Agartala, Tripura.",,,,1.0
2024-10,state,nsq,false,data/raw/cdsco_alerts/state/2024-10_state_nsq.pdf,6,17,18,Biocetamol -500,,SPD230078,SPD230078,,false,2023-03,2025-02,03-2023,02-2025,"Mfg. By : Skymap Pharmaceuticals Pvt. Ltd . Khasra No. 63 Village Juddi Kalan , Baddi , Distt. Solan (HP) Mrk. By : German Remedies Pharmaceuticals Pvt. Ltd. PF 61 & 62 , Sanad II Industrial Estate , Tal : Sanand Ahmedabad , Gujarat- 382110, India",mfg by skymap pharmaceuticals pvt ltd khasra no 63 village juddi kalan,"The sample does not conform to the IP requirements with respect to the test, Dissolution.",Drug Testing Laboratory Srinagar (J&K) vide report on Form 13 bearing No. L/DA/2024-25/1593 Dated: 29.10.2024. (Report attached as Annexure A),,,,1.0
2024-10,state,nsq,false,data/raw/cdsco_alerts/state/2024-10_state_nsq.pdf,6,18,19,Torsemide Tablets IP (Torverge-10 Tablets),Torverge-10,GT7137A,GT7137A,,false,2023-03,2025-02,03-2023,02-2025,J.M. Laboratories Village Bhanat P.O. Ghatti Subathu Road Solan (H.P.) 173211,j m laboratories village bhanat p o ghatti subathu road solan 173211,Assay of Torsemide (86.85%),RDTL Chandigarh,,,,1.0
2024-10,state,nsq,false,data/raw/cdsco_alerts/state/2024-10_state_nsq.pdf,6,19,20,(COUGH-DM Cough Syrup),COUGH-DM Cough,SHL3037,SHL3037,,false,2023-11,2025-10,11-2023,10-2025,"Sunfine Healthcare, Plot no. 63, Ind. Area, Lodhimajra, Tehsil Baddi, Distt. Solan HP",sunfine healthcare,Assay of Phenylephrine Hydrochloride,RDTL Chandigarh,,,,1.0
2024-10,state,nsq,false,data/raw/cdsco_alerts/state/2024-10_state_nsq.pdf,6,20,21,Paracetamol Tablets IP 650 mg [Nopain-650],,URDT2433,URDT2433,,false,2023-10,2026-09,10-2023,09-2026,"Unicure India Ltd., Plot No. 46(B)/49B Village Raipur, Bhagwanpur ,Roorkee Dist, Haridwar, 247661 Uttarakhand",unicure india ltd,It fails the test ‘Dissolution’ Specified in the Laboratory Protocol as per IP,Drugs Testing Laboratory Thiruvananthapuram,,,,1.0
2024-10,state,nsq,false,data/raw/cdsco_alerts/state/2024-10_state_nsq.pdf,6,21,22,Theophylline & Etophylline Tablets,,TE4029,TE4029,,false,2024-04,2027-03,04-2024,03-2027,"Kerala State Drugs & Pharmaceuticals Ltd, Kalavoor.P.O, Alappuzha",kerala state drugs pharmaceuticals ltd,It fails the test ‘Disintegration’ Specified in the Laboratory Protocol as per IP,Drugs Testing Laboratory Thiruvananthapuram,,,,1.0
2024-10,state,nsq,false,data/raw/cdsco_alerts/state/2024-10_state_nsq.pdf,6,22,23,Montelukast Tablets IP 10 mg,,F4E0425,F4E0425,,false,2024-05,2026-04,05-2024,04-2026,"Morepan Laboratories Ltd, Unit-V, Plot No. 12C, sector-2, Parwanoo, Dist.Solan (HP)- 173 220",morepan laboratories ltd,It fails the test ‘Dissolution’ Specified in the Laboratory Protocol as per IP,Drugs Testing Laboratory Thiruvananthapuram,,,,1.0
2024-10,state,nsq,false,data/raw/cdsco_alerts/state/2024-10_state_nsq.pdf,7,23,24,Panlib -D [Pantoprazole and Domeperidone Tablets],,HTN253D,HTN253D,,false,2024-04,2026-03,04-2024,03-2026,"Himalaya Meditek pvt.Ltd, Plot No. 35 & 36, Pharmacity, Selaqui Industrial Area, Dehradun 248 197",himalaya meditek pvt ltd,It fails the test ‘Disintegration’ as per IP and the contents of active ingredients of Pantoprazole and Domeperidone are not with in the limits of ‘Schedule V’ of Drugs and Cosmetics Act & Rules thereunder as specified in the Laboratory Protocol,Drugs Testing Laboratory Thiruvananthapuram,,,,1.0
2024-10,state,nsq,false,data/raw/cdsco_alerts/state/2024-10_state_nsq.pdf,7,24,25,C Mont LC KID 60 ml[Montelukast and Levocetirizine Dihydrochloride syrup 60 ml ],,AL 23206,AL23206,,false,2023-11,2025-10,11-2023,10-2025,"Cian Healthcare Ltd, (An ISO 9001: 2015 &WHO GMP certified Co) Kh No. 248, village sisona, Bhagwanpur, Roorkee, Haridwar, Uttarakhand – 247661",cian healthcare ltd,The content of Montelukast sodium is not with in the limits of ‘Schedule V’ of Drugs and Cosmetics Act & Rules thereunder as specified in the Laboratory Protocol,Drugs Testing Laboratory Thiruvananthapuram,,,,1.0
2024-10,state,nsq,false,data/raw/cdsco_alerts/state/2024-10_state_nsq.pdf,7,25,26,Montelukast Sodium and Levocetirizine Hydrochloride Tablets IP 10 mg/5 mg,,MLHT-1022,MLHT1022,,false,2023-09,2026-08,09-2023,08-2026,"Wings Biotech LLP, 43&44, HPSIDC, Ind.Area, Baddi-173205 HP",wings biotech llp,It fails the test ‘Dissolution’ Specified in the Laboratory Protocol as per IP,Drugs Testing Laboratory Thiruvananthapuram,,,,1.0
2024-10,state,nsq,false,data/raw/cdsco_alerts/state/2024-10_state_nsq.pdf,7,26,27,EMITIL [Prochlorperazine Mesylate Injection IP],,MA 24E27,MA24E27,,false,2024-05,2026-04,05-2024,04-2026,"Martin & Brown Bio Science Pvt Ltd, K No. 918/419, Malkumajra, Nalgrath Road, Baddi, Dist Solan HP 173 205",martin brown bio science pvt ltd,It fails the test ‘pH’ as per IP as specified in the Laboratory Protocol,Drugs Testing Laboratory Thiruvananthapuram,,,,1.0
2024-10,state,nsq,false,data/raw/cdsco_alerts/state/2024-10_state_nsq.pdf,7,27,28,International dona Beauty Soap Jasmine,,DNJN1/24,DNJN124,,false,2024-01,,01-2024,use befoe 36 months from packed,"Excel+ Health care products, CP-V/1092, XL Garden Palachira (P.O), Varkala, PIN – 695 143",excel health care products,"The sample does not conform to IS 2888:2004 for the test ‘matter insoluble in alcohol , percent by Mass, Max ’ as per the specifications of toilet soap for Grade III",Drugs Testing Laboratory Thiruvananthapuram,,,,0.7
2024-10,state,nsq,false,data/raw/cdsco_alerts/state/2024-10_state_nsq.pdf,8,28,29,Elcipro 500[Ciprofloxacin Hydrochloride Tab IP 500 mg ],,AGT31256,AGT31256,,false,2023-12,2026-11,12-2023,11-2026,"Alventa Pharma Ltd, Vill, Krishnapura, Baddi, Nalagarh Road, Tehsil Baddi, Distt. Solan, HP 174 101",alventa pharma ltd,It fails the test ‘Dissolution’ as per IP as specified in the Laboratory Protocol,Drugs Testing Laboratory Thiruvananthapuram,,,,1.0
2024-10,state,nsq,false,data/raw/cdsco_alerts/state/2024-10_state_nsq.pdf,8,29,30,Vitamin B Complex Tablet,,S0010/24-25,S00102425,,true,,,,,"Supplied by Kerala Medical Services Corporation Ltd, Thycaud P.O, Thiruvananthapura m -14",supplied by kerala medical services corporation ltd,The sample does not conform to IP Standards with respect to ‘Descriptive part’ for tablets,Drugs Testing Laboratory Thiruvananthapuram,,,,1.0
2024-10,state,nsq,false,data/raw/cdsco_alerts/state/2024-10_state_nsq.pdf,8,30,31,Vitamin B Complex Tablet,,S0008/24-25,S00082425,,true,,,,,"Supplied by Kerala Medical Services Corporation Ltd, Thycaud P.O, Thiruvananthapura m -14",supplied by kerala medical services corporation ltd,The sample does not conform to IP Standards with respect to ‘Descriptive part’ for tablets,Drugs Testing Laboratory Thiruvananthapuram,,,,1.0
2024-10,state,nsq,false,data/raw/cdsco_alerts/state/2024-10_state_nsq.pdf,8,31,32,Vitamin B Complex Tablet,,S0009/24-25,S00092425,,true,,,,,"Supplied by Kerala Medical Services Corporation Ltd, Thycaud P.O, Thiruvananthapura m -14",supplied by kerala medical services corporation ltd,The sample does not conform to IP Standards with respect to ‘Descriptive part’ for tablets,Drugs Testing Laboratory Thiruvananthapuram,,,,1.0
2024-10,state,nsq,false,data/raw/cdsco_alerts/state/2024-10_state_nsq.pdf,8,32,33,Trenaxa Inj. [Tranexamic Acid injection I.P],,TNA2407,TNA2407,,false,2024-03,2026-02,03-2024,02-2026,"Sanjivani Paranteral Ltd, R-40, T.T.C, Industrial Area, Rabale, Thane, Belapur Road, Navi Mumbai -400701",sanjivani paranteral ltd,It fails the test Sterility as per IP,Drugs Testing Laboratory Thiruvananthapuram,,,,1.0
2024-10,state,nsq,false,data/raw/cdsco_alerts/state/2024-10_state_nsq.pdf,8,33,34,Telmisartan Tab IP 40 mg,,S0007/24-25,S00072425,,true,,,,,"Supplied by Kerala Medical Services Corporation Ltd, Thycaud P.O, Thiruvananthapura m -14",supplied by kerala medical services corporation ltd,It fails the test ‘Dissolution’ as per IP,Drugs Testing Laboratory Thiruvananthapuram,,,,1.0
2024-11,state,nsq,false,data/raw/cdsco_alerts/state/2024-11_state_nsq.pdf,1,1,1,EnrofloxacinInj IP (AHD Supply J&K),AHD Supply J&K,VT4072,VT4072,,false,2024-07,2026-06,Jul-24,Jun-26,"Mfg. By : Alpha Laboratories Ltd 33/2 A.B Road Pigdamber 453446, Indore (M.P)",mfg by alpha laboratories ltd 33 2 a b road pigdamber 453446,The sample fails for the test of Particulate Matter,Combined Food & Drug Testing Laboratory Jammu (J&K) vide report on Form 13 bearing No. CFDL/J/2024-25/1351 Dated: 31.10.2024.,,,,1.0
2024-11,state,nsq,false,data/raw/cdsco_alerts/state/2024-11_state_nsq.pdf,1,2,2,Cefcare-T 4500 (AHD Jammu Supply),AHD Jammu Supply,EB-240607,EB240607,,false,2024-06,2026-05,Jun-24,May-26,"Mfg. By : Ethicare Laboratories 15, Industrial Estate Digiana Jammu - 180010",mfg by ethicare laboratories 15,The sample fails for the test of Particulate Matter,Combined Food & Drug Testing Laboratory Jammu (J&K) vide report on Form 13 bearing No. CFDL/J/2024-25/1400 Dated: 05.11.2024.,,,,1.0
2024-11,state,nsq,false,data/raw/cdsco_alerts/state/2024-11_state_nsq.pdf,1,3,3,Zylpan,,GT24026B,GT24026B,,false,2024-01,2026-12,Jan-24,Dec-26,"Mfg. By : Hetero Healthcare Ltd. AIIDC IGC , Changsari, NizSindurighopa (village) Sila, Sindurighopa (Mouza) Kamrup (Dist) Assam - 781101",mfg by hetero healthcare ltd aiidc igc,The sample does not conform to I.P requirements with respect to the test for a) Assay & b) Dissolution,Combined Food & Drug Testing Laboratory Jammu (J&K) vide report on Form 13 bearing No. L/DA/2024-25/1607 Dated: 20.11.2024.,,,,1.0
2024-11,state,nsq,false,data/raw/cdsco_alerts/state/2024-11_state_nsq.pdf,1,4,4,PARACETAMOL TABLETS IP 500mg (XYKAA 500),XYKAA 500,X51H127,X51H127,,false,2023-10,2026-09,Oct-23,Sep-26,"M/s.Troikaa Pharmaceuticals Ltd., At: Plot No.319,GIDC, Phase II, Vatva, Ahmedabad, Gujarat- 382 445",troikaa pharmaceuticals ltd,Does not comply with respect to the Dissolution test as per IP specification- NSQ,State lab(Pondicherry),,,,1.0
2024-11,state,nsq,false,data/raw/cdsco_alerts/state/2024-11_state_nsq.pdf,2,5,5,"ALUMINIUM HYDROXIDE, MAGNESIUM HYDROXIDE, DIMETHICONE AND OXETACAINE SUSPENSION IP (GASNUL-O)",GASNUL-O,KL03401,KL03401,,false,2024-04,2026-03,Apr-24,Mar-26,"M/s.Kinesis Pharmaceuticals Pvt. Ltd., Vill. DharampurSai Road, Baddi, Distt. Solan (H.P)-173 205",kinesis pharmaceuticals pvt ltd,"That for the product, it is labelled as Aluminium Hydroxide, Magnesium Hydroxide, Dimethicone And Oxetacaine Suspension IP (GASNUL-O), however Aluminium Hydroxide, Magnesium Hydroxide, Dimethicone And Oxetacaine Suspension is not an official IP monograph hence should be labelled as Aluminium Hydroxide, Magnesium Hydroxide, Dimethicone And Oxetacaine Suspension.- Label Issue",State lab (Pondicherry),,,,1.0
2024-11,state,nsq,false,data/raw/cdsco_alerts/state/2024-11_state_nsq.pdf,2,6,6,"Xytum-CV Tablets, Cefuroxime Axetil& Potassium Clavulanate Tablets IP",,MICTAB-1688,MICTAB1688,,true,,,03/2024.,12/2025.,"Mfg By: Micro Formulations Near Railway crossing Chambaghat, Solan, Distt. Solan (H.P) - 173 213. Himachal Pradesh. . Markt: M/s. Xylose Pharma, # 2-123, Part2, Flat No. 101, 1st floor, Nipuns Tanoak Apartment, Bhaskar Rao nagar, Kavadiguda, Hyderabad, Telangana - 500 094.",mfg by micro formulations near railway crossing chambaghat,"NOT OF STANDARD QUALITY The sample Xytum-CV Tablets, does not comply for Assay of Clavulanic acid and Dissolution p r a m e t e r s a s p e r I . P . 2 0 2 2 .","State Lab, D r u g s C o n t r o l Laboratory, Telangana.",,,,0.7
2024-11,state,nsq,false,data/raw/cdsco_alerts/state/2024-11_state_nsq.pdf,2,7,7,Vcare Derma Essence Cosmetics,,VCB018,VCB018,,false,,,09/2024.,08/2026.,"Mfg By: VcarePharcos B11 & B12, PIPDIC Electronic park, Mannadipet Commune, Thirubhavanal, Puduchery - 605 107, India Puducherry. . Mrkt: M/s. Prabha'sVcare Health Clinic Pvt.Ltd., Price Info park, Tower B, 1st floor, No. 81B, 2nd Main road, Ambattur industrial Estate, Ambattur, Chennai - 600 058, India.",mfg by vcarepharcos b11 b12,"NOT OF STANDARD QUALITY Content for Mercury found is more than 1ppm. But as per IS standards 16913:2018 the mercury content should not be more than 1 ppm, hence it is of Not of Standard Q u a l i t y .","State Lab, D r u g s C o n t r o l Laboratory, Telangana.",,,,0.7
2024-11,state,nsq,false,data/raw/cdsco_alerts/state/2024-11_state_nsq.pdf,3,8,8,Zinc Sulphate 20 mg Dispersible Tablets IP,,T-16427,T16427,,false,,,07/2024.,06/2026.,"Mfg By: Karnani Pharmaceuticals Pvt.Ltd, Fact:38, Pharma City, selaqui Dehradun - 248011. Uttarakhand.",mfg by karnani pharmaceuticals pvt ltd,"NOT OF STANDARD QUALITY Out of 18 tablets tested, 12 tablets failed to disintegrate within 60 seconds. Hence disintegration test does not comply for Zinc sulphate dispersible tablets as per I.P. 2022.","State Lab, D r u g s C o n t r o l Laboratory, Telangana.",,,,0.7
2024-11,state,nsq,false,data/raw/cdsco_alerts/state/2024-11_state_nsq.pdf,3,9,9,Vcare Derma Essence,,VCB019,VCB019,,false,,,09/2024.,08/2026.,"Mfg By: VCarePharcos B11 & B12, PIPDIC Electronic park, Mannadipet Commune, Thirubhavanal, Puduchery - 605 107, India Puducherry. . Mrkt: M/s. Prabha'sVcare Health Clinic (P). Ltd., Price Info park, Tower B, 1st floor, No. 81B, 2nd Main road, Ambattur industrial Estate, Ambattur, Chennai - 600 058, India.",mfg by vcarepharcos b11 b12,"NOT OF STANDARD QUALITY As per Rule 39 (Standareds of Cosmetics) Sub-Rule (5) Clause (b) of Cosmetics Rules, 2020, mercury in the finished cosmetic product shall not exceed one part per m il l i o n ( 1 p p m ) B u t t h e c o n t e n t f o r mercury found in the cream is more than 1 ppm. But as per IS 16913: 2018 the mercury content should not be more than 1 ppm, hence it is of Not of Standard Quality.","State Lab, D r u g s C o n t r o l Laboratory, Telangana.",,,,0.7
2024-11,state,nsq,false,data/raw/cdsco_alerts/state/2024-11_state_nsq.pdf,4,10,10,Divalproex Sodium Tablets IP 500 mg,,D2306,D2306,,false,,,12/2023.,11/2026.,"Mfg By: Smith & Kenner Pharmaceuticals Pvt.Ltd., H.NO. 2-51 Survey No. 72/1, Tattiannaram (V), Hayathnagar (M), R.R. DistTelangana, India.",mfg by smith kenner pharmaceuticals pvt ltd,"NOT OF STANDARD QUALITY 1. The coating is not uniform and rough surface is observed on the whole tablet, hence description does not complies as per IP. 2. The dissolution test parameter doees not complies as per manufacturing method of analysis, hence the drug Divalproex sodium is of Not of Standard Quality with respect to Description and Dissolution test parameter.","State Lab, D r u g s C o n t r o l Laboratory, Telangana.",,,,0.7
2024-11,state,nsq,false,data/raw/cdsco_alerts/state/2024-11_state_nsq.pdf,4,11,11,"Ferin-XT Tafblets, Ferrous Ascorbate, Folic Acid & Zinc Tablets",,NC.2403,NC2403,,false,,,03/2024.,08/2025.,"Mfg By: Twins Pharma Plot NO. 106, S.V. Nagar, Mallpur, Hyd-76. Telangana. Mrkt: LifevinPharma, Reg.off: Plot NO. 15, Roshini Colony, Hyderabad - 500098.",mfg by twins pharma plot no 106,NOT OF STANDARD QUALITY Sample does not meets the Specifications wrt. A s s a y o f Ferrous Ascorbate (Elemental Iron) as per STP,"State Lab, D r u g s C o n t r o l Laboratory, Telangana.",,,,0.7
2024-11,state,nsq,false,data/raw/cdsco_alerts/state/2024-11_state_nsq.pdf,5,12,12,"FERRIMACK-XT Tablets, Ferrous Ascorbate, Folic Acid & Zinc Tablets",,23C-C081,23CC081,,false,,,06/2023.,05/2025.,"Mfg By: Orison Pharma International Khari, Mauzaogli, Kala Amb, Distt. Sirmour - 173 030 (H.P). Himachal Pradesh.",mfg by orison pharma international khari,"NOT OF STANDARD QUALITY The sample does not meet the criteria for uniformity of weight as per IP. out of 20 capsules weighed, 11 capsules deviates the 10 percent limit as per IP and from that 3 capsules are under double deviation. Hence, Sample does not meet the specifications wrt. Uniformity of Weight of Capsules as per IP.","State Lab, D r u g s C o n t r o l Laboratory, Telangana.",,,,0.7
2024-11,state,nsq,false,data/raw/cdsco_alerts/state/2024-11_state_nsq.pdf,5,13,13,"FERRIMACK-XT Tablets, Ferrous Ascorbate, Folic Acid & Zinc Tablets",,FMK-9436,FMK9436,,false,,,03/2024.,02/2026.,"Mfg By: MAXTRA LABORATORIES MAXTRA Laboratories, Rangarangaih Nagar, C. Cherla (V), MedchalDist - 92. Telangana. . Mrkt: M/s. MackvinPharma, MackvinPharma, Plot No: 55P, Sy. NO: 238//2, Bhagyalakshmi Colony, M.M. District, T.S. - 500055.",mfg by maxtra laboratories maxtra laboratories,NOT OF STANDARD QUALITY Assay of Elemental Iron is not within the prescribed limits. Hence it is Not of Standard Quality.,"State Lab, D r u g s C o n t r o l Laboratory, Telangana.",,,,0.7
2024-11,state,nsq,false,data/raw/cdsco_alerts/state/2024-11_state_nsq.pdf,5,14,14,"FERRIGEN - XT Tablets, Ferrous Ascorbate, Folic Acid & Zinc Tablets",,MNT.9020,MNT9020,,false,,,04/2024.,03/2026.,"Mfg By: Maxtra laboratories Rangarangaiahnag ar, c.cherla (v) Medcahl (dist) - 92 Talangana.",mfg by maxtra laboratories rangarangaiahnag ar,"NOT OF STANDARD QUALITY Assay of Elemental Iron is not within the prescribed limits. Hence, the drug is Not of Standard Quality.","State Lab, D r u g s C o n t r o l Laboratory, Telangana.",,,,0.7
2024-11,state,nsq,true,data/raw/cdsco_alerts/state/2024-11_state_nsq.pdf,5,15,15,"FERRORED-XT Tablets, Ferrous Ascorbate, Folic Acid & Zinc Tablets",,ML/24/1683,ML241683,,false,,,05/2024.,10/2026.,"Mfg By: MacsolLifescience Plot No. 2b, Block No. 815, At Santej, Ta. Kalol, Dist. Gandhinagar - 382721 (Gujarat). Gujarat.",mfg by macsollifescience plot no 2b,MISBRANDED AND NOT OF STANDARD QUALITY 1. In the compostition the label should be mentioned as Ferrous Ascorbate equivalent to Elemental Iron. But the label is mentioned as only Ferrous Ascorbate 100 mg. Hence it is Misbranded Drug as per section 17 of Drugs and cosmetics Act 1940. 2.Assay of Elemental Iron is not within the prescribed limits. Hence it is Not of Standard Quality.,"State Lab, Drugs Control L a b o r a t o r y , Telangana.",,,,0.7
2024-11,state,nsq,true,data/raw/cdsco_alerts/state/2024-11_state_nsq.pdf,6,16,16,"DIRAB 20 Tablets, RabeprazoleGAst ro-Resistant Tablets Ip 20mg,",,2GT23513A,2GT23513A,,false,,,11/2023.,04/2025.,"Mfg By: M/s. Hetero Health care Limited, Unit-II, Hudumpur, Palasbari, Kamrup (Dist), Assam - 781 128 Assam.",mfg by m s hetero health care limited,"MISBRANDED The drug product Rabeprazole sodium tablets is official in the current edition of IP 2022 and as required as per second schedule of the Drugs and cosmetics Act, 1940, the said drug product shall comply with the standards set out in the Indian Pharmacopoeia. As per the official monograph, the strength of the product on the label shall be stated in terms of "" Rabeprazole sodium "" However, the label of the sample states the strength in terms of the equivalent amount of "" Rabeprazole"". Hence the drug product shall be deemed to be Misbranded drug as per section 17 of the Drugs and Cosmetics Act 1940 as it is not labeled in the prescribed manner.","S t a t e L a b , Drugs Control Laboratory, Telangana.",,,,0.7
2024-11,state,nsq,true,data/raw/cdsco_alerts/state/2024-11_state_nsq.pdf,7,17,17,Ambroxol Hydrochloride syrup 30mg/5ml,,724373,724373,,false,,,09/2024.,08/2026.,"Mfg By: Syndicate Pharma 185/B/185/B-1, 187/A & 188, Sector - F, Sanwer Road, iNdore - 452015 Madhya Pradesh.",mfg by syndicate pharma 185 b 185 b 1,"MISBRANDED The drug sample is deemed to be MISBRANDED as it is only indicated as approved colour used on the label of the product but failed to indicate the comon name of the colour on the label as required as per Rule 127(2) of Drugs Rules, 1945. Hence the drug is deemed to be Misbranded as per Section 17 of Drugs and Cosmetics Act, 1940, as the drug is not labeled in the prescribed manner.","S t a t e L a b , Drugs Control Laboratory, Telangana.",,,,0.7
2024-11,state,nsq,true,data/raw/cdsco_alerts/state/2024-11_state_nsq.pdf,7,18,18,"OMBRO-XL Syrup Ambroxol HCL Levosalbutamol Sulphate and Guaiphenesin Syrup,",,02-46,0246,,false,,,11/2023.,10/2025.,"Mfg By: Swiss India Laboratories 463/103, VillTheda, TehBaddiDisstSola n - 173 205 (HP). Himachal Pradesh.",mfg by swiss india laboratories 463 103,"MISBRANDED The label should be mentioned as Levosalbutamol Sulphate IP equivalent to Levosalbutamol. In the composition the label is mentioned as only Levosalbutamol Sulphate, . Hence, it is a Misbranded drug as per section 17 of Dugs and Cosmetics Act 1940.","S t a t e L a b , Drugs Control Laboratory, Telangana.",,,,0.7
2024-11,state,nsq,true,data/raw/cdsco_alerts/state/2024-11_state_nsq.pdf,7,19,19,"Dilabron LS Syrup Ambroxol HCL, Levosalbutamol Sulphate &Guaiphenesin Syrup",,MXS9027,MXS9027,,false,,,07/2024.,06/2026.,"Mfg By: Maxtra Laboratories TIF Industrial Park, Plot No. 105, 105A, 105B, 1st, 2nd, 3rd Floors, Dandumalkapuram (V)Choutuppal (M), Yadadri - Bhongiri District, Telangana State - Telangana. . Mrkt: INVICTRA Health BMR Complex, BKP-HYD.",mfg by maxtra laboratories tif industrial park,"MISBRANDED The label should be mentioned as Levosalbutamol Sulphate IP equivalent to Levosalbutamol. In the composition the label is mentioned as only Levosalbutamol Sulphate, . Hence, it is a M i s b r a n d e d d r u g a s p e r s e c t i o n 1 7 o f D u g s a n d Cosmetics Act 1940.","S t a t e L a b , Drugs Control Laboratory, Telangana.",,,,0.7
2024-11,state,nsq,false,data/raw/cdsco_alerts/state/2024-11_state_nsq.pdf,8,20,20,Aspirin Gastro Resistant Tab IP,,URDT2785,URDT2785,,false,2023-11,2025-10,11/23,10/25,"Unicure India Ltd., Plot No. 46(B)/49B Village Raipur, Bhagwanpur ,RoorkeeDist, Haridwar, Uttarakhand",unicure india ltd,It fails the test ‘Dissolution’ Specified in the Laboratory Protocol as per IP,Drugs Testing Laboratory Thiruvananthapuram,,,,1.0
2024-11,state,nsq,false,data/raw/cdsco_alerts/state/2024-11_state_nsq.pdf,8,21,21,Chlorpromazine Tablets IP 50 mg,,S73010,S73010,,false,2023-03,2025-02,03/23,02/25,"Kerala State Drugs & Pharmaceuticals Ltd, Kalavoor.P.O, Alappuzha- 688522",kerala state drugs pharmaceuticals ltd,The sample fails in the ‘Descriptive Part’ for Tablets as per IP,Drugs Testing Laboratory Thiruvananthapuram,,,,1.0
2024-11,state,nsq,false,data/raw/cdsco_alerts/state/2024-11_state_nsq.pdf,8,22,22,Bisopol-5 [BisoprololFumar ate Tablets 5 mg],,TSF-C0427,TSFC0427,,false,2024-02,2026-01,02/24,01/26,"Spen Formulations Pvt.Ltd, Plot No. 123, Idustrial Area, Mehatpur, Distt, UNA- 174 315 (HP)",spen formulations pvt ltd,The sample does not conform to USP standard for descriptive part of tablets,Drugs Testing Laboratory Thiruvananthapuram,,,,1.0
2024-11,state,nsq,false,data/raw/cdsco_alerts/state/2024-11_state_nsq.pdf,8,23,23,Trenaxa Inj. [ Tranexamic Acid Inj. IP],,TNA2407,TNA2407,,false,2024-03,2026-02,03/24,02/26,"SanjIvaniParantera l Ltd, R-40, T.T.C, Industrial Are, Rabale, Thane Belapur Road, Navi Mumbai- 400701",sanjivaniparantera l ltd,It fails the test ‘Sterility’ as per IP,Drugs Testing Laboratory Thiruvananthapuram,,,,1.0
2024-11,state,nsq,false,data/raw/cdsco_alerts/state/2024-11_state_nsq.pdf,8,24,24,"Terbutaline Sulphate, Ambroxol Hydrochloride and Guaiphenesin syrup",,TM1LE027,TM1LE027,,false,2024-04,2026-03,04/24,03/26,"Unicure India Ltd., Plot No. 46(B)/49B Village Raipur, Bhagwanpur ,RoorkeeDist, Haridwar, Uttarakhand",unicure india ltd,The sample fails descriptive part for liquid oral dosage forms as per schedule V of Drugs & Cosmetics Act and Rules. The syrup contains red coloured sedimented particles,Drugs Testing Laboratory Thiruvananthapuram,,,,1.0
2024-11,state,nsq,false,data/raw/cdsco_alerts/state/2024-11_state_nsq.pdf,8,25,25,Daliyz White Musk Soap,,DLZM4/24,DLZM424,,false,2024-04,,04/24,36 months from packed,"Excell Health Care Products, CP-V/1092, XL Garden, Palachira.P.O, Varkala",excell health care products,"The sample does not conform to as per IS 2888:2004 for the specification for toilet soap Grade-I with respect to the test “ matter Insoluble in Alcohol, percent by mass Max” as specified in the Laboratory Protocol.",Drugs Testing Laboratory Thiruvananthapuram,,,,0.7
2024-11,state,nsq,false,data/raw/cdsco_alerts/state/2024-11_state_nsq.pdf,9,26,26,Panboon [Pantoprazole Gastro-Resistant Tablet IP,,T-2402172,T2402172,,false,2024-02,2026-01,02/24,1/26,"Rivpra Formulations Pvt.Ltd, Plot No.8, sector-6A, IIE, SIDCUL, Haridwar-249 403 UK",rivpra formulations pvt ltd,It fails the test ‘Dissolution’ stated in the Laboratory Protocol as per IP,Drugs Testing Laboratory Thiruvananthapuram,,,,1.0
2024-11,state,nsq,false,data/raw/cdsco_alerts/state/2024-11_state_nsq.pdf,9,27,27,Calamax Skin Balance Daily Moisturizing Lotion 100 ml,,AVN 5890,AVN5890,,false,2024-01,,01/24,Best before 24 months from the date of Mfg,"AVN Foot steps, 107-108, DIC, Baddi, Solan (HP) - 173 205",avn foot steps,The sample does not conform to cosmetic Rules 2020 for “standards of cosmetics” as specified in the Laboratory Protocol for the content of Lead,Drugs Testing Laboratory Thiruvananthapuram,,,,0.7
2024-11,state,nsq,false,data/raw/cdsco_alerts/state/2024-11_state_nsq.pdf,9,28,28,Nebivolol Tablets IP,,KMNB24001,KMNB24001,,true,2024-07,2026-06,07/24,06/26,"Ravian Life Sciences Pvt.Ltd, Plot No.34, Sector-8A, IIE, SIDCUL, Haridwar-249403, Uttarakhand",ravian life sciences pvt ltd,The sample does not conform to IP standards. It fails the test ‘Dissolution’ Specified in the Laboratory Protocol as per IP,Drugs Testing Laboratory Thiruvananthapuram,,,,1.0
2024-11,state,nsq,false,data/raw/cdsco_alerts/state/2024-11_state_nsq.pdf,9,29,29,Glimepiride Tab IP 1 mg,,D1885/24-25,D18852425,,true,,,,,"Kerala Medical Services Corporation Ltd, Thycaud P.O, Thiruvananthapura m-14",kerala medical services corporation ltd,Does not conform to IP standards with respect to descriptive part,Drugs Testing Laboratory Thiruvananthapuram,,,,1.0
2024-11,state,nsq,false,data/raw/cdsco_alerts/state/2024-11_state_nsq.pdf,9,30,30,Ofloxacin Tablets IP 200 mg (Oflotac – 200),Oflotac – 200,AGT30418,AGT30418,,false,2023-04,2026-03,Apr-23,Mar-26,"M/s AlventaPharmaLimi ted,Vill-Kishanpur,Baddi-Nalagarh Road, Tehsil. Baddi, Dist. Solsan, Himachal Ptadesh-174101",alventapharmalimi ted,Dissolution,"State Drugs Testing Laboratory, Agartala, Tripura.",,,,1.0
2024-11,state,nsq,false,data/raw/cdsco_alerts/state/2024-11_state_nsq.pdf,9,31,31,Ferrous Sulphate& Folic Acid Tablets I.P,,CIF-W09,CIFW09,,false,2023-07,2025-06,Jul-23,Jun-25,"M/s CyanoPharma(P) Ltd, 115-c, Industrial Estate, Polo Ground, Indore-452015, M.P.",cyanopharma ltd,Description,"State Drugs Testing Laboratory, Agartala, Tripura.",,,,1.0
2024-11,state,nsq,false,data/raw/cdsco_alerts/state/2024-11_state_nsq.pdf,10,32,32,Paracetamol Tablets I.P. 500mg,,PCT1212,PCT1212,,false,2024-08,2026-07,Aug-24,Jul-26,"Unicure India Ltd, C-21,22 & 23, Sector-3, Noida-201301,Dist. GoutamBudh Nagar (UP)",unicure india ltd,Dissolution,"State Drugs Testing Laboratory, Agartala, Tripura.",,,,1.0
2024-11,state,nsq,false,data/raw/cdsco_alerts/state/2024-11_state_nsq.pdf,10,33,33,Diclofenac Sodium Gastro – Resistant Tablets IP 50mg,,TD-1750007,TD1750007,,true,2024-02,2026-01,Feb-24,Jan-26,"Centurion Remedies Pvt. Ltd. G/5 & G/6, Industrial Estate, Gorwa, Vadodara-390016",centurion remedies pvt ltd g 5 g 6,Disintegration,"State Drugs Testing Laboratory, Agartala, Tripura.",,,,1.0
2024-11,state,nsq,false,data/raw/cdsco_alerts/state/2024-11_state_nsq.pdf,10,34,34,Pantoprazole Gastro Resistant Tablets IP (PANCID – 40),PANCID – 40,TG24-1031C,TG241031C,,true,2024-05,2026-04,May-24,Apr-26,"Athens Life Sciences, Mauza Rampur Jattan, Nahan Road, Kalaamb, Dist. Sirmour, H.P-173030",athens life sciences,Dissolution,"State Drugs Testing Laboratory, Agartala, Tripura.",,,,1.0
2024-11,state,nsq,false,data/raw/cdsco_alerts/state/2024-11_state_nsq.pdf,10,35,35,Thiodoc Ace-4 Tablets,,RDNAT23004,RDNAT23004,,true,2023-09,2025-08,Sep. 2023,Aug.2025,"M/s Renowed Life Sciences, Plot No. 10,11, Sector-B, IIE, SIDCUL Haridwar U.K.",renowed life sciences,Not of Standared Quality,CDL Kandaghat,,,,1.0
2024-11,state,nsq,false,data/raw/cdsco_alerts/state/2024-11_state_nsq.pdf,10,36,36,ZiroWal Gel,,ZW-23,ZW23,,false,2023-12,2025-11,12/2023,11/2025,"Ethidrugs Research Lab Pvt Ltd, 174, 2nd Cross, Kurumbapet, Puducherry-9.",ethidrugs research lab pvt ltd,sample does not conform to Label claim with respect to the content of Menthol.,"Drugs Testing Laboratory, Chennai",,,,1.0
2024-11,state,nsq,false,data/raw/cdsco_alerts/state/2024-11_state_nsq.pdf,10,37,37,Aceclofast,,060,060,,false,2023-11,2025-10,11/2023,10/2025,"Wings Biotech LLP, 43 & 44 HPSIDC, IND. Area, Baddi (HP) - 173 205",wings biotech llp,Sample does not conform to Label claim with respect to the content of Aceclofenac and it contains DiclofenacDiethylamine which is not declared on the label.,"Drugs Testing Laboratory, Chennai",,,,1.0
2024-11,state,nsq,false,data/raw/cdsco_alerts/state/2024-11_state_nsq.pdf,11,38,38,Lox Cv Dry Syrup,,MVDS-032,MVDS032,,false,2024-08,2026-01,08/2024,01/2026,"Bonn Schetering Bio Sciences, Plot No.64 & 65, 1st Floor, Electronic park, Thirubuvanai, Mannadipet Commune, Puducherry, 605107.",bonn schetering bio sciences,Sample does not conform to IP specification for Amoxycillin and potassium Clavulanate oral suspension with respect to the content of Amoxycillinin AmoxycillinTrihydrate.,"Drugs Testing Laboratory, Chennai",,,,1.0
2024-11,state,nsq,false,data/raw/cdsco_alerts/state/2024-11_state_nsq.pdf,11,39,39,Mupikul Ointment,,G4501,G4501,,false,2023-10,2025-09,10/2023,09/2025,"A.S Lifesciences, 136, IND, Estate Kutana-124001(HR), INDIA.",a s lifesciences,Sample does not conform to USP specification for Mupirocin Ointment with respect to the content of Mupirocin.,"Drugs Testing Laboratory, Chennai",,,,1.0
2024-11,state,nsq,false,data/raw/cdsco_alerts/state/2024-11_state_nsq.pdf,11,40,40,Dicyclomine Hydrochloride Injection IP-2ML,,23BDK74,23BDK74,,false,2023-11,2025-10,11/2023,10/2025,"SVP Life Sciences, C/10-1, Sara Industrial Estate, Selaqui, Dehradun.",svp life sciences,Sample does not conform to the requirement for Assay,"Drugs Testing Laboratory, Chennai",,,,1.0
2024-11,state,nsq,false,data/raw/cdsco_alerts/state/2024-11_state_nsq.pdf,11,41,41,Promethazine Injection IP-2ML,,24FNC80,24FNC80,,false,2024-03,2026-02,03/2024,02/2026,"SVP Life Sciences, C/10-1, Sara Industrial Estate, Selaqui, Dehradun.",svp life sciences,Sample does not conform to requirement for assay.,"Drugs Testing Laboratory, Chennai",,,,1.0
2024-11,state,nsq,false,data/raw/cdsco_alerts/state/2024-11_state_nsq.pdf,11,42,42,Meloxicam Injection IP-100ml- 'Melox-5'- Veterinary,,10976,10976,,false,2024-02,2026-01,02/2024,01/2026,"Redinex Life Sciences Pvt Ltd, F-132, IGC Mansa Road, Bathinda (PB)-151005.",redinex life sciences pvt ltd,Sample does not conform to requirement for PH.,"Drugs Testing Laboratory, Chennai",,,,1.0
2024-11,state,nsq,false,data/raw/cdsco_alerts/state/2024-11_state_nsq.pdf,11,43,43,Thyroxine Tablets IP 0.1mg,,TO-22,TO22,,false,2024-04,2026-03,04/2024,03/2026,"Poddar Pharmaceuticals Pvt Ltd., E-35, Industrial Area, Haridwar (U.K), 249 401",poddar pharmaceuticals pvt ltd,Sample does not conform to IP Specification for Thyroxine Sodium Tablets With respect to Dissolution and to the Content of Anhydrous Thyroxine sodium in Thyroxine Sodium.,"Drugs Testing Laboratory, Chennai",,,,1.0
2024-11,state,nsq,false,data/raw/cdsco_alerts/state/2024-11_state_nsq.pdf,11,44,44,Thyroxine Tablets IP 0.1mg,,TN-27,TN27,,false,2023-12,2025-11,12/2023,11/2025,"Poddar Pharmaceuticals Pvt Ltd., E-35, Industrial Area, Haridwar (U.K), 249 401",poddar pharmaceuticals pvt ltd,Sample does not conform to IP Specification for Thyroxine Sodium Tablets With respect to Dissolution and to the Content of Anhydrous Thyroxine sodium in Thyroxine Sodium.,"Drugs Testing Laboratory, Chennai",,,,1.0
2024-11,state,nsq,false,data/raw/cdsco_alerts/state/2024-11_state_nsq.pdf,12,45,45,Symolar-Forte,,SFT5-61,SFT561,,false,2024-04,2025-09,04/2024,09/2025,"M/s. Lark Laboratories (India) Ltd, Works at: SP-1192 E, RiicoINDL.Area, Phase IV, Bhiwadi-301019, Dist.Alwar, Rajasthan",lark laboratories ltd,sample does not conform to Schedule V of D&C Act with respect to general requirement for tablets,"Drugs Testing Laboratory, Chennai",,,,1.0
2024-11,state,nsq,false,data/raw/cdsco_alerts/state/2024-11_state_nsq.pdf,12,46,46,Acicarb-650,,T-2407400,T2407400,,false,2024-07,2026-06,07/2024,06/2026,"Rivpra Formulation Pvt Ltd, Plot No.8, Sector-6A, I.I.E, Sidcul, Haridwar. 249403 (U.K)",rivpra formulation pvt ltd,sample does not conform to IP Specification for enteric coated tablets with respect to Disintegration in Acid stage,"Drugs Testing Laboratory, Chennai",,,,1.0
2024-11,state,nsq,false,data/raw/cdsco_alerts/state/2024-11_state_nsq.pdf,12,47,47,"Thricof Cough Syrup. Chlorpheniramine Maleate, Dextromethorpha n HBR & Phenylephrine Hydrochloride Syrup",,HLPD24003,HLPD24003,,false,2024-05,2026-04,05-2024,04-2026,"M/s. Health Biotech Ltd, Village , Sandoli, Nalagarh Road, BaddiDist, Solan (H.P) India - 173205.",health biotech ltd,sample does not conform to label claim with respect to the content of chlorpheniramine maleate.,"Drugs Testing Laboratory, Chennai",,,,1.0
2024-11,state,nsq,false,data/raw/cdsco_alerts/state/2024-11_state_nsq.pdf,12,48,48,Cofzar-Ls Syrup,,UF2674048B,UF2674048B,,true,2024-01,2025-12,01/2024,12/2025,"M/s. Ultra Drugs Formulations Pvt Ltd, Plot No.338/278, Vill, Manakpur, Lodhimajra, Tehsil-Baddi, District, Solan (H.P), 173205",ultra drugs formulations pvt ltd,sample does not conform to label claim with respect to the content of Ambroxol Hydrochloride.,"Drugs Testing Laboratory, Chennai",,,,1.0
2024-11,state,nsq,false,data/raw/cdsco_alerts/state/2024-11_state_nsq.pdf,12,49,49,Dimethyl A200,,KGMP0461,KGMP0461,,false,2024-07,2026-06,07/2024,06/2026,"ThorabPharma and Research Laboratory, R.S.No.144/5 PT, Earikkarai Road, Thiruvandarkoil, Puducherry, 605102.",thorabpharma and research laboratory,Sample does not comform to label claim with respect to the content of Alpha Lipoic Acid,"Drugs Testing Laboratory, Chennai",,,,1.0
2024-11,state,nsq,false,data/raw/cdsco_alerts/state/2024-11_state_nsq.pdf,13,50,50,Atorvastatin Calcium Tablets IP 10mg,,HTN906J,HTN906J,,false,2023-09,2025-08,09/2023,08/2025,"Himalaya Meditek Pvt Ltd, Plot No.35 &36, Pharmacity, Selaqui, Industrial Area, Dehradun - 248197",himalaya meditek pvt ltd,Sample does not conform to IP Specification for Atorvastatin Calcium Tablets with respect to Dissolution,"Drugs Testing Laboratory, Chennai",,,,1.0
2024-11,state,nsq,false,data/raw/cdsco_alerts/state/2024-11_state_nsq.pdf,13,51,51,Redura-20 Tablets,,NLT-126523,NLT126523,,true,2024-02,2026-01,02/2024,01/2026,"Nutra Life Healthcare Pvt Ltd, Plot No.44-45, Shiv Ganga Industrial Estate, Lakeswari, Bhagwanpur, Roorkee, Dist, Haridwar(UK)",nutra life healthcare pvt ltd,Sample does not conform to IP Specification for Rabeprazole Sodium Tablets With respect to Dissolution.,"Drugs Testing Laboratory, Chennai",,,,1.0
2024-11,state,nsq,false,data/raw/cdsco_alerts/state/2024-11_state_nsq.pdf,13,52,52,Dexamethasone Tablets IP 0.5mg,,TA24035,TA24035,,false,2024-01,2025-12,01/2024,12/2025,"Saintlife Pharmaceuticals Ltd, 323, Central Hope Town, Industrial Area, Selaqui, Dehradun - 248 011, Uttarakhand, India",saintlife pharmaceuticals ltd,Sample does not conform IP specification for Dexamethasone Tablets with respect to this content of Dexamethasone.,"Drugs Testing Laboratory, Chennai",,,,1.0
2024-11,state,nsq,false,data/raw/cdsco_alerts/state/2024-11_state_nsq.pdf,13,53,53,Kefpod 100 Orange Suspension,,C4093005,C4093005,,false,2023-02,2025-01,02/2023,01/2025,"InnovaCaptab Ltd, 1281/1, Hilltop Industrial Estate, Near epip, Phase-I, Jharmajri, Baddi, Distt. Solan, Himachal Pradesh.",innovacaptab ltd,Sample does not conform to Ip Specification for CefpodoximeProxetil Oral Suspension with respect to the content of Cefpodoxime in cefpodoxime in cefpodoximeproxetil.,"Drugs Testing Laboratory, Chennai",,,,1.0
2024-11,state,nsq,false,data/raw/cdsco_alerts/state/2024-11_state_nsq.pdf,13,54,54,Kefpod 100 Orange Suspension,,C4093044,C4093044,,false,2023-09,2025-08,09/2023,08/2025,"InnovaCaptab Ltd, 1281/1, Hilltop Industrial Estate, Near epip, Phase-I, Baddi, Distt. Solan, Himachal Pradesh.",innovacaptab ltd,Sample does not conform to Ip Specification for CefpodoximeProxetil Oral Suspension with respect to the content of Cefpodoxime in cefpodoxime in cefpodoximeproxetil.,"Drugs Testing Laboratory, Chennai",,,,1.0
2024-11,state,nsq,false,data/raw/cdsco_alerts/state/2024-11_state_nsq.pdf,13,55,55,Metoclopramide HCL Injection IP-2ml,,ME404,ME404,,false,2024-03,2026-02,03/2024,02/2026,"TammanTitoePhar ma Pvt Ltd, 56-57, SIDCO Pharmaceutical Complex, Alathur-603110, Tamil Nadu.",tammantitoephar ma pvt ltd,Sample does not conform to the requirement for PH.,"Drugs Testing Laboratory, Chennai",,,,1.0
2024-11,state,nsq,false,data/raw/cdsco_alerts/state/2024-11_state_nsq.pdf,14,56,56,Cyanocobalamin Injection IP-1ml,,34CYA327,34CYA327,,false,2023-12,2025-11,12/2023,11/2025,SPM Drugs (p) Ltd. Bhavani - 638301(TN).,spm drugs ltd bhavani 638301,S a m p le d o e s not conform to the requirement for assay.,"Drugs Testing Laboratory, Chennai",,,,1.0
2024-11,state,nsq,false,data/raw/cdsco_alerts/state/2024-11_state_nsq.pdf,14,57,57,VIP Hair Colour Shampoo,,B320C,B320C,,false,2024-03,2026-02,03/2024,02/2026,"VIMAC, #18/C. Noombal Village, SF.No.125/1A, 1B, Ambattur, Taluk, Tiruvallur District, Chennai-600077.",vimac,"1.Sample does not conform to BIS Specification for Oxidation Hair dye with respect to the content of Resorcinol and Phenyl Methyl Pyrazolone. 2. The sample is also found to contain m-phenylenediamine which must not form part of the composition of cosmetics products as per BIS specification 4707 (Part 2):2017, under Annex A (clauses 1,2 and 3.1), Serial No.1198.","Drugs Testing Laboratory, Chennai",,,,1.0
2024-11,state,nsq,false,data/raw/cdsco_alerts/state/2024-11_state_nsq.pdf,14,58,58,VIP Brown Natural Hair Colour Shampoo,,B013,B013,,false,2024-07,2026-06,07/2024,06/2026,"VIMAC, 18/C. Noombal Village, SF.No.125/1A, 1B, Ambattur, Taluk, Tiruvallur District, Chennai-600077.",vimac,"1.Sample does not conform to BIS Specification for Oxidation Hair dye with respect to the content of Resorcinol and Phenyl Methyl pyrozolone. 2. The sample is also found to contain m-phenylenediamine which must not form part of the composition of cosmetics products as per BIS specification 4707 (Part 2):2017, under Annex A (clauses 1,2 and 3.1), Serial No.1198.","Drugs Testing Laboratory, Chennai",,,,1.0
2024-11,state,nsq,false,data/raw/cdsco_alerts/state/2024-11_state_nsq.pdf,15,59,59,VIP Hair Colour Shampoo,,BO53KTK,BO53KTK,,false,2024-05,2026-04,05/2024,04/2026,"VIMAC, 18/C. Noombal Village, SF.No.125/1A, 1B, Ambattur, Taluk, Tiruvallur District, Chennai-600077.",vimac,"1.Sample does not conform to BIS Specification for oxidation hair dye with respect to the content of resorcinol and phenyl methyl pyrazolone. 2.The sample is also found to contain m-phenylenediamine which must not form part of the composition of cosmetics products as per BIS specification 4707 (Part 2):2017, under Annex A (clauses 1,2 and 3.1), Serial No.1198.","Drugs Testing Laboratory, Chennai",,,,1.0
2024-11,state,nsq,false,data/raw/cdsco_alerts/state/2024-11_state_nsq.pdf,15,60,60,VIP Hair Colour Shampoo,,B309C,B309C,,false,2024-02,2026-01,02/2024,01/2026,"VIMAC, #18/C. Noombal Village, SF.No.125/1A, 1B, Ambattur, Taluk, Tiruvallur District, Chennai-600077.",vimac,"1.Sample does not conform to BIS Specification for oxidation hair dye with respect to the content of resorcinol and phenyl methyl pyrazolone. 2. The sample is also found to contain m-phenylenediamine which must not form part of the composition of cosmetics products as per BIS specification 4707 (Part 2):2017, under Annex A (clauses 1,2 and 3.1), Serial No.1198.","Drugs Testing Laboratory, Chennai",,,,1.0
2024-11,state,nsq,false,data/raw/cdsco_alerts/state/2024-11_state_nsq.pdf,15,61,61,VIP Hair Colour Shampoo,,B034KERL,B034KERL,,false,2024-04,2026-03,04/2024,03/2026,"VIMAC, #18/C. Noombal Village, SF.No.125/1A, 1B, Ambattur, Taluk, Tiruvallur District, Chennai-600077.",vimac,1.Sample does not conform to BIS specificaton for oxidation hair dye with respect to the content of phenymehylpyrazolone.,"Drugs Testing Laboratory, Chennai",,,,1.0
2024-11,state,nsq,false,data/raw/cdsco_alerts/state/2024-11_state_nsq.pdf,16,62,62,VIP Hair Colour Shampoo,,B034KERL,B034KERL,,false,2024-04,2026-03,04/2024,03/2026,"VIMAC, #18/C. Noombal Village, SF.No.125/1A, 1B, Ambattur, Taluk, Tiruvallur District, Chennai-600077.",vimac,Sample does not conform to BIS specificiation for oxidation hair dye with respect to the content of phenyl methyl pyrazolone.,"Drugs Testing Laboratory, Chennai",,,,1.0
2024-11,state,nsq,false,data/raw/cdsco_alerts/state/2024-11_state_nsq.pdf,16,63,63,VIP Black Natural Hair Colour Shampoo,,B131N,B131N,,false,2024-07,2026-06,07/2024,06/2026,"VIMAC, #18/C. Noombal Village, SF.No.125/1A, 1B, Ambattur, Taluk, Tiruvallur District, Chennai-600077.",vimac,Sample does not conform to BIS specification for oxidation hair dye with respect to the content of resorcinol.,"Drugs Testing Laboratory, Chennai",,,,1.0
2024-11,state,nsq,false,data/raw/cdsco_alerts/state/2024-11_state_nsq.pdf,16,64,64,VIP Dark Brown Natural Hair Colour Shampoo,,B005,B005,,false,2024-07,2026-06,07/2024,06/2026,"VIMAC, #18/C. Noombal Village, SF.No.125/1A, 1B, Ambattur, Taluk, Tiruvallur District, Chennai-600077.",vimac,Sample does not conform to BIS Specification for oxidation hair dye with respect to the content of resorcinol and phenyl methyl pyrazolone.,"Drugs Testing Laboratory, Chennai",,,,1.0
2024-11,state,nsq,false,data/raw/cdsco_alerts/state/2024-11_state_nsq.pdf,16,65,65,Beaute Blanc Fruit Vinegar Gel Hair Colour (Natural Balck),Natural Balck,406,406,,false,2024-06,2027-06,06.06.202 4,05.06.2027,"Marketed By: Kosmol Global No.6, 1st Floor, Ravanier Street, Park Town, Chennai-600001. Tamilnadu, India.",marketed by kosmol global no 6,"1.Sample does not conform to BIS Specification for oxidaion hair dye with respect to the content of phenyl methyl pyrazolone. 2.Sample is also found to contain m-phenylendiamine which must not form part of the composistion of cosmetics products as per BIS specification 4717 (Part 2): 2017. underAnnes A (Clauses 1,2 and 3.1), Serial No.1198.","Drugs Testing Laboratory, Chennai",,,,1.0
2024-11,state,nsq,false,data/raw/cdsco_alerts/state/2024-11_state_nsq.pdf,16,66,66,Beaute Blanc Fruit Vinegar Gel Hair Colour (Natural Balck),Natural Balck,405,405,,false,2024-05,2027-05,19.05.202 4,18.05.2027,"Guangdong Rongsheng Bio-Technlogy Co Ltd, Complex Building C, Xiaojing Village, Leping Town, Sanshui District, Foshan city, China.",guangdong rongsheng bio technlogy co ltd,Sample does not conform to BIS specification for oxidation hair dye with respect to the content of phenyl methyl pyrazolone.,"Drugs Testing Laboratory, Chennai",,,,1.0
2024-11,state,nsq,false,data/raw/cdsco_alerts/state/2024-11_state_nsq.pdf,17,67,67,VIP Hair Colour Shampoo,,B020C,B020C,,false,2024-04,2026-03,04/2024,03/2026,"VIMAC, #18/C. Noombal Village, SF.No.125/1A, 1B, Ambattur, Taluk, Tiruvallur District, Chennai-600077.",vimac,Sample does not conform to BIS specification for oxidation hair dye with respect to the content of resorcinol and phenyl methyl pyrazolone.,"Drugs Testing Laboratory, Chennai",,,,1.0
2024-11,state,nsq,false,data/raw/cdsco_alerts/state/2024-11_state_nsq.pdf,17,68,68,Beaute Blanc Fruit Vinegar Gel Hair Colour (Natural Balck),Natural Balck,406,406,,false,2024-06,2024-06,06.06.202 4,05.06.2024,"Guangdong Rongsheng Bio-Technlogy Co Ltd, Complex Building C, Xiaojing Village, Leping Town, Sanshui District, Foshan city, China.",guangdong rongsheng bio technlogy co ltd,Sample does not conform to BIS specification for oxidaton hair dye with respect to the content of phenyl methyl prazolone.,"Drugs Testing Laboratory, Chennai",,,,1.0
2024-11,state,nsq,false,data/raw/cdsco_alerts/state/2024-11_state_nsq.pdf,17,69,69,Levatio Syrup,,ONL-24067,ONL24067,,false,2024-03,2026-02,03/2024,02/2026,"Onex Life Science Pvt Ltd, Flot No.5, Ground, First Floor & Second Floor, EkambararNaicker Industrial Estate, Alapakkam, Chennai-600116.",onex life science pvt ltd,Sample does not conform to label claim with respect to the content of Terbutaline Sulphate.,"Drugs Testing Laboratory, Chennai",,,,1.0
2024-11,state,nsq,false,data/raw/cdsco_alerts/state/2024-11_state_nsq.pdf,17,70,70,Dermotil-K Spray. Ketoconazole with chlorhexidineGluc onate Solution,,E1207,E1207,,false,2024-09,2026-08,09/2024,08/2026,"Vinsmile, S.N:7/1A, Patharampallam, ChinnasalemTaluk, VillupuramDist, Pin Code-606201.",vinsmile,Sample does not conform to label claim with respect to the content of Ketoconazole.,"Drugs Testing Laboratory, Chennai",,,,1.0
2024-12,state,nsq,false,data/raw/cdsco_alerts/state/2024-12_state_nsq.pdf,1,1,1,Divalproex Extended Release Tablets IP (JKMSCL Hospital Supply not for sale),JKMSCL Hospital Supply not for sale,2406031,2406031,,false,2024-06,2026-05,06/2024,05/2026,"Biodeal Pharmaceuticals Ltd Vill Saini MajraNalagarhRopar Road , Nalagarh - 174101 , Distt. Solan (H.P) India",biodeal pharmaceuticals ltd vill saini majranalagarhropar road,Uniformity of Weights,DTL Srinagar (J&K) & MDTL Kathua (J&K),,,,1.0
2024-12,state,nsq,false,data/raw/cdsco_alerts/state/2024-12_state_nsq.pdf,1,2,2,Divalproex Extended Release Tablets IP (JKMSCL Hospital Supply not for sale),JKMSCL Hospital Supply not for sale,2407185,2407185,,false,2024-07,2026-06,07/2024,06/2026,"Biodeal Pharmaceuticals Ltd Vill Saini MajraNalagarhRopar Road , Nalagarh - 174101 , Distt. Solan (H.P) India",biodeal pharmaceuticals ltd vill saini majranalagarhropar road,Uniformity of Weights,DTL Srinagar (J&K),,,,1.0
2024-12,state,nsq,false,data/raw/cdsco_alerts/state/2024-12_state_nsq.pdf,1,3,3,Cefpodoxime Tablets IP 200 mg (Jan Aushadhi),Jan Aushadhi,CT3096,CT3096,,false,2023-09,2025-08,09/2023,08/2025,"Bharat Parenterals Ltd Survey No. 144-A, Jarod-SamlayaRoad ,Vill. Haripura , Tal. Savil Dist. Vadodara - 391520 Gujarat India",bharat parenterals ltd survey no 144 a,Assay of Cefpodoxime,CFDL Jammu (J&K),,,,1.0
2024-12,state,nsq,false,data/raw/cdsco_alerts/state/2024-12_state_nsq.pdf,1,4,4,DEXTROMETH ORPHAN HYDROBROMI DE PHENYLEPHRI NE HYDROCHLOR IDE & CHLORPHENIR AMINE MALEATE TABLETS (Expal),Expal,AST-23303,AST23303,,true,2023-08,2025-07,Aug-23,Jul-25,"M/s.AASSK Pharmaceuticals Pvt. Ltd. Plot No.9, S.no 243/2, Dr.AmbedhkarStreet, Kozhumanivakkam, Mangadu, Chennai-600 122",aassk pharmaceuticals pvt ltd plot no 9,On visual inspection dark spots are found on tablet surface.Cappingand lamination defects are found. Some t a b le t s were brittle on opening from the strip - NSQ,Puducherry,,,,1.0
2024-12,state,nsq,false,data/raw/cdsco_alerts/state/2024-12_state_nsq.pdf,2,5,5,BETAHISTINE DIHYDROCHL ORIDE TABLETS IP (CGHEST-8),CGHEST-8,CT24250284B,CT24250284B,,true,2024-05,2026-04,May-24,Apr-26,"M/s CMG BIOTECH PVT. LTS (Unit-II), Plot No. 58, PhaseIII, Industrial Area, Sansarpur Terrace, Tehsil Jaswan, Distt.Kangra, HP-176501",cmg biotech pvt lts,On the received sample presence of spots were observed which should not be present As per DCC Guidelines on Not Of Standard Quality (NSQ) Drugs Approved in 1993 (Annexure A) Tablets vide serial No.(i) Presence of Spot/discolouration,Puducherry,,,,1.0
2024-12,state,nsq,false,data/raw/cdsco_alerts/state/2024-12_state_nsq.pdf,2,6,6,METFORMIN HYDROCHLOR IDE TABLETS IP (OKAMET-500),OKAMET-500,4O30069,4O30069,,false,2024-02,2027-01,Feb-24,Jan-27,"M/s.Cipla Ltd., Ropar Road, Nalagarh, Dist. Solan (H.P)-174 101",cipla ltd,Does not comply with respect to the Assay as per IP specification,Puducherry,,,,1.0
2024-12,state,nsq,false,data/raw/cdsco_alerts/state/2024-12_state_nsq.pdf,2,7,7,PANTOPRAZO LE GASTRO-RESISTANT TABLETS IP 40mg (Pentowok),Pentowok,WAM24011,WAM24011,,true,2024-05,2026-04,May-24,Apr-26,"M/s Admed Pharma Pvt Ltd., Plot No 87, HPSIDC, Industrial Area, Badddi, DisttSolan HP- 173 205",admed pharma pvt ltd,Does not comply with respect to the Disintegration test as per IP specification,Puducherry,,,,1.0
2024-12,state,nsq,false,data/raw/cdsco_alerts/state/2024-12_state_nsq.pdf,2,8,8,ZINC SULPHATE DISPERSIBLE TABLETS IP 20mg (CARE ZINC),CARE ZINC,TH241106,TH241106,,false,2024-08,2026-07,Aug-24,Jul-26,"M/s Orchid MedlifePvt. ltd., (WHO GMP & GLP certified company) Vill.Kaundi,P.O Thane, Khasra No. 646/513, Tehsil Baddi, Dist. Solan (H.P)- 173 205.",orchid medlifepvt ltd,"On the received sample chipping and rough surface d e f e cts were observed, which s h o u l d not be present As per DCC Guidelines on Not Of Standard Quality (NSQ) Drugs Approved in 1993 (Annexure A) Tablets vide serial No.(V) and (VII) respectively",Puducherry,,,,1.0
2024-12,state,nsq,false,data/raw/cdsco_alerts/state/2024-12_state_nsq.pdf,3,9,9,CEFIXIME AND LACTIC ACID BACILLUS TABLETS (CFI-200),CFI-200,T925,T925,,false,2023-09,2025-08,Sep-23,Aug-25,"M/s. Swiss Biotech Parentrals., Kewat No. 1138,VPO - Kachhwa, Karnal-132001 (Haryana)",swiss biotech parentrals,On the received sample presence of spots/discoloration observed which should not be present As per DCC Guidelines on Not Of Standard Quality (NSQ) Drugs Approved in 1993 (Annexure A) Tablets vide serial No.(i) Presence of Spot/discoloration,Puducherry,,,,1.0
2024-12,state,nsq,false,data/raw/cdsco_alerts/state/2024-12_state_nsq.pdf,3,10,10,METFORMIN TABLETS IP 500 mg (GLYCIPHAGE),GLYCIPHAGE,G0374057,G0374057,,false,2024-06,2027-05,Jun-24,May-27,"M/s.Franco-Indian Pharmaceuticals Pvt Ltd, 20, DR. E. Moses Road, Mumbai-400 011",franco indian pharmaceuticals pvt ltd,Does not comply with respect to the Assay as per IP specification,Puducherry,,,,1.0
2024-12,state,nsq,false,data/raw/cdsco_alerts/state/2024-12_state_nsq.pdf,3,11,11,"Ceaxil -500 Tablets, Cefuroxime Axetil Tablets IP",,BT-227375,BT227375,,false,,,01/2024.,12/2025.,"Dr Edwin Medilabs Pvt Ltd Plot No.B-29, Industrial Area, Focal Point, Chanalon, Kurali, SAS Nagar-140103(Pb) PUNJAB",dr edwin medilabs pvt ltd plot no b 29,"White coloured, elongated, biconvex tablets with score on one side, and plain on other side, 10 out of 50 tablets have brown-coloured spots on the entire surface. Hence, the tablets failed the test for Description of tablets.","State Lab, Drugs Control Laboratory, Telangana.",,,,0.7
2024-12,state,nsq,true,data/raw/cdsco_alerts/state/2024-12_state_nsq.pdf,4,12,12,"Jakclav-625 Tablets, Amoxicillin and Potassium Clavulanate Tablets",,BPT-3002,BPT3002,,false,,,02/2024.,01/2026.,"Geenac Pharma Plot No: 582, Raipur, Bhagwanpur, Roorkee, Uttarakhand-247667. UTTARAKHAND . Mrkt By: WellnowHelathcare, Kanal Industrial Estate, Road No. 6, Borivali East, Mumbai-400066.",geenac pharma plot no 582,"The sample Does not meet the Specifications wrt. Identification test - Negative, Assay- Nil A s p e r I P u / s . 1 7 B o f D r u g s a n d Cosmetics Act 1940. the Sample deemed to be SPURIOUS and Misbranded.","State Lab, Drugs Control Laboratory, Telangana.",,,,0.7
2024-12,state,nsq,true,data/raw/cdsco_alerts/state/2024-12_state_nsq.pdf,4,13,13,"Jikcef-LB Tablets, Cefixime and Lactic Acid Bacillus Tablets",,BPT-3005,BPT3005,,false,,,02/2024.,01/2026.,"GeenacPharma Plot No: 582, Raipur, Bhagwanpur, Roorkee, Uttarakhand-247667. UTTARAKHAND . Mrkt By: WellnowHelathcare, Kanal Industrial Estate, Road No. 6, BorivaliEast, Mumbai-400066.",geenacpharma plot no 582,The sample does not meets the Specifications with respect to I d e n t i f i c a t io n t e s t - N i l A s s a y - N i l As per STP u/s. 17B of Drugs and Cosmetics Act 1940. The Sample deemed to be SPURIOUS.,"S t a t e L a b , Drugs Control Laboratory, Telangana.",,,,0.7
2024-12,state,nsq,true,data/raw/cdsco_alerts/state/2024-12_state_nsq.pdf,4,14,14,"Jikcf-AZ Tablets, Cefixime and Azitromycin Tablets",,BPT-3001,BPT3001,,false,,,02/2024.,01/2026.,"Geenac Pharma Plot No: 582, Raipur, Bhagwanpur, Roorkee, Uttarakhand-247667. UTTARAKHAND . Mrkt By: WellnowHelath care, Kanal Industrial Estate, Road No. 6, Borivali East, Mumbai-400066.",geenac pharma plot no 582,The sample does not meets the Specifications with respect to I d e n t i f i c a t io n t e s t - N i l A s s a y - N i l As per STP u/s. 17B of Drugs and Cosmetics Act 1940. The Sample deemed to be SPURIOUS.,"S t a t e L a b , Drugs Control Laboratory, Telangana.",,,,0.7
2024-12,state,nsq,true,data/raw/cdsco_alerts/state/2024-12_state_nsq.pdf,5,15,15,"Vithrocin Suspension, Azithromycin Oral Suspension",,AZ/L/01/4009,AZL014009,,true,,,08/2024.,07/2026.,"Vital Therapeutics & Formulations Pvt.Ltd . Plot No. 47b/2, Phase-1, IDA, Cherlapally, Medchal-Malkajgiri District - 500051, Telangana, INDIA. Telangana",vital therapeutics formulations pvt ltd plot no 47b 2,As sample failed with respect to test in pH as per IP further product is MISBRANDED,"State Lab, Drugs Control Laboratory, Telangana.",,,,0.7
2024-12,state,nsq,false,data/raw/cdsco_alerts/state/2024-12_state_nsq.pdf,5,16,16,Pantacea 40 Tablets and Pantoprazole Gastro Resistant Tablets IP 40mg,,PNTC3007,PNTC3007,,false,,,11/2023.,10/2025.,"Windlas Biotech Limited Plant-2, Khasra No. 141 to 143 & 145, MohabewalaIndl.area, Dehradun – 248110 (U.K.) UTTARAKHAND Mrkt By: Panacea Life Sciences Limited, DCM Building, OffceNo.5, Seventh floor, 16 Barakhamba Road, Connauught place, New Delhi-110001.",windlas biotech limited plant 2,The sample Does not complies in respect of Dissolution Test as per IP.,"S ta t e L a b , Drugs Control Laboratory, Telangana.",,,,0.7
2024-12,state,nsq,false,data/raw/cdsco_alerts/state/2024-12_state_nsq.pdf,5,17,17,Pantoprazole Sodium Tabletes IP 40mg,,P01824,P01824,,false,,,08/2024.,07/2026.,"Spansules formulation India Pvt Ltd Sy. No. 172, Plot.No.154/A4 IDA Bollaram (V), Jinnaram (M), Sangareddy (D), Hyderabad Telangana",spansules formulation india pvt ltd sy no 172,The sample Does not comply in respect of Dissolution Test as per IP.,"S ta t e L a b , Drugs Control Laboratory, Telangana.",,,,0.7
2024-12,state,nsq,false,data/raw/cdsco_alerts/state/2024-12_state_nsq.pdf,6,18,18,Metoprolol Succinate Prolonged Release Tablets IP,,URDT0654,URDT0654,,false,2023-03,2025-02,03/23,02/25,"Unicure India Ltd., Plot No. 46(B)/49B Village Raipur, Bhagwanpur ,RoorkeeDist, Haridwar, Uttarakhand",unicure india ltd,It fails the test ‘Assay’ as per IP standards [Amendment List - 05 to IP 2022],Drugs Testing Laboratory Thiruvananthapuram,,,,1.0
2024-12,state,nsq,false,data/raw/cdsco_alerts/state/2024-12_state_nsq.pdf,6,19,19,Metoprolol Succinate Prolonged Release Tablets IP,,URDT0653,URDT0653,,false,2023-03,2025-02,03/23,02/25,"Unicure India Ltd., Plot No. 46(B)/49B Village Raipur, Bhagwanpur ,RoorkeeDist, Haridwar, Uttarakhand",unicure india ltd,It fails the test ‘Assay’ as per IP standards [Amendment List - 05 to IP 2022],Drugs Testing Laboratory Thiruvananthapuram,,,,1.0
2024-12,state,nsq,false,data/raw/cdsco_alerts/state/2024-12_state_nsq.pdf,6,20,20,Metoprolol Succinate Prolonged Release Tablets IP,,URDT0652,URDT0652,,false,2023-03,2025-02,03/23,02/25,"Unicure India Ltd., Plot No. 46(B)/49B Village Raipur, Bhagwanpur ,RoorkeeDist, Haridwar, Uttarakhand",unicure india ltd,It fails the test ‘Assay’ as per IP standards [Amendment List - 05 to IP 2022],Drugs Testing Laboratory Thiruvananthapuram,,,,1.0
2024-12,state,nsq,false,data/raw/cdsco_alerts/state/2024-12_state_nsq.pdf,6,21,21,Losartan Potassium Tablets IP 50 mg,,HLOA09,HLOA09,,false,2023-11,2025-10,11/23,10/25,"Hindusthan Antibiotics Ltd, At 11, W.E.A, Faridabad - 121 001, Haryana",hindusthan antibiotics ltd,It fails the test ‘Dissolution’ as per IP as specified in the Laboratory Protocol,Drugs Testing Laboratory Thiruvananthapuram,,,,1.0
2024-12,state,nsq,false,data/raw/cdsco_alerts/state/2024-12_state_nsq.pdf,6,22,22,Amoxymoon CV-625 [Amoxycillin and Potassium Clavulanate Tablets IP],,VT 241704,VT241704,,false,2024-10,2026-03,10/24,03/26,"VADSP Pharmaceuticals, Plot No.124, EPIP, Indl.Area, Phase-1, Jharmajri, Baddi (H.P) 174 103",vadsp pharmaceuticals,"It fails the tests ‘Assay’ and ‘Dissolution’ for Clavulanic Acid as per IP, as specified in the Laboratory Protocol .",Drugs Testing Laboratory Thiruvananthapuram,,,,1.0
2024-12,state,nsq,false,data/raw/cdsco_alerts/state/2024-12_state_nsq.pdf,6,23,23,Balarishtam,,107,107,,false,2024-09,,09/24,10 Yrs. Form packing,"Alappat Pharma, Kollam-691503",alappat pharma,It fails the test Total Solids and Specific Gravity as per API,Drugs Testing Laboratory Thiruvananthapuram,,,,0.7
2024-12,state,nsq,false,data/raw/cdsco_alerts/state/2024-12_state_nsq.pdf,6,24,24,Metformin Hydrochloride Sustained Release Tab IP 500 mg,,D2164/24-25,D21642425,,true,,,,,"Kerala Medical Services Corporation Ltd, Thycaud P.O, Thiruvananthapuram-14",kerala medical services corporation ltd,It fails the test microbial contamination in Non-sterile products and Descriptive part for tablets as per IP,Drugs Testing Laboratory Thiruvananthapuram,,,,1.0
2024-12,state,nsq,false,data/raw/cdsco_alerts/state/2024-12_state_nsq.pdf,7,25,25,Paracetamol Tab IP 500 mg.,,D2370/24-25,D23702425,,true,,,,,"Kerala Medical Services Corporation Ltd, Thycaud P.O, Thiruvananthapuram-14",kerala medical services corporation ltd,It fails the test ‘Dissolution’ as per IP,Drugs Testing Laboratory Thiruvananthapuram,,,,1.0
2024-12,state,nsq,false,data/raw/cdsco_alerts/state/2024-12_state_nsq.pdf,7,26,26,CIPRODAC 500 (Ciprofloxacin Tablets IP 500mg),,A N24014,AN24014,,false,2024-01,2026-12,Jan-24,Dec-26,"Cadila Pharmaceuticals Limited, 1389, Dholka – 382225, Dist: Ahmedabad, At: A-1, Ratan Industrial Area, Harsuliya, Jaipur. C/o. M/S. Anon Pharmaceutical, Jaipur. Mfg. Lic. No.: RAJ/JPR/2718.",cadila pharmaceuticals limited,"The Sample does not conform to standard in respect of the test ""Dissolution"" performed","State Drugs Testing Laboratory, Agartala, Tripura.",,,,1.0
2024-12,state,nsq,false,data/raw/cdsco_alerts/state/2024-12_state_nsq.pdf,7,27,27,Metoheal XL 25 (Metoprolol Succinate Extended release Tablets U.S.P),Metoprolol Succinate Extended release Tablets U.S.P,T24D800A,T24D800A,,false,2024-04,2026-03,D/M: Apr/2024,D/E: Mar/2026,"M/s. Bajaj Formulation, Khasra No.161, Village-LakeshwaryBhagwan pur, RoorkeeDistt: Haridwar (UK)",bajaj formulation,Test for Dissolution” & content of Metoprolol Succinate in the Assay,Karnataka,,,,1.0
2024-12,state,nsq,false,data/raw/cdsco_alerts/state/2024-12_state_nsq.pdf,7,28,28,Panik-D Tablets (Pantoprazole Sodium &Domperidone Tablets),Pantoprazole Sodium &Domperidone,KPT24K08A,KPT24K08A,,true,,,D/M:02/2 024,D/E:01/202 6,"M/s. Kaizen Pharmaceuticals, Vill. Katha, Baddi-173205 Distt. Solan (H.P)",kaizen pharmaceuticals,test for Disintegration,Karnataka,,,,0.7
2024-12,state,nsq,true,data/raw/cdsco_alerts/state/2024-12_state_nsq.pdf,7,29,29,Fercobate-XT Suspension (Ferrous Ascorbate& Folic acid Suspension),Ferrous Ascorbate& Folic acid,240603,240603,,false,2024-06,2025-11,D/M: Jun/2024,D/E: Nov/2025,"M/s. ShinestarPharma, Begapali Road, SIPOCT-1, Hosur-635126 (T.N)",shinestarpharma,Folic Acid in the Assay and Misbranded,Karnataka,,,,1.0
2024-12,state,nsq,false,data/raw/cdsco_alerts/state/2024-12_state_nsq.pdf,8,30,30,CefpodoximePr oxetil Dispersible Tablets (Qupod-200 Tablets),Qupod-200,KCT-403002,KCT403002,,true,,,D/M:03/2 024,D/E:02/202 6,"M/s. Knox Life Sciences, Vill. Gullarwala, Sai Road, Baddi, Distt. Solan (H.P)",knox life sciences,Test for Uniformity of Dispersion,Karnataka,,,,0.7
2024-12,state,nsq,false,data/raw/cdsco_alerts/state/2024-12_state_nsq.pdf,8,31,31,Calcium Carbonate & Vitamin D3 Tablets (Calcovit D3 Tablets),Calcovit D3,MWT231180,MWT231180,,true,2024-01,2025-12,D/M: Jan/2024,D/E: Dec/2025,"M/s. MedworPharma, 140 EPIP, Phase-II, Thana, Baddi 173205",medworpharma,"Test for Dissolution for Calcium, Assay for Vitamin D3” and with respect to “Description",Karnataka,,,,1.0
2024-12,state,nsq,false,data/raw/cdsco_alerts/state/2024-12_state_nsq.pdf,8,32,32,Ranitidine Hydrochloride Injection I.P,,AV3082,AV3082,,false,,,D/M: 02/2023,D/E: 01/2025,"M/s. Alpa Laboratories Ltd., 33/2 A.B. Road, Pigdamber-453 446, Indore (M.P)",alpa laboratories ltd,Test for Sterility,Karnataka,,,,0.7
2024-12,state,nsq,false,data/raw/cdsco_alerts/state/2024-12_state_nsq.pdf,8,33,33,Cipex-500 (Ciprofloxacin Tabets I.P),Ciprofloxacin Tabets I.P,MUTAD2301,MUTAD2301,,true,2023-06,2026-05,D/M: Jun/2023,D/E: May/2026,"M/s. Maxtar Bio-Genics, K.No.705, Nalagarh Road, MalkuMajra, Baddi-173205 (H.P)",maxtar bio genics,Test for Dissolution only,Karnataka,,,,1.0
2024-12,state,nsq,false,data/raw/cdsco_alerts/state/2024-12_state_nsq.pdf,8,34,34,Terbicharge 250 mg (TerbinafineHyd rochloride Tablets IP),TerbinafineHyd rochloride Tablets IP,NT-4303,NT4303,,false,,,D/M: 06/2023,D/E: 05/2025,"M/s. Neptune Life Sciences Pvt. Ltd., 100-B, EPIP, Phase-II, Thana, Baddi-173205 (H.P)",neptune life sciences pvt ltd,Test for Dissolution only,Karnataka,,,,0.7
2024-12,state,nsq,false,data/raw/cdsco_alerts/state/2024-12_state_nsq.pdf,8,35,35,Levocetirizin Hydrochloride &Montelukast Sodium Tablets IP (Montefirst-LC),Montefirst-LC,2405097,2405097,,false,2024-05,2026-04,D/M: May/2024,D/E: Apr/2026,"M/s. Aban Pharmaceuticals, Plot No. 1018, Kerala, G.I.D.C., Bavla, Dist. Ahmedabad-382220",aban pharmaceuticals,Test for Dissolution of Levocetirizine Hydrochloride and Montelukast,Karnataka,,,,1.0
2024-12,state,nsq,false,data/raw/cdsco_alerts/state/2024-12_state_nsq.pdf,8,36,36,Paracetamol Tablets IP 650 mg,,PCT24135,PCT24135,,false,,,D/M: 06/2024,D/E: 05/2026,"M/s. VivekPharmachem (India) Ltd., NH-8, Chimanpura, Amer, Jaipur-303102",vivekpharmachem ltd,Test for Dissolution,Karnataka,,,,0.7
2024-12,state,nsq,false,data/raw/cdsco_alerts/state/2024-12_state_nsq.pdf,8,37,37,"Aluminium, Magnesium &Simethicone Oral Suspension I.P",,C21A133003,C21A133003,,true,,,D/M: 06/2023,D/E: 05/2026,"M/s. Concept Pharmaceuticals Ltd., A-28/3, MIDC, Chikalthana, Aurangabad-431006",concept pharmaceuticals ltd,Description only,Karnataka,,,,0.7
2024-12,state,nsq,false,data/raw/cdsco_alerts/state/2024-12_state_nsq.pdf,9,38,38,ITRACHARGE 200 (Itraconazole Capsules BP),Itraconazole Capsules BP,NC-0805,NC0805,,false,,,D/M: 06/2023,D/E: 05/2025,"M/s. Neptune Life Sciences Pvt. Ltd., 100-B, EPIP, Phase-II, Thana, Baddi-173205 (H.P)",neptune life sciences pvt ltd,Dissolution Test only,Karnataka,,,,0.7
2024-12,state,nsq,false,data/raw/cdsco_alerts/state/2024-12_state_nsq.pdf,9,39,39,Ondansetron Injection IP-2ml,,A24AM130,A24AM130,,false,2024-04,2026-03,04/2024,03/2026,"Skymap Pharamceuticals Pvt. Ltd, B-2 Dev Bhoomi Industrial Estate, Puhana Iqbalpur Road, Roorkee - 247 667",skymap pharamceuticals pvt ltd,sample does not conform to requirement for assay and related substances,"King Institute of Preventive Medicine & Research, Guindy, Chennai-32",,,,1.0
2024-12,state,nsq,false,data/raw/cdsco_alerts/state/2024-12_state_nsq.pdf,9,40,40,Cipladine Multipurpose Antiseptic Skin Ointment,,CH040103,CH040103,,false,2024-03,2026-02,03/2024,02/2026,"HSN International, At Plot No.54-55, Sector 6A, I.I.E, Sidcul, Haridwar, Uttarakhand,249403.",hsn international,Sample does not conform to USP specification for povidone-Iodine Ointment with respect to content of available Iodine in povidone Iodine.,"Drugs Testing Laboratory, Chennai - 6",,,,1.0
2024-12,state,nsq,false,data/raw/cdsco_alerts/state/2024-12_state_nsq.pdf,9,41,41,Povidone-Iodine Ointment USP,,VG24025,VG24025,,false,2024-04,2026-03,04/2024,03/2026,"Microwin Labs PVt Ltd, Plot No.363, Industrial Focal Point, Phase-9, Mohali-160062.",microwin labs pvt ltd,Sample does not conform to USP Spcification for povidine-IODINE Ointment with respect to the content of Avaible Iodine in povidone Iodine.,"Drugs Testing Laboratory, Madurai - 19.",,,,1.0
2024-12,state,nsq,false,data/raw/cdsco_alerts/state/2024-12_state_nsq.pdf,9,42,42,Atorvastatin Calcium Tablets IP 10mg,,HTN414D,HTN414D,,false,2024-04,2026-03,04/2024,03/2026,"Himalaya Meditek Pvt. Ltd, Plot No. 35 & 36, Pharmacity, Selaqui, Industrial Area, Dehradun - 248 197",himalaya meditek pvt ltd,Sample does not conform to IP Specification for Atorvastatin Calcium Tablets with respect to Dissolution,"Drugs Testing Laboratory, Chennai - 6",,,,1.0
2024-12,state,nsq,false,data/raw/cdsco_alerts/state/2024-12_state_nsq.pdf,10,43,43,Atorvastatin Calcium Tablets IP 10mg,,HTN405D,HTN405D,,false,2024-04,2026-03,04/2024,03/2026,"Himalaya Meditek Pvt. Ltd, Plot No. 35 & 36, Pharmacity, Selaqui, Industrial Area, Dehradun - 248 197",himalaya meditek pvt ltd,Sample does not conform to IP Specification for Atorvastatin Calcium Tablets with respect to Dissolution,"Drugs Testing Laboratory, Chennai - 6",,,,1.0
2024-12,state,nsq,false,data/raw/cdsco_alerts/state/2024-12_state_nsq.pdf,10,44,44,Ciprofloxacin Hydrochloride Tablets IP 500mg,,HTN1126L,HTN1126L,,false,2023-11,2025-10,11/2023,10/2025,"Himalaya Meditek Pvt. Ltd, Plot No. 35 & 36, Pharmacity, Selaqui, Industrial Area, Dehradun - 248 197",himalaya meditek pvt ltd,Sample does not conform to IP specification for ciprofloxacin tablets with respect to Dissolution,"Drugs Testing Laboratory, Chennai - 6",,,,1.0
2024-12,state,nsq,false,data/raw/cdsco_alerts/state/2024-12_state_nsq.pdf,10,45,45,Amlod-At,,DT240289,DT240289,,false,2024-02,2026-01,02/2024,01/2026,"Daeiou Pharmaceutical (P) Ltd, R.S.No.158, Puducherry - Villupuram Main Road, Villianur, Puducherry, 605110.",daeiou pharmaceutical ltd,Sample does not conform to IP Specification for Amlodipine and Atenolol Tablets with respect to Dissolution for Amlodipine and to the Content of Amlodipine in Amlodipine in Amlidipine Besylate.,"Drugs Testing Laboratory, Chennai - 6",,,,1.0
2024-12,state,nsq,false,data/raw/cdsco_alerts/state/2024-12_state_nsq.pdf,10,46,46,Glimepiride Tablets IP 1mg,,PGG24-002,PGG24002,,true,2024-06,2026-05,06/2024,05/2026,"Pondchy Pharmaceuticals, R.S.No.218/4, 218/5, Odiaampet, Manaveli Road, Villianur Commune, Puducherry, 605110.",pondchy pharmaceuticals,Sample does not conform to IP specification for Glimepiride Tablets with respect to Dissolution.,"Drugs Testing Laboratory, Chennai - 6",,,,1.0
2024-12,state,nsq,false,data/raw/cdsco_alerts/state/2024-12_state_nsq.pdf,10,47,47,Snikuf 4,,RZAB01,RZAB01,,false,2023-05,2025-04,05/2023,04/2025,"Akums Drugs & Pharmaceuticals Ltd, 22, Sector-6A, I.I.E, Sidcul. Ranipur, Haridwar-249403, Uttrakhand.",akums drugs pharmaceuticals ltd,Sample does not conform to label claim with respect to the content of Terbutaline Sulphate.,"Drugs Testing Laboratory, Chennai - 6",,,,1.0
2024-12,state,nsq,false,data/raw/cdsco_alerts/state/2024-12_state_nsq.pdf,11,48,48,Trubery LS,,Z-23388,Z23388,,false,2023-09,2025-08,09/2023,08/2025,"CSD Lifesciences, Village Malkumajra, Morepen Road, Baddi, Distt, Solan, (H.P). 173205.",csd lifesciences,Sample does not conform to Label with respect to the content of Levosalbutamol in Levosalbutamol sulphate.,"Drugs Testing Laboratory, Chennai - 6",,,,1.0
2024-12,state,nsq,false,data/raw/cdsco_alerts/state/2024-12_state_nsq.pdf,11,49,49,Sucrazum-O Suspension,,ALL-899,ALL899,,false,2023-08,2025-07,08/2023,07/2025,"Access Life Science, Khasra No.551/3, Village Taksal, Parwanoo, Distt, Solan (HP), 173220.",access life science,Sample does not conform to Label claim with respect to the content of Oxetacaine.,"Drugs Testing Laboratory, Chennai - 6",,,,1.0
2024-12,state,nsq,false,data/raw/cdsco_alerts/state/2024-12_state_nsq.pdf,11,50,50,"Rosuvastatin, Aspirin & Clopidogrel Capsules (20mg/75mg/75 mg)",,MC240184,MC240184,,false,2024-02,2026-01,02/2024,01/2026,"Mascot Health Series Pvt Ltd., Plot No. 79, 80 Sec-6A, IIE, Sidcul, Haridwar- 249 403",mascot health series pvt ltd,"Sample does not conform to Label claim with respect to the content of Aspirin and to Schedule V of Drugs and Cosmetics Act, with respect to free Salicylic Acid.","Drugs Testing Laboratory, Chennai - 6",,,,1.0
2024-12,state,nsq,false,data/raw/cdsco_alerts/state/2024-12_state_nsq.pdf,11,51,51,Metoclopramide HCL Injection I.P-2ml,,24DQC64,24DQC64,,false,2024-03,2026-02,03/2024,02/2026,"SVP Life Sciences, C/10-1, Sara Industrial Estate, Selaqui, Dehradun",svp life sciences,sample does not conform to the requirement for Assay of Metoclopramide,"King Institute of Preventive Medicine & Research, Guindy, Chennai-32",,,,1.0
2024-12,state,nsq,false,data/raw/cdsco_alerts/state/2024-12_state_nsq.pdf,11,52,52,Metoclopramide HCL Injection I.P-2ml,,HLI405D,HLI405D,,false,2024-04,2026-03,04/2024,03/2026,"Himalaya Meditek Pvt. Ltd, Plot No. 35 & 36, Pharmacity, Selaqui, Industrial Area, Dehradun - 248 197",himalaya meditek pvt ltd,sample does not conform to the requirement for Assay of Metoclopramide,"King Institute of Preventive Medicine & Research, Guindy, Chennai-32",,,,1.0
2024-12,state,nsq,false,data/raw/cdsco_alerts/state/2024-12_state_nsq.pdf,11,53,53,Amitriptyline Tablets IP 25mg,,TA24159,TA24159,,false,2024-04,2026-03,04/2024,03/2026,"Saintlife Pharmaceuticals Ltd, 323, Central Hope Town, Industrial Area, Selaqui, Dehradun - 248 011, Uttarakhand, India",saintlife pharmaceuticals ltd,Sample does not conform to IP specification for tablets with respect to Definition.,"Drugs Testing Laboratory, Chennai - 6",,,,1.0
2024-12,state,nsq,false,data/raw/cdsco_alerts/state/2024-12_state_nsq.pdf,12,54,54,Megapure-TZ IU suspension,,23L-162,23L162,,false,2023-09,2025-08,09/2023,08/2025,"Prispag Pharma, Roomi, Jagraon - 142030.",prispag pharma,Sample does not conform to label claim with respect to the content of Ciprofloxacin in Ciprofloxacin Hydrochloride and Tinidazole.,"Drugs Testing Laboratory, Chennai - 6",,,,1.0
2024-12,state,nsq,false,data/raw/cdsco_alerts/state/2024-12_state_nsq.pdf,12,55,55,Octenidine Dihydrochlordie Gel,,PPKAC84,PPKAC84,,false,2023-05,2026-04,05/2023,04/2026,"Pure & Cure Healthcare Pvt Ltd, (A Subsidiary of Akums Drugs & Pharmaceuticals Ltd,) Plot No.26A,27-30, Sector - 8A,IIE, Sidcul, Haridwar-249403. Uttarakhand.",pure cure healthcare pvt ltd,Sample does not conform to label claim with respect to the content of Octenidine Dihydrochloride.,"Drugs Testing Laboratory, Madurai - 19.",,,,1.0
2024-12,state,nsq,false,data/raw/cdsco_alerts/state/2024-12_state_nsq.pdf,12,56,56,Dexamethasone Tablets IP 0.5mg,,TA24036,TA24036,,false,2024-01,2025-12,01/2024,12/2025,"Saintlife Pharmaceuticals Ltd, 323, Central Hope Town, Industrial Area, Selaqui, Dehradun - 248 011, Uttarakhand, India",saintlife pharmaceuticals ltd,Sample does not conform to IP Specification for Dexamethasone Tablets with respect to the content of Dexamethasone.,"Drugs Testing Laboratory, Chennai - 6",,,,1.0
2024-12,state,nsq,false,data/raw/cdsco_alerts/state/2024-12_state_nsq.pdf,12,57,57,Dexamethasone Tablets IP 0.5mg,,TA24035,TA24035,,false,2024-01,2025-12,01/2024,12/2025,"Saintlife Pharmaceuticals Ltd, 323, Central Hope Town, Industrial Area, Selaqui, Dehradun - 248 011, Uttarakhand, India",saintlife pharmaceuticals ltd,Sample does not conform to IP Specification for Dexamethasone Tablets with respect to the content of Dexamthasone.,"Drugs Testing Laboratory, Chennai - 6",,,,1.0
2024-12,state,nsq,false,data/raw/cdsco_alerts/state/2024-12_state_nsq.pdf,12,58,58,Peedon,,P2409,P2409,,false,2024-05,2026-04,05/2024,04/2026,"Sharing formulations Pvt Ltd, Plot No.41,G.I.D.C, Waghodia, Vadodara. 391760.",sharing formulations pvt ltd,Sample does not conform to label claim with respect to the content of Available Iodine in Povidone-Iodine.,"Drugs Testing Laboratory, Chennai - 6",,,,1.0
2024-12,state,nsq,false,data/raw/cdsco_alerts/state/2024-12_state_nsq.pdf,13,59,59,Esilac Soluion,,ZBL-1154,ZBL1154,,false,2023-12,2025-11,12/2023,11/2025,"Zoic Biotech Pvt Ltd, Plot No.C-15, Focal Point, Ind. Area, Chanalon, Mohali, (Punjab), 140103.",zoic biotech pvt ltd,Sample does not conform to USP Specification for Lactulose Solution with respect to the Content of Lactulose in Lactulose Concentrate.,"Drugs Testing Laboratory, Chennai - 6",,,,1.0
2024-12,state,nsq,false,data/raw/cdsco_alerts/state/2024-12_state_nsq.pdf,13,60,60,Amoxycillin Dispersible Tablets IP 125 mg,,PGA24-002,PGA24002,,true,2024-03,2026-02,03/2024,02/2026,"Pondchy Pharmaceuticals, R.S.No.218/4, 218/5, Odiaampet, Manaveli Road, Villianur Commune, Puducherry, 605110.",pondchy pharmaceuticals,Sample does not conform to IP Specification for Dispersible Tablets with respect to uniformity of Dispersion and Disintegration,"Drugs Testing Laboratory, Chennai - 6",,,,1.0
2024-12,state,nsq,false,data/raw/cdsco_alerts/state/2024-12_state_nsq.pdf,13,61,61,Orsiclop-A75,,NTT241036,NTT241036,,true,2024-03,2026-02,03/2024,02/2026,"Nanoceut Therapeutics Pvt Ltd, R.S.No. 104/19A, E.V.R.Street, Sedarapet, Puducherry, 605111",nanoceut therapeutics pvt ltd,"Sample does not conform to IP specification for Clopidogrel and Aspirin Tablets with respect to Dissolution ( Clopidogrel and Aspirin), Free Salicylic Acid (Related substance for Aspirin) and to the content of ASpirin","Drugs Testing Laboratory, Chennai - 6",,,,1.0
2024-12,state,nsq,false,data/raw/cdsco_alerts/state/2024-12_state_nsq.pdf,13,62,62,Iron Sucrose Injection USP-5ML,,PGY23118,PGY23118,,false,2023-08,2025-07,08/2023,07/2025,"Affy Parenterals, Vill. Gullerwala, P.O. Baddi, Distt. Solan - 173 205 (H.P)",affy parenterals,Sample does not conform to requirement for assay for iron.,"King Institute of Preventive Medicine & Research, Guindy, Chennai-32",,,,1.0
2024-12,state,nsq,false,data/raw/cdsco_alerts/state/2024-12_state_nsq.pdf,14,63,63,Justkof-LS,,UF2674082F,UF2674082F,,true,2024-01,2025-12,01/2024,12/2025,"Ultra Drugs Formultations Pvt Ltd, Plot No.338/278, Vill. Manakpur, Lodhimajra, Tehsil-Baddi, Distt. Solan (HP)-173205.",ultra drugs formultations pvt ltd,sample does not conform to Label claim with respect to the content of Ambroxol Hydrochloride.,"Drugs Testing Laboratory, Madurai - 19.",,,,1.0
2024-12,state,nsq,false,data/raw/cdsco_alerts/state/2024-12_state_nsq.pdf,14,64,64,Gabacure Gel,,HUAA46,HUAA46,,false,2024-06,2025-11,06/2024,11/2025,"Akums Druges & Pharmaceuticals Ltd. 47,48,Sector-6A, I.I.E., SIDCUL,, Haridwar-249 403, Uttarakhand.",akums druges pharmaceuticals ltd 47,Sample does not conform to Label claim with respect to the content of Gobapentin.,"Drugs Testing Laboratory, Madurai - 19.",,,,1.0
2024-12,state,nsq,false,data/raw/cdsco_alerts/state/2024-12_state_nsq.pdf,14,65,65,Dexamethasone Injection IP-2ml,,FDDTI-004,FDDTI004,,false,2024-02,2026-01,02/2024,01/2026,"Laborate Pharmaceuticals India Ltd, 51 Indl. Area, Paonta Sahib (HP).",laborate pharmaceuticals india ltd,Sample does not conform to requirement for Assay.,"King Institute of Preventive Medicine & Research, Guindy, Chennai-32",,,,1.0
2024-12,state,nsq,false,data/raw/cdsco_alerts/state/2024-12_state_nsq.pdf,14,66,66,Ondansetron Tablets IP 4 mg,,320D2401,320D2401,,false,2024-04,2026-03,04/2024,03/2026,"SSM Formulations Private Limited, Survey No. 11/1, Mouza Ashti (Rith), Hinganghar (M.H), 442301",ssm formulations private limited,Sample does not conform to IP Specification for Ondansetron Tablets with respect to Dissolution.,"Drugs Testing Laboratory, Chennai - 6",,,,1.0
2024-12,state,nsq,false,data/raw/cdsco_alerts/state/2024-12_state_nsq.pdf,14,67,67,O Mak-200,,VMWT2407,VMWT2407,,true,2024-06,2026-03,06/2024,03/2026,"Vertex Pharma Chemicals, Plot No.60-A,61-A, PIPDIC Electronic Park, Tirubhuvanai, Puducheryy-605107.",vertex pharma chemicals,Sample does not conform to IP Specification of Ofloxacin Tablets with respect to the content of Ofloxacin.,"Drugs Testing Laboratory, Madurai - 19.",,,,1.0
2024-12,state,nsq,false,data/raw/cdsco_alerts/state/2024-12_state_nsq.pdf,14,68,68,Retrazith-250,,WT3927F,WT3927F,,false,2024-03,2026-02,03/2024,02/2026,"Saphnix Life Sciences, Village-Barotiwala, Paonta Sahib,Distt, Siramour, Himachal Pradesh-173025",saphnix life sciences,Sample does not conform to IP specification for Azithromycin Tablets with respect to Dissolution and to the Content of Anhydrous Azithromycin Dihydrate.,"Drugs Testing Laboratory, Chennai - 6",,,,1.0
2024-12,state,nsq,false,data/raw/cdsco_alerts/state/2024-12_state_nsq.pdf,15,69,69,Surgi Spirit,,SS-084032,SS084032,,false,2024-08,2026-07,08/2024,07/2026,"Transflex, Hawahar Nagar, Ranipur (C.G),492001.",transflex,Sample does not conform IP Specifciation for Surgical Spirit with respect to weight per ml.,"Drugs Testing Laboratory, Chennai - 6",,,,1.0
2024-12,state,nsq,false,data/raw/cdsco_alerts/state/2024-12_state_nsq.pdf,15,70,70,Brokuf-DM,,CBL-0024/24,CBL002424,,true,2024-02,2026-01,02/2024,01/2026,"C.B.Healthcare, Village Messa Tibba, Tehsil Nalagarh, Distt, Solan (H.P),174101.",c b healthcare,Sample does not conform to Label claim with respect to the content of phenylephrine Hydrochloride.,"Drugs Testing Laboratory, Chennai - 6",,,,1.0
2024-12,state,nsq,false,data/raw/cdsco_alerts/state/2024-12_state_nsq.pdf,15,71,71,Tamcof-Ls Syrup,,AGL230221C,AGL230221C,,true,2024-03,2026-02,03/2024,02/2026,"Asterisk Healthcare, V.P.O Bathri, Thesil Haroli, Distt. Una (H.P),174301.",asterisk healthcare,Sample does not conform to Label claim with respect to the content of Ambroxol Hydrochloride,"Drugs Testing Laboratory, Chennai - 6",,,,1.0
2024-12,state,nsq,false,data/raw/cdsco_alerts/state/2024-12_state_nsq.pdf,15,72,72,Cadcof-Lx Syrup,,DLS2378,DLS2378,,false,2024-06,2026-05,06/2024,05/2026,"Dhwanilife Care Pvt Ltd, Plot No.C-20/2, (C-39) & C-20/3, (C-40), Arvind Mega Parek, Village-Chachravadi Vasna, Ahmedabad, Gujarat-382213.",dhwanilife care pvt ltd,"Sample does not conform to Label Claim with respect to the content of Levosalbutamol in Levosalbutamol Sulphate, Ambroxol Hydrochloride and Guaiphenesin.","Drugs Testing Laboratory, Chennai - 6",,,,1.0
2024-12,state,nsq,false,data/raw/cdsco_alerts/state/2024-12_state_nsq.pdf,15,73,73,Co-Trimoxazole Tablets IP 480mg,,MT404,MT404,,false,2024-01,2026-12,01/2024,12/2026,"Maxwell Lifescience Pvt Ltd, T-53 & T-81, M.I.D.C, Tarapur, Boisar, Dist, Palghar, 401506.",maxwell lifescience pvt ltd,Sample does not conform to IP Specification for Co-Trimoxazole Tablets with respect to Dissolution for Sulphamethoxazole,"Drugs Testing Laboratory, Chennai - 6",,,,1.0
2024-12,state,nsq,false,data/raw/cdsco_alerts/state/2024-12_state_nsq.pdf,15,74,74,Cipladine,,CHO40018,CHO40018,,false,2024-01,2025-12,01/2024,12/2025,"HSN International, At point No.54-55, Sector 6A, I.IE, Sidcul Haridwar, (Uttarakhand), 249403",hsn international,"Sample does not conform to USP Specification for Povidone- Iodine Ointment with respect to the content of Avaible Iodine in Povidone Iodine,","Drugs Testing Laboratory, Madurai - 19.",,,,1.0
2024-12,state,nsq,false,data/raw/cdsco_alerts/state/2024-12_state_nsq.pdf,16,75,75,Cipladine Ointment,,CHO40020,CHO40020,,false,2024-01,2025-12,01/2024,12/2025,"HSN International, At point No.54-55, Sector 6A, I.IE, Sidcul Haridwar, (Uttarakhand), 249403",hsn international,Sample does not conform to USP Specification for Povidone-Iodine Ointment with respect to the content of Avaible Iodine in Povidone Iodine.,"Drugs Testing Laboratory, Madurai - 19.",,,,1.0
2024-12,state,nsq,false,data/raw/cdsco_alerts/state/2024-12_state_nsq.pdf,16,76,76,Atovaris-F,,DEMT-240124B,DEMT240124B,,true,2024-04,2026-03,04/2024,03/2026,"Dr.Edwin Medilabs Pvt Ltd, Plot No.B-29, Industrial Area, Focal Point, Chanalon, Kurali, SAS Nagar-140103(pb).",dr edwin medilabs pvt ltd,Sample does not conform to IP Specification with respect to Uniformity of Weight.,"Drugs Testing Laboratory, Madurai - 19.",,,,1.0
2024-12,state,nsq,false,data/raw/cdsco_alerts/state/2024-12_state_nsq.pdf,16,77,77,Capiwash Mouthwah,,FL-050B,FL050B,,false,2023-08,2025-07,08/2023,07/2025,"Forgo Pharmaceuticals, 27, Dic Ind Area, Barotiwala, the Baddi, Distt, Solan (H.P)- 174103",forgo pharmaceuticals,Sample does not conform to IP Specification for Chlorhexidine Mouthwash IP with respect to the content of Chlorhexidine Gluconate in Chlorhexidine Gluconate Solution.,"Drugs Testing Laboratory, Madurai - 19.",,,,1.0
2024-12,state,nsq,false,data/raw/cdsco_alerts/state/2024-12_state_nsq.pdf,16,78,78,Povidone-Iodine Ointment USP,,VG23017,VG23017,,false,2023-11,2025-10,11/2023,10/2025,"Microwin Labs PVt Ltd, Plot No.363, Industrial Focal Point, Phase-9, Mohali-160062.",microwin labs pvt ltd,Sample does not conform to USP Specification for Povidone - Iodine Ointment with respect to the content of Avaible Iodine in Povidone Iodine.,"Drugs Testing Laboratory, Madurai - 19.",,,,1.0
2024-12,state,nsq,false,data/raw/cdsco_alerts/state/2024-12_state_nsq.pdf,17,79,79,Flucent Pour-on Solution,,PB-105/12,PB10512,,false,2023-12,2025-11,12/2023,11/2025,"Indo Gulf Pharmaceuticals, 5.4 K.M, Meerut Road, Muzaffarnagar (U.P)",indo gulf pharmaceuticals,Sample does not conform to Label claim with respect to Identification and Content of Flumethrin.,"Drugs Testing Laboratory, Madurai - 19.",,,,1.0
2024-12,state,nsq,false,data/raw/cdsco_alerts/state/2024-12_state_nsq.pdf,17,80,80,Betamethasone Valerate Ointment IP 01% w/w,,B06,B06,,false,2024-05,2026-04,05/2024,04/2026,"Syndicate Pharma, 185/B, 185/B-1, 187/A & 188, sector -F, Sanwer Road, Indore-452015.",syndicate pharma,Sample does not conform to IP specification for Betamethasone Valerate Ointment with respect to the content of Betamethasone in Betamethasone Valerate.,"Drugs Testing Laboratory, Madurai - 19.",,,,1.0
2024-12,state,nsq,false,data/raw/cdsco_alerts/state/2024-12_state_nsq.pdf,17,81,81,Clobium Suspension. Clobazam Oral Suspension BP 5mg,,TYOL-047,TYOL047,,false,2024-07,2026-06,07/2024,06/2026,"Tanmed Pharma (I) Pvt Ltd, No.1/429, Multi Industrial Nagar, Gerugambakkam, Chennai-600128",tanmed pharma pvt ltd,Sample does not conform to BP specification for Clobazam Oral Suspension with respect to Dissolution and to the content of Clobazam,"Drugs Testing Laboratory, Chennai-6",,,,1.0
2024-12,state,nsq,false,data/raw/cdsco_alerts/state/2024-12_state_nsq.pdf,17,82,82,Chlorpheniramin e Maleate Injection,,IAL77/23,IAL7723,,false,2023-12,2025-11,12/2023,11/2025,"Anra Pharamaceuticals Pvt Ltd, Madurai-Melur Road, Vellaripati, Madurai-625122",anra pharamaceuticals pvt ltd,Sample does not conform to the requirement for Assay for Chlorpheniramine,"King Institute of Preventive Medicine & Research, Guindy, Chennai-32",,,,1.0
2024-12,state,nsq,false,data/raw/cdsco_alerts/state/2024-12_state_nsq.pdf,17,83,83,Chro-B Gold,,DCBGT-2402,DCBGT2402,,true,2024-09,2026-02,09/2024,02/2026,"Kniss Laboratories (P) Ltd, Plot No. 9, Multe Industrial Estate, Gerugambakkam, Chennai - 600 128",kniss laboratories ltd,Sample does not conform to label claim with respect to the content of Cholecalciferol,"Drugs Testing Laboratory, Chennai - 6",,,,1.0
2024-12,state,nsq,false,data/raw/cdsco_alerts/state/2024-12_state_nsq.pdf,18,84,84,Atorvastatin Tablets IP 10mg,,A283,A283,,false,2024-04,2026-03,04/2024,03/2026,"Rikenbik Pharma, 113, SIDCO Industrial Estate, Ambattur, Chennai-600098.",rikenbik pharma,Sample does not conform to IP Specification for Atorvastatin Calcium Tablets with respect to Dissolution.,"Drugs Testing Laboratory, Chennai - 6",,,,1.0
2025-01,state,nsq,false,data/raw/cdsco_alerts/state/2025-01_state_nsq.pdf,1,1,1,PC-WIN-650,,VGT231699C,VGT231699C,,true,2023-09,2025-08,09/23,08/25,"Mfg By: Vrindavan Global Plot No. 23-B & C , Ind. Area Lodhimajra Baddi Distt. Solan (HP) 173205 Mrk. By: In Med Therepeutics Plot No. 286, Basement Part-I, Industrial Area , Phase I , Panchkula -134113",mfg by vrindavan global plot no 23 b c,The sample does not conform to IP 2022 with respect to the test for Dissolution,Drug Testing Laboratory Srinagar (J&K) - Report attached as Annexure A,,,,1.0
2025-01,state,nsq,false,data/raw/cdsco_alerts/state/2025-01_state_nsq.pdf,1,2,2,Aceclofenac & Drotaverine Hydrochlori de Tablets (100 mg/ 80 mg),,PRT2401-01,PRT240101,,true,2024-01,,01/2024,45992,"M/s. Regent Ajanta Biotech, 86-87, Village Makhiyali Dundi, Peerpura Road, Roorkee-247667 (U.K)",regent ajanta biotech,Description,Karnataka,,,,0.7
2025-01,state,nsq,false,data/raw/cdsco_alerts/state/2025-01_state_nsq.pdf,1,3,3,Compound Sodium Lactate Injection I.P (Ringer’s Lactate I.P),Ringer’s Lactate I.P,03BF2319,03BF2319,,true,2023-12,,Dec/202 3,46327,"M/s. Paschim Banga Pharmaceuticals, (A Unit of Farista Vanijya Pvt. Ltd), NH-31, TIN MILE HAT, Sonapur HAT, PS. Chopra Dist. Uttar Dinajpur-733214 (W.B)",paschim banga pharmaceuticals,Bacterial Endotoxins Test,Karnataka,,,,0.7
2025-01,state,nsq,false,data/raw/cdsco_alerts/state/2025-01_state_nsq.pdf,1,4,4,Compound Sodium Lactate Injection I.P (Ringer’s Lactate I.P),Ringer’s Lactate I.P,03BF2241,03BF2241,,true,,2026-09,45200,09/2026,"M/s. Paschim Banga Pharmaceuticals, (A Unit of Farista Vanijya Pvt. Ltd), NH-31, TIN MILE HAT, Sonapur HAT, PS. Chopra Dist. Uttar Dinajpur-733214 (W.B)",paschim banga pharmaceuticals,Test for Sterility,Karnataka,,,,0.7
2025-01,state,nsq,false,data/raw/cdsco_alerts/state/2025-01_state_nsq.pdf,2,5,5,Compound Sodium Lactate Injection I.P (Ringer’s Lactate I.P),Ringer’s Lactate I.P,03BF2260,03BF2260,,true,2023-10,,Oct/202 3,46266,"M/s. Paschim Banga Pharmaceuticals, (A Unit of Farista Vanijya Pvt. Ltd), NH-31, TIN MILE HAT, Sonapur HAT, PS. Chopra Dist. Uttar Dinajpur-733214 (W.B)",paschim banga pharmaceuticals,Test for Sterility,Karnataka,,,,0.7
2025-01,state,nsq,false,data/raw/cdsco_alerts/state/2025-01_state_nsq.pdf,2,6,6,Compound Sodium Lactate Injection I.P (Ringer’s Lactate I.P),Ringer’s Lactate I.P,03BF2318,03BF2318,,true,,,45261,46327,"M/s. Paschim Banga Pharmaceuticals, (A Unit of Farista Vanijya Pvt. Ltd), NH-31, TIN MILE HAT, Sonapur HAT, PS. Chopra Dist. Uttar Dinajpur-733214 (W.B)",paschim banga pharmaceuticals,Bacterial Endotoxins Test” and “Test for Sterility,Karnataka,,,,0.7
2025-01,state,nsq,false,data/raw/cdsco_alerts/state/2025-01_state_nsq.pdf,2,7,7,Compound Sodium Lactate Injection I.P (Ringer’s Lactate I.P),Ringer’s Lactate I.P,03BF2256,03BF2256,,true,,,45200,46266,"M/s. Paschim Banga Pharmaceuticals, (A Unit of Farista Vanijya Pvt. Ltd), NH-31, TIN MILE HAT, Sonapur HAT, PS. Chopra Dist. Uttar Dinajpur-733214 (W.B)",paschim banga pharmaceuticals,Test for Sterility,Karnataka,,,,0.7
2025-01,state,nsq,false,data/raw/cdsco_alerts/state/2025-01_state_nsq.pdf,2,8,8,Compound Sodium Lactate Injection I.P (Ringer’s Lactate I.P),Ringer’s Lactate I.P,03BF2389,03BF2389,,true,,,45323,46388,"M/s. Paschim Banga Pharmaceuticals, (A Unit of Farista Vanijya Pvt. Ltd), NH-31, TIN MILE HAT, Sonapur HAT, PS. Chopra Dist. Uttar Dinajpur-733214 (W.B)",paschim banga pharmaceuticals,Test for Sterility,Karnataka,,,,0.7
2025-01,state,nsq,false,data/raw/cdsco_alerts/state/2025-01_state_nsq.pdf,2,9,9,Compound Sodium Lactate Injection I.P (Ringer’s Lactate I.P),Ringer’s Lactate I.P,03BP0057,03BP0057,,true,2023-09,,Sep/202 3,46235,"M/s. Paschim Banga Pharmaceuticals, (A Unit of Farista Vanijya Pvt. Ltd), NH-31, TIN MILE HAT, Sonapur HAT, PS. Chopra Dist. Uttar Dinajpur-733214 (W.B)",paschim banga pharmaceuticals,Test for Sterility,Karnataka,,,,0.7
2025-01,state,nsq,false,data/raw/cdsco_alerts/state/2025-01_state_nsq.pdf,2,10,10,Compound Sodium Lactate Injection I.P (Ringer’s Lactate I.P),Ringer’s Lactate I.P,03BF2328,03BF2328,,true,,,45261,46327,"M/s. Paschim Banga Pharmaceuticals, (A Unit of Farista Vanijya Pvt. Ltd), NH-31, TIN MILE HAT, Sonapur HAT, PS. Chopra Dist. Uttar Dinajpur-733214 (W.B)",paschim banga pharmaceuticals,Bacterial Endotoxin Test” and “Test for Sterility,Karnataka,,,,0.7
2025-01,state,nsq,false,data/raw/cdsco_alerts/state/2025-01_state_nsq.pdf,3,11,11,Compound Sodium Lactate Injection I.P (Ringer’s Lactate I.P),Ringer’s Lactate I.P,03BP0060,03BP0060,,true,2023-09,,09/2023,46235,"M/s. Paschim Banga Pharmaceuticals, (A Unit of Farista Vanijya Pvt. Ltd), NH-31, TIN MILE HAT, Sonapur HAT, PS. Chopra Dist. Uttar Dinajpur-733214 (W.B)",paschim banga pharmaceuticals,Test for Sterility,Karnataka,,,,0.7
2025-01,state,nsq,false,data/raw/cdsco_alerts/state/2025-01_state_nsq.pdf,3,12,12,Compound Sodium Lactate Injection I.P (Ringer’s Lactate I.P),Ringer’s Lactate I.P,03BF2329,03BF2329,,true,,,45261,46327,"M/s. Paschim Banga Pharmaceuticals, (A Unit of Farista Vanijya Pvt. Ltd), NH-31, TIN MILE HAT, Sonapur HAT, PS. Chopra Dist. Uttar Dinajpur-733214 (W.B)",paschim banga pharmaceuticals,Bacterial Endotoxin Test” and “Test for Sterility,Karnataka,,,,0.7
2025-01,state,nsq,false,data/raw/cdsco_alerts/state/2025-01_state_nsq.pdf,3,13,13,Compound Sodium Lactate Injection I.P (Ringer’s Lactate I.P),Ringer’s Lactate I.P,03BF2210,03BF2210,,true,2023-09,,Sep/202 3,46235,"M/s. Paschim Banga Pharmaceuticals, (A Unit of Farista Vanijya Pvt. Ltd), NH-31, TIN MILE HAT, Sonapur HAT, PS. Chopra Dist. Uttar Dinajpur-733214 (W.B)",paschim banga pharmaceuticals,Test for Sterility,Karnataka,,,,0.7
2025-01,state,nsq,false,data/raw/cdsco_alerts/state/2025-01_state_nsq.pdf,3,14,14,Compound Sodium Lactate Injection I.P (Ringer’s Lactate I.P),Ringer’s Lactate I.P,03BP0120,03BP0120,,true,2024-01,,Jan/202 4,46357,"M/s. Paschim Banga Pharmaceuticals, (A Unit of Farista Vanijya Pvt. Ltd), NH-31, TIN MILE HAT, Sonapur HAT, PS. Chopra Dist. Uttar Dinajpur-733214 (W.B)",paschim banga pharmaceuticals,Test for Sterility,Karnataka,,,,0.7
2025-01,state,nsq,false,data/raw/cdsco_alerts/state/2025-01_state_nsq.pdf,3,15,15,Compound Sodium Lactate Injection I.P (Ringer’s Lactate I.P),Ringer’s Lactate I.P,03BF2342,03BF2342,,true,,,45261,46327,"M/s. Paschim Banga Pharmaceuticals, (A Unit of Farista Vanijya Pvt. Ltd), NH-31, TIN MILE HAT, Sonapur HAT, PS. Chopra Dist. Uttar Dinajpur-733214 (W.B)",paschim banga pharmaceuticals,Sterility Test”,Karnataka,,,,0.7
2025-01,state,nsq,false,data/raw/cdsco_alerts/state/2025-01_state_nsq.pdf,3,16,16,Compound Sodium Lactate Injection I.P (Ringer’s Lactate I.P),Ringer’s Lactate I.P,03BF2254,03BF2254,,true,,,45200,46266,"M/s. Paschim Banga Pharmaceuticals, (A Unit of Farista Vanijya Pvt. Ltd), NH-31, TIN MILE HAT, Sonapur HAT, PS. Chopra Dist. Uttar Dinajpur-733214 (W.B)",paschim banga pharmaceuticals,Sterility Test,Karnataka,,,,0.7
2025-01,state,nsq,false,data/raw/cdsco_alerts/state/2025-01_state_nsq.pdf,4,17,17,Compound Sodium Lactate Injection I.P (Ringer’s Lactate I.P),Ringer’s Lactate I.P,03BF2369,03BF2369,,true,2023-12,,Dec/202 3,46327,"M/s. Paschim Banga Pharmaceuticals, (A Unit of Farista Vanijya Pvt. Ltd), NH-31, TIN MILE HAT, Sonapur HAT, PS. Chopra Dist. Uttar Dinajpur-733214 (W.B)",paschim banga pharmaceuticals,Bacterial Endotoxin Test,Karnataka,,,,0.7
2025-01,state,nsq,false,data/raw/cdsco_alerts/state/2025-01_state_nsq.pdf,4,18,18,Compound Sodium Lactate Injection I.P (Ringer’s Lactate I.P),Ringer’s Lactate I.P,03BP0115,03BP0115,,true,,,45261,46327,"M/s. Paschim Banga Pharmaceuticals, (A Unit of Farista Vanijya Pvt. Ltd), NH-31, TIN MILE HAT, Sonapur HAT, PS. Chopra Dist. Uttar Dinajpur-733214 (W.B)",paschim banga pharmaceuticals,Test for Sterility and Bacterial Endotoxins Test,Karnataka,,,,0.7
2025-01,state,nsq,false,data/raw/cdsco_alerts/state/2025-01_state_nsq.pdf,4,19,19,"Aceclofenac , Paracetamo l and Chlorzoxazo ne Tablets (Megaceclo MR)",Megaceclo MR,AMT2407160,AMT2407160,,true,,,45474,46174,"M/s. Marine Medicare Pvt. Ltd., Vill. Kulhariwala & P.O. Mandhala, Tehsil-baddi, Distt. Solan (H.P) 174 103",marine medicare pvt ltd,On the received sample presence of spots observed which should not be present As per DCC Guidelines on Not Of Standard Quality (NSQ) Drugs Approved in 1993 (Annexure A) Tablets vide serial No.(i) Presence of Spot/discoloration-NSQ,puducherry,,,,0.7
2025-01,state,nsq,false,data/raw/cdsco_alerts/state/2025-01_state_nsq.pdf,4,20,20,"Paracetamo l, Cetirizine Hydrochlori de & Phenylephri ne Hydrochlori de Tablets (WINCOLD Z)",WINCOLD Z,WNZT-3240,WNZT3240,,true,,,45231,46296,"M/s Wings Biotech LLP., 43 & 44, HPSIDC, Industrial Area, Baddi-173 205 (H.P)",wings biotech llp,On the received sample presence of spots were observed which should not be present As per DCC Guidelines on Not Of Standard Quality (NSQ) Drugs Approved in 1993 (Annexure A) Tablets vide serial No.(i) Presence of Spot/discoloration - NSQ,puducherry,,,,0.7
2025-01,state,nsq,false,data/raw/cdsco_alerts/state/2025-01_state_nsq.pdf,5,21,21,Cefpodoxim e Proxetil Tablets IP 200 MG (RIZDOX-200),RIZDOX-200,VCT/129,VCT129,,false,,,45139,45839,"M/s Vats Biotech Pvt Ltd,(An ISO 9001:2015 GMP,GLP Certified co) Vill.Kailar, P.O. Saproon, Teh & Distt Solan-173 211 (H.P)",vats biotech pvt ltd,"On the received sample Discoloration,rough s u r f a c e a n d picking defects were observed which should not be present As per DCC Guidelines on Not Of Standard Quality (NSQ) Drugs Approved in 1993 (Annexure A) Tablets vide serial No.(i) Presence of Spot/discoloration (iv)Picking and (vii)Rough surface. - NSQ",puducherry,,,,0.7
2025-01,state,nsq,false,data/raw/cdsco_alerts/state/2025-01_state_nsq.pdf,5,22,22,Calcium Carbonate & Vitamin D3 Tablets (VICTOCAL – D3),VICTOCAL – D3,MDP -746,MDP746,,true,,,45536,46235,"M/s. MEDINOK HEALTHCARE PVT LTD., R.S.No. 2/1, Plot No. 87,88,89, Vazhudhavur Main Road, Kurumbapet, Puducherry – 605 009.",medinok healthcare pvt ltd,"The sample received is labelled as CALCIUM CARBONATE & VITAMIN D3 TABLETS, however CALCIUM CARBONATE & VITAMIN D3 TABLETS is an official IP monograph (2022) hence should be labelled as CALCIUM AND VITAMIN D3 TABLETS IP. - Label issue",puducherry,,,,0.7
2025-01,state,nsq,true,data/raw/cdsco_alerts/state/2025-01_state_nsq.pdf,5,23,23,Pregabalin (SR) & Methylcobal amin Tablet (Mecoben – PG),Mecoben – PG,MP -240724,MP240724,,true,,,45566,46266,"M/s. Medistark Biotech Pvt. Ltd., R.S. No. 68/4, 68/10, Sri Srinivasapuram, Agasampattu, Vanur Tk, Tamilnadu – 605 111.",medistark biotech pvt ltd,The label of the container in the drug is mentioned as 'Approved colour used' but the common name of the permitted colour used in the formulation as prescribed under rule 127 (2) of the drug rule was not mentioned. - Misbranded,puducherry,,,,0.7
2025-01,state,nsq,false,data/raw/cdsco_alerts/state/2025-01_state_nsq.pdf,6,24,24,Thiamine Hydrochlori de Tablets IP 100mg (KTHAMINE -100),KTHAMINE -100,ZRST-1361,ZRST1361,,true,,,45505,46023,"M/s. ZRS PHARMACEUTICALS INDIA PVT LTD., Khasra No 48, 490/3,562/489/1, Opposite Sector-6, Tehsil Kasauli, Parwanoo, Solan, HP-173220",zrs pharmaceuticals india pvt ltd,"(i) On the received sample, Presence of Spot defect was observed which should not be present as per DCC Guidelines on Not Of Standard Quality (NSQ) Drugs Approved in 1993 (Annexure A) Tablets vide serial No.(i) Presence of Spot/discoloration. (ii)The label of the container in the drug is mentioned as 'Approved colour used' but the common name of the permitted colour used in the formulation as prescribed under rule 127 (2) of the drug rule was not mentioned. (iii) The label claim of the drug states 'Thiamin hydrochloride IP 100mg' instead of ' Thiamine Hydrochoride IP 100mg' but the proper name of the drug should be written as prescribed under 96(1),(i)(A) of The Drugs and Cosmetics Act. (iv) The label claim of the received sample states Thiamin Hydrochloride IP 100mg whereas in the IP monograph, The usual strength of the thiamine tablet is stated as 5mg, 10mg, 50mg. Hence,the Strength of the sample received does not match the usual strength as mentioned in the IP monograph. - NSQ",puducherry,,,,0.7
2025-01,state,nsq,false,data/raw/cdsco_alerts/state/2025-01_state_nsq.pdf,7,25,25,"Paracetamo l, Phenylephri ne HCl, Caffeine & Diphenhydr amine HCl Tablets (CINKOLD)",CINKOLD,SG034B03,SG034B03,,true,,,44958,45658,"M/s. Sharun Pharmaceuticals Pvt Ltd.,R.S. NO: 195/9 & 197/4, Pangoor, Ariyur Revenue Village, Villianur, Puducherry-605102",sharun pharmaceuticals pvt ltd,"NOTE:(i) On the received sample, Presence of Spot defect was observed which should not be present as per DCC Guidelines on Not Of Standard Quality (NSQ) Drugs Approved in 1993 (Annexure A) Tablets vide serial No.(i) Presence of Spot/discoloration. (ii)The label of the container in the drug is mentioned as 'Approved colour used' but the common name of the permitted colour used in the formulation as prescribed under rule 127 (2) of the drug rule was not mentioned. vel - NSQ",puducherry,,,,0.7
2025-01,state,nsq,false,data/raw/cdsco_alerts/state/2025-01_state_nsq.pdf,8,26,26,BETAHISTI NE DIHYDROC HLORIDE TABLETS IP (Betahox-8),Betahox-8,T-18946,T18946,,false,,,44958,45658,"M/s Jackson Laboratories Pvt Ltd., Plot No . 56 & 61, Industrial Area, Phase- III, Sansarpur Terrace, Distt. Kangra (H.P)-176501",jackson laboratories pvt ltd,On the received sample presence of spots were observed which should not be present As per DCC Guidelines on Not Of Standard Quality (NSQ) Drugs Approved in 1993 (Annexure A) Tablets vide serial No.(i) Presence of Spot/discolouration. - NSQ,puducherry,,,,0.7
2025-01,state,nsq,false,data/raw/cdsco_alerts/state/2025-01_state_nsq.pdf,8,27,27,Aceclofenac and Thiocolchico side Tablets (Speronac - MR),Speronac - MR,P240502,P240502,,false,,,45413,46113,"M/s.– Prosilio Pharmaceuticals Pvt. Ltd., R.S.No. 35/6, Uruvaiyar Main Road, Uruvaiyar, Villianur Commune, Puducherry – 605 110.",prosilio pharmaceuticals pvt ltd,On the received sample presence of spots were observed which should not be present As per DCC Guidelines on Not Of Standard Quality (NSQ) Drugs Approved in 1993 (Annexure A) Tablets vide serial No.(i) Presence of Spot/discoloration. - NSQ,puducherry,,,,0.7
2025-01,state,nsq,false,data/raw/cdsco_alerts/state/2025-01_state_nsq.pdf,9,28,28,Clopidogrel Tablet I.P 75 mg (Maxgrel - 75),Maxgrel - 75,MDP -309,MDP309,,true,,,45444,46143,"M/s. Medinok Healthcare Pvt. Ltd., (A GMP & ISO 9001:2015 Certified Company) R.S.No. 2/1, Plot No. 87,88,89, Vazhudhavur Main Road, Kurumbapet, Puducherry – 605 009",medinok healthcare pvt ltd,"(i) On the received sample, Presence of S p o t a n d discoloration defects were observed which should not be present as per DCC Guidelines on Not Of Standard Quality (NSQ) Drugs Approved in 1993 (Annexure A) Tablets vide serial No.(i) Presence of Spot/discoloration. (ii)The label of the container in the drug is mentioned as 'Approved colour used' but the common name of the permitted colour used in the formulation as prescribed under rule 127 (2) of the drug rule was not mentioned. (iii) On the received sample, The name of the manufacturer and the address of the premises of the manufacturer appears in an inconspicuous manner on the label whereas they should appear in a conspicuous manner as prescribed under 96 (1) (iv) of the Drugs and Cosmetics Act. (iv) On the received sample,the label details of the primary packing does not match with that of the secondary packing (Excipients …q.s is not mentioned in primary packing)- NSQ",puducherry,,,,0.7
2025-01,state,nsq,false,data/raw/cdsco_alerts/state/2025-01_state_nsq.pdf,10,29,29,Mecobalami n Sublingual Tablets 1500 mcg (Re- Xite BTX),Re- Xite BTX,D2406019,D2406019,,true,,,45444,46143,"M/s LINUX LIFE SCIENCES PVT LTD., R.S. No.241/1 & 241/5, Kalitheerthalkuppam, Madagadipet Post, Mannadipet commune,Puducherry- 605 107, India.",linux life sciences pvt ltd,"On the received sample, Presence of Spot defect was observed which should not be present as per DCC Guidelines on Not Of Standard Quality (NSQ) Drugs Approved in 1993 (Annexure A) Tablets vide serial No.(i) Presence of Spot/discoloration.- NSQ",puducherry,,,,0.7
2025-01,state,nsq,false,data/raw/cdsco_alerts/state/2025-01_state_nsq.pdf,10,30,30,Amoxycillin Trihydrate Capsules (RIMOXIN),RIMOXIN,RIX-040,RIX040,,false,,,45292,45992,"M/s RIPPON LABORATORIES No.44,45, Pazaniyappa Nagar, Othiyampet, Villianur, Puducherry-605 110",rippon laboratories no 44,"The sample received is labelled as AMOXYCILLIN TRIHYDRATE CAPSULES , however AMOXYCILLIN TRIHYDRATE CAPSULES is an official IP monograph (2022) hence should be labelled as AMOXYCILLIN TRIHYDRATE CAPSULES IP.- Label issue",puducherry,,,,0.7
2025-01,state,nsq,true,data/raw/cdsco_alerts/state/2025-01_state_nsq.pdf,11,31,31,Metoprolol Succinate Extended Release & Telmisartan Tablets (Leaftel Beta – 25),Leaftel Beta – 25,MP -231584,MP231584,,true,,,45352,46054,"M/s. Medistark Biotech Pvt. Ltd., R.S.No. 68/4, 68/10, Sri Srinivasapuram, Agasampattu, Vanur (TK), Tamilnadu – 605 111",medistark biotech pvt ltd,The label of the container in the drug is mentioned as 'Approved colour used' but the common name of the permitted colour used in the formulation as prescribed under rule 127 (2) of the drug rule was not mentioned. - Misbranded,puducherry,,,,0.7
2025-01,state,nsq,false,data/raw/cdsco_alerts/state/2025-01_state_nsq.pdf,11,32,32,Lucos-LM kid suspension,,AMS23416,AMS23416,,true,2023-12,2025-11,12/2023,11/2025,"Alop Med-Sciences Pvt Ltd, Shamti, Solan-173212.H.P",alop med sciences pvt ltd,Sample does not conform to Label claim with respect to the content of Levocetirizine Hydrochloride and Montelukast in Montelukast Sodium.,"Drugs Testing Laboratory, Chennai - 6",,,,1.0
2025-01,state,nsq,false,data/raw/cdsco_alerts/state/2025-01_state_nsq.pdf,11,33,33,Spironolacto ne Tablets IP,,T-2403993,T2403993,,true,2024-03,2026-02,03/2024,02/2026,"Oscar Remedies Pvt. Ltd, Oscar House, Badi Majra, Yamuna Nagar(HR) - 135001",oscar remedies pvt ltd,Sample does not conform to IP specification for Spironolactone Tablets with respect to Dissolution,"Drugs Testing Laboratory, Chennai - 6",,,,1.0
2025-01,state,nsq,false,data/raw/cdsco_alerts/state/2025-01_state_nsq.pdf,11,34,34,Nozal Cream,,3447,3447,,false,2024-03,2026-02,03/2024,02/2026,"Olcare Laboratories, 505/A, G.I,D.C, Estate, Wadhwancity-363035. Dist. Surendranagar-(GUJ)",olcare laboratories,Sample does not conform to BP Specification for Ketoconazole Cream with respect to the content of Ketoconazole.,"Drugs Testing Laboratory, Chennai - 6",,,,1.0
2025-01,state,nsq,false,data/raw/cdsco_alerts/state/2025-01_state_nsq.pdf,12,35,35,Gentamicin Injection IP-2ml,,24BUE74,24BUE74,,false,2024-05,2026-04,05/2024,04/2026,"SVP Life Sciences, C/10-1, Sara Industrial Estate, Selequi, Dehradun",svp life sciences,Sample does not conform to the requirement for PH.,"King Institute of Preventive Medicine & Research, Guindy, Chennai-32",,,,1.0
2025-01,state,nsq,false,data/raw/cdsco_alerts/state/2025-01_state_nsq.pdf,12,36,36,Sucralfate and Oxetacain Suspension,,SEL2401,SEL2401,,false,2024-01,2025-12,01/2024,12/2025,"CU-V-Kar Genetic Medicines Pvt Ltd, 14, Pharmacity, Selaqui, Distt. Dehradun, Uttarakhand-248011.",cu v kar genetic medicines pvt ltd,Sample does not conform to Label claim with respect to content of Oxetacaine.,"Drugs Testing Laboratory, Madurai -19.",,,,1.0
2025-01,state,nsq,false,data/raw/cdsco_alerts/state/2025-01_state_nsq.pdf,12,37,37,Aspirin Tablets,,TAS23010AL,TAS23010AL,,true,2023-10,2025-09,10/2023,09/2025,"Hindustan Laboratories Limited, Plot No, 5-9, Survey NO.38/2, Aliyali, Palghar (W), Dist. Palghar 4041404(MS)",hindustan laboratories limited,Sample does not conform to IP Specification for Aspirin Tablets with respect to the content of Aspirin.,"Drugs Testing Laboratory, Madurai -19.",,,,1.0
2025-01,state,nsq,false,data/raw/cdsco_alerts/state/2025-01_state_nsq.pdf,12,38,38,Nozal,,4246,4246,,false,2024-10,2026-09,10/2024,09/2026,"Olcare Laboratories, 505/A, G.I,D.C, Estate, Wadhwancity-363035. Dist. Surendranagar-(GUJ)",olcare laboratories,Sample does not conform to BP Specification for Ketoconazole cream with respect to the content of Ketoconazole,"Drugs Testing Laboratory, chennai - 6",,,,1.0
2025-01,state,nsq,false,data/raw/cdsco_alerts/state/2025-01_state_nsq.pdf,12,39,39,Amoxycillin Dispersible Tablets IP 125 mg,,PGA24-001,PGA24001,,true,2024-01,2025-12,01/2024,12/2025,"Pondchy Pharmaceuticals, R.S.No.218/4, 218/5, Odiaampet, Manaveli Road, Villianur Commune, Puducherry, 605110.",pondchy pharmaceuticals,Sample does not conform to IP Specification for Dispersible Tablets with respect to uniformity of Dispersion and Disintegration,"Drugs Testing Laboratory, chennai - 6",,,,1.0
2025-01,state,nsq,false,data/raw/cdsco_alerts/state/2025-01_state_nsq.pdf,12,40,40,Povinanz Gargle,,ES40030,ES40030,,false,2024-03,2026-02,03/2024,02/2026,"Nanz med Science Pharma Pvt Ltd, Rampur Ghat, Paonta Sahib, District Sirmour (H.P) India - 173 025",nanz med science pharma pvt ltd,sample does not conform to label with respect to the content of available iodine in povidone-iodine,"Drugs Testing Laboratory, chennai - 6",,,,1.0
2025-01,state,nsq,false,data/raw/cdsco_alerts/state/2025-01_state_nsq.pdf,12,41,41,Amoxycillin Dispersible Tablets IP 125 mg,,PGA24-006,PGA24006,,true,2024-08,2026-07,08/2024,07/2026,"Pondchy Pharmaceuticals, R.S.No.218/4, 218/5, Odiaampet, Manaveli Road, Villianur Commune, Puducherry, 605110.",pondchy pharmaceuticals,Sample does not conform to IP Specification for Dispersible Tablets with respect to uniformity of Dispersion and Disintegration,"Drugs Testing Laboratory, chennai - 6",,,,1.0
2025-01,state,nsq,false,data/raw/cdsco_alerts/state/2025-01_state_nsq.pdf,13,42,42,"Ttocin Ointment, Mupirocin with Tea Tree Oil Ointment",,MVO-070,MVO070,,false,2024-10,2026-09,10/2024,09/2026,"Bonn Schetering Bio Sciences, Plot No.64 & 65, 1st Floor, Electronic park, Thirubuvanai, Mannadipet Commune, Puducherry, 605107.",bonn schetering bio sciences,Sample does not conform to label claim with respect to the content of mupirocin.,"Drugs Testing Laboratory, chennai - 6",,,,1.0
2025-01,state,nsq,false,data/raw/cdsco_alerts/state/2025-01_state_nsq.pdf,13,43,43,Flumethrin 1% Porur-On Solution,,EE-240906,EE240906,,true,2024-09,2026-08,09/2024,08/2026,"Ethicare Laboratories, 15, Industrial Estate, Digiana, Jammu-180010",ethicare laboratories,Sample does not conform to Lablel Claim with respect to the content of Flumethrin.,"Drugs Testing Laboratory, Madurai -19.",,,,1.0
2025-01,state,nsq,false,data/raw/cdsco_alerts/state/2025-01_state_nsq.pdf,13,44,44,Sucnol-O Suspension,,SCI-2305,SCI2305,,false,2023-11,2025-10,11/2023,10/2025,"Apple Formulations Pvt Ltd, Plot No.208, Kidhsnpur, Roorkee-247667(U.K)",apple formulations pvt ltd,Sample does not conform to Label Claim with respect to the content of Oxetacaine,"Drugs Testing Laboratory, Madurai -19.",,,,1.0
2025-01,state,nsq,false,data/raw/cdsco_alerts/state/2025-01_state_nsq.pdf,13,45,45,Betamethas one Valerate Ointment IP 0.1% w/w,,B76,B76,,false,2024-08,2026-07,08/2024,07/2026,"Syndicate Pharma, 185/B, 185/B-1, 187/A & 188, sector - F, Sanwer Road, Indore-452015.",syndicate pharma,Sample does not conform to IP Specification for Betamethasone Valerate Ointment with respect to the content of Betamethasone in Betamethasone Valerate.,"Drugs Testing Laboratory, chennai - 6",,,,1.0
2025-01,state,nsq,false,data/raw/cdsco_alerts/state/2025-01_state_nsq.pdf,13,46,46,Co-Trimoxazole Tablets IP 480mg,,MT402,MT402,,false,2024-01,2026-12,01/2024,12/2026,"Maxwell Lifescience Pvt Ltd, T-53 & T-81, M.I.D.C, Tarapur, Boisar, Dist, Palghar, 401506.",maxwell lifescience pvt ltd,Sample does not conform to IP Specification for Co-Trimoxazole Tablets with respect to Dissolution for Trimethoprim and Sulphamethoxazole,"Drugs Testing Laboratory, chennai - 6",,,,1.0
2025-01,state,nsq,false,data/raw/cdsco_alerts/state/2025-01_state_nsq.pdf,14,47,47,N-Clin Gel,,M030,M030,,false,2024-07,2026-06,07/2024,06/2026,"Elegant Cosmed Pvt Ltd, Plot No.32&33, G.I.D.C, Rajkot, Gujarat, Kuvadva - 360023",elegant cosmed pvt ltd,Sample does not conform to label claim with respect to the content Clindamycin in Clindamycin Phosphate,"Drugs Testing Laboratory, chennai - 6",,,,1.0
2025-01,state,nsq,false,data/raw/cdsco_alerts/state/2025-01_state_nsq.pdf,14,48,48,Gentamicin Injection IP-2ml,,24BUF83,24BUF83,,false,2024-06,2026-05,06/2024,05/2026,"SVP Life science, C/10-1, Sara industrial Estate, Selequri, Dehradun",svp life science,sample does not Conform to the requirement for PH,"King Institute of Preventive Medicine & Research, Guindy, Chennai-32",,,,1.0
2025-01,state,nsq,false,data/raw/cdsco_alerts/state/2025-01_state_nsq.pdf,14,49,49,Gentamicin Injection IP-2ml,,HLI620F,HLI620F,,false,2024-06,2026-05,06/2024,05/2026,"Himalaya Meditek Private Ltd, Plot.No 35&36 Pharmacity, Selaquri Industrial Ara, Dehradun - 248 197",himalaya meditek private ltd,sample does not Conform to the requirement for PH,"King Institute of Preventive Medicine & Research, Guindy, Chennai-32",,,,1.0
2025-01,state,nsq,false,data/raw/cdsco_alerts/state/2025-01_state_nsq.pdf,14,50,50,Gentamicin Injection IP-2ml,,HLI615F,HLI615F,,false,2024-06,2026-05,06/2024,05/2026,"Himalaya Meditek Private Ltd, Plot.No 35&36 Pharmacity, Selaquri Industrial Ara, Dehradun - 248 197",himalaya meditek private ltd,sample does not Conform to the requirement for PH,"King Institute of Preventive Medicine & Research, Guindy, Chennai-32",,,,1.0
2025-01,state,nsq,false,data/raw/cdsco_alerts/state/2025-01_state_nsq.pdf,14,51,51,Gentamicin Injection IP-2ml,,HLI623F,HLI623F,,false,2024-06,2026-05,06/2024,05/2026,"Himalaya Meditek Private Ltd, Plot.No 35&36 Pharmacity, Selaquri Industrial Ara, Dehradun - 248 197",himalaya meditek private ltd,sample does not Conform to the requirement for PH,"King Institute of Preventive Medicine & Research, Guindy, Chennai-32",,,,1.0
2025-01,state,nsq,false,data/raw/cdsco_alerts/state/2025-01_state_nsq.pdf,14,52,52,Gentamicin Injection IP-2ml,,23BUH50,23BUH50,,false,2023-08,2025-07,08/2023,07/2025,"SVP Life science, C/10-1, Sara industrial Estate, Selequri, Dehradun",svp life science,sample does not Conform to the requirement for PH,"King Institute of Preventive Medicine & Research, Guindy, Chennai-32",,,,1.0
2025-01,state,nsq,false,data/raw/cdsco_alerts/state/2025-01_state_nsq.pdf,14,53,53,Gentamicin Injection IP-2ml,,HLI628F,HLI628F,,false,2024-06,2026-05,06/2024,05/2026,"Himalaya Meditek Private Ltd, Plot.No 35&36 Pharmacity, Selaquri Industrial Ara, Dehradun - 248 197",himalaya meditek private ltd,sample does not Conform to the requirement for PH,"King Institute of Preventive Medicine & Research, Guindy, Chennai-32",,,,1.0
2025-01,state,nsq,false,data/raw/cdsco_alerts/state/2025-01_state_nsq.pdf,14,54,54,Ketoya Soap,,MO26,MO26,,false,2024-08,2026-07,08/2024,07/2026,"Elegant Cosmed Pvt Ltd, Plot No.32&33, G.I.D.C, Rajkot, Kuvadva - 360023,Gujarat,",elegant cosmed pvt ltd,sample does not conform to label claim with respect to the content of Ketoconazole,"Drugs Testing Laboratory, chennai - 6",,,,1.0
2025-01,state,nsq,false,data/raw/cdsco_alerts/state/2025-01_state_nsq.pdf,14,55,55,Betamethas one Valerate Oilment IP 0.1% w/w,,BO6,BO6,,false,2024-05,2026-04,05/2024,04/2026,"Syndicate Pharma, 185/B, 185/B-1, 187/A & 188, sector - F, Sanwer Road, Indore-452015.",syndicate pharma,Sample does not conform to IP specification for Betamethasone Valerate Ointment with respect to the content of Betamethasone in Betamethasone Valerate.,"Drugs Testing Laboratory, chennai - 6",,,,1.0
2025-01,state,nsq,false,data/raw/cdsco_alerts/state/2025-01_state_nsq.pdf,15,56,56,Mupirocin Ointment IP,,SO-033,SO033,,false,2024-03,2026-02,03/2024,02/2026,"SB Lifesciences pvt ltd, At.Plot No.45, EPIP, Phase-I, Jharmajri Baddi, Dist Solan (HP)-173205",sb lifesciences pvt ltd,Sample does not conform to IP specification for Mupirocin Ointment with respect to the content of Mupirocin,"Drugs Testing Laboratory, Madurai -19.",,,,1.0
2025-01,state,nsq,false,data/raw/cdsco_alerts/state/2025-01_state_nsq.pdf,15,57,57,Mupirocin Ointment IP,,ME-41,ME41,,false,2024-02,2026-01,02/2024,01/2026,"Maxwell pharma, Plot No.6&7, Sector-5, Parwanoo, Solan, H.P PIN-173220, India",maxwell pharma,Sample does not conform to IP specification for Mupirocin Ointment with respect to identification and content of mupirocin,"Drugs Testing Laboratory, Madurai -19.",,,,1.0
2025-01,state,nsq,false,data/raw/cdsco_alerts/state/2025-01_state_nsq.pdf,15,58,58,Lukus,,G198,G198,,false,2024-06,2026-05,06/2024,05/2026,"INDKUS Biotech India, Vill manuja rampur jattan, Moginand, Kala amb, Sist.sirmour (HP) - 173001",indkus biotech india,Sample does not conform to IP specification for Luliconazole Cream with respect to the content of Luliconazole,"Drugs Testing Laboratory, Madurai -19.",,,,1.0
2025-01,state,nsq,false,data/raw/cdsco_alerts/state/2025-01_state_nsq.pdf,15,59,59,Coscopin Cold Plus,,CSP23001,CSP23001,,true,2023-06,2025-05,06/2023,05/2025,"Windlas Biotech Limited (Plant-2) Khasra No.141 to 143 & 145, Mohabewala, Indl. Area, Dehradun-248110. Uttarakhand.",windlas biotech limited khasra no 141 to 143 145,Sample does not conform to Label claim with respect to the content of Phenylephrine Hydrochloride,"Drugs Testing Laboratory, Madurai -19.",,,,1.0
2025-01,state,nsq,false,data/raw/cdsco_alerts/state/2025-01_state_nsq.pdf,15,60,60,Mobicool TM-S Suspenion,,RL-231203,RL231203,,true,2024-02,2026-01,02/2024,01/2026,"Rednex pharmaceuticals,LS No-142, NR, HBS, Chancharvadi Vasna, Ta: sanand Di: Ahmedabad",rednex pharmaceuticals,Sample does not conform to Label claim with respect to content Oxetacaine,"Drugs Testing Laboratory, Madurai -19.",,,,1.0
2025-01,state,nsq,false,data/raw/cdsco_alerts/state/2025-01_state_nsq.pdf,16,61,61,Mupirocin Ointment IP 2% w/w,,NO330156,NO330156,,true,2023-11,2025-10,11/2023,10/2025,"Nanz med Science Pharma Pvt Ltd, Rampur Ghat, Paonta Sahib, District Sirmour (H.P) India - 173 025",nanz med science pharma pvt ltd,Sample does not conform to IP specification for Mupirocin Ointment with respect to the content of mupirocin,"Drugs Testing Laboratory, Madurai -19.",,,,1.0
2025-01,state,nsq,false,data/raw/cdsco_alerts/state/2025-01_state_nsq.pdf,16,62,62,Luliconazole Cream IP 1% w/w,,2946,2946,,false,2024-05,2026-04,05/2024,04/2026,"Regent Ajanta Biotech, 86-87, Village Makhiyali Dundi, Peerpura Road, Roorkee - 247667 (UK)",regent ajanta biotech,sample does not Conform to IP Specification for Luliconazole Cream with respect to the PH of 10% w/v solution.,"Drugs Testing Laboratory, Madurai -19.",,,,1.0
2025-01,state,nsq,false,data/raw/cdsco_alerts/state/2025-01_state_nsq.pdf,16,63,63,Cefixime & Lactic Acid Bacillus Dispersible Tablets,,MLS-24506,MLS24506,,true,2024-07,2026-06,07/2024,06/2026,"Maskon Life sciences pvt ltd, Kh.No.69/70, Khatakheri, Bhagwanpur, Roorkee 247667 (UK) India",maskon life sciences pvt ltd,Sample does not conform to label claim with respect to the content of Anhydrous Cefixime in Cefixime Trihydrate,"Drugs Testing Laboratory, Madurai -19.",,,,1.0
2025-01,state,nsq,false,data/raw/cdsco_alerts/state/2025-01_state_nsq.pdf,16,64,64,VIP Hair Colour Shampoo,,B107C,B107C,,false,2024-06,2026-05,06/2024,05/2026,"VIMAC, #18/C. Noombal Village, SF.No.125/1A, 1B, Ambattur, Taluk, Tiruvallur District, Chennai-600077.",vimac,Sample does not conform to BIS specification for oxidation hair dye with respect to the content of phenyl methyl pyrazolone and Resorcinol,"Drugs Testing Laboratory, Chennai - 6",,,,1.0
2025-01,state,nsq,false,data/raw/cdsco_alerts/state/2025-01_state_nsq.pdf,16,65,65,B&B Beaute Blanc Hair Colour Conditioner Natural Black,,22012024,22012024,,true,2024-01,2027-01,22.01.2 024,21.01.2 027,"Gabt Co Ltd, Guanzhou, China.",gabt co ltd,"The sample is found to contain m-phenylenediamine which must not form part of the conposition of cosmetics products as per BIS specification 4707 (Part 2): 2017, under Annex A (clauses 1,2 and 3.1), serial No.1198.","Drugs Testing Laboratory, Chennai - 6",,,,1.0
2025-01,state,nsq,false,data/raw/cdsco_alerts/state/2025-01_state_nsq.pdf,17,66,66,Nyomi Fruit Vinegar Black Hair Gel Colour,,20240712,20240712,,true,2024-07,2027-07,12.07.2 024,11.07.2 027,"Guangzhou Aocai Bio-Technology Co. Ltd, Address. Building D.No.10, Shi Longgang Industry, Chang Yaoling Village, Zhong Luotan Town, Guangzhou, China.",guangzhou aocai bio technology co ltd,Sample does not conform to BIS Specification for Oxidation Hair dye with respect to the content of Phenyl Methyl Pyrazole.,"Drugs Testing Laboratory, Chennai - 6",,,,1.0
2025-01,state,nsq,false,data/raw/cdsco_alerts/state/2025-01_state_nsq.pdf,17,67,67,Xputum-LS Syrup,,24-XLS-010,24XLS010,,true,2024-02,2025-07,02/2024,07/2025,"Stedman Pharmaceuticals Pvt Ltd, C-4, SIDCO Pharmaceuticals Complex, Alathur, Thiruporur-603 110, Tamilnadu.",stedman pharmaceuticals pvt ltd,Sample does not conform to Label Claim With respect to content of Levosalbutamol in Levosalbutamol Sulphate.,"Drugs Testing Laboratory, Madurai -19.",,,,1.0
2025-01,state,nsq,false,data/raw/cdsco_alerts/state/2025-01_state_nsq.pdf,17,68,68,Podine-M,,PM 04,PM04,,false,2024-04,2026-03,04/2024,03/2026,"Karlin Pharmaceuticals & Exports Private Limited, No.2/140, Indira Nagar, Valasaravakkam, Chennai - 600087",karlin pharmaceuticals exports private limited,sample does not conform to label claim with respect to the content of available iodine in povidone iodine,"Drugs Testing Laboratory, Chennai - 6",,,,1.0
2025-01,state,nsq,false,data/raw/cdsco_alerts/state/2025-01_state_nsq.pdf,17,69,69,Mupirocin Ointment IP,,DC2437,DC2437,,false,2024-03,2025-08,03/2024,08/2025,"Arius Formulation Private Limited, R.S.No.141/1, Groud floor, Navarkulam Main Road, Pattanur, Tamilnadu - 605101",arius formulation private limited,Sample does not conform to IP Specification for Mupirocin Ointment with respect to the content of Mupirocin,"Drugs Testing Laboratory, Madurai-19",,,,1.0
2025-01,state,nsq,false,data/raw/cdsco_alerts/state/2025-01_state_nsq.pdf,17,70,70,Cumox 500,,FDCX-076,FDCX076,,true,2024-10,2026-09,10/2024,09/2026,"Firstmed Therapeuticals pvt ltd, R.S.No.31/1, Pondy-Tindivanam Main Road, Auroville (PO), Thiruchitrambalam, Tamilnadu - 605 101",firstmed therapeuticals pvt ltd,Sample does not conform to IP specification for Amoxycillin capsules with respect to Uniformity of Weight and to the content of Amoxycillin in Amoxycillin Trihydrate.,"Drugs Testing Laboratory, Chennai - 6",,,,1.0
2025-01,state,nsq,false,data/raw/cdsco_alerts/state/2025-01_state_nsq.pdf,17,71,71,Norfloxacin Tablets IP 400mg,,RNFT-017,RNFT017,,true,,,10/2024 .,09/2026 .,"Mfg By: Revat Laboratories Pvt.Ltd., 12-321, Opp. I.D.A, Kurnool Road, Pernamitta, Ongole - 523 002 Andhra Pradesh.",mfg by revat laboratories pvt ltd,NOT OF STANDARD QUALITY Dissolution test does not complies for Norfloxacin Tablets IP at S2 Level as per IP 2022.,"State Lab, D r u g s C o n t r o l Laboratory, Telangana.",,,,0.7
2025-01,state,nsq,true,data/raw/cdsco_alerts/state/2025-01_state_nsq.pdf,18,72,72,Cefpodoxim e & Potassium Clavulanate Tablets,,BPT-3003,BPT3003,,true,,,02/2024 .,01/2026 .,"Mfg By: Geenac Pharma Plot No: 582, Raipur, Bhagwanpur, Roorkee, Uttarakhand-247667. Uttarakhand. . Mrkt: Wellnow Healthcare Kanal Industrial Estate, Road No. 6, Borivali East, Mumbai - 400 066.",mfg by geenac pharma plot no 582,NOT OF STANDARD QUALITY The sample does not m e e t s t h e S p e c if i c a t i o n s w r t . Identification test - and Assay - for Cefpodoxime and Clavulanic Acid as per STP. U/S. 17 B of Drugs and Cosmetics Act 1940. The Sample is deemed to be Spurious Drug.,"State Lab, D r u g s C o n t r o l Laboratory, T e la n g a na.",,,,0.7
2025-01,state,nsq,false,data/raw/cdsco_alerts/state/2025-01_state_nsq.pdf,18,73,73,Norfloxacin Tablets IP 400mg,,RNFT-014,RNFT014,,true,,,12/2023 .,11/2025 .,"Mfg By: Revat Laboratories Pvt.Ltd., 12-321, Opp. I.D.A, Kurnool Road, Pernamitta, Ongole - 523 002 Andhra Pradesh.",mfg by revat laboratories pvt ltd,NOT OF STANDARD QUALITY Dissolution test does not complies for Norfloxacin Tablets IP at S2 level as per IP 2022.,"State Lab, D r u g s C o n t r o l Laboratory, Telangana.",,,,0.7
2025-01,state,nsq,false,data/raw/cdsco_alerts/state/2025-01_state_nsq.pdf,18,74,74,"Parenteral preparations , Piperacillin & Tazobactam Injection I.P. 4.5 gm",,24PT41,24PT41,,false,,,11/2024 .,10/2026 .,"Mfg By: Sai parenterals limited D1&D4, Survey no. 280, Phase - V Survey No. 280, Phase - V, IDA, Jeedimetla, Hyderabad - 500055, Telangana, India Telangana.",mfg by sai parenterals limited d1 d4,NOT OF STANDARD QUALITY Test for sterility does not complies as per IP for the sample Piperacillin and Tazobactam injection IP 4.5 gm,"State Lab, D r u g s C o n t r o l Laboratory, Telangana.",,,,0.7
2025-01,state,nsq,false,data/raw/cdsco_alerts/state/2025-01_state_nsq.pdf,18,75,75,Retibak (0.2% Retinol) Face Serum,,AHO240048,AHO240048,,true,,,23-07-2024.,06/2026 .,"Mfg By: M/s. Aarohee healthcare Private Ltd, Sy.No. 751 & 757 Burgula (V), Farooq Nagar (M), Rangareddy District. Manufactured for : M/s. Origo cosmeceuticals Pvt.Ltd., . Marketed By: Cosmonova Medicare Pvt. Ltd., No. 18/5(A), 1st main S.R. Nagar, Richmond Road, Bangalore - 560 027.",mfg by m s aarohee healthcare private ltd,NOT OF STANDARD QUALITY Sample does not meets the s p e c if i c a t i o n s w r t . to identification test for R e t i n o l a s p e r S T P .,"State Lab, D r u g s C o n t r o l Laboratory, Telangana.",,,,0.7
2025-01,state,nsq,false,data/raw/cdsco_alerts/state/2025-01_state_nsq.pdf,19,76,76,Pantoprazol e tablets IP,,P03524,P03524,,false,,,09/2024 .,08/2026 .,"Mfg By: Spansules formulations India Pvt.Ltd, Sy NO.172, Plot No. 154/A4, IDA bollaram village Jinnaram mandal, Sangareddy dist, Hyderabad - 502 325, Telangana.",mfg by spansules formulations india pvt ltd,NOT OF STANDARD QUALITY Assay and Dissolution test does not complies for Pantoprazole tablets as per IP 2022.,"State Lab, D r u g s C o n t r o l Laboratory, Telangana.",,,,0.7
2025-01,state,nsq,true,data/raw/cdsco_alerts/state/2025-01_state_nsq.pdf,19,77,77,Kaltfer Drops Iron(III)- Hydroxide Polymaltose Complex Drops.,III,EHL-3532,EHL3532,,true,,,07/2024 .,12/2025 .,"Mfg By: M/s. Exotic Healthcare Plot No. 1305, Sector - 82, JLPL, Mohali, SAS Nagar, Punjab. . Mrkt: M/s. Curezen Pharma Pvt. Ltd, Pharmaceuticals No. 2/A/GF/FF/SF, Ground floor, Vijaynagar colony, Secunderabad, Hyd - 500025.",mfg by m s exotic healthcare plot no 1305,"NOT OF STANDARD QUALITY The sample Does not m e e t s t h e S p e c if i c a t i o n s w r t . Identification Test - Negative, Assay - Nil as per STP. U/S. 17 B of Drugs and Cosmetics Act 1940. The Sample deemed to be Spurious Drug.","State Lab, D r u g s C o n t r o l Laboratory, Telangana.",,,,0.7
2025-01,state,nsq,false,data/raw/cdsco_alerts/state/2025-01_state_nsq.pdf,19,78,78,Ondansetro n orally disintegratin g tablets IP 4 mg,,T-15842,T15842,,false,,,12/2023 .,11/2025 .,"Mfg By: Karnani Pharmaceuticals Pvt.Ltd, fact:38 Pharma city, Selaqui Dehradun - 248 011. Uttarakhand.",mfg by karnani pharmaceuticals pvt ltd,"NOT OF STANDARD QUALITY While opening the s t r i p , i t i s f o u n d t h a t the tablets are not in intact condition. Received 50 tablets, out of 50 tablets, 40 tablets are not in intact condition. Hence sample is of Not of Standard Quality with respect to Description test parameter.","State Lab, D r u g s C o n t r o l Laboratory, T e l a n g a n a .",,,,0.7
2025-01,state,nsq,false,data/raw/cdsco_alerts/state/2025-01_state_nsq.pdf,20,79,79,TELMA AM,,5240367,5240367,,false,,,45352,46419,"M/s. Glenmark Pharmaceuticals Ltd., Solan H.P.",glenmark pharmaceuticals ltd,Does not confirm to I.P.,"State Drugs Testing Laboratory, Kolkata, West Bengal.",,,,0.7
2025-01,state,nsq,false,data/raw/cdsco_alerts/state/2025-01_state_nsq.pdf,20,80,80,"CLAVPARK -LB 625mg (Amoxycillin , Potassium Clavulanate & Lactic Acid Bacillus Tab)",,CHTJ4260,CHTJ4260,,true,,,45566,46266,"M/s. Park Pharmaceuticals, Vill. Kalujhanda, Solan, H.P",park pharmaceuticals,Does not confirm to claim,"State Drugs Testing Laboratory, Kolkata, West Bengal.",,,,0.7
2025-01,state,nsq,false,data/raw/cdsco_alerts/state/2025-01_state_nsq.pdf,20,81,81,Cetirizine Syrup IP,,CE3010,CE3010,,false,2023-09,2025-08,09/23,08/25,"Kerala State Drugs and Pharmaceuticals Limited, Kalavoor .P.O, Alappuzha -688 522",kerala state drugs and pharmaceuticals limited,It fails the test ‘Assay’ as per IP,Drugs Testing Laboratory Thiruvananthapuram,,,,1.0
2025-01,state,nsq,false,data/raw/cdsco_alerts/state/2025-01_state_nsq.pdf,20,82,82,Paradolo 500 [Paracetam ol Tab IP 500 mg],,AGT40554,AGT40554,,true,2024-05,2027-04,05/24,04/27,"Alventa Pharma Ltd, Vill, Kishanpura, Baddi-Nalagarh Road, Tehsil, Baddi, Distt. Solan (HP) 174 101",alventa pharma ltd,It fails the test ‘Dissolution’ as per IP,Drugs Testing Laboratory Thiruvananthapuram,,,,1.0
2025-01,state,nsq,false,data/raw/cdsco_alerts/state/2025-01_state_nsq.pdf,20,83,83,Cetirizine Syrup IP,,CE 3008,CE3008,,false,2023-09,2025-08,09/23,08/25,"Kerala State Drugs and Pharmaceuticals Limited, Kalavoor .P.O, Alappuzha -688 522",kerala state drugs and pharmaceuticals limited,It fails the test Assay and content of packaged dosage forms specified in the laboratory protocol as per IP,Drugs Testing Laboratory Thiruvananthapuram,,,,1.0
2025-01,state,nsq,false,data/raw/cdsco_alerts/state/2025-01_state_nsq.pdf,20,84,84,Ondem-4 [Ondansetro n Tablets IP],,24441451,24441451,,true,2024-04,2026-03,04/24,03/26,"Alkem Health Science, Unit -2, Samardung, Karek Block, P.O Namthang District Namchi, Sikkim – 737 137",alkem health science,It fails the test dissolution specified in the Laboratory Protocol as per IP,Drugs Testing Laboratory Thiruvananthapuram,,,,1.0
2025-01,state,nsq,false,data/raw/cdsco_alerts/state/2025-01_state_nsq.pdf,20,85,85,Liquid Paraffin IP 400 ml,,HP24002,HP24002,,true,2024-07,2026-06,07/24,06/26,"Multicure Pharma Private Limited,Factory 14 A, IAD, Yadadri Bhongir- 508 116, Hyderabad",multicure pharma private limited,It fails the tests ‘Weight per ml and ‘Light Absortion’ as per IP,Drugs Testing Laboratory Thiruvananthapuram,,,,1.0
2025-01,state,nsq,false,data/raw/cdsco_alerts/state/2025-01_state_nsq.pdf,21,86,86,Cetirizine Syrup IP,,CE4019,CE4019,,false,2024-05,2026-04,05/24,04/26,"Kerala State Drugs and Pharmaceuticals Limited, Kalavoor .P.O, Alappuzha -688 522",kerala state drugs and pharmaceuticals limited,It fails the tests Microbial contamination in non-sterile products as per IP,Drugs Testing Laboratory Thiruvananthapuram,,,,1.0
2025-01,state,nsq,false,data/raw/cdsco_alerts/state/2025-01_state_nsq.pdf,21,87,87,Tuclav -CV 625[ Amoxycillin and Potassium Clavulanate Tab IP,,MYRTAB-618,MYRTAB618,,true,2024-08,2026-01,08/24,01/26,"Mayer Lab, Chambaghat, Adjacent to Railway Crossing, District Solan (HP)- 173 213",mayer lab,It fails the test Dissolution and Assay as per IP,Drugs Testing Laboratory Thiruvananthapuram,,,,1.0
2025-01,state,nsq,false,data/raw/cdsco_alerts/state/2025-01_state_nsq.pdf,21,88,88,Losartan Potassium Tab IP 25 mg,,D2615/24-25,D26152425,,true,,,,,"Kerala Medical Services Corporation Ltd, Thycaud P.O, Thiruvananthapuram-14",kerala medical services corporation ltd,"It fails the ‘Descriptive Part’ for the tablets as per IP , tablets should have sufficient hardness for handling without crumbling and breaking",Drugs Testing Laboratory Thiruvananthapuram,,,,1.0
2025-01,state,nsq,false,data/raw/cdsco_alerts/state/2025-01_state_nsq.pdf,21,89,89,Fexofenadin e Hydrochlori de Tab IP 180 mg [Fexodil-180],,T 3105,T3105,,false,2024-10,2026-09,10/24,09/26,"Jackson Laboratories Pvt Ltd, 22-24, Majitha Road, Byepass, Amritsar -143 001",jackson laboratories pvt ltd,It fails the test ‘Dissolution’ as per IP,Drugs Testing Laboratory Thiruvananthapuram,,,,1.0
2025-01,state,nsq,false,data/raw/cdsco_alerts/state/2025-01_state_nsq.pdf,21,90,90,Glimepiride Tablet IP 1 mg,,D2505/24-25,D25052425,,true,,,,,"Kerala Medical Services Corporation Ltd, Thycaud P.O, Thiruvananthapuram-14",kerala medical services corporation ltd,It fails the test dissolution and ‘Descriptive Part’ specified in the Laboratory Protocol as per IP,Drugs Testing Laboratory Thiruvananthapuram,,,,1.0
2025-01,state,nsq,false,data/raw/cdsco_alerts/state/2025-01_state_nsq.pdf,21,91,91,Vitamin B Complex Tablets NFI,,S0016/24-25,S00162425,,true,,,,,"Kerala Medical Services Corporation Ltd, Thycaud P.O, Thiruvananthapuram-14",kerala medical services corporation ltd,The sample does not conform to IP standards with respect to ‘Descriptive Part’ for tablets.,Drugs Testing Laboratory Thiruvananthapuram,,,,1.0
2025-01,state,nsq,false,data/raw/cdsco_alerts/state/2025-01_state_nsq.pdf,22,92,92,Glimepiride Tablet IP 1 mg,,D2721/24-25,D27212425,,true,,,,,"Kerala Medical Services Corporation Ltd, Thycaud P.O, Thiruvananthapuram-14",kerala medical services corporation ltd,The sample does not conform to IP standards with respect to ‘Descriptive Part’ for tablets.,Drugs Testing Laboratory Thiruvananthapuram,,,,1.0
2025-01,state,nsq,false,data/raw/cdsco_alerts/state/2025-01_state_nsq.pdf,22,93,93,Glimepiride Tablet IP,,D2854/24-25,D28542425,,true,,,,,"Kerala Medical Services Corporation Ltd, Thycaud P.O, Thiruvananthapuram-14",kerala medical services corporation ltd,The sample does not conform to IP standards with respect to ‘Descriptive Part’ for tablets.,Drugs Testing Laboratory Thiruvananthapuram,,,,1.0
2025-02,state,nsq,false,data/raw/cdsco_alerts/state/2025-02_state_nsq.pdf,1,1,1,Calcium & Vitamin D3 Tablets IP,,PGT24672,PGT24672,,true,2024-09,2026-08,09/24,08/26,Affy Parenterals Vill. Gullawala P.O Baddi Distt. Solan 173205 (HP),affy parenterals vill gullawala p o baddi distt solan 173205,The sample does not conform to the IP 2022 requirement with respect to uniformity of weights,Drug Testing Laboratory Srinagar (J&K),,,,1.0
2025-02,state,nsq,false,data/raw/cdsco_alerts/state/2025-02_state_nsq.pdf,1,2,2,Para 500,,NBRT-018,NBRT018,,true,2023-05,2026-04,05/23,04/26,"Laborate Pharmaceuticals India Ltd (Unit II) 31, Rajban Road Nariwala Paota Sahib (HP) Mfg For : GPP Axalade 101, Kohand –Assandh Road V.P.O Salwan Haryana -132046",laborate pharmaceuticals india ltd 31,The sample does not conforms to the IP 2022 requirement w.r.t dissolution test,Drug Testing Laboratory Srinagar (J&K),,,,1.0
2025-02,state,nsq,false,data/raw/cdsco_alerts/state/2025-02_state_nsq.pdf,1,3,3,Phenytoin Tablets IP 100 mg,,T-1150,T1150,,false,2024-04,2026-03,04/24,03/26,"Jackson Laboratories Pvt Ltd 22-24, Majitha Road Bye Pass Amritsar – 143001 (India)",jackson laboratories pvt ltd 22 24,The sample does not conforms w.r.t the test for description,Modern Drug Testing Laboratory Kathua (J&K),,,,1.0
2025-02,state,nsq,false,data/raw/cdsco_alerts/state/2025-02_state_nsq.pdf,1,4,4,Telfine -CT,,T-1150,T1150,,false,2024-01,2025-12,01/24,12/25,Cosmas Pharmacls Ltd. Buranwala Road Village Kotla P.O Barotiwala Solan (H.P) 174103 Mrk. By: NemaSis kabee Vakil Sahab Haveli Near Ansal Mall Bamba Mohalla Jodhpur India - 342001,cosmas pharmacls ltd buranwala road village kotla p o barotiwala solan 174103 mrk by nemasis kabee vakil sahab haveli near ansal mall bamba mohalla jodhpur india 342001,The sample does not conform w.r.t the Assay contents of Telmisartan and Chlorthalidone,Modern Drug Testing Laboratory Kathua (J&K),,,,1.0
2025-02,state,nsq,true,data/raw/cdsco_alerts/state/2025-02_state_nsq.pdf,1,5,5,Xorcid-O Suspension,,LSF-B0656,LSFB0656,,true,2023-07,2025-06,07/23,06/25,"Spen Formulations Pvt Ltd Plot No. 123, Industrial Area , Mehatpur, Distt. Una-174315 (H.P)",spen formulations pvt ltd plot no 123,Under Investigation / The sample is found spurious as the Assay contents of Sucralfate and Oxetacaine are found to be NIL and also fails in the test for Description,Modern Drug Testing Laboratory Kathua (J&K),,,,1.0
2025-02,state,nsq,true,data/raw/cdsco_alerts/state/2025-02_state_nsq.pdf,1,6,6,Cloprostenol Injection IP (Vet) (M Promate Injection),M Promate,I241020,I241020,,false,2024-10,2026-09,10/24,09/26,"Monatt Biotech E-31, New Focal Point Bathinda - 151005",monatt biotech e 31,Sheep Husbandry Supply / The sample is found spurious as the Assay contents of Cloprostenol Sodium I.P is found to be Nil and also fails in the Test for Sterility,Modern Drug Testing Laboratory Kathua (J&K),,,,1.0
2025-02,state,nsq,false,data/raw/cdsco_alerts/state/2025-02_state_nsq.pdf,2,7,7,MIDAZOLAM Injection IP,,24257,24257,,false,,,08/2024.,07/2026.,"M/s. T Walkers Pharmaceuticals Pvt Ltd, Gta No 285-B, Viii-Kasaramboli, P o A m b e d v e t , T a l - M u l s h i , D i s t P u n e 411004 Maharashtra",t walkers pharmaceuticals pvt ltd,NOT OF STANDARD QUALITY T h e s a m p l e M id a z o l a m Injection I.P does not comply for Assay and pH parameters as per IP 2022.,"State Lab, Drugs Control L a b o r a t o r y , T e l a n g a n a .",,,,0.7
2025-02,state,nsq,false,data/raw/cdsco_alerts/state/2025-02_state_nsq.pdf,2,8,8,Zinc Sulphate 20mg Dispersible Tablets IP,,T-15192,T15192,,false,,,03/2023.,02-2025.,"Karnal Pharmaceuticals Pvt Ltd 38, Pharmacity, Selaqui, Dehradun,Uttarakhand-248 011 U t t a r a k h a n d",karnal pharmaceuticals pvt ltd 38,NOT OF STANDARD QUALITY The sample Zinc Sulphate 2 0 m g D i s p e r s i b l e T a b l e t s IP does not comply disintegration test as per I.P 2022.,"State Lab, Drugs Control L a b o r a t o r y , T e l a n g a n a .",,,,0.7
2025-02,state,nsq,false,data/raw/cdsco_alerts/state/2025-02_state_nsq.pdf,2,9,9,Cefdoxi-CV-50 dry syrup Cefpodoxime & Potassium Clavulanate for Oral Suspension,,CD0724002F,CD0724002F,,true,,,02/2024.,07/2025.,"Alencure Biotech Pvt Ltd Village: Nagal, Suketi road, P.O. Moginand, Kala Amb, Distt. Sirmour-173030 (HP) HIMACHAL PRADESH",alencure biotech pvt ltd village nagal,"NOT OF STANDARD QUALITY 1. Description Dose Not complies- Orange -colored suspension, that is not u n if o r m ly r e s u s p e n d a b l e after reconstitution with the sterile water ampoule provided in the pack A clear phase separation is observed immediately after reconstitution. Additionally, the reconstituted suspension exhibits an obnoxious/ unacceptable odour. 2. Assay Does Not Complies: The Assay content found is not within the prescribed limit.","State Lab, Drugs Control L a b o r a t o r y , T e l a n g a n a .",,,,0.7
2025-02,state,nsq,false,data/raw/cdsco_alerts/state/2025-02_state_nsq.pdf,2,10,10,Amoxyheal-CV tablets Amoxycillin & Potassium Clavulanate Tablets I.P,,TB240378A,TB240378A,,true,,,10/2024.,09/2026.,"Polestar power industries(Pharma division) Damuwala, Haripur road, Barotiwala, Baddi, Distt: Solan (H.P.)- 174 103 HIMACHAL PRADESH",polestar power industries damuwala,"NOT OF STANDARD QUALITY The sample failed with respect to the test for Unifarmity of Weight for tablets, as 6 out of twenty t a b l e t s f a l l o u t s i d e t h e prescribed limit of 5 percent.","State Lab, Drugs Control L a b o r a t o r y , T e l a n g a n a .",,,,0.7
2025-02,state,nsq,false,data/raw/cdsco_alerts/state/2025-02_state_nsq.pdf,3,11,11,Diclofenac Sodium tablets IP 50mg.,,DT23-38,DT2338,,true,,,12/2023.,11/2025.,"Leostar Healthcare Pvt. Ltd Sy No. 321, Plot No. 10, Biotect park phase-I I I , G e n o m e v a l le y , K a r la p a t l a ( V ) , Markook(M), Siddipet(Sist)502281,",leostar healthcare pvt ltd sy no 321,"NOT OF STANDARD QUALITY 1 . W h il e o p e n i n g t h e s t r i p , it is found that the tablets are not in intact condition. Hence sample is of Not of Standard Quality with respect to Description test parameter. 2. Disintegration test does not complies since the tablets disintegrated in acid medium completely. But as per IP the coating of the enteric coated should be in intact condition in acid medium. Hence sample is of Not of Standerd Quality with respect to Disintegration test parameter.","State Lab, Drugs Control L a b o r a t o r y , T e l a n g a n a .",,,,0.7
2025-02,state,nsq,false,data/raw/cdsco_alerts/state/2025-02_state_nsq.pdf,3,12,12,RABISAP tablets Rabeprazole Gastro Resistant Tablets IP 20 mg,,A S T24524,AST24524,,true,,,1 0 / 2 0 2 4 .,0 9 / 2 0 2 6 .,"A A S S K P h a r m a c e u t i c a l s P v t L t d P l o t NO.9 Dr .Ambedkar Street, Kozhumanivakkam, Mangadu,Chennai-600122. TAMIL N A D U",a a s s k p h a r m a c e u t i c a l s p v t l t d p l o t no 9 dr ambedkar street,N O T O F S T A N D A R D QUALITY Sample does not complies in respect of Dissolution t e s t a s p e r I P,"S t a t e L a b , D r u g s C o n t r o l L a b o r a t o r y , T e l a n g a n a .",,,,0.7
2025-02,state,nsq,true,data/raw/cdsco_alerts/state/2025-02_state_nsq.pdf,3,13,13,Rabicy-20 Tablets Rabeprazole Tablets IP 20 mg,,AT2403,AT2403,2025-02_state_nsq-p3-r13,false,,,0 3 / 2 0 2 4 .,0 2 / 2 0 2 6 .,A c c u r a C a r e P h a r m a c e u t ic a l s P v t L t d ( A Venture of Biochemix grop (Agmp& ISO Certified Co) Vill. Mogin and Nahan Road Kala Amb.Dist Sirmour (H.P)173030 HIMACHAL PRADESH,a c c u r a c a r e p h a r m a c e u t ic a l s p v t l t d vill mogin and nahan road kala amb dist sirmour 173030 himachal pradesh,"N O T O F S T A N D A R D QUALITY &MISBRADED 1. Sample does not complies in respect of Dissolution test as per IP 2. The drug Rabeprazole Sodium is official in IP. But the product titile Rabeprazole Sodium IP is not mentioned on the product label. Hence the subject drug is Misbranded as per section 17 of Drugs & Cosmetics Act 1940, as it is not labeled in the prescribed manner","S t a t e L a b , D r u g s C o n t r o l L a b o r a t o r y , T e l a n g a n a .",,,,0.7
2025-02,state,nsq,true,data/raw/cdsco_alerts/state/2025-02_state_nsq.pdf,3,13,13,Rabicy-20 Tablets Rabeprazole Tablets IP 20 mg,,4 1 4 9,4149,2025-02_state_nsq-p3-r13,false,,,0 3 / 2 0 2 4 .,0 2 / 2 0 2 6 .,A c c u r a C a r e P h a r m a c e u t ic a l s P v t L t d ( A Venture of Biochemix grop (Agmp& ISO Certified Co) Vill. Mogin and Nahan Road Kala Amb.Dist Sirmour (H.P)173030 HIMACHAL PRADESH,a c c u r a c a r e p h a r m a c e u t ic a l s p v t l t d vill mogin and nahan road kala amb dist sirmour 173030 himachal pradesh,"N O T O F S T A N D A R D QUALITY &MISBRADED 1. Sample does not complies in respect of Dissolution test as per IP 2. The drug Rabeprazole Sodium is official in IP. But the product titile Rabeprazole Sodium IP is not mentioned on the product label. Hence the subject drug is Misbranded as per section 17 of Drugs & Cosmetics Act 1940, as it is not labeled in the prescribed manner","S t a t e L a b , D r u g s C o n t r o l L a b o r a t o r y , T e l a n g a n a .",,,,0.7
2025-02,state,nsq,true,data/raw/cdsco_alerts/state/2025-02_state_nsq.pdf,3,14,14,ACEGLO tablets Aceclofenac and Paracetamol Tablets,,A T G 4 I 787,ATG4I787,,true,,,0 9 / 2 0 2 4 .,0 8 / 2 0 2 6 .,"A n r o s e p h a r m a 1 4 7 , M a u z a Sansiwala ,Post :Barotiwala ,Tehsil - Kasauli ,Dist .Solan(H.P.)-173205 H I M A C H A L P R A D E S H",a n r o s e p h a r m a 1 4 7,"M I S B R A N D E D D R U G The drug product Aceclofenac and Paracetamol Tablets is o f fi c i a l i. e . i n c l u d e d i n t h e Addendum 2024 to Indian Pharmacopoeia 2022 effective from 1st July, 2024-current edition of IP and as required as per Second Schesule of the Drugs and Cosmetics Act, 1940. The said drug product shall comply with the standards set out in the Indian Pharmacopoeia .But the designation IP in conjunction with the official title Aceclofenac and Paracetamol tablets on the label of the drug product was not menttioned as an indication that the drug product purports to comply with IP standards. Hence the drug product shall be deemed to be Misbranded Drug as per Secton 17 of Drugs and Cosmetics Act, as it is not labeled in the prescribed manner.","S t a t e L a b , D r u g s C o n t r o l Laboratory,Telangana.",,,,0.7
2025-02,state,nsq,true,data/raw/cdsco_alerts/state/2025-02_state_nsq.pdf,4,15,15,"Amrox-LS syrup Levosalbutamol Sulphate, Amborxol Hydrochloride & Guaipenesin syrup",,A J L H 2 4051,AJLH24051,,true,,,0 6 / 2 0 2 4 .,0 5 / 2 0 2 6 .,"M / s . L e e f o r d H e a l t h c a r e L t d . P l o t N o . 88-B, EPIP, Phase – II, Village-Thana, Baddi, Distt. Solan (H.P) 173205 HIMACHAL PRADESH",l e e f o r d h e a l t h c a r e l t d p l o t n o 88 b,"M I S B R A N D E D D R U G In the composition the label should be mentioned as Levosalbutamol Sulphate IP equivalent to Levosalbutamol. But the la b e l i s m e n t i o n e d a s o n l y Levosalbutamol Sulphate IP, equivalent to Levosalbutamol as not mentioned. Hence it is a Misbranded drug as per section 17 of Drugs and Cosmetics Act, as it is not labeled in the prescribed manner.","S t a t e L a b , D r u g s C o n t r o l Laboratory,Telangana.",,,,0.7
2025-02,state,nsq,true,data/raw/cdsco_alerts/state/2025-02_state_nsq.pdf,5,16,16,Cefixime Dispersible Tablets IP 100 mg,,oo84,OO84,,false,,,10/2024.,03/2026.,"Stride Organics Private Limited SY.No.265/P,Kondapur(Vill.),Ghatkes ar,Medchal District(T.S.) Telangana",stride organics private limited sy no 265 p,"MISBRANDED DRUG 1. The sample is deemed t o b e m i s b r a n d e d a s i t is labeled only with the words approved colours used but fails to include the common name of the color on the label, as required by Rule 127(2) of the Drugs Rules, 1945. 2. Additionally, the label does not state that the tablets should be dispersed in water immediately before use, as required by the IP 2022 monograph for Cefixime Dispersible tablets. Hence, the drug is deemed Misbranded under section 17 of the Drug and Cosmetics Act, 1940 as it is not labeled in the prescribed manner.","State Lab, Drugs Control L a b o r a t o r y , T e l a n g a n a .",,,,0.7
2025-02,state,nsq,true,data/raw/cdsco_alerts/state/2025-02_state_nsq.pdf,5,17,17,Moovrun tablets Diclofenac Sodium and Paracetamol tablets,,D F P -2403,DFP2403,,true,,,0 1 / 2 0 2 4 .,1 2 / 2 0 2 5 .,"C o n c o r d D r u g s L t d . S y n o . 2 4 9 ,Brahmanapally ,R.R.(DT),T.S.501505 Telangana",c o n c o r d d r u g s l t d s y n o 2 4 9,"M I S B R A N D E D D R U G The drug product Diclofenac sodium and Paracetamol tablets is o f f c i a l l y in c l u d e d i n t h e current edition of Indian Pharmacopoeia IP 2022 and as required as per second schedule of the Drugs and Cosmetics Act, 1940 the said Product shall comply with the standards set out in the Indian Pharmacopoeia. But the designation IP in conjunction with the offcial title Diclofenac sodium and Paracetamol tablets on the label of the drug product was not mentioned as an indication that the drug product purports to comply with the IP satadards. Hence the drug product shall deemed to be MISBRANDED DRUG as per section 17 of Drugs and Cosmetics Act, 1940 as it is not labelled in the prescribed Manner.","S t a t e L a b , D r u g s C o n t r o l Laboratory,Telangana.",,,,0.7
2025-02,state,nsq,false,data/raw/cdsco_alerts/state/2025-02_state_nsq.pdf,6,18,18,Sodium Hypochlorite 5% (NaOCL),NaOCL,NSSH10,NSSH10,,true,,,01/2024.,12/2025.,"Neucleus Scientific, Azara, Guwahati – 781017 (Assam)",neucleus scientific,The Sample does not conform to standard in respect of the test “Assay” performed.,"State Drugs Testing Laboratory, Agartala, Tripura.",,,,0.7
2025-02,state,nsq,false,data/raw/cdsco_alerts/state/2025-02_state_nsq.pdf,6,19,19,URINIF-SR (Nitrofurantoin Sustained Release Tablets I.P. 100 mg,,USR-186,USR186,,true,,,11/2024.,10/2026.,"Overseas Health Care Pvt. Ltd., 335 km, Milestone, National Highway No. 1, P.O. Box No. 25, Philaur – 144410, Punjab.",overseas health care pvt ltd,The sample does not conform to standard in respect of the test for “Dissolution” test performed.,"State Drugs Testing Laboratory, Agartala, Tripura.",,,,0.7
2025-02,state,nsq,false,data/raw/cdsco_alerts/state/2025-02_state_nsq.pdf,6,20,20,Glitel M1 (Glimepride & Metformin Hydrochloride Prolonged Releasre Tablets IP),,LGN05/186/08,LGN0518608,,true,,,05/2024.,04/2026.,"Logos Pharma, Village MaissaTibba, Tehsil Nalagarh, Dist. Solan (H.P) - 174101.",logos pharma,"The sample does not conform to Standard in respect of the tests for “Assay, Dissolution & Uniformity of content for Glimepiride” performed.","State Drugs Testing Laboratory, Agartala, Tripura.",,,,0.7
2025-02,state,nsq,false,data/raw/cdsco_alerts/state/2025-02_state_nsq.pdf,6,21,21,Glitel M2 (Glimepride & Metformin Hydrochloride Prolonged Releasre Tablets IP),,LGM09/237/11,LGM0923711,,true,,,09/2024.,08/2025.,"Logos Pharma, Village MaissaTibba, Tehsil Nalagarh, Dist. Solan (H.P) - 174101.",logos pharma,"The sample does not conform to Standard in respect of the tests for “Assay, Dissolution & Uniformity of content for Glimepiride” performed.","State Drugs Testing Laboratory, Agartala, Tripura.",,,,0.7
2025-02,state,nsq,false,data/raw/cdsco_alerts/state/2025-02_state_nsq.pdf,6,22,22,Amoxycillin & Potassium Clavulanate Tab I.P.,,APTD-002,APTD002,,true,,,12/2024.,05/2026.,"M/s. Standard Pharmaceuticals Ltd., Serampore-712203, West Bengal",standard pharmaceuticals ltd,Does not conform to I.P.,"State Drugs Testing Laboratory, Kolkata, West Bengal.",,,,0.7
2025-02,state,nsq,false,data/raw/cdsco_alerts/state/2025-02_state_nsq.pdf,6,23,23,Telmisartan Tab IP 40 mg [Telmasil-40],,TBS034,TBS034,,true,,2026-02,45352,02/26,"RTN Pharma, Sy. No. 675/2, Plot No.15, 17, 18 & 19 Bharathiyar Nagar, Avalapalli Road, Hosur- 635 109 , Tamil Nadu",rtn pharma,It fails the test ‘Dissolution’ Specified in the laboratory protocol as per IP,Drugs Testing Laboratory Thiruvananthapuram,,,,0.7
2025-02,state,nsq,false,data/raw/cdsco_alerts/state/2025-02_state_nsq.pdf,6,24,24,Paracetamol Tab IP 500 mg,,PAK551,PAK551,,true,2023-06,2026-05,06/23,05/26,"Healer’s Lab Unit II, Plot No. 33, H.P.S.I.D.C, Extn. Baddi, Distt-Solan (H.P)",healer s lab unit ii,It fails the test ‘Dissolution’ Specified in the laboratory protocol as per IP,Drugs Testing Laboratory Thiruvananthapuram,,,,1.0
2025-02,state,nsq,false,data/raw/cdsco_alerts/state/2025-02_state_nsq.pdf,7,25,25,Paracetamol Tab IP [Parayes -500 ),,423-1582,4231582,,true,2023-09,2026-08,09/23,08/26,"Zee Laboratories Ltd, behind 47, Industrial Area, Paonta Sahib- 173 025",zee laboratories ltd,It fails the test ‘Dissolution’ Specified in the laboratory protocol as per IP,Drugs Testing Laboratory Thiruvananthapuram,,,,1.0
2025-02,state,nsq,false,data/raw/cdsco_alerts/state/2025-02_state_nsq.pdf,7,26,26,Fevanex Rapid - 650[ Paracetamol Tab IP 650 mg],,SRGT-24471,SRGT24471,,true,2024-08,2026-07,08/24,07/26,"SPAS REMEDISE Vill, bersan P.O, Lodhi Majra, Tehsil Baddi, Dist.Solan (HP) 173 205",spas remedise vill,It fails the test ‘Dissolution’ Specified in the laboratory protocol as per IP,Drugs Testing Laboratory Thiruvananthapuram,,,,1.0
2025-02,state,nsq,false,data/raw/cdsco_alerts/state/2025-02_state_nsq.pdf,7,27,27,Vitamin B Complex Tablets N.F.I,,VBT2416,VBT2416,,true,2024-03,2026-02,03/24,02/26,"Modern Laboratories 45-47, Sector D- 2, Industrial area, Sanwer Road, Indore (MP) 452 015",modern laboratories 45 47,"The sample does not conform to IP standards to Descriptive part for tablets As per IP, the tablets should have sufficient hardness to withstand handling without crumbling or breaking. The tablets are soft and in powdered form and cannot be removed from strip in intact form and further tests cannot be performed for the reason specified in the laboratory protocol.",Drugs Testing Laboratory Thiruvananthapuram,,,,1.0
2025-02,state,nsq,false,data/raw/cdsco_alerts/state/2025-02_state_nsq.pdf,7,28,28,Liquid Paraffin IP,,163,163,,false,2024-03,2026-08,03/24,08/26,"Medi smith Pharma Lab, #20A 1 st phase, KIADB, Mysore Road Kumbalagodu, Bangalore- 560074",medi smith pharma lab,It fails the test ‘Light Absorption’ specified in the laboratory protocol as per IP,Drugs Testing Laboratory Thiruvananthapuram,,,,1.0
2025-02,state,nsq,false,data/raw/cdsco_alerts/state/2025-02_state_nsq.pdf,7,29,29,Vitamin B Complex Tablets N.F.I,,VBT2468,VBT2468,,true,2024-05,2026-04,05/24,04/26,"Modern Laboratories 45-47, Sector D- 2, Industrial area, Sanwer Road, Indore (MP) 452 015",modern laboratories 45 47,"The sample does not conform to IP standards to Descriptive part for tablets As per IP, the tablets should have sufficient hardness to withstand handling without crumbling or breaking. The tablets are soft and in powdered form and cannot be removed from strip in intact form and further tests cannot be performed for the reason specified in the laboratory protocol.",Drugs Testing Laboratory Thiruvananthapuram,,,,1.0
2025-02,state,nsq,true,data/raw/cdsco_alerts/state/2025-02_state_nsq.pdf,7,30,30,Isosorbide Dinitrate Tablets IP [ISOMIC 10],,PT-42968,PT42968,,true,2024-08,2026-07,08/24,07/26,"Pharmaroots Healthcare, Khasra No. 411, Village Tipra.P.O, Barotiwala, Tehsil ,dist. Soaln (HP)",pharmaroots healthcare,The sample does not conform to identification test for Isosorbide Dinitrate as per IP. Hence the sample is spurious and declared as Not of Standard Quality,Drugs Testing Laboratory Thiruvananthapuram,,,,1.0
2025-02,state,nsq,false,data/raw/cdsco_alerts/state/2025-02_state_nsq.pdf,8,31,31,Vitamin B Complex Tablets N.F.I,,VBT2415,VBT2415,,true,2024-03,2026-02,03/24,02/26,"Modern Laboratories 45-47, Sector D- 2, Industrial area, Sanwer Road, Indore (MP) 452 015",modern laboratories 45 47,"The sample does not conform to IP standards to Descriptive part for tablets As per IP, the tablets should have sufficient hardness to withstand handling without crumbling or breaking. The tablets are soft and in powdered form and cannot be removed from strip in intact form and further tests cannot be performed for the reason specified in the laboratory protocol.",Drugs Testing Laboratory Thiruvananthapuram,,,,1.0
2025-02,state,nsq,false,data/raw/cdsco_alerts/state/2025-02_state_nsq.pdf,8,32,32,Vitamin B Complex Tablets N.F.I,,VBT2417,VBT2417,,true,2024-03,2026-02,03/24,02/26,"Modern Laboratories 45-47, Sector D- 2, Industrial area, Sanwer Road, Indore (MP) 452 015",modern laboratories 45 47,"The sample does not conform to IP standards to Descriptive part for tablets As per IP, the tablets should have sufficient hardness to withstand handling without crumbling or breaking. The tablets are soft and in powdered form and cannot be removed from strip in intact form and further tests cannot be performed for the reason specified in the laboratory protocol.",Drugs Testing Laboratory Thiruvananthapuram,,,,1.0
2025-02,state,nsq,false,data/raw/cdsco_alerts/state/2025-02_state_nsq.pdf,8,33,33,Vitamin B Complex Tablets N.F.I,,VBT2414,VBT2414,,true,2024-03,2026-02,03/24,02/26,"Modern Laboratories 45-47, Sector D- 2, Industrial area, Sanwer Road, Indore (MP) 452 015",modern laboratories 45 47,"The sample does not conform to IP standards to Descriptive part for tablets As per IP, the tablets should have sufficient hardness to withstand handling without crumbling or breaking. The tablets are soft and in powdered form and cannot be removed from strip in intact form and further tests cannot be performed for the reason specified in the laboratory protocol.",Drugs Testing Laboratory Thiruvananthapuram,,,,1.0
2025-02,state,nsq,false,data/raw/cdsco_alerts/state/2025-02_state_nsq.pdf,9,34,34,Folic Acid Tablets IP 5 mg [Foldivit],,FTV24004,FTV24004,,true,2024-06,2026-05,06/24,05/26,"Danish Healthcare (p) Ltd, 76/27-28, Industrial Estate, Maxi Road, Ujjain, 456010, MP",danish healthcare ltd,It fails the test ‘Dissolution’ Specified in the laboratory protocol as per IP,Drugs Testing Laboratory Thiruvananthapuram,,,,1.0
2025-02,state,nsq,false,data/raw/cdsco_alerts/state/2025-02_state_nsq.pdf,9,35,35,Mydew Ultra Syndet Bar,,2387,2387,,false,2024-01,,01/24,Best before 36 months from the date of Mfg.,"Jain Soap, 39/A, Devam Estate, Gandhi Nagar, Gujarat",jain soap,The sample does not conform to the test pH as per manufacturer’s specification for Mydew Ultra Syndet Bar as specified in the Laboratory Protocol,Drugs Testing Laboratory Thiruvananthapuram,,,,0.7
2025-02,state,nsq,false,data/raw/cdsco_alerts/state/2025-02_state_nsq.pdf,9,36,36,Acetazolamide Tablets IP 250 mg,,T240840,T240840,,true,2024-08,2027-07,08/24,07/27,"Micron Pharmaceuticals, 2117, A-2, PhaseIII, GIDC, Vapi- 396 195",micron pharmaceuticals,It fails the test ‘Dissolution’ Specified in the laboratory protocol as per IP,Drugs Testing Laboratory Thiruvananthapuram,,,,1.0
2025-02,state,nsq,false,data/raw/cdsco_alerts/state/2025-02_state_nsq.pdf,9,37,37,Clopidogrel Tab IP 75 mg,,D2720/24-25,D27202425,,true,,,,,"Kerala Medical Services Corporation Ltd, Thycaud P.O, Thiruvananthapuram-14",kerala medical services corporation ltd,"It fails the test ‘Dissolution’, ‘Assay’ and descriptive part for tablets specified above as per IP",Drugs Testing Laboratory Thiruvananthapuram,,,,1.0
2025-02,state,nsq,false,data/raw/cdsco_alerts/state/2025-02_state_nsq.pdf,9,38,38,Cefixime Oral Suspension IP 100 mg/5ml,,D2852/24-25,D28522425,,true,,,,,"Kerala Medical Services Corporation Ltd, Thycaud P.O, Thiruvananthapuram-14",kerala medical services corporation ltd,It fails the test ‘Assay’ and ‘Descriptive part’ for oral powders specified above as per IP,Drugs Testing Laboratory Thiruvananthapuram,,,,1.0
2025-02,state,nsq,false,data/raw/cdsco_alerts/state/2025-02_state_nsq.pdf,9,39,39,Vitamin B Complex Tablets N.F.I,,S0018/24-25,S00182425,,true,,,,,"Kerala Medical Services Corporation Ltd, Thycaud P.O, Thiruvananthapuram-14",kerala medical services corporation ltd,"The sample does not conform to IP standards to Descriptive part for tablets As per IP, the tablets should have sufficient hardness to withstand handling without crumbling or breaking. The tablets are soft and in powdered form and cannot be removed from strip in intact form and further tests cannot be performed for the reason specified in the laboratory protocol.",Drugs Testing Laboratory Thiruvananthapuram,,,,1.0
2025-02,state,nsq,false,data/raw/cdsco_alerts/state/2025-02_state_nsq.pdf,9,40,40,Vitamin B Complex Tablets N.F.I,,S0017/24-25,S00172425,,true,,,,,"Kerala Medical Services Corporation Ltd, Thycaud P.O, Thiruvananthapuram-14",kerala medical services corporation ltd,"The sample does not conform to IP standards to Descriptive part for tablets As per IP, the tablets should have sufficient hardness to withstand handling without crumbling or breaking. The tablets are soft and in powdered form and cannot be removed from strip in intact form and further tests cannot be performed for the reason specified in the laboratory protocol.",Drugs Testing Laboratory ThiruvananthapuramH20,,,,1.0
2025-02,state,nsq,false,data/raw/cdsco_alerts/state/2025-02_state_nsq.pdf,10,41,41,Asokarishtam,,56,56,,false,2024-09,,09/24,Within 3 Yrs from the date of Mfg.,"Sakthi Ayurveda Pharmaceuticals, Ottasekharamangalam, Neyyattinkara, Thiruvananthapuram",sakthi ayurveda pharmaceuticals,"It fails the test ‘Total Solids’ , ‘Specific Gravity’, ‘Reducing Sugar’ and ‘Alcohol Content’ as specified in the Laboratory protocol as per API",Drugs Testing Laboratory Thiruvananthapuram,,,,0.7
2025-02,state,nsq,false,data/raw/cdsco_alerts/state/2025-02_state_nsq.pdf,10,42,42,Amrutharishtam,,58,58,,false,2024-09,,09/24,3 Yrs from the date of Mfg.,"Sakthi Ayurveda Pharmaceuticals, Ottasekharamangalam, Neyyattinkara, Thiruvananthapuram",sakthi ayurveda pharmaceuticals,"It fails the test ‘Total Solids’ , ‘Specific Gravity’, ‘Reducing Sugar’ and ‘Alcohol Content’ as specified in the Laboratory protocol as per API",Drugs Testing Laboratory Thiruvananthapuram,,,,0.7
2025-02,state,nsq,false,data/raw/cdsco_alerts/state/2025-02_state_nsq.pdf,10,43,43,Balarishtam,,57,57,,false,2024-09,,09/24,NO EXPIRY,"Sakthi Ayurveda Pharmaceuticals, Ottasekharamangalam, Neyyattinkara, Thiruvananthapuram",sakthi ayurveda pharmaceuticals,"It fails the test ‘Total Solids’ , ‘Specific Gravity’, ‘Reducing Sugar’ and ‘Alcohol Content’ as specified in the Laboratory protocol as per API",Drugs Testing Laboratory Thiruvananthapuram,,,,0.7
2025-02,state,nsq,false,data/raw/cdsco_alerts/state/2025-02_state_nsq.pdf,10,44,44,CEFIXIME & LACTIC ACID BACILLUS TABLETS (AFIX-L 200),AFIX-L 200,MDP -785,MDP785,,true,2024-10,2026-09,Oct-24,Sep-26,"M/s. MEDINOK HEALTHCARE PVT. LTD., R.S.No. 2/1, Plot No. 87,88,89, Vazhudhavur Main Road, Kurumbapet, Puducherry – 605 009.",medinok healthcare pvt ltd,"For the received sample Cefixime & Lactic Acid Bacillus tablets (AFIX- L 200), (i) The label on the secondary packaging, name of the colour information is concealed ,whereas the primary packaging label specifies 'Red oxide of Iron' as the colour. This discrepancy indicates a mismatch between the primary and secondary packaging labels. (ii) The primary packaging label claims the tablet colour is ' Red oxide of Iron' but physical verification of the tablet observed as pale yellow colour. - NSQ",Puducherry,,,,1.0
2025-02,state,nsq,true,data/raw/cdsco_alerts/state/2025-02_state_nsq.pdf,11,45,45,PREGABALIN AND METHYLCOBALA MIN CAPSULES (Amalin Plus ),Amalin Plus,MDP-774,MDP774,,true,2024-10,2026-09,Oct-24,Sep-26,"M/s. MEDINOK HEALTHCARE PVT. LTD., R.S.No. 2/1, Plot No. 87,88,89, Vazhudhavur Main Road, Kurumbapet, Puducherry – 605 009.",medinok healthcare pvt ltd,"The sample received is labelled as PREGABALIN AND METHYLCOBALAMIN CAPSULES, however PREGABALIN AND METHYLCOBALAMIN CAPSULES is an official IP monograph (2022) hence should be labelled as PREGABALIN AND METHYLCOBALAMIN CAPSULES IP-Misbranded",Puducherry,,,,1.0
2025-02,state,nsq,true,data/raw/cdsco_alerts/state/2025-02_state_nsq.pdf,11,46,46,CALCIUM WITH VITAMIN D3 TABLETS IP (S-CAL),S-CAL,ST240609,ST240609,,true,2024-06,2025-11,Jun-24,Nov-25,"M/s. Spycaa Life care Sciences Private Limited, No. 253/4C, Thiruvandavar Village, Sirupinayur Panchayat, Uthiramerur Taluk, Kancheepuram District, Pin-603 308",spycaa life care sciences private limited,"For the received sample, label is mentioned as ""Approved colour used"" but common name of the permitted colour used in the formulation as prescribed under rule 127(2) of the Drug Rule,1945 was not mentioned.-Misbranded",Puducherry,,,,1.0
2025-02,state,nsq,false,data/raw/cdsco_alerts/state/2025-02_state_nsq.pdf,11,47,47,RABEPRAZOLE ENTERIC COATED TABLETS IP 20mg (Rabelanz-20),Rabelanz-20,SP/T/762,SPT762,,true,2024-06,2026-05,Jun-24,May-26,"M/s Signoret Pharmaceuticals Pvt.Ltd., Plot No. 556, Industrial area, Phase IX, SAS Nagar-160059",signoret pharmaceuticals pvt ltd,"For the received sample Rabeprazole Enteric Coated Tablets IP 20mg, 1. Chipping and Rough surface defect was observed which should not be present as per Drugs & Cosmetics (Amendment) Act, 2008 of DCC Guidelines on Not Of Standard Quality (NSQ) Drugs Approved in 1993 (Annexure A) Tablets vide serial No. (V) Chipping and (Vii) Rough surface. 2. Cracking of the coating defect was observed which should not be present as prescribed under rule 124B of the Drugs Rules ,1945. 3. The label is mentioned as ‘Approved colour used’ but common name of the permitted colour used in the formulation as prescribed under rule 127(2) of the Drugs Rules ,1945 was not mentioned. 4. Does not comply with respect to test for Disintegration and Assay - NSQ",Puducherry,,,,1.0
2025-02,state,nsq,true,data/raw/cdsco_alerts/state/2025-02_state_nsq.pdf,12,48,48,PANTOPROZOL E SODIUM (EC) & DOMPERIDONE (SR) CAPSULES (Tonixpro DSR),Tonixpro DSR,MDP-345,MDP345,,true,2024-07,2026-06,Jul-24,Jun-26,"M/s. Medinok Healthcare Pvt. Ltd., R.S.No. 2/1, Plot No. 87, 88, 89, Vazhudhavur Main Road, Kurumbapet, Puducherry – 605 009.",medinok healthcare pvt ltd,"1. The primary packaging label claims 'Each film coated tablet contains:' however, on physical observation the received sample is found to be 'Hard Gelatin Capsules'. 2.The received sample is labelled as 'PANTOPROZOLE SODIUM (EC) & DOMPERIDONE (SR) CAPSULES', however Pantoprazole Gastro-resistant and Domperidone Prolonged-release Capsules is an official IP monograph (2022) hence should be labelled as PANTOPRAZOLE SODIUM (EC) & DOMPERIDONE (SR) CAPSULES IP. 3.The sample name and the label claim of the drug states 'PANTOPROZOLE' instead of 'PANTOPRAZOLE' but the proper name of the drug should be written as prescribed under 96(1), (i)(A) of the Drugs & Cosmetics Act.- Misbranded",Puducherry,,,,1.0
2025-02,state,nsq,false,data/raw/cdsco_alerts/state/2025-02_state_nsq.pdf,13,49,49,TELMISARTAN & HYDROCHLORO THIAZIDE TABLETS IP (Lanztel-H),Lanztel-H,RHT24-401,RHT24401,,true,2024-07,2026-06,Jul-24,Jun-26,"M/s Revantis Healthcare, Plot No. 124, HPSIDC, Industrial Area, Baddi, Distt. Solan (H.P)-173205",revantis healthcare,"For the received sample Telmisartan & Hydrochlorothiazide Tablets IP, Presence of Spot and Rough Surface was observed which should not be present as per Drugs & Cosmetics (Amendment) Act, 2008 of DCC Guidelines on Not Of Standard Quality (NSQ) Drugs Approved in 1993 (Annexure A) Tablets vide serial No. (i) Presence of Spot/discoloration (vii) Rough surface and rule 124B of the Drugs Rules,1945. -NSQ",Puducherry,,,,1.0
2025-02,state,nsq,true,data/raw/cdsco_alerts/state/2025-02_state_nsq.pdf,13,50,50,ACECLOFENAC & PARACETAMOL TABLETS (ACPON-P),ACPON-P,ACP-046,ACP046,,true,2024-08,2027-07,Aug-24,Jul-27,"M/s Rippon Laboratories No.44-45, Palaniappa Nagar, Othiyampet, Villianur commune, Puducherry-605 110",rippon laboratories no 44 45,"The sample received is labelled as ACECLOFENAC & PARACETAMOL TABLETS (ACPON-P), however ACECLOFENAC & PARACETAMOL TABLETS is an official IP monograph (Addendum 2024) hence should be labelled as ACECLOFENAC & PARACETAMOL TABLETS IP.- Misbranded",Puducherry,,,,1.0
2025-02,state,nsq,false,data/raw/cdsco_alerts/state/2025-02_state_nsq.pdf,13,51,51,TELMISARTAN TABLETS IP 40 mg (Leaftel-40),Leaftel-40,240390,240390,,false,2024-03,2026-02,Mar-24,Feb-26,"M/s. Sai sarvaa Biotech Pvt. Ltd., Plot No. 8 & 9, Balaji Nagar, Pattanur, Auroville (PO), Vanur(Tk), Villupuram (Dt), Pin – 605 101.",sai sarvaa biotech pvt ltd,"For the received sample Telmisartan Tablets IP 40 mg (Leaftel-40), Capping defect was observed which should not be present as per Drugs & Cosmetics (Amendment) Act, 2008 of DCC Guidelines on Not Of Standard Quality (NSQ) Drugs Approved in 1993 (Annexure A) Tablets vide serial No. (VI) Capping and rule 124B of the Drugs Rules,1945.- NSQ",Puducherry,,,,1.0
2025-02,state,nsq,true,data/raw/cdsco_alerts/state/2025-02_state_nsq.pdf,14,52,52,SITAGLIPTIN IP 100mg TABLETS (LanZsita 100),LanZsita 100,SP/T/838,SPT838,,true,2024-07,2026-06,Jul-24,Jun-26,"M/s Signoret Pharmaceuticals Pvt.Ltd., Plot No. 556, Industrial Area, Phase IX, SAS Nagar-160059",signoret pharmaceuticals pvt ltd,"For the received sample Sitagliptin IP 100mg Tablets (LanZsita 100), The label is mentioned as ‘Approved colour used’ but common name of the permitted colour used in the formulation as prescribed under rule 127(2) of the Drugs Rules ,1945 was not mentioned.- Misbranded",Puducherry,,,,1.0
2025-02,state,nsq,false,data/raw/cdsco_alerts/state/2025-02_state_nsq.pdf,14,53,53,"METHYLCOBALA MIN, FOLIC ACID, ALPHA LIPOIC ACID, VITAMIN B6, CHROMIUM PICOLINATE, SODIUM SELENITE & ZINC SOFT GELATIN CAPSULES (Mi- 6)",,SOD-2470,SOD2470,,true,2024-05,2026-04,May-24,Apr-26,"M/s. Symbiosis Pharmaceuticals Pvt. Ltd., At C/o Ovation Remedies Behind IITT Engg. College, Trilokpur Road, Kala Amb. Distt. Sirmour, HP - 173030",symbiosis pharmaceuticals pvt ltd,Does not comply with respect to test for Disintegration -NSQ,Puducherry,,,,1.0
2025-02,state,nsq,true,data/raw/cdsco_alerts/state/2025-02_state_nsq.pdf,14,54,54,SITAGLIPTIN PHOSPHATE 50 + METFORMIN 500MG TABLETS (LanZsita-M),LanZsita-M,SP/T/761,SPT761,,true,2024-06,2026-05,Jun-24,May-26,"M/s. SIGNORET PHARMACEUTICALS PVT.LTD., Plot No. 556, Industrial area, Phase IX, SAS nagar,-160059.",signoret pharmaceuticals pvt ltd,"For the received sample SITAGLIPTIN PHOSPHATE 50 + METFORMIN 500MG TABLETS (LanZsita-M), The label is mentioned as ‘Approved colour used’ but common name of the permitted colour used in the formulation as prescribed under rule 127(2) of the Drugs Rules,1945 was not mentioned.-Misbranded",Puducherry,,,,1.0
2025-02,state,nsq,false,data/raw/cdsco_alerts/state/2025-02_state_nsq.pdf,15,55,55,DICLOFENAC SODIUM AND PARACETAMOL TABLETS I.P (DiCLOWiN PLUS),DiCLOWiN PLUS,DPT-5765,DPT5765,,true,2024-08,2027-07,Aug-24,Jul-27,"M/s. Wings Biotech LLP, 43 & 44, HPSIDC, Industrial Area, Baddi – 173 205 (H.P)",wings biotech llp,Does not comply with respect to Assay for Diclofenac sodium -NSQ,Puducherry,,,,1.0
2025-02,state,nsq,true,data/raw/cdsco_alerts/state/2025-02_state_nsq.pdf,15,56,56,"PIOGLITAZONE 15, GLIMEPIRIDE 2mg+ METFORMIN 500 mg (Lanzpride-PM2)",Lanzpride-PM2,SP/T/743,SPT743,,true,2024-06,2026-05,Jun-24,May-26,"M/s. SIGNORET PHARMACEUTICALS PVT.LTD., Plot No. 556, Industrial area, Phase IX, SAS nagar,-160059.",signoret pharmaceuticals pvt ltd,"For the received sample PIOGLITAZONE 15, GLIMEPIRIDE 2mg+ METFORMIN 500 mg (Lanzpride-PM2), 1. The label is mentioned as ‘Approved colour used’ but common name of the permitted colour used in the formulation as prescribed under rule 127(2) of the Drugs Rules,1945 was not mentioned. 2.For the received sample PIOGLITAZONE 15, GLIMEPIRIDE 2mg+ METFORMIN 500 mg (Lanzpride-PM2), On visual inspection pink coloured spots were observed on other side (white colour) of the tablets .-Misbranded",Puducherry,,,,1.0
2025-03,state,nsq,false,data/raw/cdsco_alerts/state/2025-03_state_nsq.pdf,1,1,1,"Norfloxacin Tablets IP 400 mg,",,RNFT-0 1 6,RNFT016,,true,2024-10,2026-09,Oct-24,Sep-26,"Mfg By: Revat Laboratories Pvt.Ltd, 1 2 - 3 2 1 , O p p I D A K u r n o o l r o a d , Pernamitta, Ongole - 523002 Andhra Pradesh.",mfg by revat laboratories pvt ltd,Dissolution does not c o m p ly a s p e r I P 2 0 2 2 .,"State Lab, D r u g s C o n t r o l L a b o r a t o r y , Telangana.",,B. NOT OF STANDARD QUALITY ALERT FOR THE MONTH OF MARCH– 2025 (State Laboratories),,1.0
2025-03,state,nsq,false,data/raw/cdsco_alerts/state/2025-03_state_nsq.pdf,1,2,2,"Parenteral preprations, Oxytetracycline Hydrochloride Injection I.P. (Steclin Injection), Veterinary",Steclin,STIA2393,STIA2393,,true,2023-11,2025-10,Nov-23,Oct-25,"Mfg By: Zenex Animal Health India Pvt.Ltd, Plot No. 1&2, Near Erthardt Leimer, Sarkhej Bawla Highway, Sari Patiya, Dist: Ahmedabad - 382220. Gujarat.",mfg by zenex animal health india pvt ltd,Sample does not comply description as per IP 2022 Oxytetracycline Hydrochloride Injection I.P (Veterinary Monograph),"State Lab, Drugs Control Laboratory, Telangana.",,B. NOT OF STANDARD QUALITY ALERT FOR THE MONTH OF MARCH– 2025 (State Laboratories),,1.0
2025-03,state,nsq,false,data/raw/cdsco_alerts/state/2025-03_state_nsq.pdf,1,3,3,"Telmivaz Tablets, Telmisartan Tablets IP 40mg,",,CMT242202B,CMT242202B,,true,2024-11,2026-10,Nov-24,Oct-26,"Mfg By: Mascot Healthseries Pvt.Ltd, At - Plot No. 52, Sec-6A, IIE, Sidcul, Haridwar - 249 403, Uttarakhand. Mrkt: Saanso Life Sciences Pvt.Ltd, 1 st Floor, Quadrant 2, A1, Cyber Towers, Hitech city, Madhapur, Hyderabad, Telangana - 500081.",mfg by mascot healthseries pvt ltd,"The tablet coating was found to adhere to the foil, a n d it w a s o b s e r v e d t h a t the coating peeled off during the removal of the tablets from the strip. Hence, the sample does not comply with the test for Description of Tablets.","State Lab, Drugs Control Laboratory, Telangana.",,B. NOT OF STANDARD QUALITY ALERT FOR THE MONTH OF MARCH– 2025 (State Laboratories),,1.0
2025-03,state,nsq,false,data/raw/cdsco_alerts/state/2025-03_state_nsq.pdf,1,4,4,Norfloxacin Tablets IP 400mg,,RNFT-0 1 7,RNFT017,,true,2024-10,2026-09,Oct-24,Sep-26,"Mfg By: Revat Laboratories Pvt.Ltd, 12-321, Opp IDA Kurnool road, Pernamitta, Ongole - 523002 Andhra Pradesh.",mfg by revat laboratories pvt ltd,Sample Does not complies in respect of Dissolution Test as per IP.,"State Lab, Drugs Control Laboratory, Telangana.",,B. NOT OF STANDARD QUALITY ALERT FOR THE MONTH OF MARCH– 2025 (State Laboratories),,1.0
2025-03,state,nsq,false,data/raw/cdsco_alerts/state/2025-03_state_nsq.pdf,1,5,5,Folic Acid Tablets IP 5mg,,TS7552,TS7552,,false,2024-01,2025-12,Jan-24,Dec-25,"Mfg By: Adroit Pharmaceuticals Pvt.Ltd, 46, Garoba Maidan, Nagpur - 8, Maharashtra.",mfg by adroit pharmaceuticals pvt ltd,Sample Does not complies in respect of Dissolution Test as per IP.,"State Lab, Drugs Control Laboratory, Telangana.",,B. NOT OF STANDARD QUALITY ALERT FOR THE MONTH OF MARCH– 2025 (State Laboratories),,1.0
2025-03,state,nsq,false,data/raw/cdsco_alerts/state/2025-03_state_nsq.pdf,1,6,6,"Albendazole Tablets IP 400mg,",,T24/009A,T24009A,,true,2024-12,2026-11,Dec-24,Nov-26,"Mfg By: Samkem 15-B & 10-B, Akvn Industrialarea, Rangwasa, Rao, Indore - 453331, (MP), Madhya Pradesh.",mfg by samkem 15 b 10 b,Sample Does not complies in respect of Dissolution Test as per IP.,"State Lab, Drugs Control Laboratory, Telangana.",,B. NOT OF STANDARD QUALITY ALERT FOR THE MONTH OF MARCH– 2025 (State Laboratories),,1.0
2025-03,state,nsq,false,data/raw/cdsco_alerts/state/2025-03_state_nsq.pdf,1,7,7,"Albendazole Tablets IP 400mg,",,T24/017A,T24017A,,true,2024-12,2026-11,Dec-24,Nov-26,"Mfg By: Samkem 15-B & 10-B, Akvn Industrialarea, Rangwasa, Rao, Indore - 453331, (MP), Madhya Pradesh.",mfg by samkem 15 b 10 b,Sample Does not complies in respect of Dissolution Test as per IP.,"State Lab, Drugs Control Laboratory, Telangana.",,B. NOT OF STANDARD QUALITY ALERT FOR THE MONTH OF MARCH– 2025 (State Laboratories),,1.0
2025-03,state,nsq,false,data/raw/cdsco_alerts/state/2025-03_state_nsq.pdf,2,8,8,"Panaval-40 tablets, Pantoprazole Gastro-resistant tablets IP 40 mg,",,BLT-231650,BLT231650,,true,2024-02,2026-01,Feb-24,Jan-26,"Mfg By: Brit Life science Sainwala, Kaula Wala Bhoodroad, Kala Amb, Distt. Sirmour, HP-173 030. Himachal Pradesh. Mrkt: M/s. Avel Life Sciences.",mfg by brit life science sainwala,"The sample does not complies for Dissolution test a per IP Secifications, hence the sample is of Not of Standard Quality.","State Lab, Drugs Control Laboratory, Telangana.",,B. NOT OF STANDARD QUALITY ALERT FOR THE MONTH OF MARCH– 2025 (State Laboratories),,1.0
2025-03,state,nsq,false,data/raw/cdsco_alerts/state/2025-03_state_nsq.pdf,2,9,9,"Albendazole Tablets I.P. 400 mg,",,C25F944017,C25F944017,,true,2024-06,2026-05,Jun-24,May-26,"Mfg By: Concept Pharmaceuticals Ltd, Khasra No. 104, Asaf Nagar, Roorkee - 247 667. Uttarakhand.",mfg by concept pharmaceuticals ltd,"The sample does not meet the Dissolution test p a r a m e t e r a s per IP specifications, hence it is of Not of Standard Quality.","State Lab, Drugs Control Laboratory, Telangana.",,B. NOT OF STANDARD QUALITY ALERT FOR THE MONTH OF MARCH– 2025 (State Laboratories),,1.0
2025-03,state,nsq,false,data/raw/cdsco_alerts/state/2025-03_state_nsq.pdf,2,10,10,"Albendazole Tablets IP 400 mg,",,T24/024A,T24024A,,true,2024-12,2026-11,Dec-24,Nov-26,"Mfg By: M/s. Samkem 15-B & 10-B, A.K.V.N. Industrial Area, Rangwasa, Rao, Indore - 453331. (M.P). Madhya Pradesh.",mfg by m s samkem 15 b 10 b,Sample does not meets the Specifications wrt. Dissolution Test as per IP.,"State Lab, Drugs Control Laboratory, Telangana.",,B. NOT OF STANDARD QUALITY ALERT FOR THE MONTH OF MARCH– 2025 (State Laboratories),,1.0
2025-03,state,nsq,false,data/raw/cdsco_alerts/state/2025-03_state_nsq.pdf,2,11,11,"Albendazole Tablets IP 400 mg,",,T24/010A,T24010A,,true,2024-12,2026-11,Dec-24,Nov-26,"Mfg By: M/s. Samkem 15-B & 10-B, A.K.V.N. Industrial Area, Rangwasa, Rao, Indore - 453331. (M.P). Madhya Pradesh. (WHO-GMP & GLP Certified Company)(An ISO 9001: 2015 Certified Company) Madhya Pradesh.",mfg by m s samkem 15 b 10 b,Sample does not meets the Specifications wrt. Dissolution Test as per IP.,"State Lab, Drugs Control Laboratory, Telangana.",,B. NOT OF STANDARD QUALITY ALERT FOR THE MONTH OF MARCH– 2025 (State Laboratories),,1.0
2025-03,state,nsq,false,data/raw/cdsco_alerts/state/2025-03_state_nsq.pdf,2,12,12,"Albendazole Tablets IP 400 mg,",,T24/012A,T24012A,,true,2024-12,2026-11,Dec-24,Nov-26,"Mfg By: M/s. Samkem 15-B & 10-B, A.K.V.N. Industrial Area, Rangwasa, Rao, Indore - 453331. (M.P). Madhya Pradesh. (WHO-GMP & GLP Certified Company)(An ISO 9001: 2015 Certified Company) Madhya Pradesh.",mfg by m s samkem 15 b 10 b,Sample does not meets the Specifications wrt. Dissolution Test as per IP.,"State Lab, Drugs Control Laboratory, Telangana.",,B. NOT OF STANDARD QUALITY ALERT FOR THE MONTH OF MARCH– 2025 (State Laboratories),,1.0
2025-03,state,nsq,false,data/raw/cdsco_alerts/state/2025-03_state_nsq.pdf,2,13,13,"Albendazole Tablets IP 400 mg,",,T24/013A,T24013A,,true,2024-12,2026-11,Dec-24,Nov-26,"Mfg By: M/s. Samkem 15-B & 10-B, A.K.V.N. Industrial Area, Rangwasa, Rao, Indore - 453331. (M.P). Madhya Pradesh.",mfg by m s samkem 15 b 10 b,Sample does not meets the Specifications wrt. Dissolution Test as per IP.,"State Lab, Drugs Control Laboratory, Telangana.",,B. NOT OF STANDARD QUALITY ALERT FOR THE MONTH OF MARCH– 2025 (State Laboratories),,1.0
2025-03,state,nsq,false,data/raw/cdsco_alerts/state/2025-03_state_nsq.pdf,2,14,14,"Albendazole Tablets IP 400 mg,",,T24/025A,T24025A,,true,2024-12,2026-11,Dec-24,Nov-26,"Mfg By: M/s. Samkem 15-B & 10-B, A.K.V.N. Industrial Area, Rangwasa, Rao, Indore - 453331. (M.P). Madhya Pradesh.",mfg by m s samkem 15 b 10 b,Sample does not meets the Specifications wrt. Dissolution Test as per IP.,"State Lab, Drugs Control Laboratory, Telangana.",,B. NOT OF STANDARD QUALITY ALERT FOR THE MONTH OF MARCH– 2025 (State Laboratories),,1.0
2025-03,state,nsq,false,data/raw/cdsco_alerts/state/2025-03_state_nsq.pdf,2,15,15,"Albendazole Tablets IP 400 mg,",,T24/012A,T24012A,,true,2024-12,2026-11,Dec-24,Nov-26,"Mfg By: M/s. Samkem 15-B & 10-B, A.K.V.N. Industrial Area, Rangwasa, Rao, Indore - 453331. (M.P). Madhya Pradesh.",mfg by m s samkem 15 b 10 b,Sample does not meets the Specifications wrt. Dissolution Test as per IP.,"State Lab, Drugs Control Laboratory, Telangana.",,B. NOT OF STANDARD QUALITY ALERT FOR THE MONTH OF MARCH– 2025 (State Laboratories),,1.0
2025-03,state,nsq,true,data/raw/cdsco_alerts/state/2025-03_state_nsq.pdf,2,16,16,"Moxirid-LB 625 Tablets, Axoxycillin, Potassium Clavulanate & Lactic Acid Bacillus Tablets",,BT0324089A,BT0324089A,,true,2024-10,2026-03,Oct-24,Mar-26,"Mfg By: Alencure Bitech Pvt.Ltd, village: Nagal, Suketi road, Pharmaceuticals O Moginanand Kala Amb, Distt: Sirmouour - 173 030 (HP). Himachal Pradesh. M r k t : T r u l lp P h a r m a , H - 3 4 B , V i l l a g e Saketri, Panchkula Haryana - 134 109.",mfg by alencure bitech pvt ltd,"MISBRANDED The sample is deemed to be misbranded as it is only indicated as approved c o l u r used on the label of t h e p r o d u c t b u t f a il e d t o indicate the common name of the colur on the label as required as per Rule 127(2) of Drugs Rules, 1945. Hence the drug is a Misbranded drug as per Section 17 of Drugs and Cosmetics Act 1940.","S t a t e L a b , Drugs Control Laboratory, Telangana.",,B. NOT OF STANDARD QUALITY ALERT FOR THE MONTH OF MARCH– 2025 (State Laboratories),,1.0
2025-03,state,nsq,true,data/raw/cdsco_alerts/state/2025-03_state_nsq.pdf,3,17,17,Paracetamol IP Paediatric syrup 125mg/5ml,,KGP.240227,KGP240227,,true,2024-02,2026-01,Feb-24,Jan-26,"Mfg By: Karuppharma Pvt.Ltd., D. NO. 2-67, Sy.No.68, Kachivani Singaram, Ghatkesar mandal, Medchal - Malkajgiri Dist. Telangana.",mfg by karuppharma pvt ltd,"MISBRANDED The label of the sample indicates only Approved Coloures Used but failed to indicate the common name of the color, as required as per Rule 127(2) of the Drugs Rules, 1945. Hence the drug is deemed to be Misbranded as per Section 17 of the Drugs and Cosmetics Act, 1940, as the drug is not labeled in the prescribed manner.","S t a t e L a b , Drugs Control Laboratory, Telangana.",,B. NOT OF STANDARD QUALITY ALERT FOR THE MONTH OF MARCH– 2025 (State Laboratories),,1.0
2025-03,state,nsq,true,data/raw/cdsco_alerts/state/2025-03_state_nsq.pdf,3,18,18,"Mefifresh Tablets, Mefenamic Acid & Dicyclomine Hydrochloride Tablets,",,T092439,T092439,,true,2024-09,2027-08,Sep-24,Aug-27,"Mfg By: M/s. Swefn Pharmaceuticals Pvt.Ltd, 7, Sopan kesar Industrial Hub, Vil. Moraiya, Tal. Sanand, Dist. Ahmedabad - 382213 Gujarat. Mrkt: M/s. Smart Laboratories Pvt.Ltd, 1004, Brooklyn Tower, Nr. YMCA club, S.G. Highway, Ahmedabad 380051 (Guj).",mfg by m s swefn pharmaceuticals pvt ltd,"MISBRANDED The drug product Mefenamic Acid and D i c y clomine HCL tablets is official in Indian Pharmacopoeia. But the letters IP is not mentioned o n t h e s trip after the product name Mefenamic Acid and Dicyclomine HCL tablets. Hence it is Misbranded drug under section 17 of Drugs and Cosmetics Act, 1940.","S t a t e L a b , Drugs Control Laboratory, Telangana.",,B. NOT OF STANDARD QUALITY ALERT FOR THE MONTH OF MARCH– 2025 (State Laboratories),,1.0
2025-03,state,nsq,false,data/raw/cdsco_alerts/state/2025-03_state_nsq.pdf,3,19,19,Glimepiride Tab IP,,GP4039,GP4039,,false,2024-03,2026-08,Mar-24,Aug-26,"Kerala State Drugs and Pharmaceuticals Limited, Kalavoor .P.O, Alappuzha -688 522",kerala state drugs and pharmaceuticals limited,It fails the test ‘Dissolution’ Specified in the laboratory protocol as per IP,Drugs Testing Laboratory Thiruvananthapuram,,B. NOT OF STANDARD QUALITY ALERT FOR THE MONTH OF MARCH– 2025 (State Laboratories),,1.0
2025-03,state,nsq,false,data/raw/cdsco_alerts/state/2025-03_state_nsq.pdf,3,20,20,Beauty care EGG Protein Shampoo,,3,3,,false,2024-06,2026-05,Jun-24,May-26,"Universal Cosmetics Industries, B-29, Balaji Ind.Est, Akruli Road, Kandivali(E), Mumbai 101, Maharashtra",universal cosmetics industries,It fails the test for microbial limit as specified in the Laboratory Protocol as per IS 14648 : 2011 for microbiological examination of Cosmetics,Drugs Testing Laboratory Thiruvananthapuram,,B. NOT OF STANDARD QUALITY ALERT FOR THE MONTH OF MARCH– 2025 (State Laboratories),,1.0
2025-03,state,nsq,false,data/raw/cdsco_alerts/state/2025-03_state_nsq.pdf,4,21,21,Lilium Fruit Massage Cream,,MCF2408118,MCF2408118,,true,2024-09,,Sep-24,Best Before 36 Months from the date of Mfg.,"Lilium Cosmetics Pvt Ltd,A-97, sector-80, Gautham Budh Nagar,Noida, Uttarpradesh-201306",lilium cosmetics pvt ltd,"It fails the test for Heavy metals (as pb) parts per million, as specifed in the Laboratory protocol as per IS 6608:2004 for specification of skin cream",Drugs Testing Laboratory Thiruvananthapuram,,B. NOT OF STANDARD QUALITY ALERT FOR THE MONTH OF MARCH– 2025 (State Laboratories),,0.7
2025-03,state,nsq,false,data/raw/cdsco_alerts/state/2025-03_state_nsq.pdf,4,22,22,Silk & Sheen sandal face pack,,01,01,,false,2024-11,,Nov-24,Best Before 30 Months from the date of Mfg.,"Kamal Home products, Gala No. 104, Nirav-7, S No.44,45,93,94, Village Sativali, Vasai(E), Distt.Thane-401 208",kamal home products,"It fails the tests for total viable count and Gram negative pathogens, psuedomonas aeruginosa as specified in the Laboratory Protocol as per IS 14648 : 2011 for microbiological examination of Cosmetics",Drugs Testing Laboratory Thiruvananthapuram,,B. NOT OF STANDARD QUALITY ALERT FOR THE MONTH OF MARCH– 2025 (State Laboratories),,0.7
2025-03,state,nsq,false,data/raw/cdsco_alerts/state/2025-03_state_nsq.pdf,4,23,23,Glimepiride Tab IP 1 mg,,GP4053,GP4053,,false,2024-03,2026-02,Mar-24,Feb-26,"Kerala State Drugs and Pharmaceuticals Limited, Kalavoor .P.O, Alappuzha -688 522",kerala state drugs and pharmaceuticals limited,It fails the Descriptive part for tablets as specified in the Laboratory Protocol as per IP,Drugs Testing Laboratory Thiruvananthapuram,,B. NOT OF STANDARD QUALITY ALERT FOR THE MONTH OF MARCH– 2025 (State Laboratories),,1.0
2025-03,state,nsq,true,data/raw/cdsco_alerts/state/2025-03_state_nsq.pdf,4,24,24,Karas 2 H Hygiene Hand Sanitizer 500 ml,,IIACCJ24,IIACCJ24,,true,2024-10,,Oct-24,2 Yrs. From the date of Mfg.,"Karas Healthcare Private Ltd, 16/164B, Paravoor Road, Mannam, Vaniyakkad, North Paravur, Ernakulam, 683 520",karas healthcare private ltd,"The sample gives negative results for the presence of Ethyl , Alcohol and positive results for the presence of Methanol as per IP. The sample contains 78.39% v/v of Methanol as specified in the Laboratory Protocol. Hence the sample is spurious and declared as NSQ",Drugs Testing Laboratory Thiruvananthapuram,,B. NOT OF STANDARD QUALITY ALERT FOR THE MONTH OF MARCH– 2025 (State Laboratories),,0.7
2025-03,state,nsq,false,data/raw/cdsco_alerts/state/2025-03_state_nsq.pdf,4,25,25,Vitamin B 12 Injection IP,,CHI -40139,CHI40139,,true,2024-06,2026-05,Jun-24,May-26,"Cotec Healthcare Pvt.Ltd, K.H.No. 593/1 Roorkee , Dehradun , High way, Kishanpur, Roorkee- 247667 Uttarakhand",cotec healthcare pvt ltd,It fails the test ‘Sterility’ and ‘Assay’ as per IP,Drugs Testing Laboratory Thiruvananthapuram,,B. NOT OF STANDARD QUALITY ALERT FOR THE MONTH OF MARCH– 2025 (State Laboratories),,1.0
2025-03,state,nsq,false,data/raw/cdsco_alerts/state/2025-03_state_nsq.pdf,4,26,26,Blue Heaven Get matte Lipstick (4g),,KA4A1,KA4A1,,false,2024-09,,Sep-24,Best Before 36 Months from Mfd.,"Blue Heaven Cosmetics (P) Ltd,Plot No. 15, Sector -4, IMT, Manesar, Gurugram, Haryana- 122052",blue heaven cosmetics ltd,"It fails the test for the content of mercury in finished cosmetics products as specified in the Laboratory protocol as per Cosmetic Rules, 2020 for Standards of Cosmetics",Drugs Testing Laboratory Thiruvananthapuram,,B. NOT OF STANDARD QUALITY ALERT FOR THE MONTH OF MARCH– 2025 (State Laboratories),,0.7
2025-03,state,nsq,false,data/raw/cdsco_alerts/state/2025-03_state_nsq.pdf,4,27,27,Faiza Beauty Cream 45 gm,,24FX23,24FX23,,false,2024-04,2027-04,Apr-24,Apr-27,Poonia Brothers Pvt Ltd,poonia brothers pvt ltd,"It fails the test for the content of mercury in finished cosmetics products as specified in the Laboratory protocol as per Cosmetic Rules, 2020 for Standards of Cosmetics",Drugs Testing Laboratory Thiruvananthapuram,,B. NOT OF STANDARD QUALITY ALERT FOR THE MONTH OF MARCH– 2025 (State Laboratories),,1.0
2025-03,state,nsq,false,data/raw/cdsco_alerts/state/2025-03_state_nsq.pdf,5,28,28,Goree Day & Night Beauty Cream,,GDN175,GDN175,,true,2024-04,2027-03,Apr-24,Mar-27,"Goree Cosmetics (pvt)Ltd, Made in Pakisthan",goree cosmetics ltd,"It fails the test for the content of mercury in finished cosmetics products as specified in the Laboratory protocol as per Cosmetic Rules, 2020 for Standards of Cosmetics",Drugs Testing Laboratory Thiruvananthapuram,,B. NOT OF STANDARD QUALITY ALERT FOR THE MONTH OF MARCH– 2025 (State Laboratories),,1.0
2025-03,state,nsq,false,data/raw/cdsco_alerts/state/2025-03_state_nsq.pdf,5,29,29,Sandal Beauty Cream,,133E,133E,,false,,2027-07,NIL,Best Before July 27,"MMC Cosmetics Pvt Ltd, Made in Pakisthan",mmc cosmetics pvt ltd,"It fails the test for the content of mercury in finished cosmetics products as specified in the Laboratory protocol as per Cosmetic Rules, 2020 for Standards of Cosmetics",Drugs Testing Laboratory Thiruvananthapuram,,B. NOT OF STANDARD QUALITY ALERT FOR THE MONTH OF MARCH– 2025 (State Laboratories),,0.7
2025-03,state,nsq,false,data/raw/cdsco_alerts/state/2025-03_state_nsq.pdf,5,30,30,Fem creme Bleach,,BM1516,BM1516,,false,2024-09,2026-06,Sep-24,Jun-26,"Dabur India Ltd, Village Manakpur, Tehsil, Baddi, Distt, Soaln (HP)- 174 101",dabur india ltd,"It fails the test for the content of mercury in finished cosmetics products as specified in the Laboratory protocol . Does not conform to Cosmetic Rules, 2020 for Standards of Cosmetics",Drugs Testing Laboratory Thiruvananthapuram,,B. NOT OF STANDARD QUALITY ALERT FOR THE MONTH OF MARCH– 2025 (State Laboratories),,1.0
2025-03,state,nsq,false,data/raw/cdsco_alerts/state/2025-03_state_nsq.pdf,5,31,31,Faiza Moisture Blancing Whitening Face Wash,,NIL,NIL,,false,2023-01,2026-06,Jan-23,Jun-26,Poonia Brothers Pvt Ltd,poonia brothers pvt ltd,"It fails the test for the content of mercury in finished cosmetics products as specified in the Laboratory protocol . Does not conform to Cosmetic Rules, 2020 for Standards of Cosmetics",Drugs Testing Laboratory Thiruvananthapuram,,B. NOT OF STANDARD QUALITY ALERT FOR THE MONTH OF MARCH– 2025 (State Laboratories),,0.3
2025-03,state,nsq,false,data/raw/cdsco_alerts/state/2025-03_state_nsq.pdf,5,32,32,Top UP Matte Super Light Liquid Lipstick,,2027426,2027426,,true,2023-04,2027-04,Apr-23,Apr-27,"Yiwn Baolina Cosmetics Co Ltd, Yiwn Ltd, Yiting Town, Yiwn city, Jinhua city, Zhejiang Province, China",yiwn baolina cosmetics co ltd,"It fails the test for the content of mercury in finished cosmetics products as specified in the Laboratory protocol . Does not conform to Cosmetic Rules, 2020 for Standards of Cosmetics",Drugs Testing Laboratory Thiruvananthapuram,,B. NOT OF STANDARD QUALITY ALERT FOR THE MONTH OF MARCH– 2025 (State Laboratories),,1.0
2025-03,state,nsq,false,data/raw/cdsco_alerts/state/2025-03_state_nsq.pdf,5,33,33,Quench Ultra Light Nourishing Face and Body Cream (with Avocado Vitamin C&E ),with Avocado Vitamin C&E,BB54,BB54,,false,2023-05,2027-04,May-23,Apr-27,"Velvette life style Pvt Ltd, B-1004, Palatial Heights, Andheri (E), Mumbai- 400072, Maharashtra (Marketed By)",velvette life style pvt ltd,"It fails the tests for Total fatty substance content percent by mass, Total residue percent by mass and Heavy metals as Lead (pb) parts per million as per IS 6608: 2004 for specification of skin cream",Drugs Testing Laboratory Thiruvananthapuram,,B. NOT OF STANDARD QUALITY ALERT FOR THE MONTH OF MARCH– 2025 (State Laboratories),,1.0
2025-03,state,nsq,false,data/raw/cdsco_alerts/state/2025-03_state_nsq.pdf,6,34,34,Silk & Sheen Apricot Facial Scrub,,01,01,,false,2024-07,,Jul-24,Best Before 30 Months from the date of Mfg.,"Kamal Home products, Gala No. 104, Nirav-7, S No.44,45,93,94, Village Sativali, Vasai (E),Taluka Vasai, Distt.Thane-401 208",kamal home products,"It fails the test for the content of mercury in finished cosmetic products as specified in the Laboratory protocol as per Cosmetic Rules, 2020 for Standards of Cosmetics",Drugs Testing Laboratory Thiruvananthapuram,,B. NOT OF STANDARD QUALITY ALERT FOR THE MONTH OF MARCH– 2025 (State Laboratories),,0.7
2025-03,state,nsq,false,data/raw/cdsco_alerts/state/2025-03_state_nsq.pdf,6,35,35,Red four seven seas twist matte lipstick,,NG229,NG229,,false,2024-06,2029-06,Jun-24,Jun-29,"Seven seas Beauty products, Add. Ground floor, B-68, Gt karnal Road, Industrial area, Delhi-110033 (Marketed by)",seven seas beauty products,"It fails the test for the content of mercury in finished cosmetic products as specified in the Laboratory protocol as per Cosmetic Rules, 2020 for Standards of Cosmetics",Drugs Testing Laboratory Thiruvananthapuram,,B. NOT OF STANDARD QUALITY ALERT FOR THE MONTH OF MARCH– 2025 (State Laboratories),,1.0
2025-03,state,nsq,false,data/raw/cdsco_alerts/state/2025-03_state_nsq.pdf,6,36,36,Nature’s Essence Moisturing aloe beauty gel,,BCC4A3,BCC4A3,,true,2024-03,,Mar-24,Best Before 36 Months from the date Mfg.,"Esme Consumer Pvt Ltd,8, IP-II Salempur, Mehdood Haridwar-249402",esme consumer pvt ltd,"It fails the test for the content of ‘mercury, parts per million’ as specified in the Laboratory protocol as per IS 18429 : 2023 for specification of skin gel",Drugs Testing Laboratory Thiruvananthapuram,,B. NOT OF STANDARD QUALITY ALERT FOR THE MONTH OF MARCH– 2025 (State Laboratories),,0.7
2025-03,state,nsq,false,data/raw/cdsco_alerts/state/2025-03_state_nsq.pdf,6,37,37,Lipgloss ES-181,,GL8024,GL8024,,false,2023-10,2028-10,Oct-23,Oct-28,Shubh Laxmi Traders (imported by),shubh laxmi traders,"It fails the test for the content of mercury in finished cosmetic products as specified in the Laboratory protocol as per Cosmetic Rules, 2020 for Standards of Cosmetics",Drugs Testing Laboratory Thiruvananthapuram,,B. NOT OF STANDARD QUALITY ALERT FOR THE MONTH OF MARCH– 2025 (State Laboratories),,1.0
2025-03,state,nsq,false,data/raw/cdsco_alerts/state/2025-03_state_nsq.pdf,6,38,38,Niyo Plus Baby Shampoo,,BBS121,BBS121,,false,2024-11,2026-10,Nov-24,Oct-26,"Jeevanam Healthcare, Punalur, Kollam, Kerala(Marketed by)",jeevanam healthcare,"It fails the test ‘Total microbial count , CFU/ml’ as specified in the Laboratory Protocol as per IS 17117 : 2019 for specification of hair shampoo for babies.",Drugs Testing Laboratory Thiruvananthapuram,,B. NOT OF STANDARD QUALITY ALERT FOR THE MONTH OF MARCH– 2025 (State Laboratories),,1.0
2025-03,state,nsq,false,data/raw/cdsco_alerts/state/2025-03_state_nsq.pdf,6,39,39,Fexofenadine Tab IP [Fexodil-180],,T -3105,T3105,,true,2024-10,2026-09,Oct-24,Sep-26,"Jackson Laboratories Pvt Ltd, 22-24, Majitha Road, Byepass, Amritsar - 143 001",jackson laboratories pvt ltd,It fails the test ‘Dissolution’ as per IP,Drugs Testing Laboratory Thiruvananthapuram,,B. NOT OF STANDARD QUALITY ALERT FOR THE MONTH OF MARCH– 2025 (State Laboratories),,1.0
2025-03,state,nsq,false,data/raw/cdsco_alerts/state/2025-03_state_nsq.pdf,6,40,40,Paracetamol Tab IP 500 mg,,D2999/24-25,D29992425,,true,,,NIL,NIL,"Kerala Medical services Corporation Limited, Thycaud P.O, Thiruvananthapuram",kerala medical services corporation limited,It fails the tests dissolution specified in the Laboratory Protocol,Drugs Testing Laboratory Thiruvananthapuram,,B. NOT OF STANDARD QUALITY ALERT FOR THE MONTH OF MARCH– 2025 (State Laboratories),,0.7
2025-03,state,nsq,false,data/raw/cdsco_alerts/state/2025-03_state_nsq.pdf,7,41,41,Paracetamol Tab IP 500 mg,,D3212/24-25,D32122425,,true,,,NIL,NIL,"Kerala Medical services Corporation Limited, Thycaud P.O, Thiruvananthapuram",kerala medical services corporation limited,It fails the tests dissolution specified in the Laboratory Protocol,Drugs Testing Laboratory Thiruvananthapuram,,B. NOT OF STANDARD QUALITY ALERT FOR THE MONTH OF MARCH– 2025 (State Laboratories),,0.7
2025-03,state,nsq,false,data/raw/cdsco_alerts/state/2025-03_state_nsq.pdf,7,42,42,Paracetamol Tabl IP 500 mg,,D3213/24-25,D32132425,,true,,,NIL,NIL,"Kerala Medical services Corporation Limited, Thycaud P.O, Thiruvananthapuram",kerala medical services corporation limited,It fails the tests dissolution specified in the Laboratory Protocol,Drugs Testing Laboratory Thiruvananthapuram,,B. NOT OF STANDARD QUALITY ALERT FOR THE MONTH OF MARCH– 2025 (State Laboratories),,0.7
2025-03,state,nsq,false,data/raw/cdsco_alerts/state/2025-03_state_nsq.pdf,7,43,43,Amrutharishtam,,1031,1031,,false,2024-09,,Sep-24,5 Yrs from the date of Mfg.,"Vaidyasala Veetil Oushadhasala, Kulanjiyil, Elamadu.P.O, Kollam-691 539",vaidyasala veetil oushadhasala,It fails the test ‘Total Solids’ as specified in the L aboratory protocol as per API,Drugs Testing Laboratory Thiruvananthapuram,,B. NOT OF STANDARD QUALITY ALERT FOR THE MONTH OF MARCH– 2025 (State Laboratories),,0.7
2025-03,state,nsq,false,data/raw/cdsco_alerts/state/2025-03_state_nsq.pdf,7,44,44,Dasamularishtam,,1042,1042,,false,2025-01,,Jan-25,5 Yrs from the date of Mfg.,"Vaidyasala Veetil Oushadhasala, Kulanjiyil, Elamadu.P.O, Kollam-691 539",vaidyasala veetil oushadhasala,"It fails the test ‘pH’ ,‘Total Solids’ ‘Specific Gravity’, a nd ‘Alcohol Content’ as specified in the Laboratory protocol as per API",Drugs Testing Laboratory Thiruvananthapuram,,B. NOT OF STANDARD QUALITY ALERT FOR THE MONTH OF MARCH– 2025 (State Laboratories),,0.7
2025-03,state,nsq,false,data/raw/cdsco_alerts/state/2025-03_state_nsq.pdf,7,45,45,Avipathi Choornam,,AV461625,AV461625,,true,2025-01,2026-12,Jan-25,Dec-26,"Changethu Herbs & Drugs, Thonnallur, Pandalam",changethu herbs drugs,"It fails the tests ‘Total sugar’, ‘Alcohol soluble Extractive ’ and ‘Water soluble Extractive’, as specified in the Laboratory Protocol as per API",Drugs Testing Laboratory Thiruvananthapuram,,B. NOT OF STANDARD QUALITY ALERT FOR THE MONTH OF MARCH– 2025 (State Laboratories),,1.0
2025-03,state,nsq,false,data/raw/cdsco_alerts/state/2025-03_state_nsq.pdf,7,46,46,Paracetamol Tab IP 500 mg,,D3103/24-25,D31032425,,true,,,NIL,NIL,"Kerala Medical services Corporation Limited, Thycaud P.O, Thiruvananthapuram",kerala medical services corporation limited,It fails the tests for dissolution and descriptive part for tablets as specified in the Laboratory Protocol as per IP,Drugs Testing Laboratory Thiruvananthapuram,,B. NOT OF STANDARD QUALITY ALERT FOR THE MONTH OF MARCH– 2025 (State Laboratories),,0.7
2025-03,state,nsq,false,data/raw/cdsco_alerts/state/2025-03_state_nsq.pdf,7,47,47,Sodium Valporate Tablets I.P. 500mg.,,SGT-24173,SGT24173,,true,2024-04,2026-05,Apr-24,May-26,"M/s. Spectrum Formulation Pvt. Ltd., Khasra No. 12, Makhanpur, Bhagwanpur, Roorkee, Haridwar - 247 661, U.K.",spectrum formulation pvt ltd,Does not conform to I.P.,"State Drugs Testing Laboratory, Kolkata, West Bengal.",,B. NOT OF STANDARD QUALITY ALERT FOR THE MONTH OF MARCH– 2025 (State Laboratories),,1.0
2025-03,state,nsq,false,data/raw/cdsco_alerts/state/2025-03_state_nsq.pdf,7,48,48,Telvas H 40/12.5 (Telmisartan & Hydrochlorothiazide Tablets I.P.),Telmisartan & Hydrochlorothiazide Tablets I.P.,SPB240306,SPB240306,,true,2024-02,2026-01,Feb-24,Jan-26,"M/s. Aristo Pharmaceutical Pvt. Ltd., Plot No. 2040-46, N.H.-10, Baghey Khola, P.O. Majhitar, East Sikkim-737 136.",aristo pharmaceutical pvt ltd,Does not conform to I.P.,"State Drugs Testing Laboratory, Kolkata, West Bengal.",,B. NOT OF STANDARD QUALITY ALERT FOR THE MONTH OF MARCH– 2025 (State Laboratories),,1.0
2025-03,state,nsq,false,data/raw/cdsco_alerts/state/2025-03_state_nsq.pdf,7,49,49,Telso 80 (Telmisartan Tab I.P.),Telmisartan Tab I.P.,MT232176,MT232176,,true,2023-06,2025-05,Jun-23,May-25,"M/s. Mascot Health Series Pvt. Ltd., Plot No. 79, 80, Sec-6A, IIE, Sidcul, Haridwar-249403",mascot health series pvt ltd,Does not conform to I.P.,"State Drugs Testing Laboratory, Kolkata, West Bengal.",,B. NOT OF STANDARD QUALITY ALERT FOR THE MONTH OF MARCH– 2025 (State Laboratories),,1.0
2025-03,state,nsq,false,data/raw/cdsco_alerts/state/2025-03_state_nsq.pdf,7,50,50,Telvas-AM (Telmisartan & Amlodipine Tablets I.P.),Telmisartan & Amlodipine Tablets I.P.,BPG241827,BPG241827,,true,2024-07,2026-06,Jul-24,Jun-26,"M/s. Aristo Pharmaceutical Pvt. Ltd., Vill. Makhnumajra, P.O. Bhud, Dist. Solan, H.P.-173 205.",aristo pharmaceutical pvt ltd,Does not conform to I.P.,"State Drugs Testing Laboratory, Kolkata, West Bengal.",,B. NOT OF STANDARD QUALITY ALERT FOR THE MONTH OF MARCH– 2025 (State Laboratories),,1.0
2025-03,state,nsq,false,data/raw/cdsco_alerts/state/2025-03_state_nsq.pdf,7,51,51,Telvas 40 (Telmisartan Tablets I.P. 40mg.),,SPB240221,SPB240221,,true,2024-02,2026-01,Feb-24,Jan-26,"M/s. Aristo Pharmaceutical Pvt. Ltd., Plot No. 2040-46, N.H.-10, Baghey Khola, P.O. Majhitar, East Sikkim-737 136.",aristo pharmaceutical pvt ltd,Does not conform to I.P.,"State Drugs Testing Laboratory, Kolkata, West Bengal.",,B. NOT OF STANDARD QUALITY ALERT FOR THE MONTH OF MARCH– 2025 (State Laboratories),,1.0
2025-03,state,nsq,false,data/raw/cdsco_alerts/state/2025-03_state_nsq.pdf,8,52,52,Shafcin-650,,AT-119,AT119,,false,2024-08,2026-07,Aug-24,Jul-26,"Mfg By: Ambrosia Pharma , 91 , Indl. Estate , Zainakot Srinagar",mfg by ambrosia pharma,The sample does not confirm to IP 2022 requirement with respect to Dissolution Test,Drug Testing Laboratory Srinagar (J&K) - Report attached as Annexure A,,B. NOT OF STANDARD QUALITY ALERT FOR THE MONTH OF MARCH– 2025 (State Laboratories),,1.0
2025-03,state,nsq,false,data/raw/cdsco_alerts/state/2025-03_state_nsq.pdf,8,53,53,Petop-40,,PTP-119,PTP119,,true,2024-08,2026-01,Aug-24,Jan-26,Mfg By: Ocean Organics Pvt Ltd P.O Khanna Nagar Amritsar -143001,mfg by ocean organics pvt ltd p o khanna nagar amritsar 143001,The sample does not conform to the IP 2022 requirement with respect to Dissolution Test,Drug Testing Laboratory Srinagar (J&K) - Report attached as Annexure B,,B. NOT OF STANDARD QUALITY ALERT FOR THE MONTH OF MARCH– 2025 (State Laboratories),,1.0
2025-03,state,nsq,false,data/raw/cdsco_alerts/state/2025-03_state_nsq.pdf,8,54,54,Pantobac-40,,MT240861,MT240861,,true,2024-09,2026-08,Sep-24,Aug-26,"Mancare Laboratories Pvt Ltd Plot No. 11, Pharmacity Selaqui Dehradun , Uttarakhand 248011 Mrk By: NAVA Healthcare Pvt Ltd C1/10 Lal Sai Marg Janakpuri New Delhi - 110058",mancare laboratories pvt ltd plot no 11,"The sample does not conform to the IP requirements w,r,t Dissolution test",Drug Testing Laboratory Srinagar (J&K) - Report attached as Annexure C,,B. NOT OF STANDARD QUALITY ALERT FOR THE MONTH OF MARCH– 2025 (State Laboratories),,1.0
2025-03,state,nsq,false,data/raw/cdsco_alerts/state/2025-03_state_nsq.pdf,8,55,55,Aticold,,TG24-1268,TG241268,,true,2024-06,2026-05,Jun-24,May-26,Athens Lifesciences Mauza Rampur Jattan Nahan Road Kala Amb Distt. Sirmour H.P 173030 Mfg For : Telethon Healthcare SCF 236 Second Floor Sector 13 Manimajra Chandigarh UT,athens lifesciences mauza rampur jattan nahan road kala amb distt sirmour h p 173030 mfg for telethon healthcare scf 236 second floor sector 13 manimajra chandigarh ut,The sample does not conform to the IP 2022 requirement w.r.t Uniformity of weight & Disintegration Test,Combined Food & Drug Testing Laboratory Jammu (J&K) - Report attached as Annexure D,,B. NOT OF STANDARD QUALITY ALERT FOR THE MONTH OF MARCH– 2025 (State Laboratories),,1.0
2025-03,state,nsq,false,data/raw/cdsco_alerts/state/2025-03_state_nsq.pdf,8,56,56,Calagy ( Calamine Lotion I.P.),Calamine Lotion I.P.,SPA243098,SPA243098,,true,2024-10,2026-09,Oct-24,Sep-26,"M/s Skymap Pharmaceuticals Pvt. Ltd, Roorkee",skymap pharmaceuticals pvt ltd,Sample does not conforms to clain as per I.P. 2022 w.r.t. assay of Zinc Oxide,State lab,,B. NOT OF STANDARD QUALITY ALERT FOR THE MONTH OF MARCH– 2025 (State Laboratories),,1.0
2025-03,state,nsq,false,data/raw/cdsco_alerts/state/2025-03_state_nsq.pdf,8,57,57,Deflazacort 6 mg Tablets,,CPT-241518,CPT241518,,true,2024-12,2026-11,Dec-24,Nov-26,"M/s Catasta Pharmaceuticals, Plot No. 113, DIC, Ind. Area, Baddi, Distt. Solan HP",catasta pharmaceuticals,Sample does not conforms to clain as per Patent & Proprietary in respect to the Assay of Deflazacort.,DTL BADDI,,B. NOT OF STANDARD QUALITY ALERT FOR THE MONTH OF MARCH– 2025 (State Laboratories),,1.0
2025-03,state,nsq,false,data/raw/cdsco_alerts/state/2025-03_state_nsq.pdf,8,58,58,Diclofenac Potassium & Paracetamol Tablets,,CPT-241506,CPT241506,,true,2024-12,2026-11,Dec-24,Nov-26,"M/s Catasta Pharmaceuticals, Plot No. 113, DIC, Ind. Area, Baddi, Distt. Solan HP",catasta pharmaceuticals,Sample does not conforms to clain as per Patent & Proprietary in respect to the Assay of Diclofenac Pottassium,DTL BADDI,,B. NOT OF STANDARD QUALITY ALERT FOR THE MONTH OF MARCH– 2025 (State Laboratories),,1.0
2025-03,state,nsq,false,data/raw/cdsco_alerts/state/2025-03_state_nsq.pdf,8,59,59,Etoricoxib & Thiocolchicoside Soft gel Capsules (Sancap),Sancap,CD-242077,CD242077,,true,2024-12,2026-11,Dec-24,Nov-26,"M/s Capsoft Healthcare Pvt Ltd, Shed no 6, khasra no 760-761, khaslsa complex, Vill Karuana, Sai Road Baddi, Distt. Solan H.P.",capsoft healthcare pvt ltd,Sample does not conforms to clain as per Patent & Proprietary in respect to the Assay of Etoricoxib & Thiocolchicoside,DTL BADDI,,B. NOT OF STANDARD QUALITY ALERT FOR THE MONTH OF MARCH– 2025 (State Laboratories),,1.0
2025-03,state,nsq,false,data/raw/cdsco_alerts/state/2025-03_state_nsq.pdf,8,60,60,Sucralfate USP,,LSU2409105,LSU2409105,,true,2024-09,2024-08,Sep-24,Aug-24,"Legend Industries at unit-II Plot no C1/200-201/4 Phase-II, opp. Encore Ltd. Naroda GIDC Ahmedabad 382330",legend industries at unit ii plot no c1 200 201 4 phase ii,Sample does not conforms to U.S.P respect to identification and Assay of Sucralfate.,CDL Kolkata,,B. NOT OF STANDARD QUALITY ALERT FOR THE MONTH OF MARCH– 2025 (State Laboratories),,1.0
2025-03,state,nsq,false,data/raw/cdsco_alerts/state/2025-03_state_nsq.pdf,8,61,61,Sucralfate USP,,LSU2409106,LSU2409106,,true,2024-09,2025-08,Sep-24,08/2025,"Legend Industries at unit-II Plot no C1/200-201/4 Phase-II, opp. Encore Ltd. Naroda GIDC Ahmedabad 382331",legend industries at unit ii plot no c1 200 201 4 phase ii,Sample does not conforms to U.S.P respect to identification and Assay of Sucralfate.,CDL Kolkata,,B. NOT OF STANDARD QUALITY ALERT FOR THE MONTH OF MARCH– 2025 (State Laboratories),,1.0
2025-04,state,nsq,false,data/raw/cdsco_alerts/state/2025-04_state_nsq.pdf,1,1,1,Nimesulide & Paracetamol Bolus (Vet.) (Nip-UP Bolus),Nip-UP Bolus,NPB-23221,NPB23221,,false,2024-02,2026-01,Feb-24,Jan-26,"M/s. Akme Biotec, Plot No. 24, Sector-5, I.I.E., Sidcul, Haridwar (U.K.)",akme biotec,Disintegration Test,Karnataka,,B. NOT OF STANDARD QUALITY ALERT FOR THE MONTH OF APRIL– 2025 – (State Laboratories),,1.0
2025-04,state,nsq,false,data/raw/cdsco_alerts/state/2025-04_state_nsq.pdf,1,2,2,WORMKILL-PLUS (Albendazole & Ivermectin Oral Suspension),Albendazole & Ivermectin Oral,SRVL-24003,SRVL24003,,false,2024-06,2026-05,Jun-24,May-26,"M/s. SPAS Remedies, Vill-Bersan, P.O-Lodhi Majra, Tehsil-Baddi Distt. Solan (H.P) 173205",spas remedies,Assay for Albendazole and Ivermectin,Karnataka,,B. NOT OF STANDARD QUALITY ALERT FOR THE MONTH OF APRIL– 2025 – (State Laboratories),,1.0
2025-04,state,nsq,false,data/raw/cdsco_alerts/state/2025-04_state_nsq.pdf,1,3,3,Paracetamol Tablets IP 650 mg,,PCT24034,PCT24034,,false,2024-02,2026-01,Feb-24,Jan-26,"M/s. Vivek Pharmachem (India) Ltd., NH-8, Chimanpura, Amer, Jaipur-303102",vivek pharmachem ltd,Test for Dissolution” and “Description,Karnataka,,B. NOT OF STANDARD QUALITY ALERT FOR THE MONTH OF APRIL– 2025 – (State Laboratories),,1.0
2025-04,state,nsq,false,data/raw/cdsco_alerts/state/2025-04_state_nsq.pdf,1,4,4,Glimepiride 1 mg & Metformin HCl 500mg (Sustained Release) Tablets IP,Sustained Release,SPT40298,SPT40298,,false,2024-09,2026-08,Sep-24,Aug-26,"M/s. Surge Pharmaceuticals Pvt. Ltd., Plot No. C-78 & 79, Additional M.I.D.C., Jejuri-412303, Taluka Purandhar District, Pune, Maharashtra, India",surge pharmaceuticals pvt ltd,Test for Dissolution” and “Assay for Glimeperide,Karnataka,,B. NOT OF STANDARD QUALITY ALERT FOR THE MONTH OF APRIL– 2025 – (State Laboratories),,1.0
2025-04,state,nsq,false,data/raw/cdsco_alerts/state/2025-04_state_nsq.pdf,1,5,5,Spoorthi Aloegramflour Soap,,6,6,,false,2024-06,2027-05,Jun-24,May-27,"M/s. Spoorthi Herbals No.:299, SH1 Kalakupi, Airport Road, Belagavi, Karnataka-591121",spoorthi herbals no 299,Test for Matter insoluble in Alcohol only,Karnataka,,B. NOT OF STANDARD QUALITY ALERT FOR THE MONTH OF APRIL– 2025 – (State Laboratories),,1.0
2025-04,state,nsq,false,data/raw/cdsco_alerts/state/2025-04_state_nsq.pdf,1,6,6,Acremox-500 (Amoxycillin Trihydrate & Lactic Acid Bacillus Capsules),Amoxycillin Trihydrate & Lactic Acid Bacillus,ABC24002,ABC24002,,false,2024-04,2026-03,Apr-24,Mar-26,"M/s. Alexa Pharmaceuticals, Plot. No. 20, Ext, HPSIDC, Ind, Area, Baddi, Distt. Solan (H.P) 173205",alexa pharmaceuticals,Assay for Amoxycillin,Karnataka,,B. NOT OF STANDARD QUALITY ALERT FOR THE MONTH OF APRIL– 2025 – (State Laboratories),,1.0
2025-04,state,nsq,false,data/raw/cdsco_alerts/state/2025-04_state_nsq.pdf,1,7,7,Ketoconazole Tablets I.P. 200mg,,GT301737,GT301737,,false,2024-03,2026-02,Mar-24,Feb-26,"M/s. Gnosis Pharmaceuticals Pvt. Ltd., Nahan Road, Village Moginand, Kala-Amb, Distt. Sirmour (H.P)-173030",gnosis pharmaceuticals pvt ltd,Description only,Karnataka,,B. NOT OF STANDARD QUALITY ALERT FOR THE MONTH OF APRIL– 2025 – (State Laboratories),,1.0
2025-04,state,nsq,false,data/raw/cdsco_alerts/state/2025-04_state_nsq.pdf,1,8,8,Compound Sodium Lactate Injection I.P (Ringer Lactate Solution for injection I.P) (RL),Ringer Lactate Solution for injection I.P,4D40168,4D40168,,false,2024-10,2027-09,Oct-24,Sep-27,"M/s. IHL Lifesciences Pvt. Ltd., At village: Panwa, Tehsil: Kasrawad, Dist: Khargone 451228 (M.P) India",ihl lifesciences pvt ltd,Test for Sterility,Karnataka,,B. NOT OF STANDARD QUALITY ALERT FOR THE MONTH OF APRIL– 2025 – (State Laboratories),,1.0
2025-04,state,nsq,false,data/raw/cdsco_alerts/state/2025-04_state_nsq.pdf,1,9,9,Amitriptyline HCl & Chlordiazepoxide Tablets USP (AMTOPIC-PLUS),AMTOPIC-PLUS,N2402062,N2402062,,false,2024-02,2026-01,Feb-24,Jan-26,"M/s. Talent Healthcare, 66-67, Sector-6A, Sidcul, Iie, Haridwar-249403 (Uttarakhand)",talent healthcare,Assay for Amitriptyline only,Karnataka,,B. NOT OF STANDARD QUALITY ALERT FOR THE MONTH OF APRIL– 2025 – (State Laboratories),,1.0
2025-04,state,nsq,false,data/raw/cdsco_alerts/state/2025-04_state_nsq.pdf,2,10,10,Sodium Chloride Injection IP (0.9% W/v) NS,,4HB01401,4HB01401,,false,2024-05,2027-04,May-24,Apr-27,"M/s. Aishwarya Lifesciences, plot no 11, Ind. Area VPO-Lodhimajra, Baddi, Distt-Solan (H.P)-174101 (India)",aishwarya lifesciences,Test for Sterility,Karnataka,,B. NOT OF STANDARD QUALITY ALERT FOR THE MONTH OF APRIL– 2025 – (State Laboratories),,1.0
2025-04,state,nsq,false,data/raw/cdsco_alerts/state/2025-04_state_nsq.pdf,2,11,11,Ofloxacin & Ornidazole Tablets IP (200 mg +500 mg) (Floxo OZ),Floxo OZ,TAH-231704,TAH231704,,false,2023-09,2025-08,Sep-23,Aug-25,"M/s. Prochem Pharmaceuticals Pvt. Ltd., 140-141, Makkanpur, Bhagawanpur, Roorkee, Dist. Haridwar (UK)-247661",prochem pharmaceuticals pvt ltd,Description,Karnataka,,B. NOT OF STANDARD QUALITY ALERT FOR THE MONTH OF APRIL– 2025 – (State Laboratories),,1.0
2025-04,state,nsq,false,data/raw/cdsco_alerts/state/2025-04_state_nsq.pdf,2,12,12,Infusion Set (BMD),BMD,BIV-020,BIV020,,false,2024-08,2027-07,Aug-24,Jul-27,"M/s. Bhgwati Medicare Devices, 8, Maruti Industrial Estste, Nr. Sindhvai Mata Temple, C.T.M-Ramol Road, Amraiwadi, Ahmedabad-380026. Gujarat (India)",bhgwati medicare devices,Test for Sterility,Karnataka,,B. NOT OF STANDARD QUALITY ALERT FOR THE MONTH OF APRIL– 2025 – (State Laboratories),,1.0
2025-04,state,nsq,false,data/raw/cdsco_alerts/state/2025-04_state_nsq.pdf,2,13,13,"Albendazole Tablet IP 400 mg,",,T24/007A,T24007A,,false,2024-12,2026-11,Dec-24,Nov-26,"M/s. Samkem 15-B & 10-B, A.K.V.N Industrial Area, Rangwasa, Rao, Indore - 453331, Madhya Predesh.",samkem 15 b 10 b,Dissolution does not comply as per IP.,"State Lab, Drugs Control Laboratory, Telangana.",,B. NOT OF STANDARD QUALITY ALERT FOR THE MONTH OF APRIL– 2025 – (State Laboratories),,1.0
2025-04,state,nsq,false,data/raw/cdsco_alerts/state/2025-04_state_nsq.pdf,2,14,14,"Albendazole Tablet IP 400 mg,",,T24/020A,T24020A,,false,2024-12,2026-11,Dec-24,Nov-26,"M/s. Samkem 15-B & 10-B, A.K.V.N Industrial Area, Rangwasa, Rao, Indore - 453331, Madhya Predesh.",samkem 15 b 10 b,Dissolution does not comply as per IP.,"State Lab, Drugs Control Laboratory, Telangana.",,B. NOT OF STANDARD QUALITY ALERT FOR THE MONTH OF APRIL– 2025 – (State Laboratories),,1.0
2025-04,state,nsq,false,data/raw/cdsco_alerts/state/2025-04_state_nsq.pdf,2,15,15,"Albendazole Tablet IP 400 mg,",,T24/016A,T24016A,,false,2024-12,2026-11,Dec-24,Nov-26,"M/s. Samkem 15-B & 10-B, A.K.V.N Industrial Area, Rangwasa, Rao, Indore - 453331, Madhya Predesh.",samkem 15 b 10 b,Dissolution does not comply as per IP.,"State Lab, Drugs Control Laboratory, Telangana.",,B. NOT OF STANDARD QUALITY ALERT FOR THE MONTH OF APRIL– 2025 – (State Laboratories),,1.0
2025-04,state,nsq,false,data/raw/cdsco_alerts/state/2025-04_state_nsq.pdf,2,16,16,Albendazole Tablets IP 400 mg,,T24/011A,T24011A,,false,2024-12,2026-11,Dec-24,Nov-26,"M/s. Samkem 15-B & 10-B,A.K.V.N.Industrial Area, Rangwasa, Rao,Indore-453331.(M.P.)(WHO-GMP & GLP Certifled Company) (AN ISO 9001:2015 Certifled Company) MADHYA PRADESH",samkem 15 b 10 b,Sample Does not comply in respect of Dissolution Test as per IP.,"State Lab, Drugs Control Laboratory, Telangana.",,B. NOT OF STANDARD QUALITY ALERT FOR THE MONTH OF APRIL– 2025 – (State Laboratories),,1.0
2025-04,state,nsq,false,data/raw/cdsco_alerts/state/2025-04_state_nsq.pdf,2,17,17,"Albendazole Tablet IP 400 mg,",,T24/015A,T24015A,,false,2024-12,2025-11,Dec-24,Nov-25,"M/s. Samkem15-B & 10-B, A.K.V.N. INDUSTRIAL AREA, RANGWASA RAO, INDORE – 453 331 (M.P.) MADHYA PRADESH",samkem15 b 10 b,Dissolution does not comply as per IP.,"State Lab, Drugs Control Laboratory, Telangana.",,B. NOT OF STANDARD QUALITY ALERT FOR THE MONTH OF APRIL– 2025 – (State Laboratories),,1.0
2025-04,state,nsq,false,data/raw/cdsco_alerts/state/2025-04_state_nsq.pdf,2,18,18,Albendazole Tablets IP 400 mg,,T24/018A,T24018A,,false,2024-12,2026-11,Dec-24,Nov-26,"M/s. Samkem15-B & 10-B, A.K.V.N. INDUSTRIAL AREA, RANGWASA RAO, INDORE – 453 331 (M.P.) MADHYA PRADESH",samkem15 b 10 b,Dissolution dose not complies as per IP.,"State Lab, Drugs Control Laboratory, Telangana.",,B. NOT OF STANDARD QUALITY ALERT FOR THE MONTH OF APRIL– 2025 – (State Laboratories),,1.0
2025-04,state,nsq,false,data/raw/cdsco_alerts/state/2025-04_state_nsq.pdf,2,19,19,"Albendazole Tablet IP 400 mg,",,C25F944019,C25F944019,,false,2024-06,2026-05,Jun-24,May-26,"M/s. Concept Pharmaceuticals Ltdm Khasra No. 104, Asaf Nagar, Roorkee - 247 667. Uttarakhand.",concept pharmaceuticals ltdm khasra no 104,Dissolution dose not complies as per IP.,"State Lab, Drugs Control Laboratory, Telangana.",,B. NOT OF STANDARD QUALITY ALERT FOR THE MONTH OF APRIL– 2025 – (State Laboratories),,1.0
2025-04,state,nsq,false,data/raw/cdsco_alerts/state/2025-04_state_nsq.pdf,3,20,20,"Albendazole Tablet IP 400 mg,",,C25F944019,C25F944019,,false,2024-06,2026-05,Jun-24,May-26,"M/s. Concept Pharmaceuticals Ltdm Khasra No. 104, Asaf Nagar, Roorkee - 247 667. Uttarakhand.",concept pharmaceuticals ltdm khasra no 104,Dissolution dose not complies as per IP.,"State Lab, Drugs Control Laboratory, Telangana.",,B. NOT OF STANDARD QUALITY ALERT FOR THE MONTH OF APRIL– 2025 – (State Laboratories),,1.0
2025-04,state,nsq,false,data/raw/cdsco_alerts/state/2025-04_state_nsq.pdf,3,21,21,"Emiral OD Tablets, Ondansetron orally disintegrating Tablets IP",,HT24565,HT24565,,false,2024-07,2026-06,Jul-24,Jun-26,"M/s Habitare Pharma Pvt Ltd Plot no. 43-44, Industrial Estate, HSIIDC, Alipur, Barwala, Distt-Panchakula (HR) - 134118 HARYANA",habitare pharma pvt ltd plot no 43 44,Disintegration dose not complies as per IP.,"State Lab, Drugs Control Laboratory, Telangana.",,B. NOT OF STANDARD QUALITY ALERT FOR THE MONTH OF APRIL– 2025 – (State Laboratories),,1.0
2025-04,state,nsq,true,data/raw/cdsco_alerts/state/2025-04_state_nsq.pdf,3,22,22,Ambroxol Hydrochloride Syrup 30 mg/5 ml,,724559,724559,,false,2024-12,2026-11,Dec-24,Nov-26,"M/s.Syndicate Pharma 185/B, 185/B-1, 187/A & 188, Sector-F, Sanwer Road, Indore-452015 Madhya Pradesh",syndicate pharma 185 b,"Misbranded The drug failed to indicate the common name of the colour, used in the drug, on the product label, as required under Rule 127(2) of the Drugs Rules, 1945. The label merely states Approved Colour Used. Hence, the drug is deemed to be Misbranded under Section 17 of the Drugs and Cosmetics Act, 1940, as it is not labeled in the prescribed manner.","S t a t e L a b , Drugs Control Laboratory, Telangana.",,B. NOT OF STANDARD QUALITY ALERT FOR THE MONTH OF APRIL– 2025 – (State Laboratories),,1.0
2025-04,state,nsq,true,data/raw/cdsco_alerts/state/2025-04_state_nsq.pdf,3,23,23,"Lulimark Creams, Luliconazole Cream 1%",,92447,92447,,false,2024-09,2026-08,Sep-24,Aug-26,"M/s. Forever LifeScience Pvt.Ltd. 74/D, Sopan Kesar Industrial Hub, Moraiya, Dist. Ahmedabad - 382213 GUJARAT",forever lifescience pvt ltd 74 d,"Misbranded The drug Product Luliconazole Cream is official, i.e., it is included in the current edition of the Indian Pharamacopoeia (IP-2022). As required under the Second Schedule of the Drugs and Cosmetics Act, 1940, the said drug Product shall mandatorily comply with the standards set out in the Indian Pharmacopoeia. However, the designation ""IP""in conjunction with the official title Luliconazole Cream was not mentioned on the label of the drug product as an indication that it purports to comply with IP standards. Hence, drug under Section 17 of the Drugs and Cosmetics Act, 1940 as it is not labeled in the prescribed manner.","S t a t e L a b , Drugs Control Laboratory, Telangana.",,B. NOT OF STANDARD QUALITY ALERT FOR THE MONTH OF APRIL– 2025 – (State Laboratories),,1.0
2025-04,state,nsq,true,data/raw/cdsco_alerts/state/2025-04_state_nsq.pdf,4,24,24,Ambroxol Hydrochloride Syrup,,724543,724543,,false,2024-11,2026-10,Nov-24,Oct-26,"M/s By: Syndicate Pharma 185/B, 185/B-1, 187/A & 188, Sector-F, Sanwer Road, Indore - 452015 MADHYA PRADESH",by syndicate pharma 185 b,"Misbranded The drug failed to indicate the common name of the colour, used in the drug, on the product label, as required under Rule 127(2) of the Drugs Rules, 1945. The label merely states Approved Colour Used. Hence, the drug is deemed to be Misbranded under Section 17 of the Drugs and Cosmetics Act, 1940, as it is not labeled in the prescribed manner.","S t a t e L a b , Drugs Control Laboratory, Telangana.",,B. NOT OF STANDARD QUALITY ALERT FOR THE MONTH OF APRIL– 2025 – (State Laboratories),,1.0
2025-04,state,nsq,false,data/raw/cdsco_alerts/state/2025-04_state_nsq.pdf,4,25,25,Winocin 500 (Paracetamol tablets IP 500 mg),,JT-2405719,JT2405719,,false,2024-05,2026-10,May-24,Oct-26,"M/s.Jineka Healthcare Pvt. Ltd, Plot No. 15, Sector- 6B, IIE, Ranipur, Haridwar (UK) 249403",jineka healthcare pvt ltd,"The sample does not conform to standard quality in respect of the test for ""Dissolution"" performed.","State Drugs Testing Laboratory, Agartala, Tripura.",,B. NOT OF STANDARD QUALITY ALERT FOR THE MONTH OF APRIL– 2025 – (State Laboratories),,1.0
2025-04,state,nsq,false,data/raw/cdsco_alerts/state/2025-04_state_nsq.pdf,4,26,26,Fevimed (Paracetamol tablets IP 500 mg),,T-23204,T23204,,false,2023-09,2025-08,Sep-23,Aug-25,"M/s.Kshipra Drugs Pvt. Ltd. 40-41/22B, Industrial Area No. 1, Dewas (MP) 455001.",kshipra drugs pvt ltd 40 41 22b,"The sample does not conform to standard quality in respect of the test for ""Dissolution"" performed.","State Drugs Testing Laboratory, Agartala, Tripura.",,B. NOT OF STANDARD QUALITY ALERT FOR THE MONTH OF APRIL– 2025 – (State Laboratories),,1.0
2025-04,state,nsq,false,data/raw/cdsco_alerts/state/2025-04_state_nsq.pdf,4,27,27,Sucrapolis-O Suspension,,CSDL24368,CSDL24368,,false,2024-10,2026-09,Oct-24,Sep-26,"M/s.CSD Lifesciences, Village:Malkumajra, Morepen Road, Baddi, Distt, Solan (HP)- 173205",csd lifesciences,sample does not conform to label claim with respect to the content of Oxetacaine,"Drugs Testing Laboratory, Chennai - 6",,B. NOT OF STANDARD QUALITY ALERT FOR THE MONTH OF APRIL– 2025 – (State Laboratories),,1.0
2025-04,state,nsq,false,data/raw/cdsco_alerts/state/2025-04_state_nsq.pdf,5,28,28,Gentamicin Injection I.P-2ml,,24BUH83,24BUH83,,false,2024-08,2026-07,Aug-24,Jul-26,"M/s.SVP Life Sciences, C/10-1, Sara Industrial Estate, Selequi, Dehradun.",svp life sciences,Sample does not conform to the requirement for pH.,"King Institute of Preventive Medicine & Research, Guindy, Chennai-32",,B. NOT OF STANDARD QUALITY ALERT FOR THE MONTH OF APRIL– 2025 – (State Laboratories),,1.0
2025-04,state,nsq,false,data/raw/cdsco_alerts/state/2025-04_state_nsq.pdf,5,29,29,Gentamicin Injection I.P-2ml,,YGN4102,YGN4102,,false,2024-07,2026-06,Jul-24,Jun-26,"M/s.Yeluri formulations Pvt Ltd, Sy.296/7/6, I.D.A Bollaram, Samgareddy, District-502 325. Telangana-India.",yeluri formulations pvt ltd,Sample does not conform to the requirement for pH.,"King Institute of Preventive Medicine & Research, Guindy, Chennai-32",,B. NOT OF STANDARD QUALITY ALERT FOR THE MONTH OF APRIL– 2025 – (State Laboratories),,1.0
2025-04,state,nsq,false,data/raw/cdsco_alerts/state/2025-04_state_nsq.pdf,5,30,30,Cefixime Tablets IP 400 mg,,HTB404G,HTB404G,,false,2024-07,2026-06,Jul-24,Jun-26,"M/s.Himalaya Meditek Pvt Ltd, Plot No.35&36 Pharmacity, Selaqui Industrial Area, Dehradun - 248 197",himalaya meditek pvt ltd,Sample does not conform to IP Specification for Cefixime Tablets with respect to the content of Anhydrous Cefixime in Cefixime Trihydrate.,"Drugs Testing Laboratory, Madurai-19",,B. NOT OF STANDARD QUALITY ALERT FOR THE MONTH OF APRIL– 2025 – (State Laboratories),,1.0
2025-04,state,nsq,false,data/raw/cdsco_alerts/state/2025-04_state_nsq.pdf,5,31,31,L-Histact-M Tablets,,24DT122A,24DT122A,,false,2026-06,2027-05,Jun-26,May-27,"M/s.Kashmik Formuation Pvt Ltd, PF-13, Opp procter & Gamble, Bol GIDC-2, Sanand, Ahmedabad - 382 170, Gurarat, India",kashmik formuation pvt ltd,Sample does not conform to IP Specification for Levocetrizine Hydrocloride and Montelukast Tablets with respect to the contect of Levocetrizine Hydrochloride and Montelukast in Montelukast in Montelukast sodium.,"Drugs Testing Laboratory, Madurai-19",,B. NOT OF STANDARD QUALITY ALERT FOR THE MONTH OF APRIL– 2025 – (State Laboratories),,1.0
2025-04,state,nsq,false,data/raw/cdsco_alerts/state/2025-04_state_nsq.pdf,5,32,32,Kelan Soap(Ketoconazole Meidcated Soap),Ketoconazole Meidcated Soap,8091,8091,,false,2026-10,2026-09,Oct-26,Sep-26,"M/s.Vimson Derma, 816/3, Kothari Estate, Santej-382 721 (Gujarat)",vimson derma,sample does not conform to label claim with respect to the content of Ketoconazole,"Drugs Testing Laboratory, Madurai-19",,B. NOT OF STANDARD QUALITY ALERT FOR THE MONTH OF APRIL– 2025 – (State Laboratories),,1.0
2025-04,state,nsq,false,data/raw/cdsco_alerts/state/2025-04_state_nsq.pdf,5,33,33,Cefixime & Potassium Clavulanate Tablets (Alfix-CV),Alfix-CV,CT24117D,CT24117D,,false,2024-08,2026-01,Aug-24,Jan-26,"M/s.Curehealth Pharmaceticals Pvt Ltd, Vill Ranupur, P.O Deothi , Tehsil & District Solan (HP) 173211",curehealth pharmaceticals pvt ltd,Sample does not conform to label claim with respect to the content of Clavulanic Acid in Potassium Clavulanate.,"Drugs Testing Laboratory, Madurai-19",,B. NOT OF STANDARD QUALITY ALERT FOR THE MONTH OF APRIL– 2025 – (State Laboratories),,1.0
2025-04,state,nsq,false,data/raw/cdsco_alerts/state/2025-04_state_nsq.pdf,5,34,34,Lelet-M Syrup (Montelukast Sodium and levocetirizine hydrochloride syrup),Montelukast Sodium and levocetirizine hydrochloride,LLMS-063,LLMS063,,false,2024-04,2026-03,Apr-24,Mar-26,"M/s.IOSIS Remedies pvt ltd, Rajpura road, village-khera nihla, Tehsil-Nalagarh, District-solan. Himachal Pradesh - 174 101 India",iosis remedies pvt ltd,sample does not conform to label claim with respect to content of Montelukast in Montelukast sodium,"Drugs Testing Laboratory, Madurai-19",,B. NOT OF STANDARD QUALITY ALERT FOR THE MONTH OF APRIL– 2025 – (State Laboratories),,1.0
2025-04,state,nsq,false,data/raw/cdsco_alerts/state/2025-04_state_nsq.pdf,6,35,35,Amoxycillin and potassium clavulanate tablets IP (AUGMONT CV 625 DUP Co-amoxiclav),AUGMONT CV 625 DUP Co-amoxiclav,BT408244A,BT408244A,,false,2024-08,2026-04,Aug-24,Apr-26,"M/s.Nikvin Healthcare (I) Pvt Ltd, Baddi-Barotiwala Road, Behind Govt, Toimber Depot Vill, Katha. Baddi(HP)-173 205",nikvin healthcare pvt ltd,Sample does not conform to IP specification for amoxycillin and potassium clavulanate tablets with respect to the content of Clavulanic acid in potassium clavulanate.,"Drugs Testing Laboratory, Madurai-19",,B. NOT OF STANDARD QUALITY ALERT FOR THE MONTH OF APRIL– 2025 – (State Laboratories),,1.0
2025-04,state,nsq,false,data/raw/cdsco_alerts/state/2025-04_state_nsq.pdf,6,36,36,Amoxycillin and potassium clavulanate tablets IP 625 mg,,BT240491,BT240491,,false,2024-05,2026-04,May-24,Apr-26,"M/s.Hindustan Antibiotics Ltd, at: Village Saini Majra, Tehsil Nalagarh Dist. Solan (HP) - 174 101",hindustan antibiotics ltd,Sample does not conform to IP specification for amoxycillin and potassium clavulanate tablets with respect to the content of Clavulanic acid in potassium clavulanate.,"Drugs Testing Laboratory, Madurai-19",,B. NOT OF STANDARD QUALITY ALERT FOR THE MONTH OF APRIL– 2025 – (State Laboratories),,1.0
2025-04,state,nsq,false,data/raw/cdsco_alerts/state/2025-04_state_nsq.pdf,6,37,37,Lidocaine Hydrochloride and Gabapentin Gel (Gabaneuron Gel),Gabaneuron Gel,PWBBO7,PWBBO7,,false,2024-06,2025-11,Jun-24,Nov-25,"M/s.Pure & Cure Healthcare Pvt Ltd,(A Subsidiary of Akums Drugs & Pharmaceuticals Ltd) Plot No. 26A, 27-30,Sectir-8A, I.I.E, SIDCUL, Raniput, Haridwar-249 403, Uttarakhand",pure cure healthcare pvt ltd,Sample does not conform to lebel claim with respect to the content of Gabapentin,"Drugs Testing Laboratory, Madurai-19",,B. NOT OF STANDARD QUALITY ALERT FOR THE MONTH OF APRIL– 2025 – (State Laboratories),,1.0
2025-04,state,nsq,false,data/raw/cdsco_alerts/state/2025-04_state_nsq.pdf,6,38,38,Petben (Benzoyl peroxide shampoo 2.5%),Benzoyl peroxide shampoo 2.5%,0000678585,0000678585,,false,2024-03,2026-02,Mar-24,Feb-26,"M/s.Hidustan Antibitics Ltd, at Village Saini Majra, Tehsil Nalagarh Dist. Solan (HP) - 174 101",hidustan antibitics ltd,Sample does not conform to lebel claim with respect to description of shampoo,"Drugs Testing Laboratory, Madurai-19",,B. NOT OF STANDARD QUALITY ALERT FOR THE MONTH OF APRIL– 2025 – (State Laboratories),,1.0
2025-04,state,nsq,false,data/raw/cdsco_alerts/state/2025-04_state_nsq.pdf,6,39,39,Omeprazole Capsules IP 20mg,,HCN423F,HCN423F,,false,2024-06,2026-05,Jun-24,May-26,"M/s.Himalaya Meditek Pvt Ltd, Plot No.35&36 Pharmacity, Selaqui Industrial Area, Dehradun - 248 197",himalaya meditek pvt ltd,Sample does not conform to IP specification with respect to Uniformity of weight,"Drugs Testing Laboratory, Madurai-19",,B. NOT OF STANDARD QUALITY ALERT FOR THE MONTH OF APRIL– 2025 – (State Laboratories),,1.0
2025-04,state,nsq,true,data/raw/cdsco_alerts/state/2025-04_state_nsq.pdf,6,40,40,"Clotrimazole and Selenium Sulfide Suspension, candid tv",,46230305,46230305,,false,2023-12,2025-11,Dec-23,Nov-25,"M/s.Glenmark Pharmaceuticals Ltd, At, Plot No. 38939 Sector-II, I.I.E, Sidcul, Haridwar, Uttarakhand-249 403.",glenmark pharmaceuticals ltd,Sample does not conform to label claim with respect to identification and the content of clotrimazole (Deemed to be spurious),"Drugs Testing Laboratory, Madurai-19",,B. NOT OF STANDARD QUALITY ALERT FOR THE MONTH OF APRIL– 2025 – (State Laboratories),,1.0
2025-04,state,nsq,false,data/raw/cdsco_alerts/state/2025-04_state_nsq.pdf,6,41,41,Bisacodyl Tablets Ip 5mg,,TA24366,TA24366,,false,2042-06,2026-04,Jun-42,Apr-26,"M/s. Saintlife Pharmaceuticals Ltd, 323, Central Hope Town, Industrial Area, Selaqui, Dehradun-248011, Uttarakhand.",saintlife pharmaceuticals ltd,Sample does not conform to IP specification for Bisacodyl Tablets with respect to Dissolution,"Drugs Testing Laboratory, Chennai-06",,B. NOT OF STANDARD QUALITY ALERT FOR THE MONTH OF APRIL– 2025 – (State Laboratories),,1.0
2025-04,state,nsq,false,data/raw/cdsco_alerts/state/2025-04_state_nsq.pdf,7,42,42,Amoxycillin & Potassium Calvulanate Tablets,,BT406210A,BT406210A,,false,2024-06,2026-05,Jun-24,May-26,"M/s.Nikvin Healthcare (I) Pvt Ltd, Baddi-Barotiwala Road, Behind Govt, Toimber Depot Vill, Katha. Baddi(HP)-173 205",nikvin healthcare pvt ltd,Sample does not conform to IP specification for Amoxycillin and Potassium Clavulanate Tablets with respect to Dissolution for Clavulanic Acid and to the content of Clavulanic Acid in Potassium Clavulanate Diluted,"Drugs Testing Laboratory, Chennai-06",,B. NOT OF STANDARD QUALITY ALERT FOR THE MONTH OF APRIL– 2025 – (State Laboratories),,1.0
2025-04,state,nsq,false,data/raw/cdsco_alerts/state/2025-04_state_nsq.pdf,7,43,43,Nitrobi-CR 2.6(Nitroglycerin Controlled Release Tablets 2.6mg),,JT-2312229,JT2312229,,false,2023-12,2025-11,Dec-23,Nov-25,"M/s.Jeneka Healthcaere Pvt Ltd, Khasra No.507-525, Bedpur Crossing Bhagwanpur By Pass, Roorkee, Distt, Haridwar, Uttarakhand.",jeneka healthcaere pvt ltd,Sample does not conform to Label Claim with respect to the content of Nitroglycerine in Diluted,"Drugs Testing Laboratory, Madurai-19",,B. NOT OF STANDARD QUALITY ALERT FOR THE MONTH OF APRIL– 2025 – (State Laboratories),,1.0
2025-04,state,nsq,false,data/raw/cdsco_alerts/state/2025-04_state_nsq.pdf,7,44,44,Bisacodyl Tablets IP 5mg,,TA24688,TA24688,,false,2024-08,2026-07,Aug-24,Jul-26,"M/s.Saintlife Pharmaceuticals Ltd, 323, Central Hope Town, Industrial Area, Selaqui, Dehradun-248011, Uttarakhand.",saintlife pharmaceuticals ltd,Sample does not conform to IP specification for Bisacodyl Tablets with respect to Dissolution (Acid medium and Buffer medium),"Drugs Testing Laboratory, Chennai-06",,B. NOT OF STANDARD QUALITY ALERT FOR THE MONTH OF APRIL– 2025 – (State Laboratories),,1.0
2025-04,state,nsq,true,data/raw/cdsco_alerts/state/2025-04_state_nsq.pdf,7,45,45,Moxivin-CV 625 (Amoxycillin and Potassium Calvulnate Tablets IP),Amoxycillin and Potassium Calvulnate Tablets IP,VMIT2404,VMIT2404,,false,2024-10,2026-09,Oct-24,Sep-26,"M/s.Vertex Pharma Chemicals, Plot No.60-A,61-A, PIPDIC Electronic Park, Thirubhuvanai, Puducherry-605107",vertex pharma chemicals,"The Sample does not conform to IP specification for Amoxycillin and Potassium Clavulanate Tablets with respect to Identification of Potassium Clavulanate, Uniformity of weight and content of Amoxycillin in Amoxycillin Trihydrate and Clavulanic Acid in Potassium Clavulanate (Deemed to be spurious).","Drugs Testing Laboratory, Madurai-19",,B. NOT OF STANDARD QUALITY ALERT FOR THE MONTH OF APRIL– 2025 – (State Laboratories),,1.0
2025-04,state,nsq,false,data/raw/cdsco_alerts/state/2025-04_state_nsq.pdf,7,46,46,Burmoxicla+V(Amoxycill in & Potassium Clavulanate Oral Suspension IP),Amoxycill in & Potassium Clavulanate Oral Suspension IP,ABD-187C,ABD187C,,false,2024-06,2025-11,Jun-24,Nov-25,"M/s.Azot Life Sciences, Vill.Chewa, P.O, Kumarhatti, Distt. Solan - 173229(H.P)",azot life sciences,Sample does not conform to IP specification for Amoxycillin and Potassium Clavulanate oral suspension with respect to the content of Clavulanic Acid in Potassium Clavulanate,"Drugs Testing Laboratory, Madurai-19",,B. NOT OF STANDARD QUALITY ALERT FOR THE MONTH OF APRIL– 2025 – (State Laboratories),,1.0
2025-04,state,nsq,false,data/raw/cdsco_alerts/state/2025-04_state_nsq.pdf,8,47,47,Z&D Syrup (Zinc Gluconate Oral Solution 20mg),,XSZE24005,XSZE24005,,false,2024-08,2026-01,Aug-24,Jan-26,"M/s.Hema Laboratories Pvt Ltd, Plot No.29, Pharma City, Selaqui Industrial, Area, Dehradun - 248011, Uttarakhand.",hema laboratories pvt ltd,Sample does not conform to Label Claim with respect to content of Elemental Zinc in Zinc Gluconate,"Drugs Testing Laboratory, Madurai-19",,B. NOT OF STANDARD QUALITY ALERT FOR THE MONTH OF APRIL– 2025 – (State Laboratories),,1.0
2025-04,state,nsq,false,data/raw/cdsco_alerts/state/2025-04_state_nsq.pdf,8,48,48,"Softuss-D (Dextromethorphan Hydrobromide, Phenylephrine Hydrochloride & Chlorpheniramine Maleate Syrup)",,DL2501013B,DL2501013B,,false,2025-01,2026-12,Jan-25,Dec-26,"M/s.Indorama Health Care Pvt Ltd, 204-205, HSIIDC, Manakpur, Industrial Area, Jagadhri, Distt, Yamuna Nagar (Haryana), 135003",indorama health care pvt ltd,Sample does not conform to IP specification for label claim with respect to the content of Phenylephrine Hydrochloride,"Drugs Testing Laboratory, Chennai-06",,B. NOT OF STANDARD QUALITY ALERT FOR THE MONTH OF APRIL– 2025 – (State Laboratories),,1.0
2025-04,state,nsq,false,data/raw/cdsco_alerts/state/2025-04_state_nsq.pdf,8,49,49,Chlorpheniramine Maleate IP & Noscapine IP Oral Syrup (Coscopin Linctus),Coscopin Linctus,VTL4006,VTL4006,,false,2024-03,2026-02,Mar-24,Feb-26,"M/s.Biological E Limited, Plot 47B/2, Street No.04, Phase-1, IDA Cherlapally Village, Kapra Mandal, Medchal-Malkajgiri District-500052, Telangana State, India.",biological e limited,Sample does not conform to Label claim with respect to the content of Noscapine,"Drugs Testing Laboratory, Madurai-19",,B. NOT OF STANDARD QUALITY ALERT FOR THE MONTH OF APRIL– 2025 – (State Laboratories),,1.0
2025-04,state,nsq,false,data/raw/cdsco_alerts/state/2025-04_state_nsq.pdf,8,50,50,Betamethasone Valerate Ointment IP 0.1% w/w,,B75,B75,,false,2024-08,2026-07,Aug-24,Jul-26,"M/s.Syndicate Pharma, 185/B, 185/B-1, 187/A & 188 Sector - F, Sanwer Road, Indore-452015.",syndicate pharma,Sample does not conform to IP specification for Betamethasone Valerate Ointment with respect to the content of Betamethasone in Betamethasone Valerate,"Drugs Testing Laboratory, Madurai-19",,B. NOT OF STANDARD QUALITY ALERT FOR THE MONTH OF APRIL– 2025 – (State Laboratories),,1.0
2025-04,state,nsq,false,data/raw/cdsco_alerts/state/2025-04_state_nsq.pdf,8,51,51,Betamethasone Valerate Cream IP,,E4062,E4062,,false,2024-02,2026-01,Feb-24,Jan-26,"M/s.Rhydburg Pharmaceuticals Ltd, C2&3, S.I.E.L, Selaqui, Dehradun, Uttarakhand (India)",rhydburg pharmaceuticals ltd,Sample does not conform to IP specification for Betamethasone Valerate Cream with respect to the content of Betamethasone in Betamethasone Valerate.,"Drugs Testing Laboratory, Madurai-19",,B. NOT OF STANDARD QUALITY ALERT FOR THE MONTH OF APRIL– 2025 – (State Laboratories),,1.0
2025-04,state,nsq,false,data/raw/cdsco_alerts/state/2025-04_state_nsq.pdf,8,52,52,Synclov-625 Tablets (Amoxycillin & Potassium Clavulanate Tablets IP),Amoxycillin & Potassium Clavulanate Tablets IP,MICTAB-2120,MICTAB2120,,false,2025-01,2026-06,Jan-25,Jun-26,"M/s.Micro Formulations, Chambaghat, New Railway Crossing, Distt, solan (HP),173211",micro formulations,Sample does not conform to IP specification for Amoxycillin and Potassium Clavulanate Tablets with respect to Dissolution for Clavulanic Acid and to the content of Clavulanic Acid in Potassium Clavulanate Diluted,"Drugs Testing Laboratory, Chennai-06",,B. NOT OF STANDARD QUALITY ALERT FOR THE MONTH OF APRIL– 2025 – (State Laboratories),,1.0
2025-04,state,nsq,false,data/raw/cdsco_alerts/state/2025-04_state_nsq.pdf,9,53,53,Frusemide Injection IP-2ml,,24BTC63,24BTC63,,false,2024-03,2026-02,Mar-24,Feb-26,"M/s.SVP Life Sciences, C/10-1, Sara Industrial Estate, Selequi, Dehradun.",svp life sciences,Sample does not conform to requirement for sterility,"King Institute of Preventive Medicine & Research, Guindy, Chennai-32",,B. NOT OF STANDARD QUALITY ALERT FOR THE MONTH OF APRIL– 2025 – (State Laboratories),,1.0
2025-04,state,nsq,false,data/raw/cdsco_alerts/state/2025-04_state_nsq.pdf,9,54,54,Progaba Gel (Lidocaine Hydrochloride & Gabapentin Gel),Lidocaine Hydrochloride & Gabapentin Gel,PSWAB66,PSWAB66,,false,2024-06,2025-11,Jun-24,Nov-25,"M/s.Pure & Cure Healthcare Pvt Ltd,(A Subsidiary of Akums Drugs & Pharmaceuticals Ltd) Plot No. 26A, 27-30,Sector-8A, I.I.E, SIDCUL, Haridwar-249 403, Uttarakhand",pure cure healthcare pvt ltd,Sample does not conform to Label claim with respect to the content of Gabapentin,"Drugs Testing Laboratory, Madurai-19",,B. NOT OF STANDARD QUALITY ALERT FOR THE MONTH OF APRIL– 2025 – (State Laboratories),,1.0
2025-04,state,nsq,false,data/raw/cdsco_alerts/state/2025-04_state_nsq.pdf,9,55,55,Povigin (Povidone Iodine Ointment USP 5%w/w),,PZ-2414,PZ2414,,false,2024-09,2026-08,Sep-24,Aug-26,"M/s. GP Glister Pharmaceutical, B-17, AKVN Industrial Area, Rangawasa, RAU, 453331",gp glister pharmaceutical,Sample does not conform to USP specification for Povidone- Iodine Ointment with respect to the content of Available Iodine in Povidone-Iodine,"Drugs Testing Laboratory, Chennai-06",,B. NOT OF STANDARD QUALITY ALERT FOR THE MONTH OF APRIL– 2025 – (State Laboratories),,1.0
2025-04,state,nsq,false,data/raw/cdsco_alerts/state/2025-04_state_nsq.pdf,9,56,56,Pantozor Tablets (Pantoprazole Sodium Tablets IP),Pantoprazole Sodium Tablets IP,UTBO25A,UTBO25A,,false,2025-02,2027-01,Feb-25,Jan-27,"M/s.Haustus Biotech Pvt Ltd, 44-45, Indl. Area, Tahliwal, Distt, Una (H.P)",haustus biotech pvt ltd,Sample does not conform to IP specification for Pantoprazole Tablets with respect to Dissolution in Buffer stage,"Drugs Testing Laboratory, Chennai-06",,B. NOT OF STANDARD QUALITY ALERT FOR THE MONTH OF APRIL– 2025 – (State Laboratories),,1.0
2025-04,state,nsq,false,data/raw/cdsco_alerts/state/2025-04_state_nsq.pdf,9,57,57,Frusemide Tablets IP 40mg,,TA24283,TA24283,,false,2024-07,2026-06,Jul-24,Jun-26,"M/s.Saintlife Pharmaceuticals Ltd, 323, Central Hope Town, Industrial Area, Selaqui, Dehradun-248011, Uttarakhand, India.",saintlife pharmaceuticals ltd,Sample does not conform to IP specification for Frusemide Tablets with respect to Dissolution,"Drugs Testing Laboratory, Chennai-06",,B. NOT OF STANDARD QUALITY ALERT FOR THE MONTH OF APRIL– 2025 – (State Laboratories),,1.0
2025-04,state,nsq,false,data/raw/cdsco_alerts/state/2025-04_state_nsq.pdf,9,58,58,Atorvastatin Tablets IP 10mg,,CT240246A,CT240246A,,false,2024-07,2026-06,Jul-24,Jun-26,"M/s.Candour Pharmaceuticals, Vill. OGLI, Suketi Road, Kala Amb, Distt. Sirmour (H.P), 173030",candour pharmaceuticals,Sample does not conform to IP specification for Atorvastatin Calcium Tablets with respect to Dissolution,"Drugs Testing Laboratory, Chennai-06",,B. NOT OF STANDARD QUALITY ALERT FOR THE MONTH OF APRIL– 2025 – (State Laboratories),,1.0
2025-04,state,nsq,false,data/raw/cdsco_alerts/state/2025-04_state_nsq.pdf,9,59,59,Diclofenac Sodium Tablets IP,,THB24028AL,THB24028AL,,false,2024-07,2026-06,Jul-24,Jun-26,"M/s. Hindustan Laboratories Limited, Plot No. 5-9, Survey No.382, Aliyali, Palghar (W), Dist. Palghat 401404 (M.S)",hindustan laboratories limited,Sample does not conform to IP specification for Enteric Coated Tablets with respect to Disintegration,"Drugs Testing Laboratory, Chennai-06",,B. NOT OF STANDARD QUALITY ALERT FOR THE MONTH OF APRIL– 2025 – (State Laboratories),,1.0
2025-04,state,nsq,false,data/raw/cdsco_alerts/state/2025-04_state_nsq.pdf,10,60,60,Atorvastatin Tablets IP 10mg,,AT24045,AT24045,,false,2024-08,2026-01,Aug-24,Jan-26,"M/s. Eurokem Laboratories Pvt ltd, C-25, SIDCO Pharmaceutical Complex, Alathur, Thiruporur, 603110.",eurokem laboratories pvt ltd,Sample does not conform to IP specification for Atorvastatin Calcium Tablets with respect to Dissolution,"Drugs Testing Laboratory, Chennai-06.",,B. NOT OF STANDARD QUALITY ALERT FOR THE MONTH OF APRIL– 2025 – (State Laboratories),,1.0
2025-04,state,nsq,false,data/raw/cdsco_alerts/state/2025-04_state_nsq.pdf,10,61,61,Glypro 1 (Glimepiride Tablets IP) 1mg,Glimepiride Tablets IP,FGYO-1626,FGYO1626,,false,2024-12,2026-11,Dec-24,Nov-26,"M/s.Firstmed Therapeutics Pvt Ltd, R.S.No.31/1, Pondy-Tindivanam Main Road, Auroville (PO), Thiruchitrambalam, Tamilnadu-605101",firstmed therapeutics pvt ltd,Sample does not conform to IP specification for Glimepiride Tablets with respect to the content of Glimepiride,"Drugs Testing Laboratory, Madurai-19",,B. NOT OF STANDARD QUALITY ALERT FOR THE MONTH OF APRIL– 2025 – (State Laboratories),,1.0
2025-04,state,nsq,false,data/raw/cdsco_alerts/state/2025-04_state_nsq.pdf,10,62,62,Merocet (Cetirizine Hydrochloride Syrup),Cetirizine Hydrochloride,1124192,1124192,,false,2024-11,2026-10,Nov-24,Oct-26,"M/s.Kite Formulation, No.67/1, 1st & 2st floor, 4th street, Thirunagar, Karumandapam, Trichy-620001",kite formulation,Sample does not conform to IP specification with respect to the PH.,"Drugs Testing Laboratory, Madurai-19",,B. NOT OF STANDARD QUALITY ALERT FOR THE MONTH OF APRIL– 2025 – (State Laboratories),,1.0
2025-04,state,nsq,false,data/raw/cdsco_alerts/state/2025-04_state_nsq.pdf,10,63,63,Mupropet (Mupirocin Ointment IP 2%w/w),,DG2436,DG2436,,false,2024-07,2025-12,Jul-24,Dec-25,"M/s.Arius Formulations Pvt Ltd, R.S.No.141/1, Plot No.38 & 47, Ground Floor, Navarkulam Main Road, Pattanur, Auroville (Post), Vanur taluk, Tamilnadu, 605101",arius formulations pvt ltd,Sample does not conform to IP specification for Mupirocin Ointment with respect to the content of Mupirocin,"Drugs Testing Laboratory, Chennai-06.",,B. NOT OF STANDARD QUALITY ALERT FOR THE MONTH OF APRIL– 2025 – (State Laboratories),,1.0
2025-04,state,nsq,false,data/raw/cdsco_alerts/state/2025-04_state_nsq.pdf,10,64,64,Atorvastatin Tablets IP 10mg,,A297,A297,,false,2024-07,2026-06,Jul-24,Jun-26,"M/s.Rikenbik Pharma, 113, SIDCO Industrial Estate, Ambattur, Chennai, 600098",rikenbik pharma,Sample does not conform to IP specification for Atorvastatin Calcium Tablets with respect to Dissolution,"Drugs Testing Laboratory, Chennai-06.",,B. NOT OF STANDARD QUALITY ALERT FOR THE MONTH OF APRIL– 2025 – (State Laboratories),,1.0
2025-04,state,nsq,false,data/raw/cdsco_alerts/state/2025-04_state_nsq.pdf,10,65,65,Labetalol Hydrochloride Tablets IP 100 mg,,UGT231341,UGT231341,,false,2023-10,2025-09,10/2023,Sep-25,"M/s Unimarck Healthcare Ltd., Plot No. 24,25 & 37 Sector 6A, SIDCUL, Haridwar-249403 (Uttarakhand)",unimarck healthcare ltd,Test For Assay(Content) of Labetalol Hydrochloride,Government of NCT of Delhi,,B. NOT OF STANDARD QUALITY ALERT FOR THE MONTH OF APRIL– 2025 – (State Laboratories),,1.0
2025-04,state,nsq,false,data/raw/cdsco_alerts/state/2025-04_state_nsq.pdf,10,66,66,Aspirin Gastro Resistant Tab IP 75 mg,,ANET1235,ANET1235,,false,2024-05,2026-04,May-24,Apr-26,"M/s. Unicure India Ltd, C-21,22&23, sector-3, Noida-201301, Distt.Guatam Budh Nagar (UP)",unicure india ltd,It fails the test ‘Dissolution’ Specified in the laboratory protocol as per IP,Drugs Testing Laboratory Thiruvananthapura m,,B. NOT OF STANDARD QUALITY ALERT FOR THE MONTH OF APRIL– 2025 – (State Laboratories),,1.0
2025-04,state,nsq,false,data/raw/cdsco_alerts/state/2025-04_state_nsq.pdf,10,67,67,Telmisartan & Amlodipine Tablets IP,,UGT24G06A,UGT24G06A,,false,2024-10,2026-09,Oct-24,Sep-26,"M/s.Unigrow Pharmaceuticals, Vill. Katha, Baddi, Dist. Solan (HP)",unigrow pharmaceuticals,It fails the tests for ‘Assay’ of Amlodipine and ‘Dissolution’ as specified in the Laboratory Protocol as per IP,Drugs Testing Laboratory Thiruvananthapura m,,B. NOT OF STANDARD QUALITY ALERT FOR THE MONTH OF APRIL– 2025 – (State Laboratories),,1.0
2025-04,state,nsq,false,data/raw/cdsco_alerts/state/2025-04_state_nsq.pdf,10,68,68,Ahaglow Face Wash Gel 50 gm,,AHA202,AHA202,,false,2024-05,2026-04,May-24,Apr-26,"M/s.Torrent Pharmaceuticals Ltd, Plot No. 810, Sector III, Industrial Area, Pithampur, Dist.Dhar, MP-454775",torrent pharmaceuticals ltd,The sample does not conform to Cosmetics Rules 2020 for the standards of cosmetics. It fails the test for the content of ‘Mercury’ in finished cosmetic products as specified in the Laboratory Protocol.,Drugs Testing Laboratory Thiruvananthapura m,,B. NOT OF STANDARD QUALITY ALERT FOR THE MONTH OF APRIL– 2025 – (State Laboratories),,1.0
2025-04,state,nsq,false,data/raw/cdsco_alerts/state/2025-04_state_nsq.pdf,11,69,69,"Alograce Cream (Vitamin E, Honey & Aloevera Cream)","Vitamin E, Honey & Aloevera Cream",A2JJX048,A2JJX048,,false,2024-12,2026-12,Dec-24,Dec-26,"M/s.RSH Global Pvt. Ltd, Plot No.3 C, Industrial Area, Baddi-173 205",rsh global pvt ltd,The sample does not conform to IS 6608:2004 for specifications of skin cream. It fails the test for “Heavy metals (as lead) ppm” as specified in the laboratory protocol,Drugs Testing Laboratory Thiruvananthapura m,,B. NOT OF STANDARD QUALITY ALERT FOR THE MONTH OF APRIL– 2025 – (State Laboratories),,1.0
2025-04,state,nsq,false,data/raw/cdsco_alerts/state/2025-04_state_nsq.pdf,11,70,70,Pantonis-40 (Pantoprazole Sodium Gastro Resistant Tab IP),Pantoprazole Sodium Gastro Resistant Tab IP,JMT-2407371,JMT2407371,,false,2024-07,2026-06,Jul-24,Jun-26,"M/s. JMM Laboratories, Vill-Khari,Kala amb, Tehsil, Nahan Sirmour- 173030",jmm laboratories,"It fails the test ‘Dissolution’ as per IP, as Specified in the laboratory protocol",Drugs Testing Laboratory Thiruvananthapura m,,B. NOT OF STANDARD QUALITY ALERT FOR THE MONTH OF APRIL– 2025 – (State Laboratories),,1.0
2025-04,state,nsq,false,data/raw/cdsco_alerts/state/2025-04_state_nsq.pdf,11,71,71,Nebivolol Tablets IP,,KMNB 24002,KMNB24002,,false,2024-10,2026-09,Oct-24,Sep-26,"M/s.Ravian Life Sciences Pvt Ltd, Plot No. 34, sector-8A, IIE, SIDCUL, Haridwar- 249 403, Uttarakhand",ravian life sciences pvt ltd,"It fails the test for ‘Dissolution’ as per IP, as Specified in the laboratory protocol",Drugs Testing Laboratory Thiruvananthapura m,,B. NOT OF STANDARD QUALITY ALERT FOR THE MONTH OF APRIL– 2025 – (State Laboratories),,1.0
2025-04,state,nsq,false,data/raw/cdsco_alerts/state/2025-04_state_nsq.pdf,11,72,72,Mamaearth Vitamin C daily glow light moisturising cream,,AM4J160,AM4J160,,false,2024-10,,Oct-24,Use before 24 Months from the date Mfg.,"M/s.VA Life sciences, LLP, Plot NO. 9D, sector-2, Parvanoo, HP - 173 220",va life sciences,The sample does not conform to Cosmetics Rules 2020 for the standards of cosmetics. It fails the test for the content of ‘Mercury’ in finished cosmetic products as specified in the Laboratoty Protocol.,Drugs Testing Laboratory Thiruvananthapura m,,B. NOT OF STANDARD QUALITY ALERT FOR THE MONTH OF APRIL– 2025 – (State Laboratories),,0.7
2025-04,state,nsq,false,data/raw/cdsco_alerts/state/2025-04_state_nsq.pdf,11,73,73,Ondansetron Tablets IP 4 mg,,ONTB-06,ONTB06,,false,2024-09,2026-08,Sep-24,Aug-26,"M/s.Nestor Pharmaceuticals Limited, 11, Western Extension Area, Faridabad -121 001",nestor pharmaceuticals limited,It fails the test for ‘Dissolution’ as per IP as Specified in the laboratory protocol,Drugs Testing Laboratory Thiruvananthapura m,,B. NOT OF STANDARD QUALITY ALERT FOR THE MONTH OF APRIL– 2025 – (State Laboratories),,1.0
2025-04,state,nsq,false,data/raw/cdsco_alerts/state/2025-04_state_nsq.pdf,11,74,74,Paracetamol Tablets IP 500 mg,,PAK-517,PAK517,,false,2023-05,2026-04,May-23,Apr-26,"M/s. Healer’s Lab Unit II, Plot No. 33, HPSIDC, Extn, Baddi, Dist.Solan HP",healer s lab unit ii,It fails the test for ‘Dissolution’ as per IP as Specified in the laboratory protocol,Drugs Testing Laboratory Thiruvananthapura m,,B. NOT OF STANDARD QUALITY ALERT FOR THE MONTH OF APRIL– 2025 – (State Laboratories),,1.0
2025-04,state,nsq,false,data/raw/cdsco_alerts/state/2025-04_state_nsq.pdf,11,75,75,Restomol 650 (Paracetamol Tablets IP 650 mg),,K1224079,K1224079,,false,2024-12,2027-11,Dec-24,Nov-27,"M/s.Kaushik Therapeutics (P) Ltd, Plot No.6 &7 , Door No. 728, Kakkanji Cross Street, Paraniputhur Road, Gerugambakkam, Chennai - 600128",kaushik therapeutics ltd,It fails the test for ‘Dissolution’ as per IP as Specified in the laboratory protocol,Drugs Testing Laboratory Thiruvananthapura m,,B. NOT OF STANDARD QUALITY ALERT FOR THE MONTH OF APRIL– 2025 – (State Laboratories),,1.0
2025-04,state,nsq,false,data/raw/cdsco_alerts/state/2025-04_state_nsq.pdf,11,76,76,Nicocred-10 (Nicorandil Tablets 10 mg),,SGT- 241195,SGT241195,,false,2024-08,2026-07,Aug-24,Jul-26,"M/s.SB Life Sciences Pvt Ltd, At Plot No. 45, EPIP, Phase-I, Jharmajri, Baddi, Distt , Solan (HP)",sb life sciences pvt ltd,"It fails the tests ‘Dissolution’ and ‘Assay’ as per IP , specified in the laboratory protocol",Drugs Testing Laboratory Thiruvananthapura m,,B. NOT OF STANDARD QUALITY ALERT FOR THE MONTH OF APRIL– 2025 – (State Laboratories),,1.0
2025-04,state,nsq,false,data/raw/cdsco_alerts/state/2025-04_state_nsq.pdf,12,77,77,Cefixime Oral Suspension IP Dry Syrup 30 ml,,CADB- 02,CADB02,,false,2024-06,2026-05,Jun-24,May-26,"M/s.Nestor Pharmaceuticals Limited, 11, Western Extension Area, Faridabad -121 001",nestor pharmaceuticals limited,"It fails the test Assay, water and descriptive part for oral liquids as per IP , as specified in the Laboratory Protocol",Drugs Testing Laboratory Thiruvananthapura m,,B. NOT OF STANDARD QUALITY ALERT FOR THE MONTH OF APRIL– 2025 – (State Laboratories),,1.0
2025-04,state,nsq,false,data/raw/cdsco_alerts/state/2025-04_state_nsq.pdf,12,78,78,Paracetamol Tab IP 500 mg,,PAK-558,PAK558,,false,2023-09,2026-08,Sep-23,Aug-26,"M/s.Healer’s Lab Unit II, Plot No. 33, HPSIDC, Extn, Baddi, Dist.Solan HP",healer s lab unit ii,"It fails the test ‘Dissolution’ as per IP , as Specified in the laboratory protocol",Drugs Testing Laboratory Thiruvananthapura m,,B. NOT OF STANDARD QUALITY ALERT FOR THE MONTH OF APRIL– 2025 – (State Laboratories),,1.0
2025-04,state,nsq,false,data/raw/cdsco_alerts/state/2025-04_state_nsq.pdf,12,79,79,Paracetamol Tab IP 500 mg,,PAK-524,PAK524,,false,2023-05,2026-04,May-23,Apr-26,"M/s.Healer’s Lab Unit II, Plot No. 33, HPSIDC, Extn, Baddi, Dist.Solan HP",healer s lab unit ii,It fails the test ‘Dissolution’ as per IP specified in the laboratory protocol,Drugs Testing Laboratory Thiruvananthapura m,,B. NOT OF STANDARD QUALITY ALERT FOR THE MONTH OF APRIL– 2025 – (State Laboratories),,1.0
2025-04,state,nsq,false,data/raw/cdsco_alerts/state/2025-04_state_nsq.pdf,12,80,80,Tab Telmisartan IP 40 mg,,GTM18,GTM18,,false,2024-06,2026-05,Jun-24,May-26,"M/s.Super Formulation Pvt Ltd, 16-B, 15-F, Industrial Area , Maxi Road, Ujjain (MP) 456010",super formulation pvt ltd,"It fails the test ‘Dissolution’ as per IP, specified in the laboratory protocol",Drugs Testing Laboratory Thiruvananthapura m,,B. NOT OF STANDARD QUALITY ALERT FOR THE MONTH OF APRIL– 2025 – (State Laboratories),,1.0
2025-04,state,nsq,false,data/raw/cdsco_alerts/state/2025-04_state_nsq.pdf,12,81,81,Telmisartan Tab IP 40 mg,,D0004/25-26,D00042526,,false,,,NIL,NIL,"M/s.Kerala Medical services Corporation Limited, Thycaud P.O, Thiruvananthapuram",kerala medical services corporation limited,The sample does not conform to IP standards with respect to descriptive part for tablets,Drugs Testing Laboratory Thiruvananthapura m,,B. NOT OF STANDARD QUALITY ALERT FOR THE MONTH OF APRIL– 2025 – (State Laboratories),,0.7
2025-04,state,nsq,false,data/raw/cdsco_alerts/state/2025-04_state_nsq.pdf,12,82,82,Paracetamol Tab IP 500 mg,,D 0001/25-26,D00012526,,false,,,NIL,NIL,"M/s.Kerala Medical services Corporation Limited, Thycaud P.O, Thiruvananthapuram",kerala medical services corporation limited,It fails the tests dissolution as per IP specified in the Laboratory Protocol,Drugs Testing Laboratory Thiruvananthapura m,,B. NOT OF STANDARD QUALITY ALERT FOR THE MONTH OF APRIL– 2025 – (State Laboratories),,0.7
2025-04,state,nsq,false,data/raw/cdsco_alerts/state/2025-04_state_nsq.pdf,12,83,83,Gentamicin Inj. IP,,D0003/25-26,D00032526,,false,,,NIL,NIL,"M/s.Kerala Medical services Corporation Limited, Thycaud P.O, Thiruvananthapuram",kerala medical services corporation limited,It fails the test particulate matter and descriptive part for injections,Drugs Testing Laboratory Thiruvananthapura m,,B. NOT OF STANDARD QUALITY ALERT FOR THE MONTH OF APRIL– 2025 – (State Laboratories),,0.7
2025-04,state,nsq,false,data/raw/cdsco_alerts/state/2025-04_state_nsq.pdf,12,84,84,Oxfendazole & Ivermectin Bolus (Vet.) WELLMOX-1,Vet.,AGWT25019,AGWT25019,,false,2025-01,2026-12,Jan-25,Dec-26,"M/s.Argon Remedies Pvt. Ltd., Sarverkhera. Moradabad Road, Kashipur, U S Nagar, Uttarakhand-244713",argon remedies pvt ltd,The content of Ivermectin found to be 29.69 mg per bolus (74.225%) against labelled claim of 40 mg per bolus.,"State Drugs Laboratory, Punjab",,B. NOT OF STANDARD QUALITY ALERT FOR THE MONTH OF APRIL– 2025 – (State Laboratories),,1.0
2025-04,state,nsq,false,data/raw/cdsco_alerts/state/2025-04_state_nsq.pdf,12,85,85,Oxfendazole & Ivermectin Bolus (Vet.) WELLMOX-1,Vet.,AGWT25018,AGWT25018,,false,2025-01,2026-12,Jan-25,Dec-26,"M/s.Argon Remedies Pvt. Ltd., Sarverkhera. Moradabad Road, Kashipur, U S Nagar, Uttarakhand-244713",argon remedies pvt ltd,The content of Oxfendazole found to be 883.42 mg per bolus (88.342%) against labelled claim of 1000 mg per bolus.,"State Drugs Laboratory, Punjab",,B. NOT OF STANDARD QUALITY ALERT FOR THE MONTH OF APRIL– 2025 – (State Laboratories),,1.0
2025-04,state,nsq,false,data/raw/cdsco_alerts/state/2025-04_state_nsq.pdf,13,86,86,Oxfendazole & Ivermectin Bolus (Vet.) WELLMOX-1,Vet.,AGWT25038,AGWT25038,,false,2025-01,2026-12,Jan-25,Dec-26,"M/s.Argon Remedies Pvt. Ltd., Sarverkhera. Moradabad Road, Kashipur, U S Nagar, Uttarakhand-244713",argon remedies pvt ltd,1. Description. 2. The Content of Ivermectin found to be 34.73 mg per bolus (86.825%) against labelled claim of 40 mg per bolus.,"State Drugs Laboratory, Punjab",,B. NOT OF STANDARD QUALITY ALERT FOR THE MONTH OF APRIL– 2025 – (State Laboratories),,1.0
2025-04,state,nsq,false,data/raw/cdsco_alerts/state/2025-04_state_nsq.pdf,13,87,87,Oxfendazole & Ivermectin Bolus (Vet.) WELLMOX-1,Vet.,AGWT25025,AGWT25025,,false,2025-01,2026-12,Jan-25,Dec-26,"M/s.Argon Remedies Pvt. Ltd., Sarverkhera. Moradabad Road, Kashipur, U S Nagar, Uttarakhand-244713",argon remedies pvt ltd,The content of Ivermectin found to be 28.57 mg per bolus (71.425%) against labelled claim of 40 mg per bolus.,"State Drugs Laboratory, Punjab",,B. NOT OF STANDARD QUALITY ALERT FOR THE MONTH OF APRIL– 2025 – (State Laboratories),,1.0
2025-04,state,nsq,false,data/raw/cdsco_alerts/state/2025-04_state_nsq.pdf,13,88,88,Oxfendazole & Ivermectin Bolus (Vet.) WELLMOX-1,Vet.,AGWT25034,AGWT25034,,false,2025-01,2026-12,Jan-25,Dec-26,"M/s.Argon Remedies Pvt. Ltd., Sarverkhera. Moradabad Road, Kashipur, U S Nagar, Uttarakhand-244713",argon remedies pvt ltd,The content of Ivermectin found to be 34.91 mg per bolus (87.275%) against labelled claim of 40 mg per bolus.,"State Drugs Laboratory, Punjab",,B. NOT OF STANDARD QUALITY ALERT FOR THE MONTH OF APRIL– 2025 – (State Laboratories),,1.0
2025-04,state,nsq,false,data/raw/cdsco_alerts/state/2025-04_state_nsq.pdf,13,89,89,Oxfendazole & Ivermectin Bolus (Vet.) WELLMOX-1,Vet.,AGWT25033,AGWT25033,,false,2025-01,2026-12,Jan-25,Dec-26,"M/s.Argon Remedies Pvt. Ltd., Sarverkhera. Moradabad Road, Kashipur, U S Nagar, Uttarakhand-244713",argon remedies pvt ltd,The content of Ivermectin found to be 26.66 mg per bolus (66.65%) against labelled claim of 40 mg per bolus.,"State Drugs Laboratory, Punjab",,B. NOT OF STANDARD QUALITY ALERT FOR THE MONTH OF APRIL– 2025 – (State Laboratories),,1.0
2025-04,state,nsq,false,data/raw/cdsco_alerts/state/2025-04_state_nsq.pdf,13,90,90,Oxfendazole & Ivermectin Bolus (Vet.) WELLMOX-1,Vet.,AGWT25032,AGWT25032,,false,2025-01,2026-12,Jan-25,Dec-26,"M/s.Argon Remedies Pvt. Ltd., Sarverkhera. Moradabad Road, Kashipur, U S Nagar, Uttarakhand-244713",argon remedies pvt ltd,The content of Ivermectin found to be 30.19 mg per bolus (75.475%) against labelled claim of 40 mg per bolus.,"State Drugs Laboratory, Punjab",,B. NOT OF STANDARD QUALITY ALERT FOR THE MONTH OF APRIL– 2025 – (State Laboratories),,1.0
2025-04,state,nsq,false,data/raw/cdsco_alerts/state/2025-04_state_nsq.pdf,13,91,91,Oxfendazole & Ivermectin Bolus (Vet.) WELLMOX-1,Vet.,AGWT25031,AGWT25031,,false,2025-01,2026-12,Jan-25,Dec-26,"M/s.Argon Remedies Pvt. Ltd., Sarverkhera. Moradabad Road, Kashipur, U S Nagar, Uttarakhand-244713",argon remedies pvt ltd,1. The content of Ivermectin found to be 32.52 mg per bolus (81.30%) against labelled claim of 40 mg per bolus.2. The Content of Oxfendazole found to be 880.01 mg per bolus (88.001%) against labelled claim of 1000 mg per bolus.,"State Drugs Laboratory, Punjab",,B. NOT OF STANDARD QUALITY ALERT FOR THE MONTH OF APRIL– 2025 – (State Laboratories),,1.0
2025-04,state,nsq,false,data/raw/cdsco_alerts/state/2025-04_state_nsq.pdf,13,92,92,Oxfendazole & Ivermectin Bolus (Vet.) WELLMOX-1,Vet.,AGWT25037,AGWT25037,,false,2025-01,2026-12,Jan-25,Dec-26,"M/s.Argon Remedies Pvt. Ltd., Sarverkhera. Moradabad Road, Kashipur, U S Nagar, Uttarakhand-244713",argon remedies pvt ltd,1. The content of Oxfendazole found to be 877.69 mg per bolus (87.769%) against labelled claim of 1000 mg per bolus. 2. The Content of Ivermectin found to be 28.220 mg per bolus (70.55%) against labelled claim of 40 mg per bolus.,"State Drugs Laboratory, Punjab",,B. NOT OF STANDARD QUALITY ALERT FOR THE MONTH OF APRIL– 2025 – (State Laboratories),,1.0
2025-04,state,nsq,false,data/raw/cdsco_alerts/state/2025-04_state_nsq.pdf,14,93,93,Oxfendazole & Ivermectin Bolus (Vet.) WELLMOX-1,Vet.,AGWT25041,AGWT25041,,false,2025-01,2026-12,Jan-25,Dec-26,"M/s.Argon Remedies Pvt. Ltd., Sarverkhera. Moradabad Road, Kashipur, U S Nagar, Uttarakhand-244713",argon remedies pvt ltd,The content of Ivermectin found to be 33.19 mg per bolus (82.975%) against labelled claim of 40 mg per bolus.,"State Drugs Laboratory, Punjab",,B. NOT OF STANDARD QUALITY ALERT FOR THE MONTH OF APRIL– 2025 – (State Laboratories),,1.0
2025-04,state,nsq,false,data/raw/cdsco_alerts/state/2025-04_state_nsq.pdf,14,94,94,Oxfendazole & Ivermectin Bolus (Vet.) WELLMOX-1,Vet.,AGWT25035,AGWT25035,,false,2025-01,2026-12,Jan-25,Dec-26,"M/s.Argon Remedies Pvt. Ltd., Sarverkhera. Moradabad Road, Kashipur, U S Nagar, Uttarakhand-244713",argon remedies pvt ltd,The content of Ivermectin found to be 25.17 mg per bolus (62.925%) against labelled claim of 40 mg per bolus.,"State Drugs Laboratory, Punjab",,B. NOT OF STANDARD QUALITY ALERT FOR THE MONTH OF APRIL– 2025 – (State Laboratories),,1.0
2025-04,state,nsq,false,data/raw/cdsco_alerts/state/2025-04_state_nsq.pdf,14,95,95,Oxfendazole & Ivermectin Bolus (Vet.) WELLMOX-1,Vet.,AGWT25036,AGWT25036,,false,2025-01,2026-12,Jan-25,Dec-26,"M/s.Argon Remedies Pvt. Ltd., Sarverkhera. Moradabad Road, Kashipur, U S Nagar, Uttarakhand-244713",argon remedies pvt ltd,The content of Ivermectin found to be 28.66 mg per bolus (71.65%) against labelled claim of 40 mg per bolus.,"State Drugs Laboratory, Punjab",,B. NOT OF STANDARD QUALITY ALERT FOR THE MONTH OF APRIL– 2025 – (State Laboratories),,1.0
2025-04,state,nsq,true,data/raw/cdsco_alerts/state/2025-04_state_nsq.pdf,14,96,96,Aceclofenac & Paracetamol Tablets IP,,GG204014,GG204014,,false,2024-04,2026-03,Apr-24,Mar-26,"M/s.Innova Captab Limited, 1281/1, Hilltop Industrial Estate, Near EPIP, Phase-1, Jharmajri, Baddi, Distt. Solan (H.P.)-173205",innova captab limited,Misbranded Product is not official in I.P as on its manufacturing date mentioned on its label i.e. April 2024.,"S t a t e D r u g s Laboratory, Punjab",,B. NOT OF STANDARD QUALITY ALERT FOR THE MONTH OF APRIL– 2025 – (State Laboratories),,1.0
2025-04,state,nsq,false,data/raw/cdsco_alerts/state/2025-04_state_nsq.pdf,14,97,97,Oxfendazole & Ivermectin Bolus (Vet.) WELLMOX-1,Vet.,AGWT25024,AGWT25024,,false,2025-01,2026-12,Jan-25,Dec-26,"M/s.Argon Remedies Pvt. Ltd., Sarverkhera. Moradabad Road, Kashipur, U S Nagar, Uttarakhand-244713",argon remedies pvt ltd,The content of Ivermectin found to be 33.069 mg per bolus (82.672%) against labelled claim of 40 mg per bolus.,"State Drugs Laboratory, Punjab",,B. NOT OF STANDARD QUALITY ALERT FOR THE MONTH OF APRIL– 2025 – (State Laboratories),,1.0
2025-04,state,nsq,false,data/raw/cdsco_alerts/state/2025-04_state_nsq.pdf,14,98,98,Oxfendazole & Ivermectin Bolus (Vet.) WELLMOX-1,Vet.,AGWT25029,AGWT25029,,false,2025-01,2026-12,Jan-25,Dec-26,"M/s.Argon Remedies Pvt. Ltd., Sarverkhera. Moradabad Road, Kashipur, U S Nagar, Uttarakhand-244713",argon remedies pvt ltd,The content of Ivermectin found to be 33.29 mg per bolus (83.225%) against labelled claim of 40 mg per bolus.,"State Drugs Laboratory, Punjab",,B. NOT OF STANDARD QUALITY ALERT FOR THE MONTH OF APRIL– 2025 – (State Laboratories),,1.0
2025-04,state,nsq,false,data/raw/cdsco_alerts/state/2025-04_state_nsq.pdf,14,99,99,Oxfendazole & Ivermectin Bolus (Vet.) WELLMOX-1,Vet.,AGWT25028,AGWT25028,,false,2025-01,2026-12,Jan-25,Dec-26,"M/s.Argon Remedies Pvt. Ltd., Sarverkhera. Moradabad Road, Kashipur, U S Nagar, Uttarakhand-244713",argon remedies pvt ltd,The content of Ivermectin found to be 31.82 mg per bolus (79.55%) against labelled claim of 40 mg per bolus.,"State Drugs Laboratory, Punjab",,B. NOT OF STANDARD QUALITY ALERT FOR THE MONTH OF APRIL– 2025 – (State Laboratories),,1.0
2025-04,state,nsq,false,data/raw/cdsco_alerts/state/2025-04_state_nsq.pdf,15,100,100,Oxfe ndazole & Ivermectin Bolus (Vet.) WELLMOX-1,Vet.,AGWT25027,AGWT25027,,false,2025-01,2026-12,Jan-25,Dec-26,"M/s.Argon Remedies Pvt. Ltd., Sarverkhera. Moradabad Road, Kashipur, U S Nagar, Uttarakhand-244713",argon remedies pvt ltd,The content of Ivermectin found to be 31.68 mg per bolus (79.20%) against labelled claim of 40 mg per bolus.,"State Drugs Laboratory, Punjab",,B. NOT OF STANDARD QUALITY ALERT FOR THE MONTH OF APRIL– 2025 – (State Laboratories),,1.0
2025-04,state,nsq,false,data/raw/cdsco_alerts/state/2025-04_state_nsq.pdf,15,101,101,Oxfe ndazole & Ivermectin Bolus (Vet.) WELLMOX-1,Vet.,AGWT25026,AGWT25026,,false,2025-01,2026-12,Jan-25,Dec-26,"M/s.Argon Remedies Pvt. Ltd., Sarverkhera. Moradabad Road, Kashipur, U S Nagar, Uttarakhand-244713",argon remedies pvt ltd,The content of Ivermectin found to be 33.055 mg per bolus (82.637%) against labelled claim of 40 mg per bolus.,"State Drugs Laboratory, Punjab",,B. NOT OF STANDARD QUALITY ALERT FOR THE MONTH OF APRIL– 2025 – (State Laboratories),,1.0
2025-04,state,nsq,false,data/raw/cdsco_alerts/state/2025-04_state_nsq.pdf,15,102,102,Oxfe ndazole & Ivermectin Bolus (Vet.) WELLMOX-1,Vet.,AGWT25030,AGWT25030,,false,2025-01,2026-12,Jan-25,Dec-26,"M/s.Argon Remedies Pvt. Ltd., Sarverkhera. Moradabad Road, Kashipur, U S Nagar, Uttarakhand-244713",argon remedies pvt ltd,The content of Ivermectin found to be 31.66 mg per bolus (79.15%) against labelled claim of 40 mg per bolus.,"State Drugs Laboratory, Punjab",,B. NOT OF STANDARD QUALITY ALERT FOR THE MONTH OF APRIL– 2025 – (State Laboratories),,1.0
2025-04,state,nsq,false,data/raw/cdsco_alerts/state/2025-04_state_nsq.pdf,15,103,103,Clon azepam and Paroxetine Hydrochloride CR Tablets (Exotine CR),Exotine CR,17671,17671,,false,2024-02,2027-01,Feb-24,Jan-27,"M/s. Elikem Pharmaceuticals Pvt. Ltd., 816/1, Rakanpur, Ta. Kalol, Distt. Gandhinagar, Guj. 382721",elikem pharmaceuticals pvt ltd,Uniformity of Weight,"State Drugs Laboratory, Punjab",,B. NOT OF STANDARD QUALITY ALERT FOR THE MONTH OF APRIL– 2025 – (State Laboratories),,1.0
2025-04,state,nsq,false,data/raw/cdsco_alerts/state/2025-04_state_nsq.pdf,15,104,104,Losa rtan Potassium 50mg & Hydrochlorthiazide 12.5mg Tablets,,LMT251666,LMT251666,,false,2025-02,2027-01,Feb-25,Jan-27,"M/s. Life Max Cancer Laboratories, Plot No: 106 & 106 A, Sector- 6A, IIE, SIDCUL, Haridwar-249403 (U.K)",life max cancer laboratories,Dissolution Test: The Dissolution of Losartan Potassium and Hydrochlorthiazide does not complies within the Prescribed limit of not less than Q value i.e. 70% of labelled claim as stated in I.P 2022.,"State Drugs Laboratory, Punjab",,B. NOT OF STANDARD QUALITY ALERT FOR THE MONTH OF APRIL– 2025 – (State Laboratories),,1.0
2025-04,state,nsq,false,data/raw/cdsco_alerts/state/2025-04_state_nsq.pdf,15,105,105,"Calc ium & Vitamin D3 Tablets IP (JKMSCL, Supply)","JKMSCL, Supply",PGT24673,PGT24673,,false,2024-09,2026-08,Sep-24,Aug-26,M/s. Affy Parenterals Vill Gullawala P.O. Baddi Distt Solan-173205,affy parenterals vill gullawala p o baddi distt solan 173205,The sample does not conform to IP 2022 w.r.t Disintegration test for the sample portion received,CDSCO Zone III Jammu,,B. NOT OF STANDARD QUALITY ALERT FOR THE MONTH OF APRIL– 2025 – (State Laboratories),,1.0
2025-04,state,nsq,false,data/raw/cdsco_alerts/state/2025-04_state_nsq.pdf,15,106,106,Defi x -AZ,,DP-240754,DP240754,,false,2024-09,2026-08,Sep-24,Aug-26,"M/s. Park Pharmaceuticals 272, Ind. Area, Phase-II, Panchkula 134113",park pharmaceuticals 272,The sample fails in the test for Assay content of Cefixime & Azithromycin.,"CDSCO Zone III, Srinagar",,B. NOT OF STANDARD QUALITY ALERT FOR THE MONTH OF APRIL– 2025 – (State Laboratories),,1.0
2025-04,state,nsq,false,data/raw/cdsco_alerts/state/2025-04_state_nsq.pdf,15,107,107,Prox tl 100 DT,,PXT123F02,PXT123F02,,false,2023-03,2025-05,Mar-23,May-25,"M/s. INDU Drugs Pvt Ltd.5-5-35/278,279 & 281/1 (Part) Prasanthi Nagar ida, Kutkapally, Hyderabad-500072",indu drugs pvt ltd 5 5 35 278,The sample does not comply with IP requirements for Dissolution test.,"FDA Lab, Mumbai-51",,B. NOT OF STANDARD QUALITY ALERT FOR THE MONTH OF APRIL– 2025 – (State Laboratories),,1.0
2025-04,state,nsq,false,data/raw/cdsco_alerts/state/2025-04_state_nsq.pdf,16,108,108,Teliv i-H 40 (Telmisartan & Hydrochorothiazide Tablets IP,,BLT23348,BLT23348,,false,2023-06,2025-05,Jun-23,May-25,"M/s. BRIT Lifescience a GMP Certified Company) Sainwala kaula Wata, Bhood Road, kala AMB Distt. Sirmmour (HP) 173030",brit lifescience a gmp certified company sainwala kaula wata,"1. The content of Telmisartan and Hydrochlorothiazide in the sample is less (i.e. 83.13% and 79.44%of the labelled amount respectively) than I.P. limits. 2. The sample does not comply with I.P. Requirements for ""Dissolution Test"" for Telemisartan and Hydrochlorothiazide.","FDA Lab, Mumbai-51",,B. NOT OF STANDARD QUALITY ALERT FOR THE MONTH OF APRIL– 2025 – (State Laboratories),,1.0
2025-04,state,nsq,false,data/raw/cdsco_alerts/state/2025-04_state_nsq.pdf,16,109,109,Kop lyco Syrup,,TL-6337,TL6337,,false,2023-06,2023-05,Jun-23,May-23,"M/s. Ticoma Pharmacia E-17 Industrial Focal Point Debrabassi, Derabassi,",ticoma pharmacia e 17 industrial focal point debrabassi,1. Content of vitamin B1 in the sample is less (i.e. 71.10% of the labelled amount) than the permissible limits. 2. Content of the Vitamin B2 in the sample is less (i.e. 72.74%) of the labelled amount) than the permissible limits.,"FDA Lab, Mumbai-51",,B. NOT OF STANDARD QUALITY ALERT FOR THE MONTH OF APRIL– 2025 – (State Laboratories),,1.0
2025-04,state,nsq,false,data/raw/cdsco_alerts/state/2025-04_state_nsq.pdf,16,110,110,Ond ansentron Tablets IP 4mg,,PS39AB06,PS39AB06,,false,2023-06,2025-05,Jun-23,May-25,"M/s. Pure & Cure Healthcare Pvt Ltd, Plot No. 26A, 27-30, Sector-8A, LLE. SIDCUL Haridwar, Uttarakhand-249403",pure cure healthcare pvt ltd,The sample does not comply with IP requirements for Dissolution test,"FDA Lab, Mumbai-51",,B. NOT OF STANDARD QUALITY ALERT FOR THE MONTH OF APRIL– 2025 – (State Laboratories),,1.0
2025-04,state,nsq,false,data/raw/cdsco_alerts/state/2025-04_state_nsq.pdf,16,111,111,Opiv as 10 tablets,,23C-T465,23CT465,,false,2023-06,2025-05,Jun-23,May-25,"M/s. Orison Pharma International Khari, Mauza-Ogli, Kala AMB-173030, HP",orison pharma international khari,The sample does not comply with IP requirements for Dissolution test.,"FDA Lab, Mumbai-51",,B. NOT OF STANDARD QUALITY ALERT FOR THE MONTH OF APRIL– 2025 – (State Laboratories),,1.0
2025-04,state,nsq,false,data/raw/cdsco_alerts/state/2025-04_state_nsq.pdf,16,112,112,Cetq uine 5 Tablets (Levocetirizine Dihydrochlorine Tablets IP,,ATX060546,ATX060546,,false,2023-06,2025-05,Jun-23,May-25,"M/s. ADWIN Pharma Vill Rampur, Jattan, Trilokpur Road, Kala, Tehsil nahan Sirmour-173030",adwin pharma vill rampur,The sample does not comply with IP requirements for Dissolution test.,"FDA Lab, Mumbai-51",,B. NOT OF STANDARD QUALITY ALERT FOR THE MONTH OF APRIL– 2025 – (State Laboratories),,1.0
2025-04,state,nsq,false,data/raw/cdsco_alerts/state/2025-04_state_nsq.pdf,16,113,113,ITRA DEL-200k,,SD6005C,SD6005C,,false,2023-06,2025-05,Jun-23,May-25,"M/s. Sigma Softgel & Formulation plot no. 171, HPSIDC, Industrial Area, B. Dist. Solan HP Baddi-173202",sigma softgel formulation plot no 171,The sample does not comply with IP requirements for Dissolution test,"FDA Lab, Mumbai-51",,B. NOT OF STANDARD QUALITY ALERT FOR THE MONTH OF APRIL– 2025 – (State Laboratories),,1.0
2025-04,state,nsq,false,data/raw/cdsco_alerts/state/2025-04_state_nsq.pdf,16,114,114,Phy torab-DSR Capsules,,GC 41481,GC41481,,false,2023-06,2025-05,Jun-23,May-25,"M/s. J.M. Laboratories Village Bhanat, Po-ghatti, Subathu Road, Solan (HP), Solan 173211",j m laboratories village bhanat,The content of rabeprazole sodium in the sample is less (i.e. 55.00% of the labelled amount) than the permissible limits,"FDA Lab, Mumbai-51",,B. NOT OF STANDARD QUALITY ALERT FOR THE MONTH OF APRIL– 2025 – (State Laboratories),,1.0
2025-04,state,nsq,false,data/raw/cdsco_alerts/state/2025-04_state_nsq.pdf,17,115,115,Nee m tulsi face wash,,APN612,APN612,,false,2024-08,2026-08,Aug-24,Aug-26,"M/s. Orgello Herbal Care Vill. Behrewala, Pantoba Sahib Distt. Sirmour (H.P) 173025",orgello herbal care vill behrewala,The sample does not comply with IS 14648: 2011 (Second Revision) Reaffirmed 2021 Requirements for Microbiological Examination test for Neem Tulsi Face wash,"FDA Lab, Mumbai-51",,B. NOT OF STANDARD QUALITY ALERT FOR THE MONTH OF APRIL– 2025 – (State Laboratories),,1.0
2025-04,state,nsq,false,data/raw/cdsco_alerts/state/2025-04_state_nsq.pdf,17,116,116,Adiv asi Herbal Shampoo,,MASH-23-101,MASH23101,,false,2024-01,2026-12,Jan-24,Dec-26,"M/s. Beauty Birds Cosmetics Bhatti Compound , 1/B Paik 1/1, Plot -112TP-1, Ahmedabad Gujarat 380022 Ahmedabad-380022",beauty birds cosmetics bhatti compound,The sample does not comply with IS 7884:2004 specification for shampoo (Third Revision) reaffirmed 2019 requirements for microbial limit,"FDA Lab, Mumbai-51",,B. NOT OF STANDARD QUALITY ALERT FOR THE MONTH OF APRIL– 2025 – (State Laboratories),,1.0
2025-04,state,nsq,false,data/raw/cdsco_alerts/state/2025-04_state_nsq.pdf,17,117,117,Kivo ral Forte(Trypsin and Chymotrypsin Tablets),Trypsin and Chymotrypsin,SB-4242,SB4242,,false,2023-07,2025-06,Jul-23,Jun-25,"M/s. Sano-Cito Thereapeutics Inc Vill Loharan, PO. Ghattii, Solan-173211",sano cito thereapeutics inc vill loharan,The enzymatic activity of trypsin chymotrypsin in the sample is less (i.e. 40.52%) of the labelled amount) than the permissible limits.,"FDA Lab, Mumbai-51",,B. NOT OF STANDARD QUALITY ALERT FOR THE MONTH OF APRIL– 2025 – (State Laboratories),,1.0
2025-04,state,nsq,false,data/raw/cdsco_alerts/state/2025-04_state_nsq.pdf,17,118,118,Pole rgy (Levocetizine Tablets IP 5mg),,43037,43037,,false,2023-07,2025-06,Jul-23,Jun-25,"M/.s Ronak Life care Pvt Ltd., R.S. No. 41, At and Post Rajpur, Dist. Patan 384265",m s ronak life care pvt ltd,All tablets received for analysis shows light brown coloured spots all over the surface of the tablets when observed in normal daylight with unaided eyes.,"FDA Lab, Mumbai-51",,B. NOT OF STANDARD QUALITY ALERT FOR THE MONTH OF APRIL– 2025 – (State Laboratories),,1.0
2025-04,state,nsq,false,data/raw/cdsco_alerts/state/2025-04_state_nsq.pdf,17,119,119,"Glyc ical-B12 Calcium Phosphate, Vitamin D3 and Vitamin B12 Suspension",,QL0606,QL0606,,false,2024-06,2026-05,Jun-24,May-26,"M/s. Quest laboratories Pvt Ltd. Plot Nol 45, Sector III, Dist. Dhar (MP) Pitampur-454775",quest laboratories pvt ltd plot nol 45,"All observations are done in Normal day light conditions with unaided eyes.18 ×200 ml intact brown coloured plastic bottles received for analysis. Out of these18 ×200 ml bottles, in 14 ×200 ml bottles particles are stick around the neck of the bottle and cakes are distributed in the suspension and some cakes are floating on the top of the suspension. During Analysis when the content from these 14x200 ml bottles after shaking transferred individually in clean dry glass beaker, it is observed that, out of these14 × 200ml bottles, 11x200ml bottles contains white suspension with white, pale yellow, grey and black coloured cakes with some cakes floating on the top of suspension and 3x200ml bottle contain orange coloured suspension with white cakes with some cakes floating & on the top of suspension. Remaining 4x200ml bottle contains white suspension without cake and mix uniformly after shaking","FDA Lab, Mumbai-51",,B. NOT OF STANDARD QUALITY ALERT FOR THE MONTH OF APRIL– 2025 – (State Laboratories),,1.0
2025-04,state,nsq,false,data/raw/cdsco_alerts/state/2025-04_state_nsq.pdf,18,120,120,"Glyc ical-B12 Calcium Phosphate, Vitamin D3 and Vitamin B12 Suspension",,QL0602,QL0602,,false,2024-06,2026-05,Jun-24,May-26,"M/s. Quest laboratories Pvt Ltd. Plot Nol 45, Sector III, Dist. Dhar (MP) Pitampur-454775",quest laboratories pvt ltd plot nol 45,"All observations are done in Normal day light conditions with unaided eyes.18 ×200 ml intact brown coloured plastic bottles received for analysis. Out of these18 ×200 ml bottles, in 5 ×200 ml bottles particles are stick around the neck of the bottle and cakes are distributed in the suspension and some cakes are floating on the top of the suspension. During Analysis when the content from these 5x200 ml bottles after shaking transferred individually in clean dry glass beaker, it is observed that, all 5×200ml bottles, contains white suspension with white, pale yellow, grey and black coloured cakes with some cakes floating on the top of suspension out of remaining 13x200ml bottle 12×200ml bottle contains white suspension without cake and mixes uniformly after shaking and 1×200ml bottles contains orange coloured suspension without any cake and mix uniformly after shaking","FDA Lab, Mumbai-51",,B. NOT OF STANDARD QUALITY ALERT FOR THE MONTH OF APRIL– 2025 – (State Laboratories),,1.0
2025-04,state,nsq,false,data/raw/cdsco_alerts/state/2025-04_state_nsq.pdf,19,121,121,Fevi med (Paracetamol tablets IP 500 mg),,451AA05,451AA05,,false,2023-12,2025-11,Dec-23,Nov-25,"M/s. Sarv Pharmaceuticals Plot No. 28, Sector-3A,I.I.E. Sidcul Haridwar-2494032",sarv pharmaceuticals plot no 28,The Sample does not comply for description as the tablets shows light brown coloured spots on the surface of almost all the tablets,"FDA Lab, Chhatrapati Sambhajinagar, Maharashtra",,B. NOT OF STANDARD QUALITY ALERT FOR THE MONTH OF APRIL– 2025 – (State Laboratories),,1.0
2025-04,state,nsq,true,data/raw/cdsco_alerts/state/2025-04_state_nsq.pdf,19,122,122,Ron nin 500mg Tablets (Azithromycin Tablets IP 500mg),,PPTC082,PPTC082,,false,2023-11,2026-10,Nov-23,Oct-26,"M/s. Pratima Pharmaceuticals G.No. 56/3, Pratima Nagar, Pune-Nagar Road, Shikrapur, Pune-412208",pratima pharmaceuticals g no 56 3,"The sample does not give IP identification test for the presence of Azithromycin. The sample is declared as spurious vide section 17-B(d) of the Drugs and Cosmetics Act, 1940 and Rules, 1945 thereunder","FDA Lab, Chhatrapati Sambhajinagar, Maharashtra",,B. NOT OF STANDARD QUALITY ALERT FOR THE MONTH OF APRIL– 2025 – (State Laboratories),,1.0
2025-04,state,nsq,false,data/raw/cdsco_alerts/state/2025-04_state_nsq.pdf,19,123,123,Para sev 500 Tablets(Paracetamol Tablets IP 500mg),,CHT23725,CHT23725,,false,2024-03,2026-02,Mar-24,Feb-26,"M/s. Cureza Healthcare Pvt Ltd. A.B Road, Girwal , Gwalior-474001",cureza healthcare pvt ltd a b road,"The tablets does not comply for description as, the tablets shows uneven light brown coloured spots on the surface of almost all the tablets.","FDA Lab, Chhatrapati Sambhajinagar, Maharashtra",,B. NOT OF STANDARD QUALITY ALERT FOR THE MONTH OF APRIL– 2025 – (State Laboratories),,1.0
2025-04,state,nsq,false,data/raw/cdsco_alerts/state/2025-04_state_nsq.pdf,19,124,124,Opir in-75 Tablets (Aspirin Tablets IP 75mg),,23K-T2727,23KT2727,,false,2024-02,2026-01,Feb-24,Jan-26,"M/s. Orison Pharma International Khari, Mauza-Ogli, Kala AMB-173030, HP",orison pharma international khari,"The sample does not comply for description as, the tablets shows uneven light brown coloured spots on the surface of almost all the tablets.","FDA Lab, Chhatrapati Sambhajinagar, Maharashtra",,B. NOT OF STANDARD QUALITY ALERT FOR THE MONTH OF APRIL– 2025 – (State Laboratories),,1.0
2025-04,state,nsq,false,data/raw/cdsco_alerts/state/2025-04_state_nsq.pdf,20,125,125,Opir in-75 Tablets (Aspirin Tablets IP 75mg),,23G-T1526,23GT1526,,false,2023-10,2025-09,Oct-23,Sep-25,"M/s. Orison Pharma International Khari, Mauza-Ogli, Kala AMB-173030, HP",orison pharma international khari,"The sample does not comply for description as, almost all the tablets are brittle in nature with rough surface.","FDA Lab, Chhatrapati Sambhajinagar, Maharashtra",,B. NOT OF STANDARD QUALITY ALERT FOR THE MONTH OF APRIL– 2025 – (State Laboratories),,1.0
2025-04,state,nsq,false,data/raw/cdsco_alerts/state/2025-04_state_nsq.pdf,20,126,126,Para cetamol Tablets IP (Pacel-650),Pacel-650,RPTC-182,RPTC182,,false,2025-01,2027-12,Jan-25,Dec-27,"M/s. Chennai Oscar Bio Pharmaceuticals Pvt. Ltd., 3/558, Kaveri Nagar, Pattu Mangadu, Chennai-600 122",chennai oscar bio pharmaceuticals pvt ltd,Does not comply with respect to test for Dissolution.,"State lab, Puducherry",,B. NOT OF STANDARD QUALITY ALERT FOR THE MONTH OF APRIL– 2025 – (State Laboratories),,1.0
2025-04,state,nsq,false,data/raw/cdsco_alerts/state/2025-04_state_nsq.pdf,20,127,127,Gris eofulvin Tablets IP(GRISOVIK-250),GRISOVIK-250,8563,8563,,false,2024-05,2026-04,May-24,Apr-26,"M/s.Vikram Laboratories (P) Ltd., Behind tubewell colony, Meerut Road, Muzaffar Nagar- 251 002 (UP)",vikram laboratories ltd,"On visual inspection, presence of spot was observed on tablets surface. The sample received does not conform with respect to the test for Description.","State lab, Puducherry",,B. NOT OF STANDARD QUALITY ALERT FOR THE MONTH OF APRIL– 2025 – (State Laboratories),,1.0
2025-04,state,nsq,false,data/raw/cdsco_alerts/state/2025-04_state_nsq.pdf,20,128,128,Bisa codyl Gastro-Resistant Tablets IP (Edilax),Edilax,2418853T003,2418853T003,,false,2024-06,2027-05,Jun-24,May-27,"M/s.Scott-Edil Pharmacia Ltd., Unit-II, Plot No.21-22, E.P.I.P., Phase -I, Jharmajri, Baddi, Distt. Solan - 173 205 (HP) , India.",scott edil pharmacia ltd,Does not comply with respect to test for Disintegration,"State lab, Puducherry",,B. NOT OF STANDARD QUALITY ALERT FOR THE MONTH OF APRIL– 2025 – (State Laboratories),,1.0
2025-04,state,nsq,false,data/raw/cdsco_alerts/state/2025-04_state_nsq.pdf,20,129,129,Ace clofenac & Paracetamol Tablets (Aceflam P),Aceflam P,T-2403035,T2403035,,false,2024-03,2027-02,Mar-24,Feb-27,"M/s. Aagya Biotech Pvt Ltd., 1.5km, Manglour,Saharanpur Road,Manglour-247 656, Roorkee, Distt. Haridwar (UK)",aagya biotech pvt ltd,"On visual inspection, presence of spot was observed on tablets surface. The sample received does not conform as per IP 2022 with respect to Description.","State lab, Puducherry",,B. NOT OF STANDARD QUALITY ALERT FOR THE MONTH OF APRIL– 2025 – (State Laboratories),,1.0
2025-04,state,nsq,false,data/raw/cdsco_alerts/state/2025-04_state_nsq.pdf,20,130,130,Cres ol With Soap Solution (SPARK) (LYSOL IP),LYSOL IP,J-Ly-213,JLY213,,false,2025-03,2027-02,Mar-25,Feb-27,"M/s. Joe's Traders, Plot No, 23 R.S. No: 258/5D, Manaveli Road, Puthurai, Viluppuram, Tamil Nadu-605111",joe s traders,The sample received does not conform to above specification as per IP 2022 with respect to description.,"State lab, Puducherry",,B. NOT OF STANDARD QUALITY ALERT FOR THE MONTH OF APRIL– 2025 – (State Laboratories),,1.0
2025-04,state,nsq,false,data/raw/cdsco_alerts/state/2025-04_state_nsq.pdf,20,131,131,Mon telukast Sodium & Levocetirizine Hydrochloride Tablets IP(Moncube LC),Moncube LC,FDMC-588,FDMC588,,false,2024-07,2026-06,Jul-24,Jun-26,"M/s. Firstmed Therapeutics Pvt Ltd., R.S. No.31/1,Pondy-Tindivanam Main Road,Auroville (PO),Thiruchitrambalam,Tamilnad u-605 101",firstmed therapeutics pvt ltd,"For the received sample Montelukast Sodium & Levocetirizine Hydrochloride Tablets IP (Moncube LC) ,Presence of Spots was observed which should not be present","State lab, Puducherry",,B. NOT OF STANDARD QUALITY ALERT FOR THE MONTH OF APRIL– 2025 – (State Laboratories),,1.0
2025-04,state,nsq,true,data/raw/cdsco_alerts/state/2025-04_state_nsq.pdf,21,132,132,Glim epiride Tablets (Glimilive – 4),Glimilive – 4,MDP-649,MDP649,,false,2024-09,2026-08,Sep-24,Aug-26,"M/s. Medinok healthcare Pvt. Ltd., R.S.No. 2/1, Plot No. 87, 88, 89, Vazhudhavur Main Road, Kurumbapet, Puducherry – 605 009.",medinok healthcare pvt ltd,"Misbranded (1) For the received sample Glimepiride Tablets (Glimilive – 4) , The label is mentioned as ‘Approved colour used’ but common name of the permitted colour used in the formulation as prescribed under rule 127(2) of the Drugs Rules ,1945 was not mentioned. (2) The sample received is labelled as Glimepiride Tablets (Glimilive – 4) , however Glimepiride Tablets is an official IP monograph (2022) hence should be labelled as Glimepiride Tablets IP","S t a t e l a b , Puducherry",,B. NOT OF STANDARD QUALITY ALERT FOR THE MONTH OF APRIL– 2025 – (State Laboratories),,1.0
2025-04,state,nsq,true,data/raw/cdsco_alerts/state/2025-04_state_nsq.pdf,21,133,133,Ace clofenac With Paracetamol Tablets (S-DOL-P),S-DOL-P,MDP-018,MDP018,,false,2024-04,2026-03,Apr-24,Mar-26,"M/s. Medinok Healthcare Pvt Ltd, R.S. No: 2/1, Plot No: 87,88,89, Vazhudhavur Main Road, Kurumbapet, Puducherry- 605009",medinok healthcare pvt ltd,"Misbranded The label of the container in the drug is mentioned as ""Approved colour used"" but the common name of the permitted colour used in the formulation as prescribed under rule 127 (2) of the drug rule was not mentioned.","S t a t e l a b , Puducherry",,B. NOT OF STANDARD QUALITY ALERT FOR THE MONTH OF APRIL– 2025 – (State Laboratories),,1.0
2025-04,state,nsq,false,data/raw/cdsco_alerts/state/2025-04_state_nsq.pdf,21,134,134,"Para cetamol, Phenylephrine HCL & Cetrizine HCL Suspension",,OKOL-009,OKOL009,,false,2024-07,2026-06,Jul-24,Jun-26,"M/s. Laborate Pharmaceuticals India Ltd. (Unit0II) #31, Rajban road, Nariwala Poanta Sahib H.P.",laborate pharmaceuticals india ltd 31,The sample does not conform to claim as per Patent and Proprietary in respect of the assay of Phenylephrine Hydrochloride.,DTL Baddi,,B. NOT OF STANDARD QUALITY ALERT FOR THE MONTH OF APRIL– 2025 – (State Laboratories),,1.0
2025-04,state,nsq,false,data/raw/cdsco_alerts/state/2025-04_state_nsq.pdf,21,135,135,Ibup rofen Tablets IP 400mg,,TF240782,TF240782,,false,2024-06,2026-08,Jun-24,Aug-26,"M/s. Orchid Medlife Pvt. Ltd., K.H-646/513, Vill. Kaumdi, Thana, Baddi, distt. Solan HP",orchid medlife pvt ltd,Sample does not conform to claim as per I.P. 2022 w.r.t. Dissolution of Ibuprofen.,DTL Baddi,,B. NOT OF STANDARD QUALITY ALERT FOR THE MONTH OF APRIL– 2025 – (State Laboratories),,1.0
2025-04,state,nsq,false,data/raw/cdsco_alerts/state/2025-04_state_nsq.pdf,22,136,136,Telm isartan & Amlodipine Tablets IP (XTEL-AM),XTEL-AM,BBT240427A,BBT240427A,,false,2024-05,2026-04,May-24,Apr-26,"M/s. Biomax Biotechnics (P) Ltd 261,HSIIDC, Industrial Estate Alipur, Barwala-134118 Haryana",biomax biotechnics ltd 261,The sample does not conform to the claim as per IP 2022 in respect to Dissolution Test of Amlodipine,DTL Baddi,,B. NOT OF STANDARD QUALITY ALERT FOR THE MONTH OF APRIL– 2025 – (State Laboratories),,1.0
2025-05,state,nsq,false,data/raw/cdsco_alerts/state/2025-05_state_nsq.pdf,1,1,1,Ranitidine Injection IP-2ML,,HLI352C,HLI352C,,false,2024-03,2026-02,Mar-24,Feb-26,"M/s. Himalaya Meditek Pvt Ltd, Plot No.35&36 Pharmacity, Selaqui Industrial Area, Dehradun - 248197",himalaya meditek pvt ltd,Sample does not conform to requirement for Assay,"King Institute of Preventive Medicine & Research, Guindy, Chennai-32",,B. NOT OF STANDARD QUALITY ALERT FOR THE MONTH OF MAY– 2025 (State Laboratories),,1.0
2025-05,state,nsq,false,data/raw/cdsco_alerts/state/2025-05_state_nsq.pdf,1,2,2,Gentamicin Injection IP-2ML,,24BUH85,24BUH85,,false,2024-08,2026-07,Aug-24,Jul-26,"M/s. SVP Life Sciences, C/10-1, Sara Industrial Estate, Selequi, Dehradun.",svp life sciences,Sample does not conform to the requirement for pH,"King Institute of Preventive Medicine & Research, Guindy, Chennai-32",,B. NOT OF STANDARD QUALITY ALERT FOR THE MONTH OF MAY– 2025 (State Laboratories),,1.0
2025-05,state,nsq,false,data/raw/cdsco_alerts/state/2025-05_state_nsq.pdf,1,3,3,Betamethasone Valerate Ointment IP 0.1% w/w,,B73,B73,,false,2024-08,2026-07,Aug-24,Jul-26,"M/s.Syndicate Pharma, 185/B, 185/B-1, 187/A & 188 Sector - F, Sanwer Road, Indore-452015.",syndicate pharma,Sample does not conform to IP specification for Betamethasone Valerate Ointment with respect to the content of Betamethasone in Betamethasone Valerate,"Drugs Testing Laboratory, Chennai-06",,B. NOT OF STANDARD QUALITY ALERT FOR THE MONTH OF MAY– 2025 (State Laboratories),,1.0
2025-05,state,nsq,false,data/raw/cdsco_alerts/state/2025-05_state_nsq.pdf,1,4,4,Calcium and Vitamin D3 Tablets (Elprocal),Elprocal,NBT-230543,NBT230543,,false,2024-01,2025-12,Jan-24,Dec-25,"M/s.Soft Touch Pharmaceuticals India Ltd, Plot No.8, Industrial Area, Waknaghat, Distt. Solan (H.P)-173234",soft touch pharmaceuticals india ltd,Sample does not conform to IP specification for Calcium and Vitamin D3 Tablets with respect to the identification and content of Vitamin D3,"Drugs Testing Laboratory, Madurai-19",,B. NOT OF STANDARD QUALITY ALERT FOR THE MONTH OF MAY– 2025 (State Laboratories),,1.0
2025-05,state,nsq,false,data/raw/cdsco_alerts/state/2025-05_state_nsq.pdf,1,5,5,Gentamicin Injection I.P-2ml,,HLI624F,HLI624F,,false,2024-06,2025-05,Jun-24,May-25,"M/s.Himalaya Meditek Pvt Ltd, Plot No.35&36, Pharmacity, Selaqui Industrial Area, Dehradun - 248 197",himalaya meditek pvt ltd,Sample does not conform to the requirement for pH.,"King Institute of Preventive Medicine & Research, Guindy, Chennai-32",,B. NOT OF STANDARD QUALITY ALERT FOR THE MONTH OF MAY– 2025 (State Laboratories),,1.0
2025-05,state,nsq,false,data/raw/cdsco_alerts/state/2025-05_state_nsq.pdf,1,6,6,Atorvastatin Tablets IP 10mg,,CT240237A,CT240237A,,false,2024-07,2025-06,Jul-24,Jun-25,"M/s.Candour Pharmaceuticals, Vill. OGLI, Suketi Road, Kala Amb, Distt. Sirmour (H.P), 173030",candour pharmaceuticals,Sample does not conform to IP specification for Atorvastatin Tablets with respect to Dissolution,"Drugs Testing Laboratory, Chennai-06",,B. NOT OF STANDARD QUALITY ALERT FOR THE MONTH OF MAY– 2025 (State Laboratories),,1.0
2025-05,state,nsq,false,data/raw/cdsco_alerts/state/2025-05_state_nsq.pdf,2,7,7,Glibenclamide Tablets IP 5mg,,NHD24411A,NHD24411A,,false,2024-07,2025-07,Jul-24,Jul-25,"M/s.Nest Healthcare Private limited, Plot No.300, G.I.D.C, Odhav, Ahmedabad-382415(GUJ.), India.",nest healthcare private limited,Sample does not conform to IP specificaion for Glibenclamide Tablets with respec to Dissolution,"Drugs Testing Laboratory, Chennai-06",,B. NOT OF STANDARD QUALITY ALERT FOR THE MONTH OF MAY– 2025 (State Laboratories),,1.0
2025-05,state,nsq,false,data/raw/cdsco_alerts/state/2025-05_state_nsq.pdf,2,8,8,Amoxycillin and Potassium Clavulanate Oral Suspension RIGHTCLAV 228.5 Dry Syrup,,ACAG24001E,ACAG24001E,,false,2024-04,2025-09,Apr-24,Sep-25,"M/s.J.M.Laboratories, Village Bhanat, PO-Ghatti, Subathu Road, Solan (H.P)-173211",j m laboratories,Sample does not conform to IP specification for Amoxycillin and Potassium Clavulanate oral suspension with respect to pH and the content of Clavulanic Acid in Potassium Clavulanate diluted,"Drugs Testing Laboratory, Madurai-19",,B. NOT OF STANDARD QUALITY ALERT FOR THE MONTH OF MAY– 2025 (State Laboratories),,1.0
2025-05,state,nsq,false,data/raw/cdsco_alerts/state/2025-05_state_nsq.pdf,2,9,9,Glimepiride Tablets IP 1mg,,PGG24-012,PGG24012,,false,2024-08,2026-07,Aug-24,Jul-26,"M/s.Pondchy Pharmaceuticals, R.S.No.218/4, 218/5, Odiampet, Manaveli Road, Villianur Commune, Puducherry, 605110.",pondchy pharmaceuticals,Sample does not conform to IP specification for Glimepiride Tablets with respect to Dissolution,"Drugs Testing Laboratory, Chennai-06",,B. NOT OF STANDARD QUALITY ALERT FOR THE MONTH OF MAY– 2025 (State Laboratories),,1.0
2025-05,state,nsq,false,data/raw/cdsco_alerts/state/2025-05_state_nsq.pdf,2,10,10,Axid 200 (Sucralfate Oral Suspension),Sucralfate Oral,624-470,624470,,false,2024-06,2026-05,Jun-24,May-26,"M/s.Zee Laboratories Ltd, Behind 47, Industrial Area, Paonta Sahib, 173025",zee laboratories ltd,Sample does not conform with respect to General requirements for liquid dosage form.,"Drugs Testing Laboratory, Chennai-06",,B. NOT OF STANDARD QUALITY ALERT FOR THE MONTH OF MAY– 2025 (State Laboratories),,1.0
2025-05,state,nsq,false,data/raw/cdsco_alerts/state/2025-05_state_nsq.pdf,2,11,11,Fenacin (Diclofenac Diethylammonium + Methyl Salicylate + Menthol Gel),Diclofenac Diethylammonium + Methyl Salicylate + Menthol Gel,DG2402,DG2402,,false,2024-04,2026-03,Apr-24,Mar-26,"M/s.Johnson & Smith Co, B-48, III Stage, Peenya Industrial Estate, Bangalore, 560058",johnson smith co,Sample does not conform to Label claim with respect to the content of Methyl Salicylate,"Drugs Testing Laboratory, Chennai-06",,B. NOT OF STANDARD QUALITY ALERT FOR THE MONTH OF MAY– 2025 (State Laboratories),,1.0
2025-05,state,nsq,false,data/raw/cdsco_alerts/state/2025-05_state_nsq.pdf,2,12,12,Phenytoin Sodium Injection USP-2ml,,45PSA138,45PSA138,,false,2024-05,2026-04,May-24,Apr-26,"M/s.SPM Drugs (P) Ltd, Bhavani-638301",spm drugs ltd,Sample does not conform to the requirement for assay,"King Institute of Preventive Medicine & Research, Guindy, Chennai-32",,B. NOT OF STANDARD QUALITY ALERT FOR THE MONTH OF MAY– 2025 (State Laboratories),,1.0
2025-05,state,nsq,false,data/raw/cdsco_alerts/state/2025-05_state_nsq.pdf,2,13,13,"Manoril-BR Syrup (Terbutaline Sulphate, Bromhexine HCL, Guaiphenesin and Menthol Syrup)",,ASL24199,ASL24199,,false,2024-10,2026-09,Oct-24,Sep-26,"M/s.AASSK Pharmaceuticals Pvt. Ltd, S.No.243/2, Plot No.9, Dr.Ambedkar Street, Kozhumanivakkam Village, Mangadu, Chennai-600122",aassk pharmaceuticals pvt ltd,Sample does not conform to Label claim with respect to the content of Bromhexine Hydrochloride,"Drugs Testing Laboratory, Chennai-06.",,B. NOT OF STANDARD QUALITY ALERT FOR THE MONTH OF MAY– 2025 (State Laboratories),,1.0
2025-05,state,nsq,false,data/raw/cdsco_alerts/state/2025-05_state_nsq.pdf,2,14,14,"Entcof Syrup (Ambroxol Hydrochloride, Guaiphenesin, Terbutaline Sulphate Syrup)",,MMR-344,MMR344,,false,2024-03,2026-02,Mar-24,Feb-26,"M/s.Mediguard Remedies, R.S.No.106/1, Perambai Village, Vanur Tk, Villupuram Dt,605110. Tamilnadu, India.",mediguard remedies,Sample does not conform to Label claim with respect to the content of Terbutalline Sulphate,"Drugs Testing Laboratory, Chennai-06.",,B. NOT OF STANDARD QUALITY ALERT FOR THE MONTH OF MAY– 2025 (State Laboratories),,1.0
2025-05,state,nsq,false,data/raw/cdsco_alerts/state/2025-05_state_nsq.pdf,3,15,15,Nifedipine Sustained Release Tablets IP 10 mg,,NF24007,NF24007,,false,2024-08,2026-01,Aug-24,Jan-26,"M/s.Eurokem Laboratories Pvt ltd, C-25, SIDCO Pharmaceutical Complex, Alathur, Thiruporur, 603110.",eurokem laboratories pvt ltd,Sample does not conform to IP specification for Nifedipine Sustained Release Tablets with respect to the content of Nifedipine,"Drugs Testing Laboratory, Madurai-19",,B. NOT OF STANDARD QUALITY ALERT FOR THE MONTH OF MAY– 2025 (State Laboratories),,1.0
2025-05,state,nsq,false,data/raw/cdsco_alerts/state/2025-05_state_nsq.pdf,3,16,16,Albendazole tablets IP 400mg,,T24/006A,T24006A,,false,2024-12,2026-11,Dec-24,Nov-26,"M/s. Samkem, 15-B & 10-B, A.K.V.N. Industrial Area, Rangwasa, Rao, Indore - 453331(M.P). Madhya Pradesh.",samkem,Sample does not meet the Specifications wrt. Dissolution Test as per IP.,"State Lab, Drugs Control Laboratory, Telangana.",,B. NOT OF STANDARD QUALITY ALERT FOR THE MONTH OF MAY– 2025 (State Laboratories),,1.0
2025-05,state,nsq,false,data/raw/cdsco_alerts/state/2025-05_state_nsq.pdf,3,17,17,Albendazole tablets IP 400mg,,T24/021A,T24021A,,false,2024-12,2026-11,Dec-24,Nov-26,"M/s. Samkem, 15-B & 10-B, A.K.V.N. Industrial Area, Rangwasa, Rao, Indore - 453331(M.P). Madhya Pradesh.",samkem,The sample does not comply with respect to Dissolution Test as per IP 2022,"State Lab, Drugs Control Laboratory, Telangana.",,B. NOT OF STANDARD QUALITY ALERT FOR THE MONTH OF MAY– 2025 (State Laboratories),,1.0
2025-05,state,nsq,false,data/raw/cdsco_alerts/state/2025-05_state_nsq.pdf,3,18,18,"Norfloxacin Tablets I.P.400mg,",,0004,0004,,false,2025-02,2026-07,Feb-25,Jul-26,"M/s.Stride Organics Private Limited, Sy. No. 265/P, Kondapur (Vill.) Ghatkesar, Medchal District. (T.G), Telangana.",stride organics private limited,The sample does not comply with respect to Dissolution Test as per IP.,"State Lab, Drugs Control Laboratory, Telangana.",,B. NOT OF STANDARD QUALITY ALERT FOR THE MONTH OF MAY– 2025 (State Laboratories),,1.0
2025-05,state,nsq,false,data/raw/cdsco_alerts/state/2025-05_state_nsq.pdf,3,19,19,"Gutwell Suspension, Bacillus clausii 2 billion spores/5ml",,PSB-B00225,PSBB00225,,false,2025-01,2027-12,Jan-25,Dec-27,"M/s.Prosafe Biologicals LLP Survey No:237/EE/1, Mallepalle (V), Kondapur (M), Sangareddy Dist - 502295, Telangana.",prosafe biologicals llp survey no 237 ee 1,Total viable count found Less than 2 billion spores/5ml.,"State Lab, Drugs Control Laboratory, Telangana.",,B. NOT OF STANDARD QUALITY ALERT FOR THE MONTH OF MAY– 2025 (State Laboratories),,1.0
2025-05,state,nsq,false,data/raw/cdsco_alerts/state/2025-05_state_nsq.pdf,3,20,20,"Bacillus clausii Bakteriya shtammining polireist Suspension, Bacillus clausii Bakteriya shtammining polirezistent 2mlrd. Tirik bakteriyalar/5ml",,PSB-B00125,PSBB00125,,false,2025-01,2026-12,Jan-25,Dec-26,"M/s. Prosafe Biologicals LLP Survey No:237/EE/1, Mallepalle (V), Kondapur (M), Sangareddy Dist - 502295, Telangana. Mrkt: Humaniqe Biopharmaceuticals, Private Limited, 12-1-16, Plot NO: 49, 402, 4-qavat, Naga chambers, waltair main road, Vishakapatnam - 530002.",prosafe biologicals llp survey no 237 ee 1,Total viable count found Less than 2 billion spores/5ml.,"State Lab, Drugs Control Laboratory, Telangana.",,B. NOT OF STANDARD QUALITY ALERT FOR THE MONTH OF MAY– 2025 (State Laboratories),,1.0
2025-05,state,nsq,false,data/raw/cdsco_alerts/state/2025-05_state_nsq.pdf,3,21,21,Azithromycin Oral Suspension,,A004,A004,,false,2023-12,2025-11,Dec-23,Nov-25,"M/s. Smith & Kenner Pharmaceuticals Pvt.Ltd, H.No.2-51, Survey No.72/1, Tatti annaram Village, Hayathnagar Mandal, R.R. Dist. Telangana. India. Mrkt: M/s. Smith & Kenner Pharmaceuticals Pvt.Ltd, H.No.2-51, Survey No.72/1, Tatti annaram Village, Hayathnagar Mandal, R.R. Dist. Telangana. India.",smith kenner pharmaceuticals pvt ltd,The label of the drug should be mentioned as Azithromycin Oral suspension IP. But the letters IP is not m e n t io n e d o n t h e l a b e l .,"State Lab, Drugs Control Laboratory, Telangana.",,B. NOT OF STANDARD QUALITY ALERT FOR THE MONTH OF MAY– 2025 (State Laboratories),,1.0
2025-05,state,nsq,false,data/raw/cdsco_alerts/state/2025-05_state_nsq.pdf,4,22,22,"Amoxycillin & Potassium Clavulanate for Oral Suspension,",,UPS-245C,UPS245C,,false,2024-01,2025-06,Jan-24,Jun-25,"M/s.Ultra Drugs Pvt.Ltd, Plot NO. 1315-1318, VPO Manpura, Baddi - Nlagarh Road, Dist. Solan, H.P-174 101 Himachal Pradesh. Mrkt: KRV Life Sciences, # 122, Padmanagar, Bhiwandi, Mumbai - 421 303.",ultra drugs pvt ltd,The drug product Amoxcycillin and potassium Clavulanate for Oral suspension is o f f i c i a l i n t h e c u r r e n t edition of IP 2022. But the designation in conjiction with the product title Amoxycillin and Potassium Clavulanate for Oral suspension IP is not mentioned on the product Label.,"State Lab, Drugs Control Laboratory, Telangana.",,B. NOT OF STANDARD QUALITY ALERT FOR THE MONTH OF MAY– 2025 (State Laboratories),,1.0
2025-05,state,nsq,false,data/raw/cdsco_alerts/state/2025-05_state_nsq.pdf,4,23,23,"Pantoprazole Gastro-Resistant Tablets IP 40 mg,",,0431,0431,,false,2024-11,2026-04,Nov-24,Apr-26,"M/s.Stride Organics Pvt Limited, Survey No. 265/P, Kondapur, Ghatkesar, Medchal District, T.S. Telangana.",stride organics pvt limited,"The drug failed to indicate the common name of the color contained in the drug on t h e label of the product, as required by Rule 127(2) of the Drugs Rules, 1945. It was mentioned on the label as Approved Colours Used.","State Lab, Drugs Control Laboratory, Telangana.",,B. NOT OF STANDARD QUALITY ALERT FOR THE MONTH OF MAY– 2025 (State Laboratories),,1.0
2025-05,state,nsq,false,data/raw/cdsco_alerts/state/2025-05_state_nsq.pdf,4,24,24,"Ambroxol Hydrochloride, Terbutaline sulphate, Guaiphenesin & Menthol syrup (TEXORIL-AM Syrups),",TEXORIL-AM Syrups,MXS-9081,MXS9081,,false,2023-11,2025-10,Nov-23,Oct-25,"M/s. Maxtra Laboratoriestifindustrialpark, Plot No. 105, 105a, 105b, 1st , 2nd, 3rd Floors, Dandumalkapur Vill, Choutuppal Mandal, Tadadri-Bhongir Dist, 508252 Telangana. Mrkt: Trophomed Health Care, House NO.: C-35, Door No: 8-3-222/8/3, Madhura Nagr, S.R. Nagar, Hyderabad - 500038.",maxtra laboratoriestifindustrialpark,"The drug failed to indicate the common name of the color contained in the drug on the label of the product, as required by Rule 127(2) of the Drugs R u l e s, 1945. It was mentioned on the label as Approved Colours used.","State Lab, Drugs Control Laboratory, Telangana.",,B. NOT OF STANDARD QUALITY ALERT FOR THE MONTH OF MAY– 2025 (State Laboratories),,1.0
2025-05,state,nsq,true,data/raw/cdsco_alerts/state/2025-05_state_nsq.pdf,5,25,25,Zaflox-OZ Tablet,,TLT-6938,TLT6938,,false,2024-02,2026-01,Feb-24,Jan-26,"M/s.Taksa Lifescience E-47, Industrial Area , Focal Point Derabassi Distt Mohali Mrk. By : Ryze Lifecare A.O Plot No. 51 , Industrial Area Phase-2 , Chandigarh 160002",taksa lifescience e 47,1.The sample fails in the Dissolution Test of Ofloxacin IP & Ornidazole IP 2.The sample does not conform to the Assay content of Ofloxacin IP 3.The sample is also found Misbranded as Ofloxacin and Ornidazole Tablets are not been shown official as per I.P 2022,Modern Drug Testing Laboratory Kathua (J&K),,B. NOT OF STANDARD QUALITY ALERT FOR THE MONTH OF MAY– 2025 (State Laboratories),,1.0
2025-05,state,nsq,false,data/raw/cdsco_alerts/state/2025-05_state_nsq.pdf,5,26,26,Maxirest –LP Tablets,,MPT23365,MPT23365,,false,2024-03,2026-02,Mar-24,Feb-26,"M/s.Micro Organics Pharmaceuticals (India)Pvt Ltd , Ogli Suket Road Kala Amb Sirmour (HP) Mrk. By : Bioglare Pharmaceuticals 379A , Plot No. 108 Top Floor Sector 39 West Maloya Chandigarh 160025",micro organics pharmaceuticals pvt ltd,The sample fails in the test for Description of tablets,Modern Drug Testing Laboratory Kathua (J&K),,B. NOT OF STANDARD QUALITY ALERT FOR THE MONTH OF MAY– 2025 (State Laboratories),,1.0
2025-05,state,nsq,false,data/raw/cdsco_alerts/state/2025-05_state_nsq.pdf,5,27,27,Neo-Chloranton,,T-3750,T3750,,false,2023-12,2025-11,Dec-23,Nov-25,"M/s.New Gayzel Pharmaceuticals 6/4 Modern Industrial Estate Bahadurgarh - 124507 Mrk. By : Remedies Pharmaceuticals (India) Pvt Ltd 107A &B Aradhana Bhawan Azadpur Commercial Complex , Delhi 110033",new gayzel pharmaceuticals 6 4 modern industrial estate bahadurgarh 124507 mrk by remedies pharmaceuticals pvt ltd 107a b aradhana bhawan azadpur commercial complex,The sample fails in the test for Description & Disintegration test of tablets,Modern Drug Testing Laboratory Kathua (J&K),,B. NOT OF STANDARD QUALITY ALERT FOR THE MONTH OF MAY– 2025 (State Laboratories),,1.0
2025-05,state,nsq,false,data/raw/cdsco_alerts/state/2025-05_state_nsq.pdf,5,28,28,Robiflam-SP,,UTGRFB401,UTGRFB401,,false,2024-05,2026-04,May-24,Apr-26,"M/s.Khandelwal Laboratories Pvt Ltd , Plot No. 20 Sec-6 IIE , Sidcul , Pantnagar , US Nagar -263153 Uttarakhand Mrk. By : Khandelwal Laboratories Pvt Ltd ,79/87 , D-Lad Path Mumbai- 400033",khandelwal laboratories pvt ltd,The sample fails in the test for Description of tablets,Modern Drug Testing Laboratory Kathua (J&K),,B. NOT OF STANDARD QUALITY ALERT FOR THE MONTH OF MAY– 2025 (State Laboratories),,1.0
2025-05,state,nsq,false,data/raw/cdsco_alerts/state/2025-05_state_nsq.pdf,5,29,29,Park 650,,AT24/391,AT24391,,false,2024-08,2026-07,Aug-24,Jul-26,"M/s.Accuwell Medics Pvt Ltd Survey No 414 , Ashwamegh Industrial Estate Changodar Ahmedabad 382213 (Gujarat) Mrk. By : Heal Sure Lifesciences Pvt Ltd Plot No. 198/983, Chachrawadi Vasna Near Claris Lifesciences Ltd Ta Sanand Distt. Ahmedabad Gujarat",accuwell medics pvt ltd survey no 414,The sample fails in the test for Uniformity of Weight of Tablets & Assay content of Paracetamol,Modern Drug Testing Laboratory Kathua (J&K),,B. NOT OF STANDARD QUALITY ALERT FOR THE MONTH OF MAY– 2025 (State Laboratories),,1.0
2025-05,state,nsq,false,data/raw/cdsco_alerts/state/2025-05_state_nsq.pdf,6,30,30,Dolomol 650,,RBT-2042,RBT2042,,false,2024-10,2027-06,Oct-24,Jun-27,"M/s. Rockbrook Overseas Pvt Ltd , DIC , Industrial Estate Govindsar , Kathua - 184102",rockbrook overseas pvt ltd,The sample fails in the dissolution test of paracetamol,Modern Drug Testing Laboratory Kathua (J&K),,B. NOT OF STANDARD QUALITY ALERT FOR THE MONTH OF MAY– 2025 (State Laboratories),,1.0
2025-05,state,nsq,false,data/raw/cdsco_alerts/state/2025-05_state_nsq.pdf,6,31,31,Albendazole Tablets IP 400 mg (ALBISTI – 400),ALBISTI – 400,PI28AH05,PI28AH05,,false,2023-07,2025-12,Jul-23,Dec-25,"M/s.Pure & Cure Healthcare Pvt. Ltd., (A subsidiary of Akums Drugs & Pharmaceuticals Ltd.,), Plot No. 26A, 27-30, Sector-8A, I.I.E., SIDCUL, Ranipur, Haridwar – 249403, Uttarakhand. Mfg. Lic. No. : 31/UA/2013.",pure cure healthcare pvt ltd,The Sample does not conform to standard in respect of the test for “Dissolution”,"State Drugs Testing Laboratory, Agartala, Tripura.",,B. NOT OF STANDARD QUALITY ALERT FOR THE MONTH OF MAY– 2025 (State Laboratories),,1.0
2025-05,state,nsq,false,data/raw/cdsco_alerts/state/2025-05_state_nsq.pdf,6,32,32,Amlodipine Besylate Tablets I.P. 2.5 mg (AMLODOSE – 2.5 ),AMLODOSE – 2.5,SPT240321,SPT240321,,false,2024-02,2026-01,Feb-24,Jan-26,"M/s.Salus Pharmaceuticals, 480/211, Harraipur, P.O. – Gurumajra, Teh. Baddi, Dist. Solan, Himachal Pradesh – 173205",salus pharmaceuticals,The Sample does not conform to standard in respect of the test for “Assay & Uniformity of Content”,"State Drugs Testing Laboratory, Agartala, Tripura.",,B. NOT OF STANDARD QUALITY ALERT FOR THE MONTH OF MAY– 2025 (State Laboratories),,1.0
2025-05,state,nsq,false,data/raw/cdsco_alerts/state/2025-05_state_nsq.pdf,6,33,33,Amoxycillin with Potassium Clavulanate Tablets I.P. (CLAIM – CV 625),CLAIM – CV 625,CT/24/747,CT24747,,false,2024-10,2026-03,Oct-24,Mar-26,"M/s.Ciphem Pharma, Plot No.: 30, Subhlakshmi Ind. Estate, Opp. Sanket Ind. Estate, At: Morraya, Ta: Sanand, Dist.: Ahmedabad – 382213. Mfg. Lic. No. : G/28/1738.",ciphem pharma,"The Sample does not conform to standard in respect of the test for “Uniformity of weight, Dissolution & Assay”","State Drugs Testing Laboratory, Agartala, Tripura.",,B. NOT OF STANDARD QUALITY ALERT FOR THE MONTH OF MAY– 2025 (State Laboratories),,1.0
2025-05,state,nsq,false,data/raw/cdsco_alerts/state/2025-05_state_nsq.pdf,6,34,34,Amoxycillin& Potassium Clavulanate Tablets I.P (AGECLAV – 375 Tablets),AGECLAV – 375,JMT-240801A,JMT240801A,,false,2024-08,2026-01,Aug-24,Jan-26,"M/s.JMM Formulation Pvt. Ltd., (A WHO GMP & GLP Certified Company), Vill: Khari, Mouza-Ogli, Suketi Road, Kala Amb, Tehsil: Nahan, Dist: Sirmour, Himachal Pradesh – 173030.",jmm formulation pvt ltd,The Sample does not conform to Standard Quality in respect of the test for “Dissolution of Amoxycillin”.,"State Drugs Testing Laboratory, Agartala, Tripura.",,B. NOT OF STANDARD QUALITY ALERT FOR THE MONTH OF MAY– 2025 (State Laboratories),,1.0
2025-05,state,nsq,false,data/raw/cdsco_alerts/state/2025-05_state_nsq.pdf,6,35,35,Zinc Sulphate Tablets I.P. 20 mg (TONZEE 20),TONZEE 20,ZS-2404,ZS2404,,false,2024-05,2026-04,May-24,Apr-26,"M/s.Torino Laboratories Pvt. Ltd., Fact: Plot No. 65/1, Sector 1, Pithampur – 454775, Dist. Dhar (INDIA).",torino laboratories pvt ltd,The Sample does not conform to Standard Quality in respect of the test for “Disintegration”.,"State Drugs Testing Laboratory, Agartala, Tripura.",,B. NOT OF STANDARD QUALITY ALERT FOR THE MONTH OF MAY– 2025 (State Laboratories),,1.0
2025-05,state,nsq,false,data/raw/cdsco_alerts/state/2025-05_state_nsq.pdf,6,36,36,Telmisartan Tablets I.P. 20 mg (TELSAT – 20),TELSAT – 20,ST2T2302,ST2T2302,,false,2024-03,2026-02,Mar-24,Feb-26,"M/s.Goodman Pharmaceuticals, Plot No. B3-B8, PIPDIC Electronic Park, Thirubhuvanai, Poducherry – 605107",goodman pharmaceuticals,The Sample does not conform to standard in respect of the test for “Dissolution” performed.,"State Drugs Testing Laboratory, Agartala, Tripura.",,B. NOT OF STANDARD QUALITY ALERT FOR THE MONTH OF MAY– 2025 (State Laboratories),,1.0
2025-05,state,nsq,false,data/raw/cdsco_alerts/state/2025-05_state_nsq.pdf,7,37,37,Amoxycillin& Potassium Clavulanate Tablets I.P. 625 mg (TIMOX – CV 625),TIMOX – CV 625,AXP5F5007,AXP5F5007,,false,2025-01,2026-12,Jan-25,Dec-26,"M/s.Sucantis Bio Tech Pvt. Ltd., Plot No.: E-127 & 128, Ind. Area Bahadarabad, Haridwar (Uttarakhand) – 249402, Mfg. Lic. No.: 19/UA/SC/P - 2023",sucantis bio tech pvt ltd,The sample does not conform to standard quality in respect of the test for “Dissolution of Amoxycillin”,"State Drugs Testing Laboratory, Agartala, Tripura.",,B. NOT OF STANDARD QUALITY ALERT FOR THE MONTH OF MAY– 2025 (State Laboratories),,1.0
2025-05,state,nsq,false,data/raw/cdsco_alerts/state/2025-05_state_nsq.pdf,7,38,38,Amoxycillin& Potassium Clavulanate Tablets I.P (AMOXMED – CV 625 Tablets),AMOXMED – CV 625,ABT24071,ABT24071,,false,2024-05,2025-10,May-24,Oct-25,"M/s.Alexa Pharmaceuticals, Plot No: 20 Ext HPSIDC, Ind Area, Baddi, Dist. Solan (H.P.) – 173205, Mfg. Lic. No. : L/21/2638/MNB & L/21/2639/MB",alexa pharmaceuticals,The sample does not conform to standard quality in respect of the test for “Dissolution & Assay”.,"State Drugs Testing Laboratory, Agartala, Tripura.",,B. NOT OF STANDARD QUALITY ALERT FOR THE MONTH OF MAY– 2025 (State Laboratories),,1.0
2025-05,state,nsq,false,data/raw/cdsco_alerts/state/2025-05_state_nsq.pdf,7,39,39,Albendazole Tablets I.P. 400 mg (B-ZOLE 400 mg),,T50120A,T50120A,,false,2025-02,2027-01,Feb-25,Jan-27,"M/s.Samson Laboratories Pvt. Ltd., (WHO-GMP Certified Company), 152, Sansiwala, Barotiwala, Distt. Solan (H.P.) – 174103, Mfg. Lic. No. : MNB/05/156.",samson laboratories pvt ltd,The sample does not conform to standard quality in respect of the test for “Dissolution”,"State Drugs Testing Laboratory, Agartala, Tripura.",,B. NOT OF STANDARD QUALITY ALERT FOR THE MONTH OF MAY– 2025 (State Laboratories),,1.0
2025-05,state,nsq,false,data/raw/cdsco_alerts/state/2025-05_state_nsq.pdf,7,40,40,"Methylcobalamin, Alpha Lipoic Acid, Pyridoxine Hydrochloride, Folic Acid, Inositol & Niacinamide Softgel Capsules (S-Neuro Plus)",S-Neuro Plus,SD240762,SD240762,,false,2024-04,2025-09,Apr-24,Sep-25,"M/s. Bajaj Nutraceuticals, 328M, Raipur Industrial Area, Bhagwanpur, Roorkee Distt. Haridwar-247661, (U.K.)",bajaj nutraceuticals,"(1) For the received sample Methylcobalamin, Alpha Lipoic Acid, Pyridoxine Hydrochloride, Folic Acid, Inositol & Niacinamide Softgel Capsules (S-NEURO PLUS), Leakage of the soft gelatin capsules was observed which should not be present as per rule 124B of the Drugs Rules,1945 (2) Does not comply with respect to test for Desintegration","State lab , Puducherry",,B. NOT OF STANDARD QUALITY ALERT FOR THE MONTH OF MAY– 2025 (State Laboratories),,1.0
2025-05,state,nsq,false,data/raw/cdsco_alerts/state/2025-05_state_nsq.pdf,7,41,41,Telmisartan & Amlodipine TabletsIP (Lanztel-AM),Lanztel-AM,RHT24-402,RHT24402,,false,2024-07,2026-06,Jul-24,Jun-26,"M/s Revantis Healthcare, Plot No. 124, HPSIDC, Industrial Area, Baddi, Distt. Soaln (H.P)-173205",revantis healthcare,Does not comply with respect to test for Assay,"State lab , Puducherry",,B. NOT OF STANDARD QUALITY ALERT FOR THE MONTH OF MAY– 2025 (State Laboratories),,1.0
2025-05,state,nsq,false,data/raw/cdsco_alerts/state/2025-05_state_nsq.pdf,7,42,42,Aceclofenac & Paracetamol Tablets (A-Sid Tablets),A-Sid,HT-2401253,HT2401253,,false,2024-12,2026-11,Dec-24,Nov-26,"M/s.Helax Healthcare Private Limited., Khasra No. 410,Vill-Karondi Roorkee - 247667,Distt- Haridwar (UK)",helax healthcare private limited,"(1)The sample received is labelled as Aceclofenac & Paracetamol Tablets, however Aceclofenac & Paracetamol Tablets is an official IP monograph (Addendum 2024) hence should be labelled as Aceclofenac & Paracetamol Tablets IP. (2)For the received sample, Discolouration was observed. (3) Does not comply with respect to test for Uniformity of weight and Assay for Aceclofenac and Paracetamol.","State lab , Puducherry",,B. NOT OF STANDARD QUALITY ALERT FOR THE MONTH OF MAY– 2025 (State Laboratories),,1.0
2025-05,state,nsq,false,data/raw/cdsco_alerts/state/2025-05_state_nsq.pdf,8,43,43,Aceclofenac & Paracetamol Tablets (Aceclon-P),Aceclon-P,NTT250578,NTT250578,,false,2025-02,2028-01,Feb-25,Jan-28,"M/s. Nanoceut Therapeutics Pvt. Ltd., R.S.No.104/19A,E.V.R Street, Sedarapet, Puducherry-605111",nanoceut therapeutics pvt ltd,"The sample received is labelled as Aceclofenac And Paracetamol Tablets (Aceclon-P) , however Aceclofenac And Paracetamol Tablets is an official IP monograph (IP Addendum 2024) hence should be labelled as Aceclofenac And Paracetamol Tablets IP.","State lab , Puducherry",,B. NOT OF STANDARD QUALITY ALERT FOR THE MONTH OF MAY– 2025 (State Laboratories),,1.0
2025-05,state,nsq,false,data/raw/cdsco_alerts/state/2025-05_state_nsq.pdf,8,44,44,Bromhexine Hcl Tabs. IP 8mg (Bronco),Bronco,BRO-2401,BRO2401,,false,2024-06,2027-05,Jun-24,May-27,"M/s. Medibest Pharma Pvt. Ltd. N-31,Sidco Indl.Estate,Hosur,TN",medibest pharma pvt ltd n 31,"(1) The label of the received sample Bromhexine Hcl Tabs. IP 8mg (BRONCO), mentions the proper name of the drug whose font size is smaller than the brand name whereas the proper name of the drug should be at least two font size larger than the brand name as prescribed under Rule 96 (1), i (A) of the Drugs and Cosmetics Rules. (2) The name of the received sample mentions as Bromhexine HCL Tabs. IP 8mg, however Bromhexine HCL Tabs IP is an official monograph hence should be labelled as Bromhexine HCL Tabs IP.","State lab , Puducherry",,B. NOT OF STANDARD QUALITY ALERT FOR THE MONTH OF MAY– 2025 (State Laboratories),,1.0
2025-05,state,nsq,false,data/raw/cdsco_alerts/state/2025-05_state_nsq.pdf,9,45,45,Amoxycillin Capsules IP 250mg (Amoxi 250),Amoxi 250,MT14AC08,MT14AC08,,false,2023-08,2025-07,Aug-23,Jul-25,"M/s.Malik Lifesciences Pvt. Ltd., Plot No. 16, Vardhman Indl. Estate, Vill-Bahadarpur Saini, N.H.58, Haridwar-247 667",malik lifesciences pvt ltd,Does not comply with respect to test for Assay,"State lab , Puducherry",,B. NOT OF STANDARD QUALITY ALERT FOR THE MONTH OF MAY– 2025 (State Laboratories),,1.0
2025-05,state,nsq,false,data/raw/cdsco_alerts/state/2025-05_state_nsq.pdf,9,46,46,Tamsulosin Hydrochloride & Dutasteride tab (Urimax-D,,4GH0097,4GH0097,,false,2023-12,2025-11,Dec-23,Nov-25,"M/s. Cipla Ltd., Verna Indl. Estate, Goa-403722",cipla ltd,Negative for the presence of Tamsulosin Hydrochloride & Dutasteride,"State Drug Control & Research Lab, West Bengal",,B. NOT OF STANDARD QUALITY ALERT FOR THE MONTH OF MAY– 2025 (State Laboratories),,1.0
2025-05,state,nsq,false,data/raw/cdsco_alerts/state/2025-05_state_nsq.pdf,9,47,47,Ursodeoxycholic acid Tablets IP 300 mg,,UDS-501,UDS501,,false,2024-08,2026-07,Aug-24,Jul-26,"M/s.Healers Lab Unit II Plot NO. 33, H.P.S.I.D.C. , Extn., Baddi, Distt. Solan H.P.",healers lab unit ii plot no 33,The sample does not confirm to claim as per IP 2022 in respect to the Dissolution of Ursodiol ( Ursodeoxycholic Acid),DTL Baddi Distt. Solan,,B. NOT OF STANDARD QUALITY ALERT FOR THE MONTH OF MAY– 2025 (State Laboratories),,1.0
2025-05,state,nsq,false,data/raw/cdsco_alerts/state/2025-05_state_nsq.pdf,9,48,48,Ferrous Sulphate & Folic Acid Syrup IP,,FSF-158,FSF158,,false,2024-10,2026-09,Oct-24,Sep-26,"M/s.Medipol Pharmaceuticals India Pvt. Ltd. 1199/3, Bhud Baddi, Distt. Solan H.P.",medipol pharmaceuticals india pvt ltd 1199 3,The sample does not conform to claim as per IP 2022 in respect to the Test of Free Ferric Compounds & Assay of Folic Acid.,DTL Baddi Distt. Solan,,B. NOT OF STANDARD QUALITY ALERT FOR THE MONTH OF MAY– 2025 (State Laboratories),,1.0
2025-05,state,nsq,false,data/raw/cdsco_alerts/state/2025-05_state_nsq.pdf,9,49,49,Ibuprofen Oral Suspension BP 100 mg/5ml,,IBS-022,IBS022,,false,2024-07,2026-06,Jul-24,Jun-26,"M/s.Medipol Pharmaceuticals India Pvt. Ltd. 1199/3, Bhud Baddi, Distt. Solan H.P.",medipol pharmaceuticals india pvt ltd 1199 3,The sample does not conform to claim as per BP 2024 in respect to the Assay of Ibuprofen.,DTL Baddi Distt. Solan,,B. NOT OF STANDARD QUALITY ALERT FOR THE MONTH OF MAY– 2025 (State Laboratories),,1.0
2025-05,state,nsq,false,data/raw/cdsco_alerts/state/2025-05_state_nsq.pdf,9,50,50,Montelukast Sodium & Levocetirizine Dihydrochloride Tablets IP (BLUCAST-L),BLUCAST-L,ZP24T176,ZP24T176,,false,2024-08,2026-07,Aug-24,Jul-26,"M/s. Zantic Pharmaceuticals Pvt. Ltd. (AGMP Certified Unit) G-86, UPSIDC, Industrial Area, Selaqui, Dehradun, Uttarakhand-248011",zantic pharmaceuticals pvt ltd g 86,The sample does not conform to claim as per IP 2022 in respect to the Dissolution of Montelukast & Levocetirizine Hydrochloride,DTL Baddi,,B. NOT OF STANDARD QUALITY ALERT FOR THE MONTH OF MAY– 2025 (State Laboratories),,1.0
2025-05,state,nsq,false,data/raw/cdsco_alerts/state/2025-05_state_nsq.pdf,9,51,51,Alcinac-SR Tablets (Aceclofenac Sustained-release Tablets),Aceclofenac Sustained-release,9244001,9244001,,false,2024-05,2026-04,May-24,Apr-26,"M/s.Leeford Healthcare Ltd. At: Plot No. 79-A & 79-B, EPIP, Phase-II, Vill. Thana, Tehsil Baddi, Distt. Solan 173205 (H.P.). India.",leeford healthcare ltd at plot no 79 a 79 b,Dissolution of Aceclofenac.,"Drugs Testing Laboratory, Baddi",,B. NOT OF STANDARD QUALITY ALERT FOR THE MONTH OF MAY– 2025 (State Laboratories),,1.0
2025-05,state,nsq,false,data/raw/cdsco_alerts/state/2025-05_state_nsq.pdf,9,52,52,Dapagliflozin Tablets IP (DAPAWOHN),DAPAWOHN,HT2406181,HT2406181,,false,2024-06,2026-05,Jun-24,May-26,M/s.Helax Healthcare Private Limited Khasra No.410 Village Karondi Roorkee Distt Haridwar,helax healthcare private limited khasra no 410 village karondi roorkee distt haridwar,Assay and Uniformity of Content of Dapagliflozin,DTL Baddi Distt Solan HP,,B. NOT OF STANDARD QUALITY ALERT FOR THE MONTH OF MAY– 2025 (State Laboratories),,1.0
2025-05,state,nsq,false,data/raw/cdsco_alerts/state/2025-05_state_nsq.pdf,10,53,53,Moxi-KT EYE DROPS (Moxifloxacin 0.5 % + Ketorolac 0.4% + H.P.M.C. 0.025 % Opthalmic solution),,3780,3780,,false,2024-08,2026-07,Aug-24,Jul-26,"M/s.Eden Drugs Pvt. Ltd. S.G.R.D.J. Airport Road Meerankot Distt. Amritsar,Punjab",eden drugs pvt ltd s g r d j airport road meerankot distt amritsar,Assay of Ketorolac(80.75%),DTL Baddi Distt Solan HP,,B. NOT OF STANDARD QUALITY ALERT FOR THE MONTH OF MAY– 2025 (State Laboratories),,1.0
2025-05,state,nsq,false,data/raw/cdsco_alerts/state/2025-05_state_nsq.pdf,10,54,54,Acelofenac & Paracetamol Tablets (ACELOZAL-P),ACELOZAL-P,YLT25005,YLT25005,,false,2025-01,2026-12,Jan-25,Dec-26,"M/s.YL Pharma Baddi, Distt. Solan H.P.",yl pharma baddi,The sample does not conforms to Patent & Proprietary in repect to the Assay of Aceclofenac.,DTL Baddi Distt Solan HP,,B. NOT OF STANDARD QUALITY ALERT FOR THE MONTH OF MAY– 2025 (State Laboratories),,1.0
2025-05,state,nsq,false,data/raw/cdsco_alerts/state/2025-05_state_nsq.pdf,10,55,55,Cefixime 100 mg/5ml Powder for oral Suspension (Sunderin),Sunderin,MSSB24005,MSSB24005,,false,2024-11,2026-11,Nov-24,Nov-26,"M/s.Nector Lifesciences Limited Unit-VI, Village Bhatoli Kalan Adjoining Jharmajri EPIP Baddi, Distt. Solan H.P.",nector lifesciences limited unit vi,The sample does not conforms to Patent & Proprietary in repect to the Assay of Anhydrous Cefixime.,DTL Baddi Distt Solan HP,,B. NOT OF STANDARD QUALITY ALERT FOR THE MONTH OF MAY– 2025 (State Laboratories),,1.0
2025-05,state,nsq,false,data/raw/cdsco_alerts/state/2025-05_state_nsq.pdf,10,56,56,Depcof cough syrup,,L-2306077,L2306077,,false,2023-06,2025-05,Jun-23,May-25,"M/s.Gopal life sciences, jhadmajri, Baddi",gopal life sciences,Assay of Phenylephrine Hydrochloride.,DTL Baddi Distt Solan HP,,B. NOT OF STANDARD QUALITY ALERT FOR THE MONTH OF MAY– 2025 (State Laboratories),,1.0
2025-05,state,nsq,false,data/raw/cdsco_alerts/state/2025-05_state_nsq.pdf,10,57,57,"Trypsin, Bromelain, Rutoside, Trihydrate & Diclofenac Tablets (RUMIHEAL-D)",RUMIHEAL-D,SRTF240703B,SRTF240703B,,false,2024-06,,Jun-24,,"M/s.Systole Remedies Pvt. Ltd.. Vill-Ogli, Kala Amb, Tehsil-Nahan Distt. Sirmour HP",systole remedies pvt ltd vill ogli,Test for Disintegration,DTL Baddi Distt Solan HP,,B. NOT OF STANDARD QUALITY ALERT FOR THE MONTH OF MAY– 2025 (State Laboratories),,1.0
2025-05,state,nsq,false,data/raw/cdsco_alerts/state/2025-05_state_nsq.pdf,10,58,58,Dapagliflozin Tablets IP (DAPAWOHN),DAPAWOHN,HT2406181,HT2406181,,false,2024-06,2026-05,Jun-24,May-26,M/s. Helax Healthcare Private Limited Khasra No.410 Village Karondi Roorkee Distt Haridwar,helax healthcare private limited khasra no 410 village karondi roorkee distt haridwar,Assay and Uniformity of Content of Dapagliflozin,DTL Baddi Distt Solan HP,,B. NOT OF STANDARD QUALITY ALERT FOR THE MONTH OF MAY– 2025 (State Laboratories),,1.0
2025-05,state,nsq,false,data/raw/cdsco_alerts/state/2025-05_state_nsq.pdf,10,59,59,Itraconazole Capsules BP 100 mg (ITR 100,,5007,5007,,false,2023-07,2025-06,Jul-23,Jun-25,"M/s. Orley Laboratories Pvt. Ltd. 1817, GIDC Estate, Phase-III Vatwa, Ahmedabad 382445",orley laboratories pvt ltd 1817,"The sample does not comply with B.P requirements for Dissolution Test""","A.S Kambli Palghar-Zone-1 FDA, Lab Mumbai",,B. NOT OF STANDARD QUALITY ALERT FOR THE MONTH OF MAY– 2025 (State Laboratories),,1.0
2025-05,state,nsq,false,data/raw/cdsco_alerts/state/2025-05_state_nsq.pdf,10,60,60,Calcium and Vitamin D3 Tablets IP(Tricum-XT),Tricum-XT,1240247,1240247,,false,2024-02,2025-07,Feb-24,Jul-25,"M/s. Corona Remedies Pvt Ltd. Village, Jatoli, Post office-Oachghat, Tehsil-Solan, Dist. Solan (H.P) 173223",corona remedies pvt ltd village,The Content of Vitamin D3 in the sample is less (i.e. 34.85% of the labelled amount) than the IP limits,"A.S Kambli Palghar-Zone-1 FDA, Lab Mumbai",,B. NOT OF STANDARD QUALITY ALERT FOR THE MONTH OF MAY– 2025 (State Laboratories),,1.0
2025-05,state,nsq,false,data/raw/cdsco_alerts/state/2025-05_state_nsq.pdf,10,61,61,Acidom-DSR Capusles,,2560301C,2560301C,,false,2023-07,2025-06,Jul-23,Jun-25,"M/s. Lifecare, Formulation Pvt Ltd. Plot No. 2 & 3, 91/5, Link Road, Sonia Gandhi, Near Mettupalayam Industrial Estate, Puducherry-605009",lifecare,The content of Rabeprozole in the sample is less (i.e 31.85% of the lablled amount) than permissible limits,"A.S Kambli Palghar-Zone-1 FDA, Lab Mumbai",,B. NOT OF STANDARD QUALITY ALERT FOR THE MONTH OF MAY– 2025 (State Laboratories),,1.0
2025-05,state,nsq,false,data/raw/cdsco_alerts/state/2025-05_state_nsq.pdf,10,62,62,"Itraconazole Ofloxacin, Ornidazole & Clobetasol Propionate Cream (Fondastop C Cream)",Fondastop C Cream,0-102,0102,,false,2023-09,2025-08,Sep-23,Aug-25,"M/s. Spen Formulations Pvt Ltd. Plot No. 123, Industrial Area, Mehatpur-174315, Distt. UNA(H.P)",spen formulations pvt ltd plot no 123,The sample does not give High Performance Liquid Chromatographic and Thin Layer Chromatographic identification Test for the presence of itraconazole and Clobetasol Propionate.,"A.S Kambli Palghar-Zone-1 FDA, Lab Mumbai",,B. NOT OF STANDARD QUALITY ALERT FOR THE MONTH OF MAY– 2025 (State Laboratories),,1.0
2025-05,state,nsq,false,data/raw/cdsco_alerts/state/2025-05_state_nsq.pdf,11,63,63,Halar Cream,,HA-292,HA292,,false,2023-07,2026-06,Jul-23,Jun-26,"M/s. Maxheal Pharmaceuticals (I) Ltd. J-7 M.I.D.C Tarapur Industrial Area, Boisar-401506 Maharashtra",maxheal pharmaceuticals ltd j 7 m i d c tarapur industrial area,The content of Neomycin Sulphate (i.e. 18.80% of the labelled amount),"A.S Kambli Palghar-Zone-1 FDA, Lab Mumbai",,B. NOT OF STANDARD QUALITY ALERT FOR THE MONTH OF MAY– 2025 (State Laboratories),,1.0
2025-05,state,nsq,false,data/raw/cdsco_alerts/state/2025-05_state_nsq.pdf,11,64,64,Lomojack,,CN2305,CN2305,,false,2023-04,2025-09,Apr-23,Sep-25,"M/s.Century Drugs Pvt Ltd. Plot no. 38, Sector-3, Dist. Dhar, Pithampur , Madhya Pradesh",century drugs pvt ltd plot no 38,"The sample does not comply with I.P requirement for Dissolution Test""","A.S Kambli Palghar-Zone-1 FDA, Lab Mumbai",,B. NOT OF STANDARD QUALITY ALERT FOR THE MONTH OF MAY– 2025 (State Laboratories),,1.0
2025-05,state,nsq,false,data/raw/cdsco_alerts/state/2025-05_state_nsq.pdf,11,65,65,Amikacin Sulphate Injection IP 500mg (Amikablast 500 Injection),Amikablast 500,W373,W373,,false,2023-07,2025-06,Jul-23,Jun-25,"M/s. Macin Remedies India Ltd. B-21, Ind focal point, Moga(PB)-142001",macin remedies india ltd b 21,The content of Amikacin in the sample is more (i.e 183.99% of the lablled amount) than the I.P limits,"A.S Kambli Palghar-Zone-1 FDA, Lab Mumbai",,B. NOT OF STANDARD QUALITY ALERT FOR THE MONTH OF MAY– 2025 (State Laboratories),,1.0
2025-05,state,nsq,false,data/raw/cdsco_alerts/state/2025-05_state_nsq.pdf,11,66,66,Misoprostol Tablets IP 200 mcg(Misotop 200),Misotop 200,SPT241229,SPT241229,,false,2024-06,2026-05,Jun-24,May-26,"M/s. Salus Pharmaceuticals 480/211, Harraipur, Po. Gurumajra, Teh. Baddi Dist. Solan (H.P)-173205",salus pharmaceuticals 480 211,The content of Misoprostol in the sample is less (i.e 13.82% of the lablled amount) than the IP limits,"A.S Kambli Palghar-Zone-1 FDA, Lab Mumbai",,B. NOT OF STANDARD QUALITY ALERT FOR THE MONTH OF MAY– 2025 (State Laboratories),,1.0
2025-05,state,nsq,false,data/raw/cdsco_alerts/state/2025-05_state_nsq.pdf,11,67,67,Albendazole Chewable Tablets IP (Alsia-400 Tab,,SPD-618,SPD618,,false,2024-10,2026-09,Oct-24,Sep-26,"M/s. Sia Pharma Pvt Ltd. (Who-Gmp Certified Company) Plot no. 170, HSIIDC Barhi Indl Area, Phase-I, Sonipat Haryana-131101",sia pharma pvt ltd plot no 170,"The sample does not comply with I.P requirement for Dissolution Test""","A.S Kambli Palghar-Zone-1 FDA, Lab Mumbai",,B. NOT OF STANDARD QUALITY ALERT FOR THE MONTH OF MAY– 2025 (State Laboratories),,1.0
2025-05,state,nsq,false,data/raw/cdsco_alerts/state/2025-05_state_nsq.pdf,11,68,68,"Aceclofenac, Paracetamol & Serratiopeptidase Tablets (ACIJAN-SP Tablets)",ACIJAN-SP,AF-23T683,AF23T683,,false,2023-10,2025-09,Oct-23,Sep-25,"M/s. Affine Formulations Ltd.1947/3, Vill. Bhatian, Tehsil-Nalagarh, Dist. Solan, 174101 (H.P)",affine formulations ltd 1947 3,The Content of Serratiopeptidase in the sample is less(i.e 41.54% of lebelled amount),"V.P. Mahajan, Jalna. FDA Lab, M.S. Chhatrapati Sambhajinagar . Maharashtra State",,B. NOT OF STANDARD QUALITY ALERT FOR THE MONTH OF MAY– 2025 (State Laboratories),,1.0
2025-05,state,nsq,false,data/raw/cdsco_alerts/state/2025-05_state_nsq.pdf,11,69,69,"Codeine Phosphate, Chlorpheniramine Maleate and Sodium Citrate Cough Linctus (WYKAREX-CD Cough Linctus)",WYKAREX-CD Cough Linctus,AL-5770,AL5770,,false,2023-11,2025-10,Nov-23,Oct-25,"M/s. Acron Pharmaceuticals, 38/2, Main Road, G.I.D.C, Estate, Naroda, Ahmedabad-382330",acron pharmaceuticals,The Content of Codeine Phosphate in the sample less (i.e 32.50% of the labelled amount),"B.D. Marewad, FDA Lab, M.S. Chhatrapati Sambhajinagar . Maharashtra State",,B. NOT OF STANDARD QUALITY ALERT FOR THE MONTH OF MAY– 2025 (State Laboratories),,1.0
2025-05,state,nsq,false,data/raw/cdsco_alerts/state/2025-05_state_nsq.pdf,11,70,70,Ciprofloxacin Hydrochloride Tablets IP 500mg (Cipro-500 Tablets,,COP24001,COP24001,,false,2024-03,2026-02,Mar-24,Feb-26,"M/s. Danish Healthcare(P) Ltd. 76/27-28, Industrial Estate, Maxi Road, Ujjain-456010",danish healthcare ltd 76 27 28,"The sample does not comply with I.P requirement for "" Dissolution ""","N.S. Bhalerao, Nanded, FDA Lab, M.S. Chhatrapati Sambhajinagar . Maharashtra State",,B. NOT OF STANDARD QUALITY ALERT FOR THE MONTH OF MAY– 2025 (State Laboratories),,1.0
2025-05,state,nsq,false,data/raw/cdsco_alerts/state/2025-05_state_nsq.pdf,12,71,71,Advanced Pakiza Unani's Golden Knight 125g,,PUN45,PUN45,,false,2024-11,2027-10,Nov-24,Oct-27,"M/s. Advanced Pakiza Unani LLP, C.C Narpoli, Dist. Thane-302(MS)",advanced pakiza unani llp,1. The sample gives identification for the presence of Sildenafil Citrate. 2. Found Content of Sildenafil in the sample is 33.72 mg/10gm,"S.K, Jadhav, Pune-Zone 3 , FDA Lab, M.S. Chhatrapati Sambhajinagar . Maharashtra State",,B. NOT OF STANDARD QUALITY ALERT FOR THE MONTH OF MAY– 2025 (State Laboratories),,1.0
2025-05,state,nsq,false,data/raw/cdsco_alerts/state/2025-05_state_nsq.pdf,12,72,72,Advanced Pakiza Unani's Golden Knight Cream,,PUNC02,PUNC02,,false,2024-04,2027-03,Apr-24,Mar-27,"M/s. Advanced Pakiza Unani LLP, MH/103279, Narpoli Bhiwandi 302",advanced pakiza unani llp,1. The sample gives identification for the presence of Tadalafil. . 2. Found Content of Tadalafil in the sample is 0.17mg/gm,"S.K, Jadhav, Pune-Zone 3 , FDA Lab, M.S. Chhatrapati Sambhajinagar . Maharashtra State",,B. NOT OF STANDARD QUALITY ALERT FOR THE MONTH OF MAY– 2025 (State Laboratories),,1.0
2025-05,state,nsq,false,data/raw/cdsco_alerts/state/2025-05_state_nsq.pdf,12,73,73,Advanced Pakiza Unani's Golden Knight Capsules,,GKC002A,GKC002A,,false,2023-11,2026-10,Nov-23,Oct-26,"M/s. Advanced Pakiza Unani LLP, MH/105594A",advanced pakiza unani llp,1. The sample gives identification for the presence of Sildenafil Citrate and Tadalafil. 2. Found Content of Sildenafil in the sample is 9.65mg/Cap 3. Found Content of Tadalafil in the sample is 12.77mg/Cap,"S.K, Jadhav, Pune-Zone 3 , FDA Lab, M.S. Chhatrapati Sambhajinagar . Maharashtra State",,B. NOT OF STANDARD QUALITY ALERT FOR THE MONTH OF MAY– 2025 (State Laboratories),,1.0
2025-05,state,nsq,false,data/raw/cdsco_alerts/state/2025-05_state_nsq.pdf,12,74,74,Golden Drive 250gm,,GDM002N,GDM002N,,false,2023-10,2026-09,Oct-23,Sep-26,"M/s. Advanced Pakiza Unani LLP, C.C Narpoli, bhiwandi Dist. Thane-302(MS)",advanced pakiza unani llp,1. The sample gives identification for the presence of Sildenafil Citrate 2. Found Content of Sildenafil in the sample is 8.49mg/10gm,"S.K, Jadhav, Pune-Zone 3 , FDA Lab, M.S. Chhatrapati Sambhajinagar . Maharashtra State",,B. NOT OF STANDARD QUALITY ALERT FOR THE MONTH OF MAY– 2025 (State Laboratories),,1.0
2025-05,state,nsq,false,data/raw/cdsco_alerts/state/2025-05_state_nsq.pdf,12,75,75,Azithromycin Tablets IP 500mg (Ronnin 500 Tablets),Ronnin 500,PPTC082,PPTC082,,false,2023-11,2026-10,Nov-23,Oct-26,"M/s.Pratima Pharmaceuticals, G.No. 56/3, Pratima Nagar, Pabal Road, Shikrapur, Pune-412208",pratima pharmaceuticals,1. The sample does gives identification for the presence of Azithromycin 2. Additional identification:- The sample gives identification for the presence of Paracetamol.3. Found Content of Paracetamol in the sample is 147.24mg/Tab,"S.K, Jadhav, Pune-Zone 3 , FDA Lab, M.S. Chhatrapati Sambhajinagar . Maharashtra State",,B. NOT OF STANDARD QUALITY ALERT FOR THE MONTH OF MAY– 2025 (State Laboratories),,1.0
2025-05,state,nsq,false,data/raw/cdsco_alerts/state/2025-05_state_nsq.pdf,12,76,76,Paracetamol Tablets I.P 500mg(Fevimed),Fevimed,451AA05,451AA05,,false,2023-12,2025-11,Dec-23,Nov-25,"M/s. Sarv Pharmaceuticals, Plot no. 28, Sector-3A, I.I.E, SIDCUL, Haridwar-249403",sarv pharmaceuticals,"The sample does not comply for Description as, the tablets shows uneven light Brown Coloured Spots on the Surface of almost all the Tablets.","N.S. Bhalerao, Hingoli , FDA Lab, M.S. Chhatrapati Sambhajinagar . Maharashtra State",,B. NOT OF STANDARD QUALITY ALERT FOR THE MONTH OF MAY– 2025 (State Laboratories),,1.0
2025-05,state,nsq,false,data/raw/cdsco_alerts/state/2025-05_state_nsq.pdf,13,77,77,Fluconazole 150mg Tablets IP (PRATIFLU 150 Tablets,,PPTS-2801,PPTS2801,,false,2024-08,2027-07,Aug-24,Jul-27,"M/s. Pratima Pharmaceuticals, G.No. 56/3, Pratima Nagar, Pabal Road, Shikrapur, Pune-412208",pratima pharmaceuticals,The content of Fluconazole in the sample is less (i.e 31.96% of the stated amount) (I.P. Limits:- Not less than 90% and not more than 110% of the stated Amount),"V.P. Khedkar, Pune-Zone 2",,B. NOT OF STANDARD QUALITY ALERT FOR THE MONTH OF MAY– 2025 (State Laboratories),,1.0
2025-05,state,nsq,false,data/raw/cdsco_alerts/state/2025-05_state_nsq.pdf,13,78,78,White Powder Paracetamol IP,,PAR040325,PAR040325,,false,2025-03,2030-02,Mar-25,Feb-30,M/s. Samarth Pharmaceuticals Office No. 201 GIDC Shopping Centre Morarji Circle GIDC Vapi-396195,samarth pharmaceuticals office no 201 gidc shopping centre morarji circle gidc vapi 396195,Identification Test Found To be Negative. Assay of Paracetamol IP-NIL,State Food & Drug Testing Laboratory Uttarakhand,,B. NOT OF STANDARD QUALITY ALERT FOR THE MONTH OF MAY– 2025 (State Laboratories),,1.0
2025-05,state,nsq,false,data/raw/cdsco_alerts/state/2025-05_state_nsq.pdf,13,79,79,White Powder Paracetamol IP,,PAR050325,PAR050325,,false,2025-03,2030-02,Mar-25,Feb-30,M/s. Samarth Pharmaceuticals Office No. 201 GIDC Shopping Centre Morarji Circle GIDC Vapi-396195,samarth pharmaceuticals office no 201 gidc shopping centre morarji circle gidc vapi 396195,Identification Test Found To be Negative. Assay of Paracetamol IP-NIL,State Food & Drug Testing Laboratory Uttarakhand,,B. NOT OF STANDARD QUALITY ALERT FOR THE MONTH OF MAY– 2025 (State Laboratories),,1.0
2025-05,state,nsq,false,data/raw/cdsco_alerts/state/2025-05_state_nsq.pdf,13,80,80,Dicyclomine HCL Powder,,DEH/24011R,DEH24011R,,false,2025-07,2029-06,Jul-25,Jun-29,"M/s. Palam Pharma Pvt. Ltd., 12/C, Phase-I, Nr. Old Nirma, GIDC Estate, Vatva Ahmedabad-382445 Gujrat",palam pharma pvt ltd,IdentificationTest-Found to be Negative. Assay of Paracetamol IP-Nil.,State Food & Drug Testing Laboratory Uttarakhand,,B. NOT OF STANDARD QUALITY ALERT FOR THE MONTH OF MAY– 2025 (State Laboratories),,1.0
2025-05,state,nsq,false,data/raw/cdsco_alerts/state/2025-05_state_nsq.pdf,13,81,81,Fluconazole IP Powder,,FLZ23-2411,FLZ232411,,false,2023-11,2028-10,Nov-23,Oct-28,"M/s.Mestra Pharma Pvt. Ltd., M/s. Jasvic Laboratories Kh no. 376, Vill. Latifpur Khubbanpur, Dehradun, Roorkee-",mestra pharma pvt ltd,Loss on drying: Does not comply with IP,State Food & Drug Testing Laboratory Uttarakhand,,B. NOT OF STANDARD QUALITY ALERT FOR THE MONTH OF MAY– 2025 (State Laboratories),,1.0
2025-05,state,nsq,false,data/raw/cdsco_alerts/state/2025-05_state_nsq.pdf,13,82,82,Sodium Valporate IP Powder,,SV/02/01/25,SV020125,,false,2025-01,2029-12,Jan-25,Dec-29,"M/s.Mirambika Pigment, Plot No. 155/1, Dhanot, Chhatra-Kadi road, Distt. Gandhinagar-382729 Gujrat",mirambika pigment,"Loss on drying: Does not comply with IP, Assay of Sodium Valporate IP: More than Prescribed Limit",State Food & Drug Testing Laboratory Uttarakhand,,B. NOT OF STANDARD QUALITY ALERT FOR THE MONTH OF MAY– 2025 (State Laboratories),,1.0
2025-05,state,nsq,false,data/raw/cdsco_alerts/state/2025-05_state_nsq.pdf,13,83,83,Compound Sodium Lactate Injection IP (Ringer-Lactate Solution for Injection),Ringer-Lactate Solution for,KI124110,KI124110,,false,2024-12,2027-11,Dec-24,Nov-27,"M/s.Ultra Laboratories Pvt. Ltd.,Plot NO.102-B &102-B (P-1), Pharmaceuticals SEZ, KIADB Industrial Estate, Hassan, Karnataka-573201",ultra laboratories pvt ltd,Test for Sterility,Karnataka,,B. NOT OF STANDARD QUALITY ALERT FOR THE MONTH OF MAY– 2025 (State Laboratories),,1.0
2025-05,state,nsq,false,data/raw/cdsco_alerts/state/2025-05_state_nsq.pdf,13,84,84,Compound Sodium Lactate Injection I.P (Ringer's Lactate Solution Injection I.P)RL,Ringer's Lactate Solution Injection I.P,13-4536,134536,,false,2024-11,2027-10,Nov-24,Oct-27,"M/s.Tam Bran Pharmaceuticals Pvt. Ltd.,PlotNo.212-216, Sector-1, Pithampue (Distt.Dhar) M.P",tam bran pharmaceuticals pvt ltd,Test for Sterility,Karnataka,,B. NOT OF STANDARD QUALITY ALERT FOR THE MONTH OF MAY– 2025 (State Laboratories),,1.0
2025-05,state,nsq,false,data/raw/cdsco_alerts/state/2025-05_state_nsq.pdf,14,85,85,Pomol-650 (Paracetamol Tablets I.P. 650mg),,24020111,24020111,,false,2024-02,2027-01,Feb-24,Jan-27,"Mls.Aban Pharmaceuticals,Plot No. 1018, Kerala, G.I.D.C., Bavla, Dist. Ahmedabad-382220",mls aban pharmaceuticals,Test for Dissolution of Tablets and content of Paracetamol in the Assay,Karnataka,,B. NOT OF STANDARD QUALITY ALERT FOR THE MONTH OF MAY– 2025 (State Laboratories),,1.0
2025-05,state,nsq,false,data/raw/cdsco_alerts/state/2025-05_state_nsq.pdf,14,86,86,"MITO Q7 Syrup (Co Enzyme Q10, L-Carnitine, Benfotiamine, Riboflavin, Pyridoxine HCL",,CHS-40170,CHS40170,,false,2024-09,2026-02,Sep-24,Feb-26,"M/s.Bion Therapeutics India Pvt.Ltd. ,N.H No 74,Roorkee,Dehradun Highway Kishanpur, Roorkee, Haridwar Uttarakhand(India),",bion therapeutics india pvt ltd,"Assay for Benfotiamine, Riboflavinand,AscorbicA cid",Karnataka,,B. NOT OF STANDARD QUALITY ALERT FOR THE MONTH OF MAY– 2025 (State Laboratories),,1.0
2025-05,state,nsq,false,data/raw/cdsco_alerts/state/2025-05_state_nsq.pdf,14,87,87,"Sterile Diluent For Reconstitution of ND, IB, IBD and Combination Vaccines for Poultry (Veterinary) Multi",Veterinary,GSCEV03,GSCEV03,,false,2023-11,2025-10,Nov-23,Oct-25,"M/s.Safe Parenterals Pvt.Ltd.,Gollapadu,Guntur District-522408 Andhra Pradesh",safe parenterals pvt ltd,Description & Particulate Matter,Karnataka,,B. NOT OF STANDARD QUALITY ALERT FOR THE MONTH OF MAY– 2025 (State Laboratories),,1.0
2025-05,state,nsq,false,data/raw/cdsco_alerts/state/2025-05_state_nsq.pdf,14,88,88,Spnflox-OZ Tablets (Ofloxacin &OrnidazoleTablets IP),Ofloxacin &OrnidazoleTablets IP,DT240523B,DT240523B,,false,2024-05,2026-04,May-2024,Apr-26,"M/s.Indo Rama Health Care Pvt.Ltd., 204-05,HSIIDC Manakpur ,Industrial Area, Jagadhri, Distt.Yamuna Nagar",indo rama health care pvt ltd,Description of Tablets,Karnataka,,B. NOT OF STANDARD QUALITY ALERT FOR THE MONTH OF MAY– 2025 (State Laboratories),,1.0
2025-05,state,nsq,false,data/raw/cdsco_alerts/state/2025-05_state_nsq.pdf,14,89,89,Pantoprazole Gastro-resistant & Domperidone Prolonged Release Capsuels IP (Pantocoat-DAR),Pantocoat-DAR,C112403,C112403,,false,2024-11,2026-10,Nov-24,Oct-26,"Mls.Swefn Pharmaceuticals Pvt.Ltd., 7, Sopan Kesar Industrial Hub, Vil. Moraiya,Tal.Sanand, Dist. Ahmedabad-",mls swefn pharmaceuticals pvt ltd,Description of Tablets,Karnataka,,B. NOT OF STANDARD QUALITY ALERT FOR THE MONTH OF MAY– 2025 (State Laboratories),,1.0
2025-05,state,nsq,false,data/raw/cdsco_alerts/state/2025-05_state_nsq.pdf,14,90,90,Sodium Chloride Injection IP 0.9% w/v (NS),,TL304F003,TL304F003,,false,2024-11,2027-10,Nov-24,Oct-27,"M/s. Puniska lnjectables Pvt.Ltd.,Plot No.1, Phase III, Honda Industrial Estate,Honda Sattari, Goa-403530,",puniska lnjectables pvt ltd,Test for Sterility,Karnataka,,B. NOT OF STANDARD QUALITY ALERT FOR THE MONTH OF MAY– 2025 (State Laboratories),,1.0
2025-05,state,nsq,false,data/raw/cdsco_alerts/state/2025-05_state_nsq.pdf,14,91,91,Sodium Chloride InjectionIP0.9% w/v (NS),,UA404B026,UA404B026,,false,2025-01,2027-12,Jan-25,Dec-27,"M/s. Puniska lnjectables Pvt.Ltd.,Plot No.1, Phase III, Honda Industrial Estate,Honda Sattari, Goa-403530,",puniska lnjectables pvt ltd,Test for Sterility,Karnataka,,B. NOT OF STANDARD QUALITY ALERT FOR THE MONTH OF MAY– 2025 (State Laboratories),,1.0
2025-05,state,nsq,false,data/raw/cdsco_alerts/state/2025-05_state_nsq.pdf,14,92,92,"Alpha Lipoic Acid, Folic Acid, Methylcobalamin, Vitamin B6 &Vitamin D3 Tablets)",,AT-052410,AT052410,,false,2024-05,2026-04,May-24,Apr-26,"M/s.East African (India) Overseas,1, Pharmacity,Selaqui, Dehradun- 24801l (U.k)",east african overseas,Test for Disintegration only,Karnataka,,B. NOT OF STANDARD QUALITY ALERT FOR THE MONTH OF MAY– 2025 (State Laboratories),,1.0
2025-05,state,nsq,false,data/raw/cdsco_alerts/state/2025-05_state_nsq.pdf,14,93,93,"Om Shanthi Gold Class KUMKUM,",,BL0l,BL0L,,false,2024-12,2025-11,Dec-24,Nov-25,"M/s.N. Rangarao & Sons Pvt.Ltd.,C9 & C10,Yadavagiri Industrial Area,Mysusru-570020",n rangarao sons pvt ltd,Test for Fineness residue only,Karnataka,,B. NOT OF STANDARD QUALITY ALERT FOR THE MONTH OF MAY– 2025 (State Laboratories),,1.0
2025-05,state,nsq,false,data/raw/cdsco_alerts/state/2025-05_state_nsq.pdf,15,94,94,Sulcralfate& Oxetacaine Suspension( Piracid-O Suspension),Piracid-O,R05GL2423A,R05GL2423A,,false,2024-05,2026-04,May-24,Apr-26,"M/s. Rednex Pharmaceuticals Pvt. Ltd.,Survey No.586 & 231, Nr.SKF Bearing, Bavla Bagodara, N.H.8A, Kerala Ta. .Bavla Ahmedabad.382220",rednex pharmaceuticals pvt ltd,Assay for Oxetacaine Only,Karnataka,,B. NOT OF STANDARD QUALITY ALERT FOR THE MONTH OF MAY– 2025 (State Laboratories),,1.0
2025-05,state,nsq,false,data/raw/cdsco_alerts/state/2025-05_state_nsq.pdf,15,95,95,"GlimepirideTablets IP 2mg (Glimiz-2),",Glimiz-2,T24039,T24039,,false,2024-04,2026-03,Apr-24,Mar-26,"M/s.Knm Pharma Pvt. Ltd.13,Mahagujrat Ind. Estate, Opp. Nova Petrochemicals Ltd, Moraiya,Ta.Sanand, Dist .Ahmedabad f3ujarat (India)",knm pharma pvt ltd 13,"Assay”and IP standards with respect“Test for Dissolution """,Karnataka,,B. NOT OF STANDARD QUALITY ALERT FOR THE MONTH OF MAY– 2025 (State Laboratories),,1.0
2025-05,state,nsq,false,data/raw/cdsco_alerts/state/2025-05_state_nsq.pdf,15,96,96,Iron Sucrose Injection USP l00mg (Irogain),Irogain,IISI406,IISI406,,false,2024-09,2026-07,Sep-24,Jul-26,"U/s. Regain Laboratories,134/5 H.T.M.Road., Raipur Lane Hisar-125001",u s regain laboratories,Test for Fineness residue only,Karnataka,,B. NOT OF STANDARD QUALITY ALERT FOR THE MONTH OF MAY– 2025 (State Laboratories),,1.0
2025-05,state,nsq,false,data/raw/cdsco_alerts/state/2025-05_state_nsq.pdf,15,97,97,Compound Sodium Lactate Injection I.P (Ringer Lactate Solution for injectionI.P) RL,Ringer Lactate Solution for injectionI.P,1247988,1247988,,false,2024-11,2027-10,Nov-24,Oct-27,"M/s.Otsuka Pharmaceuticals India Pvt, Ltd.,Village- Vasana-Chacharwadi,TAL-Sanand,Dist. Ahmedabad 382213, India",otsuka pharmaceuticals india pvt,Test for Sterility,Karnataka,,B. NOT OF STANDARD QUALITY ALERT FOR THE MONTH OF MAY– 2025 (State Laboratories),,1.0
2025-05,state,nsq,false,data/raw/cdsco_alerts/state/2025-05_state_nsq.pdf,15,98,98,KAAMRAJ (Suspected to contain Sildenafil and Tadalafil (Brahmanands),Brahmanands,BAC0003,BAC0003,,false,2023-01,2025-12,Jan-23,Dec-25,"M/s. Brahmanand Ayurveda (OPC) Pvt. Ltd, Punjab (INDIA)-144020",brahmanand ayurveda pvt ltd,1) Identification Test for Sildenafil found to be Negative. 2) Identification test for Tadalafil found to be Positive.,"State Drugs Laboratory, Punjab",,B. NOT OF STANDARD QUALITY ALERT FOR THE MONTH OF MAY– 2025 (State Laboratories),,1.0
2025-05,state,nsq,false,data/raw/cdsco_alerts/state/2025-05_state_nsq.pdf,15,99,99,Testosterone Propionate 100mg/ml (P-JECT),P-JECT,INLDAN1801,INLDAN1801,,false,2024-02,2028-01,Feb-24,Jan-28,"M/s. Novector Labs, Not Mentioned",novector labs,Manufacturing address is not mentioned on the label.,"State Drugs Laboratory, Punjab",,B. NOT OF STANDARD QUALITY ALERT FOR THE MONTH OF MAY– 2025 (State Laboratories),,1.0
2025-05,state,nsq,false,data/raw/cdsco_alerts/state/2025-05_state_nsq.pdf,15,100,100,Sup er Bulk-Mix Rx Only (Super Bulk-Mix Rx),Super Bulk-Mix Rx,CQ20215MIOS,CQ20215MIOS,,false,2024-02,2027-01,Feb-24,Jan-27,Not Mentioned,not mentioned,Manufacturing address is not mentioned on the label.,"State Drugs Laboratory, Punjab",,B. NOT OF STANDARD QUALITY ALERT FOR THE MONTH OF MAY– 2025 (State Laboratories),,1.0
2025-05,state,nsq,false,data/raw/cdsco_alerts/state/2025-05_state_nsq.pdf,15,101,101,Bold enone Undecylenate Injection 400mg/ml (VEBOLDEX 400),VEBOLDEX 400,TST2301,TST2301,,false,,2027-04,Not Mentioned,Apr-27,"M/s. Thaiger Pharma, Not Mentioned",thaiger pharma,1) Manufacturing Date is not mentioned on the label. 2) Manufacturing address is not mentioned on the label.,"State Drugs Laboratory, Punjab",,B. NOT OF STANDARD QUALITY ALERT FOR THE MONTH OF MAY– 2025 (State Laboratories),,0.7
2025-05,state,nsq,false,data/raw/cdsco_alerts/state/2025-05_state_nsq.pdf,16,102,102,Tren bolone Enanthate Injection 200mg/ml (FINAREX 200),FINAREX 200,TST2301,TST2301,,false,,2027-04,Not Mentioned,Apr-27,"M/s. Thaiger Pharma, Not Mentioned",thaiger pharma,1) Manufacturing Date is not mentioned on the label. 2) Manufacturing address is not mentioned on the label.,"State Drugs Laboratory, Punjab",,B. NOT OF STANDARD QUALITY ALERT FOR THE MONTH OF MAY– 2025 (State Laboratories),,0.7
2025-05,state,nsq,false,data/raw/cdsco_alerts/state/2025-05_state_nsq.pdf,16,103,103,Tren bolone Acetate Injection 100mg/ml... (FINEXAL 100),FINEXAL 100,TST2301,TST2301,,false,,2027-04,Not Mentioned,Apr-27,"M/s. Thaiger Pharma, Not Mentioned",thaiger pharma,1) Manufacturing Date is not mentioned on the label. 2) Manufacturing address is not mentioned on the label.,"State Drugs Laboratory, Punjab",,B. NOT OF STANDARD QUALITY ALERT FOR THE MONTH OF MAY– 2025 (State Laboratories),,0.7
2025-05,state,nsq,false,data/raw/cdsco_alerts/state/2025-05_state_nsq.pdf,16,104,104,Stan ozolol Injection 100mg/ml (VENAJECT),VENAJECT,TST2301,TST2301,,false,,2027-04,Not Mentioned,Apr-27,"M/s. Thaiger Pharma, Not Mentioned",thaiger pharma,1) Manufacturing Date is not mentioned on the label. 2) Manufacturing address is not mentioned on the label.,"State Drugs Laboratory, Punjab",,B. NOT OF STANDARD QUALITY ALERT FOR THE MONTH OF MAY– 2025 (State Laboratories),,0.7
2025-05,state,nsq,false,data/raw/cdsco_alerts/state/2025-05_state_nsq.pdf,16,105,105,Nan drolone Blend Injection 350mg/ml (DEXADUR),DEXADUR,TST2301,TST2301,,false,,2027-04,Not Mentioned,Apr-27,"M/s. Thaiger Pharma, Not Mentioned",thaiger pharma,1) Manufacturing Date is not mentioned on the label. 2) Manufacturing address is not mentioned on the label.,"State Drugs Laboratory, Punjab",,B. NOT OF STANDARD QUALITY ALERT FOR THE MONTH OF MAY– 2025 (State Laboratories),,0.7
2025-05,state,nsq,false,data/raw/cdsco_alerts/state/2025-05_state_nsq.pdf,16,106,106,Norf loxacin Tablets I.P. 400mg (Norfloxacin 400),Norfloxacin 400,R-240327,R240327,,false,2024-03,2026-02,Mar-24,Feb-26,"M/s. Remax Pharmaceuticals, Street No. 2, Paras Ramnagar, Bathinda",remax pharmaceuticals,Description,"State Drugs Laboratory, Punjab",,B. NOT OF STANDARD QUALITY ALERT FOR THE MONTH OF MAY– 2025 (State Laboratories),,1.0
2025-05,state,nsq,false,data/raw/cdsco_alerts/state/2025-05_state_nsq.pdf,16,107,107,Ran itidine Hydrochloride Tablets IP 150mg (Zeptiloc-150 tablets),Zeptiloc-150,ZCI24003,ZCI24003,,false,2024-04,2026-03,Apr-24,Mar-26,"M/s. Danish Healthcare (P) Ltd. 76/27-28, Industrial Estate, Maxi Road, Ujjain-456010 INDIA",danish healthcare ltd 76 27 28,Description,"State Drugs Laboratory, Punjab",,B. NOT OF STANDARD QUALITY ALERT FOR THE MONTH OF MAY– 2025 (State Laboratories),,1.0
2025-05,state,nsq,false,data/raw/cdsco_alerts/state/2025-05_state_nsq.pdf,16,108,108,Diclo fenac Sodium and Paracetamol Tablets…. (DICLOZEG-P),DICLOZEG-P,TSF-B5792,TSFB5792,,false,2023-10,2025-09,Oct-23,Sep-25,"M/s. Spen Formulations Pvt. Ltd., Plot No-123, Industrial Area, Mehatpur, Distt. UNA-174315 (H.P.)",spen formulations pvt ltd,The Product is official in I.P 2022 but the same is not mentioned anywhere on the label.,"State Drugs Laboratory, Punjab",,B. NOT OF STANDARD QUALITY ALERT FOR THE MONTH OF MAY– 2025 (State Laboratories),,1.0
2025-05,state,nsq,false,data/raw/cdsco_alerts/state/2025-05_state_nsq.pdf,16,109,109,Mefe namic Acid and Paracetamol Suspension (Sarmef-PDS),Sarmef-PDS,SBL-1021,SBL1021,,false,2024-10,2026-09,Oct-24,Sep-26,"M/s. Sarthak Biotech Pvt. Ltd., 198-A, Sector-3, HSIIDC, Karnal-132001 (Hr.)",sarthak biotech pvt ltd,Volume,"State Drugs Laboratory, Punjab",,B. NOT OF STANDARD QUALITY ALERT FOR THE MONTH OF MAY– 2025 (State Laboratories),,1.0
2025-05,state,nsq,false,data/raw/cdsco_alerts/state/2025-05_state_nsq.pdf,16,110,110,Ator vastatin Tablets IP 10mg (Atosar-10),Atosar-10,SBT-813,SBT813,,false,2024-03,2026-02,Mar-24,Feb-26,"M/s. Sarthak Biotech Pvt. Ltd., 198-A, Sector-3, HSIIDC, Karnal-132001 (Hr.)",sarthak biotech pvt ltd,Description,"State Drugs Laboratory, Punjab",,B. NOT OF STANDARD QUALITY ALERT FOR THE MONTH OF MAY– 2025 (State Laboratories),,1.0
2025-05,state,nsq,false,data/raw/cdsco_alerts/state/2025-05_state_nsq.pdf,16,111,111,Gab apentin Capsules IP 300mg. (GABATEC-300),GABATEC-300,SG2412559,SG2412559,,false,2024-12,2026-11,Dec-24,Nov-26,"M/s. Scout Lifescience Pvt. Ltd., Plot No. 353, Sector-2 Industrial Growth Centre, HSIIDC, Saha, Ambala, Haryana, India-133104",scout lifescience pvt ltd,Uniformity of Weight,"State Drugs Laboratory, Punjab",,B. NOT OF STANDARD QUALITY ALERT FOR THE MONTH OF MAY– 2025 (State Laboratories),,1.0
2025-05,state,nsq,false,data/raw/cdsco_alerts/state/2025-05_state_nsq.pdf,16,112,112,Ace clofenac Paracetamol & Serratiopeptidase Tablets. (Aceclofen-SP),Aceclofen-SP,PBT-2024101,PBT2024101,,false,2024-05,2026-04,May-24,Apr-26,"M/s. Presun Biotech, Kandwal Lodhwan Road, The. Nurpur., Kangra-176201 (HP)",presun biotech,The contents of Serratiopeptidase found to be 8.06mg per tablet (80.6%) against labeled claim of 10.0mg per tablet.,"State Drugs Laboratory, Punjab",,B. NOT OF STANDARD QUALITY ALERT FOR THE MONTH OF MAY– 2025 (State Laboratories),,1.0
2025-05,state,nsq,false,data/raw/cdsco_alerts/state/2025-05_state_nsq.pdf,17,113,113,Olan zapine Tablets I.P.5mg. (Olanzapine Tablets IP 5mg),,N2503121,N2503121,,false,2025-03,2028-02,Mar-25,Feb-28,"M/s. Talent Healthcare, 66-67, Sector-6A, SIDCUL, IIE Haridwar-249403 (Uttarakhand)",talent healthcare,Description,"State Drugs Laboratory, Punjab",,B. NOT OF STANDARD QUALITY ALERT FOR THE MONTH OF MAY– 2025 (State Laboratories),,1.0
2025-05,state,nsq,false,data/raw/cdsco_alerts/state/2025-05_state_nsq.pdf,17,114,114,Olan zapine Tablet I.P. (Etimok),Etimok,ATD-B24020,ATDB24020,,false,2024-02,2026-01,Feb-24,Jan-26,"M/s. Alzan Pharmaceuticals Pvt, Ltd., Nai Wala Road, Bnl-148101.",alzan pharmaceuticals pvt,Uniformity of content,"State Drugs Laboratory, Punjab",,B. NOT OF STANDARD QUALITY ALERT FOR THE MONTH OF MAY– 2025 (State Laboratories),,1.0
2025-05,state,nsq,false,data/raw/cdsco_alerts/state/2025-05_state_nsq.pdf,17,115,115,Pov idone Iodine Gargle 2% (ZEVODINE),ZEVODINE,623-864,623864,,false,2023-11,2025-10,Nov-23,Oct-25,"M/s Zee Laboratories Ltd., Behind 47, Industrial Area, Paonta Sahib-173025",zee laboratories ltd,Test For Assay (Content) of Povidone-Iodine Equivalent To Available-Iodine,Government of NCT of Delhi,,B. NOT OF STANDARD QUALITY ALERT FOR THE MONTH OF MAY– 2025 (State Laboratories),,1.0
2025-05,state,nsq,false,data/raw/cdsco_alerts/state/2025-05_state_nsq.pdf,17,116,116,Rab eprazole Sodium Enteric Coated & Domperidone Sustained Release Capsules (Kylid-RD),Kylid-RD,NHD24207C,NHD24207C,,false,2024-05,2026-04,May-24,Apr-26,"M/s. Nest Healthcare Pvt Ltd., Plot No. 300, G.I.D.C Odhav, Ahmedabad-382415(Gujarat)",nest healthcare pvt ltd,The sample does not conform to the claim with respect to Assay of Rabeprazole Sodium.,"DTL, Jaipur (State Lab)",,B. NOT OF STANDARD QUALITY ALERT FOR THE MONTH OF MAY– 2025 (State Laboratories),,1.0
2025-05,state,nsq,false,data/raw/cdsco_alerts/state/2025-05_state_nsq.pdf,17,117,117,Rab eprazole Sodium Gastro- resistant & Domperidone (SR) Capsules (Rebtil-DSR),Rebtil-DSR,LV23LC-017,LV23LC017,,false,2023-11,2025-10,Nov-23,Oct-25,"M/s L.V. Life Sciences, VPO Gurumajra, Baddi, Distt.Solan (HP) 174101.",l v life sciences,The sample does not conform to the claim with respect to Assay of Rabeprazole Sodium.,"DTL,Bikaner (State Lab)",,B. NOT OF STANDARD QUALITY ALERT FOR THE MONTH OF MAY– 2025 (State Laboratories),,1.0
2025-05,state,nsq,false,data/raw/cdsco_alerts/state/2025-05_state_nsq.pdf,17,118,118,Albe ndazole Oral Suspension IP (Vet.),Vet.,SLG24095,SLG24095,,false,2024-03,2026-02,Mar-24,Feb-26,"M/s Safecon Lifesciences Pvt. Ltd., B 36,E.P.I.P.Shastri Puram,UPSIDC,Sikandra-282007.",safecon lifesciences pvt ltd,The sample does not conform to the IP with respect to Assay of Albendazole.,"DTL,Jaipur (State Lab)",,B. NOT OF STANDARD QUALITY ALERT FOR THE MONTH OF MAY– 2025 (State Laboratories),,1.0
2025-05,state,nsq,false,data/raw/cdsco_alerts/state/2025-05_state_nsq.pdf,17,119,119,Para cetamol Tablets IP 650mg,,PCT24034,PCT24034,,false,2024-02,2026-01,Feb-24,Jan-26,"M/s Vivek Pharmachem (India) Ltd.,NH-8,Chimanpura,Amer,Jaipur-303102.",vivek pharmachem ltd,"The sample has been declared as not of Standard Quality as it does not conform to IP standards with respect to ""Test for Dissolution"" and Description.",Karnataka,,B. NOT OF STANDARD QUALITY ALERT FOR THE MONTH OF MAY– 2025 (State Laboratories),,1.0
2025-05,state,nsq,false,data/raw/cdsco_alerts/state/2025-05_state_nsq.pdf,17,120,120,Clop idogrel and Aspirin Tablets IP (AclizacAS 75),AclizacAS 75,2411039,2411039,,false,2024-11,2026-10,Nov-24,Oct-26,"M/s Sanctus Global Formulations Limited, Khasra No. 587/588,Village: Kunjhal, Backside Jharmajri Tehsil",sanctus global formulations limited,The sample does not conform to the IP with respect to Assay of Aspirin & Free Salicylic Acid,"DTL,Jaipur (State Lab)",,B. NOT OF STANDARD QUALITY ALERT FOR THE MONTH OF MAY– 2025 (State Laboratories),,1.0
2025-05,state,nsq,false,data/raw/cdsco_alerts/state/2025-05_state_nsq.pdf,17,121,121,Cefi xime &Ofloxacin Tablets (CEFXEN-O),CEFXEN-O,VT240794,VT240794,,false,2024-07,2026-06,Jul-24,Jun-26,"M/s VADSP Pharmaceuticals, Plot no.124,E.P.I.P. Ind.Area, Phase-1,Jharmajri,Baddi(H.P.)1741 03",vadsp pharmaceuticals,The sample does not conform to the claim with respect to assay of Cefixime.,"DTL,Jaipur (State Lab)",,B. NOT OF STANDARD QUALITY ALERT FOR THE MONTH OF MAY– 2025 (State Laboratories),,1.0
2025-05,state,nsq,false,data/raw/cdsco_alerts/state/2025-05_state_nsq.pdf,18,122,122,Isox suprine Hydrochloride (SR)Tablets(Siox-Sr),Siox-Sr,GT400966A,GT400966A,,false,2024-10,2026-09,Oct-24,Sep-26,"M/s Gnosis Pharmaceuticals Pvt.Ltd.Nahan Road,Village Moginand,Kala-Amb Distt.Sirmour,H.P.173030.",gnosis pharmaceuticals pvt ltd nahan road,The sample does not conform to the claim with respect to Assay of Isoxsuprine Hydrochloride.,"DTL,Jaipur(State Lab)",,B. NOT OF STANDARD QUALITY ALERT FOR THE MONTH OF MAY– 2025 (State Laboratories),,1.0
2025-05,state,nsq,false,data/raw/cdsco_alerts/state/2025-05_state_nsq.pdf,18,123,123,Sulp hamethoxazole &Trimethoprim Injection I.P.,,EL-240608,EL240608,,false,2024-06,2026-05,Jun-24,May-26,"M/s Ethicare Laboratories,15,Industrial Estate,Digiana,Jammu-180010.",ethicare laboratories,"The sample does not conform to the IP (Vet.) with respect to Particulate Matter, Description as it show physical in stability in the form of white crystalline particles and Assay of Trimethoprim.","DTL,Jaipur(State Lab)",,B. NOT OF STANDARD QUALITY ALERT FOR THE MONTH OF MAY– 2025 (State Laboratories),,1.0
2025-05,state,nsq,false,data/raw/cdsco_alerts/state/2025-05_state_nsq.pdf,18,124,124,Rab eprazole Sodium (Enteric Coated) & Domperidone (Sustained Releases) Capsules (Rzol-D),Rzol-D,SSC23187,SSC23187,,false,2024-01,2025-12,Jan-24,Dec-25,"M/s Shri Sai Bala Ji Pharmatech Pvt.Ltd.,20, Ext HPSIDC,Ind Area Baddi (H.P.)173205.",shri sai bala ji pharmatech pvt ltd,The sample does not conform to the claim with respect to Assay of Rabeprazole Sodium.,"DTL,Bikaner (State Lab)",,B. NOT OF STANDARD QUALITY ALERT FOR THE MONTH OF MAY– 2025 (State Laboratories),,1.0
2025-05,state,nsq,false,data/raw/cdsco_alerts/state/2025-05_state_nsq.pdf,18,125,125,Gab apentin & Nortriptyline Hydrochloride Tablets (GABVONT400),GABVONT400,HT24642,HT24642,,false,2024-12,2026-11,Dec-24,Nov-26,"M/s HBC Healthcare Pvt.Ltd.,Block/Survey No.609, Paiki 002, Ambasan (Amipura), Nr. Shankus Water Park, Ahmedabad-Mehsana Highway, Mehsana-384435, Gujarat,",hbc healthcare pvt ltd,The sample does not confirm to the claim with respect to Assay of Nortriptyline.,"DTL,Jaipur (State Lab)",,B. NOT OF STANDARD QUALITY ALERT FOR THE MONTH OF MAY– 2025 (State Laboratories),,1.0
2025-05,state,nsq,false,data/raw/cdsco_alerts/state/2025-05_state_nsq.pdf,18,126,126,Dox ycycline and Lactic Acid BacillusTablets(DOXYG LO-LB),DOXYG LO-LB,ATG4G566,ATG4G566,,false,2024-07,2026-06,Jul-24,Jun-26,"M/s Anrose Pharma, 147, Mauza Sansiwala, Post:Barotiwala,Tehsil-Baddi,Distt.Solan174103 (HP)",anrose pharma,The sample does not conform to the claim with respect to Assay of Doxycycline Hydrochloride IP,"DTL,Jaipur (State Lab)",,B. NOT OF STANDARD QUALITY ALERT FOR THE MONTH OF MAY– 2025 (State Laboratories),,1.0
2025-05,state,nsq,false,data/raw/cdsco_alerts/state/2025-05_state_nsq.pdf,18,127,127,Diclo fenac Sodium Tablets I.P.(Dicloax Plus),Dicloax Plus,CDTP-265,CDTP265,,false,2024-09,2026-08,Sep-24,Aug-26,"M/s Candor Biotech Ltd.,Village Alamgir ,Lalru-140501(Punjab)",candor biotech ltd,The sample does not conform to the IP with respect Assay of Diclofenac Sodium (NIL) and Found Aceclofenac (57.41 mg/Tab.),"DTL,Jaipur (State Lab)",,B. NOT OF STANDARD QUALITY ALERT FOR THE MONTH OF MAY– 2025 (State Laboratories),,1.0
2025-05,state,nsq,false,data/raw/cdsco_alerts/state/2025-05_state_nsq.pdf,18,128,128,Amo xycillin Capsules IP 500mg (Moxgo-500),Moxgo-500,MOXG-2404001,MOXG2404001,,true,2024-07,2026-06,Jul-24,Jun-26,"M/s RMIS Pharmaceuticals, Plot No.75, Navjeevan Dhamtari Road, Raipur ,Chhatisgarh-492002.",rmis pharmaceuticals,The sample does not conform to the IP as it does not contain Amoxycillin ( NIL).,"DTL, Jaipur (State Lab)",,B. NOT OF STANDARD QUALITY ALERT FOR THE MONTH OF MAY– 2025 (State Laboratories),,1.0
2025-06,state,nsq,false,data/raw/cdsco_alerts/state/2025-06_state_nsq.pdf,1,1,1,Lorazepam Tablets I.P (1 mg),,3305,3305,,false,2024-04,2028-03,Apr-24,Mar-28,"M/s. Reliance Formulation Pvt. Ltd., 7/2-A, G.I.D.C. Estate, Phase-1 Vatva, Ahemedabad-382445",reliance formulation pvt ltd,Assay for Lorazepam” and “Dissolution Test,Karnataka,,B. NOT OF STANDARD QUALITY ALERT FOR THE MONTH OF JUNE– 2025 (STATE LABORATORIES),,1.0
2025-06,state,nsq,false,data/raw/cdsco_alerts/state/2025-06_state_nsq.pdf,1,2,2,Telapp MT 25 (Telmisartan & Metoprolol Succinate (ER) Tablets),,T24H459A,T24H459A,,false,2024-08,2026-07,Aug-24,Jul-26,"M/s. Bajaj Formulation, Khasra No.161, Village-Lakeshwary Bhagwanpur, Roorkee Distt: Haridwar (UK)",bajaj formulation,Assay for Metoprolol Tartrate,Karnataka,,B. NOT OF STANDARD QUALITY ALERT FOR THE MONTH OF JUNE– 2025 (STATE LABORATORIES),,1.0
2025-06,state,nsq,false,data/raw/cdsco_alerts/state/2025-06_state_nsq.pdf,1,3,3,Pantrum-40 Tablets (Pantoprazole Gastro-Restant Tablets IP),Pantoprazole Gastro-Restant Tablets IP,HT24686,HT24686,,false,2024-08,2026-07,Aug-24,Jul-26,"M/s. Habitare Pharma pvt. Ltd., Plot No.43-44, Industrial Estate, HSIIDC, Alipur, Barwala, Distt. Panchkula (HR)-134118",habitare pharma pvt ltd,Dissolution” and “Description,Karnataka,,B. NOT OF STANDARD QUALITY ALERT FOR THE MONTH OF JUNE– 2025 (STATE LABORATORIES),,1.0
2025-06,state,nsq,false,data/raw/cdsco_alerts/state/2025-06_state_nsq.pdf,1,4,4,Frusemide Injection I.P. 2 ml (Rasix Injection),Rasix,IFMI415,IFMI415,,false,2024-09,2026-08,Sep-24,Aug-26,"M/s. Regain Laboratories, 134/5 H.T.M. Road., Raipur Lane Hisar-125001",regain laboratories,pH” and Sterility,Karnataka,,B. NOT OF STANDARD QUALITY ALERT FOR THE MONTH OF JUNE– 2025 (STATE LABORATORIES),,1.0
2025-06,state,nsq,false,data/raw/cdsco_alerts/state/2025-06_state_nsq.pdf,1,5,5,Methotrexate Injection IP 15 mg/ml (Folitrax-15),Folitrax-15,AI054J24,AI054J24,,false,2024-09,2026-08,Sep-24,Aug-26,"M/s. BDH Industrial Ltd., Nair Baug, Akurli Road, Kandivil (E) Mumbai-400101",bdh industrial ltd,Sterility,Karnataka,,B. NOT OF STANDARD QUALITY ALERT FOR THE MONTH OF JUNE– 2025 (STATE LABORATORIES),,1.0
2025-06,state,nsq,false,data/raw/cdsco_alerts/state/2025-06_state_nsq.pdf,1,6,6,Paracetamol Tablets I.P 500 mg,,2511723,2511723,,false,2023-02,2026-01,Feb-23,Jan-26,"M/s. Karnataka Antibiotics & Pharmaceuticals Ltd., Plot No.14, II Phase, Peenya Industrial Area, Bengaluru-560058",karnataka antibiotics pharmaceuticals ltd,Description,Karnataka,,B. NOT OF STANDARD QUALITY ALERT FOR THE MONTH OF JUNE– 2025 (STATE LABORATORIES),,1.0
2025-06,state,nsq,false,data/raw/cdsco_alerts/state/2025-06_state_nsq.pdf,1,7,7,"Iron Sucrose Injection USP (Irolink Injection),",Irolink,L0372321C,L0372321C,,false,2023-10,2025-09,Oct-23,Sep-25,"M/s. Protech Telelinks, Mauza Ogli, Suketi Road Kala Amb, Distt. Sirmour-173030 (H.P)",protech telelinks,Sterility,Karnataka,,B. NOT OF STANDARD QUALITY ALERT FOR THE MONTH OF JUNE– 2025 (STATE LABORATORIES),,1.0
2025-06,state,nsq,false,data/raw/cdsco_alerts/state/2025-06_state_nsq.pdf,1,8,8,Dexamethasone Sodium Phosphate Injection I.P (Dexasun-For IM & IV use only),Dexasun-For IM & IV use only,HLI380C,HLI380C,,false,2024-03,2026-02,Mar-24,Feb-26,"M/s. Himalaya Meditek (P) Ltd., Plot No. 35 & 36, Pharmacity, Selaqui Industrial Area, Dehradun-248197",himalaya meditek ltd,Sterility and Assay for Dexamethasone Phosphate,Karnataka,,B. NOT OF STANDARD QUALITY ALERT FOR THE MONTH OF JUNE– 2025 (STATE LABORATORIES),,1.0
2025-06,state,nsq,false,data/raw/cdsco_alerts/state/2025-06_state_nsq.pdf,1,9,9,Oxytetracycline Dihydrate Inj. I.P. (OXY-LA Injection Vet.),OXY-LA Injection Vet.,OTL-4449,OTL4449,,false,2024-11,2026-10,Nov-24,Oct-26,"M/s. Biograde Organics Pvt. Ltd., (AN ISo 9001:2015 & GMP Certified Company), Village Noorwala, Hosiery Complex, Ludhiana (Pb)-141007",biograde organics pvt ltd,Description,Karnataka,,B. NOT OF STANDARD QUALITY ALERT FOR THE MONTH OF JUNE– 2025 (STATE LABORATORIES),,1.0
2025-06,state,nsq,false,data/raw/cdsco_alerts/state/2025-06_state_nsq.pdf,2,10,10,Telmisartan and Hydrochlorothizide Tablets I.P (40mg/12.5mg),,TMHT-1037,TMHT1037,,false,2023-10,2026-09,Oct-23,Sep-26,"M/s. Wings Biotech LLP, 43 & 44, HP SIDC, Industrial Area, Baddi-173205 (H.P)",wings biotech llp,Uniformity of Weight,Karnataka,,B. NOT OF STANDARD QUALITY ALERT FOR THE MONTH OF JUNE– 2025 (STATE LABORATORIES),,1.0
2025-06,state,nsq,false,data/raw/cdsco_alerts/state/2025-06_state_nsq.pdf,2,11,11,Telmisartan & Amlodipine Tablets I.P. (Telmamet AM),Telmamet AM,KTT24936,KTT24936,,false,2024-10,2026-09,Oct-24,Sep-26,"M/s. Kantil Pharmaceuticals Pvt. Ltd., Vill, Sainimajra, tehsil Nalagarh, Distt Solan Himachal Pradesh-174101",kantil pharmaceuticals pvt ltd,Dissolution,Karnataka,,B. NOT OF STANDARD QUALITY ALERT FOR THE MONTH OF JUNE– 2025 (STATE LABORATORIES),,1.0
2025-06,state,nsq,false,data/raw/cdsco_alerts/state/2025-06_state_nsq.pdf,2,12,12,Lorazepam Tablets IP 2 mg (Proline-2),Proline-2,05P23T03,05P23T03,,false,2023-03,2027-02,Mar-23,Feb-27,"M/s. Shine Pharmaceuticals Limited., Plot No. 132, Karjan-Vemardi Road, Juni Jitherdi, Ta. Karjan-391240 Dist: Vadodara (Gujarat)",shine pharmaceuticals limited,Assay for Lorazepam,Karnataka,,B. NOT OF STANDARD QUALITY ALERT FOR THE MONTH OF JUNE– 2025 (STATE LABORATORIES),,1.0
2025-06,state,nsq,false,data/raw/cdsco_alerts/state/2025-06_state_nsq.pdf,2,13,13,"Salbrox-Xl Syrup (Ambroxol, Levosalbutamol, Guaiphenesin & Menthol Syrup)","Ambroxol, Levosalbutamol, Guaiphenesin & Menthol",BTB2404,BTB2404,,false,2024-10,2026-09,Oct-24,Sep-26,"M/s. MMC Healthcare Ltd., No.34-B, SIDCO Industrial Estate, Thirumazhisai, Chennai-600124,",mmc healthcare ltd,Description,Karnataka,,B. NOT OF STANDARD QUALITY ALERT FOR THE MONTH OF JUNE– 2025 (STATE LABORATORIES),,1.0
2025-06,state,nsq,false,data/raw/cdsco_alerts/state/2025-06_state_nsq.pdf,2,14,14,Dextrose Injection I.P 5% w/v (D5),,04BF0660,04BF0660,,false,2023-09,2026-08,Sep-23,Aug-26,"M/s. Paschim Banga Pharmaceuticals, (A Unit of Farista Vanijya Pvt. Ltd), NH-31, TIN MILE HAT, Sonapur HAT, PS. Chopra Dist. Uttar Dinajpur-733214 (W.B)",paschim banga pharmaceuticals,Sterility,Karnataka,,B. NOT OF STANDARD QUALITY ALERT FOR THE MONTH OF JUNE– 2025 (STATE LABORATORIES),,1.0
2025-06,state,nsq,false,data/raw/cdsco_alerts/state/2025-06_state_nsq.pdf,2,15,15,Sodium Chloride Injection I.P (0.9%w/v)NS,,01AF0301,01AF0301,,false,2023-12,2026-11,Dec-23,Nov-26,"M/s. Paschim Banga Pharmaceuticals, (A Unit of Farista Vanijya Pvt. Ltd), NH-31, TIN MILE HAT, Sonapur HAT, PS. Chopra Dist. Uttar Dinajpur-733214 (W.B)",paschim banga pharmaceuticals,Sterility,Karnataka,,B. NOT OF STANDARD QUALITY ALERT FOR THE MONTH OF JUNE– 2025 (STATE LABORATORIES),,1.0
2025-06,state,nsq,false,data/raw/cdsco_alerts/state/2025-06_state_nsq.pdf,2,16,16,"Lilion-MR Tablets (Aceclofenac, Paracetamol & Chlorzoxazone Tablets)","Aceclofenac, Paracetamol & Chlorzoxazone",CCT24984B,CCT24984B,,false,2024-07,2026-06,Jul-24,Jun-26,"M/s. Cent Cure Pvt. Ltd., (A WHO-GMP Certifid Company), Plot No.71, DIC, Industrial Area, Vill. Ladhimajra, Tehsil Baddi, Distt. Solan (H.P)-173205",cent cure pvt ltd,Assay for Aceclofenac and Chlorzoxazone,Karnataka,,B. NOT OF STANDARD QUALITY ALERT FOR THE MONTH OF JUNE– 2025 (STATE LABORATORIES),,1.0
2025-06,state,nsq,false,data/raw/cdsco_alerts/state/2025-06_state_nsq.pdf,2,17,17,Methotrexate Injection IP 15 mg/ml (Folitrax-15),Folitrax-15,AI071L24,AI071L24,,false,2024-11,2026-10,Nov-24,Oct-26,"M/s. BDH Industrial Ltd., Nair Baug, Akurli Road, Kandivil (E) Mumbai-400101",bdh industrial ltd,Sterility,Karnataka,,B. NOT OF STANDARD QUALITY ALERT FOR THE MONTH OF JUNE– 2025 (STATE LABORATORIES),,1.0
2025-06,state,nsq,false,data/raw/cdsco_alerts/state/2025-06_state_nsq.pdf,2,18,18,Atropine Sulphate Injection I.P (Curopine),Curopine,AS-1460,AS1460,,false,2025-01,2026-12,Jan-25,Dec-26,"M/s. Pharma Cure Laboratories, Garha, Jalandhar-144022,",pharma cure laboratories,Sterility,Karnataka,,B. NOT OF STANDARD QUALITY ALERT FOR THE MONTH OF JUNE– 2025 (STATE LABORATORIES),,1.0
2025-06,state,nsq,false,data/raw/cdsco_alerts/state/2025-06_state_nsq.pdf,2,19,19,Sodium Chloride Injection I.P (NS),,24EC721,24EC721,,false,2024-07,2026-06,Jul-24,Jun-26,"M/s. Pentagon Labs Ltd., 16C/16D, Industrial Area No.1, A.B. Road, Dewas-455001 (M.P)",pentagon labs ltd,Sterility,Karnataka,,B. NOT OF STANDARD QUALITY ALERT FOR THE MONTH OF JUNE– 2025 (STATE LABORATORIES),,1.0
2025-06,state,nsq,false,data/raw/cdsco_alerts/state/2025-06_state_nsq.pdf,2,20,20,Sodium Chloride Injection IP 0.9% w/v (NS),,TI204A002,TI204A002,,false,2024-09,2027-08,Sep-24,Aug-27,"M/s. Puniska Injectables Pvt. Ltd., Plot No.1, Phase III, Honda Industrial Estate, Honda Sattari, Goa-403530, India.,",puniska injectables pvt ltd,Sterility,Karnataka,,B. NOT OF STANDARD QUALITY ALERT FOR THE MONTH OF JUNE– 2025 (STATE LABORATORIES),,1.0
2025-06,state,nsq,false,data/raw/cdsco_alerts/state/2025-06_state_nsq.pdf,3,21,21,Sodium Chloride Injection IP 0.9% w/v (NS),,TI404B024,TI404B024,,false,2024-09,2027-08,Sep-24,Aug-27,"M/s. Puniska Injectables Pvt. Ltd., Plot No.1, Phase III, Honda Industrial Estate, Honda Sattari, Goa-403530, India",puniska injectables pvt ltd,Sterility,Karnataka,,B. NOT OF STANDARD QUALITY ALERT FOR THE MONTH OF JUNE– 2025 (STATE LABORATORIES),,1.0
2025-06,state,nsq,false,data/raw/cdsco_alerts/state/2025-06_state_nsq.pdf,3,22,22,Sodium Chloride Injection IP 0.9% w/v (NS),,UB404B021,UB404B021,,false,2025-02,2028-01,Feb-25,Jan-28,"M/s. Puniska Injectables Pvt. Ltd., Plot No.1, Phase III, Honda Industrial Estate, Honda Sattari, Goa-403530, India",puniska injectables pvt ltd,Sterility,Karnataka,,B. NOT OF STANDARD QUALITY ALERT FOR THE MONTH OF JUNE– 2025 (STATE LABORATORIES),,1.0
2025-06,state,nsq,false,data/raw/cdsco_alerts/state/2025-06_state_nsq.pdf,3,23,23,Pheniramine Maleate Injection IP (Care Vil),Care Vil,401,401,,false,2024-07,2026-06,Jul-24,Jun-26,"M/s. Carewin Pharmaceuticals (GUJ.) Pvt Ltd., 38, Saket Ind., 38, Saket Ind. Estate-II, N.H.No.8A, P.O. Moraiya, Ta. Sanand, Ahmedabad",carewin pharmaceuticals pvt ltd,Sterility,Karnataka,,B. NOT OF STANDARD QUALITY ALERT FOR THE MONTH OF JUNE– 2025 (STATE LABORATORIES),,1.0
2025-06,state,nsq,false,data/raw/cdsco_alerts/state/2025-06_state_nsq.pdf,3,24,24,Paracetamol Tablets IP 500mg,,PCTJ23058,PCTJ23058,,false,2023-11,2025-10,Nov-23,Oct-25,"M/s. Vivek Pharmachem (India) LTD, EPIP, Bari- Brahmana, Jammu-181133",vivek pharmachem ltd,Description,Karnataka,,B. NOT OF STANDARD QUALITY ALERT FOR THE MONTH OF JUNE– 2025 (STATE LABORATORIES),,1.0
2025-06,state,nsq,false,data/raw/cdsco_alerts/state/2025-06_state_nsq.pdf,3,25,25,Mupirocin Ointment IP (Mupifit),Mupifit,2410223B,2410223B,,false,2024-10,2026-09,Oct-24,Sep-26,"M/s. Biodeal Pharmaceuticals Limited, Vill. Sainimajra, Nalagarh- Ropar Road, Nalagarh-174101, Dist. Solan (H.P) India",biodeal pharmaceuticals limited,Identification,Karnataka,,B. NOT OF STANDARD QUALITY ALERT FOR THE MONTH OF JUNE– 2025 (STATE LABORATORIES),,1.0
2025-06,state,nsq,false,data/raw/cdsco_alerts/state/2025-06_state_nsq.pdf,3,26,26,"Dexamethasone Tablets I.P.0.5 mg,",,PP/190,PP190,,false,2024-06,2026-05,Jun-24,May-26,"M/s. Penta Pharmaceuticals, Plot No.16/2/3, Shakti Ind. Est. Rakholi, Silvassa-396230. India",penta pharmaceuticals,Assay of Dexamethasone,Karnataka,,B. NOT OF STANDARD QUALITY ALERT FOR THE MONTH OF JUNE– 2025 (STATE LABORATORIES),,1.0
2025-06,state,nsq,false,data/raw/cdsco_alerts/state/2025-06_state_nsq.pdf,3,27,27,Pantus-D (Pantoprazole & Domperidone Tablets),Pantoprazole & Domperidone,APT-23918,APT23918,,false,2024-03,2026-02,Mar-24,Feb-26,"M/s. ABOD Pharmaceuticals, Plot No.18-C, Khasra No.150-151, IP-4 Begumpur, Bahadrabad, Haridwar-249402",abod pharmaceuticals,Assay of Pantoprazole,Karnataka,,B. NOT OF STANDARD QUALITY ALERT FOR THE MONTH OF JUNE– 2025 (STATE LABORATORIES),,1.0
2025-06,state,nsq,false,data/raw/cdsco_alerts/state/2025-06_state_nsq.pdf,3,28,28,Ciprofloxacin Hydrochloride Tablets IP 250 mg.,,CPT24046,CPT24046,,false,2024-07,2026-06,Jul-24,Jun-26,"M/s. Vivek Pharmachem (India) Ltd., NH-8, Chimanpura, Amer, Jaipur-302028",vivek pharmachem ltd,Dissolution,Karnataka,,B. NOT OF STANDARD QUALITY ALERT FOR THE MONTH OF JUNE– 2025 (STATE LABORATORIES),,1.0
2025-06,state,nsq,false,data/raw/cdsco_alerts/state/2025-06_state_nsq.pdf,3,29,29,Sodium Chloride Injection IP 0.9% w/v (NS),,TL504E006,TL504E006,,false,2024-11,2027-10,Nov-24,Oct-27,"M/s. Puniska Injectables Pvt. Ltd., Plot No.1, Phase III, Honda Industrial Estate, Honda Sattari, Goa-403530, India.",puniska injectables pvt ltd,Sterility,Karnataka,,B. NOT OF STANDARD QUALITY ALERT FOR THE MONTH OF JUNE– 2025 (STATE LABORATORIES),,1.0
2025-06,state,nsq,false,data/raw/cdsco_alerts/state/2025-06_state_nsq.pdf,3,30,30,ByGo Solution (Povidone Iodine Solution IP),Povidone Iodine Solution IP,NM860,NM860,,false,2024-07,2026-06,Jul-24,Jun-26,"M/s. Neptune Life Science Pvt Ltd., 100-B, EPIP, Phase-II, Thana, Baddi-173205 (H.P) India",neptune life science pvt ltd,pH & Assay,Karnataka,,B. NOT OF STANDARD QUALITY ALERT FOR THE MONTH OF JUNE– 2025 (STATE LABORATORIES),,1.0
2025-06,state,nsq,false,data/raw/cdsco_alerts/state/2025-06_state_nsq.pdf,3,31,31,Epproz-50 (Eperisone HCI Tablets),Eperisone HCI,VEOT-2401,VEOT2401,,false,2024-03,2026-02,Mar-24,Feb-26,"M/s. Verax Life Science Pvt Ltd., Khasra No. 435, Village suraj Majra, N.H.21, Baddi, Tehsil Nalagarh, Dist Solan, H.P-173205. India",verax life science pvt ltd,Assay and Dissolution test for Eperisone HCl,Karnataka,,B. NOT OF STANDARD QUALITY ALERT FOR THE MONTH OF JUNE– 2025 (STATE LABORATORIES),,1.0
2025-06,state,nsq,false,data/raw/cdsco_alerts/state/2025-06_state_nsq.pdf,3,32,32,"Aciwave (Anesthetic, Antacid & Antiflatulent oral Suspension)","Anesthetic, Antacid & Antiflatulent oral",EL24165,EL24165,,false,2024-03,2026-02,Mar-24,Feb-26,"M/s. Edkem Pharmaceuticals Ltd, M 9-M12, Gallops Industrial Park-II, Chancharvadi- Vasna, bavla-Changodhar Highway, Ahmedabad-382210",edkem pharmaceuticals ltd,Assay for Oxethazaine,Karnataka,,B. NOT OF STANDARD QUALITY ALERT FOR THE MONTH OF JUNE– 2025 (STATE LABORATORIES),,1.0
2025-06,state,nsq,false,data/raw/cdsco_alerts/state/2025-06_state_nsq.pdf,4,33,33,Sodium Chloride Injection IP 0.9% w/v (NS),,UA404B021,UA404B021,,false,2025-01,2027-12,Jan-25,Dec-27,"M/s. Puniska Injectables Pvt. Ltd., Plot No.1, Phase III, Honda Industrial Estate, Honda Sattari, Goa-403530, India",puniska injectables pvt ltd,Sterility,Karnataka,,B. NOT OF STANDARD QUALITY ALERT FOR THE MONTH OF JUNE– 2025 (STATE LABORATORIES),,1.0
2025-06,state,nsq,false,data/raw/cdsco_alerts/state/2025-06_state_nsq.pdf,4,34,34,Calcium and Vitamin D3 Tablets IP (GENIBONE-500),GENIBONE-500,HCL5011,HCL5011,,false,2025-01,2026-12,Jan-25,Dec-26,"M/s. Hanuchem Laboratories, Plot No.15-16-17, Sector-5, Indl. Area, Parwanoo, Dist. Solan (H.P)- 173220",hanuchem laboratories,Description,Karnataka,,B. NOT OF STANDARD QUALITY ALERT FOR THE MONTH OF JUNE– 2025 (STATE LABORATORIES),,1.0
2025-06,state,nsq,false,data/raw/cdsco_alerts/state/2025-06_state_nsq.pdf,4,35,35,Diphenhydramine Hydrochloride Capsules IP 25 mg,,C 364,C364,,false,2024-02,2026-01,Feb-24,Jan-26,"M/s. Bittu Pharmaceuticals (II), Plot No.48, Vasai, Municipal Ind Area, Umela Phata, Dhovali Village, Papdi, Vasai (W), Dist, Palghar-401207 (M.S)",bittu pharmaceuticals,Dissolution,Karnataka,,B. NOT OF STANDARD QUALITY ALERT FOR THE MONTH OF JUNE– 2025 (STATE LABORATORIES),,1.0
2025-06,state,nsq,false,data/raw/cdsco_alerts/state/2025-06_state_nsq.pdf,4,36,36,"Coxmyth-60 Tablets, (Etoricoxib Tablets IP 60mg)",,ZRST-1325,ZRST1325,,false,2024-07,2026-06,Jul-24,Jun-26,"M/s. ZRS Pharmaceuticals India Pvt. Ltd, Khasra No 481,490/3, 562/489/1, Opposite Sector-6, Tehsil Kasauli, Parwanoo, Solan, Himachal Pradesh",zrs pharmaceuticals india pvt ltd,Assay for Etoricoxib,Karnataka,,B. NOT OF STANDARD QUALITY ALERT FOR THE MONTH OF JUNE– 2025 (STATE LABORATORIES),,1.0
2025-06,state,nsq,false,data/raw/cdsco_alerts/state/2025-06_state_nsq.pdf,4,37,37,"Coxmyth-90 Tablets, (Etoricoxib Tablets IP 90mg)",,DEMT-242366B,DEMT242366B,,true,2024-11,2026-10,Nov-24,Oct-26,"M/s. Dr. Edwin Medilabs Pvt Ltd., Plot No.B-29, Industrial Area, Focal Point, chanalon, Kurali, SAS nagar PB",dr edwin medilabs pvt ltd,Uniformity of Weight and Dissolution Test for Etoricoxib,Karnataka,,B. NOT OF STANDARD QUALITY ALERT FOR THE MONTH OF JUNE– 2025 (STATE LABORATORIES),,1.0
2025-06,state,nsq,false,data/raw/cdsco_alerts/state/2025-06_state_nsq.pdf,4,38,38,Enrofloxacin Tablets (Enrogen-500),Enrogen-500,TEG24004,TEG24004,,false,2024-12,2026-11,Dec-24,Nov-26,"M/s. Indian Genomix Pvt. Ltd., Plot No. 135/1 & 135/2, Phase-II, I.D.A, Cherlapally, Hyderabad-500051, T.S",indian genomix pvt ltd,Description,Karnataka,,B. NOT OF STANDARD QUALITY ALERT FOR THE MONTH OF JUNE– 2025 (STATE LABORATORIES),,1.0
2025-06,state,nsq,false,data/raw/cdsco_alerts/state/2025-06_state_nsq.pdf,4,39,39,Ciprox-TZ Suspension - Vet (Ciprofloxacin and Tinidazole Oral Suspension),Ciprofloxacin and Tinidazole Oral,CTL184,CTL184,,false,2024-10,2026-09,Oct-24,Sep-26,"M/s. Mahendra Labs Pvt. Ltd.,371 & 372, 4th Phase , Peenya Industrial Area, Bengaluru-560058",mahendra labs pvt ltd,Assay for Tinidazole,Karnataka,,B. NOT OF STANDARD QUALITY ALERT FOR THE MONTH OF JUNE– 2025 (STATE LABORATORIES),,1.0
2025-06,state,nsq,false,data/raw/cdsco_alerts/state/2025-06_state_nsq.pdf,4,40,40,Graficlav 625 Tablets (Amoxycillin & Potassium Clavulanate Tablets IP),Amoxycillin & Potassium Clavulanate Tablets IP,TB24-0753A,TB240753A,,false,2024-11,2026-04,Nov-24,Apr-26,"M/s. Athens Life Sciences, Mauza Rampur, Jattan, Nahan Road, Kala Amb, Distt. Sirmour, H.P-173030",athens life sciences,Uniformity of Weight of Tablets,Karnataka,,B. NOT OF STANDARD QUALITY ALERT FOR THE MONTH OF JUNE– 2025 (STATE LABORATORIES),,1.0
2025-06,state,nsq,false,data/raw/cdsco_alerts/state/2025-06_state_nsq.pdf,4,41,41,Ibuprofen Tablets IP 400 mg,,310524-BKN13,310524BKN13,,false,2024-05,2026-04,May-24,Apr/2026,"M/s. Biogenetic Drugs Pvt. Ltd.,Vill. Jharmazri, Baddi-174103, Dist. Solan, H.P.,",biogenetic drugs pvt ltd,Dissolution of Ibuprofen,Karnataka,,B. NOT OF STANDARD QUALITY ALERT FOR THE MONTH OF JUNE– 2025 (STATE LABORATORIES),,1.0
2025-06,state,nsq,false,data/raw/cdsco_alerts/state/2025-06_state_nsq.pdf,4,42,42,Ibuprofen Tablets IP 400 mg,,270524-BKN13,270524BKN13,,false,2024-05,2026-04,May-24,Apr-26,"M/s. Biogenetic Drugs Pvt. Ltd.,Vill. Jharmazri, Baddi-174103, Dist. Solan, H.P.",biogenetic drugs pvt ltd,Dissolution of Ibuprofen,Karnataka,,B. NOT OF STANDARD QUALITY ALERT FOR THE MONTH OF JUNE– 2025 (STATE LABORATORIES),,1.0
2025-06,state,nsq,false,data/raw/cdsco_alerts/state/2025-06_state_nsq.pdf,4,43,43,CIPLOXVET BOLUS (Cephalexin Bolus 1500 mg),,CPT-24007,CPT24007,,false,2024-11,2027-10,NOV/2024,O c t - 2 7,"M/s. Vet-needa Labs, #4, Karihobanahalli Village, Adjacent to Maruti Indl. Town, Peenya 3rd Stage, 4th Block,Bengaluru-560058",vet needa labs,Disintegration,Karnataka,,B. NOT OF STANDARD QUALITY ALERT FOR THE MONTH OF JUNE– 2025 (STATE LABORATORIES),,1.0
2025-06,state,nsq,false,data/raw/cdsco_alerts/state/2025-06_state_nsq.pdf,5,44,44,Albendazole Tablets IP 400 mg,,ZL70,ZL70,,false,2023-10,2026-09,Oct-23,Sep-26,"M/s. Mahendra Labs Pvt. Ltd., 371 & 372, 4th Phase , Peenya Industrial Area, Bengaluru-560058",mahendra labs pvt ltd,Dissolution,Karnataka,,B. NOT OF STANDARD QUALITY ALERT FOR THE MONTH OF JUNE– 2025 (STATE LABORATORIES),,1.0
2025-06,state,nsq,false,data/raw/cdsco_alerts/state/2025-06_state_nsq.pdf,5,45,45,OFLOVEE OZ (Ofloxacin and Ornidazole Tablets IP),Ofloxacin and Ornidazole Tablets IP,CT24100,CT24100,,false,2024-06,2027-05,Jun-24,05/2027,"M/s. Century Nova Drugs Pvt. Ltd., 85-86, Phase-II, A.K.V.N Industrial Area, Umaria-Dungaria-482003",century nova drugs pvt ltd,Description & Assay for Ofloxacin,Karnataka,,B. NOT OF STANDARD QUALITY ALERT FOR THE MONTH OF JUNE– 2025 (STATE LABORATORIES),,1.0
2025-06,state,nsq,false,data/raw/cdsco_alerts/state/2025-06_state_nsq.pdf,5,46,46,Nexikam-Plus Tablets (Escitalopram Oxalate & Clonazepam Tablets IP),Escitalopram Oxalate & Clonazepam Tablets IP,GENT9932,GENT9932,,false,2024-12,2026-11,Dec-24,Nov-26,"M/s. Gentech Healthcare Pvt. Ltd., 1470, HSIIDC Rai-131029, (India)",gentech healthcare pvt ltd,Uniformity of Content for both Escitalopram Oxalate & Clonazepam,Karnataka,,B. NOT OF STANDARD QUALITY ALERT FOR THE MONTH OF JUNE– 2025 (STATE LABORATORIES),,1.0
2025-06,state,nsq,false,data/raw/cdsco_alerts/state/2025-06_state_nsq.pdf,5,47,47,Telmisartan and Hydrochlorothiazide Tablets I.P (40mg/12.5 mg),,TMHT-1012,TMHT1012,,false,2023-09,2026-08,Sep-23,Aug-26,"M/s. Wings Biotech LLP, 43 & 44, HP SIDC, Industrial Area, Baddi-173205 (H.P)",wings biotech llp,Uniformity of weight,Karnataka,,B. NOT OF STANDARD QUALITY ALERT FOR THE MONTH OF JUNE– 2025 (STATE LABORATORIES),,1.0
2025-06,state,nsq,false,data/raw/cdsco_alerts/state/2025-06_state_nsq.pdf,5,48,48,Cyanocobalamin I.P.- Cynoder Injection I.P. (VITAMIN B12 INJ),VITAMIN B12,AM-362,AM362,,false,2024-10,2026-09,Oct-24,Sep-26,"M/s. SVP Life Sciences, C/10-1, Sara Industrial Estate Selaqui, Dehradun, Uttarakhand",svp life sciences,Sterility” and “Assay for Anhydrous Cyanocobalamin,Karnataka,,B. NOT OF STANDARD QUALITY ALERT FOR THE MONTH OF JUNE– 2025 (STATE LABORATORIES),,1.0
2025-06,state,nsq,false,data/raw/cdsco_alerts/state/2025-06_state_nsq.pdf,5,49,49,Sodium Chloride Injection IP 0.9% w/v (NS),,TL104A060,TL104A060,,false,2024-11,2027-10,Nov/2024,O c t - 2 7,"M/s. Puniska Injectables Pvt. Ltd., Plot No.1, Phase III, Honda Industrial Estate, Honda Sattari, Goa-403530, India",puniska injectables pvt ltd,Sterility,Karnataka,,B. NOT OF STANDARD QUALITY ALERT FOR THE MONTH OF JUNE– 2025 (STATE LABORATORIES),,1.0
2025-06,state,nsq,false,data/raw/cdsco_alerts/state/2025-06_state_nsq.pdf,5,50,50,Telmisartan and Hydrochlorothiazide Tablets I.P. (40mg/12.5mg),,TMHT1046,TMHT1046,,false,2023-10,2026-09,Oct/2023,S e p-26,"M/s. Wings Biotech LLP, 43 & 44, HP SIDC, Industrial Area, Baddi-173205 (H.P)",wings biotech llp,Uniformity of Weight,Karnataka,,B. NOT OF STANDARD QUALITY ALERT FOR THE MONTH OF JUNE– 2025 (STATE LABORATORIES),,1.0
2025-06,state,nsq,false,data/raw/cdsco_alerts/state/2025-06_state_nsq.pdf,5,51,51,Rodal 650 (Paracetamol IP 650 mg Tablets),,ARDL-6-2403,ARDL62403,,false,2024-09,2027-08,Sep-24,Aug-27,"M/s. Konis Pharmaceuticals Pvt. Ltd., Jagriti Sadan, Subathu Road, Solan-173212 (H.P)",konis pharmaceuticals pvt ltd,"Dissolution of Tablets, Uniformity of weight and content of Paracetamol in the Assay",Karnataka,,B. NOT OF STANDARD QUALITY ALERT FOR THE MONTH OF JUNE– 2025 (STATE LABORATORIES),,1.0
2025-06,state,nsq,false,data/raw/cdsco_alerts/state/2025-06_state_nsq.pdf,5,52,52,Ofloxacin and Dexamethasone Ophthalmic Solution,,VE4111,VE4111,,false,2024-11,2026-10,Nov-24,Oct-26,"M/s. Alpa Laboratories Ltd., 33/2, A.B. Road, Pigdamber-453446 , Indore (M.P)",alpa laboratories ltd,Sterility,Karnataka,,B. NOT OF STANDARD QUALITY ALERT FOR THE MONTH OF JUNE– 2025 (STATE LABORATORIES),,1.0
2025-06,state,nsq,false,data/raw/cdsco_alerts/state/2025-06_state_nsq.pdf,5,53,53,Pantoprazole Sodium for Injection (Petalife-40),Petalife-40,ABGJ24032TH,ABGJ24032TH,,false,2024-10,2026-09,Oct-24,Sep-26,"M/s. Associated Biopharma Pvt. Ltd., Khasra No 121 Min,122 Min, Sidco Indusrial Complex, Pandrar Ghatti, Nanan Kathua, J & K-184143",associated biopharma pvt ltd,Sterility,Karnataka,,B. NOT OF STANDARD QUALITY ALERT FOR THE MONTH OF JUNE– 2025 (STATE LABORATORIES),,1.0
2025-06,state,nsq,false,data/raw/cdsco_alerts/state/2025-06_state_nsq.pdf,5,54,54,Frusemide Injection IP-2ml,,24BTH96,24BTH96,,false,2024-08,2026-07,Aug-24,Jul-26,"M/s.SVP Life Sciences, C/10-1, Sara Industrial Estate, Selequi, Dehradun.",svp life sciences,Assay for frusemide,"King Institute of Preventive Medicine & Research, Guindy, Chennai-32",,B. NOT OF STANDARD QUALITY ALERT FOR THE MONTH OF JUNE– 2025 (STATE LABORATORIES),,1.0
2025-06,state,nsq,false,data/raw/cdsco_alerts/state/2025-06_state_nsq.pdf,5,55,55,Labetalol Tablets IP 100mg,,LA1TE012,LA1TE012,,false,2024-08,2026-07,Aug-24,Jul-26,"M/s.Unicure India Ltd, Plot No.46(B)/49B, Vill, Raipur, Bhawanpur, Roorkee, Distt, Haridwar, Uttarakhand",unicure india ltd,Dissolution of Labetalol Hydrochloride Tablets,"Drugs Testing Laboratory, Chennai-06",,B. NOT OF STANDARD QUALITY ALERT FOR THE MONTH OF JUNE– 2025 (STATE LABORATORIES),,1.0
2025-06,state,nsq,false,data/raw/cdsco_alerts/state/2025-06_state_nsq.pdf,6,56,56,Macro Ampicloxa (Ampicillin & Cloxacillin Capsules),Ampicillin & Cloxacillin,C-20404,C20404,,false,2024-02,2026-01,Feb-24,Jan-26,"M/s.Jackson Laboratories Pvt.Ltd, Plot No,56&61, Industrial Area, Phase-III, Sansarpur, Terrace (H.P)",jackson laboratories pvt ltd,Content of Ampicillin in Ampicillin Trihydrate and Cloxacillin in Cloxacillin Sodium,"Drugs Testing Laboratory, Madurai-19",,B. NOT OF STANDARD QUALITY ALERT FOR THE MONTH OF JUNE– 2025 (STATE LABORATORIES),,1.0
2025-06,state,nsq,false,data/raw/cdsco_alerts/state/2025-06_state_nsq.pdf,6,57,57,Co-Trimoxazole Tablets IP 480mg,,MT403,MT403,,false,2024-01,2026-12,Jan-24,Dec-26,"M/s.Maxwell Life Science Pvt. Ltd, T-53 & T-81, M.I.D.C, Tarapur, Boisar, Dist.Palghar, 401506",maxwell life science pvt ltd,Dissolution for Sulphamethoxazole,"Drugs Testing Laboratory, Chennai-06",,B. NOT OF STANDARD QUALITY ALERT FOR THE MONTH OF JUNE– 2025 (STATE LABORATORIES),,1.0
2025-06,state,nsq,false,data/raw/cdsco_alerts/state/2025-06_state_nsq.pdf,6,58,58,"DKOF-LA Syrup (Ambroxol Hydrochlorie, Levocetirizine Hydrochloride, Guiaphenesin & Menthol Syrup)",,L1774009,L1774009,,false,2024-09,2026-08,Sep-24,Aug-26,"M/s.Innova Cap Tab Ltd, 1281/1, Hiltop Industrial Estate, Near EPIP, Phase-1, Jharmajri, Baddi, District Solan (H.P), India",innova cap tab ltd,Content of Ambroxol Hydrochloride,"Drugs Testing Laboratory, Chennai-06",,B. NOT OF STANDARD QUALITY ALERT FOR THE MONTH OF JUNE– 2025 (STATE LABORATORIES),,1.0
2025-06,state,nsq,false,data/raw/cdsco_alerts/state/2025-06_state_nsq.pdf,6,59,59,Pulmonex-AS (Ambroxol Salbutamol Guaiphenesin Syrup),Ambroxol Salbutamol Guaiphenesin,HTD-24109,HTD24109,,false,2024-08,2026-07,Aug-24,Jul-26,N/A,n a,Content of Salbutamol in Salbutamol Sulphate and Ambroxol Hydrochloride. Note: Manufacturer's Name is not stated on the label.,"Drugs Testing Laboratory, Chennai-06",,B. NOT OF STANDARD QUALITY ALERT FOR THE MONTH OF JUNE– 2025 (STATE LABORATORIES),,1.0
2025-06,state,nsq,false,data/raw/cdsco_alerts/state/2025-06_state_nsq.pdf,6,60,60,Azithromycin Suspension IP,,BGL24257,BGL24257,,false,2024-10,2026-09,Oct-24,Sep-26,"M/s.Bestcare Formulations Pvt Ltd, Plot No.B-15 & 16, PIPDIC Electronic Park, Thirubhuvanai, Puducherry-605107",bestcare formulations pvt ltd,pH and the content of Azithromycin.,"Drugs Testing Laboratory, Madurai-19",,B. NOT OF STANDARD QUALITY ALERT FOR THE MONTH OF JUNE– 2025 (STATE LABORATORIES),,1.0
2025-06,state,nsq,false,data/raw/cdsco_alerts/state/2025-06_state_nsq.pdf,6,61,61,Lecetwin (Levocetirizine Hydrochloride Syrup),Levocetirizine Hydrochloride,LWLS-2022,LWLS2022,,false,2024-09,2026-08,Sep-24,Aug-26,"M/s.Wings Novitas Healthcare LLP, 43 & 44, HPSIDC, Industrial Area, Baddi-173205 (H.P)",wings novitas healthcare llp,Content of Levocetirizine Hydrochloride,"Drugs Testing Laboratory, Chennai-06",,B. NOT OF STANDARD QUALITY ALERT FOR THE MONTH OF JUNE– 2025 (STATE LABORATORIES),,1.0
2025-06,state,nsq,false,data/raw/cdsco_alerts/state/2025-06_state_nsq.pdf,6,62,62,Betamethasone Valerate Ointment IP 0.1% w/w,,B82,B82,,false,2024-08,2026-07,Aug-24,Jul-26,"M/s.Syndicate Pharma, 185/B, 185/B-1, 187/A & 188 Sector - F, Sanwer Road, Indore-452015",syndicate pharma,Content of Betamethasone in Betamethasone Valerate,"Drugs Testing Laboratory, Chennai-06",,B. NOT OF STANDARD QUALITY ALERT FOR THE MONTH OF JUNE– 2025 (STATE LABORATORIES),,1.0
2025-06,state,nsq,false,data/raw/cdsco_alerts/state/2025-06_state_nsq.pdf,6,63,63,Sepsadone 5% Ointment (Povidone-Iodine Ointment USP 5.0%w/w),,DP-4259,DP4259,,false,2024-08,2026-07,Aug-24,Jul-26,"M/s.Daffohils Laboratories Pvt Ltd, F-109-110, UPSIDC Industrial Area, Selaqui, Dehradun (U.K). 248011, (India).",daffohils laboratories pvt ltd,Content of Available Iodine in Povidone-Iodine,"Drugs Testing Laboratory, Chennai-06",,B. NOT OF STANDARD QUALITY ALERT FOR THE MONTH OF JUNE– 2025 (STATE LABORATORIES),,1.0
2025-06,state,nsq,false,data/raw/cdsco_alerts/state/2025-06_state_nsq.pdf,6,64,64,Dicyclomine Tablets IP,,THY24010AL,THY24010AL,,false,2024-08,2026-07,Aug-24,Jul-26,"M/s.Hindustan Laboratories Limited, Plot No. 5-9, Survey No.38/2, Aliyali, Palghar (W), Dist. Palghat 401404 (M.S)",hindustan laboratories limited,Description.,"Drugs Testing Laboratory, Madurai-19",,B. NOT OF STANDARD QUALITY ALERT FOR THE MONTH OF JUNE– 2025 (STATE LABORATORIES),,1.0
2025-06,state,nsq,false,data/raw/cdsco_alerts/state/2025-06_state_nsq.pdf,6,65,65,Calamine Lotion IP,,2451,2451,,false,2024-07,2026-06,Jul-24,Jun-26,"M/s.Oscar Remedies Pvt Ltd, Oscar House, Badi Majra, Yamuna Nagar-135001 (HR)",oscar remedies pvt ltd,Content of zinc oxide,"Drugs Testing Laboratory, Chennai-06",,B. NOT OF STANDARD QUALITY ALERT FOR THE MONTH OF JUNE– 2025 (STATE LABORATORIES),,1.0
2025-06,state,nsq,false,data/raw/cdsco_alerts/state/2025-06_state_nsq.pdf,6,66,66,Vitamin B Complex with vitamin C (softgels),softgels,G03724,G03724,,false,2024-04,2026-03,Apr-24,Mar-26,"M/s.Asoj Soft Caps Pvt Ltd, Asoj. Baroda-Halol Highway, Dist. Baroda-391510.Gujarat.",asoj soft caps pvt ltd,Content of all soft gelatine capsule have leaked and adhere to the strips making it impossible to take average net content,"Drugs Testing Laboratory, Madurai-19",,B. NOT OF STANDARD QUALITY ALERT FOR THE MONTH OF JUNE– 2025 (STATE LABORATORIES),,1.0
2025-06,state,nsq,false,data/raw/cdsco_alerts/state/2025-06_state_nsq.pdf,7,67,67,Aceclofenac Tablets IP 100mg,,AF24009,AF24009,,false,2024-09,2026-08,Sep-24,Aug-26,"M/s.Eurokem Laboratories Pvt ltd, C-25, SIDCO Pharmaceutical Complex, Alathur, Thiruporur, 603110.",eurokem laboratories pvt ltd,Content of Aceclofenac,"Drugs Testing Laboratory, Madurai-19",,B. NOT OF STANDARD QUALITY ALERT FOR THE MONTH OF JUNE– 2025 (STATE LABORATORIES),,1.0
2025-06,state,nsq,false,data/raw/cdsco_alerts/state/2025-06_state_nsq.pdf,7,68,68,Clonit-S (Clobetasol Propionate and Salicylic Acid Ointment),Clobetasol Propionate and Salicylic Acid Ointment,CS48,CS48,,false,2024-11,2027-10,11/2024,10/2027,"M/s.Karlin Pharmaceuticals & Exports Private Limited, No.2/140, Indira Nagar, Valasaravakkam, Chennai-600087",karlin pharmaceuticals exports private limited,Content of Clobetasol Propionate and Salicylic Acid,"Drugs Testing Laboratory, Madurai-19",,B. NOT OF STANDARD QUALITY ALERT FOR THE MONTH OF JUNE– 2025 (STATE LABORATORIES),,1.0
2025-06,state,nsq,false,data/raw/cdsco_alerts/state/2025-06_state_nsq.pdf,7,69,69,"Mobyle Gel (Diclofenac Diethylamine, Linseed Oil, Menthol and Methyl Salicylate Gel)",,GX027,GX027,,false,2024-06,2026-05,Jun-24,May-26,"M/s.SGS Formulation Pvt Ltd, S-111, SIDCO Industrial Estate, Kakkalur-602003, Thiruvallur (Dist), Tamilnadu, India",sgs formulation pvt ltd,Content of Methyl Salicylate and Menthol,"Drugs Testing Laboratory, Madurai-19",,B. NOT OF STANDARD QUALITY ALERT FOR THE MONTH OF JUNE– 2025 (STATE LABORATORIES),,1.0
2025-06,state,nsq,false,data/raw/cdsco_alerts/state/2025-06_state_nsq.pdf,7,70,70,Telmisartan Tablets IP 40mg,,TS24047,TS24047,,false,2024-10,2025-12,Oct-24,Dec-25,"M/s. Eurokem Laboratories Pvt ltd, C-25, SIDCO Pharmaceutical Complex, Alathur, Thiruporur, 603110",eurokem laboratories pvt ltd,Dissolution of Telmisartan Tablets,"Drugs Testing Laboratory, Chennai-06.",,B. NOT OF STANDARD QUALITY ALERT FOR THE MONTH OF JUNE– 2025 (STATE LABORATORIES),,1.0
2025-06,state,nsq,false,data/raw/cdsco_alerts/state/2025-06_state_nsq.pdf,7,71,71,Telmisartan Tablets IP 40mg,,TS24042,TS24042,,false,2024-10,2025-12,Oct-24,Dec-25,"M/s. Eurokem Laboratories Pvt ltd, C-25, SIDCO Pharmaceutical Complex, Alathur, Thiruporur, 603110",eurokem laboratories pvt ltd,Dissolution of Telmisartan Tablets,"Drugs Testing Laboratory, Chennai-06.",,B. NOT OF STANDARD QUALITY ALERT FOR THE MONTH OF JUNE– 2025 (STATE LABORATORIES),,1.0
2025-06,state,nsq,false,data/raw/cdsco_alerts/state/2025-06_state_nsq.pdf,7,72,72,Olagress MD 2.5,,D2250101,D2250101,,false,2025-01,2026-12,Jan-25,Dec-26,"M/s.Standford Laboratories Private Limited, 8, Industrial Area, Mehatpur, Dist. Una, HP-174315 Mktd by: La renon Healthcare Private Limited, 207-208, Iscon Elegance, Prahlad, Nagar, Cross Road, SG Highway, Vejalpur, Ahmedabad, 380015, Guj.",standford laboratories private limited,The sample fails in the test for Description. Colour is not specified on the label.,Modern Drug Testing Laboratory Kathua (J&K),,B. NOT OF STANDARD QUALITY ALERT FOR THE MONTH OF JUNE– 2025 (STATE LABORATORIES),,1.0
2025-06,state,nsq,false,data/raw/cdsco_alerts/state/2025-06_state_nsq.pdf,7,73,73,Olagress MD 5,,D2241286,D2241286,,false,2024-12,2026-11,Dec-24,11/2026,"M/s.Standford Laboratories Private Limited, 8, Industrial Area, Mehatpur, Dist. Una, HP-174315 Mktd by: La renon Healthcare Private Limited, 207-208, Iscon Elegance, Prahlad, Nagar, Cross Road, SG Highway, Vejalpur, Ahmedabad, 380015, Guj.",standford laboratories private limited,Description,Modern Drug Testing Laboratory Kathua (J&K),,B. NOT OF STANDARD QUALITY ALERT FOR THE MONTH OF JUNE– 2025 (STATE LABORATORIES),,1.0
2025-06,state,nsq,false,data/raw/cdsco_alerts/state/2025-06_state_nsq.pdf,7,74,74,Pantoprazole Sodium IP Tablets 40mg (Lepan 40),Lepan 40,SPT-1134,SPT1134,,false,2024-12,2026-11,Dec-24,Nov-26,"M/s.Sheen Pharmaceuticals Wariana Industrial Complex-144021 Mkt by: Lebon Pharmaceuticals 603,G-I, Flaourite, Moraj Residency, Palm Beach, Vashi Mumbai-400705",sheen pharmaceuticals wariana industrial complex 144021 mkt by lebon pharmaceuticals 603,Dissolution and Assay contents of Pantoprazole. Pantoprazole Sodium Tablets IP 40 mg is labelled as Pantoprazole Sodium IP Tablets 40 mg.,Modern Drug Testing Laboratory Kathua (J&K),,B. NOT OF STANDARD QUALITY ALERT FOR THE MONTH OF JUNE– 2025 (STATE LABORATORIES),,1.0
2025-06,state,nsq,false,data/raw/cdsco_alerts/state/2025-06_state_nsq.pdf,7,75,75,Paracetamol Tablets IP ( 500mg) Jan Aushadhi,,PCT1208,PCT1208,,false,2024-08,2026-07,Aug-24,Jul-26,"M/s.Unicure India Ltd, C-21, 22& 23, Sector-3, Noida-201301 Distt. Gautam Budh Nagar (UP). Mkt by: Pharmaceuticals and Medical Devices Bureau of India (PMBI) 8th Floor, Videocon Tower, Block E-1, Jhandewalan Extension, New Delhi-110055.",unicure india ltd,Dissolution test of paracetamol.,Modern Drug Testing Laboratory Kathua (J&K),,B. NOT OF STANDARD QUALITY ALERT FOR THE MONTH OF JUNE– 2025 (STATE LABORATORIES),,1.0
2025-06,state,nsq,false,data/raw/cdsco_alerts/state/2025-06_state_nsq.pdf,8,76,76,"Paracetamol, Phenylphrine HCL, CPM & Caffeine Tablets (Goco-Plus)",Goco-Plus,DPT-1223,DPT1223,,false,2024-09,2026-08,Sep-24,Aug-26,"M/s. Dexibo Pharma Pvt. Ltd, Khasra No.: 3,4,5 and Part of 4M, Plot No. 134/2, Shiv Ganga Industrial Estate, Lakeshwari, Bhagwanpur, Distt. Haridwar-247 661 (U.K.)",dexibo pharma pvt ltd,Disintegration,"State lab, Puducherry",,B. NOT OF STANDARD QUALITY ALERT FOR THE MONTH OF JUNE– 2025 (STATE LABORATORIES),,1.0
2025-06,state,nsq,false,data/raw/cdsco_alerts/state/2025-06_state_nsq.pdf,8,77,77,Rabeprazole Sodium Gastro Resistant Tablets IP 20mg (Rabilax),Rabilax,MP-241462,MP241462,,false,2025-03,2027-02,Mar-25,Feb-27,"M/s.Medistarkbiotech Pvt. Ltd., R.S.No. 68/4, 68/10, Sri Srinivasapuram, Agasampattu, Vanur Tk, Tamilnadu-605111",medistarkbiotech pvt ltd,D i s i n t e g r ation.,"State lab, Puducherry",,B. NOT OF STANDARD QUALITY ALERT FOR THE MONTH OF JUNE– 2025 (STATE LABORATORIES),,1.0
2025-06,state,nsq,false,data/raw/cdsco_alerts/state/2025-06_state_nsq.pdf,8,78,78,"Ferrous Ascorbate, Folic Acid With Zinc Sulphate Tablets (Ronifer-XT)",Ronifer-XT,24T374B,24T374B,,false,2025-02,2027-01,Feb-25,Jan-27,"M/s. Acumen Pharmaceuticals Pvt. Ltd., RS-2, Plot No.117-118, Kurumbapet, Villianur Commune, Puducherry-605 009",acumen pharmaceuticals pvt ltd,Assay (Ferrous Ascorbate),"State lab, Puducherry",,B. NOT OF STANDARD QUALITY ALERT FOR THE MONTH OF JUNE– 2025 (STATE LABORATORIES),,1.0
2025-06,state,nsq,false,data/raw/cdsco_alerts/state/2025-06_state_nsq.pdf,8,79,79,Domperidone & Paracetomal Tablets (Coxnil-P),Coxnil-P,FCPT-2401,FCPT2401,,false,2024-06,2026-05,Jun-24,May-26,"M/s.Verax Life Sciences Pvt. Ltd., K.No. 436, Vill Suramara Badd, Dat. Solan (H.P) 173205",verax life sciences pvt ltd,"(i) On the received sample, Presence of Spot defect was observed","State lab, Puducherry",,B. NOT OF STANDARD QUALITY ALERT FOR THE MONTH OF JUNE– 2025 (STATE LABORATORIES),,1.0
2025-06,state,nsq,false,data/raw/cdsco_alerts/state/2025-06_state_nsq.pdf,8,80,80,Levocetirizine Tablets IP 5mg (Lzetri 5),Lzetri 5,B2409435A,B2409435A,,false,2024-09,2026-08,Sep-24,Aug-26,"M/s Bymaa Laboratories Private Limited., A-19,20&22, Electronic Park,PIPDIC Industrial Estate, Thirubhuvanai , Puducherry - 605 107",bymaa laboratories private limited,"For the received sample, label is mentioned as ‘Approved colour used’ but common name of the permitted colour used in the formulation","State lab, Puducherry",,B. NOT OF STANDARD QUALITY ALERT FOR THE MONTH OF JUNE– 2025 (STATE LABORATORIES),,1.0
2025-06,state,nsq,false,data/raw/cdsco_alerts/state/2025-06_state_nsq.pdf,8,81,81,Pantoprazole Sodium Gastro Resistant Tablets IP 40mg (Panzo 40),Panzo 40,MP-240840,MP240840,,false,2024-10,2026-09,Oct-24,Sep-26,"M/s.Medistark Biotech Pvt Ltd., R.S.No. 68/4,68/10, Sri Srinivasapauram, Agasampattu, Vanur Tk,Tamilnadu - 605 111",medistark biotech pvt ltd,"For the received sample, label is mentioned as ‘Approved colour used’","State lab, Puducherry",,B. NOT OF STANDARD QUALITY ALERT FOR THE MONTH OF JUNE– 2025 (STATE LABORATORIES),,1.0
2025-06,state,nsq,false,data/raw/cdsco_alerts/state/2025-06_state_nsq.pdf,8,82,82,Aceclofenac 100mg & Paracetamol 325 mg Tablets (Acejent P),Acejent P,MVT-1528,MVT1528,,false,2025-03,2027-02,Mar-25,Feb-27,"M/s.Bonn Schtering Bio Sciences, Plot No.:64 & 65, 1 st Floor, Electronic Park, Thirubuvanai, Mannadipet Commune, Puducherry-605 107",bonn schtering bio sciences,"The sample received is labelled as Aceclofenac 100mg & Paracetamol 325 mg Tablets (Acejent P), however Aceclofenac & Paracetamol Tablets is an official IP monograph (IP Addendum 2024) hence should be labelled as Aceclofenac & Paracetamol Tablets IP.","State lab, Puducherry",,B. NOT OF STANDARD QUALITY ALERT FOR THE MONTH OF JUNE– 2025 (STATE LABORATORIES),,1.0
2025-06,state,nsq,false,data/raw/cdsco_alerts/state/2025-06_state_nsq.pdf,8,83,83,Fluoxetine Capsules IP 20mg (Floxros-20 Capsules),Floxros-20,SC-24286,SC24286,,false,2024-12,2026-11,Dec-24,Nov-26,"M/s.For Maxford Healthcare by Stafford Laboratories Pvt. Ltd., 143, Ranipur Ind. Area, Bhagwanpur, Roorkee, (UK)",for maxford healthcare by stafford laboratories pvt ltd,"The label on the innermost container of the received Fluoxetine Capsules IP 20mg,sample does not mentioned the ""Manufacturing Licence Number”, which is required to be preceded by the words ""Manufacturing Licence Number' or ""Mfg.Lic.No"" or ""M.L""","State lab, Puducherry",,B. NOT OF STANDARD QUALITY ALERT FOR THE MONTH OF JUNE– 2025 (STATE LABORATORIES),,1.0
2025-06,state,nsq,false,data/raw/cdsco_alerts/state/2025-06_state_nsq.pdf,9,84,84,Mintcool (mouthwash),mouthwash,SOL-1698,SOL1698,,false,2024-03,2026-02,Mar-24,Feb-26,M/s.Symbiosis Pharmaceuticals PvtLtd At .Ovatio Remedies Behind IITT Ergg Collage Trilokpur Road Kala Amb173030(sirmour)HP,symbiosis pharmaceuticals pvtltd at ovatio remedies behind iitt ergg collage trilokpur road kala amb173030 hp,Content of Chlorhexidine Gluconate .,"DTL Baddi, Distt. Solan H.P.",,B. NOT OF STANDARD QUALITY ALERT FOR THE MONTH OF JUNE– 2025 (STATE LABORATORIES),,1.0
2025-06,state,nsq,false,data/raw/cdsco_alerts/state/2025-06_state_nsq.pdf,9,85,85,Cifdoz-500 (Ciprofloxacin Hydrochloride Tablets IP),Ciprofloxacin Hydrochloride Tablets IP,APGT24513,APGT24513,,false,2027-07,2026-06,Jul-27,Jun-26,"M/s.Alpex Pharma Pvt. Ltd. Vill. Ogli Suketi Road, Kala Amb Distt. Sirmour H.P.",alpex pharma pvt ltd vill ogli suketi road,Dissolution of Ciprofloxacin Hydrochloride,"DTL Baddi, Distt. Solan H.P.",,B. NOT OF STANDARD QUALITY ALERT FOR THE MONTH OF JUNE– 2025 (STATE LABORATORIES),,1.0
2025-06,state,nsq,false,data/raw/cdsco_alerts/state/2025-06_state_nsq.pdf,9,86,86,Mecobalamin 2500mg. (NEROSAFE-XL),NEROSAFE-XL,324-80,32480,,false,2024-07,2026-05,Jul-24,May-26,"Mft. by Not Mentioned Mkd. By M/s Safe Care Life Sciences, 3481.1, Ramtara Market, 2nd Floor, Gali Bajrang Bali, Chawri Bazar, Delhi, 110006.",mft by not mentioned mkd by m s safe care life sciences,Content of Mecobalamin found to be 2.38 mg per ml (0.095%) against labelled claim of 2500 mg per ml. 1) Manufacturing By not mentioned on the label.,"State Drugs Laboratory, Punjab",,B. NOT OF STANDARD QUALITY ALERT FOR THE MONTH OF JUNE– 2025 (STATE LABORATORIES),,1.0
2025-06,state,nsq,false,data/raw/cdsco_alerts/state/2025-06_state_nsq.pdf,9,87,87,Calcium and Vitamin D3 Tablets IP,,MT-25D59,MT25D59,,false,2025-04,2027-03,Apr-25,Mar-27,"M/s.Martin & brown bio-sciences pvt. Ltd, K.No.918/419, Malkumajra, Nalagarh Road, Baddi, Distt. Solan (H.P.)-173205",martin brown bio sciences pvt ltd,Description,"State Drugs Laboratory, Punjab",,B. NOT OF STANDARD QUALITY ALERT FOR THE MONTH OF JUNE– 2025 (STATE LABORATORIES),,1.0
2025-06,state,nsq,false,data/raw/cdsco_alerts/state/2025-06_state_nsq.pdf,9,88,88,Zinc Sulphate Dispersible Tablets IP,,MT14501,MT14501,,false,2025-04,2027-03,Apr-25,Mar-27,"M/s. McW Healthcare (P) Ltd., 286 287A 287B Sector E Industrial Area Sanwer Road Indore 452015 (M.P.)",mcw healthcare ltd,1. Uniformity Of Dispersion. 2. Disintegration Test (Some of the tablets disintegrates in the range of 4 minute to 7 minute against I.P limit of max. 60 seconds).,"State Drugs Laboratory, Punjab",,B. NOT OF STANDARD QUALITY ALERT FOR THE MONTH OF JUNE– 2025 (STATE LABORATORIES),,1.0
2025-06,state,nsq,false,data/raw/cdsco_alerts/state/2025-06_state_nsq.pdf,9,89,89,Zinc Sulphate Dispersible Tablets IP (N/A),,MT14501,MT14501,,false,2025-04,2027-03,Apr-25,Mar-27,"M/s. McW Healthcare (P) Ltd., 286, 287-A, 287-B Sector E, Industrial Area, Sanwer Road, Indore (M.P.) India",mcw healthcare ltd,1.Disintegration Test (Some of the tablets disintegrated after 4 min against the IP limit of NMT 60 Seconds).Uniformity Of Dispersion,"State Drugs Laboratory, Punjab",,B. NOT OF STANDARD QUALITY ALERT FOR THE MONTH OF JUNE– 2025 (STATE LABORATORIES),,1.0
2025-06,state,nsq,false,data/raw/cdsco_alerts/state/2025-06_state_nsq.pdf,9,90,90,TELMISARTAN and AMLODIPINE Tablets IP (Venpres-40 AM),Venpres-40 AM,VAM401K,VAM401K,,false,2024-11,2026-10,Nov-24,Oct-26,"M/s.Leeford Healthcare Ltd. Plot No. 5, Apparel Park-cum- Industrial Area, Katha, Baddi, Distt. Solan 173205 (H.P), India",leeford healthcare ltd plot no 5,Description,"State Drugs Laboratory, Punjab",,B. NOT OF STANDARD QUALITY ALERT FOR THE MONTH OF JUNE– 2025 (STATE LABORATORIES),,1.0
2025-06,state,nsq,false,data/raw/cdsco_alerts/state/2025-06_state_nsq.pdf,9,91,91,Calcium and Vitamin D3 Tablets IP,,MT-25D60,MT25D60,,false,2025-04,2027-03,Apr-25,Mar-27,"M/s.Martin & brown bio-sciences pvt. Ltd, K.No.918/419, Malkumajra, Nalagarh Road, Baddi, Distt. Solan (H.P.)-173205",martin brown bio sciences pvt ltd,Description,"State Drugs Laboratory, Punjab",,B. NOT OF STANDARD QUALITY ALERT FOR THE MONTH OF JUNE– 2025 (STATE LABORATORIES),,1.0
2025-06,state,nsq,false,data/raw/cdsco_alerts/state/2025-06_state_nsq.pdf,10,92,92,Calcium and Vitamin D3 Tablets IP,,MT-25D57,MT25D57,,false,2025-04,2027-03,Apr-25,Mar-27,"M/s.Martin & brown bio-sciences pvt. Ltd, K.No.918/419, Malkumajra, Nalagarh Road, Baddi, Distt. Solan (H.P.)-173205",martin brown bio sciences pvt ltd,Description,"State Drugs Laboratory, Punjab",,B. NOT OF STANDARD QUALITY ALERT FOR THE MONTH OF JUNE– 2025 (STATE LABORATORIES),,1.0
2025-06,state,nsq,false,data/raw/cdsco_alerts/state/2025-06_state_nsq.pdf,10,93,93,Calcium and Vitamin D3 Tablets IP,,MT-25D55,MT25D55,,false,2025-04,2027-03,Apr-25,Mar-27,"M/s.Martin & brown bio-sciences pvt. Ltd, K.No.918/419, Malkumajra, Nalagarh Road, Baddi, Distt. Solan (H.P.)-173205",martin brown bio sciences pvt ltd,Description,"State Drugs Laboratory, Punjab",,B. NOT OF STANDARD QUALITY ALERT FOR THE MONTH OF JUNE– 2025 (STATE LABORATORIES),,1.0
2025-06,state,nsq,false,data/raw/cdsco_alerts/state/2025-06_state_nsq.pdf,10,94,94,Calcium and Vitamin D3 Tablets IP,,MT-25D62,MT25D62,,false,2025-04,2027-03,Apr-25,Mar-27,"M/s.Martin & brown bio-sciences pvt. Ltd, K.No.918/419, Malkumajra, Nalagarh Road, Baddi, Distt. Solan (H.P.)-173205",martin brown bio sciences pvt ltd,Description,"State Drugs Laboratory, Punjab",,B. NOT OF STANDARD QUALITY ALERT FOR THE MONTH OF JUNE– 2025 (STATE LABORATORIES),,1.0
2025-06,state,nsq,false,data/raw/cdsco_alerts/state/2025-06_state_nsq.pdf,10,95,95,Calcium and Vitamin D3 Tablets IP,,MT-25D63,MT25D63,,false,2025-04,2027-03,Apr-25,Mar-27,"M/s.Martin & brown bio-sciences pvt. Ltd, K.No.918/419, Malkumajra, Nalagarh Road, Baddi, Distt. Solan (H.P.)-173205",martin brown bio sciences pvt ltd,Description,"State Drugs Laboratory, Punjab",,B. NOT OF STANDARD QUALITY ALERT FOR THE MONTH OF JUNE– 2025 (STATE LABORATORIES),,1.0
2025-06,state,nsq,false,data/raw/cdsco_alerts/state/2025-06_state_nsq.pdf,10,96,96,Calcium and Vitamin D3 Tablets IP,,MT-25D58,MT25D58,,false,2025-04,2027-03,Apr-25,Mar-27,"M/s.Martin & brown bio-sciences pvt. Ltd, K.No.918/419, Malkumajra, Nalagarh Road, Baddi, Distt. Solan (H.P.)-173205",martin brown bio sciences pvt ltd,Description,"State Drugs Laboratory, Punjab",,B. NOT OF STANDARD QUALITY ALERT FOR THE MONTH OF JUNE– 2025 (STATE LABORATORIES),,1.0
2025-06,state,nsq,false,data/raw/cdsco_alerts/state/2025-06_state_nsq.pdf,10,97,97,Moxifloxacin 10% Injection (MOX-4TH GEN),MOX-4TH GEN,SL1220-21,SL122021,,false,2024-01,2026-12,Jan-24,Dec-26,"Mft. by Not Mentioned Mkd. By M/s Safe Care Life Sciences, 3481.1, Ramtara Market, 2nd Floor, Gali Bajrang Bali, Chawri Bazar, Delhi, 110006.",mft by not mentioned mkd by m s safe care life sciences,Manufacturing By not mentioned on the label.,"State Drugs Laboratory, Punjab",,B. NOT OF STANDARD QUALITY ALERT FOR THE MONTH OF JUNE– 2025 (STATE LABORATORIES),,1.0
2025-06,state,nsq,false,data/raw/cdsco_alerts/state/2025-06_state_nsq.pdf,10,98,98,Mecobalamin Tablets (Methycobal),Methycobal,156905,156905,,false,2025-01,2027-12,Jan-25,Dec-27,"M/s.Hilton Pharma (Pvt.) Ltd., Plot No. 13-14, Sector 15, Korangi Industrial Area, Karachi",hilton pharma ltd,"Nature of Tablets Such as Uncoated, Sugar Coated or Film Coated not Declared on The Label","State Drugs Laboratory, Punjab",,B. NOT OF STANDARD QUALITY ALERT FOR THE MONTH OF JUNE– 2025 (STATE LABORATORIES),,1.0
2025-06,state,nsq,false,data/raw/cdsco_alerts/state/2025-06_state_nsq.pdf,10,99,99,Nortriptyline HCI B.P (Sensival 25MG Tablets),,926,926,,false,2024-11,2027-11,Nov-24,Nov-27,"M/s.Pharmedic Laboratories (Pvt.) Ltd., 16km, Multan Road, Lahore",pharmedic laboratories ltd,"1.) Name Of Colour Added Not Declared On The Strips. 2.) nature of tablets such as uncoated, sugar coated or film coated not declared on the strips.","State Drugs Laboratory, Punjab",,B. NOT OF STANDARD QUALITY ALERT FOR THE MONTH OF JUNE– 2025 (STATE LABORATORIES),,1.0
2025-06,state,nsq,false,data/raw/cdsco_alerts/state/2025-06_state_nsq.pdf,10,100,100,Mec obalamin (Neocobal 0.5mg Tablets),,7805,7805,,false,,2026-02,NM,Feb-26,"M/s.Pulse Pharmaceuticals (Pvt.) Ltd., Sua Asil, Raiwind Road Lhore",pulse pharmaceuticals ltd,1) Description. 2) Tablets Are Film Coated Against Labelled Claim of Sugar-Coated Tablets. 3) The Content of Methylcobalamin,"State Drugs Laboratory, Punjab",,B. NOT OF STANDARD QUALITY ALERT FOR THE MONTH OF JUNE– 2025 (STATE LABORATORIES),,0.7
2025-06,state,nsq,false,data/raw/cdsco_alerts/state/2025-06_state_nsq.pdf,10,101,101,Calc ium and Vitamin D3 Tablets IP,,MT-25D72,MT25D72,,false,2025-04,2027-03,Apr-25,Mar-27,"M/s.Martin & Brown Bio-Sciences Pvt. Ltd., K.NO.918/419, Malkumajra, Nalagarh Road, Baddi, Distt. Solan (H.P.)-173205",martin brown bio sciences pvt ltd,Description,"State Drugs Laboratory, Punjab",,B. NOT OF STANDARD QUALITY ALERT FOR THE MONTH OF JUNE– 2025 (STATE LABORATORIES),,1.0
2025-06,state,nsq,false,data/raw/cdsco_alerts/state/2025-06_state_nsq.pdf,11,102,102,Calc ium and Vitamin D3 Tablets IP,,MT-25D74,MT25D74,,false,2025-04,2027-03,Apr-25,Mar-27,"M/s.Martin & Brown Bio-Sciences Pvt. Ltd., K.NO.918/419, Malkumajra, Nalagarh Road, Baddi, Distt. Solan (H.P.)-173205",martin brown bio sciences pvt ltd,Description,"State Drugs Laboratory, Punjab",,B. NOT OF STANDARD QUALITY ALERT FOR THE MONTH OF JUNE– 2025 (STATE LABORATORIES),,1.0
2025-06,state,nsq,false,data/raw/cdsco_alerts/state/2025-06_state_nsq.pdf,11,103,103,Calc ium and Vitamin D3 Tablets IP,,MT-25D71,MT25D71,,false,2025-04,2027-03,Apr-25,Mar-27,"M/s.Martin & Brown Bio-Sciences Pvt. Ltd., K.NO.918/419, Malkumajra, Nalagarh Road, Baddi, Distt. Solan (H.P.)-173205",martin brown bio sciences pvt ltd,Description,"State Drugs Laboratory, Punjab",,B. NOT OF STANDARD QUALITY ALERT FOR THE MONTH OF JUNE– 2025 (STATE LABORATORIES),,1.0
2025-06,state,nsq,false,data/raw/cdsco_alerts/state/2025-06_state_nsq.pdf,11,104,104,Calc ium and Vitamin D3 Tablets IP,,MT-25D82,MT25D82,,false,2025-04,2027-03,Apr-25,Mar-27,"M/s.Martin & Brown Bio-Sciences Pvt. Ltd., K.NO.918/419, Malkumajra, Nalagarh Road, Baddi, Distt. Solan (H.P.)-173205",martin brown bio sciences pvt ltd,Description,"State Drugs Laboratory, Punjab",,B. NOT OF STANDARD QUALITY ALERT FOR THE MONTH OF JUNE– 2025 (STATE LABORATORIES),,1.0
2025-06,state,nsq,false,data/raw/cdsco_alerts/state/2025-06_state_nsq.pdf,11,105,105,Calc ium and Vitamin D3 Tablets IP,,MT-25D81,MT25D81,,false,2025-04,2027-03,Apr-25,Mar-27,"M/s.Martin & Brown Bio-Sciences Pvt. Ltd., K.NO.918/419, Malkumajra, Nalagarh Road, Baddi, Distt. Solan (H.P.)-173205",martin brown bio sciences pvt ltd,Description,"State Drugs Laboratory, Punjab",,B. NOT OF STANDARD QUALITY ALERT FOR THE MONTH OF JUNE– 2025 (STATE LABORATORIES),,1.0
2025-06,state,nsq,false,data/raw/cdsco_alerts/state/2025-06_state_nsq.pdf,11,106,106,Oral Rehydration Salts IP,,P25/0228,P250228,,false,2025-01,2027-04,Jan-25,Apr-27,"M/s.Samkem, 15-B, A.K.V.N. Industrial Area, Rangwasa, Rao, Indore-453331 (M.P.)",samkem,Net Weight/Sachet found to be 20.392gm against claim of 29.5gm/sachet.,"State Drugs Laboratory, Punjab",,B. NOT OF STANDARD QUALITY ALERT FOR THE MONTH OF JUNE– 2025 (STATE LABORATORIES),,1.0
2025-06,state,nsq,false,data/raw/cdsco_alerts/state/2025-06_state_nsq.pdf,11,107,107,Oral Rehydration Salts IP,,P25/0236,P250236,,false,2025-05,2027-04,May-25,Apr-27,"M/s.Samkem, 15-B, A.K.V.N. Industrial Area, Rangwasa, Rao, Indore-453331 (M.P.)",samkem,Net Weight/Sachet found to be 20.286gm against claim of 20.5gm/sachet.,"State Drugs Laboratory, Punjab",,B. NOT OF STANDARD QUALITY ALERT FOR THE MONTH OF JUNE– 2025 (STATE LABORATORIES),,1.0
2025-06,state,nsq,false,data/raw/cdsco_alerts/state/2025-06_state_nsq.pdf,11,108,108,Calc ium & Vitamin D3 Tablets I.P,,MT-25D56,MT25D56,,false,2025-04,2027-03,Apr-25,Mar-27,"M/s.Martin & Brown Bio-Sciences Pvt. Ltd., K.NO.918/419, Malkumajra, Nalagarh Road, Baddi, Distt. Solan (H.P.)-173205",martin brown bio sciences pvt ltd,Description,"State Drugs Laboratory, Punjab",,B. NOT OF STANDARD QUALITY ALERT FOR THE MONTH OF JUNE– 2025 (STATE LABORATORIES),,1.0
2025-06,state,nsq,false,data/raw/cdsco_alerts/state/2025-06_state_nsq.pdf,11,109,109,Calg ro-D3 Tablets Calcium and Vitamin D3 tablets,,AC.2412,AC2412,,false,2024-12,2026-05,Dec-24,May-26,"M/s.Twins Pharma Plot No. 106, S V N a g a r , M a l l a p u r - 7 6 . T e l a n g a n a",twins pharma plot no 106,1. The label should be m e n t i o n e d a s C a l c i u m A n d Vitamin D3 IP. But the letters IP is not mentioned after the product name. 2. Dissolution for Calcium.,"State Lab, Drugs C o n t r o l L a b o r a t o r y , Telangana.",,B. NOT OF STANDARD QUALITY ALERT FOR THE MONTH OF JUNE– 2025 (STATE LABORATORIES),,1.0
2025-06,state,nsq,false,data/raw/cdsco_alerts/state/2025-06_state_nsq.pdf,11,110,110,Leof enac-TH4 Tablets Aceclofenac & Thiocolchicoside tabets,,T 2 5 - 0 5 4,T25054,,false,2025-02,2027-01,F e b - 2 5,J a n - 2 7,"M / s . O a k s u n L i f e s c i e n c e s , P l o t n o . 36,37,38,46 & 47, Chengicherla (V), Medipally(M), Medchal-M a l k a j g i r i ( D i s t . ) , T . S . - 5 0 0 0 9 2 Telangana",o a k s u n l i f e s c i e n c e s,T h e d r u g f a i l e d t o i n d i c a t e the common name of the Colour used in the Drug on t h e p r o d u c t l a b e l .,"S t a t e L a b , Drugs Control Laboratory, T e l a n g a n a .",,B. NOT OF STANDARD QUALITY ALERT FOR THE MONTH OF JUNE– 2025 (STATE LABORATORIES),,1.0
2025-06,state,nsq,false,data/raw/cdsco_alerts/state/2025-06_state_nsq.pdf,11,111,111,PYR IL-650 Tablets Paracetamol Tablets IP 650 mg,,T 2 5 . 0 3 9,T25039,,false,2025-02,2027-01,F e b - 2 5,J a n - 2 7,"M / s . O a k s u n L i f e s c i e n c e s , P l o t n o . 36,37,38,46 & 47, Chengicherla ( V ) , M e d i p a l l y ( M ) , M e d c h a l - Malkajgiri (Dist.), T.S.-500092 Telangana",o a k s u n l i f e s c i e n c e s,"The product Paracetamol T a b l e t s i s o f f i c i a l i n t h e current edition of the Indian Pharmacopoeia. However, the letters IP is not mentioned on the product title.","S t a t e L a b , Drugs Control L a b o r a t o r y , Telangana.",,B. NOT OF STANDARD QUALITY ALERT FOR THE MONTH OF JUNE– 2025 (STATE LABORATORIES),,1.0
2025-06,state,nsq,false,data/raw/cdsco_alerts/state/2025-06_state_nsq.pdf,12,112,112,VCE C-P Tablets Aceclofenac and Paracetamol Tablets,,T G 2 4 - 2 0 2 8 C,TG242028C,,false,2024-09,2026-08,S e p - 2 4,A u g - 2 6,"M / s A t h e n s L i f e S c i e n c e s M a u z a Rampur, Jattan, Nahan Road, Kala Amb, Distt. Sirmour, H.P.-173030",a t h e n s l i f e s c i e n c e s m a u z a rampur,The label should be mentioned as Aceclofenac a n d P a r a c e t a m o l I P . B u t the letter IP is not mentioned after the product name. Aceclofenac and Paracetamol,"S t a t e L a b , Drugs Control Laboratory, T e l a n g a n a .",,B. NOT OF STANDARD QUALITY ALERT FOR THE MONTH OF JUNE– 2025 (STATE LABORATORIES),,1.0
2025-06,state,nsq,false,data/raw/cdsco_alerts/state/2025-06_state_nsq.pdf,12,113,113,Tonz ee-20 (Zinc Sulphate Tablets IP 20mg),,ZS-2405,ZS2405,,false,2024-07,2026-06,Jul-24,Jun-26,"M/s.Torino Laboratories Pvt. Ltd., Fact: Plot No. 65/1, Sector 1, Pithampur – 454775, Dist. Dhar (INDIA).",torino laboratories pvt ltd,Disintegration,"State Drugs Testing Laboratory, Agartala, Tripura.",,B. NOT OF STANDARD QUALITY ALERT FOR THE MONTH OF JUNE– 2025 (STATE LABORATORIES),,1.0
2025-06,state,nsq,false,data/raw/cdsco_alerts/state/2025-06_state_nsq.pdf,12,114,114,Azil ium 200 Suspension,,SL-508,SL508,,false,2024-02,2026-01,Feb-24,Jan-26,"M/s. SB Lifesciences (An ISO 9001:2015 Certified Co.) Plot no. 32, Sector-6, LLE Pantnagar, Distt. U.S. Nagar, Uttarakhand 263153",sb lifesciences plot no 32,Content of Anhydrous Azithromycin,"FDA Lab , Mumbai",,B. NOT OF STANDARD QUALITY ALERT FOR THE MONTH OF JUNE– 2025 (STATE LABORATORIES),,1.0
2025-06,state,nsq,false,data/raw/cdsco_alerts/state/2025-06_state_nsq.pdf,12,115,115,Azi. XL 200(Azithromycin Oral Suspension IP),Azithromycin Oral Suspension IP,GLE0901,GLE0901,,false,2025-08,2026-07,Aug-25,Jul-26,"M/s. Digital Vision 176, Mauza Ogli, Nahan Road, Kala Amb, Dist. Sirmour (H.P) 173030",digital vision 176,Content of Anhydrous Azithromycin,"FDA Lab , Mumbai",,B. NOT OF STANDARD QUALITY ALERT FOR THE MONTH OF JUNE– 2025 (STATE LABORATORIES),,1.0
2025-06,state,nsq,false,data/raw/cdsco_alerts/state/2025-06_state_nsq.pdf,12,116,116,Osoc ip-D Eye/Ear drops Ciprofloxacin & Dexamethasone Eye/Ear drops IP,,E240113A,E240113A,,false,2024-01,2025-12,Jan-24,Dec-25,"M/s. Oscar Remedies Pvt Ltd., Oscar House, Badi Majra Yamuna Nagar 135001",oscar remedies pvt ltd,Content of Ciprofloxacin in the sample is more (i.e 943.33% of the labelled amount) than the permissible limits. 2. identification test for the presence of Dexamethasone Sodium Phosphate. 3. The sample gives high performance liquid chromatographic identification test for the presence of Dexamethasone. 4. The content of Dexamthasone in the sample is 0.078% W/V. 5. Name of the sample: Ciprofloxacin & Dexamethasone Eye/Ear drops IP 2022.,"FDA Lab , Mumbai",,B. NOT OF STANDARD QUALITY ALERT FOR THE MONTH OF JUNE– 2025 (STATE LABORATORIES),,1.0
2025-06,state,nsq,false,data/raw/cdsco_alerts/state/2025-06_state_nsq.pdf,12,117,117,"Ceta cin-150, Paracetamol Injection",,TGL11230643,TGL11230643,,false,2024-11,2025-10,Nov-24,Oct-25,"M/s. T & G Medicare Village Kunjahal, PO Baddi, Distt. Solan",t g medicare village kunjahal,50×2ml intact ambered coloured glass ampules received for the analysis. All the samples contain pink coloured solution.,"FDA Lab , Mumbai",,B. NOT OF STANDARD QUALITY ALERT FOR THE MONTH OF JUNE– 2025 (STATE LABORATORIES),,1.0
2025-06,state,nsq,false,data/raw/cdsco_alerts/state/2025-06_state_nsq.pdf,13,118,118,P.D. Col Eye ointment IP 1% w/w,,2023-113,2023113,,false,2023-08,2025-07,Aug-23,Jul-25,"M/s. Packsules 45, Keshar Bagh Road, Indore Madhya Pradesh-452009",packsules 45,Uniformity of Weight.,"FDA Lab , Mumbai",,B. NOT OF STANDARD QUALITY ALERT FOR THE MONTH OF JUNE– 2025 (STATE LABORATORIES),,1.0
2025-06,state,nsq,false,data/raw/cdsco_alerts/state/2025-06_state_nsq.pdf,13,119,119,Regi men Hand Rub Aloevera 70% Alcohol,,HSAL0050,HSAL0050,,false,2024-10,2026-10,Oct-24,Oct-26,"M/s. Chemstellar Chemicals Pvt Ltd. Plot No. 215, GR. Fl. Steel warehousing Comp. Kalamboli, Panvel, Raigad, Kalamboli-410208",chemstellar chemicals pvt ltd plot no 215,"1. The sample gives GC identification test for the presence of Methanol. 2. The sample does not give GC identification test for the presence of Ethanol, 1-Propanol & 2-Propanol. 3. The sample contains 51.80% v/v of Methanol.","FDA Lab , Mumbai",,B. NOT OF STANDARD QUALITY ALERT FOR THE MONTH OF JUNE– 2025 (STATE LABORATORIES),,1.0
2025-06,state,nsq,false,data/raw/cdsco_alerts/state/2025-06_state_nsq.pdf,13,120,120,Lyci tra MK Montelukast with Levocetirizine Dihydrochloride Syrup,,D-0241,D0241,,false,2023-11,2025-10,Nov-23,Oct-25,"M/s.Animus Healthcare30, Shubhlaxmi, Ind. Estate, Opp Sanket, Estate at Moraiya Ta: Sanand, Ahmedabad-3882213, Gujarat",animus healthcare30,The content of Montelukast (i.e 17.18% of the labelled amount) is less than the schedule V limit (Schedule V limit-90%-110% of the labelled amount),"FDA Lab , Mumbai",,B. NOT OF STANDARD QUALITY ALERT FOR THE MONTH OF JUNE– 2025 (STATE LABORATORIES),,1.0
2025-06,state,nsq,false,data/raw/cdsco_alerts/state/2025-06_state_nsq.pdf,13,121,121,Osco rcip-D Eye/Ear Drops,,E24020A,E24020A,,false,2024-02,2026-01,Feb-24,Jan-26,"M/s. Oscar Remedies Pvt Ltd., Oscar House, Badi Majra Yamuna Nagar Haryaana 135001",oscar remedies pvt ltd,1. The content of Ciprofloxacin in the sample is more (i.e 1023.33% of the labelled amount) than the permissible limits. 2. The sample does not give HPLC identification test for the presence of Dexamethasone sodium phosphate. 3. The sample gives HPLC identification test for the presence of Dexamethasone. 4. The content of Dexamethasone in the sample is 0.066% w/v 5 . Test for the sterility.,"FDA Lab , Mumbai",,B. NOT OF STANDARD QUALITY ALERT FOR THE MONTH OF JUNE– 2025 (STATE LABORATORIES),,1.0
2025-06,state,nsq,false,data/raw/cdsco_alerts/state/2025-06_state_nsq.pdf,13,122,122,Elca res Metronidazole 400(Metronidazole tablets IP 400 mg,,MTE-22004,MTE22004,,false,2023-02,2026-01,Feb-23,Jan-26,"M/s. Neutech Healthcare private ltd. E-698 ,DSIDC, Narela, Industrail, Delhi- 110040",neutech healthcare private ltd e 698,Dissolution test.,"FDA Lab , Mumbai",,B. NOT OF STANDARD QUALITY ALERT FOR THE MONTH OF JUNE– 2025 (STATE LABORATORIES),,1.0
2025-06,state,nsq,false,data/raw/cdsco_alerts/state/2025-06_state_nsq.pdf,13,123,123,Cura cet Tablets (Cetirizine Hydrochloride),Cetirizine Hydrochloride,CHT23320,CHT23320,,false,2023-10,2025-09,Oct-23,Sep-25,"M/s. Cureza Healthcare pvt. Ltd. A.B.Road Girwai, 474001",cureza healthcare pvt ltd a b road girwai,"Almost all the tablets received for analysis show Grey coloured spots all over the surface of the tablet, when observed in normal day light with unaided eyes.","FDA Lab , Mumbai",,B. NOT OF STANDARD QUALITY ALERT FOR THE MONTH OF JUNE– 2025 (STATE LABORATORIES),,1.0
2025-06,state,nsq,false,data/raw/cdsco_alerts/state/2025-06_state_nsq.pdf,14,124,124,Enro floxacin Injection La (Welflox La),Welflox La,VT240352A,VT240352A,,false,2024-03,2026-02,Mar-24,Feb-26,"M/s. Integrated Laboratories Pvt Ltd. Nahan Road, Vill. Moginand, Kala Amb, Distt. Sirmour Himachal Pradesh 173030",integrated laboratories pvt ltd nahan road,1. The Content of Enrofloxacin in the sample is less (i.e. 45.64% of the labelled amount),"FDA Lab , Mumbai",,B. NOT OF STANDARD QUALITY ALERT FOR THE MONTH OF JUNE– 2025 (STATE LABORATORIES),,1.0
2025-06,state,nsq,false,data/raw/cdsco_alerts/state/2025-06_state_nsq.pdf,14,125,125,Glav it Syrup 200ml,,GLV-233,GLV233,,false,2024-04,2025-09,Apr-24,Sep-25,"M/s. Glacier Pharmaceutical Pvt Ltd. G-5, MIDC, Industrial area Amaravati-444605",glacier pharmaceutical pvt ltd g 5,The content of Thiamine Hydrochloride(i.e. 63.8% of the labelled amount) and the content of Cyanocobalamin (i.e 13.34% of the labelled amount) in the sample are less than the permissible limit.,"FDA Lab , Mumbai",,B. NOT OF STANDARD QUALITY ALERT FOR THE MONTH OF JUNE– 2025 (STATE LABORATORIES),,1.0
2025-06,state,nsq,false,data/raw/cdsco_alerts/state/2025-06_state_nsq.pdf,14,126,126,Glav it Syrup100ml,,GLV-230,GLV230,,false,2024-03,2025-08,Mar-24,Aug-25,"M/s. Glacier Pharmaceutical Pvt Ltd. G-5, MIDC, Industrial area Amaravati-444605",glacier pharmaceutical pvt ltd g 5,The content of Thiamine Hydrochloride(i.e. 74.7% of the labelled amount) and the content of Cyanocobalamin (i.e 11.92% of the labelled amount) in the sample are less than the permissible limit.,"FDA Lab , Mumbai",,B. NOT OF STANDARD QUALITY ALERT FOR THE MONTH OF JUNE– 2025 (STATE LABORATORIES),,1.0
2025-06,state,nsq,false,data/raw/cdsco_alerts/state/2025-06_state_nsq.pdf,14,127,127,Elze fen-P (Aceclofenac & Paracetamol Tablets),Aceclofenac & Paracetamol,PC24021,PC24021,,false,2024-03,2026-02,Mar-2024,Feb-2026,"M/s Prochem Pharmaceuticals Pvt., Ltd., 140-141, Makkanpur, Bhagwanpur, Roorkee, Distt.- Haridwar,(Uttarakhand)-247661",prochem pharmaceuticals pvt,Assay of Aceclofenac,"Central Drugs Laboratory, 3, Kyd Street, Kolkata-700016",,B. NOT OF STANDARD QUALITY ALERT FOR THE MONTH OF JUNE– 2025 (STATE LABORATORIES),,1.0
2025-06,state,nsq,false,data/raw/cdsco_alerts/state/2025-06_state_nsq.pdf,14,128,128,Onv in-4 MD Tablets (Ondansetron Orally Disintegrating Tablets IP 4 mg),,RV24012,RV24012,,false,2024-05,2026-04,May-2024,Apr--2026,"M/s Rivpra Formulation Pvt., Ltd., Plot No.8, Sector-6A, IIE, SIDCUL, Haridwar-249403",rivpra formulation pvt,Test for Related Substances,"Central Drugs Laboratory, 3, Kyd Street, Kolkata-700016",,B. NOT OF STANDARD QUALITY ALERT FOR THE MONTH OF JUNE– 2025 (STATE LABORATORIES),,1.0
2025-06,state,nsq,false,data/raw/cdsco_alerts/state/2025-06_state_nsq.pdf,14,129,129,EBD ORS(Oral Rehydration Salts IP),Oral Rehydration Salts IP,825220,825220,,false,2025-02,2027-01,02/2025,01/2027,"Mfg. by- M/s Syndicate Pharma, 185/B-1, 187/A & 188, Sector F, Sanwer Road, Industrial Area, Indore(M.P.)-452015, Mkt. by M/s Elder Bio Drugs Pvt. Ltd., Plot No. 15/1, Pipliya Kumar, 1B-1st Floor, 37-A, Mangal Compound, Dewas Naka, Lasudia Mori, Pincode-452010",mfg by m s syndicate pharma,Uniformity of weight,"State Drug Testing Laboratory, Jharkhand",,B. NOT OF STANDARD QUALITY ALERT FOR THE MONTH OF JUNE– 2025 (STATE LABORATORIES),,1.0
2025-06,state,nsq,false,data/raw/cdsco_alerts/state/2025-06_state_nsq.pdf,14,130,130,ORS (Oral Rehydration Salts IP),Oral Rehydration Salts IP,P0831,P0831,,false,2024-04,2026-03,04/2024,03/2026,"M/s Quest Laboratories Limited, Plot No. 45, Sector-III, Pithampur, Dist.- Dhar-454775(M.P.)",quest laboratories limited,Uniformity of weight,"State Drug Testing Laboratory, Jharkhand",,B. NOT OF STANDARD QUALITY ALERT FOR THE MONTH OF JUNE– 2025 (STATE LABORATORIES),,1.0
2024-04,spurious,spurious,true,data/raw/cdsco_alerts/spurious/2024-04_spurious.pdf,1,1,1,Instgra Tablets (Dolutegravir Tablets IP 50 mg),,E16DV23001,E16DV23001,,true,2023-02,2026-09,"Feb.2023 Based on p h y s i c a l verification with original p r o d u c t o n s p o t and SLA email dt. May 10, 2 0 2 4 NCT of D e l h i",Sep.2026,"Emcure Pharmaceutical s Ltd., Lane No. 3, Phase II, SIDCO, Bari-Brahmana, Jammu – 181 133, India",emcure pharmaceutical s ltd,,,,,1) M/s. Harsh Pharma Capital Delhi 2) M/s. Vedas Healthcare Delhi 3) M/s. Mili Healthcare Mumbai 4) M/s. Khushi Enterprises Jaipur 5) M/s. V. K. Enterprises Jaipur,1.0
2024-04,spurious,spurious,true,data/raw/cdsco_alerts/spurious/2024-04_spurious.pdf,1,2,2,Telmisartan 40mg and Amlodipine 5mg Tablets I.P. (Telma-AM),Telma-AM,18230073,18230073,,false,2023-02,2026-01,"Feb.23 As per SLA email dt. May 1 0 , 2 0 2 4 NCT of Delhi",Jan.26,"Glenmark Pharmaceutical s Ltd. Samlik Marchak, Industrial Growth Centre, East Sikkim, Sikkim-737135",glenmark pharmaceutical s ltd samlik marchak,,,,,1) M/s. Dass Medical Store Delhi (on direction of court) 2) M/s. Shree Giriraj Ji Pharma Delhi 3) M/s Amba Medicose Delhi,1.0
2024-04,spurious,spurious,true,data/raw/cdsco_alerts/spurious/2024-04_spurious.pdf,2,3,3,Domperidone and Naproxen Sodium Tablets (Naxdom 500),Naxdom 500,FHA0966,FHA0966,,false,2023-12,2026-11,"Dec.2023 Based on physical c o m p a r is o n and analytical tests done by manufacturer and SLA email dt. May 10, 2024 NCT of Delhi",Nov. 2026,"Pure and Cure Healthcare Pvt. Ltd. Plot No. 26A, 27-30, Sector-8A, I.I.E., Sidcul, Ranipur, Haridwar-249 403 (Uttarakhand)",pure and cure healthcare pvt ltd plot no 26a,,,,,1) M/s. Jai Mata Di Bhagirath Palace Delhi 2) M/s. JMD Enterprises Patna,1.0
2024-04,spurious,spurious,true,data/raw/cdsco_alerts/spurious/2024-04_spurious.pdf,2,4,4,Rifaximin Tablets (Rifagut 400),Rifagut 400,GKE0938A,GKE0938A,,true,2023-06,2025-05,"June. 2023 Based on physical c o m p a r is o n and analytical tests done by manufacturer and SLA email dt. May 10, 2024 NCT of Delhi",May. 2025,"Sun pharma laboratories ltd. Plot No. 754, Setipool, Nandok Block, R.O. Ranipool, East Sikkim-737 JHARKHAND",sun pharma laboratories ltd plot no 754,,,,,1) M/s. Jai Mata Di Bhagirath Palace Delhi 2) M/s. JMD Enterprises Patna,1.0
2024-04,spurious,spurious,true,data/raw/cdsco_alerts/spurious/2024-04_spurious.pdf,2,5,5,"Cefixime Trihydrate with Lactic Acid Bacillus Tablets LP. (Presef 200 LB Tablets) ★Serial No. 14 of NSQ alert of April, 2024",Presef 200 LB,BHCJ-009,BHCJ009,,false,2022-11,2024-10,"Nov. 2022 Based on SLA email dt. May 13, 2024 SLA, Jharkhan d",Oct. 2024,"Pragti Remedies Plot No. 143 GS Road Link Ulubari Guwahathi A s s a m 7 8 1 0 0 8 (This firm does not exist at the given address as per SDC, Assam vide letter no-CFDA/2019/05/ PT-1/1073, Dt. 19.03.2024)",pragti remedies plot no 143 gs road link ulubari guwahathi a s s a m 7 8 1 0 0 8,,,,,1. M/s. Pragti Remedies Plot No. 143 GS Road Link Ulubari Guwahathi Assam 781008; 2 . M / s. Pama Pharmaceuticals Devi Mandap Road Ratu Road Ranchi; 3. M/s. Sarthak Agency Kathitand Ratu Road Ranchi; 4. M/s. Life Saver 11/1 Dewan Gazi Road Kolkata West Bengal,1.0
2024-08,spurious,spurious,true,data/raw/cdsco_alerts/spurious/2024-08_spurious.pdf,1,1,1,Pulmosil (Sildenafil Injection),Sildenafil,KFA0300,KFA0300,,false,2023-06,2025-05,06/2023,05/2025,"M/s Sun Pharmaceuticals Ind., Ltd., Halol-Baroda Highway, Halol-389350, Dist-Panchmahal, Gujarat, At Survey No. 250-252,Turkapally-Village-Shameerpet Mandal, Ranga Reddy District-500078, Telangana",sun pharmaceuticals ind,"Test for Description, Volume in container, Particulate matter, sterility and Assay of Sildenafil Citrate equivalent to Sildenafil.","NRS Medical College 138 AJC Bose Road, Kolkata 700014","Drugs Inspector, East Zone,CDSCO",,"The actual manufacturer (as per label claim) has informed that the impugned batch of the product has not been manufacturer by them and that it is a spurious drug. The product is purported to be spurious, however, the same is subjected to outcome of investigation.",1.0
2024-08,spurious,spurious,true,data/raw/cdsco_alerts/spurious/2024-08_spurious.pdf,1,2,2,Pantocid (Pantoprazole Tablets IP) Pulmosil (Sildenafil Injection),Sildenafil,SID2041A,SID2041A,,false,2022-07,2025-06,07/2022,06/2025,"M/s Sunpharma laboratories ltd. Plot no. 107-108, Namli Block, P.O. Ranipool, East Sikkim-737135",sunpharma laboratories ltd plot no 107 108,Identification and Assay,,"Drugs Inspector, East Zone,CDSCO",,"The actual manufacturer (as per label claim) has informed that the impugned batch of the product has not been manufacturer by them and that it is a spurious drug. The product is purported to be spurious, however, the same is subjected to outcome of investigation.",1.0
2024-08,spurious,spurious,true,data/raw/cdsco_alerts/spurious/2024-08_spurious.pdf,2,3,3,Ursocol 300 (Ursodeoxych olic Acid Tablets IP),Ursodeoxych olic Acid Tablets IP,GTE1350A,GTE1350A,,false,2023-06,2025-05,06/2023,05/2025,"M/s Sun Pharma Laboratories Ltd. Vill. Kokjhar, Mirza Palashbari Road, P.O. Palashbari, Guwahati, Dist. Kamrup, Assam-781128",sun pharma laboratories ltd vill kokjhar,"Assay of ursodeoxycholi c Acid, Description",,"Drugs Inspector, East Zone,CDSCO",,"The actual manufacturer (as per label claim) has informed that the impugned batch of the product has not been manufacturer by them and that it is a spurious drug. The product is purported to be spurious, however, the same is subjected to outcome of investigation.",1.0
2024-08,spurious,spurious,true,data/raw/cdsco_alerts/spurious/2024-08_spurious.pdf,2,4,4,Telma H (Telmisartan 40 mg and Hydrochlorot hiazide 12.5mg Tablets IP),,18230080,18230080,,false,2023-02,2026-01,02/2023,01/2026,"Glenmark Pharmaceuticals Ltd, Village-Kishanpura, Baddi, Himachal Pradesh 1732025",glenmark pharmaceuticals ltd,Dissolution & Assay of Telmisartan,,"Drugs Inspector, East Zone,CDSCO",,"The actual manufacturer (as per label claim) has informed that the impugned batch of the product has not been manufacturer by them and that it is a spurious drug. The product is purported to be spurious, however, the same is subjected to outcome of investigation.",1.0
2024-08,spurious,spurious,true,data/raw/cdsco_alerts/spurious/2024-08_spurious.pdf,2,5,5,Deflazacort Tablets ( Defcort 6 Tablets) hiazide 12.5mg Deflazacor Tablets,Defcort 6,GDB23041A,GDB23041A,,false,2023-05,2026-04,05/2023,04/2026,"Macleods Pharmaceuticals Ltd., 367/7, Kabra Industrial Estate, Kanchigam, Daman-396 210 (U.T)",macleods pharmaceuticals ltd,Test of Identification and Assay of Deflazacort,,"Drugs Inspector, SLA Delhi",,"The actual manufacturer (as per label claim) has informed that the impugned batch of the product has not been manufacturer by them and that it is a spurious drug. The product is purported to be spurious, however, the same is subjected to outcome of investigation.",1.0
2024-09,spurious,spurious,true,data/raw/cdsco_alerts/spurious/2024-09_spurious.pdf,1,1,1,Tamsulosin and Dutasteride Tablets (Urimax-D),Urimax-D,GH30334,GH30334,,false,2023-05,2025-04,May-23,Apr-25,Under Investigation,under investigation,"Description, Identification and Assay",,"Drugs Inspector, Odisha",,"The actual manufacturer (as per label claim) has informed that the impugned batch of the product has not been manufactured by them and that it is a spurious drug. The product is purported to be spurious, however, the same is subject to outcome of investigation.",1.0
2024-09,spurious,spurious,true,data/raw/cdsco_alerts/spurious/2024-09_spurious.pdf,1,2,2,Calcium and Vitamin D3 Tablets I.P (SHELCAL 500),SHELCAL 500,GDXD0581,GDXD0581,,false,2023-08,2025-07,Aug/202 3,July/202 5,Under Investigation,under investigation,"Identification, Dissolution, Assay and Description.",,"Drugs Inspector, EZ, Kolkata",,"The actual manufacturer (as per label claim) has informed that the impugned batch of the product has not been manufactured by them and that it is a spurious drug. The product is purported to be spurious, however, the same is subject to outcome of investigation.",1.0
2024-09,spurious,spurious,true,data/raw/cdsco_alerts/spurious/2024-09_spurious.pdf,1,3,3,Pantoprazole Gastro-Resistant and Domperidone Prolonged-Release Capsules I.P. (PAN-D),PAN-D,23443507,23443507,,false,2023-09,2025-08,Sep-2023,Aug-2025,Under Investigation,under investigation,Assay of both Pantoprazole and Domeperidone,,"Drugs Inspector, Bihar",,"The actual manufacturer (as per label claim) has informed that the impugned batch of the product has not been manufactured by them and that it is a spurious drug. The product is purported to be spurious, however, the same is subject to outcome of investigation.",1.0
2024-09,spurious,spurious,true,data/raw/cdsco_alerts/spurious/2024-09_spurious.pdf,2,4,4,Nandrolone Decanoate Injection IP 25mg/ml (Deca-Durabolin 25 Inj.),Deca-Durabolin 25,G202620,G202620,,false,2022-10,2026-09,10/2022,09/2026,Under Investigation,under investigation,Identification,,"Drugs Inspector, NZ, Ghaziabad",,"The actual manufacturer (as per label claim) has informed that the impugned batch of the product has not been manufactured by them and that it is a spurious drug. The product is purported to be spurious, however, the same is subject to outcome of investigation.",1.0
2024-10,spurious,spurious,true,data/raw/cdsco_alerts/spurious/2024-10_spurious.pdf,1,1,1,Pantoprazole Gastro-resistant and Domeperiodone Prolong Released Capsules IP ( PAN-D),PAN-D,23444296,23444296,,false,2023-12,2025-11,12/2023,11/2025,Under Investigation,under investigation,Identification and Assay,,"Drugs Inspector, Bihar",,"The actual manufacturer (as per label claim) has informed that the impugned batch of the product has not been manufactured by them and that it is a spurious drug. The product is purported to be spurious, however, the same is subject to outcome of investigation.",1.0
2024-10,spurious,spurious,true,data/raw/cdsco_alerts/spurious/2024-10_spurious.pdf,1,2,2,Cefixime Tablets IP (TAXIM-O 200),TAXIM-O 200,23460072,23460072,,false,2023-01,2024-12,Jan-2023,Dec-2024,Under Investigation,under investigation,Dissolution and Assay,,"Drugs Inspector, Bihar",,"The actual manufacturer (as per label claim) has informed that the impugned batch of the product has not been manufactured by them and that it is a spurious drug. The product is purported to be spurious, however, the same is subject to outcome of investigation.",1.0
2024-10,spurious,spurious,true,data/raw/cdsco_alerts/spurious/2024-10_spurious.pdf,1,3,3,Rosuvastatin Tablets IP (Rosuvas 10),Rosuvas 10,SIE0116A,SIE0116A,,false,2023-02,2025-07,02/2023,07/2025,Under Investigation,under investigation,Dissolution and Assay,,"Drugs Inspector, Kolkata",,"The actual manufacturer (as per label claim) has informed that the impugned batch of the product has not been manufactured by them The product is purported to be spurious, however, the same is subject to outcome of investigation.",1.0
2024-11,spurious,spurious,true,data/raw/cdsco_alerts/spurious/2024-11_spurious.pdf,1,1,1,Pantoprazole Gastro-Resistant Tablets I.P. ( PAN-40),PAN-40,23443074,23443074,,false,2023-08,2026-01,Aug-2023,Jan-2026,Under Investigation,under investigation,Dissolution (Acid Stage) and Assay,,"Drugs Inspector, Bihar",,"The actual manufacturer (as per label claim) has informed that the impugned batch of the product has not been manufactured by them and that it is a spurious drug. The product is purported to be spurious, however, the same is subject to outcome of investigation.",1.0
2024-11,spurious,spurious,true,data/raw/cdsco_alerts/spurious/2024-11_spurious.pdf,1,2,2,Amoxycillin and Potassium Clavulanate Tablets IP (AUGMENTIN 625 DUO),AUGMENTIN 625 DUO,824D054,824D054,,false,2024-02,2025-07,Feb-2024,Jul-2025,Under Investigation,under investigation,Identification and Assay,,"Drugs Inspector, Ghaziabad",,"The actual manufacturer (as per label claim) has informed that the impugned batch of the product has not been manufactured by them and that it is a spurious drug. The product is purported to be spurious, however, the same is subject to outcome of investigation.",1.0
2025-02,spurious,spurious,true,data/raw/cdsco_alerts/spurious/2025-02_spurious.pdf,1,1,1,Telma H (Telmisartan 40mg & Hydrochlorothiazide 12.5mg),,05240198,05240198,,false,2024-02,2027-01,Feb-2024,Jan-2027,Under Investigation,under investigation,Does not Conform to I.P.,,-,,"The actual manufacturer (as per label claim) has informed that the impugned batch of the product has not been manufactured by them and that it is a spurious drug. The product is purported to be spurious, however, the same is subject to outcome of investigation.",1.0
2025-03,spurious,spurious,true,data/raw/cdsco_alerts/spurious/2025-03_spurious.pdf,1,1,1,Telma 40 (Telmisartan Tab I.P. 40mg),,5240226,5240226,,false,2024-02,2027-01,Feb-24,Jan-27,Under Investigation,under investigation,Does not Conform to I.P.,,-,,"The actual manufacturer (as per label claim) has informed that the impugned batch of the product has not been manufactured by them and that it is a spurious drug. The product is purported to be spurious, however, the same is subject to outcome of investigation.",1.0
2025-04,spurious,spurious,true,data/raw/cdsco_alerts/spurious/2025-04_spurious.pdf,1,1,1,Nandrolone Decanoate Injection IP 50 mg/ml (DECA-DURABOLIN 50 Inj.),DECA-DURABOLIN 50,G303123,G303123,,false,2023-11,2027-10,Nov-2023,Oct-2027,Under Investigation,under investigation,Identification and Assay of Nandrolone Decanoate,,"Drugs Inspector, Bihar",,"The actual manufacturer (as per label claim) has informed that the impugned batch of the product has not been manufactured by them and that it is a spurious drug. The product is purported to be spurious, however, the same is subject to outcome of investigation.",1.0
2025-05,spurious,spurious,true,data/raw/cdsco_alerts/spurious/2025-05_spurious.pdf,1,1,1,Telmisartan Tablets I.P. 40mg (Telma 40),Telma 40,05240226,05240226,,false,2024-02,2027-01,Feb-2024,Jan-2027,Under Investigation,under investigation,Dissolution,,"Drugs Inspector, Bihar",,"The actual manufacturer (as per label claim) has informed that the impugned batch of the product has not been manufactured by them and that it is a spurious drug. The product is purported to be spurious, however, the same is subject to outcome of investigation.",1.0
2025-05,spurious,spurious,true,data/raw/cdsco_alerts/spurious/2025-05_spurious.pdf,1,2,2,Telmisartan Tablets IP 40mg (Telma 40),Telma 40,K18230707,K18230707,,false,2024-06,2027-05,Jun-2024,May-2027,Under Investigation,under investigation,Identification and Assay of Telmisartan,,"Drugs Inspector, Bihar",,"The actual manufacturer (as per label claim) has informed that the impugned batch of the product has not been manufactured by them and that it is a spurious drug. The product is purported to be spurious, however, the same is subject to outcome of investigation.",1.0
2025-06,spurious,spurious,true,data/raw/cdsco_alerts/spurious/2025-06_spurious.pdf,1,1,1,Cefixime Tablets IP (TAXIM-O 200 TABLETS),TAXIM-O 200,24460967,24460967,,false,2024-07,2026-06,Jul-2024,Jun-2026,Under Investigation,under investigation,Identification and Assay of Cefixime Trihydrate,,"Drugs Inspector, Bihar",,"The actual manufacturer (as per label claim) has informed that the impugned batch of the product has not been manufactured by them and that it is a spurious drug. The product is purported to be spurious, however, the same is subject to outcome of investigation.",1.0
2025-06,spurious,spurious,true,data/raw/cdsco_alerts/spurious/2025-06_spurious.pdf,1,2,2,Ointment of Heparin Sodium and Benzyl Nicotinate (THROMBOPHOB),THROMBOPHOB,I404138,I404138,,false,2024-08,2027-07,Aug-2024,Jul-2027,Under Investigation,under investigation,Identification and Assay of Heparin Sodium,,"Drugs Inspector, New Delhi",,"The actual manufacturer (as per label claim) has informed that the impugned batch of the product has not been manufactured by them and that it is a spurious drug. The product is purported to be spurious, however, the same is subject to outcome of investigation.",1.0
2025-06,spurious,spurious,true,data/raw/cdsco_alerts/spurious/2025-06_spurious.pdf,1,3,3,Rosuvas F 10 Tablets Rosuvastatin and Fenofibrate Tablets IP,,SIF2676A,SIF2676A,,false,2024-12,2027-05,12-2024,05-2027,Under Investigation,under investigation,Description and Assay of Fenofibrate,,"Drugs Inspector, Telangana",,"The actual manufacturer (as per label claim) has informed that the impugned batch of the product has not been manufactured by them and that it is a spurious drug. The product is purported to be spurious, however, the same is subject to outcome of investigation.",1.0
2025-06,spurious,spurious,true,data/raw/cdsco_alerts/spurious/2025-06_spurious.pdf,2,4,4,Rosuvas F 20 Tablets Rosuvastatin and Fenofibrate Tablets IP,,SIF2736A,SIF2736A,,false,2024-12,2027-05,12-2024,05-2027,Under Investigation,under investigation,Assay of Fenofibrate,,Drugs Inspector Telangana,,"The actual manufacturer (as per label claim) has informed that the impugned batch of the product has not been manufactured by them and that it is a spurious drug. The product is purported to be spurious, however, the same is subject to outcome of investigation.",1.0
2023-12,combined,nsq,false,data/raw/cdsco_alerts/combined/2023-12_combined.pdf,1,1,1,Montelukast Sodium and Levocetirizine Dihydrochloride Tablets (MELEE TABLETS),MELEE,JUN-23146,JUN23146,,false,2023-06,2025-05,Jun-2023,May-2025,"Bonsai Pharma, Kishanpura, Baddi-Nalagarh Road, P.O.Gurumajara, Distt. Solan (H.P.)",bonsai pharma,Assay of Montelukast Sodium Calculated as Montelukast,RDTL Chandigarh,"O/o State Drugs Controller, H.Q. Baddi, H.P.",,,1.0
2023-12,combined,nsq,false,data/raw/cdsco_alerts/combined/2023-12_combined.pdf,1,2,2,Multi-Vitamin Tablets (VITAJACKS-S TABLETS),VITAJACKS-S,T-171,T171,,false,2023-04,2025-03,Apr-2023,Mar-2025,"Jackson Laboratories Pvt. Ltd., 22-24, Majitha Road, Bye Pass, Amritsar-143001 (India)",jackson laboratories pvt ltd,Assay of Vitamin B1 and Vitamin C.,RDTL Chandigarh,"CDSCO (North Zone), Ghaziabad",,,1.0
2023-12,combined,nsq,false,data/raw/cdsco_alerts/combined/2023-12_combined.pdf,1,3,3,Telmisartan and Amlodipine Tablets IP (Zensartan-AM Tablets),Zensartan-AM,WEL22031,WEL22031,,false,2022-04,2024-09,Apr-2022,Sep-2024,"Windlas Biotech Limited (Plant-2), Khasra No. 141 to 143 & 145., Mohabewala Indl. Area, Dehradun-248110 (U.K.)",windlas biotech limited,Assay of Amlodipine Besilate calculated as Amlodipine,RDTL Chandigarh,"CDSCO Sub Zone Baddi,",,,1.0
2023-12,combined,nsq,false,data/raw/cdsco_alerts/combined/2023-12_combined.pdf,1,4,4,Telmisartan Tablets IP 40 mg (Telmibeck-40 Tablets),Telmibeck-40,BT23-297,BT23297,,false,2023-07,2025-06,Jul-2023,Jun-2025,"Biocore Pharmaceuticals, Plot No. 8-C, D.I.C. Indl. Area, Lodhimajra, Baddi, Distt. Solan (HP)-173205",biocore pharmaceuticals,Dissolution of Telmisartan,RDTL Chandigarh,"CDSCO Sub Zone Baddi,",,,1.0
2023-12,combined,nsq,false,data/raw/cdsco_alerts/combined/2023-12_combined.pdf,1,5,5,Pregabalin Capsules IP (Pragavir Capsules),Pragavir,MMC-1476,MMC1476,,false,2023-06,2025-05,Jun-2023,May-2025,"Mayoford Pharma, Near Railway Crossing, Chambaghat, Solan, Distt. Solan (H.P.)-173205",mayoford pharma,Assay of Pregabalin,RDTL Chandigarh,"State FDA, H.Q. Baddi, H.P.",,,1.0
2023-12,combined,nsq,false,data/raw/cdsco_alerts/combined/2023-12_combined.pdf,2,6,6,Cyproheptadine HCl and Tricholine Citrate Syrup (CYPOFINE-T Syrup),CYPOFINE-T,SHL1107B,SHL1107B,,false,2022-07,2024-06,Jul-2022,Jun-2024,"SUNFINE HEALTCHARE, Plot No.63, Ind.Area Lodhimajra, Tehsil Baddi, Distt. Solan (H.P.) 1732025",sunfine healtchare,Assay of Tricholine Citrate,RDTL Chandigarh,"State FDA, H.Q. Baddi, H.P.",,,1.0
2023-12,combined,nsq,false,data/raw/cdsco_alerts/combined/2023-12_combined.pdf,2,7,7,Sodium Valporate Tablets IP 200 mg,,423-499,423499,,false,2023-03,2025-02,Mar-2023,Feb-2025,"ZEE LABORATORIES LTD., Behind 47, Industrial Area, Paonta Sahib-173205",zee laboratories ltd,Dissolution of Sodium Valproate,RDTL Chandigarh,"State FDA Drugs Control Department, Delhi",,,1.0
2023-12,combined,nsq,false,data/raw/cdsco_alerts/combined/2023-12_combined.pdf,2,8,8,"Aceclofenac, Paracetamol and Serratiopeptidase Tablets (ACETOP-SP TABLETS)",ACETOP-SP,YT206011,YT206011,,false,2022-06,2024-05,Jun-2022,May-2024,"Yug Enteprises Pvt. Ltd., Khasra No.143M, Raipur, Bhagwanpur, Roorkee, Distt. haridwar (UK) 247661",yug enteprises pvt ltd,Assay of Serratiopeptidase,RDTL Chandigarh,"CDSCO (North Zone), Ghaziabad",,,1.0
2023-12,combined,nsq,false,data/raw/cdsco_alerts/combined/2023-12_combined.pdf,2,9,9,Cefpodoxime Proxetil Tablets IP (DOXTIL-200 TABLETS),DOXTIL-200,MHBT/23/038,MHBT23038,,true,2023-04,2025-03,Apr-2023,Mar-2025,"Morisus Healthcare, Ind. Area, Bhagwanpur, Roorkee-247661",morisus healthcare,"Uniformity of weight, Identification and Assay of Cefpodoxime Proxetil equivalent to anhydrous Cefpodoxime",RDTL Chandigarh,"State FDA, H.Q.Baddi, HP",,,1.0
2023-12,combined,nsq,false,data/raw/cdsco_alerts/combined/2023-12_combined.pdf,2,10,10,Ampicillin Capsules IP 500 mg (Ampicillin-500 Capsules),Ampicillin-500,RRCF 002,RRCF002,,false,2023-05,2025-04,May-2023,Apr-2025,"Ross Robinz Biotech, (Manufactured under technical guidance of ) ASHICON REMEDIES V.P.O-Barog, Solan - 173212 (H.P.)",ross robinz biotech,Assay of Ampicillin Trihydrate calculated as Ampicillin,RDTL Chandigarh,"State FDA, H.Q.Baddi, HP",,,1.0
2023-12,combined,nsq,false,data/raw/cdsco_alerts/combined/2023-12_combined.pdf,2,11,11,Amoxycillin Trihydrate Capsules IP (Amoxus -500 Capsules),Amoxus -500,CP04854,CP04854,,false,2023-06,2025-05,Jun-2023,May-2025,"Morisus Healthcare, Ind. Area, Bhagwanpur, Roorkee-247661",morisus healthcare,"Identification, Uniformity of filled weight and Assay of Amoxycillin trihydrate eq. to Amoxycillin",RDTL Chandigarh,"O/o State Drugs Controller, H.Q. Baddi, HP",,,1.0
2023-12,combined,nsq,false,data/raw/cdsco_alerts/combined/2023-12_combined.pdf,3,12,12,Azithromycin Tablets IP 500 mg (Zathron-500 Tablets),Zathron-500,45865,45865,,false,2023-03,2025-02,Mar-2023,Feb-2025,"Reon Pharma, Plot No. F-310, Road No-3, Phase-1st Kathwad, Gidc Bhind Odhav Vepan, Ahmedabad (Gujrat)",reon pharma,Identification and Assay of Azithromycin Dihydrate equivalent to anhydrous Azithromycin,RDTL Chandigarh,"State FDA, H.Q.Baddi, HP",,,1.0
2023-12,combined,nsq,false,data/raw/cdsco_alerts/combined/2023-12_combined.pdf,3,13,13,Cefuroxime Axetil Tablets IP (Roxim-500 Tablets),Roxim-500,457783,457783,,false,2023-03,2026-02,Mar-2023,Feb-2026,"Reon Pharma, Plot No. F-310, Road No-3, Phase-1st Kathwad, Gidc Bhind Odhav Vepan, Ahmedabad (Gujrat)",reon pharma,"Identification, Uniformity of weight and Assay of Cefuroxime Axetil eq. to Cefuroxime",RDTL Chandigarh,"O/o State Drugs Controller, H.Q. Baddi, HP",,,1.0
2023-12,combined,nsq,false,data/raw/cdsco_alerts/combined/2023-12_combined.pdf,3,14,14,Cefixime Trihydrate and Lactic Acid Bacillus Tablets (MEF-200 LB TABLETS),MEF-200 LB,MHBT/23/025,MHBT23025,,true,2023-04,2025-03,Apr-2023,Mar-2025,"Morisus Healthcare, Ind. Area, Bhagwanpur, Roorkee-247661",morisus healthcare,Identification and Assay of Cefixime Trihydrate eq. to Anhydrous Cefixime,RDTL Chandigarh,"State FDA H.Q. Baddi, HP",,,1.0
2023-12,combined,nsq,false,data/raw/cdsco_alerts/combined/2023-12_combined.pdf,3,15,15,Ascorbic Acid +Zinc 500mg/5mg Capsules (MAX-CEE+CAPSULES),MAX-CEE+,MT-2231,MT2231,,false,2023-04,2026-03,Apr-2023,Mar-2026,"Mason Pharma, P1, 125 EPIP, Jharmajri, Dist. Solan (HP), India",mason pharma,Identification and Assay of Zinc Sulphate monohydrate calculated as elemental Zinc and Assay of Sodium Ascorbate calculated as Ascorbic acid,RDTL Chandigarh,"O/o State Drugs Controller, H.Q. Baddi, HP",,,1.0
2023-12,combined,nsq,false,data/raw/cdsco_alerts/combined/2023-12_combined.pdf,4,16,16,Ascorbic Acid 500 mg Capsules (MAX-CEE CAPSULES),MAX-CEE,MT-2232,MT2232,,false,2023-04,2026-03,Apr-2023,Mar-2026,"Mason Pharma, P1, 125 EPIP, Jharmajri, Dist. Solan (HP), India",mason pharma,Assay of Sodium Ascorbate calculated as Ascorbic Acid,RDTL Chandigarh,"State FDA H.Q. Baddi, HP",,,1.0
2023-12,combined,nsq,false,data/raw/cdsco_alerts/combined/2023-12_combined.pdf,4,17,17,TESTO-VAS-250 (Testosterone Mix Compound Injection),Testosterone Mix Compound,MI-101,MI101,,false,2022-09,2025-08,Sep-2022,Aug-2025,"QP Pharmachem Ltd., F-5, Focal Point, Dera Bassi, SAS Nagar (Pb). 140507.",qp pharmachem ltd,Particulate Matter and Description,CDL Kolkata,"Office of the Assistant Director, Vijayawada, NTR Dist. A.P.",,,1.0
2023-12,combined,nsq,false,data/raw/cdsco_alerts/combined/2023-12_combined.pdf,4,18,18,Peritoneal Dialysis Solution IP (1.7% w/v) (PD 1.7 ),,1K25276,1K25276,,false,2022-11,2025-10,Nov-2022,Oct-2025,"Aculife Healthcare Pvt. Ltd., Sachana, Gujarat 382150, India.",aculife healthcare pvt ltd,Assay of Calcium,CDL Kolkata,CDSCO Hyderabad.,,,1.0
2023-12,combined,nsq,false,data/raw/cdsco_alerts/combined/2023-12_combined.pdf,4,19,19,SODIUM CHLORIDE INJECTION IP (0.9% w/v) (NS),,S1FBV01,S1FBV01,,false,2022-01,2023-12,Jan-2022,Dec-2023,"Swaroop Pharmaceuticals Pvt. Ltd., A-10, Tala Nagari Industrial Area, Aligarh 202001.",swaroop pharmaceuticals pvt ltd,Bacterial endotoxins,CDL Kolkata,"CDSCO, Baddi",,,1.0
2023-12,combined,nsq,false,data/raw/cdsco_alerts/combined/2023-12_combined.pdf,4,20,20,Heparin Sodium Injection IP 5000 IU/5ml,,AGI-23111,AGI23111,,false,2023-05,2025-04,May-2023,Apr-2025,"Alliance Biotech, 440/3, Vill-Katha, Baddi, Solan (H.P.)-173205",alliance biotech,"pH, Particulate Matter and Description",CDL Kolkata,"O/o. The Drugs Inspector, Odisha, Odisha, Bhubaneswar-V Range, Bhubaneswar",,,1.0
2023-12,combined,nsq,false,data/raw/cdsco_alerts/combined/2023-12_combined.pdf,4,21,21,Heparin Sodium Injection IP 5000 IU/5ml,,AGI-23110,AGI23110,,false,2023-05,2025-04,May-2023,Apr-2025,"Alliance Biotech, 440/3, Vill-Katha, Baddi, Solan (H.P.)-173205",alliance biotech,"pH, Particulate Matter and Description",CDL Kolkata,"O/o. The Drugs Inspector, Odisha, Sambalpur Range, Sambalpur",,,1.0
2023-12,combined,nsq,false,data/raw/cdsco_alerts/combined/2023-12_combined.pdf,4,22,22,Heparin Sodium Injection IP 5000 IU/5ml,,AGI-23109,AGI23109,,false,2023-05,2025-04,May-2023,Apr-2025,"Alliance Biotech, 440/3, Vill-Katha, Baddi, Solan (H.P.)-173205",alliance biotech,Particulate Matter and Description,CDL Kolkata,"O/o. The Drugs Inspector, Odisha, Sambalpur",,,1.0
2023-12,combined,nsq,false,data/raw/cdsco_alerts/combined/2023-12_combined.pdf,5,23,23,"Trypsin, Bromelain & Rutoside Trihydrate Tablets (Rednil)",Rednil,DMT1197B,DMT1197B,,false,2023-08,2025-07,Aug-2023,Jul-2025,"DM Pharma Private Limited (WHO GMP & ISO APPROVED), NH-21A, Vill. Bhud, Baddi, District Solan, H.P. 173205.",dm pharma private limited,Assay/content of 'Trypsin',CDL Kolkata,"CDSCO, Baddi",,,1.0
2023-12,combined,nsq,false,data/raw/cdsco_alerts/combined/2023-12_combined.pdf,5,24,24,Cefepime and Tazobactam for Injection (Pimebest-TZ),Pimebest-TZ,YBZ3101,YBZ3101,,false,2023-07,2025-06,Jul-2023,Jun-2025,"Yeluri Formulations Pvt Ltd., Sy. No. 296/7/6, I.D.A. Bollaram, Sangareddy District- 502325, Telangana, India.",yeluri formulations pvt ltd,"Completeness of solution, Clarity of Solution and Particulate Matter",CDL Kolkata,"CDSCO, Hyderabad",,,1.0
2023-12,combined,nsq,false,data/raw/cdsco_alerts/combined/2023-12_combined.pdf,5,25,25,Shercef-TZ (Ceftriaxone and Tazobactam for Injection 1.125 gm),Ceftriaxone and Tazobactam for Injection 1.125 gm,YSZ3103,YSZ3103,,false,2023-07,2025-06,Jul-2023,Jun-2025,"Yeluri Formulations Pvt Ltd., Sy. No. 296/7/6, I.D.A. Bollaram, Sangareddy District- 502325, Telangana, India.",yeluri formulations pvt ltd,"Completeness of solution, Clarity of Solution and Particulate Matter",CDL Kolkata,"CDSCO, Hyderabad",,,1.0
2023-12,combined,nsq,false,data/raw/cdsco_alerts/combined/2023-12_combined.pdf,5,26,26,"EDU-AX SYRUP (Ambroxol Hydrochloride, Terbutaline Sulphate, Guaiphenesin and Menthol Syrup )",,RL22287,RL22287,,false,2023-02,2025-01,Feb-2023,Jan-2025,"Rachil Pharma 18-19, Phase-1, Ind. Area, Sansarpur Terrace, District Kangra H.P. 176501",rachil pharma 18 19,"Assay of Ambroxol Hydrochloride, Menthol and Description",CDL Kolkata,"O/o CMO, Bilaspur, HP",,,1.0
2023-12,combined,nsq,false,data/raw/cdsco_alerts/combined/2023-12_combined.pdf,5,27,27,Myspas (Mefenamic Acid & Dicyclomine HCl Tablets I.P.),Mefenamic Acid & Dicyclomine HCl Tablets I.P.,T-230764,T230764,,false,2023-09,2025-08,Sep-2023,Aug-2025,"Sunlife Sciences, 130, Kurdi, Jhabrera Road, Manglour, Roorkee, Distt. Haridwar (U.K.).",sunlife sciences,Dissolution,CDL Kolkata,"CDSCO, Sub-Zone, Rishikesh",,,1.0
2023-12,combined,nsq,false,data/raw/cdsco_alerts/combined/2023-12_combined.pdf,5,28,28,Fexofenadine Hydrochloride Tablets IP,,658-009,658009,,false,2022-09,2024-08,Sep-2022,Aug-2024,"Signature Phytochemical Industries, 122, MI, Selaqui Industrial Area, Dehradun-248011.",signature phytochemical industries,Dissolution,CDL Kolkata,"CDSCO, Zonal Office, Bangalore",,,1.0
2023-12,combined,nsq,false,data/raw/cdsco_alerts/combined/2023-12_combined.pdf,5,29,29,Pregabalin SR 75 and Methylcobalamin 1500 mcg Tablets,,PMC-2311,PMC2311,,false,2023-09,2025-08,Sep-2023,Aug-2025,"Seeko biotics, Krishna Nagar-522502 (A.P.)",seeko biotics,"Assay of Pregabalin and Methylcobalamin, Dissolution of Pregabalin and Description",CDL Kolkata,"CDSCO ,Sub-Zone, Visakhapatnam",,,1.0
2023-12,combined,nsq,false,data/raw/cdsco_alerts/combined/2023-12_combined.pdf,6,30,30,Betamethasone Sodium Phosphate Injection IP 4mg/ml,,BS-2303,BS2303,,false,2023-08,2025-07,Aug-2023,Jul-2025,Konis Pharmaceuticals Krishna Nagar-522502 (A.P.),konis pharmaceuticals krishna nagar 522502,"Description , Particulate Matter and Related Substances.",CDL Kolkata,"CDSCO ,Sub-Zone, Visakhapatnam",,,1.0
2023-12,combined,nsq,false,data/raw/cdsco_alerts/combined/2023-12_combined.pdf,6,31,31,MULTIVITAMIN TABLETS NFI,,TN2212142,TN2212142,,false,2022-12,2024-02,Dec-2022,Feb-2024,"Adroit Pharmaceuticals Pvt. Ltd., 46, Garoba Maidan, Nagpur-440008 (M.S)",adroit pharmaceuticals pvt ltd,Assay of vitamin D3 and Description,CDL Kolkata,"CDSCO., West Zone, Mumbai",,,1.0
2023-12,combined,nsq,false,data/raw/cdsco_alerts/combined/2023-12_combined.pdf,6,32,32,Levofull (Levofloxacin 500 mg ),,23ATE0906,23ATE0906,,false,2023-09,2026-08,Sep-2023,Aug-2026,"Acies Pharmaceutical Pvt. Ltd ., 14, Mile Stone, Rudrapur-Kashipur Road , Gadarpur, Distt. U.S. Nagar, Uttarakhand - 263152, India.",acies pharmaceutical pvt ltd,Disintegration and Dissolution,CDL Kolkata,"CDSCO, Sub-Zone, Rishikesh",,,1.0
2023-12,combined,nsq,false,data/raw/cdsco_alerts/combined/2023-12_combined.pdf,6,33,33,CEFOPERAZONE INJECTION IP (PICOZONE INJECTION),PICOZONE,HICO23010A,HICO23010A,,true,2023-10,2025-09,Oct-2023,Sep-2025,"Health Biotech Ltd., Village Sandoli, Nalagarh Road, Baddi, Distt. Solan (H.P.)- 173205.",health biotech ltd,"Particulate matter, Clarity of Solution and Assay",CDL Kolkata,"CDSCO, Baddi",,,1.0
2023-12,combined,nsq,false,data/raw/cdsco_alerts/combined/2023-12_combined.pdf,6,34,34,LIGNOCAINE HYDROCHLORIDE INJECTION I.P. (A-CAINE),A-CAINE,HILA23013C,HILA23013C,,true,2023-08,2025-07,Aug-2023,Jul-2025,"Health Biotech Ltd., Village Sandoli, Nalagarh Road, Baddi, Distt. Solan (H.P.)- 173205.",health biotech ltd,Assay of Lignocaine Hydrochloride,CDL Kolkata,"CDSCO, Baddi",,,1.0
2023-12,combined,nsq,false,data/raw/cdsco_alerts/combined/2023-12_combined.pdf,6,35,35,Unlabeled white tablets Calcium and Vitamin D3,,Unlabeled,UNLABELED,,false,,,Not Mentioned,Not Mentioned,"Kanha Biogenetic, Plot No. 1C, E.P.I.P., Phase 1, Jharmajri, Baddi, Dist. Solan, (H.P.)",kanha biogenetic,Assay of Calcium and Description,CDL Kolkata,"CDSCO, Baddi",,,0.7
2023-12,combined,nsq,false,data/raw/cdsco_alerts/combined/2023-12_combined.pdf,6,36,36,Calcium Carbonate with Vitamin D3 Tablets IP,,UP2310036,UP2310036,,false,2023-10,2025-09,Oct-2023,Sep-2025,"Kanha Biogenetic, Plot No. 1C, E.P.I.P., Phase 1, Jharmajri, Baddi, Dist. Solan, (H.P.)",kanha biogenetic,Assay of Calcium and Description,CDL Kolkata,"CDSCO, Baddi",,,1.0
2023-12,combined,nsq,false,data/raw/cdsco_alerts/combined/2023-12_combined.pdf,7,37,37,Calcium Carbonate with Vitamin D3 Tablets IP,,WB2309007,WB2309007,,false,2023-09,2025-08,Sep-2023,Aug-2025,"Kanha Biogenetic, Plot No. 1C, E.P.I.P, Phase 1, Jharmajri, Baddi, Dist. Solan, (H.P.)",kanha biogenetic,Assay of Calcium,CDL Kolkata,"CDSCO, Baddi",,,1.0
2023-12,combined,nsq,false,data/raw/cdsco_alerts/combined/2023-12_combined.pdf,7,38,38,Calcium Carbonate with Vitamin D3 Tablets IP,,UP2310033,UP2310033,,false,2023-10,2025-09,Oct-2023,Sep-2025,"Kanha Biogenetic, Plot No. 1C, E.P.I.P, Phase 1, Jharmajri, Baddi, Dist. Solan, (H.P.).",kanha biogenetic,Assay of Calcium and Description,CDL Kolkata,"CDSCO, Baddi",,,1.0
2023-12,combined,nsq,false,data/raw/cdsco_alerts/combined/2023-12_combined.pdf,7,39,39,Unlabeled white tablets Calcium and Vitamin D3,,Unlabeled,UNLABELED,,false,,,Not Mentioned,Not Mentioned,"Kanha Biogenetic, Plot No. 1B, EPIP, Phase 1, Jharmajri, Baddi, Dist. Solan, (H.P.).",kanha biogenetic,Assay of Calcium and Description,CDL Kolkata,"CDSCO, Baddi",,,0.7
2023-12,combined,nsq,false,data/raw/cdsco_alerts/combined/2023-12_combined.pdf,7,40,40,MOXIZEE-P Eye Drops (Moxifloxacin & Prednisolone Acetate Eye Drops),Moxifloxacin & Prednisolone Acetate Eye Drops,1223-319,1223319,,false,2023-08,2025-07,Aug-2023,Jul-2025,"Zee Laboratories Ltd., Behind, 47, Industrial Area, Paonta Sahib-173025, India.",zee laboratories ltd,Assay of Prednisolone,CDL Kolkata,"CDSCO ,Sub-Zone, Visakhapatnam",,,1.0
2023-12,combined,nsq,false,data/raw/cdsco_alerts/combined/2023-12_combined.pdf,7,41,41,Heparin Sodium Injection IP 5000 IU/5ml,,AGI-23108,AGI23108,,false,2023-05,2025-04,May-2023,Apr-2025,"Alliance Biotech, 440/3, Village Katha, Baddi, Solan (H.P.)- 173205.",alliance biotech,"pH, Particulate Matter and Description",CDL Kolkata,"State FDA, Odisha, Ganjam-I Range, Berhampur",,,1.0
2023-12,combined,nsq,false,data/raw/cdsco_alerts/combined/2023-12_combined.pdf,7,42,42,CALCIUM GLUCONATE INJECTION I.P. 10ml,,CG23Y1,CG23Y1,,false,2023-05,2025-04,May-2023,Apr-2025,"Acro Lifesciences (India) Pvt. Ltd., C-86, MIDC, Hingna, Nagpur-16.",acro lifesciences pvt ltd,"Assay of Calcium Gluconate, Particulate Matter and Description.",CDL Kolkata,"CDSCO, Ahmedabad",,,1.0
2023-12,combined,nsq,false,data/raw/cdsco_alerts/combined/2023-12_combined.pdf,7,43,43,TESCALVIT D3 Tablets (Calcium Carbonate & Vitamin D3 Tablets),Calcium Carbonate & Vitamin D3,PT-30296,PT30296,,false,2023-02,2025-01,Feb-2023,Jan-2025,"Pharmaroots Health Care, Khasra No.411, Village Tipra, P.O.- Barotiwala, Tehsil Baddi, Distt. Solan. H.P.",pharmaroots health care,Assay of Vitamin D3 and Description,CDL Kolkata,"CDSCO, Zonal Office, Bangalore",,,1.0
2023-12,combined,nsq,false,data/raw/cdsco_alerts/combined/2023-12_combined.pdf,7,44,44,Oxytetracycline Injection I.P. 30 ml,,TR-129,TR129,,false,2023-10,2025-03,Oct-2023,Mar-2025,"PAR Pharmaceuticals Pvt. Ltd., 5th KM Roorkee Road, Muzaffarnagar (U.P.) - 251003.",par pharmaceuticals pvt ltd,"Description, pH and Particulate Matter",CDL Kolkata,"CDSCO, North Zone, Ghaziabad",,,1.0
2023-12,combined,nsq,false,data/raw/cdsco_alerts/combined/2023-12_combined.pdf,8,45,45,STREPTOMYCIN (STREPTOMYCIN INJECTION I.P. (0.75g.) ),,STRO-0103,STRO0103,,false,2023-04,2025-03,April-2023,Mar-2025,"PAR Pharmaceuticals Pvt. Ltd., 5th KM Roorkee Road, Muzaffarnagar (U.P.) - 251001.",par pharmaceuticals pvt ltd,"Clarity of solution, Particulate Matter and Description",CDL Kolkata,"CDSCO, North Zone, Ghaziabad",,,1.0
2023-12,combined,nsq,false,data/raw/cdsco_alerts/combined/2023-12_combined.pdf,8,46,46,TELGO-80 (Telmisartan Tablets IP),Telmisartan Tablets IP,OT-231699,OT231699,,false,2023-11,2025-10,Nov-2023,Oct-2025,"Orchid Bio-Tech Limited, 65, Peerpura-Delhi Highway, Roorkee- 247667 (U.K.)",orchid bio tech limited,Dissolution,CDL Kolkata,"CDSCO, Sub-Zone, Rishikesh",,,1.0
2023-12,combined,nsq,false,data/raw/cdsco_alerts/combined/2023-12_combined.pdf,8,47,47,"Piroxicam Tablets I.P. 20 mg,",,URDT2340,URDT2340,,false,2023-10,2026-09,Oct-2023,Sep-2026,"Unicure India Ltd., Plot No. 46(B), /49B, Vill. Raipur, Bhagwanpur, Roorkee, Distt. Haridwar, Uttarakhand.",unicure india ltd,Dissolution,CDL Kolkata,"CDSCO, Sub-Zone, Rishikesh",,,1.0
2023-12,combined,nsq,false,data/raw/cdsco_alerts/combined/2023-12_combined.pdf,8,48,48,HEPARIN SODIUM INJECTION IP 5000 IU/5ML,,AGI-23107,AGI23107,,false,2023-05,2025-04,May-2023,Apr-2025,"Alliance Biotech, 440/3, Vill-Katha, Baddi, Solan (H.P.)-173205",alliance biotech,"pH, Particulate Matter and Description",CDL Kolkata,"O/o. The Drugs Inspector, Odisha, Odisha,Cuttack-V Range,Cuttack.",,,1.0
2023-12,combined,nsq,false,data/raw/cdsco_alerts/combined/2023-12_combined.pdf,8,49,49,"Heparin Sodium Injection IP 5000 IU/5ml ,(INFA-HEP)",INFA-HEP,A23LV060B,A23LV060B,,false,2023-05,2025-04,May-2023,Apr-2025,"Infallible Pharma Pvt. Ltd., HO: 202, Matru Smruti Bldg, Lokmanya Tilak Road-2, Behind Swami Narayan Mandir, Dadar (East), Mumbai-400014.",infallible pharma pvt ltd,"pH, Particulate Matter and Description",CDL Kolkata,"O/o. The Drugs Inspector, Odisha, Odisha,Cuttack-VI Range,Cuttack.",,,1.0
2023-12,combined,nsq,false,data/raw/cdsco_alerts/combined/2023-12_combined.pdf,8,50,50,HEPARIN SODIUM INJECTION IP 5000 IU/5ML,,AGI-23112,AGI23112,,false,2023-05,2025-04,May-2023,Apr-2025,"Alliance Biotech , 440/3, Village Katha, Baddi, Solan (H.P.)- 173205.",alliance biotech,"pH, Particulate Matter, Assay and Description",CDL Kolkata,"State FDA, Odisha, Bhubaneswar-III Range, Bhubaneswar.",,,1.0
2023-12,combined,nsq,false,data/raw/cdsco_alerts/combined/2023-12_combined.pdf,8,51,51,HEPARIN SODIUM INJECTION IP 5000 IU/5ML,,AGI-23113,AGI23113,,false,2023-05,2025-04,May-2023,Apr-2025,"Alliance Biotech , 440/3, Village Katha, Baddi, Solan (H.P.)- 173205.",alliance biotech,"pH, Particulate Matter and Description",CDL Kolkata,"O/o. The Drugs Inspector, Odisha, Odisha, Bhubaneswar-III",,,1.0
2023-12,combined,nsq,false,data/raw/cdsco_alerts/combined/2023-12_combined.pdf,9,52,52,HEPARIN SODIUM INJECTION IP 5000 IU/5ML,,AGI-23114,AGI23114,,false,2023-05,2025-04,May-2023,Apr-2025,"Alliaance Biotech, 440/3, Village Katha, Baddi, Solan (H.P.)- 173205.",alliaance biotech,Particulate Matter and Description,CDL Kolkata,"O/o. The Drugs Inspector, Odisha, Odisha, Bhubaneswar-III Range, Bhubaneswar.",,,1.0
2023-12,combined,nsq,false,data/raw/cdsco_alerts/combined/2023-12_combined.pdf,9,53,53,MAFNAC-SPAS (MEFENAMIC ACID & PARACETAMOL TABLETS),MEFENAMIC ACID & PARACETAMOL,MFNT-001,MFNT001,,false,2022-03,2025-02,Mar-2022,Feb-2025,"Laborate Pharmaceuticals India Ltd., (Unit-II), #31, Rajban Road, Nariwala, Paonta Sahib (H.P.),",laborate pharmaceuticals india ltd,Disintegration and Description,CDL Kolkata,"State FDA, Drugs Inspector Office, Bokaro-1, Bokaro",,,1.0
2023-12,combined,nsq,false,data/raw/cdsco_alerts/combined/2023-12_combined.pdf,9,54,54,Ovit Cee Tablets (Ascorbic Acid Tablets IP ),Ascorbic Acid Tablets IP,T-2306-08,T230608,,false,2023-06,2024-11,Jun-2023,Nov-2024,"Oscar Remedies, Johron, Adjoining Industrial Area, Kala-Amb- 173030 (H.P.),",oscar remedies,Assay of 'Ascorbic Acid' and Description,CDL Kolkata,"CDSCO, Zonal Office, Bangalore",,,1.0
2023-12,combined,nsq,false,data/raw/cdsco_alerts/combined/2023-12_combined.pdf,9,55,55,Digiver (Digoxin Injection BP 250 MCG/ML),,E1582204,E1582204,,false,2022-12,2024-11,Dec-2022,Nov-2024,"Verve Human Care Laboratories 15-A, Pharmacity, Selaqui Dehradun- 248011 (Uttarakhand), India.",verve human care laboratories 15 a,Assay/Content of Digoxin,CDL Kolkata,"CDSCO, Sub-Zone, Rishikesh",,,1.0
2023-12,combined,nsq,false,data/raw/cdsco_alerts/combined/2023-12_combined.pdf,9,56,56,"Zalcoril-LS Syrup (Ambroxol Hcl, Levosalbutamol & Guaiphenesin Syrup-100 ml)",,VDL-1240,VDL1240,,false,2022-07,2024-06,Jul-2022,Jun-2024,"VVPB Pharmaceuticals Pvt. Ltd., Kh. No. 114, Vill. Damowala, P.O. Barotiwala, Baddi, Dist. Solan (H.P.) -174103",vvpb pharmaceuticals pvt ltd,Content of Diethylene Glycol,CDL Kolkata,"O/o. District Drugs Control Officer, Prakash Nagar, DCA, A.P.",,,1.0
2023-12,combined,nsq,false,data/raw/cdsco_alerts/combined/2023-12_combined.pdf,9,57,57,Itraconazole Capsules 100mg (ITRAKAM 100),ITRAKAM 100,2304104,2304104,,false,2023-04,2025-03,Apr-2023,Mar-2025,"Impulse Pharma Pvt. Ltd., J-201, J. 202/1, MIDC Tarapur, Boisar, Dist-PaLGHAR-401506, Maharashtra Sate_ india",impulse pharma pvt ltd,Dissolution,CDTL-Mumbai,CDSCO West-Zone Mumbai,,,1.0
2023-12,combined,nsq,false,data/raw/cdsco_alerts/combined/2023-12_combined.pdf,9,58,58,Clopidogrel & Aspirin Tablets IP (75mg / 75mg),,MT221335,MT221335,,false,2022-04,2024-03,Apr-2022,Mar-2024,"Mascot Health Series Pvt. Ltd., ' Plot No. 79, 80, Sector-6A, IIE, Sidcul, Haridwar-249403",mascot health series pvt ltd,"Related Substances Free Salicylic Acid, Assay for Clopidogrel & Description",CDTL-Mumbai,CDSCO West-Zone Mumbai,,,1.0
2023-12,combined,nsq,false,data/raw/cdsco_alerts/combined/2023-12_combined.pdf,10,59,59,Diltizem Tablets IP 60mg,,GM23005,GM23005,,false,2023-03,2025-02,Mar-2023,Feb-2025,"Skymap Pharmaceuticals Pvt. Ltd., B-3, Dev Bhoomi Industrial Esate, Puhana lqbalpur Road, Roorkee-247667",skymap pharmaceuticals pvt ltd,Related Substances,CDTL-Mumbai,CDSCO West-Zone Mumbai,,,1.0
2023-12,combined,nsq,false,data/raw/cdsco_alerts/combined/2023-12_combined.pdf,10,60,60,Metformin Hydrochloride Tablets IP,,GT0712,GT0712,,false,2023-08,2025-07,Aug-2023,Jul-2025,"Deep Pharma, unit-2, Survey No. 293/3, Behind Jalaram Mandir, Kalikund-Kheda Road, Dholka 382225, Distt. Ahmedabad.",deep pharma,Description,CDTL-Mumbai,CDSCO Ahmedabad,,,1.0
2023-12,combined,nsq,false,data/raw/cdsco_alerts/combined/2023-12_combined.pdf,10,61,61,Pantoprazole Tablets I.P. 40mg,,PNT/2300 I,PNT2300I,,false,2023-05,2025-04,May-2023,Apr-2025,"Maan Pharmaceuticals Ltd., Plot-I GIDC, Phase-IL Modhera Road, Mehsana-384002, Gujarat",maan pharmaceuticals ltd,Dissolution (Buffer stage),CDTL-Mumbai,CDSCO West-Zone Mumbai,,,1.0
2023-12,combined,nsq,false,data/raw/cdsco_alerts/combined/2023-12_combined.pdf,10,62,62,Bisacodyl Gastro-Resistance Tablets IP 5mg (Bisacodyl),Bisacodyl,EGT10909,EGT10909,,false,2021-09,2024-08,Sep-2021,Aug-2024,"Elder Labs Limited, Vill : Kishnapur, Baddi-Nalagarh Road, Baddi, Distt. Solan. (H.P.) - 174101",elder labs limited,"Assay, Dissolution",CDTL-Mumbai,CDSCO West-Zone Mumbai,,,1.0
2023-12,combined,nsq,false,data/raw/cdsco_alerts/combined/2023-12_combined.pdf,10,63,63,Cefoperazone Injection IP. (NOZACEF-1 GM),NOZACEF-1 GM,PD042309,PD042309,,false,2023-04,2025-03,Apr-2023,Mar-2025,"Primus Pharmaceuticals, Sadhoura Road, Mouza Ogli Khari Vill Asgarpur Majra, Kala Amb, Distt. Sirmour-(H. P.) 173030",primus pharmaceuticals,Assay of Cefoperazone,"RDTL, Guwahati","State Drugs Inspector, Arunachal Pradesh",,,1.0
2023-12,combined,nsq,false,data/raw/cdsco_alerts/combined/2023-12_combined.pdf,10,64,64,"Calcitriol, Calcium Carbonate, Vitamin K2-7, Methylcobalamin, Zinc, Magnesium & L-Methyl Folate Softgel Capsules (Maycal K2 Softgel)",Maycal K2 Softgel,CHD-2039,CHD2039,,false,2022-02,2024-01,Feb-2022,Jan-2024,"Capsoft Healthcare Pvt. Ltd.,, Shed No. 6, Khasra No. 760- 761, Khalsa Complex, Village Karuna, Sai Road, Baddi, Solan-173205, H.P.",capsoft healthcare pvt ltd,"Assay of ""Methylcobalamin "" & ""L-Methyl Folate"" and Description.","RDTL, Guwahati","State Drugs Inspector, Arunachal Pradesh",,,1.0
2023-12,combined,nsq,false,data/raw/cdsco_alerts/combined/2023-12_combined.pdf,10,65,65,METRONIDAZOLE & FURAZOLIDONE TABLETS (DIARRNIL),DIARRNIL,BNT-425,BNT425,,false,2022-06,2024-05,Jun-2022,May-2024,"BONN SCHTERING BIO SCIENCES, PLOT NO. 64 & 65, 1ST FLOOR ELECTRONICS PARK, THIRUBUVANAI, MANNADIPET COMMUNE, PUDUCHERRY-605107",bonn schtering bio sciences,Disintegration,"RDTL, Guwahati","Inspector of Drugs, Jowai, Meghalaya",,,1.0
2023-12,combined,nsq,false,data/raw/cdsco_alerts/combined/2023-12_combined.pdf,11,66,66,Glimepiride Tablets IP.. (Glimnol-1 Tablets),Glimnol-1,PT-22953,PT22953,,false,2023-01,2024-12,Jan-2023,Dec-2024,"Pharmaroots Healthcare, Khasra No. 411, Village Tipra, P.O. Barotiwala, Tehsil Baddi, Distt. Solan, H.P",pharmaroots healthcare,Dissolution,"RDTL, Guwahati","State Drugs control Officer, Nagaland",,,1.0
2023-12,combined,nsq,false,data/raw/cdsco_alerts/combined/2023-12_combined.pdf,11,67,67,Paracetamol & Diclofenac Sodium Tablets (KEZIPYRIN),KEZIPYRIN,KZ-004,KZ004,,false,2022-03,2024-02,Mar-2022,Feb-2024,"Indian Remedies, Bhagawat Nagar- 800020",indian remedies,Assay of Paracetamol and Diclofenac Sodium,"RDTL, Guwahati","State Inspector of Drugs, Bihar",,,1.0
2023-12,combined,nsq,false,data/raw/cdsco_alerts/combined/2023-12_combined.pdf,11,68,68,Itraconazole Capsules BP. (ITROX-200),ITROX-200,LGL07/150/20,LGL0715020,,true,2022-07,2024-06,Jul-2022,Jun-2024,"Logos Pharma, village Maissa Tibba, Tehsil Nalagarh, District Solan (H.P.) - 174101",logos pharma,Dissolution,"RDTL, Guwahati","State Inspector of Drugs, Jharkhand",,,1.0
2023-12,combined,nsq,false,data/raw/cdsco_alerts/combined/2023-12_combined.pdf,11,69,69,Albendazole Tablets IP (Opida- 400),Opida- 400,23A-T149,23AT149,,false,2023-04,2025-03,Apr-2023,Mar-2025,"Orison Pharma International, Khari, Mouza Ogli, Kala Amb,- 173030 (H.P.)",orison pharma international,Dissolution,"RDTL, Guwahati","State Drugs Inspector, Arunachal Pradesh",,,1.0
2023-12,combined,nsq,false,data/raw/cdsco_alerts/combined/2023-12_combined.pdf,11,70,70,Pantoprazole Gastro-resistant Tablets IP (PAN-40),PAN-40,22442076,22442076,,false,2022-07,2024-12,Jul-2022,Dec-2024,"ALKEM HEALTH SCIENCE, Unit-2, Samardung, Karek Block, PO- Namthang, South Sikkim-737137",alkem health science,Assay,"RDTL, Guwahati","State Inspector of Drugs, Bihar",,,1.0
2023-12,combined,nsq,false,data/raw/cdsco_alerts/combined/2023-12_combined.pdf,11,71,71,Methylergometrine Injection IP (0.2mg/ml),,I-6067,I6067,,false,2023-01,2024-12,Jan-2023,Dec-2024,"Jackson Laboratories Pvt. Ltd., 22-24, Majitha Road, Bye Pass, Amritsar- 143001",jackson laboratories pvt ltd,Bacterial endotoxins,"RDTL, Guwahati","State Inspector of Drugs, Madhubani, Bihar",,,1.0
2023-12,combined,nsq,false,data/raw/cdsco_alerts/combined/2023-12_combined.pdf,11,72,72,AMOXYCILLIN ORAL SUSPENSION I.P. 250 mg/5ml,,RD220037,RD220037,,false,2022-10,2024-09,Oct-2022,Sep-2024,"RIDLEY LIFE SCIENCE PVT. LTD., D-1651, DSIDC, Indl. Complex, Narela, Delhi- 110040",ridley life science pvt ltd,Assay & pH,"RDTL, Guwahati","State Inspector of Drugs, Jowai, Meghalaya",,,1.0
2023-12,combined,nsq,false,data/raw/cdsco_alerts/combined/2023-12_combined.pdf,12,73,73,Glimepiride Tablets I.P. (Glimicut-1),Glimicut-1,SG22022,SG22022,,false,2022-03,2024-02,Mar.2022,Feb.2024,"Sanctus Global Formulations Limited, Khasra No. 587/588, Village Kunjhal, Backside Jharmjri, Tehsil-Baddi, Distt.- Solan, (H.P.) Pin- 174103",sanctus global formulations limited,Dissolution,"RDTL, Guwahati","Inspector of Drugs, Jharkhand",,,1.0
2023-12,combined,nsq,false,data/raw/cdsco_alerts/combined/2023-12_combined.pdf,12,74,74,Paracetamol Tablets IP 500mg. (Galpara),Galpara,GPT22003,GPT22003,,false,2022-07,2025-06,Jul-2022,Jun-2025,"Galpha Laboratories Limited, Village-Thana, Baddi, Himachal Pradesh- 173205",galpha laboratories limited,Dissolution,"RDTL, Guwahati","Inspector of Drugs, Meghalaya",,,1.0
2023-12,combined,nsq,false,data/raw/cdsco_alerts/combined/2023-12_combined.pdf,12,75,75,ISONIAZID TABLETS IP 300 MG (ISONIAZID-300),ISONIAZID-300,PT23-108,PT23108,,false,2023-05,2025-04,May-2023,Apr-2025,"Pentachem Pharmaceutical, Chunari Road, Krishnapur, Baddi (H.P.) 173205",pentachem pharmaceutical,Description,"RDTL, Guwahati","Inspector of Drugs, Bihar",,,1.0
2023-12,combined,nsq,false,data/raw/cdsco_alerts/combined/2023-12_combined.pdf,12,76,76,Paracetamol Tablets IP 650mg. (DAXIPAR-650 Tablets),DAXIPAR-650,DPT22863,DPT22863,,false,2022-09,2024-08,Sep-2022,Aug-2024,"Daxin Pharmaceuticals Pvt. Ltd. Plot No.121-122 EPIP, Jharmajri Phase 1, Teh. baddi, Distt. Solan (H.P)- 174103.",daxin pharmaceuticals pvt ltd plot no 121 122 epip,Dissolution,"RDTL, Guwahati","Inspector of Drugs, Bihar",,,1.0
2023-12,combined,nsq,false,data/raw/cdsco_alerts/combined/2023-12_combined.pdf,12,77,77,"Lycopene, Vitamin A, Vitamine E, Ascorbic Acid, Zinc Sulphate, Copper Sulphate, Manganese Sulphate, Beta Carotene & Sodium Selenate Capsules",,RC220065,RC220065,,false,2022-11,2024-04,Nov-2022,Apr-2024,"RIDLEY LIFE SCIENCE PVT. LTD., D-1651, DSIDC, Indl. Complex, Narela, Delhi- 110040",ridley life science pvt ltd,Description,"RDTL, Guwahati","Inspector of Drugs, Meghalaya",,,1.0
2023-12,combined,nsq,false,data/raw/cdsco_alerts/combined/2023-12_combined.pdf,12,78,78,CALCIUM AND VITAMIN D3 TABLETS I.P.,,UDT10673,UDT10673,,false,2023-02,2024-07,Feb-2023,Jul-2024,"Unicure India Ltd,, C-21, 22 & 23, Sector-3, Noida-201 301, Distt. Gautam Budh Nagar (U.P.).",unicure india ltd,Description,"RDTL, Guwahati","Inspector of Drugs, Assam",,,1.0
2024-01,combined,nsq,false,data/raw/cdsco_alerts/combined/2024-01_combined.pdf,1,1,1,Chlorhexidine Gluconate Solution 4% w/v Surgical Scrubbing,,JDO-1027,JDO1027,,false,2023-05,2025-04,05/2023,04/2025,"Jpee Drugs, Plot No. - 53, Sector 6-A, SIDCUL, Haridwar (Uttarakhand).",jpee drugs,"pH, weight per ml and Assay","Central Drugs Laboratory, Kolkata","CDSCO, East Zone, Kolkata",,,1.0
2024-01,combined,nsq,false,data/raw/cdsco_alerts/combined/2024-01_combined.pdf,1,2,2,Glimepiride Tablets I.P. 1 mg,,GLI10923,GLI10923,,false,2023-05,2025-04,05/2023,04/2025,"Karnataka Antibiotics & Pharmaceuticals Limited Arka The Business Centre, Plot No. 37, Site No. 34/4, NTTF Main Road, Peenya Industrial Area, 2nd Phase, Bengaluru - 560 058, India.",karnataka antibiotics pharmaceuticals limited arka the business centre,Dissolution of Glimepiride,"Central Drugs Laboratory, Kolkata","CDSCO, East Zone, Kolkata",,,1.0
2024-01,combined,nsq,false,data/raw/cdsco_alerts/combined/2024-01_combined.pdf,1,3,3,"Levosalbutamol, Guaiphenesin & Ambroxol (Duvent- PD)",Duvent- PD,DPD030,DPD030,,false,2023-12,2026-11,01/12/2023,30/11/2026,"Hygeia Pharmaceuticals MFG. (P) Ltd. 608, Dwarir Road Dhamaitala Dakshin Jagaddal, Pin-700151",hygeia pharmaceuticals mfg ltd 608,Assay/content of Levosalbutamol & Ambroxol Hydrochloride,"Central Drugs Laboratory, Kolkata","CDSCO, East Zone, Kolkata",,,1.0
2024-01,combined,nsq,false,data/raw/cdsco_alerts/combined/2024-01_combined.pdf,2,4,4,Amoxycillin and Potassium Clavulanate Tablets IP 375 mg,,APCT2305,APCT2305,,false,2023-02,2025-01,02/2023,01/2025,"Modern Laboratories, 45-47, Sector D-2, Industrial Area, Sanwer Road, Indore (M.P.) 452015, India",modern laboratories,"Assay of Amoxycillin, Clavulanic Acid & Dissolution of Amoxycillin, Clavulanic Acid","Central Drugs Laboratory, Kolkata","CDSCO, East Zone, Kolkata",,,1.0
2024-01,combined,nsq,false,data/raw/cdsco_alerts/combined/2024-01_combined.pdf,2,5,5,Mesalazine Prolonged-release Tablets IP 1200 mg,,UGT23128,UGT23128,,false,2023-01,2024-12,01/2023,12/2024,"Unimarck Healthcare Ltd., Plot No. 24, 25 & 37, Sector 6A, SIDCUL, Haridwar- 249403 (Uttarakhand).",unimarck healthcare ltd,Dissolution,"Central Drugs Laboratory, Kolkata","CDSCO, East Zone, Kolkata",,,1.0
2024-01,combined,nsq,false,data/raw/cdsco_alerts/combined/2024-01_combined.pdf,2,6,6,Vitamin A Oral Solution 100 ml,,JDL-2921,JDL2921,,false,2023-06,2024-11,06/2023,11/2024,"Jpee Drugs, Plot No. - 53, Sector 6-A, SIDCUL, Haridwar (Uttarakhand).",jpee drugs,Microbial Enumeration,"Central Drugs Laboratory, Kolkata","CDSCO, East Zone, Kolkata",,,1.0
2024-01,combined,nsq,false,data/raw/cdsco_alerts/combined/2024-01_combined.pdf,2,7,7,"Levosalbutamol, Ambroxol & Guaiphenesin Syrup (Bromex - LS Expectorant)",Bromex - LS Expectorant,BXE064,BXE064,,false,2023-12,2026-11,01/12/2023,30/11/2026,"Hygeia Pharmaceuticals MFG. (P) Ltd. 608, Dwarir Road Dhamaitala Dakshin Jagaddal, Pin-700151",hygeia pharmaceuticals mfg ltd 608,Assay/content of 'Levosalbutamol',"Central Drugs Laboratory, Kolkata","CDSCO, East Zone, Kolkata",,,1.0
2024-01,combined,nsq,false,data/raw/cdsco_alerts/combined/2024-01_combined.pdf,2,8,8,"Trypsin, Bromelain & Rutoside Trihydrate Tablets",,PF8CC12,PF8CC12,,false,2023-08,2025-07,08/2023,07/2025,"Pure & Cure Healthcare Pvt. Ltd., Plot No. 26A, 27-30, Sector- 8A, IIE, SIDCUL, Ranipur, Distt. Haridwar - 249403, Uttarakhand.",pure cure healthcare pvt ltd,Assay of 'Trypsin',"Central Drugs Laboratory, Kolkata","CDSCO, East Zone, Kolkata",,,1.0
2024-01,combined,nsq,false,data/raw/cdsco_alerts/combined/2024-01_combined.pdf,2,9,9,Levetiracetam Tablets IP (Levipil 500),Levipil 500,SIE1003A,SIE1003A,,false,2023-04,2025-03,04/2023,03/2025,"Sun Pharma Laboratories Ltd., Plot No. 107-108, Namli Block, P.O. Ranipool, Sikkim - 737 135",sun pharma laboratories ltd,Dissolution,"Central Drugs Laboratory, Kolkata","CDSCO (North Zone), Ghaziabad",,,1.0
2024-01,combined,nsq,false,data/raw/cdsco_alerts/combined/2024-01_combined.pdf,2,10,10,Livocitra (Levocetirizine Hydrochloride Tablets I.P.),Levocetirizine Hydrochloride Tablets I.P.,AHT-23503,AHT23503,,false,2023-10,2025-09,10/2023,09/2025,"Aru Healthcare Pvt. Ltd., K-12, Industrial Area, Begrajpur, Muzaffarnagar - 251 003",aru healthcare pvt ltd,Dissolution,"Central Drugs Laboratory, Kolkata","CDSCO (North Zone), Ghaziabad",,,1.0
2024-01,combined,nsq,false,data/raw/cdsco_alerts/combined/2024-01_combined.pdf,3,11,11,Clindamycin Injection I.P. (Clindacin-300),Clindacin-300,SAI-16589,SAI16589,,false,2022-11,2024-10,11/2022,10/2024,"Sunvet Healthcare, Village Shambhuwala, Paonta Road, Distt. Sirmour (H.P.) 173001",sunvet healthcare,Description & Particulate Matter,"Central Drugs Laboratory, Kolkata","Drugs Control Administration, Narasaraopet, Andhra Pradesh",,,1.0
2024-01,combined,nsq,false,data/raw/cdsco_alerts/combined/2024-01_combined.pdf,3,12,12,Amikacin Sulphate Injection I.P. (Amicin-100),Amicin-100,SVI-6964,SVI6964,,false,2022-11,2024-10,11/2022,10/2024,"Sunvet Healthcare, Village Shambhuwala, Paonta Road, Distt. Sirmour (H.P.) 173001",sunvet healthcare,Description & Particulate Matter,"Central Drugs Laboratory, Kolkata","Drugs Control Administration, Narasaraopet, Andhra Pradesh",,,1.0
2024-01,combined,nsq,false,data/raw/cdsco_alerts/combined/2024-01_combined.pdf,3,13,13,Fungal Diastase & Pepsin Syrup (NVZYME),NVZYME,23RL0230,23RL0230,,false,2023-07,2024-12,07/2023,12/2024,"Regency Healthcare, 4KM Stone Kashipur Road, Danpur Rudrapur, Distt. U.S. Nagar, Uttarakhand",regency healthcare,Assay of Fungal Diastase,"Central Drugs Laboratory, Kolkata","Drugs Inspector, O/o CMO Bilaspur, Himachal Pradesh",,,1.0
2024-01,combined,nsq,false,data/raw/cdsco_alerts/combined/2024-01_combined.pdf,3,14,14,Cyproheptadine HCl & Tricholine Citrate Syrup (Cypermed Syrup),Cypermed,AQC2339A,AQC2339A,,false,2023-03,2025-02,03/2023,02/2025,"Aquinnova Pharmaceuticals Plot No. 85, Ind. Area, Lodhimajra, Baddi, Distt. Solan - 174101 (H.P.)",aquinnova pharmaceuticals plot no 85,Assay of Tricholine Citrate,"Central Drugs Laboratory, Kolkata","Drugs Inspector, O/o CMO Bilaspur, Himachal Pradesh",,,1.0
2024-01,combined,nsq,false,data/raw/cdsco_alerts/combined/2024-01_combined.pdf,3,15,15,Moxifloxacin & Prednisolone Acetate Eye Drops (MOXIZEE-P Eye Drops),MOXIZEE-P Eye Drops,1223-51,122351,,false,2023-02,2025-01,02/2023,01/2025,"Zee Laboratories Limited, Behind 47, Industrial Area, Paonta Sahib - 173025.",zee laboratories limited,Assay of Prednisolone Acetate,"Central Drugs Laboratory, Kolkata","Drugs Inspector, Paonta Sahib, Himachal Pradesh",,,1.0
2024-01,combined,nsq,false,data/raw/cdsco_alerts/combined/2024-01_combined.pdf,3,16,16,Ceftriaxone Injection I.P. (DOXONE 1000),DOXONE 1000,JDI-3074,JDI3074,,false,2023-01,2024-12,01/2023,12/2024,"Jpee Drugs, Plot No. - 53, Sector 6-A, SIDCUL, Haridwar (Uttarakhand).",jpee drugs,"Clarity of Solution, Particulate matter & Sterility","Central Drugs Laboratory, Kolkata","Drugs Inspector, Cuttack, Odisha",,,1.0
2024-01,combined,nsq,false,data/raw/cdsco_alerts/combined/2024-01_combined.pdf,3,17,17,Absorbable Suture (Synthetic) USP Monolus Monofilament Poly (Glycolide-Co-Caprolactone) Poliglecaprone-25,Glycolide-Co-Caprolactone,N190096AF,N190096AF,,false,2019-05,2024-04,05/2019,04/2024,"Lotus Surgicals Pvt. Ltd., Khasra No. 1051/1 & 2, Twin Industrial Estate, Selaqui, Dist. Dehradun, Pin 248197 (Uttarakhand), India.",lotus surgicals pvt ltd,Diameter,"Central Drugs Laboratory, Kolkata","CDSCO, South Zone, Chennai",,,1.0
2024-01,combined,nsq,false,data/raw/cdsco_alerts/combined/2024-01_combined.pdf,4,18,18,Surgical Tape (JMS Medi-Tape 300),JMS Medi-Tape 300,2022006,2022006,,false,2022-04,2025-03,04/2022,03/2025,"JMS Co. Ltd., 12-17 Kako-Machi, Naka-Ku, Hiroshima 730-82452, Japan",jms co ltd,Length,"Central Drugs Laboratory, Kolkata","CDSCO, West Zone, Mumbai",,,1.0
2024-01,combined,nsq,false,data/raw/cdsco_alerts/combined/2024-01_combined.pdf,4,19,19,Surgical Tape (JMS Medi-Tape 310),JMS Medi-Tape 310,2022003,2022003,,false,2022-02,2025-01,02/2022,01/2025,"JMS Co. Ltd., 12-17 Kako-Machi, Naka-Ku, Hiroshima 730-8652, Japan",jms co ltd,Length,"Central Drugs Laboratory, Kolkata","CDSCO, West Zone, Mumbai",,,1.0
2024-01,combined,nsq,false,data/raw/cdsco_alerts/combined/2024-01_combined.pdf,4,20,20,Surgical Tape (JMS Medi-Tape 320),JMS Medi-Tape 320,2022004,2022004,,false,2022-03,2025-02,03/2022,02/2025,"JMS Co. Ltd., 12-17 Kako-Machi, Naka-Ku, Hiroshima 730-8652, Japan",jms co ltd,Length,"Central Drugs Laboratory, Kolkata","CDSCO, West Zone, Mumbai",,,1.0
2024-01,combined,nsq,false,data/raw/cdsco_alerts/combined/2024-01_combined.pdf,4,21,21,Surgical Tape (JMS Medi-Tape 330),JMS Medi-Tape 330,2022004,2022004,,false,2022-03,2025-02,03/2022,02/2025,"JMS Co. Ltd., 12-17 Kako-Machi, Naka-Ku, Hiroshima 730-8652, Japan",jms co ltd,Length,"Central Drugs Laboratory, Kolkata","CDSCO, West Zone, Mumbai",,,1.0
2024-01,combined,nsq,false,data/raw/cdsco_alerts/combined/2024-01_combined.pdf,4,22,22,Bacillus Clausii Spores Suspension (LB LAC Oral Suspension),LB LAC Oral,AVA23I1,AVA23I1,,false,2023-05,2025-04,05/2023,04/2025,"Allianz Biosciences Pvt. Ltd., 55/1, 2 & 3, Whirlpool Road, Thiruvandar Koil, Puducherry - 605102",allianz biosciences pvt ltd,"Identification, Average Volume, Resistance to antibiotic, Presence of Salmonella species & Assay","Central Drugs Laboratory, Kolkata","Drug & Food Control Organisation, Jammu & Kashmir",,,1.0
2024-01,combined,nsq,false,data/raw/cdsco_alerts/combined/2024-01_combined.pdf,4,23,23,Metformin HCl Prolonged-Release & Glimepiride Tablets IP (Glimycare-M3 Forte),Glimycare-M3 Forte,T-230761,T230761,,false,2023-07,2025-06,07/2023,06/2025,"Vilin Bio Med Ltd., Unit-II, Khasra No. 85, Madhopur, Hazarathpur, Roorkee-247667, Uttarakhand.",vilin bio med ltd,Assay & Uniformity of Content of Glimepiride,"Central Drugs Laboratory, Kolkata","CDSCO, Rishikesh",,,1.0
2024-01,combined,nsq,false,data/raw/cdsco_alerts/combined/2024-01_combined.pdf,4,24,24,Tranexamic Acid & Mefenamic Acid Tablets (Trancycle-MF),Trancycle-MF,DMT1127,DMT1127,,false,2023-08,2025-07,01-Aug-2023,01-Jul-2025,"DM Pharma Private Limited, Village Bhud, NH-21A, Baddi, District Solan (H.P.)",dm pharma private limited,Assay,"CDTL, Hyderabad","CDSCO, Hyderabad",,,1.0
2024-01,combined,nsq,false,data/raw/cdsco_alerts/combined/2024-01_combined.pdf,5,25,25,Ambroxol Hydrochloride I.P. Syrup (AMBROS),AMBROS,GF296,GF296,,false,2023-12,2025-11,Dec-2023,Nov-2025,"Global Formulations, Plot No.7, P & T Colony, Medipally, Medchal Dist., Hyderabad-500098, T.S",global formulations,Weight per ml,"CDTL, Hyderabad","CDSCO, Hyderabad",,,1.0
2024-01,combined,nsq,false,data/raw/cdsco_alerts/combined/2024-01_combined.pdf,5,26,26,"Ambroxol HCl, Levosalbutomol Sulphate Guaiphenesin Syrup (Brotex-LS)",Brotex-LS,GF.292,GF292,,false,2023-12,2025-11,01-Dec-2023,30-Nov-2025,"Global Formulations, Plot No.7, P & T Colony, Medipally, Medchal-Malkajgiri Dist., - 5000098,",global formulations,Weight per ml,"CDTL, Hyderabad","CDSCO, Hyderabad",,,1.0
2024-01,combined,nsq,false,data/raw/cdsco_alerts/combined/2024-01_combined.pdf,5,27,27,"Terbutaline Sulphate, Ambroxol Hydrochloride, Guaiphenesin & Menthol Syrup (Scoril)",Scoril,GF-279,GF279,,false,2023-11,2025-10,Nov-2023,Oct-2025,"Global Formulations, Plot No.7, P & T Colony, Medipally, Medchal-Malkajgiri Dist., Hyderabad-500098,",global formulations,Weight per ml & Assay,"CDTL, Hyderabad","CDSCO, Hyderabad",,,1.0
2024-01,combined,nsq,false,data/raw/cdsco_alerts/combined/2024-01_combined.pdf,5,28,28,Folic Acid Tablets IP 5 mg,,T112005,T112005,,false,2022-05,2024-04,May-22,Apr-24,"ANG LIFESCIENCES INDIA LTD., Village Malkumajra, Nalagarh Road, Distt. Solan-173205 (H.P.)",ang lifesciences india ltd,Description as the tablets are brittle & shows mottled appearance,CDTL-Mumbai,"CDSCO, West-Zone, Mumbai",,,1.0
2024-01,combined,nsq,false,data/raw/cdsco_alerts/combined/2024-01_combined.pdf,5,29,29,Bisacodyl Tablets I.P. 5 mg (Laxagen),Laxagen,230754,230754,,false,2023-07,2026-06,Jul-23,Jun-26,"Modi Antibiotics., Plot No, 28, G.I.D.C. Estate, Odhav, Ahmedabad - 382415, (Guj).",modi antibiotics,Related Substances,CDTL-Mumbai,"CDSCO, West-Zone, Mumbai",,,1.0
2024-01,combined,nsq,false,data/raw/cdsco_alerts/combined/2024-01_combined.pdf,5,30,30,Metronidazole Tablets IP 400 mg,,MZTJ23002,MZTJ23002,,false,2023-06,2025-05,Jun-23,May-25,"Vivek Pharmachem (India) Ltd., EPIP, Bari Brahmana, Jammu- 181 133",vivek pharmachem ltd,Description,CDTL-Mumbai,"CDSCO, West-Zone, Mumbai",,,1.0
2024-01,combined,nsq,false,data/raw/cdsco_alerts/combined/2024-01_combined.pdf,6,31,31,Pantosec (Pantoprazole Tablets IP 40mg),,PNS230422,PNS230422,,false,2023-04,2025-03,Apr-23,Mar-25,"Hetero Labs Limited (Unit-I), Kalyanpur (Village), Chakkan Road, Baddi (Tehsil), Solan (Distt.), Himachal Pradesh - 173 205., India",hetero labs limited,Dissolution in Buffer stage,CDTL-Mumbai,"CDSCO, West-Zone, Mumbai",,,1.0
2024-01,combined,nsq,false,data/raw/cdsco_alerts/combined/2024-01_combined.pdf,6,32,32,"Terbutaline, Bromhexine, Guaiphenesin and Menthol Syrup (Terbo-Q Syrup)",Terbo-Q,LKM-38,LKM38,,false,2022-09,2024-08,Sep-2022,Aug-2024,"Amkay Laboratories Pvt. Ltd., Preet Vihar, Nauchandi, Meerut.",amkay laboratories pvt ltd,Assay of Bromhexine Hydrochloride,"RDTL, Chandigarh","CDSCO (North Zone), Ghaziabad",,,1.0
2024-01,combined,nsq,false,data/raw/cdsco_alerts/combined/2024-01_combined.pdf,6,33,33,Levocetirizine Tablets IP,,LVU-515,LVU515,,false,2023-06,2025-05,Jun-2023,May-2025,"Healers Lab, Unit II, Plot No.33, H.P.S.I.D.C., Extn., Baddi, Distt. Solan (HP)",healers lab,Identification and Assay of Levocetirizine Hydrochloride,"RDTL, Chandigarh","CDSCO (North Zone), Ghaziabad",,,1.0
2024-01,combined,nsq,false,data/raw/cdsco_alerts/combined/2024-01_combined.pdf,6,34,34,"Glimepiride, Pioglitazone and Metformin (PR) Tablets (GLEM-GMP2 Tablets)",GLEM-GMP2,MPT-22149,MPT22149,,false,2022-09,2024-08,Sep-2022,Aug-2024,"Magnatek Enterprises, Plot No. 74 C (II) HPSIDC Ind. Area Baddi, Distt. Solan (HP) 173205",magnatek enterprises,Identification and Assay of Pioglitazone Hydrochloride calculated as Pioglitazone,"RDTL, Chandigarh","O/o State Drugs Controller, H.Q. Baddi, Distt. Solan, HP-173205",,,1.0
2024-01,combined,nsq,false,data/raw/cdsco_alerts/combined/2024-01_combined.pdf,6,35,35,Calcium and Vitamin D3 Tablets I.P,,UDT10704,UDT10704,,false,2023-03,2024-08,Mar-2023,Aug-2024,"Unicure India Ltd., C-21, 22 & 23, Sector-3, Noida-201301, Distt. Gautam Budh Nagar (U. P.)",unicure india ltd,Description,"RDTL, Guwahati","Inspector of Drugs, Assam",,,1.0
2024-01,combined,nsq,false,data/raw/cdsco_alerts/combined/2024-01_combined.pdf,6,36,36,Pantoprazole Gastro-Resistant Tablets I.P. (P40),,PFT23007MB,PFT23007MB,,false,2023-05,2025-04,May-2023,Apr-2025,"Sri Ram Healthcare Pvt. Ltd., Plot No. 81-C/2, EPIP Phase - I, Jharmajri, Baddi, Distt. - Solan, (H.P.) - 174 103.",sri ram healthcare pvt ltd,Dissolution,"RDTL, Guwahati","Inspector of Drugs, Assam",,,1.0
2024-01,combined,nsq,false,data/raw/cdsco_alerts/combined/2024-01_combined.pdf,7,37,37,Pantoprazole Sodium (EC) & Domperidone (SR) Capsules IP (Panzon-DSR),Panzon-DSR,BBC22550,BBC22550,,false,2022-05,2024-04,May-2022,Apr-2024,"Biomax Biotechnics (P) Ltd., 261, HSIIDC, Industrial Estate, Alipur, Barwala134118 (Haryana)",biomax biotechnics ltd,Dissolution of Pantoprazole in acid stage & Description,"RDTL, Guwahati","Inspector of Drugs, Assam",,,1.0
2024-01,combined,nsq,false,data/raw/cdsco_alerts/combined/2024-01_combined.pdf,7,38,38,GLIMEPIRIDE TABLETS I.P. 1 mg.,,GLT-2301,GLT2301,,false,2023-01,2024-12,Jan-2023,Dec-2024,"Apple Formulations Pvt. Ltd,, Plot No.208, Kishanpur, Roorkee-247667 (U.K)",apple formulations pvt ltd,Dissolution,"RDTL, Guwahati","Inspector of Drugs, Assam",,,1.0
2024-01,combined,nsq,false,data/raw/cdsco_alerts/combined/2024-01_combined.pdf,7,39,39,COMPOUND SODIUM LACTATE INJECTION I.P. (RL),,03B3911,03B3911,,false,2023-06,2026-05,Jun-2023,May-2026,"PASCHIM BANGA PHARMACEUTICAL, NH-31, TIN MILE HAT, SONAPUR HAT, P.S.- CHOPRA, DIST : UTTAR DINAJPUR, PIN - 733214 (W.B.)",paschim banga pharmaceutical,Sterility Particulate Contamination and Description,"RDTL, Guwahati","Inspector of Drugs, Assam",,,1.0
2024-01,combined,nsq,false,data/raw/cdsco_alerts/combined/2024-01_combined.pdf,7,40,40,Montelukast Sodium & Levocetirizine Hydrochloride Tablets IP. (Folcet- MT),Folcet- MT,FPT-2067,FPT2067,,false,2022-10,2024-09,Oct-2022,Sep-2024,"Forgo Pharmaceuticals., 27, DIC IND AREA, Barotiwala, Teh: Baddi, Distt. Solan (HP) 174103",forgo pharmaceuticals,Assay/Content of Montelukast,"RDTL, Guwahati","Inspector of Drugs, Jharkhand",,,1.0
2024-01,combined,nsq,false,data/raw/cdsco_alerts/combined/2024-01_combined.pdf,7,41,41,Montelukast Sodium & Levocetirizine Dihydrochloride Tablets IP..(Pevicet M TABLETS),Pevicet M,AT22-0667A,AT220667A,,false,2022-09,2024-08,Sep-2022,Aug-2024,"ASPO PHARMACEUTICALS LLP., Plot No. 10, HIMUDA Industrial Area, Phase-IV, Bhatoli Kalan, Baddi Distt. Solan (H.P.) 173205",aspo pharmaceuticals llp,Dissolution (Montelukast & Levocetirizine Dihydrochloride),"RDTL, Guwahati","Inspector of Drugs, Bihar",,,1.0
2024-01,combined,nsq,false,data/raw/cdsco_alerts/combined/2024-01_combined.pdf,7,42,42,Ondansetron Tablets IP 4 mg,,SMT1006,SMT1006,,false,2022-11,2024-10,Nov-2022,Oct-2024,"Unicure India Ltd,, C-21, 22 & 23, Sector-3, Noida-201 301, Distt. Gautam Budh Nagar (U.P.).",unicure india ltd,Dissolution,"RDTL, Guwahati","Inspector of Drugs, Bihar",,,1.0
2024-01,combined,nsq,false,data/raw/cdsco_alerts/combined/2024-01_combined.pdf,8,43,43,Levocetirizine Dihydrochloride & Montelukast Tablets (Tesact-M Tablets),Tesact-M,RT22464,RT22464,,false,2022-07,2024-06,Jul-2022,Jun-2024,"RACHIL PHARMA, 18-19, Phase-1, Ind. Area, Sansarpur Terrace, Distt : Kangra (H.P.) -176501.",rachil pharma,Dissolution (Levocetirizine Dihydrochloride ),"RDTL, Guwahati","Inspector of Drugs, Jharkhand",,,1.0
2024-01,combined,nsq,false,data/raw/cdsco_alerts/combined/2024-01_combined.pdf,8,44,44,Cefixime Oral Suspension IP 50mg/5ml,,RD230004,RD230004,,false,2023-01,2024-12,Jan-2023,Dec-2024,"Ridley Life Science Pvt. Ltd.,, D-1651, DSIDC, Indl. Complex, Narela, Delhi- 110040",ridley life science pvt ltd,Assay of Cefixime,"RDTL, Guwahati","Inspector of Drugs, Meghalaya",,,1.0
2024-01,combined,nsq,false,data/raw/cdsco_alerts/combined/2024-01_combined.pdf,8,45,45,Cefixime Oral Suspension IP 50mg/5ml,,RD230003,RD230003,,false,2023-01,2024-12,Jan-2023,Dec-2024,"Ridley Life Science Pvt. Ltd.,, D-1651, DSIDC, Indl. Complex, Narela, Delhi- 110040",ridley life science pvt ltd,Assay of Cefixime,"RDTL, Guwahati","Inspector of Drugs, Meghalaya",,,1.0
2024-01,combined,nsq,false,data/raw/cdsco_alerts/combined/2024-01_combined.pdf,8,46,46,Diclofenac Sodium Injection IP,,I213108,I213108,,false,2023-07,2025-06,Jul-2023,Jun-2025,"ANG Lifesciences India Ltd., Village Malkumajra, Nalagarh Road, Baddi, Distt. Solan173205 (H.P.)",ang lifesciences india ltd,Particulate matter and Description,"RDTL, Guwahati","Inspector of Drugs, Assam",,,1.0
2024-02,combined,nsq,false,data/raw/cdsco_alerts/combined/2024-02_combined.pdf,1,1,1,Acepik - P (Aceclofenac and Paracetamol Tablets),Aceclofenac and Paracetamol,NKT230962A,NKT230962A,,false,2023-05,2025-04,05/2023,04/2025,"Nexkem Biotech Pvt. Ltd., Plot No. 64, HPSIDC, Industrial Area, Baddi, Distt. Solan (H.P.) - 173 205.",nexkem biotech pvt ltd,Disintegration,"Central Drugs Laboratory, Kolkata","Drugs Inspector, Ranchi, Jharkhand",,,1.0
2024-02,combined,nsq,false,data/raw/cdsco_alerts/combined/2024-02_combined.pdf,1,2,2,Amoxycillin Oral Suspension I.P. (Medmoxil 125),Medmoxil 125,XMSD-001,XMSD001,,false,2023-03,2024-08,03/2023,08/2024,"Laborate Pharmaceuticals India Ltd., 51, Indl, Area, Paonta Sahib (H.P.)",laborate pharmaceuticals india ltd,Stability,"Central Drugs Laboratory, Kolkata","Drugs Inspector, Ranchi, Jharkhand",,,1.0
2024-02,combined,nsq,false,data/raw/cdsco_alerts/combined/2024-02_combined.pdf,1,3,3,Calcium Carbonate and Vitamin D3 Tablets IP (Calcigiant 500 Tablets),Calcigiant 500,NLT-17023,NLT17023,,false,2023-05,2025-04,05/2023,04/2025,"Nutra Life Healthcare Pvt. Ltd., Plot No. 44-45, Shiv Ganga Industrial Estate, Lakeshwari, Bhagwanpur, Roorkee, Distt. Haridwar, Uttarakhand",nutra life healthcare pvt ltd,Assay of Vitamin D3,"Central Drugs Laboratory, Kolkata","Drugs Inspector, Ranchi, Jharkhand",,,1.0
2024-02,combined,nsq,false,data/raw/cdsco_alerts/combined/2024-02_combined.pdf,2,4,4,Ofloxacin Dispersible Tablets IP 100 mg (Oflab 100 DT),Oflab 100 DT,C21O062001,C21O062001,,false,2022-05,2024-04,05/2022,04/2024,"Concept Pharmaceuticals Ltd., A-28/3 MIDC, Chikalthana, Aurangabad-431006",concept pharmaceuticals ltd,Uniformity of Dispersion,"Central Drugs Laboratory, Kolkata","Drugs Inspector, Ranchi, Jharkhand",,,1.0
2024-02,combined,nsq,false,data/raw/cdsco_alerts/combined/2024-02_combined.pdf,2,5,5,Calcium and Vitamin D3 Tablets IP (MAHACAL -500),MAHACAL -500,KSWAC014,KSWAC014,,false,2023-05,2025-04,05/2023,04/2025,"Hanuchem Laboratories, Plot No. 16-17, Sector - 5, Indl. Area, Parwanoo, Dist. Solan 173 220 (H.P.)",hanuchem laboratories,Assay of Vitamin D3,"Central Drugs Laboratory, Kolkata","Drugs Inspector, Ranchi, Jharkhand",,,1.0
2024-02,combined,nsq,false,data/raw/cdsco_alerts/combined/2024-02_combined.pdf,2,6,6,Serratiopeptidase Tablets (Serrizym Tablet),Serrizym,AT035M,AT035M,,false,2023-07,2025-06,07/2023,06/2025,"Arnav Research Laboratories, 435, G.I.D.C. 2, Dediyasan, Mehsana, Gujarat 384002",arnav research laboratories,Assay,"Central Drugs Laboratory, Kolkata","Drugs Inspector, Ranchi, Jharkhand",,,1.0
2024-02,combined,nsq,false,data/raw/cdsco_alerts/combined/2024-02_combined.pdf,2,7,7,Montelukast Sodium and Levocetirizine Hydrochloride Tablet IP (XL-Mont),XL-Mont,TXL012007,TXL012007,,false,2022-11,2024-10,11/2022,10/2024,"DWD Pharmaceuticals Ltd., 308/5, Village & Post: Poicha (Rania), Tal Savli, Dist. Vadodara 391780, Gujarat, India",dwd pharmaceuticals ltd,Desription,"Central Drugs Laboratory, Kolkata","Drugs Inspector, Ranchi, Jharkhand",,,1.0
2024-02,combined,nsq,false,data/raw/cdsco_alerts/combined/2024-02_combined.pdf,2,8,8,Propofol Injection IP 500 mg/50 ml (Hyprovan 500 Injection),Hyprovan 500,L3352301A,L3352301A,,false,2023-06,2025-05,06/2023,05/2025,"Protech Telelinks, Mauza Ogli, Suketi Road, Kala Amb. Dist. Sirmour - 173030 (H.P.)",protech telelinks,Assay of Propofol,"Central Drugs Laboratory, Kolkata","Drugs Inspector, Bilaspur, Himachal Pradesh",,,1.0
2024-02,combined,nsq,false,data/raw/cdsco_alerts/combined/2024-02_combined.pdf,2,9,9,Heparin Sodium Injection IP 25000 IU/5ml,,22HE16,22HE16,,false,2022-10,2024-09,10/2022,09/2024,"SAI Parenterals Limited, D1 & D4, Survey No. 280, Phase-V, IDA, Jeedimetla, Hyderabad 500 055, Telangana, India",sai parenterals limited,"Description, Extractable Volume, Particulate Matter and Assay","Central Drugs Laboratory, Kolkata","Drugs Inspector, Bikaner, Rajasthan",,,1.0
2024-02,combined,nsq,false,data/raw/cdsco_alerts/combined/2024-02_combined.pdf,3,10,10,Metformin HCl (SR) with Glimepiride & Voglibose Tablets (Metaglim-V2),Metaglim-V2,T-230859,T230859,,false,2023-08,2025-07,08/2023,07/2025,"Vilin Bio Med Ltd., Unit-II, Khasra No. 85, Madhopur Hazarathpur, Roorkee -247667, Uttarakhand",vilin bio med ltd,Assay of Glimepiride,"Central Drugs Laboratory, Kolkata","CDSCO, Rishikesh",,,1.0
2024-02,combined,nsq,false,data/raw/cdsco_alerts/combined/2024-02_combined.pdf,3,11,11,Clarithromycin Tablets IP 250 mg,,OT-231393,OT231393,,false,2023-10,2025-09,10/2023,09/2025,"Orchid Bio-Tech Limited, 65, Peerpura-Delhi Highway, Roorkee-247667 (U.K.)",orchid bio tech limited,Dissolution,"Central Drugs Laboratory, Kolkata","CDSCO, Rishikesh",,,1.0
2024-02,combined,nsq,false,data/raw/cdsco_alerts/combined/2024-02_combined.pdf,3,12,12,Rabeprazole Sodium & Domperidone Capsules (Deep SR Capsules),Deep SR,OC-23349,OC23349,,false,2023-11,2025-10,11/2023,10/2025,"Orchid Bio-Tech Limited, 65, Peerpura-Delhi Highway, Roorkee - 247667 (U.K.)",orchid bio tech limited,Dissolution of Rabeprazole & Domperidone,"Central Drugs Laboratory, Kolkata","CDSCO, Rishikesh",,,1.0
2024-02,combined,nsq,false,data/raw/cdsco_alerts/combined/2024-02_combined.pdf,3,13,13,Glimepiride & Meftormin Hydrochloride Prolonged Release Tablets IP (Glimsid-2MF),Glimsid-2MF,T-231020,T231020,,false,2023-10,2025-09,10/2023,09/2025,"Vilin Bio Med Ltd., Unit-II, Khasra No.85, Madhopur, Hazarathpur, Roorkee-247667, Uttarakhand.",vilin bio med ltd,Dissolution & Assay of Glimepiride,"Central Drugs Laboratory, Kolkata","CDSCO, Rishikesh",,,1.0
2024-02,combined,nsq,false,data/raw/cdsco_alerts/combined/2024-02_combined.pdf,3,14,14,Liquid Formaldehyde 40% w/v (Formallin),Formallin,FS-228A,FS228A,,false,2022-08,2025-07,08/2022,07/2025,"Pharm Asia Drug, 20-21, Panchal Compound, Survey No. 78/1, PH No. 17, New 45, Gram Lasudia Mori, Indore - 452 010 (M.P.)",pharm asia drug,Methyl Alcohol & Assay of Formaldehyde 40%w/v,"Central Drugs Laboratory, Kolkata","CDSCO, North Zone",,,1.0
2024-02,combined,nsq,false,data/raw/cdsco_alerts/combined/2024-02_combined.pdf,3,15,15,Piroxicam Capsules IP (Piroxicam-20),Piroxicam-20,KCC-03,KCC03,,false,2023-11,2025-10,11/2023,10/2025,"SGS Pharmaceutical (P) Ltd., E-13/1, Kavi Nagar Indl. Area, Sector - 17, Ghaziabad 201002 (U.P.)",sgs pharmaceutical ltd,Water content,"Central Drugs Laboratory, Kolkata","CDSCO, North Zone",,,1.0
2024-02,combined,nsq,true,data/raw/cdsco_alerts/combined/2024-02_combined.pdf,4,16,16,Hydrogen Peroxide Topical Solution IP 6% w/v (20 Volume),,HP23-021,HP23021,,false,2023-02,2025-01,02/2023,01/2025,"Pharm Asia Drug, 20-21, Panchal Compound, Survey No. 78/1, PH No. 17, New 45, Gram Lasudia Mori, Indore - 452 010 (M.P.)",pharm asia drug,"Identification, Acidity, Non-volatile matter and Assay (Spurious)","Central Drugs Laboratory, Kolkata","CDSCO, North Zone",,,1.0
2024-02,combined,nsq,false,data/raw/cdsco_alerts/combined/2024-02_combined.pdf,4,17,17,L-Asparaginase 10000 IU (L-ASGEN),L-ASGEN,BASL2205YA,BASL2205YA,,true,2022-03,2024-02,03/2022,02/2024,"Beta Drugs Ltd., Kharuni Lodhimajra Road, Vill. Nandpur, Baddi, Dist. Solan, Himachal Pradesh 173205",beta drugs ltd,Particulate Matter (subvisible),"Central Drugs Laboratory, Kolkata","O/o. The Drugs Inspector, Cuttack, Odisha.",,,1.0
2024-02,combined,nsq,false,data/raw/cdsco_alerts/combined/2024-02_combined.pdf,4,18,18,Amikacin Injection IP 500 mg (Amikatas 500 mg),,RV3044,RV3044,,false,2023-08,2025-07,08/2023,07/2025,"Ronam Healthcare Pvt. Ltd. Village-Kalujhanda, Tehsil-Baddi, Distt. Slolan (H.P.) 174103",ronam healthcare pvt ltd village kalujhanda,Description & Particulate Matter,"Central Drugs Laboratory, Kolkata","O/o. The Drugs Inspector, Cuttack, Odisha.",,,1.0
2024-02,combined,nsq,false,data/raw/cdsco_alerts/combined/2024-02_combined.pdf,4,19,19,Neostigmine Injection IP 0.5 mg/ml,,V23034,V23034,,false,2023-02,2025-01,01/02/2023,31/01/2025,"Vital Healthcare Pvt. Ltd., Plot No. H10 and H10/1, MIDC Satpur, Nashik.",vital healthcare pvt ltd,pH and Assay of Neostigmine,"Central Drugs Laboratory, Kolkata","CDSCO, West Zone, Mumbai",,,1.0
2024-02,combined,nsq,false,data/raw/cdsco_alerts/combined/2024-02_combined.pdf,4,20,20,Tranexamic Acid Injection I.P. (Tranexica),Tranexica,SAI-14764,SAI14764,,false,2022-03,2024-02,03/2022,02/2024,"Sunvet Healthcare, Vill. Shambhuwala, Paonta Road, Distt. Sirmour (H.P.) - 173001",sunvet healthcare,pH,"Central Drugs Laboratory, Kolkata","DCA, Vijayawada , Andhra Pradesh",,,1.0
2024-02,combined,nsq,false,data/raw/cdsco_alerts/combined/2024-02_combined.pdf,4,21,21,Paracetamol Tablets IP 500 mg (Pyricool 500),Pyricool 500,23444042,23444042,,false,2023-11,2026-10,11/2023,10/2026,"Alkem Health Science, A unit of Alkem Laboratories Limited, Unit - 2, Samardung, Karek",alkem health science,Dissolution,"Central Drugs Laboratory, Kolkata","CDSCO, East Zone, Kolkata",,,1.0
2024-02,combined,nsq,false,data/raw/cdsco_alerts/combined/2024-02_combined.pdf,5,22,22,Ciprofloxacin Hydrochloride Tablets IP 500 mg,,2331044,2331044,,false,2023-07,2026-06,07/2023,06/2026,"Aurio Pharma Laboratories Pvt. Ltd., 26/1/1, S.H.K.B Sarani (Jawpur Road), Dumdum, Kolkata- 700 074",aurio pharma laboratories pvt ltd,Dissolution,"Central Drugs Laboratory, Kolkata","CDSCO, East Zone, Kolkata",,,1.0
2024-02,combined,nsq,false,data/raw/cdsco_alerts/combined/2024-02_combined.pdf,5,23,23,Oseltamivir Oral Suspension I.P. 12 mg,,URDP1153,URDP1153,,false,2023-05,2024-10,05/2023,10/2024,"Unicure India Ltd., Plot No. 46(B) / 49B, Vill. Raipur, Bhagwanpur, Roorkee, Distt. Haridwar, Uttarakhand",unicure india ltd,Description,"Central Drugs Laboratory, Kolkata","CDSCO, East Zone, Kolkata",,,1.0
2024-02,combined,nsq,false,data/raw/cdsco_alerts/combined/2024-02_combined.pdf,5,24,24,"Ambroxol,Guaiphenes in & Terbutaline Syrup (Bromex Expectorant)",Bromex Expectorant,BXE064,BXE064,,false,2023-09,2026-05,01/09/2023,31/05/2026,"Hygeia Pharmaceuticals MFG (P) Ltd., 608, Dwarir Road, Dhamaitala Dakshin Jagaddal, Pin - 700 151",hygeia pharmaceuticals mfg ltd,Assay of Ambroxol Hydrochloride and Terbutaline Sulphate,"Central Drugs Laboratory, Kolkata","CDSCO, East Zone, Kolkata",,,1.0
2024-02,combined,nsq,false,data/raw/cdsco_alerts/combined/2024-02_combined.pdf,5,25,25,"Paracetamol, Phenylephrine Hydrochloride, Chlorpheniramine Maleate, Sodium Citrate and Menthol Syrup (SUNGESIC-C)",SUNGESIC-C,002,002,,false,2023-09,2025-08,01/09/2023,31/08/2025,"Sunny Industries Private Limited, 23/3/1B, R.N. Nandan Lane, Kolkata 700 025",sunny industries private limited,Description & Assay of Paracetamol,"Central Drugs Laboratory, Kolkata","CDSCO, East Zone, Kolkata",,,1.0
2024-02,combined,nsq,false,data/raw/cdsco_alerts/combined/2024-02_combined.pdf,5,26,26,Deferasirox,,82231480,82231480,,false,2023-07,2027-07,02/07/2023,01/07/2027,"Glenmark Lifesciences Ltd., Plot No. Z-103/I, Sez Phase II, Dahej, Dist. Bharuch - 392130, Gujarat, India.",glenmark lifesciences ltd,4 Hydrazino benzoic acid,"Central Drugs Laboratory, Kolkata","CDSCO, Ahmedabad",,,1.0
2024-02,combined,nsq,false,data/raw/cdsco_alerts/combined/2024-02_combined.pdf,6,27,27,Miconazole Nitrate and Fluocinolone Acetonide Ointment (Zole - F),Zole - F,SXE1800A,SXE1800A,,false,2023-08,2026-07,08/2023,07/2026,"Sun Pharmaceuticals Ind. Ltd., Kh. No. 1335-1340, Near EPIP- I, Vill- Bhatoli Kalan, Baddi, Distt. Solan, H.P. 173205",sun pharmaceuticals ind ltd,Assay,"Central Drugs Laboratory, Kolkata","CDSCO, Ahmedabad",,,1.0
2024-02,combined,nsq,false,data/raw/cdsco_alerts/combined/2024-02_combined.pdf,6,28,28,Trihexyphenidyl Hydrochloride Tablets IP 2 mg (Ridyl),Ridyl,AR-132,AR132,,false,2023-06,2025-05,06/2023,05/2025,"Apex Formulations Pvt. Ltd., 1276, Rajpur, Ahmedabad-Mehsana Highway, Dist. Mehsana, Gujarat.",apex formulations pvt ltd,Assay,"Central Drugs Laboratory, Kolkata","CDSCO, Ahmedabad",,,1.0
2024-02,combined,nsq,false,data/raw/cdsco_alerts/combined/2024-02_combined.pdf,6,29,29,"Levosalbutamol Sulphate, Ambroxol Hydrochloride, Guaiphenesin and Menthol Syrup 60 ml Syrup (HISTARED-LS)",HISTARED-LS,L23K015,L23K015,,false,2023-11,2025-10,11/2023,10/2025,"Fanal Pharmaceuticals LLP, 67, Surbhi Radhe Industrial Zone, Survey No. 251, At. Khambha, 360311, Gujarat, India",fanal pharmaceuticals llp,Description & Assay of Levosalbutamol,"Central Drugs Laboratory, Kolkata","CDSCO, Ahmedabad",,,1.0
2024-02,combined,nsq,false,data/raw/cdsco_alerts/combined/2024-02_combined.pdf,6,30,30,"TERBUTALINE SULPHATE, BROMHEXINE HCl & GUAIPHENESIN SYRUP (NEFDYL-X)",NEFDYL-X,WHL-01715,WHL01715,,false,2023-11,2025-10,Nov-2023,Oct-2025,"Warner Hindusthan Pvt. Ltd.,. 24-85/7, Sy.No.548 & 551, Laxmi Narayana Nagar Colony, New IDA, Uppal, Hyderabad-39 (TS)",warner hindusthan pvt ltd,Assay of Bromhexine Hydrochloride,"CDTL, Hyderabad",CDSCO Hyderabad,,,1.0
2024-02,combined,nsq,false,data/raw/cdsco_alerts/combined/2024-02_combined.pdf,6,31,31,BROMHEXINE HYDROCHLORIDE SYRUP 4mg/5ml,,31413,31413,,false,2023-08,2025-07,01-Aug-2023,31-Jul-2025,"Zenith Drugs Pvt. Ltd., 72/5, Muradpura (Orangpura) Dhar Road, Near Kalaria, Indore 453001 (MP) India",zenith drugs pvt ltd,pH and Assay,"CDTL, Hyderabad","CDSCO, Sub Zone, Indore",,,1.0
2024-02,combined,nsq,false,data/raw/cdsco_alerts/combined/2024-02_combined.pdf,7,32,32,POVIDONE-IODINE SOLUTION BP (VIDON),VIDON,EVO310,EVO310,,false,2023-06,2026-05,01-Jun-2023,31-May-2026,"US PHARMA (I) PVT.LTD Plot No. 4, Gut No. 66, H.No. 827-830, Khupi Village, Near Kudus, Tal. Wada, Dist. Palghar, 421312, Maharashtra, India.",us pharma pvt ltd plot no 4,pH,"CDTL, Hyderabad","CDSCO, West Zone, Mumbai",,,1.0
2024-02,combined,nsq,false,data/raw/cdsco_alerts/combined/2024-02_combined.pdf,7,33,33,"Dextromethorphan Hydrobromide, Phenylephrine Hydrochloride & Chlorpheniramine Maleate Syrup (Zist-D)",Zist-D,HRL-070,HRL070,,false,2023-10,2025-09,Oct-23,Sep-25,"Household Remedies Pvt. Ltd., Plot No.6/35, Dewan And Sons Aliyali, Palghar- 401 404.",household remedies pvt ltd,Microbial Limit test,"CDTL, Mumbai","CDSCO, West Zone, Mumbai",,,1.0
2024-02,combined,nsq,false,data/raw/cdsco_alerts/combined/2024-02_combined.pdf,7,34,34,Pantoprazole Gastro-resistant Tablets IP (Pantojohn - 20),Pantojohn - 20,T-2210131,T2210131,,false,2022-10,2025-09,Oct-22,Sep-25,"Johnlee Pharmaceuticals Pvt Ltd., By Aagya Biotech Pvt. Ltd., 1.5, Manglour-saharanpur road, Manglour- 247656, Roorkee, Haridwar.",johnlee pharmaceuticals pvt ltd,Dissolution in buffer stage,"CDTL, Mumbai","CDSCO, West Zone, Mumbai",,,1.0
2024-02,combined,nsq,false,data/raw/cdsco_alerts/combined/2024-02_combined.pdf,7,35,35,Atorvastatin and Clopidogrel Capsules (10mg/75mg),,MC221173,MC221173,,false,2022-12,2024-11,Dec-2022,Nov-2024,"Mascot Health Series Pvt. Lt., Plot No. 79,80,Sector-6A, IIE, Sidcul, Haridwar-249403",mascot health series pvt lt,Dissolution of Atorvastatin Calcium calculated as Atorvastatin,"RDTL, Chandigarh","CDSCO, North Zone Ghaziabad",,,1.0
2024-02,combined,nsq,false,data/raw/cdsco_alerts/combined/2024-02_combined.pdf,7,36,36,"Moxonidine Tablets BP (0.3 mg) POVIDONE-IODINE SOLUTION BP (VIDON) Pantoprazole Gastro-resistant Tablets IP (Pantojohn - 20) Calcium Carbonate, Vitamin D3 and L-Lysine Suspension (Oscaid Suspension)",Oscaid,MXDY0005,MXDY0005,2024-02_combined-p7-r36,false,2022-06,2025-05,Jun-2022 Aug-2022,May-2025 Jul-2024,"MICRO LABS LIMITED UNIT-III, R.S.No. 63/ 3 & 4, Thiruvander Koil, Puducherry-605102 Household Remedies Pvt. Ltd., Plot No.6/35, Dewan And Sons Aliyali, Palghar- 401 404. RACHIL PHARMA.., 18-19, Phase-1, Ind.Area, Sansarpur Terrace, Distt : Kangra (HP)- 176501",micro labs limited unit iii,"Dissolution Dissolution in buffer stage Description, Identification and Assay of Vitamin D3","RDTL, Chandigarh RDTL, Chandigarh","CDSCO, North Zone Ghaziabad O/o CMO Bilaspur District-Bilaspur H.P.- 174001",,,0.8
2024-02,combined,nsq,false,data/raw/cdsco_alerts/combined/2024-02_combined.pdf,7,36,36,"Moxonidine Tablets BP (0.3 mg) POVIDONE-IODINE SOLUTION BP (VIDON) Pantoprazole Gastro-resistant Tablets IP (Pantojohn - 20) Calcium Carbonate, Vitamin D3 and L-Lysine Suspension (Oscaid Suspension)",Oscaid,RL22070,RL22070,2024-02_combined-p7-r36,false,2022-06,2025-05,Jun-2022 Aug-2022,May-2025 Jul-2024,"MICRO LABS LIMITED UNIT-III, R.S.No. 63/ 3 & 4, Thiruvander Koil, Puducherry-605102 Household Remedies Pvt. Ltd., Plot No.6/35, Dewan And Sons Aliyali, Palghar- 401 404. RACHIL PHARMA.., 18-19, Phase-1, Ind.Area, Sansarpur Terrace, Distt : Kangra (HP)- 176501",micro labs limited unit iii,"Dissolution Dissolution in buffer stage Description, Identification and Assay of Vitamin D3","RDTL, Chandigarh RDTL, Chandigarh","CDSCO, North Zone Ghaziabad O/o CMO Bilaspur District-Bilaspur H.P.- 174001",,,0.8
2024-02,combined,nsq,false,data/raw/cdsco_alerts/combined/2024-02_combined.pdf,8,37,38,Cefodoxime Proxetil and Potassium Clavulanate Tablets,,MBT-22012,MBT22012,,false,2022-06,2023-09,Jun-2022,Sep-2023,"Magnatek Enterprises, Plot No. 74 C (II) HPSIDC Ind. Area Baddi, Distt. Solan (H.P.) 1732025",magnatek enterprises,Assay of Potassium Clavulanate Diluted calculated as Clavulanic Acid,"RDTL, Chandigarh","O/o State Drugs Controller, H.Q. Baddi, Distt. Solan, HP-173205",,,1.0
2024-02,combined,nsq,false,data/raw/cdsco_alerts/combined/2024-02_combined.pdf,8,38,39,Ofloxacin and Ornidazole Tablets IP (Normal -OZ TABLETS),Normal -OZ,122257,122257,,false,2022-12,2024-11,Dec-2022,Nov-2024,"Biologics Inc., Suketi Road, Kala-Amb, Distt. Sirmour (H.P.)- 173030",biologics inc,Dissolution of Ofloxacin and Ornidazole,"RDTL, Chandigarh",State FDA Qatilgah Kargil-194103 (UT Ladakh),,,1.0
2024-02,combined,nsq,false,data/raw/cdsco_alerts/combined/2024-02_combined.pdf,8,39,40,Cefuroxime Axetil Tablets IP 500 mg,,JAK-20,JAK20,,false,2023-05,,May-2023,Arp-2025,"Agron Remedies Pvt. Ltd., Sarverkhera, Moradabad Road, Kashipur-244713 (Uttarakhand)",agron remedies pvt ltd,Dissolution and Assay of Cefuroxime Axetil calculated as Cefuroxime,"RDTL, Chandigarh","CDSCO Sub-Zone, Jammu",,,0.7
2024-02,combined,nsq,false,data/raw/cdsco_alerts/combined/2024-02_combined.pdf,8,40,41,"Ambroxol, Terbutaline Sulphate, Guaiphenesin and Menthol Syrup (Tricodex A Syrup)",Tricodex A,SRLK230054,SRLK230054,,false,2023-11,2025-10,Nov-2023,Oct-2025,"SYSTOLE REMEDIES PVT. LTD. Vill. Ogli, Kala Amb, Teh. Nahan, Distt. Sirmour (H.P.)- 173030",systole remedies pvt ltd vill ogli,Assay of Terbutaline Sulphate,"RDTL, Chandigarh","CDSCO , Baddi",,,1.0
2024-02,combined,nsq,false,data/raw/cdsco_alerts/combined/2024-02_combined.pdf,8,41,42,"Ambroxol hydrochloride, Terbutaline Sulphate, Guaiphenesin and Menthol Syrup (Bronter SYRUP)",Bronter,NARL-0038,NARL0038,,false,2023-11,2025-10,Nov-2023,Oct-2025,"M Sea Pharmaceuticals (P) Ltd., Surajpur, Paonta Sahib, Sirmour Himachal Pradesh-173001",m sea pharmaceuticals ltd,Assay of Menthol,"RDTL, Chandigarh","CDSCO , Baddi",,,1.0
2024-02,combined,nsq,false,data/raw/cdsco_alerts/combined/2024-02_combined.pdf,9,42,43,"Ambroxol Hydrochloride, Levosalbutamol and Guaiphenesin Syrup (Saivent-LX Syrup)",Saivent-LX,MAG-S-1972,MAGS1972,,false,2023-10,2025-09,Oct-2023,Sep-2025,"Magma Allianz Laboratories Ltd., Vill. Guruwala, P.O. Bhagani Sahib, Teh. Paonta Sahib, Distt. Sirmour (H.P.)- 173025",magma allianz laboratories ltd,Assay of Ambroxol Hydrochloride and Levosalbutamol Sulphate calculated as Levosalbutamol,"RDTL, Chandigarh",CDSCO Baddi,,,1.0
2024-02,combined,nsq,false,data/raw/cdsco_alerts/combined/2024-02_combined.pdf,9,43,44,"Ambroxol Hydrochloride, Levosalbutamol Sulphate and Guaiphenesin Syrup (KOFVON LS Syrup)",KOFVON LS,OL-032309,OL032309,,false,2023-03,2025-02,Mar-2023,Feb-2025,"Sickcure Pharmaceuticals, Plot No. 52A, Industiral Area, Gondpur, Tehsil-Paonta Sahib, Distt. Sirmour (H.P.) 173025",sickcure pharmaceuticals,Ethylene Glycol (EG) is exceeding the permissible limit,"RDTL, Chandigarh",CDSCO Baddi,,,1.0
2024-02,combined,nsq,false,data/raw/cdsco_alerts/combined/2024-02_combined.pdf,9,44,45,"Ambroxol Hydrochloride, Terbutaline Sulphate, Guaiphenesin and Menthol Syrup (AVTUS-TG SYRUP)",AVTUS-TG,BL-36,BL36,,false,2023-07,2025-06,Jul-2023,Jun-2025,"Boffin Biotech Pvt. Ltd., Vill. Behral, Paonta Sahib, Distt. Sirmour-173025 (H.P.)",boffin biotech pvt ltd,Assay of Menthol,"RDTL, Chandigarh",CDSCO Baddi,,,1.0
2024-02,combined,nsq,false,data/raw/cdsco_alerts/combined/2024-02_combined.pdf,9,45,46,"Chlorpheniramine Maleate, Dextromethorphan Hydrobromide and Phenylephrine Hydrochloride Syrup (Expotus-D Syrup)",Expotus-D,LSF-B0075,LSFB0075,,false,2023-04,2025-03,Apr-2023,Mar-2025,"Spen Formulations Pvt. Ltd., Plot No-123, Industrial Area, Mehatpur, Distt. UNA-174315 (H.P.)",spen formulations pvt ltd,"Assay of Chlorpheniramine Maleate, Dextromethorphan Hydrobromide and Phenylephrine Hydrochloride","RDTL, Chandigarh",CDSCO Baddi,,,1.0
2024-02,combined,nsq,false,data/raw/cdsco_alerts/combined/2024-02_combined.pdf,9,46,47,"Dextromethorphan Hyhdrobromide, Phenylephrine Hydrochloride and Chlorpheniramine Maleate Syrup (ROYCOF-DX SYRUP)",ROYCOF-DX,GL2301001,GL2301001,,false,2023-01,2024-12,Jan-2023,Dec-2024,"Roseate Medicare, Village Anji, PO Barog, Distt. Solan, 173211 (H.P.) INDIA",roseate medicare,Identification and Assay of Chlorpheniramine Maleate and Assay of Dextromethorphan Hydrobromide,"RDTL, Chandigarh",CDSCO Baddi,,,1.0
2024-02,combined,nsq,false,data/raw/cdsco_alerts/combined/2024-02_combined.pdf,10,47,48,"Terbutaline Sulphate, Guaiphenesin, Ambroxol Hydrochloride and Menthol Syrup (Xpert-S Syrup)",Xpert-S,6530,6530,,false,2023-02,2025-01,Feb-2023,Jan-2025,"ESTRA PHARMACEUTICA LS, Fatehgarh Churian Road, Amritsar Br.",estra pharmaceutica ls,Assay of Ambroxol Hydrochloride and Menthol,"RDTL, Chandigarh",CDSCO Baddi,,,1.0
2024-02,combined,nsq,false,data/raw/cdsco_alerts/combined/2024-02_combined.pdf,10,48,49,LEVOCETIRIZINE HYDROCHLORIDE & MONTELUKAST SODIUM TABLETS I.P. (Cetliv-M),Cetliv-M,MDHMT-436,MDHMT436,,false,2023-03,2025-02,Mar-2023,Feb-2025,"M Sea Pharmaceuticals (P) Ltd. (A GMP ISO 9001: 2015 CERTIFIED CO., Surajpur, Paonta Sahib, Sirmour (H.P.)- 173001",m sea pharmaceuticals ltd 173001,Dissolution of Montelukast,"RDTL, Guwahati",Assistant Director (Food & Drugs) Mizoram,,,1.0
2024-02,combined,nsq,false,data/raw/cdsco_alerts/combined/2024-02_combined.pdf,10,49,50,Levocetirizine Dihydrochloride and Montelukast Sodium Tablets IP,,23112703,23112703,,false,2023-03,2025-02,Mar-2023,Feb-2025,"MERCURY LABORATORIES LIMITED., Unit No.2, Halol Baroda Road, Village: Jarod. Tal: Waghodia, Dist: Vadodara- 391510",mercury laboratories limited,Dissolution of Montelukast,"RDTL, Guwahati","Inspector of Drugs, Assam",,,1.0
2024-02,combined,nsq,false,data/raw/cdsco_alerts/combined/2024-02_combined.pdf,10,50,51,DICLOFENAC SODIUM INJECTION I.P. 75mg/3ml,,I213109,I213109,,false,2023-07,2025-06,Jul-2023,Jun-2025,"ANG Lifesciences India Ltd., Village Malkumajra, Nalagarh Road, Baddi, Distt. Solan-173205 (H.P.)",ang lifesciences india ltd,Description,"RDTL, Guwahati","Inspector of Drugs, Assam",,,1.0
2024-02,combined,nsq,false,data/raw/cdsco_alerts/combined/2024-02_combined.pdf,10,51,52,Montelukast Sodium and Levocetirizine Hydrochloride Tablets IP (Montas- L),Montas- L,MAT22030,MAT22030,,false,2022-06,2024-05,Jun-2022,May-2024,"Tirupati Medicare Limited, Nahan Road, Paonta Sahib, Dist. Sirmour, Himachal Pradesh - 173 025, India.",tirupati medicare limited,Dissolution of Montelukast,"RDTL, Guwahati","Inspector of Drugs, Sikkim",,,1.0
2024-02,combined,nsq,false,data/raw/cdsco_alerts/combined/2024-02_combined.pdf,11,52,53,Pheniramine Maleate Tablet I.P. (APVIL),APVIL,RT220422,RT220422,,false,2022-05,2025-04,May-2022,Apr-2025,"Ridley Life Science Pvt. Ltd.,, D-1651, DSIDC, Indl. Complex, Narela, Delhi- 110040",ridley life science pvt ltd,Description,"RDTL, Guwahati","Inspector of Drugs, Assam",,,1.0
2024-02,combined,nsq,false,data/raw/cdsco_alerts/combined/2024-02_combined.pdf,11,53,54,Pheniramine Maleate Tablet IP (APVIL),APVIL,RT220512,RT220512,,false,2022-06,2025-05,Jun-2022,May-2025,"RIDLEY LIFE SCIENCE PVT. LTD., D-1651, DSIDC Indl. Complex, Narela, Delhi-110040",ridley life science pvt ltd,Description,"RDTL, Guwahati","Inspector of Drugs, Assam",,,1.0
2024-02,combined,nsq,false,data/raw/cdsco_alerts/combined/2024-02_combined.pdf,11,54,55,Levocetirizine Hydrochloride & Montelukast Sodium IP Tablets (Raremont-LC),Raremont-LC,TSF-B1689,TSFB1689,,false,2023-04,2025-03,Apr-2023,Mar-2025,"Spen Formulations Pvt. Ltd., Plot No-123, Industrial Area, Mehatpur, Distt. UNA- 174315 (H.P.)",spen formulations pvt ltd,Dissolution and Assay of Montelukast,"RDTL, Guwahati","Inspector of Drugs, Assam",,,1.0
2024-02,combined,nsq,false,data/raw/cdsco_alerts/combined/2024-02_combined.pdf,11,55,56,Serratiopeptidase Tablets IP 10 mg (Serrarid-10),Serrarid-10,RT220358,RT220358,,false,2022-04,2024-03,Apr-2022,Mar-2024,"RIDLEY LIFE SCIENCE PVT. LTD, D-1651, DSIDC, Indl. Complex, Narela, Delhi-110040",ridley life science pvt ltd,Disintegration & Description,"RDTL, Guwahati","Inspector of Drugs, Meghalaya",,,1.0
2024-02,combined,nsq,false,data/raw/cdsco_alerts/combined/2024-02_combined.pdf,12,56,57,Telmisartan Tablets 40 mg and Amlodipine 5 mg Tablets IP (Telma AM),Telma AM,05230355,05230355,,false,2023-03,2026-02,03/202 3,02/2026,"Glenmark Pharmaceutica ls Ltd., Village Kishanpura, Baddi-Nalagarh Road, Tehsil Baddi, Distt. Solan (H.P.)",glenmark pharmaceutica ls ltd,Assay & Dissolution of Telmisartan & Amlodipine,"Central Drugs Laboratory, Kolkata","CDSCO, North Zone",,"The actual manufacturer (as per label claim) has informed that the impugned batch of the product has not been manufactured by them and that it is a spurious drug. Thus, the product is purported to be spurious, however, the same is subject to outcome of further investigation.",1.0
2024-02,combined,nsq,false,data/raw/cdsco_alerts/combined/2024-02_combined.pdf,12,57,58,Telmisartan Tablets I.P. 40 mg (Telma 40),Telma 40,I8220890,I8220890,,false,2022-12,2025-11,12/202 2,11/2025,"Glenmark Pharmaceutica ls Ltd., Samlik Marchak, Industrial Growth Centre, East Sikkim, Sikkim - 737135",glenmark pharmaceutica ls ltd,Dissolution,"Central Drugs Laboratory, Kolkata","CDSCO, North Zone",,"The actual manufacturer (as per label claim) has informed that the impugned batch of the product has not been manufactured by them and that it is a spurious drug. Thus, the product is purported to be spurious, however, the same is subject to outcome of further investigation.",1.0
2024-03,combined,nsq,false,data/raw/cdsco_alerts/combined/2024-03_combined.pdf,1,1,1,"L acidophilus, L. rhamnosus, B. bifidum, B. longum, S. thermohilus, S. boulardii, F. saccharides and F. amylase capsules (Lactogerm Capsules)",Lactogerm,OC-22566,OC22566,,false,2023-02,2024-07,02/2023,07/2024,"Orchid Bio-Tech Limited, 65, Peerpura-Delhi Highway, Roorkee 247667 (U.K.).",orchid bio tech limited,"Identification and assay of Bifidobacterium species, Streptococcus thermophillus and Saccharomyces boulardii and Assay of Lactobacillus species","Central Drugs Laboratory, Kolkata",State of Himachal Pradesh,,,1.0
2024-03,combined,nsq,false,data/raw/cdsco_alerts/combined/2024-03_combined.pdf,1,2,2,Bupivacaine HCl in Dextrose Injection USP (5 mg+80 mg/ml),,V23146,V23146,,false,2023-06,2025-05,06/2023,05/2025,"Vital Healthcare Pvt. Ltd., Plot No. H10 and H10/1, MIDC Satpur, Nashik.",vital healthcare pvt ltd,Description & Particulate Matter,"Central Drugs Laboratory, Kolkata","CDSCO, West Zone",,,1.0
2024-03,combined,nsq,false,data/raw/cdsco_alerts/combined/2024-03_combined.pdf,1,3,3,"Terbutaline Sulphate, Ambroxol Hydrochloride, Guaiphenesin & Menthol Syrup (Cofcil-A)",Cofcil-A,CF-B1,CFB1,,false,2023-08,2025-07,08/2023,07/2025,"Bethel Medipharma Private Limited, 73A, James Long Sarani, Kolkata 700104",bethel medipharma private limited,"Assay of Terbutaline Sulphate, Ambroxol Hydrochloride & Menthol","Central Drugs Laboratory, Kolkata","CDSCO, East Zone",,,1.0
2024-03,combined,nsq,false,data/raw/cdsco_alerts/combined/2024-03_combined.pdf,1,4,4,"Guaiphenesin, Sulbutamol Sulphate, Bromhexine Hydrochloride & Menthol Solution (SALGIM)",SALGIM,SL-23-02,SL2302,,false,2023-09,2025-08,09/2023,08/2025,"G.M. Pharmaceuticals, A-67(204), Satindra Pally, Garia, Kolkata -700 084",g m pharmaceuticals,"Assay of Sulbutamol Sulphate, Bromhexine & Menthol","Central Drugs Laboratory, Kolkata","CDSCO, East Zone",,,1.0
2024-03,combined,nsq,false,data/raw/cdsco_alerts/combined/2024-03_combined.pdf,1,5,5,"Terbutaline Sulphate, Ambroxol Hydrochloride, Guaiphenesin & Menthol Syrup (GMBRON)",GMBRON,GB-23-03,GB2303,,false,2023-12,2025-11,12/2023,11/2025,"G.M. Pharmaceuticals, A-67(204), Satindra Pally, Garia, Kolkata -700 084",g m pharmaceuticals,"Assay of Terbutaline Sulphate, Ambroxol Hydrochloride & Menthol","Central Drugs Laboratory, Kolkata","CDSCO, East Zone",,,1.0
2024-03,combined,nsq,false,data/raw/cdsco_alerts/combined/2024-03_combined.pdf,1,6,6,Ketoconazole Medicated Soap (Seboket Soap),Seboket Soap,SP-29,SP29,,false,2022-11,2024-10,11/2022,10/2024,"MARS Medisoap, Changodar, Ahmedabad- 382213",mars medisoap,Assay,"Central Drugs Laboratory, Kolkata","CDSCO, East Zone",,,1.0
2024-03,combined,nsq,false,data/raw/cdsco_alerts/combined/2024-03_combined.pdf,1,7,7,Ferrous Ascorbate & Folic Acid Tablets (Faro-XT),Faro-XT,FRO-1005,FRO1005,,false,2023-08,2025-07,08/2023,07/2025,"Ultra Chiron Pharmaceuticals Pvt. Ltd., 575, Phase IX, Industrial Area, Mohali-160062",ultra chiron pharmaceuticals pvt ltd,Description,"Central Drugs Laboratory, Kolkata","CDSCO, East Zone",,,1.0
2024-03,combined,nsq,false,data/raw/cdsco_alerts/combined/2024-03_combined.pdf,2,8,8,"Ambroxol Hydrochloride Guaiphenesin, Terbutaline Sulphate & Menthol (Viriz - AT)",Viriz - AT,7704,7704,,false,2023-12,2025-11,12/2023,11/2025,"Bidhan Pharmaceuticals, Vill. Khalore, P.O. Bagnan, Dist. Howrah 711303",bidhan pharmaceuticals,Assay of Menthol,"Central Drugs Laboratory, Kolkata","CDSCO, East Zone",,,1.0
2024-03,combined,nsq,false,data/raw/cdsco_alerts/combined/2024-03_combined.pdf,2,9,9,"Ambroxol, Salbutamol, Guaiphenesin and Menthol (Nokaff Expectorant)",Nokaff Expectorant,7709,7709,,false,2023-12,2025-11,12/2023,11/2025,"Bidhan Pharmaceuticals, Vill. Khalore, P.O. Bagnan, Dist. Howrah 711303",bidhan pharmaceuticals,"Assay of Ambroxol, & Guaiphenesin","Central Drugs Laboratory, Kolkata","CDSCO, East Zone",,,1.0
2024-03,combined,nsq,false,data/raw/cdsco_alerts/combined/2024-03_combined.pdf,2,10,10,Betamethasone Sodium Phosphate Tablets I.P. (Betalar-S),Betalar-S,BT3-50,BT350,,false,2023-12,2025-11,12/2023,11/2025,"Lark Laboratories (India) Ltd., At: SP-1192-E, RIICO Industrial Area, Phase IV, Bhiwadi 301019, Dist.- Alwar (Rajasthan)",lark laboratories ltd,Description,"Central Drugs Laboratory, Kolkata","CDSCO, Varanasi",,,1.0
2024-03,combined,nsq,false,data/raw/cdsco_alerts/combined/2024-03_combined.pdf,2,11,11,Dicyclomine Hydrochloride Injection I.P. 10 mg,,RM-46,RM46,,false,2023-02,2025-01,02/2023,01/2025,"SVP Life Sciences, C/10/1, Sara Industrial Estate, Selaqui, Dehradun, Uttarakhand",svp life sciences,Description & Particulate Matter,"Central Drugs Laboratory, Kolkata","CDSCO, Rishikesh",,,1.0
2024-03,combined,nsq,false,data/raw/cdsco_alerts/combined/2024-03_combined.pdf,2,12,12,Omeprazole Magnesium & Domperidone Tables (MOD Tablets),MOD,LLT-2614,LLT2614,,false,2023-12,2025-11,12/2023,11/2025,"Cavendish Bio Pharma Pvt. Ltd. At Kh. No. 136, Raipur - 247 661 (Utarakhand)",cavendish bio pharma pvt ltd at kh no 136,Disintegration,"Central Drugs Laboratory, Kolkata","CDSCO, Rishikesh",,,1.0
2024-03,combined,nsq,false,data/raw/cdsco_alerts/combined/2024-03_combined.pdf,2,13,13,Methylcobalamin Injection 1500 mcg / 2 ml (Mithcoll 1500 Injection),Mithcoll 1500,SVL-73,SVL73,,false,2023-11,2025-04,11/2023,04/2025,"SVP Life Sciences, C/10/1, Sara Industrial Estate, Selaqui, Dehradun, Uttarakhand",svp life sciences,Description & Particulate Matter,"Central Drugs Laboratory, Kolkata","CDSCO, Rishikesh",,,1.0
2024-03,combined,nsq,false,data/raw/cdsco_alerts/combined/2024-03_combined.pdf,2,14,14,"Aceclofenac, Paracetamol & Serratiopeptidase Tablets (TENAC-SP Tablets)",TENAC-SP,TT-011223,TT011223,,false,2023-12,2025-11,12/2023,11/2025,"Technica Lab & Pharma Pvt. Ltd., Plot No. 100, Sector-7, IIE, SIDCUL, Haridwar, Uttarakhand",technica lab pharma pvt ltd,Description & Assay of Serratiopeptidase,"Central Drugs Laboratory, Kolkata","CDSCO, Rishikesh",,,1.0
2024-03,combined,nsq,false,data/raw/cdsco_alerts/combined/2024-03_combined.pdf,2,15,15,"Levosalbutamol Sulphate, Ambroxol Hydrochloride & Guaiphenesin Syrup (Zembron - LS)",Zembron - LS,JL-231144,JL231144,,false,2023-11,2025-10,11/2023,10/2025,"Jineka Healthcare Private Limited, Khasra No. 507-525, Bedpur Crossing, Bhagwanpur Bypass, Roorkee, Distt. Haridwar (U.K.) 247667",jineka healthcare private limited,Assay of Levosalbutamol,"Central Drugs Laboratory, Kolkata","CDSCO, Rishikesh",,,1.0
2024-03,combined,nsq,false,data/raw/cdsco_alerts/combined/2024-03_combined.pdf,2,16,16,Gentamicin Injection IP 40 mg,,23BUI59,23BUI59,,false,2023-09,2025-08,09/2023,08/2025,"SVP Life Sciences, C/10/1, Sara Industrial Estate, Selaqui, Dehradun, Uttarakhand",svp life sciences,"Particulate Matter, pH & Assay","Central Drugs Laboratory, Kolkata","CDSCO, Rishikesh",,,1.0
2024-03,combined,nsq,false,data/raw/cdsco_alerts/combined/2024-03_combined.pdf,2,17,17,Rifaximin Tablets 200 mg (Foxigen-200),Foxigen-200,TX-17329,TX17329,,false,2023-05,2025-04,05/2023,04/2025,"Legen Healthcare Plot No. 20, Sector-5, Parwanoo, Distt. Solan, (H.P.) 173220",legen healthcare plot no 20,Dissolution,"Central Drugs Laboratory, Kolkata","CDSCO, North Zone",,,1.0
2024-03,combined,nsq,false,data/raw/cdsco_alerts/combined/2024-03_combined.pdf,3,18,18,Lactic Acid Bacillus Tablets 60 Million Spores,,MT230908,MT230908,,false,2023-03,2025-02,03/2023,02/2025,"Mascot Health Series Pvt. Ltd., Plot No. 79, 80, Sector 6A, IIE, SIDCUL, Haridwar -249403",mascot health series pvt ltd,Assay of Gram positive endospore bearing rod shaped bacterium,"Central Drugs Laboratory, Kolkata","CDSCO, North Zone",,,1.0
2024-03,combined,nsq,false,data/raw/cdsco_alerts/combined/2024-03_combined.pdf,3,19,19,Rifaximin Tablets (Faxigen-550),Faxigen-550,TX-17503,TX17503,,false,2023-08,2025-07,08/2023,07/2025,"Legen Healthcare Plot No. 20, Sector-5, Parwanoo, Distt. Solan, H.P. 173220",legen healthcare plot no 20,"Water, Dissolution & Assay","Central Drugs Laboratory, Kolkata","CDSCO, North Zone",,,1.0
2024-03,combined,nsq,false,data/raw/cdsco_alerts/combined/2024-03_combined.pdf,3,20,20,Heparin Sodium Injection I.P. 5000 IU / 5ml (Astriparin Injection 5000 IU / 5 ml),,AGI-23077,AGI23077,,false,2023-05,2025-04,05/2023,04/2025,"Astrica Healthcare Pvt. Ltd., At 440/3, Village Katha, Baddi, Dist. Solan (H.P.) - 173205",astrica healthcare pvt ltd,Description & Particulate Matter & Assay,"Central Drugs Laboratory, Kolkata",State of Andra Pradesh,,,1.0
2024-03,combined,nsq,false,data/raw/cdsco_alerts/combined/2024-03_combined.pdf,3,21,21,Vitamin B Complex Tablets (PARAPLEX),PARAPLEX,PX-523,PX523,,false,2023-03,2024-08,03/2023,08/2024,"High Tech Pharma, 49, Khandelwal Compound, Nemawar Road, Palda, Indore-452001",high tech pharma,Assay of Vitamin B1 & Calcium Pantothenate,"Central Drugs Laboratory, Kolkata",State of Jharkahnd,,,1.0
2024-03,combined,nsq,false,data/raw/cdsco_alerts/combined/2024-03_combined.pdf,3,22,22,"Diclofenac, Paracetamol and Serratiopeptidase Tablets (Pardic - SP Tables)",Pardic - SP Tables,JMT-2208520,JMT2208520,,false,2022-08,2024-07,08/2022,07/2024,"JMM Laboratories, Vill. Khari, Kala Amb., Tehsil: Nahan, Distt. Sirmour (H.P.) 173030",jmm laboratories,Assay of Serratiopeptidase,"Central Drugs Laboratory, Kolkata",State of Jharkahnd,,,1.0
2024-03,combined,nsq,false,data/raw/cdsco_alerts/combined/2024-03_combined.pdf,3,23,23,Montelukast Sodium & Levocetirizine Dihydrochloride Tables I.P. (Montor - LC Tablets),Montor - LC,B18523003,B18523003,,false,2023-03,2025-02,03/2023,02/2025,"Torque Pharmaceuticals Pvt. Ltd., 13B-14, EPIP-1, Jharmajri, H.P. 173205",torque pharmaceuticals pvt ltd,Dissolution,"Central Drugs Laboratory, Kolkata",State of Jharkahnd,,,1.0
2024-03,combined,nsq,false,data/raw/cdsco_alerts/combined/2024-03_combined.pdf,3,24,24,Himulti Multi Vitamin Tablets,,HM-1922,HM1922,,false,2022-12,2024-05,12/2022,05/2024,"High Tech Pharma, 49, Khandelwal Compound, Nemawar Road, Palda, Indore-452001",high tech pharma,Assay of Vitamin A Acetate and Vitamin D3,"Central Drugs Laboratory, Kolkata",State of Jharkahnd,,,1.0
2024-03,combined,nsq,false,data/raw/cdsco_alerts/combined/2024-03_combined.pdf,3,25,25,Betamethasone Sodium Phosphate Tablets I.P. 0.5 mg (Betnesol),Betnesol,6H8X,6H8X,,false,2023-07,2025-06,07/2023,06/2025,"GlaxoSmithkline Pharmaceuticals Limited, A-10, M.I.D.C. Ambad-Pathardi Block, Nashik-422010",glaxosmithkline pharmaceuticals limited,Assay of Betamethasone,"Central Drugs Laboratory, Kolkata",State of Jharkahnd,,,1.0
2024-03,combined,nsq,false,data/raw/cdsco_alerts/combined/2024-03_combined.pdf,3,26,26,Himulti Multi Vitamin Tablets,,HM-1722,HM1722,,false,2022-12,2024-05,12/2022,05/2024,"High Tech Pharma, 49, Khandelwal Compound, Nemawar Road, Palda, Indore-452001",high tech pharma,Assay of Vitamin A Acetate and Vitamin D3,"Central Drugs Laboratory, Kolkata",State of Jharkahnd,,,1.0
2024-03,combined,nsq,false,data/raw/cdsco_alerts/combined/2024-03_combined.pdf,3,27,27,Ranitidine Tablets I.P. 150 mg,,0404423,0404423,,false,2023-05,2025-04,05/2023,04/2025,"Karnataka Antibiotics & Pharmaceuticals Limited, Plot No. 14, Peenya, II Phase, Bengalurur - 560058, Karnataka",karnataka antibiotics pharmaceuticals limited,Description,"Central Drugs Laboratory, Kolkata",State of Jharkahnd,,,1.0
2024-03,combined,nsq,false,data/raw/cdsco_alerts/combined/2024-03_combined.pdf,4,28,28,Multiple Electrolytes and Dextrose Injection Type I IP (P-500 ml),,P4FBW20,P4FBW20,,false,2023-04,2025-03,04/2023,03/2025,"Swaroop Pharmaceuticals Pvt. Ltd., A-10, Tala Nagari Industrial Area, Aligarh -202001 (U.P.)",swaroop pharmaceuticals pvt ltd,Assay of Dextrose,"Central Drugs Laboratory, Kolkata",State of Odisha,,,1.0
2024-03,combined,nsq,false,data/raw/cdsco_alerts/combined/2024-03_combined.pdf,4,29,29,Multiple Electrolytes and Dextrose Injection Type I IP (P-500 ml),,P4FBW19,P4FBW19,,false,2023-04,2025-03,04/2023,03/2025,"Swaroop Pharmaceuticals Pvt. Ltd., A-10, Tala Nagari Industrial Area, Aligarh -202001 (U.P.)",swaroop pharmaceuticals pvt ltd,Assay of Dextrose,"Central Drugs Laboratory, Kolkata",State of Odisha,,,1.0
2024-03,combined,nsq,false,data/raw/cdsco_alerts/combined/2024-03_combined.pdf,4,30,30,Ocured Sterile Eye Drops 10 ml,,USV2302,USV2302,,false,2023-08,2026-07,08/2023,07/2026,"Centaur Pharmaceuticals Pvt. Ltd., Plant-I, Plot No. 3, 5B, 2C, Tivim Industrial Estate, Karaswada, Mapusa, Goa-403526",centaur pharmaceuticals pvt ltd,Assay of Benzalkonium Chloride,"Central Drugs Laboratory, Kolkata","CDSCO, Sub-Zone, Goa",,,1.0
2024-03,combined,nsq,false,data/raw/cdsco_alerts/combined/2024-03_combined.pdf,4,31,31,Magnesium Hydroxide IP/BP/USP,,MH025523,MH025523,,false,2023-11,2028-10,11/2023,10/2028,"Meha Pharma Private Limited, Plot No. 281, Kundaim Industrial Estate, Kundaim, Goa-403115",meha pharma private limited,Substances insoluble in acetic acid,"Central Drugs Laboratory, Kolkata","CDSCO, Sub-Zone, Goa",,,1.0
2024-03,combined,nsq,false,data/raw/cdsco_alerts/combined/2024-03_combined.pdf,4,32,32,Aluminium Hydroxide Gel-7HV IP/USP,,AHG024923,AHG024923,,false,2023-11,2026-10,11/2023,10/2026,"Meha Pharma Private Limited, Plot No. 281, Kundaim Industrial Estate, Kundaim, Goa-403115",meha pharma private limited,Assay of Aluminium Hydroxide,"Central Drugs Laboratory, Kolkata","CDSCO, Sub-Zone, Goa",,,1.0
2024-03,combined,nsq,false,data/raw/cdsco_alerts/combined/2024-03_combined.pdf,4,33,33,"Terbutaline Sulphate, Bromhexine Hydrochloride, Guaiphenesin & Menthol Syrup (Esytus plus)",Esytus plus,L2310099,L2310099,,false,2023-10,2025-09,10/2023,09/2025,"Empree medicaments India Private Limited, 99 C and D KIADB Industrial Estate, Honaga, Belgavi 591156, Karnataka",empree medicaments india private limited,Assay of Bromhexine Hydrochloride & Menthol,"Central Drugs Laboratory, Kolkata","CDSCO, Sub-Zone, Bangalore",,,1.0
2024-03,combined,nsq,false,data/raw/cdsco_alerts/combined/2024-03_combined.pdf,4,34,34,"Aceclofenac, Paracetamol & Serratiopeptidase Tablets (ACEMETIL-SP Tablets)",ACEMETIL-SP,SD7744A,SD7744A,,false,2023-12,2025-11,12/2023,11/2025,"Sigma Softgel & Formulation, Plot No. 171, HPSIDC, Industrial Area, Baddi 173205",sigma softgel formulation,Description,"Central Drugs Laboratory, Kolkata","CDSCO, Baddi",,,1.0
2024-03,combined,nsq,false,data/raw/cdsco_alerts/combined/2024-03_combined.pdf,4,35,35,Telmisartan and Hydrochlorothiazide Tablets IP (Telverge H),Telverge H,BD231669H,BD231669H,,false,2023-11,2025-10,30-Nov-2023,31-Oct-2025,"BIOALTUS PHARMACEUTICALS PVT. LTD., At: 19-20, DIC, Ind. Area, Baddi, Distt. Solan (H.P.) 173205",bioaltus pharmaceuticals pvt ltd,Dissolution of Hydrochlorothiazide,"CDTL, Hyderabad","CDSCO, Hyderabad",,,1.0
2024-03,combined,nsq,false,data/raw/cdsco_alerts/combined/2024-03_combined.pdf,4,36,36,Sodium Valproate Gastro-resistant Tablets IP 200 mg,,SVT1136,SVT1136,,false,2023-07,2024-12,Jul-2023,Dec-2024,"Unicure India Ltd., C-21, 22 & 23, Sector-3, Noida-201 301, Distt. Gautam Budh Nagar (U.P.)",unicure india ltd,Dissolution in ACID stage,CDTL-Mumbai,"CDSCO, West Zone",,,1.0
2024-03,combined,nsq,false,data/raw/cdsco_alerts/combined/2024-03_combined.pdf,4,37,37,Metoprolol Tablets IP 25 mg,,GM23018,GM23018,,false,2023-07,2025-06,Jul-2023,Jun-2025,"Skymap Pharmaceuticals Pvt. LTd., B-3, Dev Bhoomi Industrial Estate, Puhana Iqbalpur Road, Roorkee- 247 667",skymap pharmaceuticals pvt ltd,Related Substances,CDTL-Mumbai,"CDSCO, West Zone",,,1.0
2024-03,combined,nsq,false,data/raw/cdsco_alerts/combined/2024-03_combined.pdf,5,38,38,Diacerein Tablets 50 mg,,DCT1102,DCT1102,,false,2023-10,2025-09,Oct-2023,Sep-2025,"Unicure India Ltd., C-21, 22 & 23, Sector-3, Noida-201 301, Distt. Gautam Budh Nagar (U.P.)",unicure india ltd,Description,CDTL-Mumbai,"CDSCO, West Zone",,,1.0
2024-03,combined,nsq,false,data/raw/cdsco_alerts/combined/2024-03_combined.pdf,5,39,39,Sodium Valproate and Valproic Acid Controlled-Release Tablets 200 mg (Opi Soproate - 200),Opi Soproate - 200,23E-T990,23ET990,,false,2023-08,2025-07,Aug-2023,Jul-2025,"Orison Pharma International Khari, Mauza Ogli, Kala amb-Distt. Simour, 173030 (H.P.)",orison pharma international khari,"Average weight, Dissolution & Description",CDTL-Mumbai,"CDSCO, West Zone",,,1.0
2024-03,combined,nsq,false,data/raw/cdsco_alerts/combined/2024-03_combined.pdf,5,40,40,Ceftriaxone Injection IP (Lorisol 1000),Lorisol 1000,24PB001,24PB001,,false,2024-01,2025-12,Jan-2024,Dec-2025,"Bueno Salud Care India Pvt. Ltd., K-20/21, Gallops Industrial Park-2, Bavla Rajkot NH8, Vill. Vasana Chacharawadi, Ahmedabad-382213, Gujarat",bueno salud care india pvt ltd,Clarity of solution,CDTL-Mumbai,"CDSCO, Ahmedabad",,,1.0
2024-03,combined,nsq,false,data/raw/cdsco_alerts/combined/2024-03_combined.pdf,5,41,41,Amoxicillin Tablets 500 mg (Moxyvec-500),Moxyvec-500,TP-07,TP07,,false,2022-07,2025-06,Jul-2022,Jun-2025,Not Mentioned,not mentioned,Description,CDTL-Mumbai,"CDSCO, Ahmedabad",,,1.0
2024-03,combined,nsq,false,data/raw/cdsco_alerts/combined/2024-03_combined.pdf,5,42,42,Amoxycillin Dispersible Tablets IP 500 mg (Edmax- 500 DT),Edmax- 500 DT,24TB004,24TB004,,false,2024-01,2025-12,Jan-2024,Dec-2025,"Bueno Salud Care India Pvt. Ltd., K-20/21, Gallops Industrial Park-2, Bavla Rajkot NH8, Vill. Vasana Chacharawadi, Ahmedabad-382213, Gujarat",bueno salud care india pvt ltd,Uniformity of weight,CDTL-Mumbai,"CDSCO, Ahmedabad",,,1.0
2024-03,combined,nsq,false,data/raw/cdsco_alerts/combined/2024-03_combined.pdf,5,43,43,Co- Trimoxazole Oral Suspension I.P. (Altoprim Suspension),Altoprim,ML-4943,ML4943,,false,2022-12,2024-11,Dec-2022,Nov-2024,"Mancare Laboratories Pvt. Ltd., Plot No. 11, Pharmacity,Selaqui, Dehradun Uttarakhand- 248011",mancare laboratories pvt ltd,pH,"RDTL, Guwahati",State of Arunachal Pradesh,,,1.0
2024-03,combined,nsq,false,data/raw/cdsco_alerts/combined/2024-03_combined.pdf,5,44,44,CALCIUM CARBONATE TABLETS IP 500 mg.,,PT-30670,PT30670,,false,2023-04,2025-03,Apr-2023,Mar-2025,"Pharmaroots Healthcare, Khasra No. 411, Village Tipra, P.O. Barotiwala, Tehsil Baddi, Distt. Solan, H.P.",pharmaroots healthcare,Disintegration,"RDTL, Guwahati",State of Arunachal Pradesh,,,1.0
2024-03,combined,nsq,false,data/raw/cdsco_alerts/combined/2024-03_combined.pdf,5,45,45,Ramipril Tablets IP 5 mg. (Ramil- 5),Ramil- 5,T-5987,T5987,,false,2023-01,2024-12,Jan-2023,Dec-2024,"Jackson Laboratories Pvt. Ltd, 22-24, Majitha Road, Bye Pass, Amritsar-143 001 (India)",jackson laboratories pvt ltd,Dissolution,"RDTL, Guwahati",State of Arunachal Pradesh,,,1.0
2024-03,combined,nsq,true,data/raw/cdsco_alerts/combined/2024-03_combined.pdf,5,46,46,CALCIUM CARBONATE TABLETS IP 500 mg.,,PT-30665,PT30665,,false,2023-04,2025-03,Apr-2023,Mar-2025,"Pharmaroots Healthcare, Khasra No. 411, Village Tipra, P.O. Barotiwala, Tehsil Baddi, Distt. Solan, H.P.",pharmaroots healthcare,Misbranded,"RDTL, Guwahati",State of Arunachal Pradesh,,,1.0
2024-03,combined,nsq,false,data/raw/cdsco_alerts/combined/2024-03_combined.pdf,5,47,47,Calcium and Vitamin D3 Tablets I.P.,,UDT10723,UDT10723,,false,2023-03,2024-08,Mar-2023,Aug-2024,"M/s. Unicure India Ltd,, C-21, 22 & 23, Sector-3, Noida-201 301, Distt. Gautam Budh Nagar (U.P.).",unicure india ltd,Description,"RDTL, Guwahati",State of Assam,,,1.0
2024-03,combined,nsq,false,data/raw/cdsco_alerts/combined/2024-03_combined.pdf,6,48,48,Ofloxacin and Ornidazole Tablets IP. (Offlent- OZ),Offlent- OZ,JBT-4315,JBT4315,,false,2023-04,2025-03,Apr-2023,Mar-2025,"J.B. Remedies Pvt. Ltd., 11 th Mile Stone, Roorkee Road, K. H. No.: 298, Vill- Kurdi, Manglour, Roorkee, Distt. Haridwar- 247667 (U.K.)",j b remedies pvt ltd,Dissolution of Ofloxacin and Ornidazole,"RDTL, Guwahati",State of Meghalaya,,,1.0
2024-03,combined,nsq,false,data/raw/cdsco_alerts/combined/2024-03_combined.pdf,6,49,49,OFLOXACIN & ORNIDAZOLE TABLETS I.P. (AXIFLO-OZ TABLETS),AXIFLO-OZ,MARMT-240,MARMT240,,false,2022-10,2024-09,Oct-2022,Sep-2024,"M Sea Pharmaceuticals (P) Ltd. (A GMP ISO 9001: 2015 CERTIFIED CO., Surajpur, Paonta Sahib, Sirmour (H.P.)- 173025",m sea pharmaceuticals ltd 173025,Dissolution of Ofloxacin and Ornidazole,"RDTL, Guwahati",State of Assam,,,1.0
2024-03,combined,nsq,false,data/raw/cdsco_alerts/combined/2024-03_combined.pdf,6,50,50,Zinc Sulphate Tablets IP. (Saluzinc- 20),Saluzinc- 20,SPT230376,SPT230376,,false,2023-02,2025-01,Feb-2023,Jan-2025,"SALUS PHARMACEUTICALS, 480/211, Harraipur, PO Gurumajra, Teh. Baddi, Distt. Solan (H.P.) 173205",salus pharmaceuticals,Disintegration,"RDTL, Guwahati",State of Arunachal Pradesh,,,1.0
2024-03,combined,nsq,false,data/raw/cdsco_alerts/combined/2024-03_combined.pdf,6,51,51,Montelukast Sodium & Levocetirizine Hydrochloride Suspension. (Lovega- M Suspension),Lovega- M,TLL-2450,TLL2450,,false,2022-12,2024-11,Dec-2022,Nov-2024,"Taksa Lifescience, E-47, Industrial Area, Focal Point Derabassi, Distt. Mohali",taksa lifescience,Assay of Montelukast,"RDTL, Guwahati",State of Bihar,,,1.0
2024-03,combined,nsq,false,data/raw/cdsco_alerts/combined/2024-03_combined.pdf,6,52,52,Enalapril Maelate Tablets IP 5 mg,,T013002,T013002,,false,2023-06,2025-05,Jun-2023,May-2025,"ANG Lifesciences India Ltd., Village Malkumajra, Nalagarh Road, Baddi, Distt. Solan-173205 (H.P.)",ang lifesciences india ltd,Assay of Enalapril Maleate,"RDTL, Chandigarh","CDSCO Sub-Zone, Jammu",,,1.0
2024-03,combined,nsq,false,data/raw/cdsco_alerts/combined/2024-03_combined.pdf,6,53,53,Domperidone Tablets IP 10 mg (Domipen Tablets),Domipen,E2K0571,E2K0571,,false,2022-11,2024-10,Nov-2022,Oct-2024,"MOREPEN LABORATORIES LTD, Plot No. 12-B, Sector-2, Parwanoo, Distt. Solan (H.P.) 173220",morepen laboratories ltd,Identification A,"RDTL, Chandigarh",Sate of U.T.Ladkah,,,1.0
2024-03,combined,nsq,false,data/raw/cdsco_alerts/combined/2024-03_combined.pdf,6,54,54,Rabeprazole Sodium Gastro-Resistant Tablets IP 20 mg (Rben-20 Tablets),Rben-20,TJ231109,TJ231109,,false,2023-10,2025-09,Oct-2023,Sep-2025,"ORCHID MEDLIFE PVT. LTD., Khasra No. 646/513,Vill. Kaundi, P.O. Thana, Tehsil Baddi, Distt. Solan (H.P.) 173205",orchid medlife pvt ltd,Dissolution (Buffer stage),"RDTL, Chandigarh",Sate of U.T.Ladkah,,,1.0
2024-03,combined,nsq,false,data/raw/cdsco_alerts/combined/2024-03_combined.pdf,6,55,55,"Levosalbutamol Sulphate, Amrboxol HCI and Gauiphenesin Expectorant Syrup (ABRODOLL-S Cough Syrup)",ABRODOLL-S Cough,ALL-1070,ALL1070,,false,2023-11,2025-10,Nov-2023,Oct-2025,"Access Life Sciences, Khasra No. 551/3, Village Taksal Parwanoo Distt. Solan (HP)-173220",access life sciences,Assay of Levosalbutamol Sulphate calculated as Levosalbutamol,"RDTL, Chandigarh",CDSCO Sub Zone Baddi,,,1.0
2024-03,combined,nsq,false,data/raw/cdsco_alerts/combined/2024-03_combined.pdf,6,56,56,"Levosalbutamol Sulphate, Amrboxol Hydrochloride and Guaiphenesin Syrup (L-Melt Syrup)",L-Melt,ALL-1038,ALL1038,,false,2023-11,2025-10,Nov-2023,Oct-2025,"Access Life Sciences, Khasra No. 551/3, Village Taksal Parwanoo Distt. Solan (HP)-173220",access life sciences,Assay of Ambroxol Hydrochloride,"RDTL, Chandigarh",CDSCO Sub Zone Baddi,,,1.0
2024-03,combined,nsq,false,data/raw/cdsco_alerts/combined/2024-03_combined.pdf,7,57,57,Cefpodoxime Proxetil Dispersible Tablets (TROYPOD 200 TABLETS),TROYPOD 200,CT-0778A,CT0778A,,false,2023-12,2025-11,Dec-2023,Nov-2025,"Saitech Medicare Pvt. Ltd., Village-Kheri, Trilokpur Road, Kala-Amb, Dist. Simour, (H.P.) 173030",saitech medicare pvt ltd,Dissolution,"RDTL, Chandigarh",CDSCO Sub Zone Baddi,,,1.0
2024-03,combined,nsq,false,data/raw/cdsco_alerts/combined/2024-03_combined.pdf,7,58,58,Levocetirizine Dihydrochloride Tablets IP (Alerno Tablets),Alerno,GTD0813A,GTD0813A,,false,2023-11,2025-10,Nov-2023,Oct-2025,"Digital Vision, 176, Mauza Ogli, Nahan Road, Kala-Amb, Distt. Sirmour (H.P.)-173030",digital vision,Dissolution,"RDTL, Chandigarh",CDSCO Sub Zone Baddi,,,1.0
2024-03,combined,nsq,false,data/raw/cdsco_alerts/combined/2024-03_combined.pdf,7,59,59,Flupentixol Dihydrochloride and Melitracen Tablets (Flutol Tablets),Flutol,FT-22741,FT22741,,false,2022-10,2024-09,Oct-2022,Sep-2024,"Foregen Healthcare Ltd., Unit : Plot No. 104-105, DIC Industrial Area, Baddi, Distt. Solan (HP)- 173205",foregen healthcare ltd,Assay of Flupentixol Dihydrochloride calculated as Flupentixol and Melitracen Hydrochloride calculated as Melitracen,"RDTL, Chandigarh","CDSCO Sub-Zone, Jammu",,,1.0
