patient_id,disp_id,true_batch_uid,true_batch_no,nsq_batch_no,nsq_source_file,nsq_row_no,nsq_origin,match_type,is_true_exposure,capture_method,scenario,scenario_signal
P03271,D000041,B005630,HM-1787,HM-1722,data/raw/cdsco_alerts/combined/2024-03_combined.pdf,26,pdf,decoy,False,manual,,
P01254,D000048,B005824,ATA-176,ATA-176,data/raw/cdsco_alerts/central/2024-05_central_nsq.pdf,30,pdf,noisy,True,manual,,
P00740,D000132,B005561,YCRE33010,YCRE23010,data/raw/cdsco_portal/json/2025-07_all_nsq.json,41,portal,decoy,False,manual,,
P01917,D000215,B005723,UGT271163,UGT231163,data/raw/cdsco_alerts/central/2025-01_central_nsq.pdf,28,pdf,decoy,False,manual,,
P01323,D000335,B005659,RD270037,RD220037,data/raw/cdsco_alerts/combined/2023-12_combined.pdf,72,pdf,decoy,False,qr_scan,,
P02666,D000482,B005659,RD270037,RD220037,data/raw/cdsco_alerts/combined/2023-12_combined.pdf,72,pdf,decoy,False,manual,,
P02258,D000603,B005893,PT35119,PT30119,data/raw/cdsco_alerts/central/2024-12_central_nsq.pdf,35,pdf,decoy,False,manual,,
P01517,D000848,B005723,UGT271163,UGT231163,data/raw/cdsco_alerts/central/2025-01_central_nsq.pdf,28,pdf,decoy,False,manual,,
P03404,D000946,B005561,YCRE33010,YCRE23010,data/raw/cdsco_portal/json/2025-07_all_nsq.json,41,portal,decoy,False,qr_scan,,
P00142,D000954,B005560,YCRE23010,YCRE23010,data/raw/cdsco_portal/json/2025-07_all_nsq.json,41,portal,exact,True,qr_scan,,
P00058,D000983,B005624,22X23002,22X23002,data/raw/cdsco_alerts/central/2024-09_central_nsq.pdf,7,pdf,blank_batch,True,blank,,
P04775,D001010,B005645,UDT10723,UDT10723,data/raw/cdsco_alerts/combined/2024-03_combined.pdf,47,pdf,exact,True,manual,,
P00013,D001050,B005723,UGT271163,UGT231163,data/raw/cdsco_alerts/central/2025-01_central_nsq.pdf,28,pdf,decoy,False,manual,,
P01910,D001222,B006086,TE3016A,TE3016A,data/raw/cdsco_alerts/central/2024-05_central_nsq.pdf,11,pdf,noisy,True,manual,,
P02824,D001465,B005893,PT35119,PT30119,data/raw/cdsco_alerts/central/2024-12_central_nsq.pdf,35,pdf,decoy,False,manual,,
P03369,D001647,B005820,JDL-2921,JDL-2921,data/raw/cdsco_alerts/combined/2024-01_combined.pdf,6,pdf,exact,True,qr_scan,,
P00998,D001904,B005820,JDL-2921,JDL-2921,data/raw/cdsco_alerts/combined/2024-01_combined.pdf,6,pdf,blank_batch,True,blank,,
P00400,D001934,B005560,YCRE23010,YCRE23010,data/raw/cdsco_portal/json/2025-07_all_nsq.json,41,portal,exact,True,qr_scan,,
P01056,D001963,B005650,AHH1230,AHH0230,data/raw/cdsco_alerts/central/2024-11_central_nsq.pdf,34,pdf,decoy,False,blank,,
P03555,D002026,B005624,22X23002,22X23002,data/raw/cdsco_alerts/central/2024-09_central_nsq.pdf,7,pdf,exact,True,manual,,
P03555,D002028,B005710,C4093044,C4093044,data/raw/cdsco_alerts/state/2024-11_state_nsq.pdf,54,pdf,blank_batch,True,blank,,
P00050,D002114,B005820,JDL-2921,JDL-2921,data/raw/cdsco_alerts/combined/2024-01_combined.pdf,6,pdf,noisy,True,manual,,
P04457,D002171,B005849,WHL-81785,WHL-01715,data/raw/cdsco_alerts/combined/2024-02_combined.pdf,30,pdf,decoy,False,blank,,
P03630,D002225,B005624,22X23002,22X23002,data/raw/cdsco_alerts/central/2024-09_central_nsq.pdf,7,pdf,exact,True,qr_scan,,
P01901,D002235,B005650,AHH1230,AHH0230,data/raw/cdsco_alerts/central/2024-11_central_nsq.pdf,34,pdf,decoy,False,qr_scan,,
P00510,D002420,B005820,JDL-2921,JDL-2921,data/raw/cdsco_alerts/combined/2024-01_combined.pdf,6,pdf,noisy,True,manual,,
P03744,D002548,B005893,PT35119,PT30119,data/raw/cdsco_alerts/central/2024-12_central_nsq.pdf,35,pdf,decoy,False,blank,,
P02399,D002683,B005645,UDT10723,UDT10723,data/raw/cdsco_alerts/combined/2024-03_combined.pdf,47,pdf,blank_batch,True,blank,,
P02115,D002770,B005628,VDL-1240,VDL-1240,data/raw/cdsco_alerts/central/2024-05_central_nsq.pdf,19,pdf,exact,True,manual,,
P01101,D002952,B005628,VDL-1240,VDL-1240,data/raw/cdsco_alerts/central/2024-05_central_nsq.pdf,19,pdf,exact,True,manual,,
P02022,D002962,B005628,VDL-1240,VDL-1240,data/raw/cdsco_alerts/central/2024-05_central_nsq.pdf,19,pdf,exact,True,qr_scan,,
P00930,D003010,B005953,LSG-B0656,LSF-B0656,data/raw/cdsco_alerts/state/2025-02_state_nsq.pdf,5,pdf,decoy,False,manual,,
P02866,D003050,B005628,VDL-1240,VDL-1240,data/raw/cdsco_alerts/central/2024-05_central_nsq.pdf,19,pdf,exact,True,manual,,
P03450,D003137,B005979,L2310099,L2310099,data/raw/cdsco_alerts/combined/2024-03_combined.pdf,33,pdf,blank_batch,True,blank,,
P02762,D003142,B005624,22X23002,22X23002,data/raw/cdsco_alerts/central/2024-09_central_nsq.pdf,7,pdf,exact,True,qr_scan,,
P00479,D003182,B006086,TE3016A,TE3016A,data/raw/cdsco_alerts/central/2024-05_central_nsq.pdf,11,pdf,noisy,True,manual,,
P00510,D003195,B005746,CF-B1,CF-B1,data/raw/cdsco_alerts/combined/2024-03_combined.pdf,3,pdf,noisy,True,manual,,
P02956,D003282,B005625,22X23862,22X23002,data/raw/cdsco_alerts/central/2024-09_central_nsq.pdf,7,pdf,decoy,False,blank,,
P03426,D003401,B005893,PT35119,PT30119,data/raw/cdsco_alerts/central/2024-12_central_nsq.pdf,35,pdf,decoy,False,qr_scan,,
P02862,D003481,B005960,RQ24-0204,LG24-0204,data/raw/cdsco_alerts/central/2024-08_central_nsq.pdf,13,pdf,decoy,False,qr_scan,,
P02753,D003495,B006006,23051903,23051903,data/raw/cdsco_alerts/central/2025-04_central_nsq.pdf,39,pdf,exact,True,qr_scan,,
P00097,D003768,B005561,YCRE33010,YCRE23010,data/raw/cdsco_portal/json/2025-07_all_nsq.json,41,portal,decoy,False,manual,,
P03458,D003850,B005979,L2310099,L2310099,data/raw/cdsco_alerts/combined/2024-03_combined.pdf,33,pdf,exact,True,qr_scan,,
P01643,D003926,B005915,MHBT/23/038,MHBT/23/038,data/raw/cdsco_alerts/combined/2023-12_combined.pdf,9,pdf,blank_batch,True,blank,,
P00576,D003941,B005952,LSF-B0656,LSF-B0656,data/raw/cdsco_alerts/state/2025-02_state_nsq.pdf,5,pdf,exact,True,qr_scan,,
P01948,D003963,B005915,MHBT/23/038,MHBT/23/038,data/raw/cdsco_alerts/combined/2023-12_combined.pdf,9,pdf,exact,True,qr_scan,,
P00776,D004020,B005711,C4493044,C4093044,data/raw/cdsco_alerts/state/2024-11_state_nsq.pdf,54,pdf,decoy,False,blank,,
P01488,D004064,B005722,UGT231163,UGT231163,data/raw/cdsco_alerts/central/2025-01_central_nsq.pdf,28,pdf,noisy,True,manual,,
P00400,D004196,B005830,QINM23032B,HINM23002B,data/raw/cdsco_alerts/central/2024-04_central_nsq.pdf,26,pdf,decoy,False,manual,,
P03172,D004336,B005658,RD220037,RD220037,data/raw/cdsco_alerts/combined/2023-12_combined.pdf,72,pdf,noisy,True,manual,,
P03976,D004340,B005824,ATA-176,ATA-176,data/raw/cdsco_alerts/central/2024-05_central_nsq.pdf,30,pdf,exact,True,manual,,
P00341,D004383,B005931,BD231669H,BD231669H,data/raw/cdsco_alerts/combined/2024-03_combined.pdf,35,pdf,exact,True,qr_scan,,
P01352,D004385,B005701,OTC-382A,OTC-382A,data/raw/cdsco_alerts/central/2024-09_central_nsq.pdf,3,pdf,exact,True,qr_scan,,
P02840,D004410,B005849,WHL-81785,WHL-01715,data/raw/cdsco_alerts/combined/2024-02_combined.pdf,30,pdf,decoy,False,manual,,
P00219,D004456,B005561,YCRE33010,YCRE23010,data/raw/cdsco_portal/json/2025-07_all_nsq.json,41,portal,decoy,False,blank,,
P02103,D004470,B005630,HM-1787,HM-1722,data/raw/cdsco_alerts/combined/2024-03_combined.pdf,26,pdf,decoy,False,qr_scan,,
P01108,D004472,B005732,FT-22741,FT-22741,data/raw/cdsco_alerts/combined/2024-03_combined.pdf,59,pdf,noisy,True,manual,,
P00653,D004483,B005722,UGT231163,UGT231163,data/raw/cdsco_alerts/central/2025-01_central_nsq.pdf,28,pdf,noisy,True,manual,,
P01150,D004489,B005624,22X23002,22X23002,data/raw/cdsco_alerts/central/2024-09_central_nsq.pdf,7,pdf,exact,True,qr_scan,,
P01729,D004590,B005628,VDL-1240,VDL-1240,data/raw/cdsco_alerts/central/2024-05_central_nsq.pdf,19,pdf,exact,True,qr_scan,,
P04848,D004625,B006006,23051903,23051903,data/raw/cdsco_alerts/central/2025-04_central_nsq.pdf,39,pdf,exact,True,qr_scan,,
P03647,D004684,B005934,S-2245,S-2245,data/raw/cdsco_alerts/central/2024-04_central_nsq.pdf,24,pdf,exact,True,qr_scan,,
P02438,D004729,B005561,YCRE33010,YCRE23010,data/raw/cdsco_portal/json/2025-07_all_nsq.json,41,portal,decoy,False,qr_scan,,
P04947,D004750,B005934,S-2245,S-2245,data/raw/cdsco_alerts/central/2024-04_central_nsq.pdf,24,pdf,exact,True,qr_scan,,
P03876,D004819,B005625,22X23862,22X23002,data/raw/cdsco_alerts/central/2024-09_central_nsq.pdf,7,pdf,decoy,False,qr_scan,,
P01793,D004822,B005872,43017,43037,data/raw/cdsco_alerts/state/2025-04_state_nsq.pdf,118,pdf,decoy,False,qr_scan,,
P00940,D004905,B005820,JDL-2921,JDL-2921,data/raw/cdsco_alerts/combined/2024-01_combined.pdf,6,pdf,blank_batch,True,blank,,
P00562,D004975,B005915,MHBT/23/038,MHBT/23/038,data/raw/cdsco_alerts/combined/2023-12_combined.pdf,9,pdf,exact,True,qr_scan,,
P04013,D005089,B006086,TE3016A,TE3016A,data/raw/cdsco_alerts/central/2024-05_central_nsq.pdf,11,pdf,noisy,True,manual,,
P00553,D005162,B005723,UGT271163,UGT231163,data/raw/cdsco_alerts/central/2025-01_central_nsq.pdf,28,pdf,decoy,False,qr_scan,,
P00553,D005164,B006086,TE3016A,TE3016A,data/raw/cdsco_alerts/central/2024-05_central_nsq.pdf,11,pdf,noisy,True,manual,,
P01671,D005196,B005649,AHH0230,AHH0230,data/raw/cdsco_alerts/central/2024-11_central_nsq.pdf,34,pdf,noisy,True,manual,,
P01574,D005292,B005746,CF-B1,CF-B1,data/raw/cdsco_alerts/combined/2024-03_combined.pdf,3,pdf,exact,True,qr_scan,,
P04892,D005327,B005893,PT35119,PT30119,data/raw/cdsco_alerts/central/2024-12_central_nsq.pdf,35,pdf,decoy,False,blank,,
P03660,D005416,B005646,UDT70723,UDT10723,data/raw/cdsco_alerts/combined/2024-03_combined.pdf,47,pdf,decoy,False,manual,,
P01668,D005440,B005673,STYO-0203,STRO-0103,data/raw/cdsco_alerts/combined/2023-12_combined.pdf,45,pdf,decoy,False,blank,,
P02736,D005519,B005824,ATA-176,ATA-176,data/raw/cdsco_alerts/central/2024-05_central_nsq.pdf,30,pdf,exact,True,qr_scan,,
P01557,D005530,B005659,RD270037,RD220037,data/raw/cdsco_alerts/combined/2023-12_combined.pdf,72,pdf,decoy,False,qr_scan,,
P03806,D005531,B005628,VDL-1240,VDL-1240,data/raw/cdsco_alerts/central/2024-05_central_nsq.pdf,19,pdf,exact,True,qr_scan,,
P04437,D005683,B005872,43017,43037,data/raw/cdsco_alerts/state/2025-04_state_nsq.pdf,118,pdf,decoy,False,blank,,
P04249,D005748,B005723,UGT271163,UGT231163,data/raw/cdsco_alerts/central/2025-01_central_nsq.pdf,28,pdf,decoy,False,qr_scan,,
P03358,D005757,B005650,AHH1230,AHH0230,data/raw/cdsco_alerts/central/2024-11_central_nsq.pdf,34,pdf,decoy,False,blank,,
P01936,D005795,B005849,WHL-81785,WHL-01715,data/raw/cdsco_alerts/combined/2024-02_combined.pdf,30,pdf,decoy,False,manual,,
P04617,D005842,B005820,JDL-2921,JDL-2921,data/raw/cdsco_alerts/combined/2024-01_combined.pdf,6,pdf,exact,True,qr_scan,,
P02698,D006003,B006025,RRCF 002,RRCF 002,data/raw/cdsco_alerts/combined/2023-12_combined.pdf,10,pdf,exact,True,qr_scan,,
P04815,D006020,B005829,HINM23002B,HINM23002B,data/raw/cdsco_alerts/central/2024-04_central_nsq.pdf,26,pdf,exact,True,manual,,
P03225,D006113,B005557,OL-032309,OL-032309,data/raw/cdsco_alerts/combined/2024-02_combined.pdf,43,pdf,exact,True,manual,A,True
P00556,D006124,B005794,HM-1922,HM-1922,data/raw/cdsco_alerts/combined/2024-03_combined.pdf,24,pdf,exact,True,qr_scan,,
P02062,D006188,B005824,ATA-176,ATA-176,data/raw/cdsco_alerts/central/2024-05_central_nsq.pdf,30,pdf,blank_batch,True,blank,,
P04054,D006538,B005560,YCRE23010,YCRE23010,data/raw/cdsco_portal/json/2025-07_all_nsq.json,41,portal,noisy,True,manual,,
P02247,D006643,B005560,YCRE23010,YCRE23010,data/raw/cdsco_portal/json/2025-07_all_nsq.json,41,portal,exact,True,qr_scan,,
P00545,D006668,B005711,C4493044,C4093044,data/raw/cdsco_alerts/state/2024-11_state_nsq.pdf,54,pdf,decoy,False,manual,,
P03993,D006695,B005557,OL-032309,OL-032309,data/raw/cdsco_alerts/combined/2024-02_combined.pdf,43,pdf,noisy,True,manual,A,True
P00643,D006735,B005849,WHL-81785,WHL-01715,data/raw/cdsco_alerts/combined/2024-02_combined.pdf,30,pdf,decoy,False,qr_scan,,
P03080,D006786,B005830,QINM23032B,HINM23002B,data/raw/cdsco_alerts/central/2024-04_central_nsq.pdf,26,pdf,decoy,False,manual,,
P02478,D006790,B005999,724-31,724-37,data/raw/cdsco_alerts/central/2025-02_central_nsq.pdf,34,pdf,decoy,False,manual,,
P01837,D006888,B005820,JDL-2921,JDL-2921,data/raw/cdsco_alerts/combined/2024-01_combined.pdf,6,pdf,blank_batch,True,blank,,
P03349,D006976,B005830,QINM23032B,HINM23002B,data/raw/cdsco_alerts/central/2024-04_central_nsq.pdf,26,pdf,decoy,False,manual,,
P00864,D007114,B005630,HM-1787,HM-1722,data/raw/cdsco_alerts/combined/2024-03_combined.pdf,26,pdf,decoy,False,manual,,
P00133,D007135,B005952,LSF-B0656,LSF-B0656,data/raw/cdsco_alerts/state/2025-02_state_nsq.pdf,5,pdf,noisy,True,manual,,
P04092,D007303,B005683,XMSD-001,XMSD-001,data/raw/cdsco_alerts/combined/2024-02_combined.pdf,2,pdf,exact,True,qr_scan,,
P01392,D007356,B006087,PE3046A,TE3016A,data/raw/cdsco_alerts/central/2024-05_central_nsq.pdf,11,pdf,decoy,False,qr_scan,,
P00272,D007380,B006057,EBC22550,BBC22550,data/raw/cdsco_alerts/combined/2024-01_combined.pdf,37,pdf,decoy,False,manual,,
P00214,D007499,B005684,XMHD-001,XMSD-001,data/raw/cdsco_alerts/combined/2024-02_combined.pdf,2,pdf,decoy,False,qr_scan,,
P00788,D007513,B005794,HM-1922,HM-1922,data/raw/cdsco_alerts/combined/2024-03_combined.pdf,24,pdf,exact,True,qr_scan,,
P04304,D007536,B006006,23051903,23051903,data/raw/cdsco_alerts/central/2025-04_central_nsq.pdf,39,pdf,blank_batch,True,blank,,
P00742,D007692,B005658,RD220037,RD220037,data/raw/cdsco_alerts/combined/2023-12_combined.pdf,72,pdf,noisy,True,manual,,
P00189,D007770,B006086,TE3016A,TE3016A,data/raw/cdsco_alerts/central/2024-05_central_nsq.pdf,11,pdf,exact,True,qr_scan,,
P01918,D007955,B005794,HM-1922,HM-1922,data/raw/cdsco_alerts/combined/2024-03_combined.pdf,24,pdf,noisy,True,manual,,
P03031,D008081,B005737,THZ3103,YSZ3103,data/raw/cdsco_alerts/combined/2023-12_combined.pdf,25,pdf,decoy,False,qr_scan,,
P02539,D008169,B005820,JDL-2921,JDL-2921,data/raw/cdsco_alerts/combined/2024-01_combined.pdf,6,pdf,exact,True,manual,,
P03205,D008185,B005736,YSZ3103,YSZ3103,data/raw/cdsco_alerts/combined/2023-12_combined.pdf,25,pdf,noisy,True,manual,,
P02161,D008188,B005979,L2310099,L2310099,data/raw/cdsco_alerts/combined/2024-03_combined.pdf,33,pdf,exact,True,qr_scan,,
P04648,D008197,B006086,TE3016A,TE3016A,data/raw/cdsco_alerts/central/2024-05_central_nsq.pdf,11,pdf,exact,True,qr_scan,,
P04205,D008211,B006009,PGY23118,PGY23118,data/raw/cdsco_alerts/state/2024-12_state_nsq.pdf,62,pdf,exact,True,manual,,
P01193,D008249,B005953,LSG-B0656,LSF-B0656,data/raw/cdsco_alerts/state/2025-02_state_nsq.pdf,5,pdf,decoy,False,blank,,
P00078,D008276,B005672,STRO-0103,STRO-0103,data/raw/cdsco_alerts/combined/2023-12_combined.pdf,45,pdf,exact,True,manual,,
P03591,D008280,B005711,C4493044,C4093044,data/raw/cdsco_alerts/state/2024-11_state_nsq.pdf,54,pdf,decoy,False,qr_scan,,
P01346,D008310,B005701,OTC-382A,OTC-382A,data/raw/cdsco_alerts/central/2024-09_central_nsq.pdf,3,pdf,noisy,True,manual,,
P04482,D008345,B005649,AHH0230,AHH0230,data/raw/cdsco_alerts/central/2024-11_central_nsq.pdf,34,pdf,blank_batch,True,blank,,
P03410,D008427,B005849,WHL-81785,WHL-01715,data/raw/cdsco_alerts/combined/2024-02_combined.pdf,30,pdf,decoy,False,manual,,
P03027,D008463,B005683,XMSD-001,XMSD-001,data/raw/cdsco_alerts/combined/2024-02_combined.pdf,2,pdf,exact,True,manual,,
P04898,D008582,B005736,YSZ3103,YSZ3103,data/raw/cdsco_alerts/combined/2023-12_combined.pdf,25,pdf,noisy,True,manual,,
P01292,D008646,B005915,MHBT/23/038,MHBT/23/038,data/raw/cdsco_alerts/combined/2023-12_combined.pdf,9,pdf,noisy,True,manual,,
P01662,D008673,B006009,PGY23118,PGY23118,data/raw/cdsco_alerts/state/2024-12_state_nsq.pdf,62,pdf,exact,True,qr_scan,,
P02456,D008831,B005711,C4493044,C4093044,data/raw/cdsco_alerts/state/2024-11_state_nsq.pdf,54,pdf,decoy,False,blank,,
P00835,D008879,B005624,22X23002,22X23002,data/raw/cdsco_alerts/central/2024-09_central_nsq.pdf,7,pdf,noisy,True,manual,,
P03758,D008970,B005934,S-2245,S-2245,data/raw/cdsco_alerts/central/2024-04_central_nsq.pdf,24,pdf,exact,True,qr_scan,,
P00243,D008997,B005830,QINM23032B,HINM23002B,data/raw/cdsco_alerts/central/2024-04_central_nsq.pdf,26,pdf,decoy,False,manual,,
P02897,D009021,B006084,CLG-4148,CLG-4148,data/raw/cdsco_alerts/central/2024-07_central_nsq.pdf,28,pdf,exact,True,manual,,
P02405,D009079,B005684,XMHD-001,XMSD-001,data/raw/cdsco_alerts/combined/2024-02_combined.pdf,2,pdf,decoy,False,qr_scan,,
P04380,D009123,B005849,WHL-81785,WHL-01715,data/raw/cdsco_alerts/combined/2024-02_combined.pdf,30,pdf,decoy,False,manual,,
P03221,D009166,B005979,L2310099,L2310099,data/raw/cdsco_alerts/combined/2024-03_combined.pdf,33,pdf,exact,True,qr_scan,,
P02345,D009303,B005823,23101006A,23101006A,data/raw/cdsco_alerts/central/2024-11_central_nsq.pdf,14,pdf,exact,True,manual,,
P02448,D009306,B005672,STRO-0103,STRO-0103,data/raw/cdsco_alerts/combined/2023-12_combined.pdf,45,pdf,noisy,True,manual,,
P01278,D009339,B005849,WHL-81785,WHL-01715,data/raw/cdsco_alerts/combined/2024-02_combined.pdf,30,pdf,decoy,False,manual,,
P01813,D009361,B005874,MT-23K39,MT-23K36,data/raw/cdsco_alerts/central/2024-07_central_nsq.pdf,46,pdf,decoy,False,manual,,
P00261,D009557,B005628,VDL-1240,VDL-1240,data/raw/cdsco_alerts/central/2024-05_central_nsq.pdf,19,pdf,exact,True,qr_scan,,
P00523,D009562,B006025,RRCF 002,RRCF 002,data/raw/cdsco_alerts/combined/2023-12_combined.pdf,10,pdf,exact,True,manual,,
P03171,D009648,B005979,L2310099,L2310099,data/raw/cdsco_alerts/combined/2024-03_combined.pdf,33,pdf,exact,True,qr_scan,,
P02351,D009685,B005849,WHL-81785,WHL-01715,data/raw/cdsco_alerts/combined/2024-02_combined.pdf,30,pdf,decoy,False,blank,,
P01011,D009690,B005673,STYO-0203,STRO-0103,data/raw/cdsco_alerts/combined/2023-12_combined.pdf,45,pdf,decoy,False,qr_scan,,
P01162,D009719,B005659,RD270037,RD220037,data/raw/cdsco_alerts/combined/2023-12_combined.pdf,72,pdf,decoy,False,manual,,
P02723,D009740,B005893,PT35119,PT30119,data/raw/cdsco_alerts/central/2024-12_central_nsq.pdf,35,pdf,decoy,False,qr_scan,,
P00147,D009758,B005625,22X23862,22X23002,data/raw/cdsco_alerts/central/2024-09_central_nsq.pdf,7,pdf,decoy,False,manual,,
P02671,D009860,B005672,STRO-0103,STRO-0103,data/raw/cdsco_alerts/combined/2023-12_combined.pdf,45,pdf,exact,True,qr_scan,,
P00271,D009946,B005716,CTI23081,CTI23081,data/raw/cdsco_alerts/central/2024-05_central_nsq.pdf,13,pdf,noisy,True,manual,,
P04993,D009970,B005960,RQ24-0204,LG24-0204,data/raw/cdsco_alerts/central/2024-08_central_nsq.pdf,13,pdf,decoy,False,manual,,
P01555,D010016,B005823,23101006A,23101006A,data/raw/cdsco_alerts/central/2024-11_central_nsq.pdf,14,pdf,noisy,True,manual,,
P03294,D010038,B006007,IGMJ330,IGMJ330,data/raw/cdsco_alerts/central/2024-09_central_nsq.pdf,14,pdf,exact,True,manual,,
P03235,D010053,B005628,VDL-1240,VDL-1240,data/raw/cdsco_alerts/central/2024-05_central_nsq.pdf,19,pdf,exact,True,qr_scan,,
P02349,D010098,B005628,VDL-1240,VDL-1240,data/raw/cdsco_alerts/central/2024-05_central_nsq.pdf,19,pdf,exact,True,qr_scan,,
P02349,D010128,B006079,OEL-24067,ONL-24067,data/raw/cdsco_alerts/state/2024-11_state_nsq.pdf,69,pdf,decoy,False,manual,,
P01582,D010155,B005823,23101006A,23101006A,data/raw/cdsco_alerts/central/2024-11_central_nsq.pdf,14,pdf,blank_batch,True,blank,,
P01344,D010211,B005924,ECT-2421,ECT-2421,data/raw/cdsco_alerts/central/2024-05_central_nsq.pdf,3,pdf,blank_batch,True,blank,,
P04485,D010240,B005561,YCRE33010,YCRE23010,data/raw/cdsco_portal/json/2025-07_all_nsq.json,41,portal,decoy,False,manual,,
P04535,D010501,B005701,OTC-382A,OTC-382A,data/raw/cdsco_alerts/central/2024-09_central_nsq.pdf,3,pdf,noisy,True,manual,,
P03546,D010623,B005630,HM-1787,HM-1722,data/raw/cdsco_alerts/combined/2024-03_combined.pdf,26,pdf,decoy,False,qr_scan,,
P01617,D010740,B005676,01KF0301,01AF0301,data/raw/cdsco_alerts/state/2025-06_state_nsq.pdf,15,pdf,decoy,False,manual,,
P04029,D010805,B005649,AHH0230,AHH0230,data/raw/cdsco_alerts/central/2024-11_central_nsq.pdf,34,pdf,exact,True,qr_scan,,
P04826,D010901,B005658,RD220037,RD220037,data/raw/cdsco_alerts/combined/2023-12_combined.pdf,72,pdf,noisy,True,manual,,
P00087,D010909,B005701,OTC-382A,OTC-382A,data/raw/cdsco_alerts/central/2024-09_central_nsq.pdf,3,pdf,exact,True,manual,,
P03787,D011095,B005659,RD270037,RD220037,data/raw/cdsco_alerts/combined/2023-12_combined.pdf,72,pdf,decoy,False,qr_scan,,
P00199,D011169,B005673,STYO-0203,STRO-0103,data/raw/cdsco_alerts/combined/2023-12_combined.pdf,45,pdf,decoy,False,manual,,
P03439,D011235,B006027,B19583001,B18523001,data/raw/cdsco_alerts/state/2024-06_state_nsq.pdf,10,pdf,decoy,False,blank,,
P01522,D011405,B006087,PE3046A,TE3016A,data/raw/cdsco_alerts/central/2024-05_central_nsq.pdf,11,pdf,decoy,False,qr_scan,,
P00340,D011435,B005794,HM-1922,HM-1922,data/raw/cdsco_alerts/combined/2024-03_combined.pdf,24,pdf,blank_batch,True,blank,,
P03548,D011505,B005710,C4093044,C4093044,data/raw/cdsco_alerts/state/2024-11_state_nsq.pdf,54,pdf,exact,True,manual,,
P03899,D011550,B005557,OL-032309,OL-032309,data/raw/cdsco_alerts/combined/2024-02_combined.pdf,43,pdf,blank_batch,True,blank,A,False
P02517,D011562,B005848,WHL-01715,WHL-01715,data/raw/cdsco_alerts/combined/2024-02_combined.pdf,30,pdf,exact,True,manual,,
P03835,D011606,B006009,PGY23118,PGY23118,data/raw/cdsco_alerts/state/2024-12_state_nsq.pdf,62,pdf,noisy,True,manual,,
P00415,D011624,B005716,CTI23081,CTI23081,data/raw/cdsco_alerts/central/2024-05_central_nsq.pdf,13,pdf,exact,True,qr_scan,,
P03237,D011635,B005673,STYO-0203,STRO-0103,data/raw/cdsco_alerts/combined/2023-12_combined.pdf,45,pdf,decoy,False,manual,,
P00784,D011653,B005953,LSG-B0656,LSF-B0656,data/raw/cdsco_alerts/state/2025-02_state_nsq.pdf,5,pdf,decoy,False,qr_scan,,
P03237,D011699,B005824,ATA-176,ATA-176,data/raw/cdsco_alerts/central/2024-05_central_nsq.pdf,30,pdf,exact,True,qr_scan,,
P02828,D011733,B005874,MT-23K39,MT-23K36,data/raw/cdsco_alerts/central/2024-07_central_nsq.pdf,46,pdf,decoy,False,manual,,
P01681,D011879,B005623,T22H370C,T22H370C,data/raw/cdsco_alerts/state/2024-06_state_nsq.pdf,12,pdf,blank_batch,True,blank,,
P04713,D011891,B005624,22X23002,22X23002,data/raw/cdsco_alerts/central/2024-09_central_nsq.pdf,7,pdf,exact,True,manual,,
P00911,D011916,B005753,A23LV060B,A23LV060B,data/raw/cdsco_alerts/combined/2023-12_combined.pdf,49,pdf,exact,True,manual,,
P00906,D012052,B005746,CF-B1,CF-B1,data/raw/cdsco_alerts/combined/2024-03_combined.pdf,3,pdf,noisy,True,manual,,
P03887,D012067,B005834,SDD23049,CDD23089,data/raw/cdsco_alerts/central/2024-12_central_nsq.pdf,39,pdf,decoy,False,manual,,
P03014,D012118,B005824,ATA-176,ATA-176,data/raw/cdsco_alerts/central/2024-05_central_nsq.pdf,30,pdf,exact,True,qr_scan,,
P02387,D012131,B005834,SDD23049,CDD23089,data/raw/cdsco_alerts/central/2024-12_central_nsq.pdf,39,pdf,decoy,False,qr_scan,,
P03801,D012447,B005934,S-2245,S-2245,data/raw/cdsco_alerts/central/2024-04_central_nsq.pdf,24,pdf,exact,True,manual,,
P00857,D012483,B006008,IGFJ332,IGMJ330,data/raw/cdsco_alerts/central/2024-09_central_nsq.pdf,14,pdf,decoy,False,manual,,
P01106,D012547,B005658,RD220037,RD220037,data/raw/cdsco_alerts/combined/2023-12_combined.pdf,72,pdf,exact,True,qr_scan,,
P04223,D012558,B005924,ECT-2421,ECT-2421,data/raw/cdsco_alerts/central/2024-05_central_nsq.pdf,3,pdf,blank_batch,True,blank,,
P04590,D012655,B005623,T22H370C,T22H370C,data/raw/cdsco_alerts/state/2024-06_state_nsq.pdf,12,pdf,noisy,True,manual,,
P02658,D012679,B005649,AHH0230,AHH0230,data/raw/cdsco_alerts/central/2024-11_central_nsq.pdf,34,pdf,exact,True,manual,,
P02524,D012748,B005833,CDD23089,CDD23089,data/raw/cdsco_alerts/central/2024-12_central_nsq.pdf,39,pdf,exact,True,qr_scan,,
P04977,D012863,B006084,CLG-4148,CLG-4148,data/raw/cdsco_alerts/central/2024-07_central_nsq.pdf,28,pdf,noisy,True,manual,,
P04241,D012918,B005710,C4093044,C4093044,data/raw/cdsco_alerts/state/2024-11_state_nsq.pdf,54,pdf,exact,True,qr_scan,,
P01810,D012949,B005675,01AF0301,01AF0301,data/raw/cdsco_alerts/state/2025-06_state_nsq.pdf,15,pdf,exact,True,manual,,
P04245,D013040,B005650,AHH1230,AHH0230,data/raw/cdsco_alerts/central/2024-11_central_nsq.pdf,34,pdf,decoy,False,manual,,
P03819,D013118,B005642,V23146,V23146,data/raw/cdsco_alerts/combined/2024-03_combined.pdf,2,pdf,exact,True,qr_scan,,
P01263,D013300,B005658,RD220037,RD220037,data/raw/cdsco_alerts/combined/2023-12_combined.pdf,72,pdf,exact,True,qr_scan,,
P00298,D013333,B005732,FT-22741,FT-22741,data/raw/cdsco_alerts/combined/2024-03_combined.pdf,59,pdf,exact,True,qr_scan,,
P01436,D013351,B006006,23051903,23051903,data/raw/cdsco_alerts/central/2025-04_central_nsq.pdf,39,pdf,exact,True,manual,,
P03680,D013398,B005820,JDL-2921,JDL-2921,data/raw/cdsco_alerts/combined/2024-01_combined.pdf,6,pdf,exact,True,qr_scan,,
P04792,D013410,B005628,VDL-1240,VDL-1240,data/raw/cdsco_alerts/central/2024-05_central_nsq.pdf,19,pdf,exact,True,qr_scan,,
P02030,D013548,B005723,UGT271163,UGT231163,data/raw/cdsco_alerts/central/2025-01_central_nsq.pdf,28,pdf,decoy,False,blank,,
P02723,D013660,B005829,HINM23002B,HINM23002B,data/raw/cdsco_alerts/central/2024-04_central_nsq.pdf,26,pdf,noisy,True,manual,,
P04637,D013683,B005744,BS-2303,BS-2303,data/raw/cdsco_alerts/combined/2023-12_combined.pdf,30,pdf,noisy,True,manual,,
P00631,D013699,B006084,CLG-4148,CLG-4148,data/raw/cdsco_alerts/central/2024-07_central_nsq.pdf,28,pdf,exact,True,qr_scan,,
P03673,D013741,B005960,RQ24-0204,LG24-0204,data/raw/cdsco_alerts/central/2024-08_central_nsq.pdf,13,pdf,decoy,False,manual,,
P04143,D013797,B005934,S-2245,S-2245,data/raw/cdsco_alerts/central/2024-04_central_nsq.pdf,24,pdf,exact,True,qr_scan,,
P01571,D013822,B005625,22X23862,22X23002,data/raw/cdsco_alerts/central/2024-09_central_nsq.pdf,7,pdf,decoy,False,qr_scan,,
P04497,D013924,B006084,CLG-4148,CLG-4148,data/raw/cdsco_alerts/central/2024-07_central_nsq.pdf,28,pdf,blank_batch,True,blank,,
P03797,D013952,B006006,23051903,23051903,data/raw/cdsco_alerts/central/2025-04_central_nsq.pdf,39,pdf,exact,True,qr_scan,,
P02094,D013986,B005635,TA24036,TA24036,data/raw/cdsco_alerts/state/2024-12_state_nsq.pdf,56,pdf,noisy,True,manual,,
P02022,D014083,B005659,RD270037,RD220037,data/raw/cdsco_alerts/combined/2023-12_combined.pdf,72,pdf,decoy,False,qr_scan,,
P02924,D014112,B005953,LSG-B0656,LSF-B0656,data/raw/cdsco_alerts/state/2025-02_state_nsq.pdf,5,pdf,decoy,False,blank,,
P03263,D014239,B005746,CF-B1,CF-B1,data/raw/cdsco_alerts/combined/2024-03_combined.pdf,3,pdf,exact,True,manual,,
P04495,D014256,B005711,C4493044,C4093044,data/raw/cdsco_alerts/state/2024-11_state_nsq.pdf,54,pdf,decoy,False,manual,,
P00156,D014280,B005952,LSF-B0656,LSF-B0656,data/raw/cdsco_alerts/state/2025-02_state_nsq.pdf,5,pdf,exact,True,manual,,
P04688,D014329,B005683,XMSD-001,XMSD-001,data/raw/cdsco_alerts/combined/2024-02_combined.pdf,2,pdf,exact,True,qr_scan,,
P00642,D014350,B005642,V23146,V23146,data/raw/cdsco_alerts/combined/2024-03_combined.pdf,2,pdf,exact,True,qr_scan,,
P04313,D014425,B005684,XMHD-001,XMSD-001,data/raw/cdsco_alerts/combined/2024-02_combined.pdf,2,pdf,decoy,False,qr_scan,,
P04313,D014429,B005823,23101006A,23101006A,data/raw/cdsco_alerts/central/2024-11_central_nsq.pdf,14,pdf,blank_batch,True,blank,,
P02468,D014596,B005673,STYO-0203,STRO-0103,data/raw/cdsco_alerts/combined/2023-12_combined.pdf,45,pdf,decoy,False,manual,,
P02431,D014646,B005625,22X23862,22X23002,data/raw/cdsco_alerts/central/2024-09_central_nsq.pdf,7,pdf,decoy,False,manual,,
P02915,D014669,B006008,IGFJ332,IGMJ330,data/raw/cdsco_alerts/central/2024-09_central_nsq.pdf,14,pdf,decoy,False,blank,,
P01758,D014686,B006030,YXE064,BXE064,data/raw/cdsco_alerts/combined/2024-01_combined.pdf,7,pdf,decoy,False,blank,,
P01301,D014781,B005649,AHH0230,AHH0230,data/raw/cdsco_alerts/central/2024-11_central_nsq.pdf,34,pdf,blank_batch,True,blank,,
P04878,D014799,B005823,23101006A,23101006A,data/raw/cdsco_alerts/central/2024-11_central_nsq.pdf,14,pdf,exact,True,manual,,
P04803,D014852,B005848,WHL-01715,WHL-01715,data/raw/cdsco_alerts/combined/2024-02_combined.pdf,30,pdf,exact,True,qr_scan,,
P04915,D014883,B005959,LG24-0204,LG24-0204,data/raw/cdsco_alerts/central/2024-08_central_nsq.pdf,13,pdf,blank_batch,True,blank,,
P04068,D014913,B005883,T-23115,T-23115,data/raw/cdsco_alerts/central/2024-08_central_nsq.pdf,20,pdf,blank_batch,True,blank,,
P04068,D014915,B006006,23051903,23051903,data/raw/cdsco_alerts/central/2025-04_central_nsq.pdf,39,pdf,exact,True,manual,,
P01516,D014924,B005617,IJWX/074,IJWX/074,data/raw/cdsco_alerts/central/2025-03_central_nsq.pdf,14,pdf,exact,True,qr_scan,,
P01882,D014993,B005722,UGT231163,UGT231163,data/raw/cdsco_alerts/central/2025-01_central_nsq.pdf,28,pdf,noisy,True,manual,,
P00737,D015002,B005624,22X23002,22X23002,data/raw/cdsco_alerts/central/2024-09_central_nsq.pdf,7,pdf,exact,True,manual,,
P01882,D015004,B005744,BS-2303,BS-2303,data/raw/cdsco_alerts/combined/2023-12_combined.pdf,30,pdf,noisy,True,manual,,
P03357,D015026,B005834,SDD23049,CDD23089,data/raw/cdsco_alerts/central/2024-12_central_nsq.pdf,39,pdf,decoy,False,manual,,
P02105,D015038,B005683,XMSD-001,XMSD-001,data/raw/cdsco_alerts/combined/2024-02_combined.pdf,2,pdf,exact,True,manual,,
P04915,D015080,B005824,ATA-176,ATA-176,data/raw/cdsco_alerts/central/2024-05_central_nsq.pdf,30,pdf,exact,True,manual,,
P01130,D015087,B005823,23101006A,23101006A,data/raw/cdsco_alerts/central/2024-11_central_nsq.pdf,14,pdf,exact,True,qr_scan,,
P03096,D015125,B006079,OEL-24067,ONL-24067,data/raw/cdsco_alerts/state/2024-11_state_nsq.pdf,69,pdf,decoy,False,blank,,
P03071,D015186,B006026,B18523001,B18523001,data/raw/cdsco_alerts/state/2024-06_state_nsq.pdf,10,pdf,exact,True,manual,,
P02953,D015234,B005931,BD231669H,BD231669H,data/raw/cdsco_alerts/combined/2024-03_combined.pdf,35,pdf,noisy,True,manual,,
P00150,D015337,B005659,RD270037,RD220037,data/raw/cdsco_alerts/combined/2023-12_combined.pdf,72,pdf,decoy,False,qr_scan,,
P00171,D015369,B005701,OTC-382A,OTC-382A,data/raw/cdsco_alerts/central/2024-09_central_nsq.pdf,3,pdf,blank_batch,True,blank,,
P02708,D015401,B005560,YCRE23010,YCRE23010,data/raw/cdsco_portal/json/2025-07_all_nsq.json,41,portal,noisy,True,manual,,
P02034,D015422,B005658,RD220037,RD220037,data/raw/cdsco_alerts/combined/2023-12_combined.pdf,72,pdf,exact,True,qr_scan,,
P03308,D015444,B005771,23L-162,23L-162,data/raw/cdsco_alerts/state/2024-12_state_nsq.pdf,54,pdf,exact,True,manual,,
P01005,D015485,B005659,RD270037,RD220037,data/raw/cdsco_alerts/combined/2023-12_combined.pdf,72,pdf,decoy,False,qr_scan,,
P01969,D015558,B006006,23051903,23051903,data/raw/cdsco_alerts/central/2025-04_central_nsq.pdf,39,pdf,exact,True,qr_scan,,
P02724,D015570,B005952,LSF-B0656,LSF-B0656,data/raw/cdsco_alerts/state/2025-02_state_nsq.pdf,5,pdf,exact,True,manual,,
P01770,D015688,B006080,AT22-0667A,AT22-0667A,data/raw/cdsco_alerts/combined/2024-01_combined.pdf,41,pdf,exact,True,qr_scan,,
P04623,D015709,B006008,IGFJ332,IGMJ330,data/raw/cdsco_alerts/central/2024-09_central_nsq.pdf,14,pdf,decoy,False,qr_scan,,
P01463,D015750,B005953,LSG-B0656,LSF-B0656,data/raw/cdsco_alerts/state/2025-02_state_nsq.pdf,5,pdf,decoy,False,manual,,
P03432,D015803,B005960,RQ24-0204,LG24-0204,data/raw/cdsco_alerts/central/2024-08_central_nsq.pdf,13,pdf,decoy,False,manual,,
P00417,D015820,B006079,OEL-24067,ONL-24067,data/raw/cdsco_alerts/state/2024-11_state_nsq.pdf,69,pdf,decoy,False,qr_scan,,
P03455,D015822,B005922,2511723,2511723,data/raw/cdsco_alerts/state/2025-06_state_nsq.pdf,6,pdf,noisy,True,manual,,
P04275,D015831,B005998,724-37,724-37,data/raw/cdsco_alerts/central/2025-02_central_nsq.pdf,34,pdf,exact,True,qr_scan,,
P00762,D015882,B005952,LSF-B0656,LSF-B0656,data/raw/cdsco_alerts/state/2025-02_state_nsq.pdf,5,pdf,exact,True,qr_scan,,
P02985,D016022,B005628,VDL-1240,VDL-1240,data/raw/cdsco_alerts/central/2024-05_central_nsq.pdf,19,pdf,exact,True,qr_scan,,
P01819,D016073,B005872,43017,43037,data/raw/cdsco_alerts/state/2025-04_state_nsq.pdf,118,pdf,decoy,False,qr_scan,,
P00610,D016118,B005737,THZ3103,YSZ3103,data/raw/cdsco_alerts/combined/2023-12_combined.pdf,25,pdf,decoy,False,manual,,
P00490,D016220,B005561,YCRE33010,YCRE23010,data/raw/cdsco_portal/json/2025-07_all_nsq.json,41,portal,decoy,False,blank,,
P02181,D016246,B005630,HM-1787,HM-1722,data/raw/cdsco_alerts/combined/2024-03_combined.pdf,26,pdf,decoy,False,manual,,
P00692,D016383,B005649,AHH0230,AHH0230,data/raw/cdsco_alerts/central/2024-11_central_nsq.pdf,34,pdf,exact,True,qr_scan,,
P02514,D016398,B005953,LSG-B0656,LSF-B0656,data/raw/cdsco_alerts/state/2025-02_state_nsq.pdf,5,pdf,decoy,False,qr_scan,,
P01485,D016474,B005715,AS-9057,AS-9057,data/raw/cdsco_alerts/central/2024-08_central_nsq.pdf,30,pdf,exact,True,manual,,
P02761,D016500,B005874,MT-23K39,MT-23K36,data/raw/cdsco_alerts/central/2024-07_central_nsq.pdf,46,pdf,decoy,False,blank,,
P00661,D016543,B005635,TA24036,TA24036,data/raw/cdsco_alerts/state/2024-12_state_nsq.pdf,56,pdf,exact,True,qr_scan,,
P00186,D016576,B005755,RD230003,RD230003,data/raw/cdsco_alerts/combined/2024-01_combined.pdf,45,pdf,exact,True,manual,,
P02317,D016637,B005600,E24020A,E24020A,data/raw/cdsco_alerts/state/2025-06_state_nsq.pdf,121,pdf,exact,True,qr_scan,,
P02465,D016699,B005934,S-2245,S-2245,data/raw/cdsco_alerts/central/2024-04_central_nsq.pdf,24,pdf,exact,True,manual,,
P03515,D016733,B005883,T-23115,T-23115,data/raw/cdsco_alerts/central/2024-08_central_nsq.pdf,20,pdf,noisy,True,manual,,
P02465,D016748,B005871,43037,43037,data/raw/cdsco_alerts/state/2025-04_state_nsq.pdf,118,pdf,exact,True,qr_scan,,
P01301,D016969,B005953,LSG-B0656,LSF-B0656,data/raw/cdsco_alerts/state/2025-02_state_nsq.pdf,5,pdf,decoy,False,qr_scan,,
P00195,D017110,B005849,WHL-81785,WHL-01715,data/raw/cdsco_alerts/combined/2024-02_combined.pdf,30,pdf,decoy,False,qr_scan,,
P01990,D017122,B005882,BHCJ-003,BHCJ-009,data/raw/cdsco_alerts/central/2024-04_central_nsq.pdf,14,pdf,decoy,False,blank,,
P02259,D017164,B005619,HIHE23028A,HIHE23028A,data/raw/cdsco_alerts/central/2024-08_central_nsq.pdf,14,pdf,noisy,True,manual,,
P01999,D017258,B005732,FT-22741,FT-22741,data/raw/cdsco_alerts/combined/2024-03_combined.pdf,59,pdf,exact,True,manual,,
P00042,D017289,B005922,2511723,2511723,data/raw/cdsco_alerts/state/2025-06_state_nsq.pdf,6,pdf,exact,True,qr_scan,,
P02362,D017343,B005600,E24020A,E24020A,data/raw/cdsco_alerts/state/2025-06_state_nsq.pdf,121,pdf,exact,True,qr_scan,,
P04627,D017443,B005739,TC-3277005,TC-3270005,data/raw/cdsco_alerts/central/2024-11_central_nsq.pdf,15,pdf,decoy,False,manual,,
P02479,D017461,B005863,LLT-2614,LLT-2614,data/raw/cdsco_alerts/combined/2024-03_combined.pdf,12,pdf,exact,True,qr_scan,,
P02479,D017474,B005924,ECT-2421,ECT-2421,data/raw/cdsco_alerts/central/2024-05_central_nsq.pdf,3,pdf,exact,True,qr_scan,,
P04478,D017499,B005942,LVU-515,LVU-515,data/raw/cdsco_alerts/combined/2024-01_combined.pdf,33,pdf,blank_batch,True,blank,,
P02420,D017586,B005953,LSG-B0656,LSF-B0656,data/raw/cdsco_alerts/state/2025-02_state_nsq.pdf,5,pdf,decoy,False,manual,,
P00278,D017590,B005873,MT-23K36,MT-23K36,data/raw/cdsco_alerts/central/2024-07_central_nsq.pdf,46,pdf,exact,True,qr_scan,,
P02857,D017620,B005854,AGI-23107,AGI-23107,data/raw/cdsco_alerts/combined/2023-12_combined.pdf,48,pdf,exact,True,qr_scan,,
P03011,D017675,B005625,22X23862,22X23002,data/raw/cdsco_alerts/central/2024-09_central_nsq.pdf,7,pdf,decoy,False,blank,,
P00436,D017947,B005960,RQ24-0204,LG24-0204,data/raw/cdsco_alerts/central/2024-08_central_nsq.pdf,13,pdf,decoy,False,manual,,
P02043,D018012,B005624,22X23002,22X23002,data/raw/cdsco_alerts/central/2024-09_central_nsq.pdf,7,pdf,noisy,True,manual,,
P02846,D018044,B005998,724-37,724-37,data/raw/cdsco_alerts/central/2025-02_central_nsq.pdf,34,pdf,blank_batch,True,blank,,
P03000,D018157,B005716,CTI23081,CTI23081,data/raw/cdsco_alerts/central/2024-05_central_nsq.pdf,13,pdf,exact,True,qr_scan,,
P03693,D018196,B005939,E4B0148,E4B0148,data/raw/cdsco_portal/json/2025-07_all_nsq.json,73,portal,exact,True,qr_scan,,
P00346,D018209,B005893,PT35119,PT30119,data/raw/cdsco_alerts/central/2024-12_central_nsq.pdf,35,pdf,decoy,False,qr_scan,,
P03689,D018214,B005874,MT-23K39,MT-23K36,data/raw/cdsco_alerts/central/2024-07_central_nsq.pdf,46,pdf,decoy,False,qr_scan,,
P01569,D018248,B005874,MT-23K39,MT-23K36,data/raw/cdsco_alerts/central/2024-07_central_nsq.pdf,46,pdf,decoy,False,manual,,
P02432,D018259,B005617,IJWX/074,IJWX/074,data/raw/cdsco_alerts/central/2025-03_central_nsq.pdf,14,pdf,blank_batch,True,blank,,
P00523,D018285,B005771,23L-162,23L-162,data/raw/cdsco_alerts/state/2024-12_state_nsq.pdf,54,pdf,blank_batch,True,blank,,
P04990,D018299,B005771,23L-162,23L-162,data/raw/cdsco_alerts/state/2024-12_state_nsq.pdf,54,pdf,exact,True,manual,,
P03211,D018387,B005680,TSF-C0116,TSF-C0116,data/raw/cdsco_alerts/central/2025-04_central_nsq.pdf,35,pdf,blank_batch,True,blank,,
P00272,D018587,B005771,23L-162,23L-162,data/raw/cdsco_alerts/state/2024-12_state_nsq.pdf,54,pdf,exact,True,manual,,
P01518,D018637,B006009,PGY23118,PGY23118,data/raw/cdsco_alerts/state/2024-12_state_nsq.pdf,62,pdf,blank_batch,True,blank,,
P00436,D018660,B005568,ST-223,ST-223,data/raw/cdsco_alerts/central/2024-06_central_nsq.pdf,26,pdf,exact,True,manual,,
P03527,D018692,B006025,RRCF 002,RRCF 002,data/raw/cdsco_alerts/combined/2023-12_combined.pdf,10,pdf,noisy,True,manual,,
P02680,D018713,B005737,THZ3103,YSZ3103,data/raw/cdsco_alerts/combined/2023-12_combined.pdf,25,pdf,decoy,False,manual,,
P00559,D018860,B005631,LV4210,LV4210,data/raw/cdsco_alerts/central/2025-01_central_nsq.pdf,45,pdf,exact,True,manual,,
P01603,D018900,B005959,LG24-0204,LG24-0204,data/raw/cdsco_alerts/central/2024-08_central_nsq.pdf,13,pdf,exact,True,manual,,
P03549,D018920,B005684,XMHD-001,XMSD-001,data/raw/cdsco_alerts/combined/2024-02_combined.pdf,2,pdf,decoy,False,qr_scan,,
P00747,D018925,B005652,RMT240263,LMT240263,data/raw/cdsco_alerts/central/2024-05_central_nsq.pdf,37,pdf,decoy,False,manual,,
P03955,D019004,B005882,BHCJ-003,BHCJ-009,data/raw/cdsco_alerts/central/2024-04_central_nsq.pdf,14,pdf,decoy,False,manual,,
P01855,D019061,B005922,2511723,2511723,data/raw/cdsco_alerts/state/2025-06_state_nsq.pdf,6,pdf,exact,True,manual,,
P02314,D019091,B005617,IJWX/074,IJWX/074,data/raw/cdsco_alerts/central/2025-03_central_nsq.pdf,14,pdf,exact,True,qr_scan,,
P02581,D019113,B005684,XMHD-001,XMSD-001,data/raw/cdsco_alerts/combined/2024-02_combined.pdf,2,pdf,decoy,False,blank,,
P03865,D019136,B005872,43017,43037,data/raw/cdsco_alerts/state/2025-04_state_nsq.pdf,118,pdf,decoy,False,qr_scan,,
P00747,D019180,B005732,FT-22741,FT-22741,data/raw/cdsco_alerts/combined/2024-03_combined.pdf,59,pdf,blank_batch,True,blank,,
P04031,D019332,B005863,LLT-2614,LLT-2614,data/raw/cdsco_alerts/combined/2024-03_combined.pdf,12,pdf,exact,True,qr_scan,,
P00240,D019494,B005820,JDL-2921,JDL-2921,data/raw/cdsco_alerts/combined/2024-01_combined.pdf,6,pdf,noisy,True,manual,,
P04091,D019543,B006078,ONL-24067,ONL-24067,data/raw/cdsco_alerts/state/2024-11_state_nsq.pdf,69,pdf,noisy,True,manual,,
P04152,D019544,B005652,RMT240263,LMT240263,data/raw/cdsco_alerts/central/2024-05_central_nsq.pdf,37,pdf,decoy,False,blank,,
P02507,D019594,B005701,OTC-382A,OTC-382A,data/raw/cdsco_alerts/central/2024-09_central_nsq.pdf,3,pdf,exact,True,qr_scan,,
P03552,D019808,B005922,2511723,2511723,data/raw/cdsco_alerts/state/2025-06_state_nsq.pdf,6,pdf,blank_batch,True,blank,,
P00110,D019839,B005756,RD216003,RD230003,data/raw/cdsco_alerts/combined/2024-01_combined.pdf,45,pdf,decoy,False,qr_scan,,
P01195,D019862,B005978,22HE16,22HE16,data/raw/cdsco_alerts/combined/2024-02_combined.pdf,9,pdf,exact,True,manual,,
P00982,D019865,B005680,TSF-C0116,TSF-C0116,data/raw/cdsco_alerts/central/2025-04_central_nsq.pdf,35,pdf,noisy,True,manual,,
P02682,D019932,B005942,LVU-515,LVU-515,data/raw/cdsco_alerts/combined/2024-01_combined.pdf,33,pdf,noisy,True,manual,,
P01171,D019986,B006099,NSP23008,CSP23001,data/raw/cdsco_alerts/state/2025-01_state_nsq.pdf,59,pdf,decoy,False,qr_scan,,
P02273,D020188,B005701,OTC-382A,OTC-382A,data/raw/cdsco_alerts/central/2024-09_central_nsq.pdf,3,pdf,exact,True,qr_scan,,
P01033,D020272,B005818,UF2184145C,UF2184145C,data/raw/cdsco_alerts/central/2024-07_central_nsq.pdf,56,pdf,exact,True,manual,,
P00572,D020294,B006080,AT22-0667A,AT22-0667A,data/raw/cdsco_alerts/combined/2024-01_combined.pdf,41,pdf,noisy,True,manual,,
P00294,D020339,B005820,JDL-2921,JDL-2921,data/raw/cdsco_alerts/combined/2024-01_combined.pdf,6,pdf,noisy,True,manual,,
P00342,D020359,B005684,XMHD-001,XMSD-001,data/raw/cdsco_alerts/combined/2024-02_combined.pdf,2,pdf,decoy,False,manual,,
P00435,D020386,B005590,SB45/001N/24,SB43/001M/24,data/raw/cdsco_alerts/central/2025-06_central_nsq.pdf,46,pdf,decoy,False,qr_scan,,
P00435,D020392,B005848,WHL-01715,WHL-01715,data/raw/cdsco_alerts/combined/2024-02_combined.pdf,30,pdf,exact,True,qr_scan,,
P00491,D020407,B005863,LLT-2614,LLT-2614,data/raw/cdsco_alerts/combined/2024-03_combined.pdf,12,pdf,exact,True,qr_scan,,
P04647,D020465,B005722,UGT231163,UGT231163,data/raw/cdsco_alerts/central/2025-01_central_nsq.pdf,28,pdf,exact,True,qr_scan,,
P01917,D020525,B005949,MV24B35,MV24B35,data/raw/cdsco_alerts/central/2025-03_central_nsq.pdf,36,pdf,exact,True,qr_scan,,
P01809,D020534,B005873,MT-23K36,MT-23K36,data/raw/cdsco_alerts/central/2024-07_central_nsq.pdf,46,pdf,exact,True,qr_scan,,
P01251,D020545,B006078,ONL-24067,ONL-24067,data/raw/cdsco_alerts/state/2024-11_state_nsq.pdf,69,pdf,blank_batch,True,blank,,
P01060,D020741,B005715,AS-9057,AS-9057,data/raw/cdsco_alerts/central/2024-08_central_nsq.pdf,30,pdf,blank_batch,True,blank,,
P00001,D020925,B005872,43017,43037,data/raw/cdsco_alerts/state/2025-04_state_nsq.pdf,118,pdf,decoy,False,manual,,
P03908,D020998,B005618,IJRX/274,IJWX/074,data/raw/cdsco_alerts/central/2025-03_central_nsq.pdf,14,pdf,decoy,False,manual,,
P04376,D021025,B005746,CF-B1,CF-B1,data/raw/cdsco_alerts/combined/2024-03_combined.pdf,3,pdf,exact,True,qr_scan,,
P00202,D021128,B005874,MT-23K39,MT-23K36,data/raw/cdsco_alerts/central/2024-07_central_nsq.pdf,46,pdf,decoy,False,manual,,
P00374,D021163,B005873,MT-23K36,MT-23K36,data/raw/cdsco_alerts/central/2024-07_central_nsq.pdf,46,pdf,blank_batch,True,blank,,
P00392,D021188,B006078,ONL-24067,ONL-24067,data/raw/cdsco_alerts/state/2024-11_state_nsq.pdf,69,pdf,exact,True,qr_scan,,
P03729,D021205,B005745,PS-2304,BS-2303,data/raw/cdsco_alerts/combined/2023-12_combined.pdf,30,pdf,decoy,False,manual,,
P03486,D021224,B005631,LV4210,LV4210,data/raw/cdsco_alerts/central/2025-01_central_nsq.pdf,45,pdf,blank_batch,True,blank,,
P04557,D021249,B005561,YCRE33010,YCRE23010,data/raw/cdsco_portal/json/2025-07_all_nsq.json,41,portal,decoy,False,manual,,
P00102,D021254,B005784,BOB-2521,BOB-2451,data/raw/cdsco_alerts/central/2025-03_central_nsq.pdf,9,pdf,decoy,False,manual,,
P01359,D021273,B005584,ANET1107,ANET1107,data/raw/cdsco_alerts/central/2024-11_central_nsq.pdf,9,pdf,exact,True,manual,,
P00554,D021505,B005642,V23146,V23146,data/raw/cdsco_alerts/combined/2024-03_combined.pdf,2,pdf,noisy,True,manual,,
P01376,D021538,B005771,23L-162,23L-162,data/raw/cdsco_alerts/state/2024-12_state_nsq.pdf,54,pdf,exact,True,qr_scan,,
P04486,D021681,B005893,PT35119,PT30119,data/raw/cdsco_alerts/central/2024-12_central_nsq.pdf,35,pdf,decoy,False,qr_scan,,
P04558,D021708,B005710,C4093044,C4093044,data/raw/cdsco_alerts/state/2024-11_state_nsq.pdf,54,pdf,exact,True,manual,,
P02758,D021770,B005873,MT-23K36,MT-23K36,data/raw/cdsco_alerts/central/2024-07_central_nsq.pdf,46,pdf,exact,True,manual,,
P00102,D021797,B005715,AS-9057,AS-9057,data/raw/cdsco_alerts/central/2024-08_central_nsq.pdf,30,pdf,blank_batch,True,blank,,
P03772,D021877,B005786,VLB-GT-2200,VLB-GT-2500,data/raw/cdsco_alerts/central/2025-02_central_nsq.pdf,31,pdf,decoy,False,qr_scan,,
P04779,D021987,B006080,AT22-0667A,AT22-0667A,data/raw/cdsco_alerts/combined/2024-01_combined.pdf,41,pdf,exact,True,manual,,
P01005,D022009,B005658,RD220037,RD220037,data/raw/cdsco_alerts/combined/2023-12_combined.pdf,72,pdf,noisy,True,manual,,
P04678,D022016,B005849,WHL-81785,WHL-01715,data/raw/cdsco_alerts/combined/2024-02_combined.pdf,30,pdf,decoy,False,manual,,
P01590,D022019,B006078,ONL-24067,ONL-24067,data/raw/cdsco_alerts/state/2024-11_state_nsq.pdf,69,pdf,exact,True,manual,,
P04103,D022308,B005979,L2310099,L2310099,data/raw/cdsco_alerts/combined/2024-03_combined.pdf,33,pdf,exact,True,qr_scan,,
P04115,D022342,B006007,IGMJ330,IGMJ330,data/raw/cdsco_alerts/central/2024-09_central_nsq.pdf,14,pdf,noisy,True,manual,,
P03544,D022451,B005719,TPK25018,TPD24018,data/raw/cdsco_alerts/central/2025-03_central_nsq.pdf,31,pdf,decoy,False,manual,,
P02027,D022466,B005569,ST-023,ST-223,data/raw/cdsco_alerts/central/2024-06_central_nsq.pdf,26,pdf,decoy,False,blank,,
P01896,D022597,B005600,E24020A,E24020A,data/raw/cdsco_alerts/state/2025-06_state_nsq.pdf,121,pdf,blank_batch,True,blank,,
P04236,D022642,B006076,N400736,N400726,data/raw/cdsco_alerts/central/2025-05_central_nsq.pdf,20,pdf,decoy,False,manual,,
P04715,D022643,B005658,RD220037,RD220037,data/raw/cdsco_alerts/combined/2023-12_combined.pdf,72,pdf,exact,True,qr_scan,,
P01584,D022862,B005818,UF2184145C,UF2184145C,data/raw/cdsco_alerts/central/2024-07_central_nsq.pdf,56,pdf,noisy,True,manual,,
P02308,D022902,B005978,22HE16,22HE16,data/raw/cdsco_alerts/combined/2024-02_combined.pdf,9,pdf,noisy,True,manual,,
P04135,D023100,B005770,A24155L,A24105K,data/raw/cdsco_alerts/central/2025-03_central_nsq.pdf,45,pdf,decoy,False,qr_scan,,
P02742,D023121,B005815,GG202014,GG204014,data/raw/cdsco_alerts/state/2025-04_state_nsq.pdf,96,pdf,decoy,False,qr_scan,,
P02992,D023205,B005854,AGI-23107,AGI-23107,data/raw/cdsco_alerts/combined/2023-12_combined.pdf,48,pdf,noisy,True,manual,,
P01199,D023224,B005631,LV4210,LV4210,data/raw/cdsco_alerts/central/2025-01_central_nsq.pdf,45,pdf,exact,True,manual,,
P02387,D023247,B006081,45PSA138,45PSA138,data/raw/cdsco_alerts/state/2025-05_state_nsq.pdf,12,pdf,exact,True,manual,,
P03499,D023375,B005818,UF2184145C,UF2184145C,data/raw/cdsco_alerts/central/2024-07_central_nsq.pdf,56,pdf,noisy,True,manual,,
P00399,D023383,B005873,MT-23K36,MT-23K36,data/raw/cdsco_alerts/central/2024-07_central_nsq.pdf,46,pdf,noisy,True,manual,,
P03831,D023413,B005960,RQ24-0204,LG24-0204,data/raw/cdsco_alerts/central/2024-08_central_nsq.pdf,13,pdf,decoy,False,qr_scan,,
P02276,D023415,B005619,HIHE23028A,HIHE23028A,data/raw/cdsco_alerts/central/2024-08_central_nsq.pdf,14,pdf,exact,True,qr_scan,,
P00283,D023427,B005625,22X23862,22X23002,data/raw/cdsco_alerts/central/2024-09_central_nsq.pdf,7,pdf,decoy,False,manual,,
P01853,D023445,B006007,IGMJ330,IGMJ330,data/raw/cdsco_alerts/central/2024-09_central_nsq.pdf,14,pdf,blank_batch,True,blank,,
P02596,D023496,B006084,CLG-4148,CLG-4148,data/raw/cdsco_alerts/central/2024-07_central_nsq.pdf,28,pdf,exact,True,manual,,
P02892,D023623,B005784,BOB-2521,BOB-2451,data/raw/cdsco_alerts/central/2025-03_central_nsq.pdf,9,pdf,decoy,False,qr_scan,,
P02560,D023628,B005848,WHL-01715,WHL-01715,data/raw/cdsco_alerts/combined/2024-02_combined.pdf,30,pdf,noisy,True,manual,,
P03992,D023631,B005719,TPK25018,TPD24018,data/raw/cdsco_alerts/central/2025-03_central_nsq.pdf,31,pdf,decoy,False,qr_scan,,
P00770,D023650,B005754,A29LV060B,A23LV060B,data/raw/cdsco_alerts/combined/2023-12_combined.pdf,49,pdf,decoy,False,qr_scan,,
P00120,D023741,B006087,PE3046A,TE3016A,data/raw/cdsco_alerts/central/2024-05_central_nsq.pdf,11,pdf,decoy,False,manual,,
P00464,D023772,B005829,HINM23002B,HINM23002B,data/raw/cdsco_alerts/central/2024-04_central_nsq.pdf,26,pdf,blank_batch,True,blank,,
P00714,D023813,B006086,TE3016A,TE3016A,data/raw/cdsco_alerts/central/2024-05_central_nsq.pdf,11,pdf,exact,True,qr_scan,,
P02217,D023866,B005557,OL-032309,OL-032309,data/raw/cdsco_alerts/combined/2024-02_combined.pdf,43,pdf,exact,True,qr_scan,A,False
P02225,D023874,B005737,THZ3103,YSZ3103,data/raw/cdsco_alerts/combined/2023-12_combined.pdf,25,pdf,decoy,False,blank,,
P04946,D023890,B005877,7704,7704,data/raw/cdsco_alerts/combined/2024-03_combined.pdf,8,pdf,noisy,True,manual,,
P04470,D023941,B005978,22HE16,22HE16,data/raw/cdsco_alerts/combined/2024-02_combined.pdf,9,pdf,blank_batch,True,blank,,
P02416,D023986,B005557,OL-032309,OL-032309,data/raw/cdsco_alerts/combined/2024-02_combined.pdf,43,pdf,exact,True,qr_scan,A,False
P02960,D023994,B005998,724-37,724-37,data/raw/cdsco_alerts/central/2025-02_central_nsq.pdf,34,pdf,noisy,True,manual,,
P00349,D024076,B005744,BS-2303,BS-2303,data/raw/cdsco_alerts/combined/2023-12_combined.pdf,30,pdf,blank_batch,True,blank,,
P02912,D024127,B005831,HTN414D,HTN414D,data/raw/cdsco_alerts/state/2024-12_state_nsq.pdf,42,pdf,exact,True,qr_scan,,
P02055,D024128,B005711,C4493044,C4093044,data/raw/cdsco_alerts/state/2024-11_state_nsq.pdf,54,pdf,decoy,False,qr_scan,,
P03889,D024145,B005893,PT35119,PT30119,data/raw/cdsco_alerts/central/2024-12_central_nsq.pdf,35,pdf,decoy,False,manual,,
P04944,D024160,B005982,AST-23303,AST-23303,data/raw/cdsco_alerts/state/2024-12_state_nsq.pdf,4,pdf,exact,True,qr_scan,,
P03981,D024269,B005894,NHD24207C,NHD24207C,data/raw/cdsco_alerts/state/2025-05_state_nsq.pdf,116,pdf,noisy,True,manual,,
P03432,D024445,B005823,23101006A,23101006A,data/raw/cdsco_alerts/central/2024-11_central_nsq.pdf,14,pdf,noisy,True,manual,,
P04583,D024478,B005659,RD270037,RD220037,data/raw/cdsco_alerts/combined/2023-12_combined.pdf,72,pdf,decoy,False,manual,,
P01329,D024556,B005584,ANET1107,ANET1107,data/raw/cdsco_alerts/central/2024-11_central_nsq.pdf,9,pdf,exact,True,manual,,
P04583,D024566,B005873,MT-23K36,MT-23K36,data/raw/cdsco_alerts/central/2024-07_central_nsq.pdf,46,pdf,exact,True,qr_scan,,
P02572,D024591,B005745,PS-2304,BS-2303,data/raw/cdsco_alerts/combined/2023-12_combined.pdf,30,pdf,decoy,False,qr_scan,,
P03236,D024592,B005989,CP04854,CP04854,data/raw/cdsco_alerts/combined/2023-12_combined.pdf,11,pdf,exact,True,manual,,
P01516,D024600,B005871,43037,43037,data/raw/cdsco_alerts/state/2025-04_state_nsq.pdf,118,pdf,noisy,True,manual,,
P00745,D024607,B005877,7704,7704,data/raw/cdsco_alerts/combined/2024-03_combined.pdf,8,pdf,exact,True,manual,,
P03466,D024693,B005746,CF-B1,CF-B1,data/raw/cdsco_alerts/combined/2024-03_combined.pdf,3,pdf,exact,True,qr_scan,,
P03055,D024842,B006058,T24039,T24039,data/raw/cdsco_alerts/state/2025-05_state_nsq.pdf,95,pdf,exact,True,manual,,
P02577,D024843,B005785,VLB-GT-2500,VLB-GT-2500,data/raw/cdsco_alerts/central/2025-02_central_nsq.pdf,31,pdf,exact,True,manual,,
P04824,D024862,B005642,V23146,V23146,data/raw/cdsco_alerts/combined/2024-03_combined.pdf,2,pdf,exact,True,qr_scan,,
P03050,D024931,B005784,BOB-2521,BOB-2451,data/raw/cdsco_alerts/central/2025-03_central_nsq.pdf,9,pdf,decoy,False,qr_scan,,
P02704,D024947,B005624,22X23002,22X23002,data/raw/cdsco_alerts/central/2024-09_central_nsq.pdf,7,pdf,exact,True,qr_scan,,
P01042,D024974,B005617,IJWX/074,IJWX/074,data/raw/cdsco_alerts/central/2025-03_central_nsq.pdf,14,pdf,noisy,True,manual,,
P01042,D025022,B006086,TE3016A,TE3016A,data/raw/cdsco_alerts/central/2024-05_central_nsq.pdf,11,pdf,noisy,True,manual,,
P03642,D025077,B006055,ANO43014R,ANO43004R,data/raw/cdsco_alerts/central/2024-04_central_nsq.pdf,22,pdf,decoy,False,manual,,
P01926,D025087,B005600,E24020A,E24020A,data/raw/cdsco_alerts/state/2025-06_state_nsq.pdf,121,pdf,blank_batch,True,blank,,
P01838,D025334,B005672,STRO-0103,STRO-0103,data/raw/cdsco_alerts/combined/2023-12_combined.pdf,45,pdf,blank_batch,True,blank,,
P01355,D025375,B005823,23101006A,23101006A,data/raw/cdsco_alerts/central/2024-11_central_nsq.pdf,14,pdf,exact,True,qr_scan,,
P01705,D025381,B005577,PIT24708,PGT24708,data/raw/cdsco_portal/json/2025-07_all_nsq.json,80,portal,decoy,False,manual,,
P04839,D025621,B006027,B19583001,B18523001,data/raw/cdsco_alerts/state/2024-06_state_nsq.pdf,10,pdf,decoy,False,qr_scan,,
P03007,D025622,B006007,IGMJ330,IGMJ330,data/raw/cdsco_alerts/central/2024-09_central_nsq.pdf,14,pdf,exact,True,manual,,
P01062,D025731,B005637,TCRM-010,TCRM-010,data/raw/cdsco_alerts/central/2024-11_central_nsq.pdf,12,pdf,blank_batch,True,blank,,
P01622,D025773,B005672,STRO-0103,STRO-0103,data/raw/cdsco_alerts/combined/2023-12_combined.pdf,45,pdf,blank_batch,True,blank,,
P04935,D025804,B005942,LVU-515,LVU-515,data/raw/cdsco_alerts/combined/2024-01_combined.pdf,33,pdf,blank_batch,True,blank,,
P00083,D025951,B005722,UGT231163,UGT231163,data/raw/cdsco_alerts/central/2025-01_central_nsq.pdf,28,pdf,exact,True,qr_scan,,
P00277,D025989,B005569,ST-023,ST-223,data/raw/cdsco_alerts/central/2024-06_central_nsq.pdf,26,pdf,decoy,False,manual,,
P02518,D026026,B005650,AHH1230,AHH0230,data/raw/cdsco_alerts/central/2024-11_central_nsq.pdf,34,pdf,decoy,False,manual,,
P03839,D026048,B005755,RD230003,RD230003,data/raw/cdsco_alerts/combined/2024-01_combined.pdf,45,pdf,noisy,True,manual,,
P04144,D026071,B005983,AST-53003,AST-23303,data/raw/cdsco_alerts/state/2024-12_state_nsq.pdf,4,pdf,decoy,False,qr_scan,,
P02013,D026106,B005820,JDL-2921,JDL-2921,data/raw/cdsco_alerts/combined/2024-01_combined.pdf,6,pdf,noisy,True,manual,,
P03550,D026144,B005953,LSG-B0656,LSF-B0656,data/raw/cdsco_alerts/state/2025-02_state_nsq.pdf,5,pdf,decoy,False,qr_scan,,
P02908,D026152,B005849,WHL-81785,WHL-01715,data/raw/cdsco_alerts/combined/2024-02_combined.pdf,30,pdf,decoy,False,manual,,
P01351,D026234,B005999,724-31,724-37,data/raw/cdsco_alerts/central/2025-02_central_nsq.pdf,34,pdf,decoy,False,blank,,
P01232,D026281,B005834,SDD23049,CDD23089,data/raw/cdsco_alerts/central/2024-12_central_nsq.pdf,39,pdf,decoy,False,qr_scan,,
P00105,D026356,B005829,HINM23002B,HINM23002B,data/raw/cdsco_alerts/central/2024-04_central_nsq.pdf,26,pdf,exact,True,qr_scan,,
P02231,D026390,B005560,YCRE23010,YCRE23010,data/raw/cdsco_portal/json/2025-07_all_nsq.json,41,portal,exact,True,qr_scan,,
P03568,D026542,B005680,TSF-C0116,TSF-C0116,data/raw/cdsco_alerts/central/2025-04_central_nsq.pdf,35,pdf,noisy,True,manual,,
P03534,D026644,B005889,24-XLS-010,24-XLS-010,data/raw/cdsco_alerts/state/2025-01_state_nsq.pdf,67,pdf,exact,True,qr_scan,,
P03225,D026689,B005820,JDL-2921,JDL-2921,data/raw/cdsco_alerts/combined/2024-01_combined.pdf,6,pdf,exact,True,manual,,
P02408,D026749,B005739,TC-3277005,TC-3270005,data/raw/cdsco_alerts/central/2024-11_central_nsq.pdf,15,pdf,decoy,False,blank,,
P00468,D026766,B005560,YCRE23010,YCRE23010,data/raw/cdsco_portal/json/2025-07_all_nsq.json,41,portal,exact,True,qr_scan,,
P02735,D026782,B005635,TA24036,TA24036,data/raw/cdsco_alerts/state/2024-12_state_nsq.pdf,56,pdf,noisy,True,manual,,
P03225,D026914,B005849,WHL-81785,WHL-01715,data/raw/cdsco_alerts/combined/2024-02_combined.pdf,30,pdf,decoy,False,manual,,
P01770,D026941,B005577,PIT24708,PGT24708,data/raw/cdsco_portal/json/2025-07_all_nsq.json,80,portal,decoy,False,qr_scan,,
P03675,D026965,B005854,AGI-23107,AGI-23107,data/raw/cdsco_alerts/combined/2023-12_combined.pdf,48,pdf,noisy,True,manual,,
P03115,D027006,B005756,RD216003,RD230003,data/raw/cdsco_alerts/combined/2024-01_combined.pdf,45,pdf,decoy,False,manual,,
P04319,D027236,B005819,UF9184145Z,UF2184145C,data/raw/cdsco_alerts/central/2024-07_central_nsq.pdf,56,pdf,decoy,False,qr_scan,,
P00939,D027238,B005684,XMHD-001,XMSD-001,data/raw/cdsco_alerts/combined/2024-02_combined.pdf,2,pdf,decoy,False,manual,,
P00156,D027284,B005824,ATA-176,ATA-176,data/raw/cdsco_alerts/central/2024-05_central_nsq.pdf,30,pdf,exact,True,qr_scan,,
P02170,D027374,B006009,PGY23118,PGY23118,data/raw/cdsco_alerts/state/2024-12_state_nsq.pdf,62,pdf,blank_batch,True,blank,,
P04452,D027520,B005659,RD270037,RD220037,data/raw/cdsco_alerts/combined/2023-12_combined.pdf,72,pdf,decoy,False,qr_scan,,
P02669,D027543,B006058,T24039,T24039,data/raw/cdsco_alerts/state/2025-05_state_nsq.pdf,95,pdf,exact,True,qr_scan,,
P02176,D027575,B005672,STRO-0103,STRO-0103,data/raw/cdsco_alerts/combined/2023-12_combined.pdf,45,pdf,noisy,True,manual,,
P03801,D027662,B006078,ONL-24067,ONL-24067,data/raw/cdsco_alerts/state/2024-11_state_nsq.pdf,69,pdf,noisy,True,manual,,
P03137,D027865,B005673,STYO-0203,STRO-0103,data/raw/cdsco_alerts/combined/2023-12_combined.pdf,45,pdf,decoy,False,qr_scan,,
P02379,D027921,B005751,MVNUR2403,MVNUR2403,data/raw/cdsco_alerts/central/2024-12_central_nsq.pdf,42,pdf,blank_batch,True,blank,,
P00364,D027934,B005772,23L-185,23L-162,data/raw/cdsco_alerts/state/2024-12_state_nsq.pdf,54,pdf,decoy,False,manual,,
P01476,D027952,B005684,XMHD-001,XMSD-001,data/raw/cdsco_alerts/combined/2024-02_combined.pdf,2,pdf,decoy,False,manual,,
P02950,D027965,B005739,TC-3277005,TC-3270005,data/raw/cdsco_alerts/central/2024-11_central_nsq.pdf,15,pdf,decoy,False,blank,,
P03637,D027998,B005722,UGT231163,UGT231163,data/raw/cdsco_alerts/central/2025-01_central_nsq.pdf,28,pdf,exact,True,qr_scan,,
P04683,D028040,B005731,UD6C-23409E,UD2C-23469E,data/raw/cdsco_alerts/central/2024-10_central_nsq.pdf,24,pdf,decoy,False,manual,,
P03407,D028066,B005744,BS-2303,BS-2303,data/raw/cdsco_alerts/combined/2023-12_combined.pdf,30,pdf,exact,True,qr_scan,,
P01174,D028123,B006076,N400736,N400726,data/raw/cdsco_alerts/central/2025-05_central_nsq.pdf,20,pdf,decoy,False,manual,,
P04040,D028137,B005872,43017,43037,data/raw/cdsco_alerts/state/2025-04_state_nsq.pdf,118,pdf,decoy,False,blank,,
P01603,D028183,B005906,L2403/2,L2403/2,data/raw/cdsco_alerts/central/2025-02_central_nsq.pdf,3,pdf,exact,True,manual,,
P02379,D028223,B006055,ANO43014R,ANO43004R,data/raw/cdsco_alerts/central/2024-04_central_nsq.pdf,22,pdf,decoy,False,manual,,
P04820,D028239,B005635,TA24036,TA24036,data/raw/cdsco_alerts/state/2024-12_state_nsq.pdf,56,pdf,blank_batch,True,blank,,
P00352,D028284,B005721,B18523003,B18523003,data/raw/cdsco_alerts/combined/2024-03_combined.pdf,23,pdf,exact,True,qr_scan,,
P01965,D028345,B005642,V23146,V23146,data/raw/cdsco_alerts/combined/2024-03_combined.pdf,2,pdf,noisy,True,manual,,
P01059,D028367,B005650,AHH1230,AHH0230,data/raw/cdsco_alerts/central/2024-11_central_nsq.pdf,34,pdf,decoy,False,manual,,
P01439,D028479,B005983,AST-53003,AST-23303,data/raw/cdsco_alerts/state/2024-12_state_nsq.pdf,4,pdf,decoy,False,blank,,
P01520,D028627,B005738,TC-3270005,TC-3270005,data/raw/cdsco_alerts/central/2024-11_central_nsq.pdf,15,pdf,exact,True,qr_scan,,
P01252,D028714,B005600,E24020A,E24020A,data/raw/cdsco_alerts/state/2025-06_state_nsq.pdf,121,pdf,noisy,True,manual,,
P02907,D028780,B005738,TC-3270005,TC-3270005,data/raw/cdsco_alerts/central/2024-11_central_nsq.pdf,15,pdf,exact,True,qr_scan,,
P00743,D028797,B006041,MD20E30,MD24E30,data/raw/cdsco_alerts/central/2025-02_central_nsq.pdf,21,pdf,decoy,False,manual,,
P03271,D028909,B005568,ST-223,ST-223,data/raw/cdsco_alerts/central/2024-06_central_nsq.pdf,26,pdf,exact,True,manual,,
P04263,D028931,B005784,BOB-2521,BOB-2451,data/raw/cdsco_alerts/central/2025-03_central_nsq.pdf,9,pdf,decoy,False,manual,,
P01140,D028939,B005712,HUAA46,HUAA46,data/raw/cdsco_alerts/state/2024-12_state_nsq.pdf,64,pdf,exact,True,qr_scan,,
P00414,D029098,B006035,5DSB27,5DSB27,data/raw/cdsco_alerts/central/2024-10_central_nsq.pdf,48,pdf,exact,True,manual,,
P02319,D029135,B005729,23IS10,23IS10,data/raw/cdsco_alerts/central/2025-02_central_nsq.pdf,38,pdf,noisy,True,manual,,
P02093,D029142,B005711,C4493044,C4093044,data/raw/cdsco_alerts/state/2024-11_state_nsq.pdf,54,pdf,decoy,False,manual,,
P00735,D029150,B005702,SLG24095,SLG24095,data/raw/cdsco_alerts/state/2025-05_state_nsq.pdf,118,pdf,noisy,True,manual,,
P04043,D029174,B005771,23L-162,23L-162,data/raw/cdsco_alerts/state/2024-12_state_nsq.pdf,54,pdf,noisy,True,manual,,
P02812,D029223,B005980,CH040103,CH040103,data/raw/cdsco_alerts/state/2024-12_state_nsq.pdf,40,pdf,exact,True,manual,,
P04615,D029257,B006037,RTD.230105,RTD.230105,data/raw/cdsco_alerts/central/2025-01_central_nsq.pdf,30,pdf,blank_batch,True,blank,,
P01746,D029269,B006040,MD24E30,MD24E30,data/raw/cdsco_alerts/central/2025-02_central_nsq.pdf,21,pdf,noisy,True,manual,,
P04497,D029276,B005700,MLHT-1022,MLHT-1022,data/raw/cdsco_alerts/state/2024-10_state_nsq.pdf,25,pdf,exact,True,qr_scan,,
P00968,D029303,B005772,23L-185,23L-162,data/raw/cdsco_alerts/state/2024-12_state_nsq.pdf,54,pdf,decoy,False,manual,,
P02042,D029401,B005577,PIT24708,PGT24708,data/raw/cdsco_portal/json/2025-07_all_nsq.json,80,portal,decoy,False,qr_scan,,
P01904,D029424,B005600,E24020A,E24020A,data/raw/cdsco_alerts/state/2025-06_state_nsq.pdf,121,pdf,noisy,True,manual,,
P04049,D029488,B005744,BS-2303,BS-2303,data/raw/cdsco_alerts/combined/2023-12_combined.pdf,30,pdf,exact,True,manual,,
P03441,D029498,B005673,STYO-0203,STRO-0103,data/raw/cdsco_alerts/combined/2023-12_combined.pdf,45,pdf,decoy,False,qr_scan,,
P04827,D029532,B005600,E24020A,E24020A,data/raw/cdsco_alerts/state/2025-06_state_nsq.pdf,121,pdf,exact,True,manual,,
P03417,D029627,B005706,VBT2417,VBT2417,data/raw/cdsco_alerts/state/2025-02_state_nsq.pdf,32,pdf,blank_batch,True,blank,,
P04847,D029667,B006078,ONL-24067,ONL-24067,data/raw/cdsco_alerts/state/2024-11_state_nsq.pdf,69,pdf,exact,True,manual,,
P01097,D029741,B006009,PGY23118,PGY23118,data/raw/cdsco_alerts/state/2024-12_state_nsq.pdf,62,pdf,exact,True,qr_scan,,
P03317,D029861,B005624,22X23002,22X23002,data/raw/cdsco_alerts/central/2024-09_central_nsq.pdf,7,pdf,noisy,True,manual,,
P02113,D029895,B005831,HTN414D,HTN414D,data/raw/cdsco_alerts/state/2024-12_state_nsq.pdf,42,pdf,noisy,True,manual,,
P04445,D029965,B005848,WHL-01715,WHL-01715,data/raw/cdsco_alerts/combined/2024-02_combined.pdf,30,pdf,blank_batch,True,blank,,
P02376,D029970,B005751,MVNUR2403,MVNUR2403,data/raw/cdsco_alerts/central/2024-12_central_nsq.pdf,42,pdf,exact,True,qr_scan,,
P03570,D030018,B005703,SLG24091,SLG24095,data/raw/cdsco_alerts/state/2025-05_state_nsq.pdf,118,pdf,decoy,False,qr_scan,,
P03176,D030029,B005725,MV24Y36,MV24B36,data/raw/cdsco_alerts/central/2025-06_central_nsq.pdf,9,pdf,decoy,False,manual,,
P02002,D030091,B005818,UF2184145C,UF2184145C,data/raw/cdsco_alerts/central/2024-07_central_nsq.pdf,56,pdf,exact,True,manual,,
P04803,D030209,B005600,E24020A,E24020A,data/raw/cdsco_alerts/state/2025-06_state_nsq.pdf,121,pdf,exact,True,qr_scan,,
P04308,D030224,B005621,3780,3780,data/raw/cdsco_alerts/state/2025-05_state_nsq.pdf,53,pdf,blank_batch,True,blank,,
P04906,D030236,B005672,STRO-0103,STRO-0103,data/raw/cdsco_alerts/combined/2023-12_combined.pdf,45,pdf,blank_batch,True,blank,,
P04380,D030273,B005571,L3152301A,L3352301A,data/raw/cdsco_alerts/combined/2024-02_combined.pdf,8,pdf,decoy,False,qr_scan,,
P03174,D030287,B006007,IGMJ330,IGMJ330,data/raw/cdsco_alerts/central/2024-09_central_nsq.pdf,14,pdf,blank_batch,True,blank,,
P01575,D030291,B005820,JDL-2921,JDL-2921,data/raw/cdsco_alerts/combined/2024-01_combined.pdf,6,pdf,exact,True,manual,,
P04446,D030358,B005719,TPK25018,TPD24018,data/raw/cdsco_alerts/central/2025-03_central_nsq.pdf,31,pdf,decoy,False,qr_scan,,
P02453,D030428,B005753,A23LV060B,A23LV060B,data/raw/cdsco_alerts/combined/2023-12_combined.pdf,49,pdf,exact,True,manual,,
P04297,D030430,B006007,IGMJ330,IGMJ330,data/raw/cdsco_alerts/central/2024-09_central_nsq.pdf,14,pdf,noisy,True,manual,,
P01041,D030498,B005724,MV24B36,MV24B36,data/raw/cdsco_alerts/central/2025-06_central_nsq.pdf,9,pdf,exact,True,manual,,
P02415,D030559,B006024,94DWC64,24DQC64,data/raw/cdsco_alerts/state/2024-12_state_nsq.pdf,51,pdf,decoy,False,qr_scan,,
P03560,D030581,B005635,TA24036,TA24036,data/raw/cdsco_alerts/state/2024-12_state_nsq.pdf,56,pdf,exact,True,manual,,
P02889,D030727,B005557,OL-032309,OL-032309,data/raw/cdsco_alerts/combined/2024-02_combined.pdf,43,pdf,exact,True,qr_scan,A,True
P01235,D030745,B005649,AHH0230,AHH0230,data/raw/cdsco_alerts/central/2024-11_central_nsq.pdf,34,pdf,exact,True,manual,,
P03886,D030748,B005772,23L-185,23L-162,data/raw/cdsco_alerts/state/2024-12_state_nsq.pdf,54,pdf,decoy,False,blank,,
P01275,D030900,B005771,23L-162,23L-162,data/raw/cdsco_alerts/state/2024-12_state_nsq.pdf,54,pdf,exact,True,qr_scan,,
P02136,D030945,B005982,AST-23303,AST-23303,data/raw/cdsco_alerts/state/2024-12_state_nsq.pdf,4,pdf,exact,True,qr_scan,,
P02444,D030985,B005712,HUAA46,HUAA46,data/raw/cdsco_alerts/state/2024-12_state_nsq.pdf,64,pdf,exact,True,manual,,
P00272,D031008,B006079,OEL-24067,ONL-24067,data/raw/cdsco_alerts/state/2024-11_state_nsq.pdf,69,pdf,decoy,False,blank,,
P03742,D031061,B005948,MZTM26002,MZTJ23002,data/raw/cdsco_alerts/combined/2024-01_combined.pdf,30,pdf,decoy,False,manual,,
P00690,D031203,B005650,AHH1230,AHH0230,data/raw/cdsco_alerts/central/2024-11_central_nsq.pdf,34,pdf,decoy,False,manual,,
P00346,D031212,B005718,TPD24018,TPD24018,data/raw/cdsco_alerts/central/2025-03_central_nsq.pdf,31,pdf,noisy,True,manual,,
P03106,D031226,B005710,C4093044,C4093044,data/raw/cdsco_alerts/state/2024-11_state_nsq.pdf,54,pdf,noisy,True,manual,,
P03950,D031260,B006000,B-22680D,B-22680D,data/raw/cdsco_alerts/central/2024-05_central_nsq.pdf,12,pdf,exact,True,qr_scan,,
P00428,D031298,B005952,LSF-B0656,LSF-B0656,data/raw/cdsco_alerts/state/2025-02_state_nsq.pdf,5,pdf,exact,True,qr_scan,,
P02546,D031332,B005923,MA24H16,MA24H16,data/raw/cdsco_alerts/central/2025-02_central_nsq.pdf,22,pdf,noisy,True,manual,,
P03241,D031393,B005722,UGT231163,UGT231163,data/raw/cdsco_alerts/central/2025-01_central_nsq.pdf,28,pdf,blank_batch,True,blank,,
P00872,D031495,B006078,ONL-24067,ONL-24067,data/raw/cdsco_alerts/state/2024-11_state_nsq.pdf,69,pdf,blank_batch,True,blank,,
P02164,D031573,B005999,724-31,724-37,data/raw/cdsco_alerts/central/2025-02_central_nsq.pdf,34,pdf,decoy,False,qr_scan,,
P03310,D031669,B006078,ONL-24067,ONL-24067,data/raw/cdsco_alerts/state/2024-11_state_nsq.pdf,69,pdf,exact,True,qr_scan,,
P01223,D031700,B006029,BXE064,BXE064,data/raw/cdsco_alerts/combined/2024-01_combined.pdf,7,pdf,exact,True,manual,,
P04403,D031762,B005772,23L-185,23L-162,data/raw/cdsco_alerts/state/2024-12_state_nsq.pdf,54,pdf,decoy,False,manual,,
P02915,D031772,B006052,AOT244-07B,AOT244-00B,data/raw/cdsco_alerts/central/2025-04_central_nsq.pdf,31,pdf,decoy,False,qr_scan,,
P02865,D031818,B005888,LV326,LV326,data/raw/cdsco_alerts/central/2024-10_central_nsq.pdf,23,pdf,exact,True,manual,,
P02655,D031857,B006059,MA 24E27,MA 24E27,data/raw/cdsco_alerts/state/2024-10_state_nsq.pdf,26,pdf,exact,True,qr_scan,,
P01324,D031971,B005558,1I245476,1I245476,data/raw/cdsco_alerts/central/2025-04_central_nsq.pdf,24,pdf,exact,True,qr_scan,B,True
P00204,D031982,B005862,GB-23-03,GB-23-03,data/raw/cdsco_alerts/combined/2024-03_combined.pdf,5,pdf,noisy,True,manual,,
P00896,D031988,B005568,ST-223,ST-223,data/raw/cdsco_alerts/central/2024-06_central_nsq.pdf,26,pdf,exact,True,qr_scan,,
P00164,D031994,B005600,E24020A,E24020A,data/raw/cdsco_alerts/state/2025-06_state_nsq.pdf,121,pdf,exact,True,qr_scan,,
P02655,D032008,B006037,RTD.230105,RTD.230105,data/raw/cdsco_alerts/central/2025-01_central_nsq.pdf,30,pdf,noisy,True,manual,,
P03259,D032038,B006052,AOT244-07B,AOT244-00B,data/raw/cdsco_alerts/central/2025-04_central_nsq.pdf,31,pdf,decoy,False,manual,,
P03772,D032082,B005949,MV24B35,MV24B35,data/raw/cdsco_alerts/central/2025-03_central_nsq.pdf,36,pdf,exact,True,qr_scan,,
P03019,D032096,B006075,N400726,N400726,data/raw/cdsco_alerts/central/2025-05_central_nsq.pdf,20,pdf,exact,True,qr_scan,,
P02025,D032139,B005959,LG24-0204,LG24-0204,data/raw/cdsco_alerts/central/2024-08_central_nsq.pdf,13,pdf,exact,True,qr_scan,,
P02025,D032140,B005979,L2310099,L2310099,data/raw/cdsco_alerts/combined/2024-03_combined.pdf,33,pdf,noisy,True,manual,,
P03676,D032143,B006029,BXE064,BXE064,data/raw/cdsco_alerts/combined/2024-01_combined.pdf,7,pdf,noisy,True,manual,,
P03966,D032156,B005848,WHL-01715,WHL-01715,data/raw/cdsco_alerts/combined/2024-02_combined.pdf,30,pdf,exact,True,qr_scan,,
P00493,D032158,B005569,ST-023,ST-223,data/raw/cdsco_alerts/central/2024-06_central_nsq.pdf,26,pdf,decoy,False,manual,,
P03721,D032189,B005652,RMT240263,LMT240263,data/raw/cdsco_alerts/central/2024-05_central_nsq.pdf,37,pdf,decoy,False,manual,,
P01297,D032231,B005570,L3352301A,L3352301A,data/raw/cdsco_alerts/combined/2024-02_combined.pdf,8,pdf,exact,True,qr_scan,,
P03528,D032409,B006079,OEL-24067,ONL-24067,data/raw/cdsco_alerts/state/2024-11_state_nsq.pdf,69,pdf,decoy,False,manual,,
P04969,D032447,B005589,SB43/001M/24,SB43/001M/24,data/raw/cdsco_alerts/central/2025-06_central_nsq.pdf,46,pdf,exact,True,qr_scan,,
P01835,D032555,B005815,GG202014,GG204014,data/raw/cdsco_alerts/state/2025-04_state_nsq.pdf,96,pdf,decoy,False,qr_scan,,
P02125,D032791,B006087,PE3046A,TE3016A,data/raw/cdsco_alerts/central/2024-05_central_nsq.pdf,11,pdf,decoy,False,qr_scan,,
P04292,D032797,B006079,OEL-24067,ONL-24067,data/raw/cdsco_alerts/state/2024-11_state_nsq.pdf,69,pdf,decoy,False,qr_scan,,
P02150,D032803,B005848,WHL-01715,WHL-01715,data/raw/cdsco_alerts/combined/2024-02_combined.pdf,30,pdf,noisy,True,manual,,
P02626,D032860,B005558,1I245476,1I245476,data/raw/cdsco_alerts/central/2025-04_central_nsq.pdf,24,pdf,exact,True,manual,B,False
P01584,D032894,B006081,45PSA138,45PSA138,data/raw/cdsco_alerts/state/2025-05_state_nsq.pdf,12,pdf,exact,True,manual,,
P03693,D033006,B006054,ANO43004R,ANO43004R,data/raw/cdsco_alerts/central/2024-04_central_nsq.pdf,22,pdf,exact,True,qr_scan,,
P03463,D033199,B005889,24-XLS-010,24-XLS-010,data/raw/cdsco_alerts/state/2025-01_state_nsq.pdf,67,pdf,exact,True,qr_scan,,
P00517,D033204,B005870,ZS-2405,ZS-2405,data/raw/cdsco_alerts/state/2025-06_state_nsq.pdf,113,pdf,blank_batch,True,blank,,
P01096,D033362,B005795,HBD 2403,HBD 2403,data/raw/cdsco_alerts/central/2025-01_central_nsq.pdf,11,pdf,noisy,True,manual,,
P01156,D033379,B006026,B18523001,B18523001,data/raw/cdsco_alerts/state/2024-06_state_nsq.pdf,10,pdf,exact,True,qr_scan,,
P04586,D033401,B005927,EXPN-24004,EXPN-24004,data/raw/cdsco_alerts/central/2024-10_central_nsq.pdf,54,pdf,exact,True,qr_scan,,
P04350,D033448,B005892,PT30119,PT30119,data/raw/cdsco_alerts/central/2024-12_central_nsq.pdf,35,pdf,noisy,True,manual,,
P04373,D033469,B006076,N400736,N400726,data/raw/cdsco_alerts/central/2025-05_central_nsq.pdf,20,pdf,decoy,False,manual,,
P01315,D033496,B005762,CLT-284J,CLT-214A,data/raw/cdsco_alerts/central/2025-06_central_nsq.pdf,22,pdf,decoy,False,qr_scan,,
P02198,D033514,B005712,HUAA46,HUAA46,data/raw/cdsco_alerts/state/2024-12_state_nsq.pdf,64,pdf,exact,True,qr_scan,,
P03838,D033552,B005777,YVO-05,MRO-05,data/raw/cdsco_portal/json/2025-07_all_nsq.json,84,portal,decoy,False,qr_scan,,
P03215,D033584,B005725,MV24Y36,MV24B36,data/raw/cdsco_alerts/central/2025-06_central_nsq.pdf,9,pdf,decoy,False,qr_scan,,
P00299,D033606,B005652,RMT240263,LMT240263,data/raw/cdsco_alerts/central/2024-05_central_nsq.pdf,37,pdf,decoy,False,manual,,
P00019,D033683,B005879,LLMS-063,LLMS-063,data/raw/cdsco_alerts/state/2025-04_state_nsq.pdf,34,pdf,exact,True,manual,,
P03518,D033709,B005783,BOB-2451,BOB-2451,data/raw/cdsco_alerts/central/2025-03_central_nsq.pdf,9,pdf,exact,True,qr_scan,,
P03970,D033846,B005862,GB-23-03,GB-23-03,data/raw/cdsco_alerts/combined/2024-03_combined.pdf,5,pdf,exact,True,qr_scan,,
P02973,D033963,B005889,24-XLS-010,24-XLS-010,data/raw/cdsco_alerts/state/2025-01_state_nsq.pdf,67,pdf,exact,True,qr_scan,,
P04006,D034013,B005581,16241548D,16240148D,data/raw/cdsco_alerts/central/2024-12_central_nsq.pdf,15,pdf,decoy,False,qr_scan,,
P00376,D034042,B005771,23L-162,23L-162,data/raw/cdsco_alerts/state/2024-12_state_nsq.pdf,54,pdf,exact,True,manual,,
P02071,D034205,B006098,CSP23001,CSP23001,data/raw/cdsco_alerts/state/2025-01_state_nsq.pdf,59,pdf,noisy,True,manual,,
P03952,D034219,B005873,MT-23K36,MT-23K36,data/raw/cdsco_alerts/central/2024-07_central_nsq.pdf,46,pdf,noisy,True,manual,,
P02482,D034237,B006052,AOT244-07B,AOT244-00B,data/raw/cdsco_alerts/central/2025-04_central_nsq.pdf,31,pdf,decoy,False,manual,,
P03084,D034283,B005874,MT-23K39,MT-23K36,data/raw/cdsco_alerts/central/2024-07_central_nsq.pdf,46,pdf,decoy,False,qr_scan,,
P03412,D034290,B005889,24-XLS-010,24-XLS-010,data/raw/cdsco_alerts/state/2025-01_state_nsq.pdf,67,pdf,exact,True,qr_scan,,
P03952,D034339,B006076,N400736,N400726,data/raw/cdsco_alerts/central/2025-05_central_nsq.pdf,20,pdf,decoy,False,blank,,
P03236,D034351,B005727,L24BZ08A7,L24BZ08A7,data/raw/cdsco_alerts/central/2024-12_central_nsq.pdf,44,pdf,exact,True,manual,,
P03511,D034361,B005650,AHH1230,AHH0230,data/raw/cdsco_alerts/central/2024-11_central_nsq.pdf,34,pdf,decoy,False,qr_scan,,
P01708,D034400,B005622,3760,3780,data/raw/cdsco_alerts/state/2025-05_state_nsq.pdf,53,pdf,decoy,False,manual,,
P01206,D034420,B006055,ANO43014R,ANO43004R,data/raw/cdsco_alerts/central/2024-04_central_nsq.pdf,22,pdf,decoy,False,manual,,
P02015,D034501,B005753,A23LV060B,A23LV060B,data/raw/cdsco_alerts/combined/2023-12_combined.pdf,49,pdf,blank_batch,True,blank,,
P00545,D034519,B005889,24-XLS-010,24-XLS-010,data/raw/cdsco_alerts/state/2025-01_state_nsq.pdf,67,pdf,noisy,True,manual,,
P01300,D034531,B006024,94DWC64,24DQC64,data/raw/cdsco_alerts/state/2024-12_state_nsq.pdf,51,pdf,decoy,False,qr_scan,,
P01127,D034552,B005982,AST-23303,AST-23303,data/raw/cdsco_alerts/state/2024-12_state_nsq.pdf,4,pdf,exact,True,manual,,
P01163,D034588,B006000,B-22680D,B-22680D,data/raw/cdsco_alerts/central/2024-05_central_nsq.pdf,12,pdf,exact,True,qr_scan,,
P03770,D034641,B005764,06BF2472,03BF2472,data/raw/cdsco_alerts/central/2024-12_central_nsq.pdf,31,pdf,decoy,False,manual,,
P02459,D034666,B005707,VBT2416,VBT2417,data/raw/cdsco_alerts/state/2025-02_state_nsq.pdf,32,pdf,decoy,False,manual,,
P00274,D034777,B005624,22X23002,22X23002,data/raw/cdsco_alerts/central/2024-09_central_nsq.pdf,7,pdf,noisy,True,manual,,
P02851,D034826,B006076,N400736,N400726,data/raw/cdsco_alerts/central/2025-05_central_nsq.pdf,20,pdf,decoy,False,qr_scan,,
P01502,D034830,B005833,CDD23089,CDD23089,data/raw/cdsco_alerts/central/2024-12_central_nsq.pdf,39,pdf,exact,True,qr_scan,,
P00542,D034848,B005979,L2310099,L2310099,data/raw/cdsco_alerts/combined/2024-03_combined.pdf,33,pdf,exact,True,qr_scan,,
P02449,D034886,B005864,LLV-3614,LLT-2614,data/raw/cdsco_alerts/combined/2024-03_combined.pdf,12,pdf,decoy,False,qr_scan,,
P03104,D034957,B005617,IJWX/074,IJWX/074,data/raw/cdsco_alerts/central/2025-03_central_nsq.pdf,14,pdf,exact,True,manual,,
P00065,D035017,B005655,MT-44D33,MT-24D03,data/raw/cdsco_alerts/central/2025-05_central_nsq.pdf,29,pdf,decoy,False,manual,,
P01683,D035047,B005872,43017,43037,data/raw/cdsco_alerts/state/2025-04_state_nsq.pdf,118,pdf,decoy,False,qr_scan,,
P04627,D035217,B005729,23IS10,23IS10,data/raw/cdsco_alerts/central/2025-02_central_nsq.pdf,38,pdf,exact,True,qr_scan,,
P01505,D035229,B005580,16240148D,16240148D,data/raw/cdsco_alerts/central/2024-12_central_nsq.pdf,15,pdf,noisy,True,manual,,
P00966,D035293,B005710,C4093044,C4093044,data/raw/cdsco_alerts/state/2024-11_state_nsq.pdf,54,pdf,exact,True,manual,,
P03313,D035327,B005622,3760,3780,data/raw/cdsco_alerts/state/2025-05_state_nsq.pdf,53,pdf,decoy,False,qr_scan,,
P03087,D035488,B006018,DCBGT-2402,DCBGT-2402,data/raw/cdsco_alerts/state/2024-12_state_nsq.pdf,83,pdf,exact,True,manual,,
P03406,D035510,B005631,LV4210,LV4210,data/raw/cdsco_alerts/central/2025-01_central_nsq.pdf,45,pdf,exact,True,manual,,
P04332,D035522,B005953,LSG-B0656,LSF-B0656,data/raw/cdsco_alerts/state/2025-02_state_nsq.pdf,5,pdf,decoy,False,manual,,
P01553,D035548,B006014,40189,40183,data/raw/cdsco_alerts/central/2024-12_central_nsq.pdf,21,pdf,decoy,False,blank,,
P03378,D035587,B005638,TCYQ-010,TCRM-010,data/raw/cdsco_alerts/central/2024-11_central_nsq.pdf,12,pdf,decoy,False,qr_scan,,
P02370,D035612,B005574,TSF-B5792,TSF-B5792,data/raw/cdsco_alerts/state/2025-05_state_nsq.pdf,108,pdf,exact,True,qr_scan,,
P02230,D035619,B005796,SHL3037,SHL3037,data/raw/cdsco_alerts/central/2024-09_central_nsq.pdf,45,pdf,exact,True,qr_scan,,
P03308,D035719,B005809,RP-06,RP-04,data/raw/cdsco_alerts/central/2025-01_central_nsq.pdf,7,pdf,decoy,False,qr_scan,,
P02898,D035755,B006023,24DQC64,24DQC64,data/raw/cdsco_alerts/state/2024-12_state_nsq.pdf,51,pdf,exact,True,manual,,
P03143,D035805,B006023,24DQC64,24DQC64,data/raw/cdsco_alerts/state/2024-12_state_nsq.pdf,51,pdf,noisy,True,manual,,
P00395,D035818,B005771,23L-162,23L-162,data/raw/cdsco_alerts/state/2024-12_state_nsq.pdf,54,pdf,noisy,True,manual,,
P04399,D035820,B005989,CP04854,CP04854,data/raw/cdsco_alerts/combined/2023-12_combined.pdf,11,pdf,exact,True,manual,,
P00030,D035825,B005568,ST-223,ST-223,data/raw/cdsco_alerts/central/2024-06_central_nsq.pdf,26,pdf,exact,True,qr_scan,,
P03143,D035876,B005846,LMT240387,LMT240387,data/raw/cdsco_alerts/central/2024-08_central_nsq.pdf,39,pdf,noisy,True,manual,,
P01008,D036012,B005740,TSF-B1689,TSF-B1689,data/raw/cdsco_alerts/combined/2024-02_combined.pdf,54,pdf,exact,True,manual,,
P01194,D036040,B005558,1I245476,1I245476,data/raw/cdsco_alerts/central/2025-04_central_nsq.pdf,24,pdf,noisy,True,manual,B,False
P01314,D036078,B005809,RP-06,RP-04,data/raw/cdsco_alerts/central/2025-01_central_nsq.pdf,7,pdf,decoy,False,manual,,
P00423,D036081,B005606,A2402-07F,C2402-02F,data/raw/cdsco_alerts/central/2024-05_central_nsq.pdf,39,pdf,decoy,False,qr_scan,,
P04993,D036141,B005558,1I245476,1I245476,data/raw/cdsco_alerts/central/2025-04_central_nsq.pdf,24,pdf,exact,True,manual,B,False
P02781,D036168,B005670,L-24022,L-24022,data/raw/cdsco_alerts/central/2024-11_central_nsq.pdf,38,pdf,exact,True,qr_scan,,
P00423,D036311,B006079,OEL-24067,ONL-24067,data/raw/cdsco_alerts/state/2024-11_state_nsq.pdf,69,pdf,decoy,False,qr_scan,,
P03407,D036337,B005887,73UJ82,23UJ85,data/raw/cdsco_alerts/central/2024-04_central_nsq.pdf,9,pdf,decoy,False,manual,,
P03829,D036374,B005846,LMT240387,LMT240387,data/raw/cdsco_alerts/central/2024-08_central_nsq.pdf,39,pdf,exact,True,qr_scan,,
P04460,D036409,B006059,MA 24E27,MA 24E27,data/raw/cdsco_alerts/state/2024-10_state_nsq.pdf,26,pdf,exact,True,qr_scan,,
P00643,D036426,B005867,MO24H22,MO24H22,data/raw/cdsco_alerts/central/2025-04_central_nsq.pdf,3,pdf,exact,True,qr_scan,,
P03618,D036468,B005889,24-XLS-010,24-XLS-010,data/raw/cdsco_alerts/state/2025-01_state_nsq.pdf,67,pdf,exact,True,manual,,
P00662,D036484,B005625,22X23862,22X23002,data/raw/cdsco_alerts/central/2024-09_central_nsq.pdf,7,pdf,decoy,False,manual,,
P00662,D036487,B005659,RD270037,RD220037,data/raw/cdsco_alerts/combined/2023-12_combined.pdf,72,pdf,decoy,False,qr_scan,,
P04677,D036492,B005848,WHL-01715,WHL-01715,data/raw/cdsco_alerts/combined/2024-02_combined.pdf,30,pdf,exact,True,qr_scan,,
P02091,D036575,B005558,1I245476,1I245476,data/raw/cdsco_alerts/central/2025-04_central_nsq.pdf,24,pdf,exact,True,qr_scan,B,False
P00739,D036588,B005664,PA022415,PA022415,data/raw/cdsco_alerts/central/2024-09_central_nsq.pdf,37,pdf,blank_batch,True,blank,,
P01618,D036649,B005731,UD6C-23409E,UD2C-23469E,data/raw/cdsco_alerts/central/2024-10_central_nsq.pdf,24,pdf,decoy,False,qr_scan,,
P04645,D036708,B005740,TSF-B1689,TSF-B1689,data/raw/cdsco_alerts/combined/2024-02_combined.pdf,54,pdf,exact,True,qr_scan,,
P03354,D036755,B005877,7704,7704,data/raw/cdsco_alerts/combined/2024-03_combined.pdf,8,pdf,exact,True,qr_scan,,
P03121,D036809,B005600,E24020A,E24020A,data/raw/cdsco_alerts/state/2025-06_state_nsq.pdf,121,pdf,noisy,True,manual,,
P02714,D036905,B005849,WHL-81785,WHL-01715,data/raw/cdsco_alerts/combined/2024-02_combined.pdf,30,pdf,decoy,False,qr_scan,,
P03347,D037040,B005745,PS-2304,BS-2303,data/raw/cdsco_alerts/combined/2023-12_combined.pdf,30,pdf,decoy,False,qr_scan,,
P04357,D037140,B006022,AT-710,AT-110,data/raw/cdsco_portal/json/2025-07_all_nsq.json,91,portal,decoy,False,qr_scan,,
P01588,D037151,B005707,VBT2416,VBT2417,data/raw/cdsco_alerts/state/2025-02_state_nsq.pdf,32,pdf,decoy,False,qr_scan,,
P04921,D037259,B005609,KP247236,KP247236,data/raw/cdsco_alerts/central/2024-07_central_nsq.pdf,7,pdf,exact,True,qr_scan,,
P00662,D037296,B005558,1I245476,1I245476,data/raw/cdsco_alerts/central/2025-04_central_nsq.pdf,24,pdf,noisy,True,manual,B,False
P03749,D037371,B005569,ST-023,ST-223,data/raw/cdsco_alerts/central/2024-06_central_nsq.pdf,26,pdf,decoy,False,qr_scan,,
P01998,D037527,B005948,MZTM26002,MZTJ23002,data/raw/cdsco_alerts/combined/2024-01_combined.pdf,30,pdf,decoy,False,manual,,
P01475,D037550,B005719,TPK25018,TPD24018,data/raw/cdsco_alerts/central/2025-03_central_nsq.pdf,31,pdf,decoy,False,blank,,
P04568,D037608,B005771,23L-162,23L-162,data/raw/cdsco_alerts/state/2024-12_state_nsq.pdf,54,pdf,exact,True,qr_scan,,
P03138,D037624,B005592,AFL291485,AFL241415,data/raw/cdsco_alerts/central/2025-02_central_nsq.pdf,40,pdf,decoy,False,manual,,
P04401,D037674,B005797,SHL5237,SHL3037,data/raw/cdsco_alerts/central/2024-09_central_nsq.pdf,45,pdf,decoy,False,qr_scan,,
P04793,D037697,B006029,BXE064,BXE064,data/raw/cdsco_alerts/combined/2024-01_combined.pdf,7,pdf,noisy,True,manual,,
P01951,D037699,B005770,A24155L,A24105K,data/raw/cdsco_alerts/central/2025-03_central_nsq.pdf,45,pdf,decoy,False,manual,,
P00109,D037716,B005939,E4B0148,E4B0148,data/raw/cdsco_portal/json/2025-07_all_nsq.json,73,portal,exact,True,manual,,
P04365,D037779,B005983,AST-53003,AST-23303,data/raw/cdsco_alerts/state/2024-12_state_nsq.pdf,4,pdf,decoy,False,qr_scan,,
P04115,D037882,B005764,06BF2472,03BF2472,data/raw/cdsco_alerts/central/2024-12_central_nsq.pdf,31,pdf,decoy,False,manual,,
P01837,D037940,B005619,HIHE23028A,HIHE23028A,data/raw/cdsco_alerts/central/2024-08_central_nsq.pdf,14,pdf,noisy,True,manual,,
P02758,D038022,B006098,CSP23001,CSP23001,data/raw/cdsco_alerts/state/2025-01_state_nsq.pdf,59,pdf,noisy,True,manual,,
P01476,D038098,B005624,22X23002,22X23002,data/raw/cdsco_alerts/central/2024-09_central_nsq.pdf,7,pdf,exact,True,manual,,
P03351,D038162,B005570,L3352301A,L3352301A,data/raw/cdsco_alerts/combined/2024-02_combined.pdf,8,pdf,exact,True,qr_scan,,
P02561,D038217,B005657,J41779,F41799,data/raw/cdsco_alerts/central/2025-02_central_nsq.pdf,11,pdf,decoy,False,blank,,
P03124,D038253,B006086,TE3016A,TE3016A,data/raw/cdsco_alerts/central/2024-05_central_nsq.pdf,11,pdf,exact,True,qr_scan,,
P01723,D038267,B005833,CDD23089,CDD23089,data/raw/cdsco_alerts/central/2024-12_central_nsq.pdf,39,pdf,exact,True,qr_scan,,
P04573,D038329,B005667,03BF1734,03BF1734,data/raw/cdsco_alerts/central/2024-07_central_nsq.pdf,27,pdf,exact,True,qr_scan,,
P04573,D038341,B006029,BXE064,BXE064,data/raw/cdsco_alerts/combined/2024-01_combined.pdf,7,pdf,blank_batch,True,blank,,
P01013,D038348,B005682,251TTF011,251TTF011,data/raw/cdsco_alerts/central/2024-08_central_nsq.pdf,44,pdf,exact,True,qr_scan,,
P03326,D038426,B006001,B-22080D,B-22680D,data/raw/cdsco_alerts/central/2024-05_central_nsq.pdf,12,pdf,decoy,False,manual,,
P00818,D038452,B005642,V23146,V23146,data/raw/cdsco_alerts/combined/2024-03_combined.pdf,2,pdf,exact,True,manual,,
P03950,D038507,B005982,AST-23303,AST-23303,data/raw/cdsco_alerts/state/2024-12_state_nsq.pdf,4,pdf,exact,True,manual,,
P04205,D038522,B005886,23UJ85,23UJ85,data/raw/cdsco_alerts/central/2024-04_central_nsq.pdf,9,pdf,exact,True,qr_scan,,
P02666,D038580,B005984,MT-2232,MT-2232,data/raw/cdsco_alerts/combined/2023-12_combined.pdf,16,pdf,exact,True,qr_scan,,
P03804,D038680,B005759,A24AM130,A24AM130,data/raw/cdsco_alerts/state/2024-12_state_nsq.pdf,39,pdf,exact,True,qr_scan,,
P01076,D038753,B005622,3760,3780,data/raw/cdsco_alerts/state/2025-05_state_nsq.pdf,53,pdf,decoy,False,qr_scan,,
P02923,D038767,B005720,240603,240603,data/raw/cdsco_alerts/state/2024-12_state_nsq.pdf,29,pdf,exact,True,qr_scan,,
P00418,D038797,B006085,QL0606,QL0606,data/raw/cdsco_alerts/state/2025-04_state_nsq.pdf,119,pdf,exact,True,qr_scan,,
P04230,D038802,B005654,MT-24D03,MT-24D03,data/raw/cdsco_alerts/central/2025-05_central_nsq.pdf,29,pdf,exact,True,qr_scan,,
P03689,D038829,B005795,HBD 2403,HBD 2403,data/raw/cdsco_alerts/central/2025-01_central_nsq.pdf,11,pdf,exact,True,manual,,
P03018,D038843,B005591,AFL241415,AFL241415,data/raw/cdsco_alerts/central/2025-02_central_nsq.pdf,40,pdf,exact,True,qr_scan,,
P02912,D038879,B005895,NHD24207M,NHD24207C,data/raw/cdsco_alerts/state/2025-05_state_nsq.pdf,116,pdf,decoy,False,manual,,
P01681,D038961,B005651,LMT240263,LMT240263,data/raw/cdsco_alerts/central/2024-05_central_nsq.pdf,37,pdf,exact,True,qr_scan,,
P03923,D038988,B005998,724-37,724-37,data/raw/cdsco_alerts/central/2025-02_central_nsq.pdf,34,pdf,exact,True,qr_scan,,
P04865,D039018,B005818,UF2184145C,UF2184145C,data/raw/cdsco_alerts/central/2024-07_central_nsq.pdf,56,pdf,exact,True,qr_scan,,
P02268,D039055,B005712,HUAA46,HUAA46,data/raw/cdsco_alerts/state/2024-12_state_nsq.pdf,64,pdf,exact,True,qr_scan,,
P01318,D039060,B005771,23L-162,23L-162,data/raw/cdsco_alerts/state/2024-12_state_nsq.pdf,54,pdf,exact,True,qr_scan,,
P03825,D039096,B005706,VBT2417,VBT2417,data/raw/cdsco_alerts/state/2025-02_state_nsq.pdf,32,pdf,noisy,True,manual,,
P04681,D039105,B006090,T-21172,T-21172,data/raw/cdsco_portal/json/2025-07_all_nsq.json,30,portal,exact,True,manual,,
P03680,D039122,B005867,MO24H22,MO24H22,data/raw/cdsco_alerts/central/2025-04_central_nsq.pdf,3,pdf,blank_batch,True,blank,,
P01694,D039167,B005823,23101006A,23101006A,data/raw/cdsco_alerts/central/2024-11_central_nsq.pdf,14,pdf,noisy,True,manual,,
P02367,D039262,B005904,TX-17798,TX-17798,data/raw/cdsco_alerts/central/2024-08_central_nsq.pdf,6,pdf,exact,True,manual,,
P02218,D039289,B006028,GAG0628,GAG0628,data/raw/cdsco_alerts/central/2024-07_central_nsq.pdf,36,pdf,noisy,True,manual,,
P00618,D039342,B006022,AT-710,AT-110,data/raw/cdsco_portal/json/2025-07_all_nsq.json,91,portal,decoy,False,manual,,
P00437,D039360,B006079,OEL-24067,ONL-24067,data/raw/cdsco_alerts/state/2024-11_state_nsq.pdf,69,pdf,decoy,False,qr_scan,,
P02111,D039415,B006096,QL0652,QL0602,data/raw/cdsco_alerts/state/2025-04_state_nsq.pdf,120,pdf,decoy,False,blank,,
P04453,D039431,B005744,BS-2303,BS-2303,data/raw/cdsco_alerts/combined/2023-12_combined.pdf,30,pdf,exact,True,qr_scan,,
P00123,D039445,B005592,AFL291485,AFL241415,data/raw/cdsco_alerts/central/2025-02_central_nsq.pdf,40,pdf,decoy,False,qr_scan,,
P03689,D039455,B005983,AST-53003,AST-23303,data/raw/cdsco_alerts/state/2024-12_state_nsq.pdf,4,pdf,decoy,False,manual,,
P01984,D039473,B005925,CHT23725,CHT23725,data/raw/cdsco_alerts/state/2025-04_state_nsq.pdf,123,pdf,exact,True,qr_scan,,
P01984,D039474,B006010,PGO23118,PGY23118,data/raw/cdsco_alerts/state/2024-12_state_nsq.pdf,62,pdf,decoy,False,qr_scan,,
P04671,D039514,B005849,WHL-81785,WHL-01715,data/raw/cdsco_alerts/combined/2024-02_combined.pdf,30,pdf,decoy,False,qr_scan,,
P03600,D039596,B005625,22X23862,22X23002,data/raw/cdsco_alerts/central/2024-09_central_nsq.pdf,7,pdf,decoy,False,manual,,
P00212,D039617,B005758,JL-231243,JL-231248,data/raw/cdsco_alerts/central/2024-04_central_nsq.pdf,11,pdf,decoy,False,qr_scan,,
P00212,D039618,B006006,23051903,23051903,data/raw/cdsco_alerts/central/2025-04_central_nsq.pdf,39,pdf,exact,True,qr_scan,,
P04910,D039646,B005712,HUAA46,HUAA46,data/raw/cdsco_alerts/state/2024-12_state_nsq.pdf,64,pdf,exact,True,manual,,
P01843,D039679,B005848,WHL-01715,WHL-01715,data/raw/cdsco_alerts/combined/2024-02_combined.pdf,30,pdf,exact,True,manual,,
P00057,D039802,B005754,A29LV060B,A23LV060B,data/raw/cdsco_alerts/combined/2023-12_combined.pdf,49,pdf,decoy,False,blank,,
P03362,D039856,B005902,SOD-2470,SOD-2470,data/raw/cdsco_alerts/state/2025-02_state_nsq.pdf,53,pdf,exact,True,manual,,
P03118,D039924,B005886,23UJ85,23UJ85,data/raw/cdsco_alerts/central/2024-04_central_nsq.pdf,9,pdf,exact,True,qr_scan,,
P01831,D039925,B005635,TA24036,TA24036,data/raw/cdsco_alerts/state/2024-12_state_nsq.pdf,56,pdf,exact,True,manual,,
P01885,D039948,B005916,T24/013A,T24/013A,data/raw/cdsco_alerts/state/2025-03_state_nsq.pdf,13,pdf,exact,True,qr_scan,,
P03546,D039985,B006053,LWLS-2022,LWLS-2022,data/raw/cdsco_alerts/state/2025-06_state_nsq.pdf,61,pdf,exact,True,qr_scan,,
P01202,D039996,B005650,AHH1230,AHH0230,data/raw/cdsco_alerts/central/2024-11_central_nsq.pdf,34,pdf,decoy,False,qr_scan,,
P04439,D040030,B005712,HUAA46,HUAA46,data/raw/cdsco_alerts/state/2024-12_state_nsq.pdf,64,pdf,exact,True,qr_scan,,
P04536,D040081,B005867,MO24H22,MO24H22,data/raw/cdsco_alerts/central/2025-04_central_nsq.pdf,3,pdf,exact,True,qr_scan,,
P03284,D040152,B005889,24-XLS-010,24-XLS-010,data/raw/cdsco_alerts/state/2025-01_state_nsq.pdf,67,pdf,noisy,True,manual,,
P03054,D040228,B005892,PT30119,PT30119,data/raw/cdsco_alerts/central/2024-12_central_nsq.pdf,35,pdf,noisy,True,manual,,
P03101,D040262,B006075,N400726,N400726,data/raw/cdsco_alerts/central/2025-05_central_nsq.pdf,20,pdf,blank_batch,True,blank,,
P01224,D040279,B005886,23UJ85,23UJ85,data/raw/cdsco_alerts/central/2024-04_central_nsq.pdf,9,pdf,blank_batch,True,blank,,
P00149,D040287,B005998,724-37,724-37,data/raw/cdsco_alerts/central/2025-02_central_nsq.pdf,34,pdf,exact,True,manual,,
P02509,D040320,B005864,LLV-3614,LLT-2614,data/raw/cdsco_alerts/combined/2024-03_combined.pdf,12,pdf,decoy,False,blank,,
P00425,D040353,B005983,AST-53003,AST-23303,data/raw/cdsco_alerts/state/2024-12_state_nsq.pdf,4,pdf,decoy,False,manual,,
P00717,D040372,B005715,AS-9057,AS-9057,data/raw/cdsco_alerts/central/2024-08_central_nsq.pdf,30,pdf,exact,True,qr_scan,,
P01230,D040383,B005600,E24020A,E24020A,data/raw/cdsco_alerts/state/2025-06_state_nsq.pdf,121,pdf,exact,True,qr_scan,,
P04003,D040384,B005641,DP4131,DP4111,data/raw/cdsco_portal/json/2025-07_all_nsq.json,19,portal,decoy,False,qr_scan,,
P01230,D040386,B005765,MO24H27,MO24H27,data/raw/cdsco_alerts/central/2025-04_central_nsq.pdf,1,pdf,blank_batch,True,blank,,
P01230,D040387,B005600,E24020A,E24020A,data/raw/cdsco_alerts/state/2025-06_state_nsq.pdf,121,pdf,noisy,True,manual,,
P02827,D040427,B005990,I213109,I213109,data/raw/cdsco_alerts/combined/2024-02_combined.pdf,50,pdf,exact,True,qr_scan,,
P03951,D040457,B005879,LLMS-063,LLMS-063,data/raw/cdsco_alerts/state/2025-04_state_nsq.pdf,34,pdf,exact,True,qr_scan,,
P00947,D040467,B006008,IGFJ332,IGMJ330,data/raw/cdsco_alerts/central/2024-09_central_nsq.pdf,14,pdf,decoy,False,manual,,
P03406,D040474,B005877,7704,7704,data/raw/cdsco_alerts/combined/2024-03_combined.pdf,8,pdf,blank_batch,True,blank,,
P00947,D040506,B005842,CCT247536,CCT241576,data/raw/cdsco_portal/json/2025-07_all_nsq.json,14,portal,decoy,False,qr_scan,,
P03008,D040560,B005591,AFL241415,AFL241415,data/raw/cdsco_alerts/central/2025-02_central_nsq.pdf,40,pdf,exact,True,manual,,
P03113,D040588,B005877,7704,7704,data/raw/cdsco_alerts/combined/2024-03_combined.pdf,8,pdf,exact,True,manual,,
P04836,D040592,B005749,NTD0203,NTD0203,data/raw/cdsco_alerts/central/2024-08_central_nsq.pdf,34,pdf,blank_batch,True,blank,,
P02181,D040623,B005581,16241548D,16240148D,data/raw/cdsco_alerts/central/2024-12_central_nsq.pdf,15,pdf,decoy,False,manual,,
P04814,D040644,B005949,MV24B35,MV24B35,data/raw/cdsco_alerts/central/2025-03_central_nsq.pdf,36,pdf,blank_batch,True,blank,,
P01423,D040733,B005580,16240148D,16240148D,data/raw/cdsco_alerts/central/2024-12_central_nsq.pdf,15,pdf,exact,True,qr_scan,,
P01922,D040757,B005770,A24155L,A24105K,data/raw/cdsco_alerts/central/2025-03_central_nsq.pdf,45,pdf,decoy,False,qr_scan,,
P04881,D040779,B005772,23L-185,23L-162,data/raw/cdsco_alerts/state/2024-12_state_nsq.pdf,54,pdf,decoy,False,manual,,
P04881,D040800,B005849,WHL-81785,WHL-01715,data/raw/cdsco_alerts/combined/2024-02_combined.pdf,30,pdf,decoy,False,manual,,
P04269,D040885,B006001,B-22080D,B-22680D,data/raw/cdsco_alerts/central/2024-05_central_nsq.pdf,12,pdf,decoy,False,qr_scan,,
P00323,D040925,B005815,GG202014,GG204014,data/raw/cdsco_alerts/state/2025-04_state_nsq.pdf,96,pdf,decoy,False,qr_scan,,
P01243,D040966,B005711,C4493044,C4093044,data/raw/cdsco_alerts/state/2024-11_state_nsq.pdf,54,pdf,decoy,False,qr_scan,,
P02045,D041173,B006007,IGMJ330,IGMJ330,data/raw/cdsco_alerts/central/2024-09_central_nsq.pdf,14,pdf,blank_batch,True,blank,,
P03992,D041185,B005841,CCT241576,CCT241576,data/raw/cdsco_portal/json/2025-07_all_nsq.json,14,portal,exact,True,qr_scan,,
P01193,D041246,B005654,MT-24D03,MT-24D03,data/raw/cdsco_alerts/central/2025-05_central_nsq.pdf,29,pdf,exact,True,qr_scan,,
P03268,D041264,B005911,RT220512,RT220512,data/raw/cdsco_alerts/combined/2024-02_combined.pdf,53,pdf,exact,True,qr_scan,,
P00134,D041290,B005737,THZ3103,YSZ3103,data/raw/cdsco_alerts/combined/2023-12_combined.pdf,25,pdf,decoy,False,qr_scan,,
P02900,D041326,B005681,TSF-C0166,TSF-C0116,data/raw/cdsco_alerts/central/2025-04_central_nsq.pdf,35,pdf,decoy,False,manual,,
P04510,D041375,B006004,2304104,2304104,data/raw/cdsco_alerts/combined/2023-12_combined.pdf,57,pdf,blank_batch,True,blank,,
P03125,D041450,B005739,TC-3277005,TC-3270005,data/raw/cdsco_alerts/central/2024-11_central_nsq.pdf,15,pdf,decoy,False,manual,,
P02326,D041469,B005857,TYOL-047,TYOL-047,data/raw/cdsco_alerts/state/2024-12_state_nsq.pdf,81,pdf,exact,True,qr_scan,,
P01745,D041515,B005816,SEL2401,SEL2401,data/raw/cdsco_alerts/state/2025-01_state_nsq.pdf,36,pdf,noisy,True,manual,,
P02952,D041524,B005988,AT-052410,AT-052410,data/raw/cdsco_alerts/state/2025-05_state_nsq.pdf,92,pdf,blank_batch,True,blank,,
P04255,D041527,B006068,5257123,5230123,data/raw/cdsco_alerts/state/2024-06_state_nsq.pdf,8,pdf,decoy,False,manual,,
P00517,D041553,B005857,TYOL-047,TYOL-047,data/raw/cdsco_alerts/state/2024-12_state_nsq.pdf,81,pdf,exact,True,qr_scan,,
P03447,D041558,B005926,CHT23735,CHT23725,data/raw/cdsco_alerts/state/2025-04_state_nsq.pdf,123,pdf,decoy,False,blank,,
P00080,D041692,B005952,LSF-B0656,LSF-B0656,data/raw/cdsco_alerts/state/2025-02_state_nsq.pdf,5,pdf,exact,True,manual,,
P02090,D041713,B005815,GG202014,GG204014,data/raw/cdsco_alerts/state/2025-04_state_nsq.pdf,96,pdf,decoy,False,blank,,
P01749,D041721,B005681,TSF-C0166,TSF-C0116,data/raw/cdsco_alerts/central/2025-04_central_nsq.pdf,35,pdf,decoy,False,qr_scan,,
P04738,D041805,B005886,23UJ85,23UJ85,data/raw/cdsco_alerts/central/2024-04_central_nsq.pdf,9,pdf,exact,True,manual,,
P00625,D041878,B005922,2511723,2511723,data/raw/cdsco_alerts/state/2025-06_state_nsq.pdf,6,pdf,exact,True,qr_scan,,
P04709,D041938,B005810,04BF0660,04BF0660,data/raw/cdsco_alerts/state/2025-06_state_nsq.pdf,14,pdf,noisy,True,manual,,
P03409,D041996,B005870,ZS-2405,ZS-2405,data/raw/cdsco_alerts/state/2025-06_state_nsq.pdf,113,pdf,exact,True,manual,,
P03640,D042016,B005652,RMT240263,LMT240263,data/raw/cdsco_alerts/central/2024-05_central_nsq.pdf,37,pdf,decoy,False,manual,,
P00625,D042021,B005844,MT240578,MT240578,data/raw/cdsco_alerts/central/2025-04_central_nsq.pdf,6,pdf,exact,True,qr_scan,,
P03409,D042036,B005821,GTL1313,GTL1313,data/raw/cdsco_alerts/central/2025-03_central_nsq.pdf,41,pdf,exact,True,manual,,
P03409,D042056,B006068,5257123,5230123,data/raw/cdsco_alerts/state/2024-06_state_nsq.pdf,8,pdf,decoy,False,qr_scan,,
P01920,D042183,B005795,HBD 2403,HBD 2403,data/raw/cdsco_alerts/central/2025-01_central_nsq.pdf,11,pdf,blank_batch,True,blank,,
P03529,D042235,B005706,VBT2417,VBT2417,data/raw/cdsco_alerts/state/2025-02_state_nsq.pdf,32,pdf,noisy,True,manual,,
P00911,D042279,B005581,16241548D,16240148D,data/raw/cdsco_alerts/central/2024-12_central_nsq.pdf,15,pdf,decoy,False,manual,,
P04989,D042318,B006059,MA 24E27,MA 24E27,data/raw/cdsco_alerts/state/2024-10_state_nsq.pdf,26,pdf,exact,True,manual,,
P02756,D042447,B006040,MD24E30,MD24E30,data/raw/cdsco_alerts/central/2025-02_central_nsq.pdf,21,pdf,exact,True,qr_scan,,
P03039,D042541,B005945,DYC-24007,DYC-24007,data/raw/cdsco_alerts/central/2025-05_central_nsq.pdf,23,pdf,exact,True,qr_scan,,
P02601,D042566,B006006,23051903,23051903,data/raw/cdsco_alerts/central/2025-04_central_nsq.pdf,39,pdf,exact,True,qr_scan,,
P02193,D042596,B005712,HUAA46,HUAA46,data/raw/cdsco_alerts/state/2024-12_state_nsq.pdf,64,pdf,exact,True,qr_scan,,
P04379,D042604,B005928,EUPN-24004,EXPN-24004,data/raw/cdsco_alerts/central/2024-10_central_nsq.pdf,54,pdf,decoy,False,blank,,
P01971,D042643,B005863,LLT-2614,LLT-2614,data/raw/cdsco_alerts/combined/2024-03_combined.pdf,12,pdf,noisy,True,manual,,
P03191,D042652,B006059,MA 24E27,MA 24E27,data/raw/cdsco_alerts/state/2024-10_state_nsq.pdf,26,pdf,noisy,True,manual,,
P01029,D042668,B005797,SHL5237,SHL3037,data/raw/cdsco_alerts/central/2024-09_central_nsq.pdf,45,pdf,decoy,False,manual,,
P01673,D042742,B005566,LSU2404015,LSU2404015,data/raw/cdsco_alerts/central/2024-10_central_nsq.pdf,15,pdf,noisy,True,manual,,
P04706,D042861,B005753,A23LV060B,A23LV060B,data/raw/cdsco_alerts/combined/2023-12_combined.pdf,49,pdf,exact,True,qr_scan,,
P01407,D042874,B006076,N400736,N400726,data/raw/cdsco_alerts/central/2025-05_central_nsq.pdf,20,pdf,decoy,False,qr_scan,,
P00554,D042889,B005927,EXPN-24004,EXPN-24004,data/raw/cdsco_alerts/central/2024-10_central_nsq.pdf,54,pdf,noisy,True,manual,,
P01320,D042916,B005817,SEB2401,SEL2401,data/raw/cdsco_alerts/state/2025-01_state_nsq.pdf,36,pdf,decoy,False,manual,,
P02308,D042963,B005560,YCRE23010,YCRE23010,data/raw/cdsco_portal/json/2025-07_all_nsq.json,41,portal,noisy,True,manual,,
P00554,D042966,B005819,UF9184145Z,UF2184145C,data/raw/cdsco_alerts/central/2024-07_central_nsq.pdf,56,pdf,decoy,False,manual,,
P02502,D042982,B005845,MT245578,MT240578,data/raw/cdsco_alerts/central/2025-04_central_nsq.pdf,6,pdf,decoy,False,qr_scan,,
P01482,D043025,B005991,MO24H21,MO24H21,data/raw/cdsco_alerts/central/2025-04_central_nsq.pdf,2,pdf,noisy,True,manual,,
P02679,D043070,B006052,AOT244-07B,AOT244-00B,data/raw/cdsco_alerts/central/2025-04_central_nsq.pdf,31,pdf,decoy,False,manual,,
P03631,D043102,B005670,L-24022,L-24022,data/raw/cdsco_alerts/central/2024-11_central_nsq.pdf,38,pdf,exact,True,qr_scan,,
P00007,D043121,B005823,23101006A,23101006A,data/raw/cdsco_alerts/central/2024-11_central_nsq.pdf,14,pdf,blank_batch,True,blank,,
P02725,D043135,B005849,WHL-81785,WHL-01715,data/raw/cdsco_alerts/combined/2024-02_combined.pdf,30,pdf,decoy,False,qr_scan,,
P02438,D043207,B005637,TCRM-010,TCRM-010,data/raw/cdsco_alerts/central/2024-11_central_nsq.pdf,12,pdf,exact,True,manual,,
P03389,D043210,B005779,MA26G125,MA24G125,data/raw/cdsco_portal/json/2025-07_all_nsq.json,63,portal,decoy,False,manual,,
P01807,D043247,B005622,3760,3780,data/raw/cdsco_alerts/state/2025-05_state_nsq.pdf,53,pdf,decoy,False,manual,,
P01969,D043267,B006003,AD27759,AD24059,data/raw/cdsco_alerts/central/2024-05_central_nsq.pdf,23,pdf,decoy,False,qr_scan,,
P00142,D043319,B005763,03BF2472,03BF2472,data/raw/cdsco_alerts/central/2024-12_central_nsq.pdf,31,pdf,exact,True,qr_scan,,
P00256,D043334,B005972,BE0O,BL0l,data/raw/cdsco_alerts/state/2025-05_state_nsq.pdf,93,pdf,decoy,False,qr_scan,,
P01220,D043452,B006078,ONL-24067,ONL-24067,data/raw/cdsco_alerts/state/2024-11_state_nsq.pdf,69,pdf,exact,True,manual,,
P01598,D043470,B006045,CE4019,CE4019,data/raw/cdsco_alerts/state/2025-01_state_nsq.pdf,86,pdf,exact,True,qr_scan,,
P01598,D043493,B005670,L-24022,L-24022,data/raw/cdsco_alerts/central/2024-11_central_nsq.pdf,38,pdf,exact,True,manual,,
P02122,D043519,B005725,MV24Y36,MV24B36,data/raw/cdsco_alerts/central/2025-06_central_nsq.pdf,9,pdf,decoy,False,qr_scan,,
P01598,D043550,B005762,CLT-284J,CLT-214A,data/raw/cdsco_alerts/central/2025-06_central_nsq.pdf,22,pdf,decoy,False,manual,,
P00205,D043584,B005605,C2402-02F,C2402-02F,data/raw/cdsco_alerts/central/2024-05_central_nsq.pdf,39,pdf,exact,True,qr_scan,,
P00236,D043610,B005742,SCI-2305,SCI-2305,data/raw/cdsco_alerts/state/2025-01_state_nsq.pdf,44,pdf,exact,True,qr_scan,,
P03815,D043714,B005674,R-240327,R-240327,data/raw/cdsco_alerts/state/2025-05_state_nsq.pdf,106,pdf,exact,True,manual,,
P01922,D043745,B006095,QL0602,QL0602,data/raw/cdsco_alerts/state/2025-04_state_nsq.pdf,120,pdf,exact,True,qr_scan,,
P01514,D043787,B005918,TA24035,TA24035,data/raw/cdsco_alerts/state/2024-11_state_nsq.pdf,52,pdf,blank_batch,True,blank,,
P02516,D043808,B006003,AD27759,AD24059,data/raw/cdsco_alerts/central/2024-05_central_nsq.pdf,23,pdf,decoy,False,qr_scan,,
P01591,D043821,B005880,LLMW-063,LLMS-063,data/raw/cdsco_alerts/state/2025-04_state_nsq.pdf,34,pdf,decoy,False,manual,,
P01952,D043891,B005742,SCI-2305,SCI-2305,data/raw/cdsco_alerts/state/2025-01_state_nsq.pdf,44,pdf,exact,True,manual,,
P00346,D044025,B005763,03BF2472,03BF2472,data/raw/cdsco_alerts/central/2024-12_central_nsq.pdf,31,pdf,exact,True,qr_scan,,
P03451,D044032,B005756,RD216003,RD230003,data/raw/cdsco_alerts/combined/2024-01_combined.pdf,45,pdf,decoy,False,manual,,
P01002,D044059,B006028,GAG0628,GAG0628,data/raw/cdsco_alerts/central/2024-07_central_nsq.pdf,36,pdf,exact,True,qr_scan,,
P01023,D044133,B005837,IBT23068,MBT23068,data/raw/cdsco_alerts/central/2024-10_central_nsq.pdf,50,pdf,decoy,False,manual,,
P03806,D044201,B005591,AFL241415,AFL241415,data/raw/cdsco_alerts/central/2025-02_central_nsq.pdf,40,pdf,exact,True,qr_scan,,
P03171,D044204,B005754,A29LV060B,A23LV060B,data/raw/cdsco_alerts/combined/2023-12_combined.pdf,49,pdf,decoy,False,qr_scan,,
P03755,D044217,B005787,PAR-31,PAR-31,data/raw/cdsco_alerts/central/2024-05_central_nsq.pdf,22,pdf,exact,True,qr_scan,,
P04833,D044230,B005673,STYO-0203,STRO-0103,data/raw/cdsco_alerts/combined/2023-12_combined.pdf,45,pdf,decoy,False,manual,,
P03579,D044302,B005767,T242704,T242704,data/raw/cdsco_portal/json/2025-07_all_nsq.json,26,portal,exact,True,manual,,
P03182,D044307,B005656,F41799,F41799,data/raw/cdsco_alerts/central/2025-02_central_nsq.pdf,11,pdf,exact,True,manual,,
P02733,D044328,B005644,T24/378A,T24/018A,data/raw/cdsco_alerts/state/2025-04_state_nsq.pdf,18,pdf,decoy,False,manual,,
P02932,D044332,B005905,TB-17098,TX-17798,data/raw/cdsco_alerts/central/2024-08_central_nsq.pdf,6,pdf,decoy,False,manual,,
P04266,D044334,B005585,MC-24229,MC-24229,data/raw/cdsco_alerts/central/2025-03_central_nsq.pdf,13,pdf,noisy,True,manual,,
P01602,D044346,B005997,DQ240126,DB240126,data/raw/cdsco_alerts/state/2024-10_state_nsq.pdf,4,pdf,decoy,False,qr_scan,,
P01330,D044388,B005591,AFL241415,AFL241415,data/raw/cdsco_alerts/central/2025-02_central_nsq.pdf,40,pdf,exact,True,qr_scan,,
P03175,D044411,B005925,CHT23725,CHT23725,data/raw/cdsco_alerts/state/2025-04_state_nsq.pdf,123,pdf,noisy,True,manual,,
P04815,D044471,B005919,TA28085,TA24035,data/raw/cdsco_alerts/state/2024-11_state_nsq.pdf,52,pdf,decoy,False,qr_scan,,
P04093,D044474,B006075,N400726,N400726,data/raw/cdsco_alerts/central/2025-05_central_nsq.pdf,20,pdf,exact,True,manual,,
P02438,D044595,B006081,45PSA138,45PSA138,data/raw/cdsco_alerts/state/2025-05_state_nsq.pdf,12,pdf,exact,True,manual,,
P03165,D044603,B005566,LSU2404015,LSU2404015,data/raw/cdsco_alerts/central/2024-10_central_nsq.pdf,15,pdf,exact,True,manual,,
P00828,D044615,B005786,VLB-GT-2200,VLB-GT-2500,data/raw/cdsco_alerts/central/2025-02_central_nsq.pdf,31,pdf,decoy,False,manual,,
P01324,D044640,B005835,PPTC082,PPTC082,data/raw/cdsco_alerts/state/2025-04_state_nsq.pdf,122,pdf,blank_batch,True,blank,,
P04686,D044655,B005730,UD2C-23469E,UD2C-23469E,data/raw/cdsco_alerts/central/2024-10_central_nsq.pdf,24,pdf,blank_batch,True,blank,,
P00036,D044689,B006003,AD27759,AD24059,data/raw/cdsco_alerts/central/2024-05_central_nsq.pdf,23,pdf,decoy,False,qr_scan,,
P02615,D044718,B006051,AOT244-00B,AOT244-00B,data/raw/cdsco_alerts/central/2025-04_central_nsq.pdf,31,pdf,noisy,True,manual,,
P00036,D044747,B005700,MLHT-1022,MLHT-1022,data/raw/cdsco_alerts/state/2024-10_state_nsq.pdf,25,pdf,blank_batch,True,blank,,
P03299,D044797,B005835,PPTC082,PPTC082,data/raw/cdsco_alerts/state/2025-04_state_nsq.pdf,122,pdf,noisy,True,manual,,
P01629,D044870,B005684,XMHD-001,XMSD-001,data/raw/cdsco_alerts/combined/2024-02_combined.pdf,2,pdf,decoy,False,qr_scan,,
P01410,D044871,B005836,MBT23068,MBT23068,data/raw/cdsco_alerts/central/2024-10_central_nsq.pdf,50,pdf,exact,True,qr_scan,,
P01616,D044892,B005656,F41799,F41799,data/raw/cdsco_alerts/central/2025-02_central_nsq.pdf,11,pdf,exact,True,manual,,
P02298,D044905,B005772,23L-185,23L-162,data/raw/cdsco_alerts/state/2024-12_state_nsq.pdf,54,pdf,decoy,False,qr_scan,,
P02444,D044971,B005654,MT-24D03,MT-24D03,data/raw/cdsco_alerts/central/2025-05_central_nsq.pdf,29,pdf,blank_batch,True,blank,,
P01942,D045024,B005854,AGI-23107,AGI-23107,data/raw/cdsco_alerts/combined/2023-12_combined.pdf,48,pdf,exact,True,qr_scan,,
P01942,D045031,B005915,MHBT/23/038,MHBT/23/038,data/raw/cdsco_alerts/combined/2023-12_combined.pdf,9,pdf,exact,True,qr_scan,,
P01001,D045067,B005670,L-24022,L-24022,data/raw/cdsco_alerts/central/2024-11_central_nsq.pdf,38,pdf,exact,True,manual,,
P00946,D045080,B005696,PXT123F02,PXT123F02,data/raw/cdsco_alerts/state/2025-04_state_nsq.pdf,107,pdf,exact,True,manual,,
P02443,D045089,B005644,T24/378A,T24/018A,data/raw/cdsco_alerts/state/2025-04_state_nsq.pdf,18,pdf,decoy,False,blank,,
P04243,D045117,B005863,LLT-2614,LLT-2614,data/raw/cdsco_alerts/combined/2024-03_combined.pdf,12,pdf,noisy,True,manual,,
P04632,D045230,B005722,UGT231163,UGT231163,data/raw/cdsco_alerts/central/2025-01_central_nsq.pdf,28,pdf,noisy,True,manual,,
P04524,D045242,B005864,LLV-3614,LLT-2614,data/raw/cdsco_alerts/combined/2024-03_combined.pdf,12,pdf,decoy,False,qr_scan,,
P03183,D045252,B005662,HLI615F,HLI615F,data/raw/cdsco_alerts/state/2025-01_state_nsq.pdf,50,pdf,noisy,True,manual,,
P01100,D045318,B005849,WHL-81785,WHL-01715,data/raw/cdsco_alerts/combined/2024-02_combined.pdf,30,pdf,decoy,False,manual,,
P04464,D045341,B005768,T241704,T242704,data/raw/cdsco_portal/json/2025-07_all_nsq.json,26,portal,decoy,False,qr_scan,,
P03617,D045344,B005796,SHL3037,SHL3037,data/raw/cdsco_alerts/central/2024-09_central_nsq.pdf,45,pdf,exact,True,qr_scan,,
P02308,D045420,B005577,PIT24708,PGT24708,data/raw/cdsco_portal/json/2025-07_all_nsq.json,80,portal,decoy,False,qr_scan,,
P01503,D045426,B005656,F41799,F41799,data/raw/cdsco_alerts/central/2025-02_central_nsq.pdf,11,pdf,exact,True,qr_scan,,
P03953,D045428,B005945,DYC-24007,DYC-24007,data/raw/cdsco_alerts/central/2025-05_central_nsq.pdf,23,pdf,exact,True,manual,,
P03239,D045451,B005928,EUPN-24004,EXPN-24004,data/raw/cdsco_alerts/central/2024-10_central_nsq.pdf,54,pdf,decoy,False,qr_scan,,
P01006,D045454,B005779,MA26G125,MA24G125,data/raw/cdsco_portal/json/2025-07_all_nsq.json,63,portal,decoy,False,blank,,
P02260,D045500,B005945,DYC-24007,DYC-24007,data/raw/cdsco_alerts/central/2025-05_central_nsq.pdf,23,pdf,noisy,True,manual,,
P03289,D045575,B005890,AL-5770,AL-5770,data/raw/cdsco_alerts/state/2025-05_state_nsq.pdf,69,pdf,exact,True,qr_scan,,
P03289,D045576,B005676,01KF0301,01AF0301,data/raw/cdsco_alerts/state/2025-06_state_nsq.pdf,15,pdf,decoy,False,qr_scan,,
P04474,D045626,B005765,MO24H27,MO24H27,data/raw/cdsco_alerts/central/2025-04_central_nsq.pdf,1,pdf,noisy,True,manual,,
P02035,D045728,B005760,A24CS130,A24AM130,data/raw/cdsco_alerts/state/2024-12_state_nsq.pdf,39,pdf,decoy,False,manual,,
P00543,D045758,B005603,4D40168,4D40168,data/raw/cdsco_alerts/state/2025-04_state_nsq.pdf,8,pdf,exact,True,manual,,
P00314,D045809,B005723,UGT271163,UGT231163,data/raw/cdsco_alerts/central/2025-01_central_nsq.pdf,28,pdf,decoy,False,blank,,
P00592,D045817,B006001,B-22080D,B-22680D,data/raw/cdsco_alerts/central/2024-05_central_nsq.pdf,12,pdf,decoy,False,manual,,
P00027,D045824,B005973,23051901,23051901,data/raw/cdsco_alerts/central/2025-04_central_nsq.pdf,37,pdf,exact,True,qr_scan,,
P03495,D045844,B005670,L-24022,L-24022,data/raw/cdsco_alerts/central/2024-11_central_nsq.pdf,38,pdf,noisy,True,manual,,
P04892,D045871,B006087,PE3046A,TE3016A,data/raw/cdsco_alerts/central/2024-05_central_nsq.pdf,11,pdf,decoy,False,manual,,
P03866,D045882,B005874,MT-23K39,MT-23K36,data/raw/cdsco_alerts/central/2024-07_central_nsq.pdf,46,pdf,decoy,False,manual,,
P01105,D045963,B005762,CLT-284J,CLT-214A,data/raw/cdsco_alerts/central/2025-06_central_nsq.pdf,22,pdf,decoy,False,manual,,
P01763,D046010,B005821,GTL1313,GTL1313,data/raw/cdsco_alerts/central/2025-03_central_nsq.pdf,41,pdf,blank_batch,True,blank,,
P04866,D046013,B005848,WHL-01715,WHL-01715,data/raw/cdsco_alerts/combined/2024-02_combined.pdf,30,pdf,exact,True,manual,,
P00500,D046022,B005810,04BF0660,04BF0660,data/raw/cdsco_alerts/state/2025-06_state_nsq.pdf,14,pdf,exact,True,qr_scan,,
P03618,D046034,B006029,BXE064,BXE064,data/raw/cdsco_alerts/combined/2024-01_combined.pdf,7,pdf,exact,True,qr_scan,,
P03618,D046039,B005702,SLG24095,SLG24095,data/raw/cdsco_alerts/state/2025-05_state_nsq.pdf,118,pdf,noisy,True,manual,,
P00428,D046162,B005748,TC-888,TC-038,data/raw/cdsco_alerts/central/2025-03_central_nsq.pdf,37,pdf,decoy,False,manual,,
P01282,D046176,B005604,4D40188,4D40168,data/raw/cdsco_alerts/state/2025-04_state_nsq.pdf,8,pdf,decoy,False,qr_scan,,
P01110,D046183,B005610,KP249836,KP247236,data/raw/cdsco_alerts/central/2024-07_central_nsq.pdf,7,pdf,decoy,False,manual,,
P04662,D046199,B005790,WAM24011,WAM24011,data/raw/cdsco_alerts/state/2024-12_state_nsq.pdf,7,pdf,exact,True,qr_scan,,
P04231,D046211,B005558,1I245476,1I245476,data/raw/cdsco_alerts/central/2025-04_central_nsq.pdf,24,pdf,exact,True,qr_scan,B,False
P03690,D046402,B005637,TCRM-010,TCRM-010,data/raw/cdsco_alerts/central/2024-11_central_nsq.pdf,12,pdf,noisy,True,manual,,
P00203,D046416,B005873,MT-23K36,MT-23K36,data/raw/cdsco_alerts/central/2024-07_central_nsq.pdf,46,pdf,exact,True,qr_scan,,
P00796,D046439,B005928,EUPN-24004,EXPN-24004,data/raw/cdsco_alerts/central/2024-10_central_nsq.pdf,54,pdf,decoy,False,qr_scan,,
P04295,D046503,B005897,CT74100,CT24100,data/raw/cdsco_alerts/state/2025-06_state_nsq.pdf,45,pdf,decoy,False,qr_scan,,
P03422,D046527,B006010,PGO23118,PGY23118,data/raw/cdsco_alerts/state/2024-12_state_nsq.pdf,62,pdf,decoy,False,qr_scan,,
P04134,D046530,B005573,756543,724543,data/raw/cdsco_alerts/state/2025-04_state_nsq.pdf,24,pdf,decoy,False,qr_scan,,
P03746,D046541,B005558,1I245476,1I245476,data/raw/cdsco_alerts/central/2025-04_central_nsq.pdf,24,pdf,noisy,True,manual,B,False
P03486,D046549,B005922,2511723,2511723,data/raw/cdsco_alerts/state/2025-06_state_nsq.pdf,6,pdf,blank_batch,True,blank,,
P03267,D046566,B006009,PGY23118,PGY23118,data/raw/cdsco_alerts/state/2024-12_state_nsq.pdf,62,pdf,blank_batch,True,blank,,
P04389,D046578,B005671,23DQE20,23DQE20,data/raw/cdsco_alerts/central/2024-04_central_nsq.pdf,10,pdf,exact,True,qr_scan,,
P02760,D046637,B005796,SHL3037,SHL3037,data/raw/cdsco_alerts/central/2024-09_central_nsq.pdf,45,pdf,exact,True,manual,,
P00734,D046641,B005742,SCI-2305,SCI-2305,data/raw/cdsco_alerts/state/2025-01_state_nsq.pdf,44,pdf,exact,True,manual,,
P02758,D046713,B005781,B309C,B309C,data/raw/cdsco_alerts/state/2024-11_state_nsq.pdf,60,pdf,noisy,True,manual,,
P03948,D046714,B005849,WHL-81785,WHL-01715,data/raw/cdsco_alerts/combined/2024-02_combined.pdf,30,pdf,decoy,False,manual,,
P02716,D046733,B005823,23101006A,23101006A,data/raw/cdsco_alerts/central/2024-11_central_nsq.pdf,14,pdf,exact,True,qr_scan,,
P02716,D046737,B005977,WB2309007,WB2309007,data/raw/cdsco_alerts/combined/2023-12_combined.pdf,37,pdf,noisy,True,manual,,
P01867,D046741,B005660,ST-25456,ST-25456,data/raw/cdsco_alerts/central/2025-04_central_nsq.pdf,32,pdf,exact,True,qr_scan,,
P03339,D046763,B005744,BS-2303,BS-2303,data/raw/cdsco_alerts/combined/2023-12_combined.pdf,30,pdf,exact,True,manual,,
P01757,D046770,B005890,AL-5770,AL-5770,data/raw/cdsco_alerts/state/2025-05_state_nsq.pdf,69,pdf,exact,True,manual,,
P01231,D046836,B006081,45PSA138,45PSA138,data/raw/cdsco_alerts/state/2025-05_state_nsq.pdf,12,pdf,exact,True,qr_scan,,
P03673,D046898,B005844,MT240578,MT240578,data/raw/cdsco_alerts/central/2025-04_central_nsq.pdf,6,pdf,noisy,True,manual,,
P00144,D046923,B005927,EXPN-24004,EXPN-24004,data/raw/cdsco_alerts/central/2024-10_central_nsq.pdf,54,pdf,blank_batch,True,blank,,
P00341,D046986,B006053,LWLS-2022,LWLS-2022,data/raw/cdsco_alerts/state/2025-06_state_nsq.pdf,61,pdf,noisy,True,manual,,
P00592,D047081,B005999,724-31,724-37,data/raw/cdsco_alerts/central/2025-02_central_nsq.pdf,34,pdf,decoy,False,manual,,
P04432,D047085,B006052,AOT244-07B,AOT244-00B,data/raw/cdsco_alerts/central/2025-04_central_nsq.pdf,31,pdf,decoy,False,qr_scan,,
P00049,D047208,B005919,TA28085,TA24035,data/raw/cdsco_alerts/state/2024-11_state_nsq.pdf,52,pdf,decoy,False,qr_scan,,
P00022,D047237,B005787,PAR-31,PAR-31,data/raw/cdsco_alerts/central/2024-05_central_nsq.pdf,22,pdf,blank_batch,True,blank,,
P00235,D047271,B005865,AGWT25035,AGWT25035,data/raw/cdsco_alerts/state/2025-04_state_nsq.pdf,94,pdf,exact,True,qr_scan,,
P04237,D047349,B005617,IJWX/074,IJWX/074,data/raw/cdsco_alerts/central/2025-03_central_nsq.pdf,14,pdf,exact,True,qr_scan,,
P02754,D047352,B006045,CE4019,CE4019,data/raw/cdsco_alerts/state/2025-01_state_nsq.pdf,86,pdf,blank_batch,True,blank,,
P04325,D047356,B005877,7704,7704,data/raw/cdsco_alerts/combined/2024-03_combined.pdf,8,pdf,exact,True,qr_scan,,
P03424,D047364,B005782,K302C,B309C,data/raw/cdsco_alerts/state/2024-11_state_nsq.pdf,60,pdf,decoy,False,blank,,
P02421,D047374,B005979,L2310099,L2310099,data/raw/cdsco_alerts/combined/2024-03_combined.pdf,33,pdf,exact,True,qr_scan,,
P01044,D047412,B005565,HT24966,HT24565,data/raw/cdsco_alerts/state/2025-04_state_nsq.pdf,21,pdf,decoy,False,qr_scan,,
P02364,D047426,B005810,04BF0660,04BF0660,data/raw/cdsco_alerts/state/2025-06_state_nsq.pdf,14,pdf,exact,True,qr_scan,,
P02819,D047498,B006081,45PSA138,45PSA138,data/raw/cdsco_alerts/state/2025-05_state_nsq.pdf,12,pdf,blank_batch,True,blank,,
P03967,D047528,B005886,23UJ85,23UJ85,data/raw/cdsco_alerts/central/2024-04_central_nsq.pdf,9,pdf,exact,True,manual,,
P01824,D047559,B006023,24DQC64,24DQC64,data/raw/cdsco_alerts/state/2024-12_state_nsq.pdf,51,pdf,exact,True,qr_scan,,
P00126,D047572,B005866,AGWT28035,AGWT25035,data/raw/cdsco_alerts/state/2025-04_state_nsq.pdf,94,pdf,decoy,False,manual,,
P00287,D047646,B005889,24-XLS-010,24-XLS-010,data/raw/cdsco_alerts/state/2025-01_state_nsq.pdf,67,pdf,exact,True,qr_scan,,
P03401,D047729,B005606,A2402-07F,C2402-02F,data/raw/cdsco_alerts/central/2024-05_central_nsq.pdf,39,pdf,decoy,False,blank,,
P00403,D047800,B005758,JL-231243,JL-231248,data/raw/cdsco_alerts/central/2024-04_central_nsq.pdf,11,pdf,decoy,False,qr_scan,,
P04426,D047813,B006052,AOT244-07B,AOT244-00B,data/raw/cdsco_alerts/central/2025-04_central_nsq.pdf,31,pdf,decoy,False,qr_scan,,
P00219,D047894,B005586,MF-21229,MC-24229,data/raw/cdsco_alerts/central/2025-03_central_nsq.pdf,13,pdf,decoy,False,manual,,
P00748,D047926,B005921,X-1261,T-1261,data/raw/cdsco_alerts/central/2024-11_central_nsq.pdf,33,pdf,decoy,False,blank,,
P01300,D047950,B006033,AL-92,AL-92,data/raw/cdsco_alerts/central/2025-06_central_nsq.pdf,8,pdf,exact,True,qr_scan,,
P00230,D047965,B005692,LMT240449,LMT240449,data/raw/cdsco_alerts/central/2025-03_central_nsq.pdf,48,pdf,blank_batch,True,blank,,
P02740,D048098,B006089,SPB240626,SPB240221,data/raw/cdsco_alerts/state/2025-03_state_nsq.pdf,51,pdf,decoy,False,qr_scan,,
P03408,D048191,B006089,SPB240626,SPB240221,data/raw/cdsco_alerts/state/2025-03_state_nsq.pdf,51,pdf,decoy,False,manual,,
P02590,D048334,B006090,T-21172,T-21172,data/raw/cdsco_portal/json/2025-07_all_nsq.json,30,portal,exact,True,qr_scan,,
P02681,D048364,B005954,QDT-250088,QDT-250088,data/raw/cdsco_portal/json/2025-07_all_nsq.json,13,portal,noisy,True,manual,,
P02483,D048378,B005766,MM24H27,MO24H27,data/raw/cdsco_alerts/central/2025-04_central_nsq.pdf,1,pdf,decoy,False,qr_scan,,
P03851,D048406,B006099,NSP23008,CSP23001,data/raw/cdsco_alerts/state/2025-01_state_nsq.pdf,59,pdf,decoy,False,manual,,
P02483,D048419,B005771,23L-162,23L-162,data/raw/cdsco_alerts/state/2024-12_state_nsq.pdf,54,pdf,noisy,True,manual,,
P02251,D048441,B006029,BXE064,BXE064,data/raw/cdsco_alerts/combined/2024-01_combined.pdf,7,pdf,blank_batch,True,blank,,
P02152,D048467,B006079,OEL-24067,ONL-24067,data/raw/cdsco_alerts/state/2024-11_state_nsq.pdf,69,pdf,decoy,False,qr_scan,,
P02310,D048474,B005861,GT3J523,GT3J023,data/raw/cdsco_alerts/central/2024-08_central_nsq.pdf,4,pdf,decoy,False,manual,,
P03636,D048479,B005761,CLT-214A,CLT-214A,data/raw/cdsco_alerts/central/2025-06_central_nsq.pdf,22,pdf,exact,True,qr_scan,,
P04555,D048524,B005990,I213109,I213109,data/raw/cdsco_alerts/combined/2024-02_combined.pdf,50,pdf,blank_batch,True,blank,,
P04918,D048574,B005861,GT3J523,GT3J023,data/raw/cdsco_alerts/central/2024-08_central_nsq.pdf,4,pdf,decoy,False,qr_scan,,
P04428,D048593,B005771,23L-162,23L-162,data/raw/cdsco_alerts/state/2024-12_state_nsq.pdf,54,pdf,noisy,True,manual,,
P01018,D048660,B005627,ME434,ME404,data/raw/cdsco_alerts/state/2024-11_state_nsq.pdf,55,pdf,decoy,False,blank,,
P03597,D048692,B005870,ZS-2405,ZS-2405,data/raw/cdsco_alerts/state/2025-06_state_nsq.pdf,113,pdf,blank_batch,True,blank,,
P00262,D048711,B005684,XMHD-001,XMSD-001,data/raw/cdsco_alerts/combined/2024-02_combined.pdf,2,pdf,decoy,False,manual,,
P03274,D048717,B005587,SS-084032,SS-084032,data/raw/cdsco_alerts/state/2024-12_state_nsq.pdf,69,pdf,exact,True,qr_scan,,
P02521,D048743,B005758,JL-231243,JL-231248,data/raw/cdsco_alerts/central/2024-04_central_nsq.pdf,11,pdf,decoy,False,qr_scan,,
P00903,D048920,B005867,MO24H22,MO24H22,data/raw/cdsco_alerts/central/2025-04_central_nsq.pdf,3,pdf,noisy,True,manual,,
P00772,D048972,B005580,16240148D,16240148D,data/raw/cdsco_alerts/central/2024-12_central_nsq.pdf,15,pdf,noisy,True,manual,,
P03643,D049078,B005870,ZS-2405,ZS-2405,data/raw/cdsco_alerts/state/2025-06_state_nsq.pdf,113,pdf,exact,True,qr_scan,,
P03652,D049118,B005945,DYC-24007,DYC-24007,data/raw/cdsco_alerts/central/2025-05_central_nsq.pdf,23,pdf,noisy,True,manual,,
P04135,D049142,B005616,TICO03010A,HICO23010A,data/raw/cdsco_alerts/combined/2023-12_combined.pdf,33,pdf,decoy,False,qr_scan,,
P03567,D049284,B005561,YCRE33010,YCRE23010,data/raw/cdsco_portal/json/2025-07_all_nsq.json,41,portal,decoy,False,qr_scan,,
P00759,D049330,B005868,RBLS-02501,RBLS-02501,data/raw/cdsco_alerts/central/2025-04_central_nsq.pdf,20,pdf,exact,True,qr_scan,,
P02259,D049343,B005771,23L-162,23L-162,data/raw/cdsco_alerts/state/2024-12_state_nsq.pdf,54,pdf,exact,True,manual,,
P02394,D049353,B005868,RBLS-02501,RBLS-02501,data/raw/cdsco_alerts/central/2025-04_central_nsq.pdf,20,pdf,exact,True,qr_scan,,
P04748,D049355,B005928,EUPN-24004,EXPN-24004,data/raw/cdsco_alerts/central/2024-10_central_nsq.pdf,54,pdf,decoy,False,qr_scan,,
P02760,D049362,B005750,NTV0223,NTD0203,data/raw/cdsco_alerts/central/2024-08_central_nsq.pdf,34,pdf,decoy,False,manual,,
P00882,D049384,B005746,CF-B1,CF-B1,data/raw/cdsco_alerts/combined/2024-03_combined.pdf,3,pdf,exact,True,qr_scan,,
P04836,D049395,B005699,GL3301051,GL2301001,data/raw/cdsco_alerts/combined/2024-02_combined.pdf,46,pdf,decoy,False,manual,,
P00365,D049497,B005782,K302C,B309C,data/raw/cdsco_alerts/state/2024-11_state_nsq.pdf,60,pdf,decoy,False,qr_scan,,
P02432,D049525,B005778,MA24G125,MA24G125,data/raw/cdsco_portal/json/2025-07_all_nsq.json,63,portal,noisy,True,manual,,
P03533,D049529,B005603,4D40168,4D40168,data/raw/cdsco_alerts/state/2025-04_state_nsq.pdf,8,pdf,exact,True,qr_scan,,
P02218,D049551,B005846,LMT240387,LMT240387,data/raw/cdsco_alerts/central/2024-08_central_nsq.pdf,39,pdf,exact,True,manual,,
P03886,D049631,B005852,ASL24199,ASL24199,data/raw/cdsco_alerts/state/2025-05_state_nsq.pdf,13,pdf,exact,True,manual,,
P00541,D049641,B005778,MA24G125,MA24G125,data/raw/cdsco_portal/json/2025-07_all_nsq.json,63,portal,noisy,True,manual,,
P01629,D049643,B005925,CHT23725,CHT23725,data/raw/cdsco_alerts/state/2025-04_state_nsq.pdf,123,pdf,exact,True,manual,,
P01209,D049663,B005626,ME404,ME404,data/raw/cdsco_alerts/state/2024-11_state_nsq.pdf,55,pdf,blank_batch,True,blank,,
P01209,D049808,B005787,PAR-31,PAR-31,data/raw/cdsco_alerts/central/2024-05_central_nsq.pdf,22,pdf,noisy,True,manual,,
P00084,D049817,B005890,AL-5770,AL-5770,data/raw/cdsco_alerts/state/2025-05_state_nsq.pdf,69,pdf,exact,True,manual,,
P03517,D049818,B005960,RQ24-0204,LG24-0204,data/raw/cdsco_alerts/central/2024-08_central_nsq.pdf,13,pdf,decoy,False,qr_scan,,
P02648,D049874,B005810,04BF0660,04BF0660,data/raw/cdsco_alerts/state/2025-06_state_nsq.pdf,14,pdf,exact,True,manual,,
P03135,D049912,B005816,SEL2401,SEL2401,data/raw/cdsco_alerts/state/2025-01_state_nsq.pdf,36,pdf,exact,True,qr_scan,,
P02237,D049945,B005692,LMT240449,LMT240449,data/raw/cdsco_alerts/central/2025-03_central_nsq.pdf,48,pdf,exact,True,qr_scan,,
P03115,D049971,B006053,LWLS-2022,LWLS-2022,data/raw/cdsco_alerts/state/2025-06_state_nsq.pdf,61,pdf,exact,True,manual,,
P02444,D049972,B005739,TC-3277005,TC-3270005,data/raw/cdsco_alerts/central/2024-11_central_nsq.pdf,15,pdf,decoy,False,manual,,
P02201,D050069,B005692,LMT240449,LMT240449,data/raw/cdsco_alerts/central/2025-03_central_nsq.pdf,48,pdf,exact,True,qr_scan,,
P03700,D050087,B005558,1I245476,1I245476,data/raw/cdsco_alerts/central/2025-04_central_nsq.pdf,24,pdf,exact,True,qr_scan,B,True
P03321,D050088,B005849,WHL-81785,WHL-01715,data/raw/cdsco_alerts/combined/2024-02_combined.pdf,30,pdf,decoy,False,manual,,
P04706,D050092,B005706,VBT2417,VBT2417,data/raw/cdsco_alerts/state/2025-02_state_nsq.pdf,32,pdf,exact,True,manual,,
P00203,D050104,B005703,SLG24091,SLG24095,data/raw/cdsco_alerts/state/2025-05_state_nsq.pdf,118,pdf,decoy,False,blank,,
P02237,D050222,B005849,WHL-81785,WHL-01715,data/raw/cdsco_alerts/combined/2024-02_combined.pdf,30,pdf,decoy,False,manual,,
P01956,D050233,B005878,7406,7704,data/raw/cdsco_alerts/combined/2024-03_combined.pdf,8,pdf,decoy,False,manual,,
P01499,D050376,B006030,YXE064,BXE064,data/raw/cdsco_alerts/combined/2024-01_combined.pdf,7,pdf,decoy,False,manual,,
P01499,D050381,B005950,MV24Q39,MV24B35,data/raw/cdsco_alerts/central/2025-03_central_nsq.pdf,36,pdf,decoy,False,manual,,
P04076,D050410,B006067,5230123,5230123,data/raw/cdsco_alerts/state/2024-06_state_nsq.pdf,8,pdf,exact,True,qr_scan,,
P02075,D050421,B005921,X-1261,T-1261,data/raw/cdsco_alerts/central/2024-11_central_nsq.pdf,33,pdf,decoy,False,manual,,
P04206,D050448,B005877,7704,7704,data/raw/cdsco_alerts/combined/2024-03_combined.pdf,8,pdf,blank_batch,True,blank,,
P03987,D050498,B005654,MT-24D03,MT-24D03,data/raw/cdsco_alerts/central/2025-05_central_nsq.pdf,29,pdf,exact,True,manual,,
P00584,D050519,B005874,MT-23K39,MT-23K36,data/raw/cdsco_alerts/central/2024-07_central_nsq.pdf,46,pdf,decoy,False,qr_scan,,
P02763,D050581,B005592,AFL291485,AFL241415,data/raw/cdsco_alerts/central/2025-02_central_nsq.pdf,40,pdf,decoy,False,manual,,
P03784,D050591,B005723,UGT271163,UGT231163,data/raw/cdsco_alerts/central/2025-01_central_nsq.pdf,28,pdf,decoy,False,blank,,
P04855,D050611,B005746,CF-B1,CF-B1,data/raw/cdsco_alerts/combined/2024-03_combined.pdf,3,pdf,exact,True,qr_scan,,
P02820,D050671,B006085,QL0606,QL0606,data/raw/cdsco_alerts/state/2025-04_state_nsq.pdf,119,pdf,exact,True,manual,,
P02052,D050702,B005849,WHL-81785,WHL-01715,data/raw/cdsco_alerts/combined/2024-02_combined.pdf,30,pdf,decoy,False,manual,,
P00280,D050723,B005980,CH040103,CH040103,data/raw/cdsco_alerts/state/2024-12_state_nsq.pdf,40,pdf,exact,True,qr_scan,,
P02699,D050773,B005791,L/040618,L/040618,data/raw/cdsco_alerts/central/2024-06_central_nsq.pdf,13,pdf,noisy,True,manual,,
P02734,D050782,B006037,RTD.230105,RTD.230105,data/raw/cdsco_alerts/central/2025-01_central_nsq.pdf,30,pdf,exact,True,qr_scan,,
P02909,D050793,B006002,AD24059,AD24059,data/raw/cdsco_alerts/central/2024-05_central_nsq.pdf,23,pdf,blank_batch,True,blank,,
P02129,D050838,B006060,MP240405085,MP240405085,data/raw/cdsco_alerts/central/2024-08_central_nsq.pdf,22,pdf,noisy,True,manual,,
P00742,D050853,B006046,CL4319,CE4019,data/raw/cdsco_alerts/state/2025-01_state_nsq.pdf,86,pdf,decoy,False,qr_scan,,
P00902,D050895,B005910,DL-036,DL-136,data/raw/cdsco_alerts/central/2025-05_central_nsq.pdf,38,pdf,decoy,False,qr_scan,,
P03061,D050900,B005560,YCRE23010,YCRE23010,data/raw/cdsco_portal/json/2025-07_all_nsq.json,41,portal,noisy,True,manual,,
P04921,D050916,B005685,A297,A297,data/raw/cdsco_alerts/state/2025-04_state_nsq.pdf,64,pdf,exact,True,manual,,
P04139,D050927,B006016,LMT240348,LMT240348,data/raw/cdsco_alerts/central/2024-07_central_nsq.pdf,48,pdf,blank_batch,True,blank,,
P03856,D050937,B005885,0000,0004,data/raw/cdsco_alerts/state/2025-05_state_nsq.pdf,18,pdf,decoy,False,manual,,
P02743,D050947,B005676,01KF0301,01AF0301,data/raw/cdsco_alerts/state/2025-06_state_nsq.pdf,15,pdf,decoy,False,qr_scan,,
P00275,D050965,B006028,GAG0628,GAG0628,data/raw/cdsco_alerts/central/2024-07_central_nsq.pdf,36,pdf,noisy,True,manual,,
P04855,D051066,B005591,AFL241415,AFL241415,data/raw/cdsco_alerts/central/2025-02_central_nsq.pdf,40,pdf,exact,True,qr_scan,,
P03636,D051067,B005693,LMV240409,LMT240449,data/raw/cdsco_alerts/central/2025-03_central_nsq.pdf,48,pdf,decoy,False,qr_scan,,
P00367,D051078,B006024,94DWC64,24DQC64,data/raw/cdsco_alerts/state/2024-12_state_nsq.pdf,51,pdf,decoy,False,manual,,
P04667,D051096,B005955,QDT-250083,QDT-250088,data/raw/cdsco_portal/json/2025-07_all_nsq.json,13,portal,decoy,False,manual,,
P02849,D051131,B005807,OS24042,TS24042,data/raw/cdsco_alerts/state/2025-06_state_nsq.pdf,71,pdf,decoy,False,blank,,
P03594,D051133,B005725,MV24Y36,MV24B36,data/raw/cdsco_alerts/central/2025-06_central_nsq.pdf,9,pdf,decoy,False,qr_scan,,
P03596,D051174,B005877,7704,7704,data/raw/cdsco_alerts/combined/2024-03_combined.pdf,8,pdf,exact,True,qr_scan,,
P04855,D051184,B005725,MV24Y36,MV24B36,data/raw/cdsco_alerts/central/2025-06_central_nsq.pdf,9,pdf,decoy,False,manual,,
P01674,D051310,B005848,WHL-01715,WHL-01715,data/raw/cdsco_alerts/combined/2024-02_combined.pdf,30,pdf,exact,True,qr_scan,,
P04855,D051340,B005591,AFL241415,AFL241415,data/raw/cdsco_alerts/central/2025-02_central_nsq.pdf,40,pdf,exact,True,manual,,
P04186,D051375,B005919,TA28085,TA24035,data/raw/cdsco_alerts/state/2024-11_state_nsq.pdf,52,pdf,decoy,False,qr_scan,,
P00057,D051397,B005618,IJRX/274,IJWX/074,data/raw/cdsco_alerts/central/2025-03_central_nsq.pdf,14,pdf,decoy,False,blank,,
P02261,D051403,B005744,BS-2303,BS-2303,data/raw/cdsco_alerts/combined/2023-12_combined.pdf,30,pdf,noisy,True,manual,,
P03560,D051442,B006039,2411009,2411039,data/raw/cdsco_alerts/state/2025-05_state_nsq.pdf,120,pdf,decoy,False,blank,,
P01997,D051452,B005749,NTD0203,NTD0203,data/raw/cdsco_alerts/central/2024-08_central_nsq.pdf,34,pdf,exact,True,qr_scan,,
P03707,D051458,B005782,K302C,B309C,data/raw/cdsco_alerts/state/2024-11_state_nsq.pdf,60,pdf,decoy,False,manual,,
P00869,D051495,B005852,ASL24199,ASL24199,data/raw/cdsco_alerts/state/2025-05_state_nsq.pdf,13,pdf,exact,True,manual,,
P01864,D051550,B005640,DP4111,DP4111,data/raw/cdsco_portal/json/2025-07_all_nsq.json,19,portal,exact,True,manual,,
P02904,D051575,B005973,23051901,23051901,data/raw/cdsco_alerts/central/2025-04_central_nsq.pdf,37,pdf,noisy,True,manual,,
P01519,D051582,B005862,GB-23-03,GB-23-03,data/raw/cdsco_alerts/combined/2024-03_combined.pdf,5,pdf,noisy,True,manual,,
P01519,D051584,B005853,DUL24199,ASL24199,data/raw/cdsco_alerts/state/2025-05_state_nsq.pdf,13,pdf,decoy,False,manual,,
P04238,D051629,B006037,RTD.230105,RTD.230105,data/raw/cdsco_alerts/central/2025-01_central_nsq.pdf,30,pdf,noisy,True,manual,,
P04168,D051636,B005945,DYC-24007,DYC-24007,data/raw/cdsco_alerts/central/2025-05_central_nsq.pdf,23,pdf,exact,True,qr_scan,,
P02235,D051749,B005565,HT24966,HT24565,data/raw/cdsco_alerts/state/2025-04_state_nsq.pdf,21,pdf,decoy,False,qr_scan,,
P00141,D051766,B006024,94DWC64,24DQC64,data/raw/cdsco_alerts/state/2024-12_state_nsq.pdf,51,pdf,decoy,False,blank,,
P01330,D051792,B006097,SMST-24151,SMST-24151,data/raw/cdsco_alerts/state/2024-08_state_nsq.pdf,7,pdf,blank_batch,True,blank,,
P03630,D051809,B005614,GMW5716,GMW0116,data/raw/cdsco_portal/json/2025-07_all_nsq.json,71,portal,decoy,False,qr_scan,,
P00088,D051826,B005674,R-240327,R-240327,data/raw/cdsco_alerts/state/2025-05_state_nsq.pdf,106,pdf,noisy,True,manual,,
P02199,D051852,B006041,MD20E30,MD24E30,data/raw/cdsco_alerts/central/2025-02_central_nsq.pdf,21,pdf,decoy,False,blank,,
P00125,D051871,B005592,AFL291485,AFL241415,data/raw/cdsco_alerts/central/2025-02_central_nsq.pdf,40,pdf,decoy,False,manual,,
P01444,D051881,B005727,L24BZ08A7,L24BZ08A7,data/raw/cdsco_alerts/central/2024-12_central_nsq.pdf,44,pdf,noisy,True,manual,,
P03642,D051926,B005772,23L-185,23L-162,data/raw/cdsco_alerts/state/2024-12_state_nsq.pdf,54,pdf,decoy,False,manual,,
P00125,D051932,B005900,ACAG24001E,ACAG24001E,data/raw/cdsco_alerts/state/2025-05_state_nsq.pdf,8,pdf,blank_batch,True,blank,,
P00963,D051940,B005759,A24AM130,A24AM130,data/raw/cdsco_alerts/state/2024-12_state_nsq.pdf,39,pdf,blank_batch,True,blank,,
P03407,D051946,B006001,B-22080D,B-22680D,data/raw/cdsco_alerts/central/2024-05_central_nsq.pdf,12,pdf,decoy,False,qr_scan,,
P03033,D051951,B005955,QDT-250083,QDT-250088,data/raw/cdsco_portal/json/2025-07_all_nsq.json,13,portal,decoy,False,manual,,
P00963,D051954,B006078,ONL-24067,ONL-24067,data/raw/cdsco_alerts/state/2024-11_state_nsq.pdf,69,pdf,exact,True,manual,,
P03981,D052043,B005646,UDT70723,UDT10723,data/raw/cdsco_alerts/combined/2024-03_combined.pdf,47,pdf,decoy,False,blank,,
P04793,D052051,B005918,TA24035,TA24035,data/raw/cdsco_alerts/state/2024-11_state_nsq.pdf,52,pdf,noisy,True,manual,,
P00537,D052138,B005558,1I245476,1I245476,data/raw/cdsco_alerts/central/2025-04_central_nsq.pdf,24,pdf,exact,True,manual,B,True
P00391,D052174,B005936,CT-0728A,CT-0778A,data/raw/cdsco_alerts/combined/2024-03_combined.pdf,57,pdf,decoy,False,qr_scan,,
P04080,D052178,B005744,BS-2303,BS-2303,data/raw/cdsco_alerts/combined/2023-12_combined.pdf,30,pdf,exact,True,qr_scan,,
P01749,D052263,B005770,A24155L,A24105K,data/raw/cdsco_alerts/central/2025-03_central_nsq.pdf,45,pdf,decoy,False,manual,,
P00410,D052287,B005917,G24/018A,T24/013A,data/raw/cdsco_alerts/state/2025-03_state_nsq.pdf,13,pdf,decoy,False,blank,,
P02788,D052290,B005595,SVI-24171A,SVI-24171A,data/raw/cdsco_alerts/central/2025-02_central_nsq.pdf,42,pdf,blank_batch,True,blank,,
P00483,D052320,B005723,UGT271163,UGT231163,data/raw/cdsco_alerts/central/2025-01_central_nsq.pdf,28,pdf,decoy,False,qr_scan,,
P01165,D052323,B006046,CL4319,CE4019,data/raw/cdsco_alerts/state/2025-01_state_nsq.pdf,86,pdf,decoy,False,manual,,
P04991,D052348,B005867,MO24H22,MO24H22,data/raw/cdsco_alerts/central/2025-04_central_nsq.pdf,3,pdf,noisy,True,manual,,
P03259,D052399,B005821,GTL1313,GTL1313,data/raw/cdsco_alerts/central/2025-03_central_nsq.pdf,41,pdf,exact,True,manual,,
P03566,D052420,B005722,UGT231163,UGT231163,data/raw/cdsco_alerts/central/2025-01_central_nsq.pdf,28,pdf,exact,True,manual,,
P03134,D052434,B005853,DUL24199,ASL24199,data/raw/cdsco_alerts/state/2025-05_state_nsq.pdf,13,pdf,decoy,False,manual,,
P00523,D052446,B005676,01KF0301,01AF0301,data/raw/cdsco_alerts/state/2025-06_state_nsq.pdf,15,pdf,decoy,False,manual,,
P01707,D052560,B005670,L-24022,L-24022,data/raw/cdsco_alerts/central/2024-11_central_nsq.pdf,38,pdf,exact,True,qr_scan,,
P03309,D052563,B005635,TA24036,TA24036,data/raw/cdsco_alerts/state/2024-12_state_nsq.pdf,56,pdf,exact,True,qr_scan,,
P00054,D052565,B005916,T24/013A,T24/013A,data/raw/cdsco_alerts/state/2025-03_state_nsq.pdf,13,pdf,exact,True,qr_scan,,
P02303,D052568,B006016,LMT240348,LMT240348,data/raw/cdsco_alerts/central/2024-07_central_nsq.pdf,48,pdf,exact,True,qr_scan,,
P04601,D052577,B005722,UGT231163,UGT231163,data/raw/cdsco_alerts/central/2025-01_central_nsq.pdf,28,pdf,noisy,True,manual,,
P00346,D052739,B005934,S-2245,S-2245,data/raw/cdsco_alerts/central/2024-04_central_nsq.pdf,24,pdf,blank_batch,True,blank,,
P01088,D052745,B006024,94DWC64,24DQC64,data/raw/cdsco_alerts/state/2024-12_state_nsq.pdf,51,pdf,decoy,False,manual,,
P02279,D052751,B005706,VBT2417,VBT2417,data/raw/cdsco_alerts/state/2025-02_state_nsq.pdf,32,pdf,noisy,True,manual,,
P01932,D052876,B005927,EXPN-24004,EXPN-24004,data/raw/cdsco_alerts/central/2024-10_central_nsq.pdf,54,pdf,exact,True,qr_scan,,
P01328,D052891,B005943,DT40078,DT40078,data/raw/cdsco_alerts/central/2025-02_central_nsq.pdf,45,pdf,blank_batch,True,blank,,
P00786,D053003,B005919,TA28085,TA24035,data/raw/cdsco_alerts/state/2024-11_state_nsq.pdf,52,pdf,decoy,False,qr_scan,,
P00786,D053007,B005866,AGWT28035,AGWT25035,data/raw/cdsco_alerts/state/2025-04_state_nsq.pdf,94,pdf,decoy,False,manual,,
P01915,D053012,B005607,BT408244A,BT408244A,data/raw/cdsco_alerts/state/2025-04_state_nsq.pdf,35,pdf,exact,True,qr_scan,,
P01048,D053038,B005924,ECT-2421,ECT-2421,data/raw/cdsco_alerts/central/2024-05_central_nsq.pdf,3,pdf,blank_batch,True,blank,,
P02671,D053041,B005618,IJRX/274,IJWX/074,data/raw/cdsco_alerts/central/2025-03_central_nsq.pdf,14,pdf,decoy,False,qr_scan,,
P00875,D053073,B005688,GTR1974,GTE1974,data/raw/cdsco_alerts/central/2025-03_central_nsq.pdf,60,pdf,decoy,False,qr_scan,,
P02234,D053141,B005966,TA24152,TA24159,data/raw/cdsco_alerts/state/2024-12_state_nsq.pdf,53,pdf,decoy,False,manual,,
P01574,D053158,B005768,T241704,T242704,data/raw/cdsco_portal/json/2025-07_all_nsq.json,26,portal,decoy,False,blank,,
P03374,D053169,B006046,CL4319,CE4019,data/raw/cdsco_alerts/state/2025-01_state_nsq.pdf,86,pdf,decoy,False,qr_scan,,
P02944,D053218,B006078,ONL-24067,ONL-24067,data/raw/cdsco_alerts/state/2024-11_state_nsq.pdf,69,pdf,blank_batch,True,blank,,
P01985,D053265,B005710,C4093044,C4093044,data/raw/cdsco_alerts/state/2024-11_state_nsq.pdf,54,pdf,exact,True,qr_scan,,
P04454,D053266,B005934,S-2245,S-2245,data/raw/cdsco_alerts/central/2024-04_central_nsq.pdf,24,pdf,blank_batch,True,blank,,
P00077,D053278,B005797,SHL5237,SHL3037,data/raw/cdsco_alerts/central/2024-09_central_nsq.pdf,45,pdf,decoy,False,blank,,
P01265,D053288,B005860,GT3J023,GT3J023,data/raw/cdsco_alerts/central/2024-08_central_nsq.pdf,4,pdf,exact,True,qr_scan,,
P02966,D053311,B005713,E25B026,E25B026,data/raw/cdsco_alerts/central/2025-06_central_nsq.pdf,38,pdf,exact,True,manual,,
P02049,D053349,B005849,WHL-81785,WHL-01715,data/raw/cdsco_alerts/combined/2024-02_combined.pdf,30,pdf,decoy,False,qr_scan,,
P02648,D053357,B006075,N400726,N400726,data/raw/cdsco_alerts/central/2025-05_central_nsq.pdf,20,pdf,blank_batch,True,blank,,
P03119,D053435,B005580,16240148D,16240148D,data/raw/cdsco_alerts/central/2024-12_central_nsq.pdf,15,pdf,exact,True,qr_scan,,
P00052,D053439,B006046,CL4319,CE4019,data/raw/cdsco_alerts/state/2025-01_state_nsq.pdf,86,pdf,decoy,False,qr_scan,,
P00530,D053504,B005872,43017,43037,data/raw/cdsco_alerts/state/2025-04_state_nsq.pdf,118,pdf,decoy,False,manual,,
P04813,D053528,B006022,AT-710,AT-110,data/raw/cdsco_portal/json/2025-07_all_nsq.json,91,portal,decoy,False,qr_scan,,
P03497,D053559,B005823,23101006A,23101006A,data/raw/cdsco_alerts/central/2024-11_central_nsq.pdf,14,pdf,noisy,True,manual,,
P03374,D053565,B006079,OEL-24067,ONL-24067,data/raw/cdsco_alerts/state/2024-11_state_nsq.pdf,69,pdf,decoy,False,qr_scan,,
P02413,D053653,B006081,45PSA138,45PSA138,data/raw/cdsco_alerts/state/2025-05_state_nsq.pdf,12,pdf,exact,True,qr_scan,,
P01189,D053665,B005591,AFL241415,AFL241415,data/raw/cdsco_alerts/central/2025-02_central_nsq.pdf,40,pdf,blank_batch,True,blank,,
P03752,D053715,B005558,1I245476,1I245476,data/raw/cdsco_alerts/central/2025-04_central_nsq.pdf,24,pdf,blank_batch,True,blank,B,True
P01916,D053751,B006073,GT31022,GT31022,data/raw/cdsco_alerts/central/2024-06_central_nsq.pdf,15,pdf,blank_batch,True,blank,,
P02523,D053771,B005763,03BF2472,03BF2472,data/raw/cdsco_alerts/central/2024-12_central_nsq.pdf,31,pdf,noisy,True,manual,,
P02797,D053824,B006049,LC-6943,LC-6943,data/raw/cdsco_alerts/central/2025-01_central_nsq.pdf,24,pdf,exact,True,manual,,
P04991,D053947,B005848,WHL-01715,WHL-01715,data/raw/cdsco_alerts/combined/2024-02_combined.pdf,30,pdf,exact,True,manual,,
P01595,D053974,B005674,R-240327,R-240327,data/raw/cdsco_alerts/state/2025-05_state_nsq.pdf,106,pdf,blank_batch,True,blank,,
P02523,D054025,B005655,MT-44D33,MT-24D03,data/raw/cdsco_alerts/central/2025-05_central_nsq.pdf,29,pdf,decoy,False,qr_scan,,
P03168,D054127,B005811,54BC0660,04BF0660,data/raw/cdsco_alerts/state/2025-06_state_nsq.pdf,14,pdf,decoy,False,qr_scan,,
P04924,D054146,B005769,A24105K,A24105K,data/raw/cdsco_alerts/central/2025-03_central_nsq.pdf,45,pdf,exact,True,qr_scan,,
P00942,D054150,B005614,GMW5716,GMW0116,data/raw/cdsco_portal/json/2025-07_all_nsq.json,71,portal,decoy,False,manual,,
P04611,D054174,B005906,L2403/2,L2403/2,data/raw/cdsco_alerts/central/2025-02_central_nsq.pdf,3,pdf,blank_batch,True,blank,,
P00375,D054221,B006078,ONL-24067,ONL-24067,data/raw/cdsco_alerts/state/2024-11_state_nsq.pdf,69,pdf,blank_batch,True,blank,,
P03804,D054235,B005771,23L-162,23L-162,data/raw/cdsco_alerts/state/2024-12_state_nsq.pdf,54,pdf,noisy,True,manual,,
P04731,D054316,B005636,RL-231203,RL-231203,data/raw/cdsco_alerts/state/2025-01_state_nsq.pdf,60,pdf,noisy,True,manual,,
P01339,D054359,B005861,GT3J523,GT3J023,data/raw/cdsco_alerts/central/2024-08_central_nsq.pdf,4,pdf,decoy,False,manual,,
P04137,D054400,B005914,YGWT75025,AGWT25025,data/raw/cdsco_alerts/state/2025-04_state_nsq.pdf,87,pdf,decoy,False,qr_scan,,
P04624,D054525,B005948,MZTM26002,MZTJ23002,data/raw/cdsco_alerts/combined/2024-01_combined.pdf,30,pdf,decoy,False,qr_scan,,
P03210,D054553,B005848,WHL-01715,WHL-01715,data/raw/cdsco_alerts/combined/2024-02_combined.pdf,30,pdf,blank_batch,True,blank,,
P03925,D054595,B005912,TT220112,RT220512,data/raw/cdsco_alerts/combined/2024-02_combined.pdf,53,pdf,decoy,False,qr_scan,,
P03603,D054615,B005998,724-37,724-37,data/raw/cdsco_alerts/central/2025-02_central_nsq.pdf,34,pdf,exact,True,manual,,
P00925,D054632,B006100,IPPT-1018,IPPT-1018,data/raw/cdsco_portal/json/2025-07_all_nsq.json,32,portal,noisy,True,manual,,
P03752,D054662,B005946,DYC-28007,DYC-24007,data/raw/cdsco_alerts/central/2025-05_central_nsq.pdf,23,pdf,decoy,False,qr_scan,,
P02413,D054699,B005860,GT3J023,GT3J023,data/raw/cdsco_alerts/central/2024-08_central_nsq.pdf,4,pdf,noisy,True,manual,,
P01800,D054704,B005625,22X23862,22X23002,data/raw/cdsco_alerts/central/2024-09_central_nsq.pdf,7,pdf,decoy,False,manual,,
P03465,D054715,B005707,VBT2416,VBT2417,data/raw/cdsco_alerts/state/2025-02_state_nsq.pdf,32,pdf,decoy,False,manual,,
P00401,D054726,B005973,23051901,23051901,data/raw/cdsco_alerts/central/2025-04_central_nsq.pdf,37,pdf,exact,True,qr_scan,,
P04522,D054746,B005953,LSG-B0656,LSF-B0656,data/raw/cdsco_alerts/state/2025-02_state_nsq.pdf,5,pdf,decoy,False,manual,,
P02432,D054758,B005695,CCT74984B,CCT24984B,data/raw/cdsco_alerts/state/2025-06_state_nsq.pdf,16,pdf,decoy,False,qr_scan,,
P04873,D054759,B005810,04BF0660,04BF0660,data/raw/cdsco_alerts/state/2025-06_state_nsq.pdf,14,pdf,noisy,True,manual,,
P00361,D054787,B006066,BE38456,BE32456,data/raw/cdsco_alerts/central/2024-11_central_nsq.pdf,1,pdf,decoy,False,qr_scan,,
P03008,D054792,B005868,RBLS-02501,RBLS-02501,data/raw/cdsco_alerts/central/2025-04_central_nsq.pdf,20,pdf,noisy,True,manual,,
P02775,D054800,B005756,RD216003,RD230003,data/raw/cdsco_alerts/combined/2024-01_combined.pdf,45,pdf,decoy,False,manual,,
P02912,D054813,B005771,23L-162,23L-162,data/raw/cdsco_alerts/state/2024-12_state_nsq.pdf,54,pdf,exact,True,qr_scan,,
P04008,D054814,B005762,CLT-284J,CLT-214A,data/raw/cdsco_alerts/central/2025-06_central_nsq.pdf,22,pdf,decoy,False,manual,,
P04291,D054835,B005900,ACAG24001E,ACAG24001E,data/raw/cdsco_alerts/state/2025-05_state_nsq.pdf,8,pdf,exact,True,qr_scan,,
P04600,D054888,B005999,724-31,724-37,data/raw/cdsco_alerts/central/2025-02_central_nsq.pdf,34,pdf,decoy,False,blank,,
P02589,D054900,B006088,SPB240221,SPB240221,data/raw/cdsco_alerts/state/2025-03_state_nsq.pdf,51,pdf,exact,True,qr_scan,,
P03932,D054999,B005861,GT3J523,GT3J023,data/raw/cdsco_alerts/central/2024-08_central_nsq.pdf,4,pdf,decoy,False,manual,,
P00221,D055028,B005796,SHL3037,SHL3037,data/raw/cdsco_alerts/central/2024-09_central_nsq.pdf,45,pdf,exact,True,qr_scan,,
P00857,D055081,B005949,MV24B35,MV24B35,data/raw/cdsco_alerts/central/2025-03_central_nsq.pdf,36,pdf,noisy,True,manual,,
P00029,D055100,B005765,MO24H27,MO24H27,data/raw/cdsco_alerts/central/2025-04_central_nsq.pdf,1,pdf,exact,True,manual,,
P00202,D055129,B005747,TC-038,TC-038,data/raw/cdsco_alerts/central/2025-03_central_nsq.pdf,37,pdf,exact,True,manual,,
P00442,D055131,B005766,MM24H27,MO24H27,data/raw/cdsco_alerts/central/2025-04_central_nsq.pdf,1,pdf,decoy,False,blank,,
P04225,D055137,B005795,HBD 2403,HBD 2403,data/raw/cdsco_alerts/central/2025-01_central_nsq.pdf,11,pdf,exact,True,qr_scan,,
P02101,D055208,B006072,AGWT28030,AGWT25030,data/raw/cdsco_alerts/state/2025-04_state_nsq.pdf,102,pdf,decoy,False,blank,,
P03957,D055292,B005950,MV24Q39,MV24B35,data/raw/cdsco_alerts/central/2025-03_central_nsq.pdf,36,pdf,decoy,False,qr_scan,,
P04950,D055350,B005743,SCI-2605,SCI-2305,data/raw/cdsco_alerts/state/2025-01_state_nsq.pdf,44,pdf,decoy,False,blank,,
P04506,D055456,B005559,ONA12515,ONA12515,data/raw/cdsco_alerts/central/2025-05_central_nsq.pdf,5,pdf,exact,True,qr_scan,,
P00695,D055458,B005778,MA24G125,MA24G125,data/raw/cdsco_portal/json/2025-07_all_nsq.json,63,portal,exact,True,manual,,
P01414,D055499,B005678,NZKT-013,NZKT-013,data/raw/cdsco_alerts/central/2024-07_central_nsq.pdf,26,pdf,blank_batch,True,blank,,
P02205,D055533,B005608,L23J003A,L23J003A,data/raw/cdsco_alerts/central/2024-10_central_nsq.pdf,44,pdf,exact,True,qr_scan,,
P02148,D055535,B005714,DB230304,DB230304,data/raw/cdsco_alerts/central/2024-05_central_nsq.pdf,4,pdf,exact,True,manual,,
P02890,D055580,B006045,CE4019,CE4019,data/raw/cdsco_alerts/state/2025-01_state_nsq.pdf,86,pdf,noisy,True,manual,,
P02890,D055585,B005725,MV24Y36,MV24B36,data/raw/cdsco_alerts/central/2025-06_central_nsq.pdf,9,pdf,decoy,False,manual,,
P01784,D055588,B005676,01KF0301,01AF0301,data/raw/cdsco_alerts/state/2025-06_state_nsq.pdf,15,pdf,decoy,False,manual,,
P04426,D055624,B005955,QDT-250083,QDT-250088,data/raw/cdsco_portal/json/2025-07_all_nsq.json,13,portal,decoy,False,manual,,
P04497,D055630,B005723,UGT271163,UGT231163,data/raw/cdsco_alerts/central/2025-01_central_nsq.pdf,28,pdf,decoy,False,qr_scan,,
P01038,D055734,B005627,ME434,ME404,data/raw/cdsco_alerts/state/2024-11_state_nsq.pdf,55,pdf,decoy,False,manual,,
P04102,D055815,B005815,GG202014,GG204014,data/raw/cdsco_alerts/state/2025-04_state_nsq.pdf,96,pdf,decoy,False,qr_scan,,
P02657,D055818,B005626,ME404,ME404,data/raw/cdsco_alerts/state/2024-11_state_nsq.pdf,55,pdf,exact,True,qr_scan,,
P00657,D055821,B005986,MDP-649,MDP-649,data/raw/cdsco_alerts/state/2025-04_state_nsq.pdf,132,pdf,exact,True,qr_scan,,
P02224,D055838,B005558,1I245476,1I245476,data/raw/cdsco_alerts/central/2025-04_central_nsq.pdf,24,pdf,exact,True,qr_scan,B,False
P02851,D055904,B005836,MBT23068,MBT23068,data/raw/cdsco_alerts/central/2024-10_central_nsq.pdf,50,pdf,exact,True,qr_scan,,
P02723,D055930,B005988,AT-052410,AT-052410,data/raw/cdsco_alerts/state/2025-05_state_nsq.pdf,92,pdf,exact,True,qr_scan,,
P03040,D055935,B005660,ST-25456,ST-25456,data/raw/cdsco_alerts/central/2025-04_central_nsq.pdf,32,pdf,exact,True,qr_scan,,
P01845,D055941,B005620,HIHE63028A,HIHE23028A,data/raw/cdsco_alerts/central/2024-08_central_nsq.pdf,14,pdf,decoy,False,qr_scan,,
P02780,D055983,B005761,CLT-214A,CLT-214A,data/raw/cdsco_alerts/central/2025-06_central_nsq.pdf,22,pdf,noisy,True,manual,,
P02780,D055989,B005591,AFL241415,AFL241415,data/raw/cdsco_alerts/central/2025-02_central_nsq.pdf,40,pdf,noisy,True,manual,,
P02411,D056010,B005918,TA24035,TA24035,data/raw/cdsco_alerts/state/2024-11_state_nsq.pdf,52,pdf,exact,True,qr_scan,,
P00609,D056088,B005653,07493,07493,data/raw/cdsco_alerts/central/2025-03_central_nsq.pdf,49,pdf,exact,True,manual,,
P03217,D056096,B005944,PT40578,DT40078,data/raw/cdsco_alerts/central/2025-02_central_nsq.pdf,45,pdf,decoy,False,qr_scan,,
P03712,D056104,B005934,S-2245,S-2245,data/raw/cdsco_alerts/central/2024-04_central_nsq.pdf,24,pdf,noisy,True,manual,,
P03712,D056216,B005689,F31823,F31823,data/raw/cdsco_alerts/central/2024-07_central_nsq.pdf,3,pdf,exact,True,manual,,
P03573,D056228,B005680,TSF-C0116,TSF-C0116,data/raw/cdsco_alerts/central/2025-04_central_nsq.pdf,35,pdf,exact,True,manual,,
P02723,D056250,B005640,DP4111,DP4111,data/raw/cdsco_portal/json/2025-07_all_nsq.json,19,portal,exact,True,qr_scan,,
P01021,D056295,B006093,PZD242206,PZD242206,data/raw/cdsco_alerts/central/2025-05_central_nsq.pdf,46,pdf,exact,True,qr_scan,,
P02287,D056316,B006062,30976,10976,data/raw/cdsco_alerts/state/2024-11_state_nsq.pdf,42,pdf,decoy,False,qr_scan,,
P03683,D056371,B005972,BE0O,BL0l,data/raw/cdsco_alerts/state/2025-05_state_nsq.pdf,93,pdf,decoy,False,qr_scan,,
P04095,D056420,B005673,STYO-0203,STRO-0103,data/raw/cdsco_alerts/combined/2023-12_combined.pdf,45,pdf,decoy,False,qr_scan,,
P01680,D056500,B005731,UD6C-23409E,UD2C-23469E,data/raw/cdsco_alerts/central/2024-10_central_nsq.pdf,24,pdf,decoy,False,qr_scan,,
P00588,D056588,B005674,R-240327,R-240327,data/raw/cdsco_alerts/state/2025-05_state_nsq.pdf,106,pdf,exact,True,manual,,
P01903,D056705,B006001,B-22080D,B-22680D,data/raw/cdsco_alerts/central/2024-05_central_nsq.pdf,12,pdf,decoy,False,manual,,
P01518,D056778,B005702,SLG24095,SLG24095,data/raw/cdsco_alerts/state/2025-05_state_nsq.pdf,118,pdf,exact,True,qr_scan,,
P01569,D056787,B005891,TF240782,TF240782,data/raw/cdsco_alerts/state/2025-04_state_nsq.pdf,135,pdf,exact,True,qr_scan,,
P01295,D056880,B006071,AGWT25030,AGWT25030,data/raw/cdsco_alerts/state/2025-04_state_nsq.pdf,102,pdf,exact,True,qr_scan,,
P04259,D056899,B005746,CF-B1,CF-B1,data/raw/cdsco_alerts/combined/2024-03_combined.pdf,3,pdf,exact,True,qr_scan,,
P04411,D056971,B006011,MT-25D60,MT-25D60,data/raw/cdsco_alerts/state/2025-06_state_nsq.pdf,91,pdf,exact,True,manual,,
P03310,D057045,B005759,A24AM130,A24AM130,data/raw/cdsco_alerts/state/2024-12_state_nsq.pdf,39,pdf,exact,True,qr_scan,,
P01163,D057055,B005792,L/640318,L/040618,data/raw/cdsco_alerts/central/2024-06_central_nsq.pdf,13,pdf,decoy,False,manual,,
P01163,D057068,B006065,BE32456,BE32456,data/raw/cdsco_alerts/central/2024-11_central_nsq.pdf,1,pdf,blank_batch,True,blank,,
P01834,D057095,B005792,L/640318,L/040618,data/raw/cdsco_alerts/central/2024-06_central_nsq.pdf,13,pdf,decoy,False,qr_scan,,
P00808,D057113,B006046,CL4319,CE4019,data/raw/cdsco_alerts/state/2025-01_state_nsq.pdf,86,pdf,decoy,False,manual,,
P00808,D057117,B005889,24-XLS-010,24-XLS-010,data/raw/cdsco_alerts/state/2025-01_state_nsq.pdf,67,pdf,noisy,True,manual,,
P00808,D057133,B005889,24-XLS-010,24-XLS-010,data/raw/cdsco_alerts/state/2025-01_state_nsq.pdf,67,pdf,exact,True,qr_scan,,
P01180,D057171,B005843,03BF2475,03BF2475,data/raw/cdsco_alerts/central/2024-09_central_nsq.pdf,33,pdf,exact,True,manual,,
P02849,D057191,B005987,RDP-647,MDP-649,data/raw/cdsco_alerts/state/2025-04_state_nsq.pdf,132,pdf,decoy,False,manual,,
P01250,D057235,B005950,MV24Q39,MV24B35,data/raw/cdsco_alerts/central/2025-03_central_nsq.pdf,36,pdf,decoy,False,blank,,
P01381,D057238,B005818,UF2184145C,UF2184145C,data/raw/cdsco_alerts/central/2024-07_central_nsq.pdf,56,pdf,exact,True,qr_scan,,
P02190,D057266,B005745,PS-2304,BS-2303,data/raw/cdsco_alerts/combined/2023-12_combined.pdf,30,pdf,decoy,False,qr_scan,,
P01396,D057291,B005670,L-24022,L-24022,data/raw/cdsco_alerts/central/2024-11_central_nsq.pdf,38,pdf,noisy,True,manual,,
P00079,D057317,B005886,23UJ85,23UJ85,data/raw/cdsco_alerts/central/2024-04_central_nsq.pdf,9,pdf,blank_batch,True,blank,,
P03296,D057320,B005758,JL-231243,JL-231248,data/raw/cdsco_alerts/central/2024-04_central_nsq.pdf,11,pdf,decoy,False,blank,,
P00733,D057326,B005849,WHL-81785,WHL-01715,data/raw/cdsco_alerts/combined/2024-02_combined.pdf,30,pdf,decoy,False,manual,,
P01516,D057335,B006036,IBT-11189,IBT-11189,data/raw/cdsco_alerts/central/2024-10_central_nsq.pdf,17,pdf,blank_batch,True,blank,,
P03966,D057401,B005772,23L-185,23L-162,data/raw/cdsco_alerts/state/2024-12_state_nsq.pdf,54,pdf,decoy,False,blank,,
P03590,D057413,B005625,22X23862,22X23002,data/raw/cdsco_alerts/central/2024-09_central_nsq.pdf,7,pdf,decoy,False,blank,,
P04783,D057453,B005667,03BF1734,03BF1734,data/raw/cdsco_alerts/central/2024-07_central_nsq.pdf,27,pdf,noisy,True,manual,,
P04783,D057456,B006088,SPB240221,SPB240221,data/raw/cdsco_alerts/state/2025-03_state_nsq.pdf,51,pdf,noisy,True,manual,,
P00188,D057495,B005853,DUL24199,ASL24199,data/raw/cdsco_alerts/state/2025-05_state_nsq.pdf,13,pdf,decoy,False,qr_scan,,
P03373,D057509,B005613,GMW0116,GMW0116,data/raw/cdsco_portal/json/2025-07_all_nsq.json,71,portal,exact,True,qr_scan,,
P02763,D057515,B005901,CCAG24001E,ACAG24001E,data/raw/cdsco_alerts/state/2025-05_state_nsq.pdf,8,pdf,decoy,False,manual,,
P00541,D057526,B005744,BS-2303,BS-2303,data/raw/cdsco_alerts/combined/2023-12_combined.pdf,30,pdf,exact,True,manual,,
P03685,D057609,B005922,2511723,2511723,data/raw/cdsco_alerts/state/2025-06_state_nsq.pdf,6,pdf,exact,True,qr_scan,,
P00719,D057711,B005713,E25B026,E25B026,data/raw/cdsco_alerts/central/2025-06_central_nsq.pdf,38,pdf,exact,True,qr_scan,,
P03596,D057722,B005561,YCRE33010,YCRE23010,data/raw/cdsco_portal/json/2025-07_all_nsq.json,41,portal,decoy,False,qr_scan,,
P02056,D057744,B005758,JL-231243,JL-231248,data/raw/cdsco_alerts/central/2024-04_central_nsq.pdf,11,pdf,decoy,False,manual,,
P00939,D057771,B005668,2378021,2378021,data/raw/cdsco_portal/json/2025-07_all_nsq.json,121,portal,exact,True,qr_scan,,
P04895,D057819,B005787,PAR-31,PAR-31,data/raw/cdsco_alerts/central/2024-05_central_nsq.pdf,22,pdf,blank_batch,True,blank,,
P03174,D057834,B005922,2511723,2511723,data/raw/cdsco_alerts/state/2025-06_state_nsq.pdf,6,pdf,exact,True,qr_scan,,
P03986,D057837,B005606,A2402-07F,C2402-02F,data/raw/cdsco_alerts/central/2024-05_central_nsq.pdf,39,pdf,decoy,False,qr_scan,,
P01954,D057855,B005998,724-37,724-37,data/raw/cdsco_alerts/central/2025-02_central_nsq.pdf,34,pdf,exact,True,manual,,
P03927,D057857,B005791,L/040618,L/040618,data/raw/cdsco_alerts/central/2024-06_central_nsq.pdf,13,pdf,exact,True,qr_scan,,
P03068,D057862,B005904,TX-17798,TX-17798,data/raw/cdsco_alerts/central/2024-08_central_nsq.pdf,6,pdf,noisy,True,manual,,
P04484,D057870,B005615,HICO23010A,HICO23010A,data/raw/cdsco_alerts/combined/2023-12_combined.pdf,33,pdf,exact,True,manual,,
P02341,D057899,B005890,AL-5770,AL-5770,data/raw/cdsco_alerts/state/2025-05_state_nsq.pdf,69,pdf,exact,True,qr_scan,,
P02447,D057937,B005759,A24AM130,A24AM130,data/raw/cdsco_alerts/state/2024-12_state_nsq.pdf,39,pdf,exact,True,qr_scan,,
P04411,D057986,B005812,LV4984,LV4984,data/raw/cdsco_alerts/central/2025-04_central_nsq.pdf,54,pdf,blank_batch,True,blank,,
P01954,D058007,B005615,HICO23010A,HICO23010A,data/raw/cdsco_alerts/combined/2023-12_combined.pdf,33,pdf,blank_batch,True,blank,,
P04281,D058027,B005849,WHL-81785,WHL-01715,data/raw/cdsco_alerts/combined/2024-02_combined.pdf,30,pdf,decoy,False,qr_scan,,
P00687,D058029,B005655,MT-44D33,MT-24D03,data/raw/cdsco_alerts/central/2025-05_central_nsq.pdf,29,pdf,decoy,False,manual,,
P02447,D058057,B005890,AL-5770,AL-5770,data/raw/cdsco_alerts/state/2025-05_state_nsq.pdf,69,pdf,exact,True,qr_scan,,
P01962,D058108,B006076,N400736,N400726,data/raw/cdsco_alerts/central/2025-05_central_nsq.pdf,20,pdf,decoy,False,qr_scan,,
P01357,D058115,B005684,XMHD-001,XMSD-001,data/raw/cdsco_alerts/combined/2024-02_combined.pdf,2,pdf,decoy,False,blank,,
P02369,D058129,B005955,QDT-250083,QDT-250088,data/raw/cdsco_portal/json/2025-07_all_nsq.json,13,portal,decoy,False,manual,,
P02787,D058132,B006076,N400736,N400726,data/raw/cdsco_alerts/central/2025-05_central_nsq.pdf,20,pdf,decoy,False,qr_scan,,
P02534,D058156,B005765,MO24H27,MO24H27,data/raw/cdsco_alerts/central/2025-04_central_nsq.pdf,1,pdf,blank_batch,True,blank,,
P01309,D058173,B005591,AFL241415,AFL241415,data/raw/cdsco_alerts/central/2025-02_central_nsq.pdf,40,pdf,blank_batch,True,blank,,
P04437,D058233,B005807,OS24042,TS24042,data/raw/cdsco_alerts/state/2025-06_state_nsq.pdf,71,pdf,decoy,False,manual,,
P02981,D058240,B005925,CHT23725,CHT23725,data/raw/cdsco_alerts/state/2025-04_state_nsq.pdf,123,pdf,exact,True,qr_scan,,
P02553,D058256,B005687,GTE1974,GTE1974,data/raw/cdsco_alerts/central/2025-03_central_nsq.pdf,60,pdf,exact,True,manual,,
P03571,D058299,B005916,T24/013A,T24/013A,data/raw/cdsco_alerts/state/2025-03_state_nsq.pdf,13,pdf,noisy,True,manual,,
P02629,D058301,B005587,SS-084032,SS-084032,data/raw/cdsco_alerts/state/2024-12_state_nsq.pdf,69,pdf,exact,True,qr_scan,,
P03571,D058327,B005616,TICO03010A,HICO23010A,data/raw/cdsco_alerts/combined/2023-12_combined.pdf,33,pdf,decoy,False,manual,,
P03575,D058348,B005823,23101006A,23101006A,data/raw/cdsco_alerts/central/2024-11_central_nsq.pdf,14,pdf,exact,True,qr_scan,,
P00664,D058360,B005868,RBLS-02501,RBLS-02501,data/raw/cdsco_alerts/central/2025-04_central_nsq.pdf,20,pdf,exact,True,qr_scan,,
P04602,D058371,B005860,GT3J023,GT3J023,data/raw/cdsco_alerts/central/2024-08_central_nsq.pdf,4,pdf,exact,True,qr_scan,,
P04281,D058401,B005591,AFL241415,AFL241415,data/raw/cdsco_alerts/central/2025-02_central_nsq.pdf,40,pdf,exact,True,qr_scan,,
P03047,D058419,B005891,TF240782,TF240782,data/raw/cdsco_alerts/state/2025-04_state_nsq.pdf,135,pdf,noisy,True,manual,,
P04811,D058488,B005743,SCI-2605,SCI-2305,data/raw/cdsco_alerts/state/2025-01_state_nsq.pdf,44,pdf,decoy,False,qr_scan,,
P02822,D058494,B005995,303-885,323-885,data/raw/cdsco_alerts/central/2024-05_central_nsq.pdf,20,pdf,decoy,False,qr_scan,,
P00917,D058587,B005848,WHL-01715,WHL-01715,data/raw/cdsco_alerts/combined/2024-02_combined.pdf,30,pdf,exact,True,qr_scan,,
P03185,D058593,B005772,23L-185,23L-162,data/raw/cdsco_alerts/state/2024-12_state_nsq.pdf,54,pdf,decoy,False,manual,,
P02751,D058634,B006071,AGWT25030,AGWT25030,data/raw/cdsco_alerts/state/2025-04_state_nsq.pdf,102,pdf,exact,True,manual,,
P02481,D058655,B005622,3760,3780,data/raw/cdsco_alerts/state/2025-05_state_nsq.pdf,53,pdf,decoy,False,manual,,
P02156,D058799,B005930,OM-11068,OM-11068,data/raw/cdsco_portal/json/2025-07_all_nsq.json,49,portal,exact,True,manual,,
P04351,D058815,B006040,MD24E30,MD24E30,data/raw/cdsco_alerts/central/2025-02_central_nsq.pdf,21,pdf,noisy,True,manual,,
P00555,D058830,B005868,RBLS-02501,RBLS-02501,data/raw/cdsco_alerts/central/2025-04_central_nsq.pdf,20,pdf,noisy,True,manual,,
P03567,D058858,B005835,PPTC082,PPTC082,data/raw/cdsco_alerts/state/2025-04_state_nsq.pdf,122,pdf,noisy,True,manual,,
P00430,D058922,B005811,54BC0660,04BF0660,data/raw/cdsco_alerts/state/2025-06_state_nsq.pdf,14,pdf,decoy,False,qr_scan,,
P01193,D058932,B005718,TPD24018,TPD24018,data/raw/cdsco_alerts/central/2025-03_central_nsq.pdf,31,pdf,exact,True,manual,,
P00980,D058933,B006016,LMT240348,LMT240348,data/raw/cdsco_alerts/central/2024-07_central_nsq.pdf,48,pdf,noisy,True,manual,,
P02341,D058938,B005848,WHL-01715,WHL-01715,data/raw/cdsco_alerts/combined/2024-02_combined.pdf,30,pdf,noisy,True,manual,,
P00354,D058940,B005956,KI124110,KI124110,data/raw/cdsco_alerts/state/2025-05_state_nsq.pdf,83,pdf,blank_batch,True,blank,,
P00921,D058941,B005723,UGT271163,UGT231163,data/raw/cdsco_alerts/central/2025-01_central_nsq.pdf,28,pdf,decoy,False,qr_scan,,
P03820,D058993,B005949,MV24B35,MV24B35,data/raw/cdsco_alerts/central/2025-03_central_nsq.pdf,36,pdf,exact,True,manual,,
P04093,D058999,B006038,2411039,2411039,data/raw/cdsco_alerts/state/2025-05_state_nsq.pdf,120,pdf,noisy,True,manual,,
P00834,D059033,B005614,GMW5716,GMW0116,data/raw/cdsco_portal/json/2025-07_all_nsq.json,71,portal,decoy,False,blank,,
P01949,D059047,B005868,RBLS-02501,RBLS-02501,data/raw/cdsco_alerts/central/2025-04_central_nsq.pdf,20,pdf,noisy,True,manual,,
P00028,D059082,B005765,MO24H27,MO24H27,data/raw/cdsco_alerts/central/2025-04_central_nsq.pdf,1,pdf,exact,True,manual,,
P04425,D059103,B005749,NTD0203,NTD0203,data/raw/cdsco_alerts/central/2024-08_central_nsq.pdf,34,pdf,exact,True,manual,,
P03100,D059107,B005771,23L-162,23L-162,data/raw/cdsco_alerts/state/2024-12_state_nsq.pdf,54,pdf,exact,True,qr_scan,,
P04076,D059129,B005790,WAM24011,WAM24011,data/raw/cdsco_alerts/state/2024-12_state_nsq.pdf,7,pdf,exact,True,qr_scan,,
P02653,D059158,B005567,TSU2404015,LSU2404015,data/raw/cdsco_alerts/central/2024-10_central_nsq.pdf,15,pdf,decoy,False,manual,,
P04926,D059174,B005757,JL-231248,JL-231248,data/raw/cdsco_alerts/central/2024-04_central_nsq.pdf,11,pdf,blank_batch,True,blank,,
P03820,D059235,B005830,QINM23032B,HINM23002B,data/raw/cdsco_alerts/central/2024-04_central_nsq.pdf,26,pdf,decoy,False,qr_scan,,
P02808,D059250,B005704,TS24047,TS24047,data/raw/cdsco_alerts/state/2025-06_state_nsq.pdf,70,pdf,exact,True,manual,,
P03212,D059260,B006005,2300104,2304104,data/raw/cdsco_alerts/combined/2023-12_combined.pdf,57,pdf,decoy,False,manual,,
P02429,D059284,B005897,CT74100,CT24100,data/raw/cdsco_alerts/state/2025-06_state_nsq.pdf,45,pdf,decoy,False,manual,,
P01494,D059349,B005988,AT-052410,AT-052410,data/raw/cdsco_alerts/state/2025-05_state_nsq.pdf,92,pdf,exact,True,qr_scan,,
P03920,D059352,B005973,23051901,23051901,data/raw/cdsco_alerts/central/2025-04_central_nsq.pdf,37,pdf,exact,True,qr_scan,,
P02150,D059364,B005852,ASL24199,ASL24199,data/raw/cdsco_alerts/state/2025-05_state_nsq.pdf,13,pdf,exact,True,manual,,
P02641,D059377,B005784,BOB-2521,BOB-2451,data/raw/cdsco_alerts/central/2025-03_central_nsq.pdf,9,pdf,decoy,False,manual,,
P04775,D059441,B005867,MO24H22,MO24H22,data/raw/cdsco_alerts/central/2025-04_central_nsq.pdf,3,pdf,exact,True,qr_scan,,
P04775,D059442,B005813,AGWT25031,AGWT25031,data/raw/cdsco_alerts/state/2025-04_state_nsq.pdf,91,pdf,blank_batch,True,blank,,
P01340,D059443,B006021,AT-110,AT-110,data/raw/cdsco_portal/json/2025-07_all_nsq.json,91,portal,noisy,True,manual,,
P01675,D059465,B005641,DP4131,DP4111,data/raw/cdsco_portal/json/2025-07_all_nsq.json,19,portal,decoy,False,qr_scan,,
P02503,D059483,B005604,4D40188,4D40168,data/raw/cdsco_alerts/state/2025-04_state_nsq.pdf,8,pdf,decoy,False,qr_scan,,
P00594,D059497,B005700,MLHT-1022,MLHT-1022,data/raw/cdsco_alerts/state/2024-10_state_nsq.pdf,25,pdf,exact,True,qr_scan,,
P02193,D059550,B005739,TC-3277005,TC-3270005,data/raw/cdsco_alerts/central/2024-11_central_nsq.pdf,15,pdf,decoy,False,manual,,
P00549,D059583,B005709,AT-25D55,MT-25D55,data/raw/cdsco_alerts/state/2025-06_state_nsq.pdf,93,pdf,decoy,False,qr_scan,,
P00301,D059602,B005855,PGT24672,PGT24672,data/raw/cdsco_alerts/state/2025-02_state_nsq.pdf,1,pdf,exact,True,qr_scan,,
P00169,D059620,B005703,SLG24091,SLG24095,data/raw/cdsco_alerts/state/2025-05_state_nsq.pdf,118,pdf,decoy,False,qr_scan,,
P02028,D059649,B005685,A297,A297,data/raw/cdsco_alerts/state/2025-04_state_nsq.pdf,64,pdf,blank_batch,True,blank,,
P02876,D059700,B005814,GG204014,GG204014,data/raw/cdsco_alerts/state/2025-04_state_nsq.pdf,96,pdf,exact,True,manual,,
P01589,D059704,B005861,GT3J523,GT3J023,data/raw/cdsco_alerts/central/2024-08_central_nsq.pdf,4,pdf,decoy,False,manual,,
P03963,D059726,B005796,SHL3037,SHL3037,data/raw/cdsco_alerts/central/2024-09_central_nsq.pdf,45,pdf,blank_batch,True,blank,,
P04801,D059759,B005979,L2310099,L2310099,data/raw/cdsco_alerts/combined/2024-03_combined.pdf,33,pdf,noisy,True,manual,,
P02386,D059814,B005569,ST-023,ST-223,data/raw/cdsco_alerts/central/2024-06_central_nsq.pdf,26,pdf,decoy,False,manual,,
P00292,D059839,B005606,A2402-07F,C2402-02F,data/raw/cdsco_alerts/central/2024-05_central_nsq.pdf,39,pdf,decoy,False,qr_scan,,
P02377,D059873,B005704,TS24047,TS24047,data/raw/cdsco_alerts/state/2025-06_state_nsq.pdf,70,pdf,exact,True,manual,,
P04009,D059908,B005900,ACAG24001E,ACAG24001E,data/raw/cdsco_alerts/state/2025-05_state_nsq.pdf,8,pdf,exact,True,manual,,
P03911,D059918,B005945,DYC-24007,DYC-24007,data/raw/cdsco_alerts/central/2025-05_central_nsq.pdf,23,pdf,exact,True,qr_scan,,
P04009,D059927,B006046,CL4319,CE4019,data/raw/cdsco_alerts/state/2025-01_state_nsq.pdf,86,pdf,decoy,False,blank,,
P04653,D059959,B005970,13-8536,13-4536,data/raw/cdsco_alerts/state/2025-05_state_nsq.pdf,84,pdf,decoy,False,manual,,
P00693,D059972,B005913,AGWT25025,AGWT25025,data/raw/cdsco_alerts/state/2025-04_state_nsq.pdf,87,pdf,exact,True,qr_scan,,
P02223,D060012,B006040,MD24E30,MD24E30,data/raw/cdsco_alerts/central/2025-02_central_nsq.pdf,21,pdf,exact,True,qr_scan,,
