batch_no_raw,batch_no_norm,product_name,manufacturer_raw,mfg_date,exp_date,nsq_result,nsq_source_file,nsq_row_no,origin,scenario
OL-032309,OL032309,"Ambroxol Hydrochloride, Levosalbutamol Sulphate and Guaiphenesin Syrup (KOFVON LS Syrup)","Sickcure Pharmaceuticals, Plot No. 52A, Industiral Area, Gondpur, Tehsil-Paonta Sahib, Distt. Sirmour (H.P.) 173025",2023-03,2025-02,Ethylene Glycol (EG) is exceeding the permissible limit,data/raw/cdsco_alerts/combined/2024-02_combined.pdf,43,pdf,A
1I245476,1I245476,Compound Sodium Lactate Injection IP (RINGER-LACTATE SOLUTION FOR INJECTION ) (RL),"M/s. Aculife Healthcare Pvt. Ltd., Sachana, Gujarat-382150, India",2024-09,2027-08,Sterility,data/raw/cdsco_alerts/central/2025-04_central_nsq.pdf,24,pdf,B
ONA12515,ONA12515,Ondansetron Injection IP 2 mg/ml,"M/s. Nandani Medical Laboratories Pvt. Ltd., 221/5, Bicholi Hapsi, Kanadia Road, Indore.",2025-01,2026-12,Particulate matter,data/raw/cdsco_alerts/central/2025-05_central_nsq.pdf,5,pdf,
YCRE23010,YCRE23010,Rantac RD (Rabeprazole and Domperidone Capsule),"M/s. Innova Captab Ltd., 1281/1, Hilltop Industrial Estate, Near EPIP, Phase-I, Jharmajri, Baddi, Solan, H.P.",2023-10,2025-09,The sample does not conform to claim with respect of 'Assay' test.,data/raw/cdsco_portal/json/2025-07_all_nsq.json,41,portal,
24EC721,24EC721,Sodium Chloride Injection I.P (NS),"M/s. Pentagon Labs Ltd., 16C/16D, Industrial Area No.1, A.B. Road, Dewas-455001 (M.P)",2024-07,2026-06,Sterility,data/raw/cdsco_alerts/state/2025-06_state_nsq.pdf,19,pdf,
HT24565,HT24565,"Emiral OD Tablets, Ondansetron orally disintegrating Tablets IP","M/s Habitare Pharma Pvt Ltd Plot no. 43-44, Industrial Estate, HSIIDC, Alipur, Barwala, Distt-Panchakula (HR) - 134118 HARYANA",2024-07,2026-06,Disintegration dose not complies as per IP.,data/raw/cdsco_alerts/state/2025-04_state_nsq.pdf,21,pdf,
LSU2404015,LSU2404015,SUCRALFATE USP,"M/s. Legend Industries, (Unit-II) C1/200, 201/4, Phase-II, GIDC, Opp. Encore Ltd., Naroda, Ahmedabad-382330, Gujarat",2024-04,2029-03,"Spurious, Identification & Assay",data/raw/cdsco_alerts/central/2024-10_central_nsq.pdf,15,pdf,
ST-223,ST223,Co-trimoxazole Tablets IP (S-tron Tablets SS),"High Tech Pharma, 49, Khandelwal compound, Palda, Indore (MP)",2023-06,2025-05,Dissolution (Trimethopri m and Sulphametho xazole),data/raw/cdsco_alerts/central/2024-06_central_nsq.pdf,26,pdf,
L3352301A,L3352301A,Propofol Injection IP 500 mg/50 ml (Hyprovan 500 Injection),"Protech Telelinks, Mauza Ogli, Suketi Road, Kala Amb. Dist. Sirmour - 173030 (H.P.)",2023-06,2025-05,Assay of Propofol,data/raw/cdsco_alerts/combined/2024-02_combined.pdf,8,pdf,
724543,724543,Ambroxol Hydrochloride Syrup,"M/s By: Syndicate Pharma 185/B, 185/B-1, 187/A & 188, Sector-F, Sanwer Road, Indore - 452015 MADHYA PRADESH",2024-11,2026-10,"Misbranded The drug failed to indicate the common name of the colour, used in the drug, on the product label, as required under Rule 127(2) of the Drugs Rules, 1945. The label merely states Approved Colour Used. Hence, the drug is deemed to be Misbranded under Section 17 of the Drugs and Cosmetics Act, 1940, as it is not labeled in the prescribed manner.",data/raw/cdsco_alerts/state/2025-04_state_nsq.pdf,24,pdf,
TSF-B5792,TSFB5792,Diclo fenac Sodium and Paracetamol Tablets…. (DICLOZEG-P),"M/s. Spen Formulations Pvt. Ltd., Plot No-123, Industrial Area, Mehatpur, Distt. UNA-174315 (H.P.)",2023-10,2025-09,The Product is official in I.P 2022 but the same is not mentioned anywhere on the label.,data/raw/cdsco_alerts/state/2025-05_state_nsq.pdf,108,pdf,
RD220034,RD220034,Amoxycillin Oral Suspension IP,"M/s. Ridley Life Science Pvt. Ltd., D-1651, DSIDC, Indl. Complex, Narela, Delhi- 110040",2022-10,2024-09,Assay/Content of Amoxycillin,data/raw/cdsco_alerts/central/2024-04_central_nsq.pdf,31,pdf,
PGT24708,PGT24708,Calcium and Vitamin D3 Tablets IP,Affy Parenterals Vill Gullenwala P.Obaddi Distt. Solan (HP-173205,2024-09,2026-08,The sample does not conform to the IP with respect to Assay of Vitamin D3,data/raw/cdsco_portal/json/2025-07_all_nsq.json,80,portal,
JDO-1027,JDO1027,Chlorhexidine Gluconate Solution 4% w/v Surgical Scrubbing,"Jpee Drugs, Plot No. - 53, Sector 6-A, SIDCUL, Haridwar (Uttarakhand).",2023-05,2025-04,"pH, weight per ml and Assay",data/raw/cdsco_alerts/combined/2024-01_combined.pdf,1,pdf,
16240148D,16240148D,Thyroxine Sodium tablets IP (THYROX-25),"M/s. Macleods Pharmaceuticals Ltd., Plot No-2209, GIDC, Sarigam, Dist-Valsad-396155, Gujarat",2024-05,2026-04,Dissolution,data/raw/cdsco_alerts/central/2024-12_central_nsq.pdf,15,pdf,
GV3E001,GV3E001,Heparin Sodium Injection IP 25000 IU / 5 ml,"M/s. Scott-Edil Pharmacia Ltd., 56, EPIP, Phase-I, Jharmajri, Baddi, Distt. Solan 173205 H.P. (India)",2023-05,2026-04,"pH, Particulate Matter, Assay of Heparin (Anti-factor Iia activity), Description",data/raw/cdsco_alerts/central/2024-11_central_nsq.pdf,7,pdf,
ANET1107,ANET1107,Aspirin Gastro-resistant Tablets IP 75 mg,"M/s. Unicure India Ltd., C-21, 22 & 23 Sector-3, Noida-201301, Distt. GautamBudh Nagar (U.P.)",2023-07,2024-12,Test for Salicylic Acid,data/raw/cdsco_alerts/central/2024-11_central_nsq.pdf,9,pdf,
MC-24229,MC24229,Pantoprazole Gastro-Resistant and Domperidone Prolonged-release Capsules IP (Pantoryl-DSR ),"M/s. Matins Healthcare Pvt. Ltd., Plot No.-10, Sector-5, I.I.E., SIDCUL, HARIDWAR-249403 (U.K.)",2024-04,2026-03,Dissolution of Pantoprazole Sodium in Buffer stage,data/raw/cdsco_alerts/central/2025-03_central_nsq.pdf,13,pdf,
SS-084032,SS084032,Surgi Spirit,"Transflex, Hawahar Nagar, Ranipur (C.G),492001.",2024-08,2026-07,Sample does not conform IP Specifciation for Surgical Spirit with respect to weight per ml.,data/raw/cdsco_alerts/state/2024-12_state_nsq.pdf,69,pdf,
SB43/001M/24,SB43001M24,Colestyramine BP,"M/s. Phaex Polymers Private Limited Plot No. : F-10, MIDC, Murbad, Dist- Thane-421401, Maharastra.",2024-07,2029-07,Loss on drying,data/raw/cdsco_alerts/central/2025-06_central_nsq.pdf,46,pdf,
AFL241415,AFL241415,Bacillus clausii Spores Suspension (Bactogermina Oral Suspension 2 Billion/ 5 ml),"AARMED FORMULATIONS PVT. LTD., Survey No.431/2, Plot No.1, Steel Town, Moraiya, Tal. Sanand, Dist. Ahmedabad, (Gujarat)",2024-10,2026-09,"Assay as ""Viability"" (Total viable count)",data/raw/cdsco_alerts/central/2025-02_central_nsq.pdf,40,pdf,
TA24688,TA24688,Bisacodyl Tablets IP 5mg,"M/s.Saintlife Pharmaceuticals Ltd, 323, Central Hope Town, Industrial Area, Selaqui, Dehradun-248011, Uttarakhand.",2024-08,2026-07,Sample does not conform to IP specification for Bisacodyl Tablets with respect to Dissolution (Acid medium and Buffer medium),data/raw/cdsco_alerts/state/2025-04_state_nsq.pdf,44,pdf,
V0244001,V0244001,Paracetamol Paediatric Oral Suspension IP,"M/s.Vivimed Labs Limited., Plot No. 25, Kundeshwari Village, Kashipur 244713, Uttarakhand.",2024-02,2026-01,Related Substances,data/raw/cdsco_alerts/central/2024-09_central_nsq.pdf,35,pdf,
SVI-24171A,SVI24171A,Ferric Carboxymaltose Injection 500 mg/ 10 ml (For IV Injection / Infusion),"Sunvet Healthcare, Village Shambhuwala, Paonta Road, Distt. Sirmour (H.P.) 173001,",2024-08,2026-07,"""Bacterial Endotoxins"", ""Sterility"" and ""Assay""",data/raw/cdsco_alerts/central/2025-02_central_nsq.pdf,42,pdf,
LV4987,LV4987,Sodium Chloride Injection IP 0.9 %w/v,"M/s.Captab Biotec, Unit-II, Plot No.125, E.P.I.P. Road, Mauja, Jharmajri, Baddi, Distt. Solan (H.P.)-173205",2024-11,2026-10,Bacterial endotoxins and Sterility,data/raw/cdsco_alerts/central/2025-04_central_nsq.pdf,52,pdf,
GT300234,GT300234,Paziva -40,"M/s.Gnosis Pharmaceuticals Pvt.Ltd, Nahan Road , Village Moginand , Kala-Amb Dist. Sirmour, HP-173 030",2023-05,2025-04,It fails the test ‘Dissolution’ as per IP,data/raw/cdsco_alerts/state/2024-08_state_nsq.pdf,1,pdf,
E24020A,E24020A,Osco rcip-D Eye/Ear Drops,"M/s. Oscar Remedies Pvt Ltd., Oscar House, Badi Majra Yamuna Nagar Haryaana 135001",2024-02,2026-01,1. The content of Ciprofloxacin in the sample is more (i.e 1023.33% of the labelled amount) than the permissible limits. 2. The sample does not give HPLC identification test for the presence of Dexamethasone sodium phosphate. 3. The sample gives HPLC identification test for the presence of Dexamethasone. 4. The content of Dexamethasone in the sample is 0.066% w/v 5 . Test for the sterility.,data/raw/cdsco_alerts/state/2025-06_state_nsq.pdf,121,pdf,
K2302484,K2302484,IsosorbideMono nitrate Sustained Release Tablets 30 mg (Monit-30-SR),"M/s. INTAS PHARMACEUTICAL S LTD., Bagheykhola, Majhitar, Sikkim-737136, INDIA",2023-12,2026-11,Description,data/raw/cdsco_alerts/central/2024-11_central_nsq.pdf,39,pdf,
RZAB01,RZAB01,Snikuf 4,"Akums Drugs & Pharmaceuticals Ltd, 22, Sector-6A, I.I.E, Sidcul. Ranipur, Haridwar-249403, Uttrakhand.",2023-05,2025-04,Sample does not conform to label claim with respect to the content of Terbutaline Sulphate.,data/raw/cdsco_alerts/state/2024-12_state_nsq.pdf,47,pdf,
4D40168,4D40168,Compound Sodium Lactate Injection I.P (Ringer Lactate Solution for injection I.P) (RL),"M/s. IHL Lifesciences Pvt. Ltd., At village: Panwa, Tehsil: Kasrawad, Dist: Khargone 451228 (M.P) India",2024-10,2027-09,Test for Sterility,data/raw/cdsco_alerts/state/2025-04_state_nsq.pdf,8,pdf,
C2402-02F,C240202F,Ceftriaxone Injection IP,"Integrated Laboratories Pvt. Ltd., Nahan Road. Vill. Moginand, Kala Amb, Distt. Sirmour (H.P.)- 173030",2024-02,2026-01,"The sample does not conform to IP with respect to the Particulate matter, Clarity of Solution and for the reason stated under Description",data/raw/cdsco_alerts/central/2024-05_central_nsq.pdf,39,pdf,
BT408244A,BT408244A,Amoxycillin and potassium clavulanate tablets IP (AUGMONT CV 625 DUP Co-amoxiclav),"M/s.Nikvin Healthcare (I) Pvt Ltd, Baddi-Barotiwala Road, Behind Govt, Toimber Depot Vill, Katha. Baddi(HP)-173 205",2024-08,2026-04,Sample does not conform to IP specification for amoxycillin and potassium clavulanate tablets with respect to the content of Clavulanic acid in potassium clavulanate.,data/raw/cdsco_alerts/state/2025-04_state_nsq.pdf,35,pdf,
L23J003A,L23J003A,Racecadotril & Oflozacin Suspension (Combact-O + Suspension),"Bajaj Formulations, Khasra No. 161, Village-Lakeshwary, Bhagwanpur, Roorkee, Distt. Haridwar- 247661 (U.K.)",2023-10,2025-09,Assay of Racecadotril & Ofloxacin,data/raw/cdsco_alerts/central/2024-10_central_nsq.pdf,44,pdf,
KP247236,KP247236,Sterile Noradrenaline Concentrate I.P.,"M/s. NEON LABORATORIES LTD., At: Shatisthal, Plot No. 1-5, At & Post: Shirgaon, Tal. Palghar, Dist. Thane - 401 407, M.S.",2023-07,2025-06,Description & Particulate Matter,data/raw/cdsco_alerts/central/2024-07_central_nsq.pdf,7,pdf,
GT -1240,GT1240,Calcium with VItamin D3 Tablets I.P. (Calcm-D3),"Vee Laboratories, Village-Kalier, Subathu, Road-Saproon (Post Office) Solan-173211, Himachal Pradesh",2025-05,2027-04,Assay of Vitamin D3 Content Only.,data/raw/cdsco_portal/json/2025-07_all_nsq.json,38,portal,
GMW0116,GMW0116,Cadlon(Chlorhexidine Gluconate Solution & Cetrimide Antiseptic Liquid),"Microwin Labs Pvt Ltd. Plot No. 363, Industrial Area, Phase-9, Mohali 160062 Punjab",2024-08,2026-07,Description Only,data/raw/cdsco_portal/json/2025-07_all_nsq.json,71,portal,
HICO23010A,HICO23010A,CEFOPERAZONE INJECTION IP (PICOZONE INJECTION),"Health Biotech Ltd., Village Sandoli, Nalagarh Road, Baddi, Distt. Solan (H.P.)- 173205.",2023-10,2025-09,"Particulate matter, Clarity of Solution and Assay",data/raw/cdsco_alerts/combined/2023-12_combined.pdf,33,pdf,
IJWX/074,IJWX074,Chlorhexidine Gluconate & Ethyle Alcohol Baed Hand and Skin Disinfectant (Safiser Hand Rub),"M/s. SS Enterprises F-76,, Sector-8, Noida, G.B. Nagar (U.P.), India 201301",2023-09,2025-09,"Assay of Ethyl alcohol, Chlorhexidine Gluconate",data/raw/cdsco_alerts/central/2025-03_central_nsq.pdf,14,pdf,
HIHE23028A,HIHE23028A,Heparin Sodium Injection 5000 Units (Hostranil Injection),"M/s. Health Biotech Ltd., Village: Sandoli, Nalagarh Road, Baddi, Distt. Solan (H.P.), India-173205",2023-10,2025-09,"Particulate Matter, Bacterial Endotoxins & Sterility",data/raw/cdsco_alerts/central/2024-08_central_nsq.pdf,14,pdf,
3780,3780,Moxi-KT EYE DROPS (Moxifloxacin 0.5 % + Ketorolac 0.4% + H.P.M.C. 0.025 % Opthalmic solution),"M/s.Eden Drugs Pvt. Ltd. S.G.R.D.J. Airport Road Meerankot Distt. Amritsar,Punjab",2024-08,2026-07,Assay of Ketorolac(80.75%),data/raw/cdsco_alerts/state/2025-05_state_nsq.pdf,53,pdf,
T22H370C,T22H370C,Levocetrizine Dihydrochloride & Montelukast Sodium Tablets I.P. Zeemont,Bajaj Formulations,2022-08,2024-07,THE SAMPLE DOES NOT COMPLY WITH IP REQUIREMENTS FOR DISSOLUTION TEST FOR MONTELUKAST.,data/raw/cdsco_alerts/state/2024-06_state_nsq.pdf,12,pdf,
22X23002,22X23002,Oxytocin Injection I.P. 1 ml,"M/s. Radiant Parenterals Ltd., 242/4, 5 & 6, G.I.D.C. Estate at & Post Waghodia, Dist. Vadodara, Gujarat 391 760.",2023-07,2027-06,Assay,data/raw/cdsco_alerts/central/2024-09_central_nsq.pdf,7,pdf,
ME404,ME404,Metoclopramide HCL Injection IP-2ml,"TammanTitoePhar ma Pvt Ltd, 56-57, SIDCO Pharmaceutical Complex, Alathur-603110, Tamil Nadu.",2024-03,2026-02,Sample does not conform to the requirement for PH.,data/raw/cdsco_alerts/state/2024-11_state_nsq.pdf,55,pdf,
VDL-1240,VDL1240,"Ambroxol HCl, Levosalbutamoland Guaiphenesin Syrup","VVPB Pharmaceuticals Pvt. Ltd.,Kh. No. 114, Vill. Damowala, P.O. Barotiwala, Baddi, Distt. Solan (H.P.)",2022-07,2024-06,The sample does not conforms to claim as per Patent and Proprietary in respect to the Test of Diethylene Glycol (DEG) and Assay of Ambroxol Hydrochloride,data/raw/cdsco_alerts/central/2024-05_central_nsq.pdf,19,pdf,
HM-1722,HM1722,Himulti Multi Vitamin Tablets,"High Tech Pharma, 49, Khandelwal Compound, Nemawar Road, Palda, Indore-452001",2022-12,2024-05,Assay of Vitamin A Acetate and Vitamin D3,data/raw/cdsco_alerts/combined/2024-03_combined.pdf,26,pdf,
LV4210,LV4210,Ciprofloxacin Injection IP,"Captab Biotec, Unit-II, Plot No. 125, E.P.I.P.Road, Mauja, Jharmajri, Baddi, Distt. Solan (H.P.)- 1732025",2024-03,2026-02,In test of Lactic Acid per mg of Ciprofloxacin,data/raw/cdsco_alerts/central/2025-01_central_nsq.pdf,45,pdf,
T24/006A,T24006A,Albendazole tablets IP 400mg,"M/s. Samkem, 15-B & 10-B, A.K.V.N. Industrial Area, Rangwasa, Rao, Indore - 453331(M.P). Madhya Pradesh.",2024-12,2026-11,Sample does not meet the Specifications wrt. Dissolution Test as per IP.,data/raw/cdsco_alerts/state/2025-05_state_nsq.pdf,16,pdf,
GTL1296,GTL1296,Calcium Carbonate 500 mg + VIT. D3 250 IU TABLETS IP (CALXIA 500 ),"M/s. Gidsha Pharmaceuticals, Plot No.-611 612, Mega GIDC, Kharedi, Dahod-389151, Gujarat.",2024-12,2026-11,Dissolution (for Calcium),data/raw/cdsco_alerts/central/2025-03_central_nsq.pdf,26,pdf,
TA24036,TA24036,Dexamethasone Tablets IP 0.5mg,"Saintlife Pharmaceuticals Ltd, 323, Central Hope Town, Industrial Area, Selaqui, Dehradun - 248 011, Uttarakhand, India",2024-01,2025-12,Sample does not conform to IP Specification for Dexamethasone Tablets with respect to the content of Dexamethasone.,data/raw/cdsco_alerts/state/2024-12_state_nsq.pdf,56,pdf,
RL-231203,RL231203,Mobicool TM-S Suspenion,"Rednex pharmaceuticals,LS No-142, NR, HBS, Chancharvadi Vasna, Ta: sanand Di: Ahmedabad",2024-02,2026-01,Sample does not conform to Label claim with respect to content Oxetacaine,data/raw/cdsco_alerts/state/2025-01_state_nsq.pdf,60,pdf,
TCRM-010,TCRM010,Clarithromycin Tablets IP 500 mg,"M/s. Medipol Pharmaceutical India Pvt. Ltd., 1199/3, Bhud, BaddiDistt. Solan, H.P., India.",2023-11,2025-10,Dissolution,data/raw/cdsco_alerts/central/2024-11_central_nsq.pdf,12,pdf,
MT-25D71,MT25D71,Calc ium and Vitamin D3 Tablets IP,"M/s.Martin & Brown Bio-Sciences Pvt. Ltd., K.NO.918/419, Malkumajra, Nalagarh Road, Baddi, Distt. Solan (H.P.)-173205",2025-04,2027-03,Description,data/raw/cdsco_alerts/state/2025-06_state_nsq.pdf,103,pdf,
DP4111,DP4111,Heparin Injection IP 1000 IU/ml (Flagorin),"Divine Laboratories Pvt. Ltd. Block No. 471 Dabhasa, Tal. Padra, Dist. Vadodara-391440, India.",2024-03,2027-02,Assay of Heparin (Anti-factor IIa activity),data/raw/cdsco_portal/json/2025-07_all_nsq.json,19,portal,
V23146,V23146,Bupivacaine HCl in Dextrose Injection USP (5 mg+80 mg/ml),"Vital Healthcare Pvt. Ltd., Plot No. H10 and H10/1, MIDC Satpur, Nashik.",2023-06,2025-05,Description & Particulate Matter,data/raw/cdsco_alerts/combined/2024-03_combined.pdf,2,pdf,
T24/018A,T24018A,Albendazole Tablets IP 400 mg,"M/s. Samkem15-B & 10-B, A.K.V.N. INDUSTRIAL AREA, RANGWASA RAO, INDORE – 453 331 (M.P.) MADHYA PRADESH",2024-12,2026-11,Dissolution dose not complies as per IP.,data/raw/cdsco_alerts/state/2025-04_state_nsq.pdf,18,pdf,
UDT10723,UDT10723,Calcium and Vitamin D3 Tablets I.P.,"M/s. Unicure India Ltd,, C-21, 22 & 23, Sector-3, Noida-201 301, Distt. Gautam Budh Nagar (U.P.).",2023-03,2024-08,Description,data/raw/cdsco_alerts/combined/2024-03_combined.pdf,47,pdf,
CN24010001,CN24010001,Carboplatin USP,"M/s Hetero Labs Limited (Unit-I), Survey No.10, I.D.A., Gaddalotharam, Village: Jinnaram Mandal, Sangareddy Distt. Telangana, India",2024-01,2028-12,"Identification by IR, by HPLC and Loss on drying",data/raw/cdsco_alerts/central/2024-07_central_nsq.pdf,54,pdf,
AHH0230,AHH0230,Promethazine Hydrochloride Injection I.P. (PHENERGAN) 2ml,"M/s. NitinLifesciences Ltd, Rampur Ghat Road, Paonta Sahib, Dist. Sirmour173 025 (H.P.)",2022-08,2025-07,pH and Assay/ Content of Promethazine Hydrochloride,data/raw/cdsco_alerts/central/2024-11_central_nsq.pdf,34,pdf,
LMT240263,LMT240263,Calcium 500 mg withVitaminD3250 IU Tablets IP,"Life Max Cancer Laboratories , Plot No. 106 & 106 A, Sector-6A, IIE, SIDCUL, Haridwar- 249403 (U.K)",2023-03,2026-02,The sample Does not Complies conforms to I.P. with respect to the above tests only.,data/raw/cdsco_alerts/central/2024-05_central_nsq.pdf,37,pdf,
07493,07493,Calcium And Vitamin D3 Tablets IP,"M/s. Healthy Life Pharma Pvt. Ltd., Factory: N-31/1, M.I.D.C., Tarapur, Boisar - 401 506, Dist. Palghar. Maharashtra",2024-01,2025-12,Assay/Content of Vitamin D3,data/raw/cdsco_alerts/central/2025-03_central_nsq.pdf,49,pdf,
MT-24D03,MT24D03,METRONIDAZOLE TABLETS IP (Martigyl-400),"M/s.Martin & Brown Bio-sciences, K. No. 918/419, Malkumajra, Nalagarh Road, Baddi, Distt. Solan (H.P.)- 173205",2024-04,2026-03,Dissolution,data/raw/cdsco_alerts/central/2025-05_central_nsq.pdf,29,pdf,
F41799,F41799,Compound Sodium Lactate Injection I.P. (Ringer Lactate Solution for Injection ) (Hi-Ring-RL ),"M/s. HIGGS HEALTHCARE , Khasra No-480/1, Bhatolikalan Baddi, H.P.",2024-11,2027-10,Bacterial endotoxins,data/raw/cdsco_alerts/central/2025-02_central_nsq.pdf,11,pdf,
RD220037,RD220037,AMOXYCILLIN ORAL SUSPENSION I.P. 250 mg/5ml,"RIDLEY LIFE SCIENCE PVT. LTD., D-1651, DSIDC, Indl. Complex, Narela, Delhi- 110040",2022-10,2024-09,Assay & pH,data/raw/cdsco_alerts/combined/2023-12_combined.pdf,72,pdf,
ST-25456,ST25456,Cefpodoxime Proxetil Tablets I.P. 200 mg (BREPOD-200),"M/s. Sunvij Drugs Private Limited, 511, GIDC, Waghodia, Baroda-391760, Gujarat",2024-10,2026-09,Dissolution,data/raw/cdsco_alerts/central/2025-04_central_nsq.pdf,32,pdf,
MT243714,MT243714,Sitagliptin Phoshpate Tablets I.P. (50 mg),"M/s. Mascot Health Series Pvt. Ltd., Plot No. 79,80, Sec-6A, IIE, Sidcul, Haridwar 249403",2024-11,2026-10,Assay of Sitagliptin Phosphate,data/raw/cdsco_alerts/central/2025-02_central_nsq.pdf,23,pdf,
HLI615F,HLI615F,Gentamicin Injection IP-2ml,"Himalaya Meditek Private Ltd, Plot.No 35&36 Pharmacity, Selaquri Industrial Ara, Dehradun - 248 197",2024-06,2026-05,sample does not Conform to the requirement for PH,data/raw/cdsco_alerts/state/2025-01_state_nsq.pdf,50,pdf,
PA022415,PA022415,Gentamicin Sulphate Injection IP (P-Genta Injection),"M/s.Primus Pharmaceuticals, Sadhoura Road, Mouza ogli Khari Vill Asgarpur Majra, Kala Amb. Distt. Sirmour-(H. P.) 173030",2024-02,2026-01,pH,data/raw/cdsco_alerts/central/2024-09_central_nsq.pdf,37,pdf,
DMT1197B,DMT1197B,"Trypsin, Bromelain & Rutoside Trihydrate Tablets (Rednil)","DM Pharma Private Limited (WHO GMP & ISO APPROVED), NH-21A, Vill. Bhud, Baddi, District Solan, H.P. 173205.",2023-08,2025-07,Assay/content of 'Trypsin',data/raw/cdsco_alerts/combined/2023-12_combined.pdf,23,pdf,
03BF1734,03BF1734,Compound Sodium Lactate Injection I.P. (RL FFS 500 ML),"M/s. Paschim Banga Pharmaceuticals (A Unit of Farista Vanijya Pvt. Ltd), NH-31, Tin Mile Hat, Sonapur Hat, P.S. Chopra, Dist. Uttar Dinajpur-733214 (W.B.).",2022-08,2025-07,Bacterial endotoxins,data/raw/cdsco_alerts/central/2024-07_central_nsq.pdf,27,pdf,
2378021,2378021,Rabcprazole Tablets I.P. 20mg.,"M/s. Aurio Pharma Laboratories Pvt. Ltd., 26/1/1, S.H.K.B. Sarani (Jawpur Road), Kolkata-700074.",2023-08,2025-07,The sample does not conform to claim with respect to 'Identification' test. The sample declared as Spurious as per D&C Act 1940.,data/raw/cdsco_portal/json/2025-07_all_nsq.json,121,portal,
MT-25D58,MT25D58,Calcium and Vitamin D3 Tablets IP,"M/s.Martin & brown bio-sciences pvt. Ltd, K.No.918/419, Malkumajra, Nalagarh Road, Baddi, Distt. Solan (H.P.)-173205",2025-04,2027-03,Description,data/raw/cdsco_alerts/state/2025-06_state_nsq.pdf,96,pdf,
L-24022,L24022,Albendazole and Ivermectin Oral Suspension (Bot Suspension),"M/s.H.L.HealthcarePv t.Ltd., Plot No.25, Ind.Area, Phase-II, Gagret-177201 (H.P.)",2024-06,2026-05,pH and Assay of Albendazole and Ivermectin,data/raw/cdsco_alerts/central/2024-11_central_nsq.pdf,38,pdf,
23DQE20,23DQE20,Metoclopramide Injection IP 10mg / 2ml,"M/s. SVP Life Sciences, C/10/1, Sara Industrial Estate, Selaqui, Dehradun, Uttarakhand",2023-05,2025-04,Assay,data/raw/cdsco_alerts/central/2024-04_central_nsq.pdf,10,pdf,
STRO-0103,STRO0103,STREPTOMYCIN (STREPTOMYCIN INJECTION I.P. (0.75g.) ),"PAR Pharmaceuticals Pvt. Ltd., 5th KM Roorkee Road, Muzaffarnagar (U.P.) - 251001.",2023-04,2025-03,"Clarity of solution, Particulate Matter and Description",data/raw/cdsco_alerts/combined/2023-12_combined.pdf,45,pdf,
R-240327,R240327,Norf loxacin Tablets I.P. 400mg (Norfloxacin 400),"M/s. Remax Pharmaceuticals, Street No. 2, Paras Ramnagar, Bathinda",2024-03,2026-02,Description,data/raw/cdsco_alerts/state/2025-05_state_nsq.pdf,106,pdf,
01AF0301,01AF0301,Sodium Chloride Injection I.P (0.9%w/v)NS,"M/s. Paschim Banga Pharmaceuticals, (A Unit of Farista Vanijya Pvt. Ltd), NH-31, TIN MILE HAT, Sonapur HAT, PS. Chopra Dist. Uttar Dinajpur-733214 (W.B)",2023-12,2026-11,Sterility,data/raw/cdsco_alerts/state/2025-06_state_nsq.pdf,15,pdf,
MT-25D62,MT25D62,Calcium and Vitamin D3 Tablets IP,"M/s.Martin & brown bio-sciences pvt. Ltd, K.No.918/419, Malkumajra, Nalagarh Road, Baddi, Distt. Solan (H.P.)-173205",2025-04,2027-03,Description,data/raw/cdsco_alerts/state/2025-06_state_nsq.pdf,94,pdf,
NZKT-013,NZKT013,Azithromycin Tablets IP 500 mg (ZIK 500 Tablets),"M/s. M Sea Pharmaceuticals (P) Ltd., Surajpur, Paonta Sahib, Sirmour, Himachal Pradesh - 173025.",2023-08,2025-07,Dissolution,data/raw/cdsco_alerts/central/2024-07_central_nsq.pdf,26,pdf,
TSF-C0116,TSFC0116,Fluconazole Tablets I.P. 150 mg (Megmazole-150 Tablets),"M/s.Spen Formulations Pvt. Ltd., Plot No-123, Industrial Area, Mehatpur, Distt. UNA174315 (H.P.)",2024-01,2025-12,Assay/Content of Fluconazole,data/raw/cdsco_alerts/central/2025-04_central_nsq.pdf,35,pdf,
251TTF011,251TTF011,Telmisartan Tablets IP 40 mg,"M/s. Swiss Garnier Life Science, 21-23, Industrial Area, Mehatpur, Dist. Una, , Himachal Pradesh-174315. Iindia",2023-07,2025-06,Dissolution,data/raw/cdsco_alerts/central/2024-08_central_nsq.pdf,44,pdf,
XMSD-001,XMSD001,Amoxycillin Oral Suspension I.P. (Medmoxil 125),"Laborate Pharmaceuticals India Ltd., 51, Indl, Area, Paonta Sahib (H.P.)",2023-03,2024-08,Stability,data/raw/cdsco_alerts/combined/2024-02_combined.pdf,2,pdf,
A297,A297,Atorvastatin Tablets IP 10mg,"M/s.Rikenbik Pharma, 113, SIDCO Industrial Estate, Ambattur, Chennai, 600098",2024-07,2026-06,Sample does not conform to IP specification for Atorvastatin Calcium Tablets with respect to Dissolution,data/raw/cdsco_alerts/state/2025-04_state_nsq.pdf,64,pdf,
GTE1974,GTE1974,Albendazole Tablets I.P. (DV-BEND 400),"M/s Digital Vision, 176, Mauza Ogli, Nahan Road, Kala-Amb, Dist. Sirmour (H.P.)- 173 030.",2024-07,2026-06,"""Dissolution""",data/raw/cdsco_alerts/central/2025-03_central_nsq.pdf,60,pdf,
F31823,F31823,Compound Sodium Lactate Injection I.P. (Ringer Lactate Solution for Injection) (Hi-Ring-RL),"M/s. Higgs Healthcare, Khasra No. 480/1, Bhatolikalan, Baddi, H.P.",2023-10,2026-09,Assay of Potassium,data/raw/cdsco_alerts/central/2024-07_central_nsq.pdf,3,pdf,
TPD24015,TPD24015,Cholecalciferol (Vitamin D3) 60000 IU/gm Granule Sachet,"M/s. Affy Parenterals, Vill. Gullarwala, P.O. Baddi, Distt. Solan -173205 (HP)",2024-07,2026-06,Assay/content of Cholecalciferol (Vitamin D3),data/raw/cdsco_alerts/central/2025-03_central_nsq.pdf,24,pdf,
LMT240449,LMT240449,Calcium 500 mg with Vitamin D3 250 IU Tablets IP,"M/s. Life Max Cancer Laboratories, Plot No. 106 & 106 A, Sector6A, IIE, SIDCUL, Haridwar249403 (U.K)",2024-04,2026-03,Dissolution (Calcium) and Assay of Vitamin D3,data/raw/cdsco_alerts/central/2025-03_central_nsq.pdf,48,pdf,
CCT24984B,CCT24984B,"Lilion-MR Tablets (Aceclofenac, Paracetamol & Chlorzoxazone Tablets)","M/s. Cent Cure Pvt. Ltd., (A WHO-GMP Certifid Company), Plot No.71, DIC, Industrial Area, Vill. Ladhimajra, Tehsil Baddi, Distt. Solan (H.P)-173205",2024-07,2026-06,Assay for Aceclofenac and Chlorzoxazone,data/raw/cdsco_alerts/state/2025-06_state_nsq.pdf,16,pdf,
PXT123F02,PXT123F02,Prox tl 100 DT,"M/s. INDU Drugs Pvt Ltd.5-5-35/278,279 & 281/1 (Part) Prasanthi Nagar ida, Kutkapally, Hyderabad-500072",2023-03,2025-05,The sample does not comply with IP requirements for Dissolution test.,data/raw/cdsco_alerts/state/2025-04_state_nsq.pdf,107,pdf,
GL2301001,GL2301001,"Dextromethorphan Hyhdrobromide, Phenylephrine Hydrochloride and Chlorpheniramine Maleate Syrup (ROYCOF-DX SYRUP)","Roseate Medicare, Village Anji, PO Barog, Distt. Solan, 173211 (H.P.) INDIA",2023-01,2024-12,Identification and Assay of Chlorpheniramine Maleate and Assay of Dextromethorphan Hydrobromide,data/raw/cdsco_alerts/combined/2024-02_combined.pdf,46,pdf,
MLHT-1022,MLHT1022,Montelukast Sodium and Levocetirizine Hydrochloride Tablets IP 10 mg/5 mg,"Wings Biotech LLP, 43&44, HPSIDC, Ind.Area, Baddi-173205 HP",2023-09,2026-08,It fails the test ‘Dissolution’ Specified in the Laboratory Protocol as per IP,data/raw/cdsco_alerts/state/2024-10_state_nsq.pdf,25,pdf,
OTC-382A,OTC382A,Oxytocin Injection I.P. 5 IU/1 ml,"M/s. Pushkar Pharma, Kheri, Kala Amb - 173030 (H.P.).",2023-04,2025-03,"Description, Particulate matter & Assay of Oxytocin",data/raw/cdsco_alerts/central/2024-09_central_nsq.pdf,3,pdf,
SLG24095,SLG24095,Albe ndazole Oral Suspension IP (Vet.),"M/s Safecon Lifesciences Pvt. Ltd., B 36,E.P.I.P.Shastri Puram,UPSIDC,Sikandra-282007.",2024-03,2026-02,The sample does not conform to the IP with respect to Assay of Albendazole.,data/raw/cdsco_alerts/state/2025-05_state_nsq.pdf,118,pdf,
TS24047,TS24047,Telmisartan Tablets IP 40mg,"M/s. Eurokem Laboratories Pvt ltd, C-25, SIDCO Pharmaceutical Complex, Alathur, Thiruporur, 603110",2024-10,2025-12,Dissolution of Telmisartan Tablets,data/raw/cdsco_alerts/state/2025-06_state_nsq.pdf,70,pdf,
VBT2417,VBT2417,Vitamin B Complex Tablets N.F.I,"Modern Laboratories 45-47, Sector D- 2, Industrial area, Sanwer Road, Indore (MP) 452 015",2024-03,2026-02,"The sample does not conform to IP standards to Descriptive part for tablets As per IP, the tablets should have sufficient hardness to withstand handling without crumbling or breaking. The tablets are soft and in powdered form and cannot be removed from strip in intact form and further tests cannot be performed for the reason specified in the laboratory protocol.",data/raw/cdsco_alerts/state/2025-02_state_nsq.pdf,32,pdf,
MT-25D55,MT25D55,Calcium and Vitamin D3 Tablets IP,"M/s.Martin & brown bio-sciences pvt. Ltd, K.No.918/419, Malkumajra, Nalagarh Road, Baddi, Distt. Solan (H.P.)-173205",2025-04,2027-03,Description,data/raw/cdsco_alerts/state/2025-06_state_nsq.pdf,93,pdf,
C4093044,C4093044,Kefpod 100 Orange Suspension,"InnovaCaptab Ltd, 1281/1, Hilltop Industrial Estate, Near epip, Phase-I, Baddi, Distt. Solan, Himachal Pradesh.",2023-09,2025-08,Sample does not conform to Ip Specification for CefpodoximeProxetil Oral Suspension with respect to the content of Cefpodoxime in cefpodoxime in cefpodoximeproxetil.,data/raw/cdsco_alerts/state/2024-11_state_nsq.pdf,54,pdf,
HUAA46,HUAA46,Gabacure Gel,"Akums Druges & Pharmaceuticals Ltd. 47,48,Sector-6A, I.I.E., SIDCUL,, Haridwar-249 403, Uttarakhand.",2024-06,2025-11,Sample does not conform to Label claim with respect to the content of Gobapentin.,data/raw/cdsco_alerts/state/2024-12_state_nsq.pdf,64,pdf,
E25B026,E25B026,Paracetamol Intravenous Infusion (1.0% w/v ),"M/s. D.J. Laboratories Pvt. Ltd., 255, Sector-1, Industrial Area, Pithampur-454775",2025-02,2028-01,Particulate Contamination,data/raw/cdsco_alerts/central/2025-06_central_nsq.pdf,38,pdf,
DB230304,DB230304,CefuroximeAxetil Tablets IP,"Daxin Pharmaceuticals Pvt.Ltd.,PlotNo 121-122 EPIP, Jharmajri Phase 1, Teh. Baddi, Distt. Solan (H.P.) - 174103",2023-12,2025-11,The sample does not conforms to claim as per IP 2022in respect to the Test of Dissolution of Cefuroxime Axetil equivalent to Cefuroxime,data/raw/cdsco_alerts/central/2024-05_central_nsq.pdf,4,pdf,
AS-9057,AS9057,Atropine Sulphate Injection I.P. (Atropine Sulphate),"M/s. Priya Pharmaceuticals 109/397, Nehru Nagar, Kanpur-208012, Uttar Pradesh",2023-04,2025-03,"Description, Particulate Matter, Extractable Volume, Assay",data/raw/cdsco_alerts/central/2024-08_central_nsq.pdf,30,pdf,
CTI23081,CTI23081,Cefotaxime InjectionIP500mg,"M/s. Vivek Pharmachem (India) Ltd., NH-8, Chimanpura, Amer, Jaipur-303 102 INDIA",2023-08,2025-01,"The sample does not conforms to I.P. with respect to the Test for 'Related Substances', 'Particulate matter' and 'Clarity of solution'",data/raw/cdsco_alerts/central/2024-05_central_nsq.pdf,13,pdf,
LMT251666,LMT251666,Losa rtan Potassium 50mg & Hydrochlorthiazide 12.5mg Tablets,"M/s. Life Max Cancer Laboratories, Plot No: 106 & 106 A, Sector- 6A, IIE, SIDCUL, Haridwar-249403 (U.K)",2025-02,2027-01,Dissolution Test: The Dissolution of Losartan Potassium and Hydrochlorthiazide does not complies within the Prescribed limit of not less than Q value i.e. 70% of labelled claim as stated in I.P 2022.,data/raw/cdsco_alerts/state/2025-04_state_nsq.pdf,104,pdf,
TPD24018,TPD24018,Cholecalciferol (Vitamin D3 ) 60000 IU/gm Granule Sachet,"M/s. Affy Parenterals, (WHO-CGMP/ISO 9001:2015 Certified Co.) Vill-Gullerwala, PO-Baddi, Dist-Solan-173205 (H.P.)",2024-07,2026-06,Assay/content of Cholecalciferol (Vitamin D3),data/raw/cdsco_alerts/central/2025-03_central_nsq.pdf,31,pdf,
240603,240603,Fercobate-XT Suspension (Ferrous Ascorbate& Folic acid Suspension),"M/s. ShinestarPharma, Begapali Road, SIPOCT-1, Hosur-635126 (T.N)",2024-06,2025-11,Folic Acid in the Assay and Misbranded,data/raw/cdsco_alerts/state/2024-12_state_nsq.pdf,29,pdf,
B18523003,B18523003,Montelukast Sodium & Levocetirizine Dihydrochloride Tables I.P. (Montor - LC Tablets),"Torque Pharmaceuticals Pvt. Ltd., 13B-14, EPIP-1, Jharmajri, H.P. 173205",2023-03,2025-02,Dissolution,data/raw/cdsco_alerts/combined/2024-03_combined.pdf,23,pdf,
UGT231163,UGT231163,Fexofenadine Hydrochloride Tablets I.P. 120 mg.,"Unimarck Healthcare Ltd., Plot No.: 24, 25 & 37 Sector 6A, SIDCUL, Haridwar - 249403 (Uttarakhand)",2023-08,2025-07,Dissolution,data/raw/cdsco_alerts/central/2025-01_central_nsq.pdf,28,pdf,
MV24B36,MV24B36,Calcium Gluconate Injection I.P. 10 ml.,"M/s. Martin & Brown Bio-Sciences Pvt.Ltd., K.No-918/419, Malkumajra, Nalagarh Road, Baddi, Dist-Solan, HP-173205",2024-02,2026-01,"Particulate Matter, Extractable Volume and Description",data/raw/cdsco_alerts/central/2025-06_central_nsq.pdf,9,pdf,
HTD-24109,HTD24109,Pulmonex-AS (Ambroxol Salbutamol Guaiphenesin Syrup),N/A,2024-08,2026-07,Content of Salbutamol in Salbutamol Sulphate and Ambroxol Hydrochloride. Note: Manufacturer's Name is not stated on the label.,data/raw/cdsco_alerts/state/2025-06_state_nsq.pdf,59,pdf,
L24BZ08A7,L24BZ08A7,Bortezomib Injection IP (BORTEWIN 2 mg Injection),"M/s. MEDION BIOTECH PVT.LTD., Village-Kaundi, Baddi, Solan, Himachal Pradesh, 173205",2024-08,2026-07,Assay of Bortezomib,data/raw/cdsco_alerts/central/2024-12_central_nsq.pdf,44,pdf,
OCF5-23-222,OCF523222,Ciprofloxacin Tablets I.P. 500 mg (Ocif-500 Tablets),"M/s. Ornate Labs Pvt. Ltd., Bela Industrial Estate, Muzaffarpur - 842 005.",2023-07,2025-06,Dissolution,data/raw/cdsco_alerts/central/2024-07_central_nsq.pdf,31,pdf,
23IS10,23IS10,Iron Sucrose Injection USP 100 mg/ 5 ml,"Sai Parenterals Limited, D1 & D4, Survey No. 280, Phase-V, Ida, Jeedimetla, Hyderabad-500055, Telangana, India.",2023-12,2025-11,"""pH"", ""Alkalinity"" and ""Particulate Matter In Injection""",data/raw/cdsco_alerts/central/2025-02_central_nsq.pdf,38,pdf,
UD2C-23469E,UD2C23469E,Rabeprazole Sodium (Enteric Coated) And Domperidone (Sustained Release) Capsules (ZABIL-DSR),"M/s. Ultra Drugs Pvt. Ltd., (Unit-II), HS No. 211, K. No. 77/1, 78/1, Vill. Katha, Baddi, Distt. Solan (H.P.) - 173 205.",2023-06,2025-05,"Dissolution of Rabeprazole & Domperidone, Assay of Domperidone",data/raw/cdsco_alerts/central/2024-10_central_nsq.pdf,24,pdf,
FT-22741,FT22741,Flupentixol Dihydrochloride and Melitracen Tablets (Flutol Tablets),"Foregen Healthcare Ltd., Unit : Plot No. 104-105, DIC Industrial Area, Baddi, Distt. Solan (HP)- 173205",2022-10,2024-09,Assay of Flupentixol Dihydrochloride calculated as Flupentixol and Melitracen Hydrochloride calculated as Melitracen,data/raw/cdsco_alerts/combined/2024-03_combined.pdf,59,pdf,
AGWT25036,AGWT25036,Oxfendazole & Ivermectin Bolus (Vet.) WELLMOX-1,"M/s.Argon Remedies Pvt. Ltd., Sarverkhera. Moradabad Road, Kashipur, U S Nagar, Uttarakhand-244713",2025-01,2026-12,The content of Ivermectin found to be 28.66 mg per bolus (71.65%) against labelled claim of 40 mg per bolus.,data/raw/cdsco_alerts/state/2025-04_state_nsq.pdf,95,pdf,
RV3044,RV3044,Amikacin Injection IP 500 mg (Amikatas 500 mg),"Ronam Healthcare Pvt. Ltd. Village-Kalujhanda, Tehsil-Baddi, Distt. Slolan (H.P.) 174103",2023-08,2025-07,Description & Particulate Matter,data/raw/cdsco_alerts/combined/2024-02_combined.pdf,18,pdf,
YSZ3103,YSZ3103,Shercef-TZ (Ceftriaxone and Tazobactam for Injection 1.125 gm),"Yeluri Formulations Pvt Ltd., Sy. No. 296/7/6, I.D.A. Bollaram, Sangareddy District- 502325, Telangana, India.",2023-07,2025-06,"Completeness of solution, Clarity of Solution and Particulate Matter",data/raw/cdsco_alerts/combined/2023-12_combined.pdf,25,pdf,
TC-3270005,TC3270005,Carbimazole Tablets IP 10 mg,"M/s. Centurion Remedies Pvt. Ltd., G/5, 6 B.I.D.C, Gorwa, Vadoddara-390016",2024-02,2026-01,Thiamazole& other Related Substances,data/raw/cdsco_alerts/central/2024-11_central_nsq.pdf,15,pdf,
TSF-B1689,TSFB1689,Levocetirizine Hydrochloride & Montelukast Sodium IP Tablets (Raremont-LC),"Spen Formulations Pvt. Ltd., Plot No-123, Industrial Area, Mehatpur, Distt. UNA- 174315 (H.P.)",2023-04,2025-03,Dissolution and Assay of Montelukast,data/raw/cdsco_alerts/combined/2024-02_combined.pdf,54,pdf,
SCI-2305,SCI2305,Sucnol-O Suspension,"Apple Formulations Pvt Ltd, Plot No.208, Kidhsnpur, Roorkee-247667(U.K)",2023-11,2025-10,Sample does not conform to Label Claim with respect to the content of Oxetacaine,data/raw/cdsco_alerts/state/2025-01_state_nsq.pdf,44,pdf,
BS-2303,BS2303,Betamethasone Sodium Phosphate Injection IP 4mg/ml,Konis Pharmaceuticals Krishna Nagar-522502 (A.P.),2023-08,2025-07,"Description , Particulate Matter and Related Substances.",data/raw/cdsco_alerts/combined/2023-12_combined.pdf,30,pdf,
CF-B1,CFB1,"Terbutaline Sulphate, Ambroxol Hydrochloride, Guaiphenesin & Menthol Syrup (Cofcil-A)","Bethel Medipharma Private Limited, 73A, James Long Sarani, Kolkata 700104",2023-08,2025-07,"Assay of Terbutaline Sulphate, Ambroxol Hydrochloride & Menthol",data/raw/cdsco_alerts/combined/2024-03_combined.pdf,3,pdf,
TC-038,TC038,Tranexamic Acid Injection I.P. (Tranexacure Injection ),"M/s. Pharma Cure Laboratories, Garha Jalandhar 144022 Punjab",2024-12,2026-11,Particulate Matter and Description,data/raw/cdsco_alerts/central/2025-03_central_nsq.pdf,37,pdf,
NTD0203,NTD0203,Escitalopram and Clonazepam Tablets IP (Klozaps-ES Tablets),"M/.s Digital Vision, 176, Mauza Ogli, Nahan Road, Kala-Amb, Distt. Sirmour (H.P.)-173030",2023-12,2025-11,Assay of Escitalopram Oxalate calculated as Escitalopram and Clonazepam,data/raw/cdsco_alerts/central/2024-08_central_nsq.pdf,34,pdf,
MVNUR2403,MVNUR2403,Nutrisacc Bolus,"M/s. Maven iLab Pvt.Ltd., No.19 Byraveshwara Industrial Area, Andrahalli Main Road Hegganahalli, Bangalore-560091",2024-02,2026-02,"Disintegration test and Assay of Iron, Magnesium, Calcium, Vitamin B3,Zinc and Vitamin A",data/raw/cdsco_alerts/central/2024-12_central_nsq.pdf,42,pdf,
A23LV060B,A23LV060B,"Heparin Sodium Injection IP 5000 IU/5ml ,(INFA-HEP)","Infallible Pharma Pvt. Ltd., HO: 202, Matru Smruti Bldg, Lokmanya Tilak Road-2, Behind Swami Narayan Mandir, Dadar (East), Mumbai-400014.",2023-05,2025-04,"pH, Particulate Matter and Description",data/raw/cdsco_alerts/combined/2023-12_combined.pdf,49,pdf,
RD230003,RD230003,Cefixime Oral Suspension IP 50mg/5ml,"Ridley Life Science Pvt. Ltd.,, D-1651, DSIDC, Indl. Complex, Narela, Delhi- 110040",2023-01,2024-12,Assay of Cefixime,data/raw/cdsco_alerts/combined/2024-01_combined.pdf,45,pdf,
JL-231248,JL231248,"Ambroxol Hydrochloride, Terbutaline Sulphate, Guaiphenesin Menthol Syrup (Luzicough-T)","M/s. Jineka Healthcare Private Limited, Khasra No. 507-525, Bedpur Crossing Bhagwanpur Bypass, Roorkee, Distt. Haridwar (U.K.) 247 667",2023-12,2025-11,Identification & Assay of Menthol and Assay of Terbutaline Sulphate,data/raw/cdsco_alerts/central/2024-04_central_nsq.pdf,11,pdf,
A24AM130,A24AM130,Ondansetron Injection IP-2ml,"Skymap Pharamceuticals Pvt. Ltd, B-2 Dev Bhoomi Industrial Estate, Puhana Iqbalpur Road, Roorkee - 247 667",2024-04,2026-03,sample does not conform to requirement for assay and related substances,data/raw/cdsco_alerts/state/2024-12_state_nsq.pdf,39,pdf,
CLT-214A,CLT214A,Clotrimazole Ear Drops,"M/s. Pushkar Pharma, Kheri, Kala-Amb-173030 (H.P.)",2024-08,2026-07,Assay of Clotrimazole,data/raw/cdsco_alerts/central/2025-06_central_nsq.pdf,22,pdf,
03BF2472,03BF2472,Compound Sodium Lactate Injection I.P. (RL),"M/s.Paschim Banga Pharmaceutical,, NH-31,TIN Mile Hat, Sonapur Hat, PSChopra, Dist. Uttar Dinajpur, PIN- 733214 (WB)",2024-04,2027-03,Sterility and Particulate Contamination,data/raw/cdsco_alerts/central/2024-12_central_nsq.pdf,31,pdf,
MO24H27,MO24H27,Carboxymethyl Cellulose Sodium Eye Drops IP,"M/s. Martin & Brown Bio-sciences Pvt. Ltd. K.no. 918/419 Malkumajra Nalagarh Road Baddi, Dist. Solan (H.P.)-173205",2024-08,2026-07,"pH, Sterility and Assay",data/raw/cdsco_alerts/central/2025-04_central_nsq.pdf,1,pdf,
T242704,T242704,Dexamethasone Tablets IP 4mg (Dexatore-4),"United Bioceuticals Pvt. Ltd. Plot No. 33 C, Industrial Park-IV, Begumpur, Haridwar-249402, Uttarakhand",2024-12,2026-11,Dissolution,data/raw/cdsco_portal/json/2025-07_all_nsq.json,26,portal,
A24105K,A24105K,Iron Sucrose Injection USP 20 mg/ml (I-PIC),"M/s. Pace Biotech Village Surajpur, Paonta Sahib, Dist. Sirmour (H.P.)-173001",2024-06,2026-05,Particulate matter in Injections,data/raw/cdsco_alerts/central/2025-03_central_nsq.pdf,45,pdf,
23L-162,23L162,Megapure-TZ IU suspension,"Prispag Pharma, Roomi, Jagraon - 142030.",2023-09,2025-08,Sample does not conform to label claim with respect to the content of Ciprofloxacin in Ciprofloxacin Hydrochloride and Tinidazole.,data/raw/cdsco_alerts/state/2024-12_state_nsq.pdf,54,pdf,
R05GL2423A,R05GL2423A,Sulcralfate& Oxetacaine Suspension( Piracid-O Suspension),"M/s. Rednex Pharmaceuticals Pvt. Ltd.,Survey No.586 & 231, Nr.SKF Bearing, Bavla Bagodara, N.H.8A, Kerala Ta. .Bavla Ahmedabad.382220",2024-05,2026-04,Assay for Oxetacaine Only,data/raw/cdsco_alerts/state/2025-05_state_nsq.pdf,94,pdf,
12801124,12801124,Glimepiride Tablets I.P. 1 mg,"M/s.Karnataka Antibiotics & Pharmaceuticals Limited (A Govt of India Enterprise), Plot No.14, II Phase, Peenya, Bengaluru - 560 058.",2024-08,2026-07,"""Related substances""",data/raw/cdsco_alerts/central/2025-04_central_nsq.pdf,47,pdf,
MRO-05,MRO05,Meropenem Injection IP 250 mg,"Agron Remedies Pvt. Ltd.,Agron Remedies Pvt. Ltd. Sarverkhera, Moradabad Road, Kashipur-244713 (Uttarakhand)",2024-08,2026-07,"Identification and Assay of Meropenem, Clarity of solution, Particulate Matter, Content of sodium and is also not of standard quality for the reason stated under ""Description"".",data/raw/cdsco_portal/json/2025-07_all_nsq.json,84,portal,
MA24G125,MA24G125,Aminophylline Injection I.P. 10 ml,"MARTIN & BROWN BIO-SCIENCES PVT. LTD.,K.No. 918/419, Malkumajra, Nalagarh Road, Baddi, Dist.Solan (H.P.)-173205",2024-07,2026-06,"""Extractable volume"", ""Particulate matter""and is also not of standard quality for the reason stated under ""Description"".",data/raw/cdsco_portal/json/2025-07_all_nsq.json,63,portal,
CTA-01,CTA01,Itraconazole Capsules IP 100 mg,"Agron Remedies Pvt. Ltd., Sarverkhera, Moradabad Road, Kashipur-244713 (Uttarakhand)",2024-02,2026-01,Dissolution,data/raw/cdsco_alerts/central/2025-01_central_nsq.pdf,33,pdf,
B309C,B309C,VIP Hair Colour Shampoo,"VIMAC, #18/C. Noombal Village, SF.No.125/1A, 1B, Ambattur, Taluk, Tiruvallur District, Chennai-600077.",2024-02,2026-01,"1.Sample does not conform to BIS Specification for oxidation hair dye with respect to the content of resorcinol and phenyl methyl pyrazolone. 2. The sample is also found to contain m-phenylenediamine which must not form part of the composition of cosmetics products as per BIS specification 4707 (Part 2):2017, under Annex A (clauses 1,2 and 3.1), Serial No.1198.",data/raw/cdsco_alerts/state/2024-11_state_nsq.pdf,60,pdf,
BOB-2451,BOB2451,"Vitamin B1, Vitamin B2, Nicotinamide, Vitamin B6, Vitamin B12 & Calcium D-Pantothenate Syrup (B-Complex Syrup)","M/s. Apple Formulations Pvt. Ltd., Plot no. 208, Kishanpur, Roorkee-247667 (U.K.)",2024-06,2025-11,Total aerobic viable count under Microbial limit test,data/raw/cdsco_alerts/central/2025-03_central_nsq.pdf,9,pdf,
VLB-GT-2500,VLBGT2500,Linezolid Tablets I.P. 600 mg. (ALINO-600 Tablets),"Vee Laboratories,, Village Kalier, Subathu, RoadSaproon (Post Office) Solan173211, Himachal Pradesh",2023-12,2025-11,Dissolution,data/raw/cdsco_alerts/central/2025-02_central_nsq.pdf,31,pdf,
PAR-31,PAR31,Paracetamol 500 mg. Tablets,"ASKON HEALTH CARE,11-B, INDUSTRIAL AREA, MAXI ROAD,UJJAIN-456010(M.P.)",2023-08,2026-07,The sample Does not Complies conforms to I.P. with respect to the above tests only.,data/raw/cdsco_alerts/central/2024-05_central_nsq.pdf,22,pdf,
46230305,46230305,"Clotrimazole and Selenium Sulfide Suspension, candid tv","M/s.Glenmark Pharmaceuticals Ltd, At, Plot No. 38939 Sector-II, I.I.E, Sidcul, Haridwar, Uttarakhand-249 403.",2023-12,2025-11,Sample does not conform to label claim with respect to identification and the content of clotrimazole (Deemed to be spurious),data/raw/cdsco_alerts/state/2025-04_state_nsq.pdf,40,pdf,
WAM24011,WAM24011,PANTOPRAZO LE GASTRO-RESISTANT TABLETS IP 40mg (Pentowok),"M/s Admed Pharma Pvt Ltd., Plot No 87, HPSIDC, Industrial Area, Badddi, DisttSolan HP- 173 205",2024-05,2026-04,Does not comply with respect to the Disintegration test as per IP specification,data/raw/cdsco_alerts/state/2024-12_state_nsq.pdf,7,pdf,
L/040618,L040618,Exo Cheri (Dextromethorp han Hydrobromide Chlorpheniramin e Maleate Pheylephrine Hydrochloride Cough Syrup),"Exotic Pharma, 91/1, G.I.D.C., GODHRA Dist.- Panchmahal, Gujarat- 389001",2024-04,2026-01,pH,data/raw/cdsco_alerts/central/2024-06_central_nsq.pdf,13,pdf,
PTS-225A,PTS225A,Phenytoin Sodium Injection USP,"M/s. Pushkar Pharma, Kheri, Kala-Amb-173030 (H.P.)",2024-05,2026-04,Alcohol Content and Propylene Glycol content,data/raw/cdsco_alerts/central/2025-02_central_nsq.pdf,20,pdf,
HM-1922,HM1922,Himulti Multi Vitamin Tablets,"High Tech Pharma, 49, Khandelwal Compound, Nemawar Road, Palda, Indore-452001",2022-12,2024-05,Assay of Vitamin A Acetate and Vitamin D3,data/raw/cdsco_alerts/combined/2024-03_combined.pdf,24,pdf,
HBD 2403,HBD2403,"Ambroxol HCL, Levosalbutamol sulphate and Guaiphenesin Drops (Breath-LS Drops )","M/s. HIPPO LABS PVT. LTD, Plot No-17, R. G. Nagar, IDA, Prashanthi Nagar, Kukatpally, Hyderabad-72",2024-04,2026-03,Description,data/raw/cdsco_alerts/central/2025-01_central_nsq.pdf,11,pdf,
SHL3037,SHL3037,"Dextromethorph an Hydrobromide, Chlorpheniramin e Maleate and Phenylephrine Hydrochloride Syrup (COUGH-DM Cough Syrup)","M/s.Sunfine Healthcare,Plot No. 63, Ind. Area Lodhimajra, Tehsil Baddi, Distt. Solan (H.P.) 173205",2023-11,2025-10,Assay of Phenylphrine Hydrochloride,data/raw/cdsco_alerts/central/2024-09_central_nsq.pdf,45,pdf,
HLPD24003,HLPD24003,"Thricof Cough Syrup. Chlorpheniramine Maleate, Dextromethorpha n HBR & Phenylephrine Hydrochloride Syrup","M/s. Health Biotech Ltd, Village , Sandoli, Nalagarh Road, BaddiDist, Solan (H.P) India - 173205.",2024-05,2026-04,sample does not conform to label claim with respect to the content of chlorpheniramine maleate.,data/raw/cdsco_alerts/state/2024-11_state_nsq.pdf,47,pdf,
G240147/2,G2401472,Trypsin & let Chymotryp,"M/s Vee Excel Drugs & Pharmaceuticals (P) Ltd, B-1/A, Industrial Area, GNEPIP, Kasna, Greater Noida, Gautam Budh Nagar-201308 UP",2024-09,2026-08,The sample failed in Assay (Label claim 13.6%) for Trypsin-Chymotrypsin.,data/raw/cdsco_portal/json/2025-07_all_nsq.json,118,portal,
TPT-012058,TPT012058,Clobazam Tablets IP 5 mg,"M/s. Tanpal Pharmaceuticals, D-12-13, Focal Point, Nabha-147 201",2024-01,2026-12,Dissolution,data/raw/cdsco_alerts/central/2025-01_central_nsq.pdf,15,pdf,
SPT240321,SPT240321,Amlodipine Besylate Tablets I.P. 2.5 mg (AMLODOSE – 2.5 ),"M/s.Salus Pharmaceuticals, 480/211, Harraipur, P.O. – Gurumajra, Teh. Baddi, Dist. Solan, Himachal Pradesh – 173205",2024-02,2026-01,The Sample does not conform to standard in respect of the test for “Assay & Uniformity of Content”,data/raw/cdsco_alerts/state/2025-05_state_nsq.pdf,32,pdf,
TS24042,TS24042,Telmisartan Tablets IP 40mg,"M/s. Eurokem Laboratories Pvt ltd, C-25, SIDCO Pharmaceutical Complex, Alathur, Thiruporur, 603110",2024-10,2025-12,Dissolution of Telmisartan Tablets,data/raw/cdsco_alerts/state/2025-06_state_nsq.pdf,71,pdf,
RP-04,RP04,Tramadol Hydrochloride Injection 50 mg/ml (Tramacop ),"M/s. Bio Medica Laboratories Pvt. Ltd., 254, Sector-F, Sanwer Road, Industrial Area, Indore-452015",2023-07,2025-06,'Acidity or Alkalinity' and 'Assay of Tramadol',data/raw/cdsco_alerts/central/2025-01_central_nsq.pdf,7,pdf,
04BF0660,04BF0660,Dextrose Injection I.P 5% w/v (D5),"M/s. Paschim Banga Pharmaceuticals, (A Unit of Farista Vanijya Pvt. Ltd), NH-31, TIN MILE HAT, Sonapur HAT, PS. Chopra Dist. Uttar Dinajpur-733214 (W.B)",2023-09,2026-08,Sterility,data/raw/cdsco_alerts/state/2025-06_state_nsq.pdf,14,pdf,
LV4984,LV4984,Sodium Chloride Injection IP 0.9 %w/v,"M/s.Captab Biotec, Unit-II, Plot No.125, E.P.I.P. Road, Mauja, Jharmajri, Baddi, Distt. Solan (H.P.)-173205",2024-11,2026-10,Bacterial endotoxins and Sterility,data/raw/cdsco_alerts/central/2025-04_central_nsq.pdf,54,pdf,
AGWT25031,AGWT25031,Oxfendazole & Ivermectin Bolus (Vet.) WELLMOX-1,"M/s.Argon Remedies Pvt. Ltd., Sarverkhera. Moradabad Road, Kashipur, U S Nagar, Uttarakhand-244713",2025-01,2026-12,1. The content of Ivermectin found to be 32.52 mg per bolus (81.30%) against labelled claim of 40 mg per bolus.2. The Content of Oxfendazole found to be 880.01 mg per bolus (88.001%) against labelled claim of 1000 mg per bolus.,data/raw/cdsco_alerts/state/2025-04_state_nsq.pdf,91,pdf,
GG204014,GG204014,Aceclofenac & Paracetamol Tablets IP,"M/s.Innova Captab Limited, 1281/1, Hilltop Industrial Estate, Near EPIP, Phase-1, Jharmajri, Baddi, Distt. Solan (H.P.)-173205",2024-04,2026-03,Misbranded Product is not official in I.P as on its manufacturing date mentioned on its label i.e. April 2024.,data/raw/cdsco_alerts/state/2025-04_state_nsq.pdf,96,pdf,
SEL2401,SEL2401,Sucralfate and Oxetacain Suspension,"CU-V-Kar Genetic Medicines Pvt Ltd, 14, Pharmacity, Selaqui, Distt. Dehradun, Uttarakhand-248011.",2024-01,2025-12,Sample does not conform to Label claim with respect to content of Oxetacaine.,data/raw/cdsco_alerts/state/2025-01_state_nsq.pdf,36,pdf,
UF2184145C,UF2184145C,"Bromhexine Hydrochloride, Terbutaline Sulphate and Guaiphenesin Syrup (T-KUF Expectorant COUGH SYRUP)","Ultra Drugs Formulations Pvt. Ltd., Plot No. 338/278, Vill. Manakpur, Lodhimajra, Tehsil-Baddi, Distt. Solan, (H.P.) 173205",2024-02,2026-01,Assay of Terbutaline Sulphate,data/raw/cdsco_alerts/central/2024-07_central_nsq.pdf,56,pdf,
JDL-2921,JDL2921,Vitamin A Oral Solution 100 ml,"Jpee Drugs, Plot No. - 53, Sector 6-A, SIDCUL, Haridwar (Uttarakhand).",2023-06,2024-11,Microbial Enumeration,data/raw/cdsco_alerts/combined/2024-01_combined.pdf,6,pdf,
GTL1313,GTL1313,Calcium Carbonate 500 mg + VIT. D3 250 IU TABLETS IP (CALXIA-500 ),"M/s. Gidsha Pharmaceuticals, Plot No.-611 612, Mega GIDC, Kharedi, Dahod-389151, Gujarat",2024-12,2026-11,Dissolution (for Calcium),data/raw/cdsco_alerts/central/2025-03_central_nsq.pdf,41,pdf,
23101006A,23101006A,Enteric Coated Rabeprazole Sodium &Domperidone Sustained Release Capsules (R LONG-D),"M/s. Resonant Pharmaceuticals Pvt. Ltd., Survey No. 430-1-A, Nr. Saffro Mellow Color Factory, Village: Navagam 387540, Dist-Kheda, Gujarat, India.",2023-10,2025-09,Dissolution and Assay of Rabeprazole Sodium,data/raw/cdsco_alerts/central/2024-11_central_nsq.pdf,14,pdf,
ATA-176,ATA176,Montelukast Sodium & Levocetirizine Hydrochloride Tablets,"Alliaance Biotech,,440/3, Village Katha, Baddi, Distt.Solan (HP) - 173205",2023-02,2025-01,The sample does not conform to I.P. with respect to the above tests only.,data/raw/cdsco_alerts/central/2024-05_central_nsq.pdf,30,pdf,
SPT40298,SPT40298,Glimepiride 1 mg & Metformin HCl 500mg (Sustained Release) Tablets IP,"M/s. Surge Pharmaceuticals Pvt. Ltd., Plot No. C-78 & 79, Additional M.I.D.C., Jejuri-412303, Taluka Purandhar District, Pune, Maharashtra, India",2024-09,2026-08,Test for Dissolution” and “Assay for Glimeperide,data/raw/cdsco_alerts/state/2025-04_state_nsq.pdf,4,pdf,
HT-2401253,HT2401253,Aceclofenac & Paracetamol Tablets (A-Sid Tablets),"M/s.Helax Healthcare Private Limited., Khasra No. 410,Vill-Karondi Roorkee - 247667,Distt- Haridwar (UK)",2024-12,2026-11,"(1)The sample received is labelled as Aceclofenac & Paracetamol Tablets, however Aceclofenac & Paracetamol Tablets is an official IP monograph (Addendum 2024) hence should be labelled as Aceclofenac & Paracetamol Tablets IP. (2)For the received sample, Discolouration was observed. (3) Does not comply with respect to test for Uniformity of weight and Assay for Aceclofenac and Paracetamol.",data/raw/cdsco_alerts/state/2025-05_state_nsq.pdf,42,pdf,
HINM23002B,HINM23002B,Neostigmine Mehtysulphate Injection IP (N-MINE Injection),"M/s. Health Biotech Ltd., Village Sandoli, Nalagarh Road, Baddi, Distt.Solan (H.P.) India-173205",2023-02,2025-01,Identification (A),data/raw/cdsco_alerts/central/2024-04_central_nsq.pdf,26,pdf,
HTN414D,HTN414D,Atorvastatin Calcium Tablets IP 10mg,"Himalaya Meditek Pvt. Ltd, Plot No. 35 & 36, Pharmacity, Selaqui, Industrial Area, Dehradun - 248 197",2024-04,2026-03,Sample does not conform to IP Specification for Atorvastatin Calcium Tablets with respect to Dissolution,data/raw/cdsco_alerts/state/2024-12_state_nsq.pdf,42,pdf,
CDD23089,CDD23089,Calcium & Vitamin D3 Tablets IP (CALCI-D),"M/s. Danish Healthcare (P) Ltd, 76/27-28, Industrial Estate, Maxi Road, Ujjain-456 010 INDIA",2023-11,2025-10,Assay of Vitamin D3,data/raw/cdsco_alerts/central/2024-12_central_nsq.pdf,39,pdf,
PPTC082,PPTC082,Ron nin 500mg Tablets (Azithromycin Tablets IP 500mg),"M/s. Pratima Pharmaceuticals G.No. 56/3, Pratima Nagar, Pune-Nagar Road, Shikrapur, Pune-412208",2023-11,2026-10,"The sample does not give IP identification test for the presence of Azithromycin. The sample is declared as spurious vide section 17-B(d) of the Drugs and Cosmetics Act, 1940 and Rules, 1945 thereunder",data/raw/cdsco_alerts/state/2025-04_state_nsq.pdf,122,pdf,
MBT23068,MBT23068,Amoxycillin and Potassium Clavulanate Tablets IP (Moxileb-CV 625 Tablets),"Mediwell Biotech, Plot No. 21-22, Phase-IV, Himuda Industrial Township, Bhatoli Kalan, Baddi, Distt. Solan, (HP) 173205",2023-10,2025-09,Assay of Amoxycillin Trihydrate calculated as Amoxycillin,data/raw/cdsco_alerts/central/2024-10_central_nsq.pdf,50,pdf,
SPD-618,SPD618,Albendazole Chewable Tablets IP (Alsia-400 Tab,"M/s. Sia Pharma Pvt Ltd. (Who-Gmp Certified Company) Plot no. 170, HSIIDC Barhi Indl Area, Phase-I, Sonipat Haryana-131101",2024-10,2026-09,"The sample does not comply with I.P requirement for Dissolution Test""",data/raw/cdsco_alerts/state/2025-05_state_nsq.pdf,67,pdf,
LM18898,LM18898,Buprenorphin Injection I.P. (Noophin Injection ),"M/s. Cooper Pharma Limited, C-3, Industrial Area, Selaqui, Dehradun-248197 (U.K.).",2022-11,2028-10,"Related Substances, Particulate matter, Sterility , Assay of Buprenorphine Hydrochloride eq. to Buprenorphine and Description",data/raw/cdsco_alerts/central/2025-05_central_nsq.pdf,25,pdf,
CCT241576,CCT241576,"CLOPIRAS 75 Tablets, Clopidogrel Bisulphate Tablets I.P.","M/s. Cent Cure private Limited, Plot No. 71, DIC, Industrial Area, Vill. Lodhimajra, Tehsil Baddi Distt. Solan (H.P). - 173 205, Himachal Pradesh. Mrkt: Airas healthcare Private Limited, D.No. 4-4-85/3/A/1, Sri Sai Enclave, Verrareddy Nagar, nacharam, Hyderabad.",2024-11,2026-10,Sample does not meets the Specifications wrt. Assay of Clopidogrel as per IP.,data/raw/cdsco_portal/json/2025-07_all_nsq.json,14,portal,
03BF2475,03BF2475,COMPOUND SODIUM LACTATE INJECTION I.P. (RL),"M/s.Paschim Banga Pharmaceuticals, NH-31, TIN MILE HAT, SONAPUR HAT, P. S. CHOPRA, DISTRICT-UTTAR DINAJPORE, PIN-733214 (W.B.)",2024-04,2027-03,Bacterial Endotoxins Test,data/raw/cdsco_alerts/central/2024-09_central_nsq.pdf,33,pdf,
MT240578,MT240578,Pantoprazole Gastro-Resistant Tablets IP 40 mg.,"M/s. Mancare Laboratories Pvt. Ltd., Plot No-11, Pharmacity, Selaqui, Dehradun, Uttarkhand-248011",2024-08,2026-07,Dissolution in Buffer Stage,data/raw/cdsco_alerts/central/2025-04_central_nsq.pdf,6,pdf,
LMT240387,LMT240387,Olmesartan Medoxomil Tablets IP 40 mg,"M/s. Life Max Cancer Laboratories, Plot No. 106 & 106 A, Sector 6A, IIE, SIDCUL, Haridwar249403 (U.K)",2024-03,2026-02,Dissolution of Olmesartan Medoxomil,data/raw/cdsco_alerts/central/2024-08_central_nsq.pdf,39,pdf,
T013002,T013002,Enalapril Maelate Tablets IP 5 mg,"ANG Lifesciences India Ltd., Village Malkumajra, Nalagarh Road, Baddi, Distt. Solan-173205 (H.P.)",2023-06,2025-05,Assay of Enalapril Maleate,data/raw/cdsco_alerts/combined/2024-03_combined.pdf,52,pdf,
WHL-01715,WHL01715,"TERBUTALINE SULPHATE, BROMHEXINE HCl & GUAIPHENESIN SYRUP (NEFDYL-X)","Warner Hindusthan Pvt. Ltd.,. 24-85/7, Sy.No.548 & 551, Laxmi Narayana Nagar Colony, New IDA, Uppal, Hyderabad-39 (TS)",2023-11,2025-10,Assay of Bromhexine Hydrochloride,data/raw/cdsco_alerts/combined/2024-02_combined.pdf,30,pdf,
18RT2401,18RT2401,Montelukast Sodium and Levocetirizine Hydrochloride Dispersible Tablets (ROMILAST® L 4),"Adnova Healthcare Pvt. Ltd. 156, 157 A, Siddhi Industrial Infrastructure Park, Waghodia, Vadodara - 391760, Gujarat",2024-04,2026-09,Description and Uniformity of dispersion,data/raw/cdsco_alerts/central/2025-01_central_nsq.pdf,43,pdf,
ASL24199,ASL24199,"Manoril-BR Syrup (Terbutaline Sulphate, Bromhexine HCL, Guaiphenesin and Menthol Syrup)","M/s.AASSK Pharmaceuticals Pvt. Ltd, S.No.243/2, Plot No.9, Dr.Ambedkar Street, Kozhumanivakkam Village, Mangadu, Chennai-600122",2024-10,2026-09,Sample does not conform to Label claim with respect to the content of Bromhexine Hydrochloride,data/raw/cdsco_alerts/state/2025-05_state_nsq.pdf,13,pdf,
AGI-23107,AGI23107,HEPARIN SODIUM INJECTION IP 5000 IU/5ML,"Alliance Biotech, 440/3, Vill-Katha, Baddi, Solan (H.P.)-173205",2023-05,2025-04,"pH, Particulate Matter and Description",data/raw/cdsco_alerts/combined/2023-12_combined.pdf,48,pdf,
PGT24672,PGT24672,Calcium & Vitamin D3 Tablets IP,Affy Parenterals Vill. Gullawala P.O Baddi Distt. Solan 173205 (HP),2024-09,2026-08,The sample does not conform to the IP 2022 requirement with respect to uniformity of weights,data/raw/cdsco_alerts/state/2025-02_state_nsq.pdf,1,pdf,
TYOL-047,TYOL047,Clobium Suspension. Clobazam Oral Suspension BP 5mg,"Tanmed Pharma (I) Pvt Ltd, No.1/429, Multi Industrial Nagar, Gerugambakkam, Chennai-600128",2024-07,2026-06,Sample does not conform to BP specification for Clobazam Oral Suspension with respect to Dissolution and to the content of Clobazam,data/raw/cdsco_alerts/state/2024-12_state_nsq.pdf,81,pdf,
BT229,BT229,Non-Sterile Not for Intravenous Administration Concentrated Acidic Solution,"M/s. Bio Tech Formulation, Block A-10, Plot No-136, D.No. 17-65, Penamaluru Mandal, New Autonagar, Kanuru, Vijayawada-520007",2024-07,2025-06,"Appearance of solution, assay of sodium, potassium, calcium, magnesium and total chloride. Particulate contamination and description",data/raw/cdsco_alerts/central/2025-01_central_nsq.pdf,14,pdf,
GT3J023,GT3J023,Metformin Hydrochloride Sustained-release Tablets IP (Glycimet-SR-500),"M/s. Scott-Edil Pharmacia Ltd., 56, EPIP, Phase-1, Jharmajri, Baddi, Distt. Solan -173205 (HP), India",2023-10,2025-09,Dissolution of Metformin Hydrochloride,data/raw/cdsco_alerts/central/2024-08_central_nsq.pdf,4,pdf,
GB-23-03,GB2303,"Terbutaline Sulphate, Ambroxol Hydrochloride, Guaiphenesin & Menthol Syrup (GMBRON)","G.M. Pharmaceuticals, A-67(204), Satindra Pally, Garia, Kolkata -700 084",2023-12,2025-11,"Assay of Terbutaline Sulphate, Ambroxol Hydrochloride & Menthol",data/raw/cdsco_alerts/combined/2024-03_combined.pdf,5,pdf,
LLT-2614,LLT2614,Omeprazole Magnesium & Domperidone Tables (MOD Tablets),"Cavendish Bio Pharma Pvt. Ltd. At Kh. No. 136, Raipur - 247 661 (Utarakhand)",2023-12,2025-11,Disintegration,data/raw/cdsco_alerts/combined/2024-03_combined.pdf,12,pdf,
AGWT25035,AGWT25035,Oxfendazole & Ivermectin Bolus (Vet.) WELLMOX-1,"M/s.Argon Remedies Pvt. Ltd., Sarverkhera. Moradabad Road, Kashipur, U S Nagar, Uttarakhand-244713",2025-01,2026-12,The content of Ivermectin found to be 25.17 mg per bolus (62.925%) against labelled claim of 40 mg per bolus.,data/raw/cdsco_alerts/state/2025-04_state_nsq.pdf,94,pdf,
MO24H22,MO24H22,Carboxymethyl Cellulose Sodium Eye Drops IP,"M/s. Martin & Brown Bio-sciences Pvt. Ltd. K.no. 918/419 Malkumajra Nalagarh Road Baddi, Dist. Solan (H.P.)-173205",2024-08,2026-07,"pH, Sterility and Assay",data/raw/cdsco_alerts/central/2025-04_central_nsq.pdf,3,pdf,
RBLS-02501,RBLS02501,Sucralfate & Oxetacaine Suspension (Rabeflux Suspension),"M/s. Tidal Laboratories Pvt. Ltd., Patch-5, Phase-II, Gowalthai, Distt. Bilaspur-174201 (H.P.), INDIA",2025-01,2026-12,"Identification, Assay of Sucralfate and Assay of Oxetacaine",data/raw/cdsco_alerts/central/2025-04_central_nsq.pdf,20,pdf,
KTT24936,KTT24936,Telmisartan & Amlodipine Tablets I.P. (Telmamet AM),"M/s. Kantil Pharmaceuticals Pvt. Ltd., Vill, Sainimajra, tehsil Nalagarh, Distt Solan Himachal Pradesh-174101",2024-10,2026-09,Dissolution,data/raw/cdsco_alerts/state/2025-06_state_nsq.pdf,11,pdf,
ZS-2405,ZS2405,Tonz ee-20 (Zinc Sulphate Tablets IP 20mg),"M/s.Torino Laboratories Pvt. Ltd., Fact: Plot No. 65/1, Sector 1, Pithampur – 454775, Dist. Dhar (INDIA).",2024-07,2026-06,Disintegration,data/raw/cdsco_alerts/state/2025-06_state_nsq.pdf,113,pdf,
43037,43037,Pole rgy (Levocetizine Tablets IP 5mg),"M/.s Ronak Life care Pvt Ltd., R.S. No. 41, At and Post Rajpur, Dist. Patan 384265",2023-07,2025-06,All tablets received for analysis shows light brown coloured spots all over the surface of the tablets when observed in normal daylight with unaided eyes.,data/raw/cdsco_alerts/state/2025-04_state_nsq.pdf,118,pdf,
MT-23K36,MT23K36,Pantoprazole Tablets IP,"MARTIN & BROWN BIO-SCIENCES PVT. LTD., K.NO. 918/419, MALKUMAJRA, NALAGARH ROAD, BADDI, DIST.SOLAN (H.P.)-173205",2023-11,2025-04,Dissolution at Buffer Stage,data/raw/cdsco_alerts/central/2024-07_central_nsq.pdf,46,pdf,
LMT240377,LMT240377,Calcium 500 mg with Vitamin D3 250 IU Tablets IP,"Life Max Cancer Laboratories, Plot No. 106 & 106 A, Sector6A, IIE, SIDCUL, Haridwar-249403 (U.K)",2024-03,2026-02,Dissolution of Calcium and Assay of Vitamin D3,data/raw/cdsco_alerts/central/2024-10_central_nsq.pdf,25,pdf,
7704,7704,"Ambroxol Hydrochloride Guaiphenesin, Terbutaline Sulphate & Menthol (Viriz - AT)","Bidhan Pharmaceuticals, Vill. Khalore, P.O. Bagnan, Dist. Howrah 711303",2023-12,2025-11,Assay of Menthol,data/raw/cdsco_alerts/combined/2024-03_combined.pdf,8,pdf,
LLMS-063,LLMS063,Lelet-M Syrup (Montelukast Sodium and levocetirizine hydrochloride syrup),"M/s.IOSIS Remedies pvt ltd, Rajpura road, village-khera nihla, Tehsil-Nalagarh, District-solan. Himachal Pradesh - 174 101 India",2024-04,2026-03,sample does not conform to label claim with respect to content of Montelukast in Montelukast sodium,data/raw/cdsco_alerts/state/2025-04_state_nsq.pdf,34,pdf,
BHCJ-009,BHCJ009,★Cefixime Trihydrate with Lactic Acid Bacillus Tablets I.P. (Presef-200 LB Tablets),"M/s. Pragti Remedies, Plot No. 143, G. S. Road Link, Ulubari Guwahati, Assam-781008",2022-11,2024-10,Identification & Assay of Cefixime and Gram Positive endospore bearing rod shaped bacterium. The sample deemed to be Spurious.,data/raw/cdsco_alerts/central/2024-04_central_nsq.pdf,14,pdf,
T-23115,T23115,"Nimesulide, Phenylephrine Hydrochloride & Levocetirizine Dihydrochloride Tablets (Nunim-Cold)","M/s. Unispeed Pharmaceuticals Pvt. Ltd., 445/2, Behimd Wrigleys Vill. Katha, Baddi, Distt. Solan (H.P.) 173205",2023-01,2024-12,Description,data/raw/cdsco_alerts/central/2024-08_central_nsq.pdf,20,pdf,
0004,0004,"Norfloxacin Tablets I.P.400mg,","M/s.Stride Organics Private Limited, Sy. No. 265/P, Kondapur (Vill.) Ghatkesar, Medchal District. (T.G), Telangana.",2025-02,2026-07,The sample does not comply with respect to Dissolution Test as per IP.,data/raw/cdsco_alerts/state/2025-05_state_nsq.pdf,18,pdf,
23UJ85,23UJ85,Atropine Sulphate Injection IP,"M/s. SVP Life Sciences, C/10/1, Sara Industrial Estate, Selaqui, Dehradun, Uttarakhand",2023-10,2025-09,"pH, Particulate Matter & Assay",data/raw/cdsco_alerts/central/2024-04_central_nsq.pdf,9,pdf,
LV326,LV326,Enrofloxacin Injection I.P. (Vet.) (ENROXACIN VET Injection),"M/s. Lavista Ideal Pharmacy Pvt. Ltd., Lavista Ideal Pharmacy Pvt. Ltd., Back side of Tata Motor Vill-Nalka, PO - Manpura, Tehsil Baddi, Dist. Solan (HP) - 173205",2023-01,2024-12,pH,data/raw/cdsco_alerts/central/2024-10_central_nsq.pdf,23,pdf,
24-XLS-010,24XLS010,Xputum-LS Syrup,"Stedman Pharmaceuticals Pvt Ltd, C-4, SIDCO Pharmaceuticals Complex, Alathur, Thiruporur-603 110, Tamilnadu.",2024-02,2025-07,Sample does not conform to Label Claim With respect to content of Levosalbutamol in Levosalbutamol Sulphate.,data/raw/cdsco_alerts/state/2025-01_state_nsq.pdf,67,pdf,
AL-5770,AL5770,"Codeine Phosphate, Chlorpheniramine Maleate and Sodium Citrate Cough Linctus (WYKAREX-CD Cough Linctus)","M/s. Acron Pharmaceuticals, 38/2, Main Road, G.I.D.C, Estate, Naroda, Ahmedabad-382330",2023-11,2025-10,The Content of Codeine Phosphate in the sample less (i.e 32.50% of the labelled amount),data/raw/cdsco_alerts/state/2025-05_state_nsq.pdf,69,pdf,
TF240782,TF240782,Ibup rofen Tablets IP 400mg,"M/s. Orchid Medlife Pvt. Ltd., K.H-646/513, Vill. Kaumdi, Thana, Baddi, distt. Solan HP",2024-06,2026-08,Sample does not conform to claim as per I.P. 2022 w.r.t. Dissolution of Ibuprofen.,data/raw/cdsco_alerts/state/2025-04_state_nsq.pdf,135,pdf,
PT30119,PT30119,Co- trimoxazole Tablets I.P. (D.S.=Double Strength),"M/s.Omega Pharma., Khasra No. 482, Village - Saliyar, Roorkee - 247667. Distt-Haridwar (Uttarakhand)",2023-05,2025-04,Dissolution (Trimethoprim and Sulphamethoxazo le),data/raw/cdsco_alerts/central/2024-12_central_nsq.pdf,35,pdf,
NHD24207C,NHD24207C,Rab eprazole Sodium Enteric Coated & Domperidone Sustained Release Capsules (Kylid-RD),"M/s. Nest Healthcare Pvt Ltd., Plot No. 300, G.I.D.C Odhav, Ahmedabad-382415(Gujarat)",2024-05,2026-04,The sample does not conform to the claim with respect to Assay of Rabeprazole Sodium.,data/raw/cdsco_alerts/state/2025-05_state_nsq.pdf,116,pdf,
CT24100,CT24100,OFLOVEE OZ (Ofloxacin and Ornidazole Tablets IP),"M/s. Century Nova Drugs Pvt. Ltd., 85-86, Phase-II, A.K.V.N Industrial Area, Umaria-Dungaria-482003",2024-06,2027-05,Description & Assay for Ofloxacin,data/raw/cdsco_alerts/state/2025-06_state_nsq.pdf,45,pdf,
FDMC-588,FDMC588,Mon telukast Sodium & Levocetirizine Hydrochloride Tablets IP(Moncube LC),"M/s. Firstmed Therapeutics Pvt Ltd., R.S. No.31/1,Pondy-Tindivanam Main Road,Auroville (PO),Thiruchitrambalam,Tamilnad u-605 101",2024-07,2026-06,"For the received sample Montelukast Sodium & Levocetirizine Hydrochloride Tablets IP (Moncube LC) ,Presence of Spots was observed which should not be present",data/raw/cdsco_alerts/state/2025-04_state_nsq.pdf,131,pdf,
GF-279,GF279,"Terbutaline Sulphate, Ambroxol Hydrochloride, Guaiphenesin & Menthol Syrup (Scoril)","Global Formulations, Plot No.7, P & T Colony, Medipally, Medchal-Malkajgiri Dist., Hyderabad-500098,",2023-11,2025-10,Weight per ml & Assay,data/raw/cdsco_alerts/combined/2024-01_combined.pdf,27,pdf,
ACAG24001E,ACAG24001E,Amoxycillin and Potassium Clavulanate Oral Suspension RIGHTCLAV 228.5 Dry Syrup,"M/s.J.M.Laboratories, Village Bhanat, PO-Ghatti, Subathu Road, Solan (H.P)-173211",2024-04,2025-09,Sample does not conform to IP specification for Amoxycillin and Potassium Clavulanate oral suspension with respect to pH and the content of Clavulanic Acid in Potassium Clavulanate diluted,data/raw/cdsco_alerts/state/2025-05_state_nsq.pdf,8,pdf,
SOD-2470,SOD2470,"METHYLCOBALA MIN, FOLIC ACID, ALPHA LIPOIC ACID, VITAMIN B6, CHROMIUM PICOLINATE, SODIUM SELENITE & ZINC SOFT GELATIN CAPSULES (Mi- 6)","M/s. Symbiosis Pharmaceuticals Pvt. Ltd., At C/o Ovation Remedies Behind IITT Engg. College, Trilokpur Road, Kala Amb. Distt. Sirmour, HP - 173030",2024-05,2026-04,Does not comply with respect to test for Disintegration -NSQ,data/raw/cdsco_alerts/state/2025-02_state_nsq.pdf,53,pdf,
TX-17798,TX17798,Rifmin 550 (Rifaximin Tablets 550 mg),"M/s. Legen Healthcare, Plot No. 20, Sector-5, Parwanoo, Distt. Solan (H.P.) 173220",2024-02,2026-01,Dissolution & Water,data/raw/cdsco_alerts/central/2024-08_central_nsq.pdf,6,pdf,
L2403/2,L24032,Haloperidol Injection IP (Radipace),"M/s. SBS Biotech, Mouza Rampur Jattan, Nahan Road, Kala Amb, District Sirmour (H.P.)",2024-03,2026-02,Particulate matter and Description,data/raw/cdsco_alerts/central/2025-02_central_nsq.pdf,3,pdf,
ACF24159,ACF24159,Sodium Chloride and Glycerine Sterile Diluent for fowl pox vaccine and its combinations for wing web application,"M/s. Safe Parenterals Pvt. Ltd. Gollapadu 522408, Palnadu Dist, Andhra Pradesh, India",2024-11,2026-10,"Description, Appearance of solution and Particulate matter",data/raw/cdsco_alerts/central/2025-01_central_nsq.pdf,18,pdf,
AFC2411056,AFC2411056,Gabapentin Capsules IP 300mg. (Pebammyl-3G),"ALIFECARE FORMULATION, Plot No-147, DIC Ind. Area, Baddi, Distt. Solan (HP) 173205",2024-11,2026-10,The sample does not conform to claim as per I.P. 2022 even at Stage-III as the average release is 65.02% of labelled claim against Q value of NLT 80% of labelled claim.,data/raw/cdsco_portal/json/2025-07_all_nsq.json,86,portal,
DL-136,DL136,Ofloxacin and Ornidazole Tablets IP 200 mg+500mg,"M/s. DUTCH Formulations, 32, Industrial Area, Village Johron, Kala-Amb, Tehsil Nahan, District Sirmour, H.P.-17030",2024-12,2026-11,"Uniformity of weight, Dissolution of Ornidazole, Dissolution of Ofloxacin and Assay of Ofloxacin and Ornidazole",data/raw/cdsco_alerts/central/2025-05_central_nsq.pdf,38,pdf,
RT220512,RT220512,Pheniramine Maleate Tablet IP (APVIL),"RIDLEY LIFE SCIENCE PVT. LTD., D-1651, DSIDC Indl. Complex, Narela, Delhi-110040",2022-06,2025-05,Description,data/raw/cdsco_alerts/combined/2024-02_combined.pdf,53,pdf,
AGWT25025,AGWT25025,Oxfendazole & Ivermectin Bolus (Vet.) WELLMOX-1,"M/s.Argon Remedies Pvt. Ltd., Sarverkhera. Moradabad Road, Kashipur, U S Nagar, Uttarakhand-244713",2025-01,2026-12,The content of Ivermectin found to be 28.57 mg per bolus (71.425%) against labelled claim of 40 mg per bolus.,data/raw/cdsco_alerts/state/2025-04_state_nsq.pdf,87,pdf,
MHBT/23/038,MHBT23038,Cefpodoxime Proxetil Tablets IP (DOXTIL-200 TABLETS),"Morisus Healthcare, Ind. Area, Bhagwanpur, Roorkee-247661",2023-04,2025-03,"Uniformity of weight, Identification and Assay of Cefpodoxime Proxetil equivalent to anhydrous Cefpodoxime",data/raw/cdsco_alerts/combined/2023-12_combined.pdf,9,pdf,
T24/013A,T24013A,"Albendazole Tablets IP 400 mg,","Mfg By: M/s. Samkem 15-B & 10-B, A.K.V.N. Industrial Area, Rangwasa, Rao, Indore - 453331. (M.P). Madhya Pradesh.",2024-12,2026-11,Sample does not meets the Specifications wrt. Dissolution Test as per IP.,data/raw/cdsco_alerts/state/2025-03_state_nsq.pdf,13,pdf,
TA24035,TA24035,Dexamethasone Tablets IP 0.5mg,"Saintlife Pharmaceuticals Ltd, 323, Central Hope Town, Industrial Area, Selaqui, Dehradun - 248 011, Uttarakhand, India",2024-01,2025-12,Sample does not conform IP specification for Dexamethasone Tablets with respect to this content of Dexamethasone.,data/raw/cdsco_alerts/state/2024-11_state_nsq.pdf,52,pdf,
T-1261,T1261,Pantoprazole Gastro-Resistant Tablets IP 40 mg (Pantojack-40),"M/s.Jackson Laboratories Pvt.Ltd, 22-24, Majitha Road, Bye Pass, Amritsar-143 001(India)",2024-04,2026-03,Dissolution & Description,data/raw/cdsco_alerts/central/2024-11_central_nsq.pdf,33,pdf,
2511723,2511723,Paracetamol Tablets I.P 500 mg,"M/s. Karnataka Antibiotics & Pharmaceuticals Ltd., Plot No.14, II Phase, Peenya Industrial Area, Bengaluru-560058",2023-02,2026-01,Description,data/raw/cdsco_alerts/state/2025-06_state_nsq.pdf,6,pdf,
MA24H16,MA24H16,Polywin Vitamin B Complex Injection (Polywin),"M/s. MARTIN & BROWN BIO-SCIENCES PVT. LTD., K.No-918/419, Malkumajra, Nalagarh Road, Baddi, Dist-Solan (H.P.)-173205",2024-08,2026-01,"Extractable volume, Particulate matter, Assay of Riboflavin Sodium Phosphate and Description",data/raw/cdsco_alerts/central/2025-02_central_nsq.pdf,22,pdf,
ECT-2421,ECT2421,Cuftin COUGH LINCTUS,"ELFOS LABORATORIES,at :F-54,M.I.Area, JAIPUR-17",2023-09,2025-08,The sample does not conforms to claim as per Patent and Proprietary in respect to the Assay of Sodium Citrate,data/raw/cdsco_alerts/central/2024-05_central_nsq.pdf,3,pdf,
CHT23725,CHT23725,Para sev 500 Tablets(Paracetamol Tablets IP 500mg),"M/s. Cureza Healthcare Pvt Ltd. A.B Road, Girwal , Gwalior-474001",2024-03,2026-02,"The tablets does not comply for description as, the tablets shows uneven light brown coloured spots on the surface of almost all the tablets.",data/raw/cdsco_alerts/state/2025-04_state_nsq.pdf,123,pdf,
EXPN-24004,EXPN24004,Ampicillin 1G Powder for Injection 1000 mg,"Unital Formulations, 114-B, EPIP, Phase-1, Jharmajri, Baddi, Solan,H.P.-1732025, under neutral code no. HP/DRUGS/MB/08/712",2024-04,2026-03,Particulate matter and Assay of Ampicillin Sodium calculated as Ampicillin,data/raw/cdsco_alerts/central/2024-10_central_nsq.pdf,54,pdf,
PT-40586,PT40586,Telmisartan Tablets IP 40mg (Savtel 40 Tablets),"Pharmaroots Healthcare, Khasra No. 411, Village Tipra, P.O. Barotiwala, Tehsil Baddi, Distt. Solan, H.P.",2024-02,2026-01,Dissolution of Telmisartan,data/raw/cdsco_portal/json/2025-07_all_nsq.json,20,portal,
OM-11068,OM11068,Fluoxetine Tablets IP 20mg,"DD Pharmaceuticals Pvt Ltd. G-1/583, RIICO Indl Area Sitapur Lonk Road, Jaipur-302022",2025-01,2027-12,The sample does not conform to the IP with respect to Description as it show the physical instability in the form of Mettling,data/raw/cdsco_portal/json/2025-07_all_nsq.json,49,portal,
BD231669H,BD231669H,Telmisartan and Hydrochlorothiazide Tablets IP (Telverge H),"BIOALTUS PHARMACEUTICALS PVT. LTD., At: 19-20, DIC, Ind. Area, Baddi, Distt. Solan (H.P.) 173205",2023-11,2025-10,Dissolution of Hydrochlorothiazide,data/raw/cdsco_alerts/combined/2024-03_combined.pdf,35,pdf,
LV4978,LV4978,Sodium Chloride Injection IP 0.9 %w/v,"M/s.Captab Biotec, Unit-II, Plot No.125, E.P.I.P. Road, Mauja, Jharmajri, Baddi, Distt. Solan (H.P.)-173205",2024-11,2026-10,Bacterial endotoxins and Sterility,data/raw/cdsco_alerts/central/2025-04_central_nsq.pdf,57,pdf,
S-2245,S2245,"Terbutaline Sulphate, Ambroxol, Guaiphenesin and Menthol Syrup (Cufrish EXPECTORANT)","M/s. Northern India Chemical Works Pvt.Ltd., V.Dantal, MRT-250001",2023-11,2025-10,pH,data/raw/cdsco_alerts/central/2024-04_central_nsq.pdf,24,pdf,
CT-0778A,CT0778A,Cefpodoxime Proxetil Dispersible Tablets (TROYPOD 200 TABLETS),"Saitech Medicare Pvt. Ltd., Village-Kheri, Trilokpur Road, Kala-Amb, Dist. Simour, (H.P.) 173030",2023-12,2025-11,Dissolution,data/raw/cdsco_alerts/combined/2024-03_combined.pdf,57,pdf,
TLL-504,TLL504,Telmisartan Tablets IP 40 mg,"M/s.Healers Lab Unit II, Plot No. 33, H.P.S.I.D.C., Extn.,Baddi, Distt-Solan (H.P)",2025-01,2026-12,Dissolution of Telmisartan,data/raw/cdsco_alerts/central/2025-06_central_nsq.pdf,39,pdf,
E4B0148,E4B0148,AMLOPEN 2.5 (Amlodipine Besylate Tablets I.P. 2.5 mg),"Morepen Laboratories Ltd., Plot No. 12-B, Sector -2, Parwanoo, Dist. Solan (H.P) ? 173220.",2024-02,2026-01,The sample does not conform to standard quality in respect of the test for ?Dissolution? performed,data/raw/cdsco_portal/json/2025-07_all_nsq.json,73,portal,
MDT-3717,MDT3717,Ursodeoxycholic Acid Tablets IP,"Mayasha Lifesciences H.B. 86, Village-Bhatian Nalagarh, Distt.-Solan (H.P.) 174101",2025-01,2026-12,Dissolution and Assay.,data/raw/cdsco_portal/json/2025-07_all_nsq.json,65,portal,
LVU-515,LVU515,Levocetirizine Tablets IP,"Healers Lab, Unit II, Plot No.33, H.P.S.I.D.C., Extn., Baddi, Distt. Solan (HP)",2023-06,2025-05,Identification and Assay of Levocetirizine Hydrochloride,data/raw/cdsco_alerts/combined/2024-01_combined.pdf,33,pdf,
DT40078,DT40078,Clonazepam Tablets IP 0.5 mg (NOZIM-0.5),"M/s. Elikem Healthcare Private Limited, Plot/Survey No. 146, Near Sarbhara Beverages, Village - Borisana, Tal. - Kadi, Dist. - Mehsana - 382 715, Gujarat, India",2024-12,2027-11,Dissolution,data/raw/cdsco_alerts/central/2025-02_central_nsq.pdf,45,pdf,
DYC-24007,DYC24007,Rabeprazole Sodium (EC) & Domperidone (SR) Capsules (Dorsai),"M/s. DYCOTT Healthcare, Kh. No-341/1, Vill Dasomajra, P.O. Bhud, Baddi, Distt.-Solan (HP)-173205",2024-04,2026-03,"Dissolution of Rabeprazole Sodium (acid stage), Dissolution of Rabeprazole Sodium (buffer stage) and Assay of Rabeprazole Sodium",data/raw/cdsco_alerts/central/2025-05_central_nsq.pdf,23,pdf,
MZTJ23002,MZTJ23002,Metronidazole Tablets IP 400 mg,"Vivek Pharmachem (India) Ltd., EPIP, Bari Brahmana, Jammu- 181 133",2023-06,2025-05,Description,data/raw/cdsco_alerts/combined/2024-01_combined.pdf,30,pdf,
MV24B35,MV24B35,Calcium Gluconate Injection I.P. 10 ml,"M/s. Martin and Brown Bio-sciences Pvt. Ltd., K.No.- 918/419, Malkumajra, Nalagarh Road, Baddi, Distt.- Solan (H.P.) -173205",2024-02,2026-01,"Extractable Volume, Particulate matter and Description",data/raw/cdsco_alerts/central/2025-03_central_nsq.pdf,36,pdf,
T23169,T23169,Bupropion Hydrochloride Extended Release Tablets U.S.P. 150 mg (Brudel SR-150),"Rebase Lifescience Pvt. Ltd., Block No.6, Plot No. 11 & 12, Nr. Amrut Dairy, Lalpur, Daskroi, Ahmedabad, Gujarat - 382 430",2023-09,2026-08,Assay of Bupropion Hydrochloride,data/raw/cdsco_alerts/central/2024-10_central_nsq.pdf,42,pdf,
LSF-B0656,LSFB0656,Xorcid-O Suspension,"Spen Formulations Pvt Ltd Plot No. 123, Industrial Area , Mehatpur, Distt. Una-174315 (H.P)",2023-07,2025-06,Under Investigation / The sample is found spurious as the Assay contents of Sucralfate and Oxetacaine are found to be NIL and also fails in the test for Description,data/raw/cdsco_alerts/state/2025-02_state_nsq.pdf,5,pdf,
QDT-250088,QDT250088,"Arthopan EC - 500 Tablets, Naproxen Tablets IP,","M/s. Quasar Labs Pvt.Ltd., Plot No. 235j, Kuanwala IDA, Dehradun - 248 001 U.K. Uttarakhand. Mrkt: Crescent Formulations Pvt.Ltd, 4-7-11/4/c, Raghavnendra Nagar, Nacharam, Hyderabad - Telangana.",2025-01,2026-12,Disintegration test. The sample is also not labelled in the prescribed manner.,data/raw/cdsco_portal/json/2025-07_all_nsq.json,13,portal,
KI124110,KI124110,Compound Sodium Lactate Injection IP (Ringer-Lactate Solution for Injection),"M/s.Ultra Laboratories Pvt. Ltd.,Plot NO.102-B &102-B (P-1), Pharmaceuticals SEZ, KIADB Industrial Estate, Hassan, Karnataka-573201",2024-12,2027-11,Test for Sterility,data/raw/cdsco_alerts/state/2025-05_state_nsq.pdf,83,pdf,
RNFT-0 1 6,RNFT016,"Norfloxacin Tablets IP 400 mg,","Mfg By: Revat Laboratories Pvt.Ltd, 1 2 - 3 2 1 , O p p I D A K u r n o o l r o a d , Pernamitta, Ongole - 523002 Andhra Pradesh.",2024-10,2026-09,Dissolution does not c o m p ly a s p e r I P 2 0 2 2 .,data/raw/cdsco_alerts/state/2025-03_state_nsq.pdf,1,pdf,
LG24-0204,LG240204,Laxnorm Solution (Lactulose Solution USP),"M/s. Athens Life Sciences, Mauza Rampur Jattan, Nahan Road, Kala Amb, Dist-Sirmour, HP-173030",2024-02,2026-01,Assay,data/raw/cdsco_alerts/central/2024-08_central_nsq.pdf,13,pdf,
DL2501013B,DL2501013B,"Softuss-D (Dextromethorphan Hydrobromide, Phenylephrine Hydrochloride & Chlorpheniramine Maleate Syrup)","M/s.Indorama Health Care Pvt Ltd, 204-205, HSIIDC, Manakpur, Industrial Area, Jagadhri, Distt, Yamuna Nagar (Haryana), 135003",2025-01,2026-12,Sample does not conform to IP specification for label claim with respect to the content of Phenylephrine Hydrochloride,data/raw/cdsco_alerts/state/2025-04_state_nsq.pdf,48,pdf,
10769,10769,"Dicyclomine HCl, Mefenamic Acid and Paracetamol Tablets (MEFEN-SPAS TABLETS)","Oyster Labs Limited 81-82, Industrial Estate, Ambala Cantt-133006",2025-01,2026-12,"Assay of Mefenamic Acid, Dicyclomine Hydrochloride",data/raw/cdsco_portal/json/2025-07_all_nsq.json,126,portal,
L22455,L22455,"Aluminum Hydroxide, Simethicone & Magnesium Hydroxide Suspension (Spisam Gel)","M/s.Aan Pharma Pvt. Ltd., 816/1, Rakanpur, Tal. Kalol, Dist. Gandhinagar, 380060, Gujarat, (India)",2022-12,2024-11,"Assay / Content of Magnesium Hydroxide, Simethicone and Aluminium Hydroxide gel",data/raw/cdsco_alerts/central/2024-09_central_nsq.pdf,36,pdf,
TA24159,TA24159,Amitriptyline Tablets IP 25mg,"Saintlife Pharmaceuticals Ltd, 323, Central Hope Town, Industrial Area, Selaqui, Dehradun - 248 011, Uttarakhand, India",2024-04,2026-03,Sample does not conform to IP specification for tablets with respect to Definition.,data/raw/cdsco_alerts/state/2024-12_state_nsq.pdf,53,pdf,
HCL5011,HCL5011,Calcium and Vitamin D3 Tablets IP (GENIBONE-500),"M/s. Hanuchem Laboratories, Plot No.15-16-17, Sector-5, Indl. Area, Parwanoo, Dist. Solan (H.P)- 173220",2025-01,2026-12,Description,data/raw/cdsco_alerts/state/2025-06_state_nsq.pdf,34,pdf,
13-4536,134536,Compound Sodium Lactate Injection I.P (Ringer's Lactate Solution Injection I.P)RL,"M/s.Tam Bran Pharmaceuticals Pvt. Ltd.,PlotNo.212-216, Sector-1, Pithampue (Distt.Dhar) M.P",2024-11,2027-10,Test for Sterility,data/raw/cdsco_alerts/state/2025-05_state_nsq.pdf,84,pdf,
BL0l,BL0L,"Om Shanthi Gold Class KUMKUM,","M/s.N. Rangarao & Sons Pvt.Ltd.,C9 & C10,Yadavagiri Industrial Area,Mysusru-570020",2024-12,2025-11,Test for Fineness residue only,data/raw/cdsco_alerts/state/2025-05_state_nsq.pdf,93,pdf,
23051901,23051901,Sulbactam Sodium Sterile I.P./USP.,"M/s.Reyoung Pharmaceutical Co. Ltd., No.1,Ruiyang Road, Yiyuan Country,Shandong Province,P.R.China,Post Code:256100.Imported By: Shah TC Distribution LLP,Gala No.2 & 3, 1st Floor, BLD No. B1.H.No.709/2&709/3,Radha Krushna Compound,T.M. Industrial Park, Pimplas Bhiwandi,MH-421302, India.",2023-05,2026-04,"""Identification and Assay/Content of Sulbactam Sodium",data/raw/cdsco_alerts/central/2025-04_central_nsq.pdf,37,pdf,
2411110,2411110,Levocetirizine Dihydrochloride Tablets IP 5 mg (Alercet-5),"M/s. Brij Healthcare Pvt. Ltd, 51/10, G.I.D.C Esatae, Motipura, Himatnagar - 383001, Gujarat",2024-11,2026-10,Dissolution,data/raw/cdsco_alerts/central/2025-02_central_nsq.pdf,44,pdf,
HILA23013C,HILA23013C,LIGNOCAINE HYDROCHLORIDE INJECTION I.P. (A-CAINE),"Health Biotech Ltd., Village Sandoli, Nalagarh Road, Baddi, Distt. Solan (H.P.)- 173205.",2023-08,2025-07,Assay of Lignocaine Hydrochloride,data/raw/cdsco_alerts/combined/2023-12_combined.pdf,34,pdf,
WB2309007,WB2309007,Calcium Carbonate with Vitamin D3 Tablets IP,"Kanha Biogenetic, Plot No. 1C, E.P.I.P, Phase 1, Jharmajri, Baddi, Dist. Solan, (H.P.)",2023-09,2025-08,Assay of Calcium,data/raw/cdsco_alerts/combined/2023-12_combined.pdf,37,pdf,
22HE16,22HE16,Heparin Sodium Injection IP 25000 IU/5ml,"SAI Parenterals Limited, D1 & D4, Survey No. 280, Phase-V, IDA, Jeedimetla, Hyderabad 500 055, Telangana, India",2022-10,2024-09,"Description, Extractable Volume, Particulate Matter and Assay",data/raw/cdsco_alerts/combined/2024-02_combined.pdf,9,pdf,
L2310099,L2310099,"Terbutaline Sulphate, Bromhexine Hydrochloride, Guaiphenesin & Menthol Syrup (Esytus plus)","Empree medicaments India Private Limited, 99 C and D KIADB Industrial Estate, Honaga, Belgavi 591156, Karnataka",2023-10,2025-09,Assay of Bromhexine Hydrochloride & Menthol,data/raw/cdsco_alerts/combined/2024-03_combined.pdf,33,pdf,
CH040103,CH040103,Cipladine Multipurpose Antiseptic Skin Ointment,"HSN International, At Plot No.54-55, Sector 6A, I.I.E, Sidcul, Haridwar, Uttarakhand,249403.",2024-03,2026-02,Sample does not conform to USP specification for povidone-Iodine Ointment with respect to content of available Iodine in povidone Iodine.,data/raw/cdsco_alerts/state/2024-12_state_nsq.pdf,40,pdf,
AST-23303,AST23303,DEXTROMETH ORPHAN HYDROBROMI DE PHENYLEPHRI NE HYDROCHLOR IDE & CHLORPHENIR AMINE MALEATE TABLETS (Expal),"M/s.AASSK Pharmaceuticals Pvt. Ltd. Plot No.9, S.no 243/2, Dr.AmbedhkarStreet, Kozhumanivakkam, Mangadu, Chennai-600 122",2023-08,2025-07,On visual inspection dark spots are found on tablet surface.Cappingand lamination defects are found. Some t a b le t s were brittle on opening from the strip - NSQ,data/raw/cdsco_alerts/state/2024-12_state_nsq.pdf,4,pdf,
MT-2232,MT2232,Ascorbic Acid 500 mg Capsules (MAX-CEE CAPSULES),"Mason Pharma, P1, 125 EPIP, Jharmajri, Dist. Solan (HP), India",2023-04,2026-03,Assay of Sodium Ascorbate calculated as Ascorbic Acid,data/raw/cdsco_alerts/combined/2023-12_combined.pdf,16,pdf,
MDP-649,MDP649,Glim epiride Tablets (Glimilive – 4),"M/s. Medinok healthcare Pvt. Ltd., R.S.No. 2/1, Plot No. 87, 88, 89, Vazhudhavur Main Road, Kurumbapet, Puducherry – 605 009.",2024-09,2026-08,"Misbranded (1) For the received sample Glimepiride Tablets (Glimilive – 4) , The label is mentioned as ‘Approved colour used’ but common name of the permitted colour used in the formulation as prescribed under rule 127(2) of the Drugs Rules ,1945 was not mentioned. (2) The sample received is labelled as Glimepiride Tablets (Glimilive – 4) , however Glimepiride Tablets is an official IP monograph (2022) hence should be labelled as Glimepiride Tablets IP",data/raw/cdsco_alerts/state/2025-04_state_nsq.pdf,132,pdf,
AT-052410,AT052410,"Alpha Lipoic Acid, Folic Acid, Methylcobalamin, Vitamin B6 &Vitamin D3 Tablets)","M/s.East African (India) Overseas,1, Pharmacity,Selaqui, Dehradun- 24801l (U.k)",2024-05,2026-04,Test for Disintegration only,data/raw/cdsco_alerts/state/2025-05_state_nsq.pdf,92,pdf,
CP04854,CP04854,Amoxycillin Trihydrate Capsules IP (Amoxus -500 Capsules),"Morisus Healthcare, Ind. Area, Bhagwanpur, Roorkee-247661",2023-06,2025-05,"Identification, Uniformity of filled weight and Assay of Amoxycillin trihydrate eq. to Amoxycillin",data/raw/cdsco_alerts/combined/2023-12_combined.pdf,11,pdf,
I213109,I213109,DICLOFENAC SODIUM INJECTION I.P. 75mg/3ml,"ANG Lifesciences India Ltd., Village Malkumajra, Nalagarh Road, Baddi, Distt. Solan-173205 (H.P.)",2023-07,2025-06,Description,data/raw/cdsco_alerts/combined/2024-02_combined.pdf,50,pdf,
MO24H21,MO24H21,Carboxymethyl Cellulose Sodium Eye Drops IP,"M/s. Martin & Brown Bio-sciences Pvt. Ltd. K.no. 918/419 Malkumajra Nalagarh Road Baddi, Dist. Solan (H.P.)-173205",2024-08,2026-07,"pH, Sterility and Assay",data/raw/cdsco_alerts/central/2025-04_central_nsq.pdf,2,pdf,
2250946,2250946,Ciprofloxacin Injection IP (0.2%w/v) (Ciprox),"M/s. Otsuka Pharmaceutical India Private Limited, Village-Vasana-Chacharwadi, Tal-Sanand, Dist.-Ahmedabad-382213, India",2025-02,2028-01,Particulate contamination.,data/raw/cdsco_alerts/central/2025-05_central_nsq.pdf,8,pdf,
KGP.240227,KGP240227,Paracetamol IP Paediatric syrup 125mg/5ml,"Mfg By: Karuppharma Pvt.Ltd., D. NO. 2-67, Sy.No.68, Kachivani Singaram, Ghatkesar mandal, Medchal - Malkajgiri Dist. Telangana.",2024-02,2026-01,"MISBRANDED The label of the sample indicates only Approved Coloures Used but failed to indicate the common name of the color, as required as per Rule 127(2) of the Drugs Rules, 1945. Hence the drug is deemed to be Misbranded as per Section 17 of the Drugs and Cosmetics Act, 1940, as the drug is not labeled in the prescribed manner.",data/raw/cdsco_alerts/state/2025-03_state_nsq.pdf,17,pdf,
323-885,323885,Dexamethasone Sodium Phosphate Injection I.P. (8mg/2ml),"ZEE LABORATORIES LTD.,Behind47, Industrial Area, Paonta Sahib-173025",2023-08,2025-07,"The sample does not conforms to IP with respect to test for ""Free Dexamethasone"", ""Particulate matter,"", ""Extractable volume"" ,""Assay of Dexamethasone Sodium Phosphate calculated as Dexamethasone Phosphate"" and is also not of standard quality for the reason stated under ""Description"".",data/raw/cdsco_alerts/central/2024-05_central_nsq.pdf,20,pdf,
DB240126,DB240126,"Cefem -200 Tablets, Cefixime with Lactic Acid Bacillus tablets","Daxin Pharmaceuticals Pvt Ltd.,. Plot No. 121-1 2 2 E P I P , J h a r m ajri Phase 1, The. Baddi, Distt. Solan (H.P.) - 174 103 HIMACHAL PRADESH",2024-04,2026-03,NOT OF STANDARD QUALITY 1. Thirteen Individual weights deviated from the average weight 636.0 mg i.e 6 tablets deviated by less than 5 percent and 7 tablets deviated by more than 5 percent . Hence the sample does not complies the test Uniformity of weight. 2. Assay of Cefixime does not complies. Hence the sample is of NOT OF STANDARD QUALITY,data/raw/cdsco_alerts/state/2024-10_state_nsq.pdf,4,pdf,
724-37,72437,Amoxycillin & Clavulanate Potassium for Oral Suspension I.P. 3.6gm/30ml,"M/s. ZEE LABORATORIES LTD, Behind 47, Industrial Area, Paonta Sahib-173025",2024-02,2026-01,Identification and Assay/Content of Clavulanic Acid,data/raw/cdsco_alerts/central/2025-02_central_nsq.pdf,34,pdf,
B-22680D,B22680D,Cefoperazone& Sulbactam for Injection,"Pace Biotech, Surajpur, Paonta Sahib, Dist-Sirmour (H.P)- 173001",2023-01,2024-12,"The sample does not conforms to claim as per The Schedule V of The Drugs and Cosmetics Act,1940withrespectto the Test for 'Clarity of solution' and' Particulate matter'",data/raw/cdsco_alerts/central/2024-05_central_nsq.pdf,12,pdf,
AD24059,AD24059,Ofloxacin Ornidazole Tablets IP,"Skymap Pharmaceuticals Pvt. Ltd.,(A WHO-GMP Certified Company)B-3,Dev Bhoomi Industrial Estate, PuhanaIqbalpur Road, Roorkee-247667",2024-04,2026-03,"Note: the sample received does not conformtoi.p.2022 specification with respect to the test for dissolution for the content of ofloxacin and ornidazole ( s1, s2 and s3 level) only. Cdtlh report no.: cdtlh/0131/f-",data/raw/cdsco_alerts/central/2024-05_central_nsq.pdf,23,pdf,
2304104,2304104,Itraconazole Capsules 100mg (ITRAKAM 100),"Impulse Pharma Pvt. Ltd., J-201, J. 202/1, MIDC Tarapur, Boisar, Dist-PaLGHAR-401506, Maharashtra Sate_ india",2023-04,2025-03,Dissolution,data/raw/cdsco_alerts/combined/2023-12_combined.pdf,57,pdf,
23051903,23051903,Sulbactam Sodium Sterile I.P./USP.,"M/s.Reyoung Pharmaceutical Co. Ltd., No.1,Ruiyang Road, Yiyuan Country,Shandong Province,P.R.China,Post Code:256100.Imported By: Shah TC Distribution LLP,Gala No.2 & 3, 1st Floor, BLD No. B1.H.No.709/2&709/3,Radha Krushna Compound,T.M. Industrial Park, Pimplas Bhiwandi,MH-421302, India.",2023-05,2026-04,Identification and Assay/Content of Sulbactam Sodium,data/raw/cdsco_alerts/central/2025-04_central_nsq.pdf,39,pdf,
IGMJ330,IGMJ330,Gentamicin Injection I.P. (Gentagain ),"M/s. Regain Laboratories 134/5, HTM Road, Raipur Lane, Hisar-125001",2023-10,2025-09,Description & Particulate matter,data/raw/cdsco_alerts/central/2024-09_central_nsq.pdf,14,pdf,
PGY23118,PGY23118,Iron Sucrose Injection USP-5ML,"Affy Parenterals, Vill. Gullerwala, P.O. Baddi, Distt. Solan - 173 205 (H.P)",2023-08,2025-07,Sample does not conform to requirement for assay for iron.,data/raw/cdsco_alerts/state/2024-12_state_nsq.pdf,62,pdf,
MT-25D60,MT25D60,Calcium and Vitamin D3 Tablets IP,"M/s.Martin & brown bio-sciences pvt. Ltd, K.No.918/419, Malkumajra, Nalagarh Road, Baddi, Distt. Solan (H.P.)-173205",2025-04,2027-03,Description,data/raw/cdsco_alerts/state/2025-06_state_nsq.pdf,91,pdf,
40183,40183,"Diphenhydramine Hydrochloride, Ammonium Chloride, Sodium Citrate & Menthol Syrup (Beedryl Plus)","M/s. Zenith Drugs Limited 72/5 & 72/3, 72/4, 74/1/1, 75/1/1, Muradpura (Orangpura) Dhar Road, Near Kalaria Indore 453001 (MP), India",2024-02,2026-01,Assay of Menthol and Description,data/raw/cdsco_alerts/central/2024-12_central_nsq.pdf,21,pdf,
1124192,1124192,Merocet (Cetirizine Hydrochloride Syrup),"M/s.Kite Formulation, No.67/1, 1st & 2st floor, 4th street, Thirunagar, Karumandapam, Trichy-620001",2024-11,2026-10,Sample does not conform to IP specification with respect to the PH.,data/raw/cdsco_alerts/state/2025-04_state_nsq.pdf,62,pdf,
LMT240348,LMT240348,Calcium 500 mg and Vitamin D3 250 IU Tablets IP,"Life Max Cancer Laboratories, Plot No. 106 & 106 A, Sector-6A, IIE, SIDCUL, Haridwar-249403 (U.K)",2024-03,2026-02,Dissolution of Calcium and Assay of vitamin D3,data/raw/cdsco_alerts/central/2024-07_central_nsq.pdf,48,pdf,
ELT1104,ELT1104,Etamsylat Tablets 500 mg,"Unicure India Ltd., C-21, 22 & 23, Sector-3, Noida-201 301, Distt. Gautam Budh Nagar (U.P)",2024-02,2024-07,Description,data/raw/cdsco_alerts/central/2024-06_central_nsq.pdf,14,pdf,
DCBGT-2402,DCBGT2402,Chro-B Gold,"Kniss Laboratories (P) Ltd, Plot No. 9, Multe Industrial Estate, Gerugambakkam, Chennai - 600 128",2024-09,2026-02,Sample does not conform to label claim with respect to the content of Cholecalciferol,data/raw/cdsco_alerts/state/2024-12_state_nsq.pdf,83,pdf,
24BUF83,24BUF83,Gentamicin Injection IP-2ml,"SVP Life science, C/10-1, Sara industrial Estate, Selequri, Dehradun",2024-06,2026-05,sample does not Conform to the requirement for PH,data/raw/cdsco_alerts/state/2025-01_state_nsq.pdf,48,pdf,
AT-110,AT110,NEUROSIA,"AMBROSIA PHARMA 91 Indl. Estate, Zainakot Srinagar.",2024-04,2027-03,Failing in Disintegration Test.,data/raw/cdsco_portal/json/2025-07_all_nsq.json,91,portal,
24DQC64,24DQC64,Metoclopramide HCL Injection I.P-2ml,"SVP Life Sciences, C/10-1, Sara Industrial Estate, Selaqui, Dehradun",2024-03,2026-02,sample does not conform to the requirement for Assay of Metoclopramide,data/raw/cdsco_alerts/state/2024-12_state_nsq.pdf,51,pdf,
RRCF 002,RRCF002,Ampicillin Capsules IP 500 mg (Ampicillin-500 Capsules),"Ross Robinz Biotech, (Manufactured under technical guidance of ) ASHICON REMEDIES V.P.O-Barog, Solan - 173212 (H.P.)",2023-05,2025-04,Assay of Ampicillin Trihydrate calculated as Ampicillin,data/raw/cdsco_alerts/combined/2023-12_combined.pdf,10,pdf,
B18523001,B18523001,MONTOR -LC TABLET (MONTELUKAST SODIUM & LEVOCETRIZINE DIHYDROCHLORI DE TABLET I.P.),TORQUE PHARMACEUTICALS PVT. LTD.,2023-01,2024-12,THE SAMPLE DOES NOT COMPLY WITH I P REQUIREMENTS FOR DISSOLUTION TEST,data/raw/cdsco_alerts/state/2024-06_state_nsq.pdf,10,pdf,
GAG0628,GAG0628,Levetiracetam Tablets IP (Levodil-500),"Agron Remedies Pvt. Ltd., Sarverkhera, Moradabad Road, Kashipur-244713, Uttarakhand",2023-08,2025-07,Dissolution,data/raw/cdsco_alerts/central/2024-07_central_nsq.pdf,36,pdf,
BXE064,BXE064,"Levosalbutamol, Ambroxol & Guaiphenesin Syrup (Bromex - LS Expectorant)","Hygeia Pharmaceuticals MFG. (P) Ltd. 608, Dwarir Road Dhamaitala Dakshin Jagaddal, Pin-700151",2023-12,2026-11,Assay/content of 'Levosalbutamol',data/raw/cdsco_alerts/combined/2024-01_combined.pdf,7,pdf,
SV/02/01/25,SV020125,Sodium Valporate IP Powder,"M/s.Mirambika Pigment, Plot No. 155/1, Dhanot, Chhatra-Kadi road, Distt. Gandhinagar-382729 Gujrat",2025-01,2029-12,"Loss on drying: Does not comply with IP, Assay of Sodium Valporate IP: More than Prescribed Limit",data/raw/cdsco_alerts/state/2025-05_state_nsq.pdf,82,pdf,
AL-92,AL92,Adrenaline Injection IP (Aline Injection 1 ml.),"M/s. Aster Medicines Pvt. Ltd., Plot No. E4(Part), Industrial Area Phase II, Hazipur-844101",2025-02,2026-04,Particulate Matter and Description,data/raw/cdsco_alerts/central/2025-06_central_nsq.pdf,8,pdf,
5DSB27,5DSB27,Single use Syringe (EDGEX),"NOBLE PHARMACARE LTD., A/24, C.I.N. Complex, Patia, Bhubaneswar, Odhisa-751024",2023-11,2028-10,Cleanliness and Design of Piston/Plunger assembly,data/raw/cdsco_alerts/central/2024-10_central_nsq.pdf,48,pdf,
IBT-11189,IBT11189,Betamethasone Sodium Phosphate Injection I.P. (Betalone ),"M/s. E.G. Pharmaceuticals, Vill. Mandhala, Teh. Baddi, Dist. Solan, H.P.",2024-06,2026-05,Description & Particulate matter,data/raw/cdsco_alerts/central/2024-10_central_nsq.pdf,17,pdf,
RTD.230105,RTD230105,Rabeprazole Sodium (as enteric coated) & Domperidone (As Sustained Release) Capsules (Rabito-DSR),"M/s Cartel Laboratories, 10/A, 11/A, Chengicherla, Medchal-Malkajgiri (Dist.), Hyderabad-92",2023-08,2025-07,Assay of Rabeprazole Sodium,data/raw/cdsco_alerts/central/2025-01_central_nsq.pdf,30,pdf,
2411039,2411039,Clop idogrel and Aspirin Tablets IP (AclizacAS 75),"M/s Sanctus Global Formulations Limited, Khasra No. 587/588,Village: Kunjhal, Backside Jharmajri Tehsil",2024-11,2026-10,The sample does not conform to the IP with respect to Assay of Aspirin & Free Salicylic Acid,data/raw/cdsco_alerts/state/2025-05_state_nsq.pdf,120,pdf,
MD24E30,MD24E30,Rabeprazole Sodium Injection IP,"M/s. MARTIN & BROWN BIO-SCIENCES PVT. LTD., K.No-918/419, Malkumajra, Nalagarh Road, Baddi, Dist-Solan (H.P.)-173205",2024-05,2026-04,"pH, Clarity of Solution, Particulate matter and Description",data/raw/cdsco_alerts/central/2025-02_central_nsq.pdf,21,pdf,
IMDT24-1098,IMDT241098,Aciammar-P Tablets (Aceclofenac & Paracetamol Tablets),"Incredible Medicare, Mauza Ogli, Suketi Road, Kala Amb Sirmaur, Himachal Pradesh",2025-03,2027-02,Assay for Aceclofenac and Description,data/raw/cdsco_portal/json/2025-07_all_nsq.json,51,portal,
NM860,NM860,ByGo Solution (Povidone Iodine Solution IP),"M/s. Neptune Life Science Pvt Ltd., 100-B, EPIP, Phase-II, Thana, Baddi-173205 (H.P) India",2024-07,2026-06,pH & Assay,data/raw/cdsco_alerts/state/2025-06_state_nsq.pdf,30,pdf,
CE4019,CE4019,Cetirizine Syrup IP,"Kerala State Drugs and Pharmaceuticals Limited, Kalavoor .P.O, Alappuzha -688 522",2024-05,2026-04,It fails the tests Microbial contamination in non-sterile products as per IP,data/raw/cdsco_alerts/state/2025-01_state_nsq.pdf,86,pdf,
G25B016,G25B016,3% Sodium Chloride Injection USP,"M/s. Inven Pharmaceuticals Pvt. Ltd., Village Kalsada Khurd, District-Dhar (M.P.)- 454001",2025-02,2027-01,Particulate Matter in Injections,data/raw/cdsco_alerts/central/2025-06_central_nsq.pdf,27,pdf,
LC-6943,LC6943,"Rabeprazole Sodium 20mg (EC) & Domperidone 10mg (IR), Domperidone 20mg (SR) Capsules (Rebast-ARD)","Lifevision Healthcare, Plot No. 140-141, E.P.I.P., Phase-1, Jharmajri, Baddi, Distt. Solan (H.P.) 174 103",2024-01,2025-12,Dissolution,data/raw/cdsco_alerts/central/2025-01_central_nsq.pdf,24,pdf,
AOT244-00B,AOT24400B,Teneligliptin & Metformin Hydrochloride (Sustained Release) Tablets IP (Teglisure-M 500),"M/s. Astonea Labs Pvt. Ltd., Vill- Haripur, Teh. Raipur Rani, Dist. Panchkula, Haryana, INDIA-134204",2024-03,2026-02,Assay/content of Teneligliptin,data/raw/cdsco_alerts/central/2025-04_central_nsq.pdf,31,pdf,
LWLS-2022,LWLS2022,Lecetwin (Levocetirizine Hydrochloride Syrup),"M/s.Wings Novitas Healthcare LLP, 43 & 44, HPSIDC, Industrial Area, Baddi-173205 (H.P)",2024-09,2026-08,Content of Levocetirizine Hydrochloride,data/raw/cdsco_alerts/state/2025-06_state_nsq.pdf,61,pdf,
ANO43004R,ANO43004R,Tranexamic Acid Injection IP (GYNAEPIL Injection),"M/s. Psychotropics India Ltd., Plot No. 12, 12A, Industrial Park-2, Phase-1, Salempur, Mehdood-2, Haridwar-249403 (Uttarakhand)",2023-08,2025-07,"Description, Related Substances & Particulate Matter",data/raw/cdsco_alerts/central/2024-04_central_nsq.pdf,22,pdf,
BBC22550,BBC22550,Pantoprazole Sodium (EC) & Domperidone (SR) Capsules IP (Panzon-DSR),"Biomax Biotechnics (P) Ltd., 261, HSIIDC, Industrial Estate, Alipur, Barwala134118 (Haryana)",2022-05,2024-04,Dissolution of Pantoprazole in acid stage & Description,data/raw/cdsco_alerts/combined/2024-01_combined.pdf,37,pdf,
T24039,T24039,"GlimepirideTablets IP 2mg (Glimiz-2),","M/s.Knm Pharma Pvt. Ltd.13,Mahagujrat Ind. Estate, Opp. Nova Petrochemicals Ltd, Moraiya,Ta.Sanand, Dist .Ahmedabad f3ujarat (India)",2024-04,2026-03,"Assay”and IP standards with respect“Test for Dissolution """,data/raw/cdsco_alerts/state/2025-05_state_nsq.pdf,95,pdf,
MA 24E27,MA24E27,EMITIL [Prochlorperazine Mesylate Injection IP],"Martin & Brown Bio Science Pvt Ltd, K No. 918/419, Malkumajra, Nalgrath Road, Baddi, Dist Solan HP 173 205",2024-05,2026-04,It fails the test ‘pH’ as per IP as specified in the Laboratory Protocol,data/raw/cdsco_alerts/state/2024-10_state_nsq.pdf,26,pdf,
MP240405085,MP240405085,Compound Sodium Lactate Injection I.P. (Ringer Lactate Solution for Injection) RL 500ml,"M/s. Vision Parentral Pvt. Ltd., A-2-44-45, Sector 15, GIDA Industrial Area, Gorakhpur 273209 (U.P.), India.",2024-04,2027-03,Sterility,data/raw/cdsco_alerts/central/2024-08_central_nsq.pdf,22,pdf,
10976,10976,Meloxicam Injection IP-100ml- 'Melox-5'- Veterinary,"Redinex Life Sciences Pvt Ltd, F-132, IGC Mansa Road, Bathinda (PB)-151005.",2024-02,2026-01,Sample does not conform to requirement for PH.,data/raw/cdsco_alerts/state/2024-11_state_nsq.pdf,42,pdf,
F4E0425,F4E0425,Montelukast Tablets IP 10 mg,"Morepan Laboratories Ltd, Unit-V, Plot No. 12C, sector-2, Parwanoo, Dist.Solan (HP)- 173 220",2024-05,2026-04,It fails the test ‘Dissolution’ Specified in the Laboratory Protocol as per IP,data/raw/cdsco_alerts/state/2024-10_state_nsq.pdf,22,pdf,
BE32456,BE32456,"Glimepride, Pioglitazone Hydrochloride & Metformin Hydrochloride (Extended Release) Tablets (OZOMET-PG 2 )","M/s. Ozone Pharmaceuticals, Village: Katha, Baddi, Distt. Solan (H.P.) 173 205",2024-05,2026-04,Assay of Pioglitazone,data/raw/cdsco_alerts/central/2024-11_central_nsq.pdf,1,pdf,
5230123,5230123,CANDITRAL 100 (ITRACONAZOLE CAPSULE B.P. 100 MG),GLENMARK PHARMACEUTICALS LTD.,2023-01,2025-06,THE SAMPLE DOES NOT COMPLY WITH B P REQUIREMENTS FOR DISSOLUTION TEST,data/raw/cdsco_alerts/state/2024-06_state_nsq.pdf,8,pdf,
P24L220,P24L220,Dexamethasone Sodium Phosphate Injection I.P. (Dexacos),"M/s. Paksons pharmaceuticals Private Limited, 36, Milestone, Delhi Rohtak Road, Sankhol, Bahadurgarh-124507, Haryana",2024-12,2026-11,"Free Dexamethasone, Particulate matter and Description",data/raw/cdsco_alerts/central/2025-06_central_nsq.pdf,2,pdf,
MICTAB-2120,MICTAB2120,Synclov-625 Tablets (Amoxycillin & Potassium Clavulanate Tablets IP),"M/s.Micro Formulations, Chambaghat, New Railway Crossing, Distt, solan (HP),173211",2025-01,2026-06,Sample does not conform to IP specification for Amoxycillin and Potassium Clavulanate Tablets with respect to Dissolution for Clavulanic Acid and to the content of Clavulanic Acid in Potassium Clavulanate Diluted,data/raw/cdsco_alerts/state/2025-04_state_nsq.pdf,52,pdf,
AGWT25030,AGWT25030,Oxfe ndazole & Ivermectin Bolus (Vet.) WELLMOX-1,"M/s.Argon Remedies Pvt. Ltd., Sarverkhera. Moradabad Road, Kashipur, U S Nagar, Uttarakhand-244713",2025-01,2026-12,The content of Ivermectin found to be 31.66 mg per bolus (79.15%) against labelled claim of 40 mg per bolus.,data/raw/cdsco_alerts/state/2025-04_state_nsq.pdf,102,pdf,
GT31022,GT31022,Tranexamic Acid Tablets I.P. 500 mg,"OMEGA PHARMA KhasraNo.-482, Village-Saliyar, Roorkee-247667, Distt.-Haridwar (Uttarakhand)",2024-01,2025-12,Related substances,data/raw/cdsco_alerts/central/2024-06_central_nsq.pdf,15,pdf,
N400726,N400726,Dexamethasone Sodium Phosphate Injection IP (Dexona),"M/s. Zydus Healthcare Limited, At: PF 61 & 62, Sanand GIDC-II Industrial Estate, Tal: Sanand, Dist.: Ahmedabad-382110, Gujarat, India",2024-06,2025-11,"Particulate matter, Assay of Dexamethasone Phosphate and Description",data/raw/cdsco_alerts/central/2025-05_central_nsq.pdf,20,pdf,
ONTB-06,ONTB06,Ondansetron Tablets IP 4 mg,"M/s.Nestor Pharmaceuticals Limited, 11, Western Extension Area, Faridabad -121 001",2024-09,2026-08,It fails the test for ‘Dissolution’ as per IP as Specified in the laboratory protocol,data/raw/cdsco_alerts/state/2025-04_state_nsq.pdf,73,pdf,
ONL-24067,ONL24067,Levatio Syrup,"Onex Life Science Pvt Ltd, Flot No.5, Ground, First Floor & Second Floor, EkambararNaicker Industrial Estate, Alapakkam, Chennai-600116.",2024-03,2026-02,Sample does not conform to label claim with respect to the content of Terbutaline Sulphate.,data/raw/cdsco_alerts/state/2024-11_state_nsq.pdf,69,pdf,
AT22-0667A,AT220667A,Montelukast Sodium & Levocetirizine Dihydrochloride Tablets IP..(Pevicet M TABLETS),"ASPO PHARMACEUTICALS LLP., Plot No. 10, HIMUDA Industrial Area, Phase-IV, Bhatoli Kalan, Baddi Distt. Solan (H.P.) 173205",2022-09,2024-08,Dissolution (Montelukast & Levocetirizine Dihydrochloride),data/raw/cdsco_alerts/combined/2024-01_combined.pdf,41,pdf,
45PSA138,45PSA138,Phenytoin Sodium Injection USP-2ml,"M/s.SPM Drugs (P) Ltd, Bhavani-638301",2024-05,2026-04,Sample does not conform to the requirement for assay,data/raw/cdsco_alerts/state/2025-05_state_nsq.pdf,12,pdf,
T-2401066,T2401066,Ciprofloxacin Tablets U.S.P. 500 mg,"M/s. Rivpra Formulation Pvt. Ltd. ., Plot No.8, Sector-6A, IIE SIDCUL, Haridwar-249 403 (U.K.)..",2024-01,2025-12,Dissolution,data/raw/cdsco_alerts/central/2024-10_central_nsq.pdf,37,pdf,
CLG-4148,CLG4148,Calcium Gluconate Injection I.P. 10 ml,"M/s. Priya Pharmaceuticals, 109/397, Nehru Nagar, Kanpur-12",2022-12,2024-11,Assay of Calcium,data/raw/cdsco_alerts/central/2024-07_central_nsq.pdf,28,pdf,
QL0606,QL0606,"Glyc ical-B12 Calcium Phosphate, Vitamin D3 and Vitamin B12 Suspension","M/s. Quest laboratories Pvt Ltd. Plot Nol 45, Sector III, Dist. Dhar (MP) Pitampur-454775",2024-06,2026-05,"All observations are done in Normal day light conditions with unaided eyes.18 ×200 ml intact brown coloured plastic bottles received for analysis. Out of these18 ×200 ml bottles, in 14 ×200 ml bottles particles are stick around the neck of the bottle and cakes are distributed in the suspension and some cakes are floating on the top of the suspension. During Analysis when the content from these 14x200 ml bottles after shaking transferred individually in clean dry glass beaker, it is observed that, out of these14 × 200ml bottles, 11x200ml bottles contains white suspension with white, pale yellow, grey and black coloured cakes with some cakes floating on the top of suspension and 3x200ml bottle contain orange coloured suspension with white cakes with some cakes floating & on the top of suspension. Remaining 4x200ml bottle contains white suspension without cake and mix uniformly after shaking",data/raw/cdsco_alerts/state/2025-04_state_nsq.pdf,119,pdf,
TE3016A,TE3016A,TELMISARTAN ANDAMLODIPINE TABLETS IP,"M/s. NavkarLifesciences,Plot No. 76, LodhiMajra, Industrial Area, Baddi, Distt. Solan (H.P.)",2023-05,2025-04,The sample received DOES NOT CONFORM toI.P.2022Specification with respect to the test parameters Dissolution and Assay of Amlodipine Besylate equivalent to Amlodipinecontentonly. CDTLHREPORTNO.: CDTLH/1510/F-1068/2023-24,data/raw/cdsco_alerts/central/2024-05_central_nsq.pdf,11,pdf,
SPB240221,SPB240221,Telvas 40 (Telmisartan Tablets I.P. 40mg.),"M/s. Aristo Pharmaceutical Pvt. Ltd., Plot No. 2040-46, N.H.-10, Baghey Khola, P.O. Majhitar, East Sikkim-737 136.",2024-02,2026-01,Does not conform to I.P.,data/raw/cdsco_alerts/state/2025-03_state_nsq.pdf,51,pdf,
T-21172,T21172,Cefuroxime Axetil Tablets IP 500mg,"Jackson Laboratories Pvt. Ltd., Plot No. 56 & 61, Industrial Area, Phase III, Sansarpur Terrace, Distt Kangra (H.P.)-176501.",2024-07,2026-06,Dissolution of Cefuroxime,data/raw/cdsco_portal/json/2025-07_all_nsq.json,30,portal,
T24/010A,T24010A,"Albendazole Tablets IP 400 mg,","Mfg By: M/s. Samkem 15-B & 10-B, A.K.V.N. Industrial Area, Rangwasa, Rao, Indore - 453331. (M.P). Madhya Pradesh. (WHO-GMP & GLP Certified Company)(An ISO 9001: 2015 Certified Company) Madhya Pradesh.",2024-12,2026-11,Sample does not meets the Specifications wrt. Dissolution Test as per IP.,data/raw/cdsco_alerts/state/2025-03_state_nsq.pdf,11,pdf,
PZD242206,PZD242206,Pantoprazole Gastro resistant &Domperidone prolonged release Capsules IP,"M/s. Paradox Pharmaceuticals, Kachpura, Baddi, Nalagarh Road Tehsil Nalagarh Dist. Solan (HP)- 174103",2025-01,2026-12,Identification and Assay of Pantoprazole Sodium calculated as Pantoprazole and Domperidone and the Dissolution of Pantoprazole Sodium calculated as Pantoprazle.,data/raw/cdsco_alerts/central/2025-05_central_nsq.pdf,46,pdf,
QL0602,QL0602,"Glyc ical-B12 Calcium Phosphate, Vitamin D3 and Vitamin B12 Suspension","M/s. Quest laboratories Pvt Ltd. Plot Nol 45, Sector III, Dist. Dhar (MP) Pitampur-454775",2024-06,2026-05,"All observations are done in Normal day light conditions with unaided eyes.18 ×200 ml intact brown coloured plastic bottles received for analysis. Out of these18 ×200 ml bottles, in 5 ×200 ml bottles particles are stick around the neck of the bottle and cakes are distributed in the suspension and some cakes are floating on the top of the suspension. During Analysis when the content from these 5x200 ml bottles after shaking transferred individually in clean dry glass beaker, it is observed that, all 5×200ml bottles, contains white suspension with white, pale yellow, grey and black coloured cakes with some cakes floating on the top of suspension out of remaining 13x200ml bottle 12×200ml bottle contains white suspension without cake and mixes uniformly after shaking and 1×200ml bottles contains orange coloured suspension without any cake and mix uniformly after shaking",data/raw/cdsco_alerts/state/2025-04_state_nsq.pdf,120,pdf,
SMST-24151,SMST24151,Tab Nodosis,"Steadfast Medishield pvt.Ltd, At khasra,No.322, Nanhera , Anantpur, Bhgwanpur, Roorkee, Dist. Haridwar",2024-02,2026-01,It fails the test ‘Assay’ as per IP,data/raw/cdsco_alerts/state/2024-08_state_nsq.pdf,7,pdf,
CSP23001,CSP23001,Coscopin Cold Plus,"Windlas Biotech Limited (Plant-2) Khasra No.141 to 143 & 145, Mohabewala, Indl. Area, Dehradun-248110. Uttarakhand.",2023-06,2025-05,Sample does not conform to Label claim with respect to the content of Phenylephrine Hydrochloride,data/raw/cdsco_alerts/state/2025-01_state_nsq.pdf,59,pdf,
IPPT-1018,IPPT1018,"Ibuprofen and Paracetamol Tablets IP (400mg/325mg),","WINGS BIOTECH LLP 43 & 44, HPSIDC, Ind. Area, Baddi - 173 205 (H.P.)",2025-05,2027-04,Test of Uniformity of weight,data/raw/cdsco_portal/json/2025-07_all_nsq.json,32,portal,
