batch_uid,is_nsq_batch,is_decoy
B000001,False,False
B000002,False,False
B000003,False,False
B000004,False,False
B000005,False,False
B000006,False,False
B000007,False,False
B000008,False,False
B000009,False,False
B000010,False,False
B000011,False,False
B000012,False,False
B000013,False,False
B000014,False,False
B000015,False,False
B000016,False,False
B000017,False,False
B000018,False,False
B000019,False,False
B000020,False,False
B000021,False,False
B000022,False,False
B000023,False,False
B000024,False,False
B000025,False,False
B000026,False,False
B000027,False,False
B000028,False,False
B000029,False,False
B000030,False,False
B000031,False,False
B000032,False,False
B000033,False,False
B000034,False,False
B000035,False,False
B000036,False,False
B000037,False,False
B000038,False,False
B000039,False,False
B000040,False,False
B000041,False,False
B000042,False,False
B000043,False,False
B000044,False,False
B000045,False,False
B000046,False,False
B000047,False,False
B000048,False,False
B000049,False,False
B000050,False,False
B000051,False,False
B000052,False,False
B000053,False,False
B000054,False,False
B000055,False,False
B000056,False,False
B000057,False,False
B000058,False,False
B000059,False,False
B000060,False,False
B000061,False,False
B000062,False,False
B000063,False,False
B000064,False,False
B000065,False,False
B000066,False,False
B000067,False,False
B000068,False,False
B000069,False,False
B000070,False,False
B000071,False,False
B000072,False,False
B000073,False,False
B000074,False,False
B000075,False,False
B000076,False,False
B000077,False,False
B000078,False,False
B000079,False,False
B000080,False,False
B000081,False,False
B000082,False,False
B000083,False,False
B000084,False,False
B000085,False,False
B000086,False,False
B000087,False,False
B000088,False,False
B000089,False,False
B000090,False,False
B000091,False,False
B000092,False,False
B000093,False,False
B000094,False,False
B000095,False,False
B000096,False,False
B000097,False,False
B000098,False,False
B000099,False,False
B000100,False,False
B000101,False,False
B000102,False,False
B000103,False,False
B000104,False,False
B000105,False,False
B000106,False,False
B000107,False,False
B000108,False,False
B000109,False,False
B000110,False,False
B000111,False,False
B000112,False,False
B000113,False,False
B000114,False,False
B000115,False,False
B000116,False,False
B000117,False,False
B000118,False,False
B000119,False,False
B000120,False,False
B000121,False,False
B000122,False,False
B000123,False,False
B000124,False,False
B000125,False,False
B000126,False,False
B000127,False,False
B000128,False,False
B000129,False,False
B000130,False,False
B000131,False,False
B000132,False,False
B000133,False,False
B000134,False,False
B000135,False,False
B000136,False,False
B000137,False,False
B000138,False,False
B000139,False,False
B000140,False,False
B000141,False,False
B000142,False,False
B000143,False,False
B000144,False,False
B000145,False,False
B000146,False,False
B000147,False,False
B000148,False,False
B000149,False,False
B000150,False,False
B000151,False,False
B000152,False,False
B000153,False,False
B000154,False,False
B000155,False,False
B000156,False,False
B000157,False,False
B000158,False,False
B000159,False,False
B000160,False,False
B000161,False,False
B000162,False,False
B000163,False,False
B000164,False,False
B000165,False,False
B000166,False,False
B000167,False,False
B000168,False,False
B000169,False,False
B000170,False,False
B000171,False,False
B000172,False,False
B000173,False,False
B000174,False,False
B000175,False,False
B000176,False,False
B000177,False,False
B000178,False,False
B000179,False,False
B000180,False,False
B000181,False,False
B000182,False,False
B000183,False,False
B000184,False,False
B000185,False,False
B000186,False,False
B000187,False,False
B000188,False,False
B000189,False,False
B000190,False,False
B000191,False,False
B000192,False,False
B000193,False,False
B000194,False,False
B000195,False,False
B000196,False,False
B000197,False,False
B000198,False,False
B000199,False,False
B000200,False,False
B000201,False,False
B000202,False,False
B000203,False,False
B000204,False,False
B000205,False,False
B000206,False,False
B000207,False,False
B000208,False,False
B000209,False,False
B000210,False,False
B000211,False,False
B000212,False,False
B000213,False,False
B000214,False,False
B000215,False,False
B000216,False,False
B000217,False,False
B000218,False,False
B000219,False,False
B000220,False,False
B000221,False,False
B000222,False,False
B000223,False,False
B000224,False,False
B000225,False,False
B000226,False,False
B000227,False,False
B000228,False,False
B000229,False,False
B000230,False,False
B000231,False,False
B000232,False,False
B000233,False,False
B000234,False,False
B000235,False,False
B000236,False,False
B000237,False,False
B000238,False,False
B000239,False,False
B000240,False,False
B000241,False,False
B000242,False,False
B000243,False,False
B000244,False,False
B000245,False,False
B000246,False,False
B000247,False,False
B000248,False,False
B000249,False,False
B000250,False,False
B000251,False,False
B000252,False,False
B000253,False,False
B000254,False,False
B000255,False,False
B000256,False,False
B000257,False,False
B000258,False,False
B000259,False,False
B000260,False,False
B000261,False,False
B000262,False,False
B000263,False,False
B000264,False,False
B000265,False,False
B000266,False,False
B000267,False,False
B000268,False,False
B000269,False,False
B000270,False,False
B000271,False,False
B000272,False,False
B000273,False,False
B000274,False,False
B000275,False,False
B000276,False,False
B000277,False,False
B000278,False,False
B000279,False,False
B000280,False,False
B000281,False,False
B000282,False,False
B000283,False,False
B000284,False,False
B000285,False,False
B000286,False,False
B000287,False,False
B000288,False,False
B000289,False,False
B000290,False,False
B000291,False,False
B000292,False,False
B000293,False,False
B000294,False,False
B000295,False,False
B000296,False,False
B000297,False,False
B000298,False,False
B000299,False,False
B000300,False,False
B000301,False,False
B000302,False,False
B000303,False,False
B000304,False,False
B000305,False,False
B000306,False,False
B000307,False,False
B000308,False,False
B000309,False,False
B000310,False,False
B000311,False,False
B000312,False,False
B000313,False,False
B000314,False,False
B000315,False,False
B000316,False,False
B000317,False,False
B000318,False,False
B000319,False,False
B000320,False,False
B000321,False,False
B000322,False,False
B000323,False,False
B000324,False,False
B000325,False,False
B000326,False,False
B000327,False,False
B000328,False,False
B000329,False,False
B000330,False,False
B000331,False,False
B000332,False,False
B000333,False,False
B000334,False,False
B000335,False,False
B000336,False,False
B000337,False,False
B000338,False,False
B000339,False,False
B000340,False,False
B000341,False,False
B000342,False,False
B000343,False,False
B000344,False,False
B000345,False,False
B000346,False,False
B000347,False,False
B000348,False,False
B000349,False,False
B000350,False,False
B000351,False,False
B000352,False,False
B000353,False,False
B000354,False,False
B000355,False,False
B000356,False,False
B000357,False,False
B000358,False,False
B000359,False,False
B000360,False,False
B000361,False,False
B000362,False,False
B000363,False,False
B000364,False,False
B000365,False,False
B000366,False,False
B000367,False,False
B000368,False,False
B000369,False,False
B000370,False,False
B000371,False,False
B000372,False,False
B000373,False,False
B000374,False,False
B000375,False,False
B000376,False,False
B000377,False,False
B000378,False,False
B000379,False,False
B000380,False,False
B000381,False,False
B000382,False,False
B000383,False,False
B000384,False,False
B000385,False,False
B000386,False,False
B000387,False,False
B000388,False,False
B000389,False,False
B000390,False,False
B000391,False,False
B000392,False,False
B000393,False,False
B000394,False,False
B000395,False,False
B000396,False,False
B000397,False,False
B000398,False,False
B000399,False,False
B000400,False,False
B000401,False,False
B000402,False,False
B000403,False,False
B000404,False,False
B000405,False,False
B000406,False,False
B000407,False,False
B000408,False,False
B000409,False,False
B000410,False,False
B000411,False,False
B000412,False,False
B000413,False,False
B000414,False,False
B000415,False,False
B000416,False,False
B000417,False,False
B000418,False,False
B000419,False,False
B000420,False,False
B000421,False,False
B000422,False,False
B000423,False,False
B000424,False,False
B000425,False,False
B000426,False,False
B000427,False,False
B000428,False,False
B000429,False,False
B000430,False,False
B000431,False,False
B000432,False,False
B000433,False,False
B000434,False,False
B000435,False,False
B000436,False,False
B000437,False,False
B000438,False,False
B000439,False,False
B000440,False,False
B000441,False,False
B000442,False,False
B000443,False,False
B000444,False,False
B000445,False,False
B000446,False,False
B000447,False,False
B000448,False,False
B000449,False,False
B000450,False,False
B000451,False,False
B000452,False,False
B000453,False,False
B000454,False,False
B000455,False,False
B000456,False,False
B000457,False,False
B000458,False,False
B000459,False,False
B000460,False,False
B000461,False,False
B000462,False,False
B000463,False,False
B000464,False,False
B000465,False,False
B000466,False,False
B000467,False,False
B000468,False,False
B000469,False,False
B000470,False,False
B000471,False,False
B000472,False,False
B000473,False,False
B000474,False,False
B000475,False,False
B000476,False,False
B000477,False,False
B000478,False,False
B000479,False,False
B000480,False,False
B000481,False,False
B000482,False,False
B000483,False,False
B000484,False,False
B000485,False,False
B000486,False,False
B000487,False,False
B000488,False,False
B000489,False,False
B000490,False,False
B000491,False,False
B000492,False,False
B000493,False,False
B000494,False,False
B000495,False,False
B000496,False,False
B000497,False,False
B000498,False,False
B000499,False,False
B000500,False,False
B000501,False,False
B000502,False,False
B000503,False,False
B000504,False,False
B000505,False,False
B000506,False,False
B000507,False,False
B000508,False,False
B000509,False,False
B000510,False,False
B000511,False,False
B000512,False,False
B000513,False,False
B000514,False,False
B000515,False,False
B000516,False,False
B000517,False,False
B000518,False,False
B000519,False,False
B000520,False,False
B000521,False,False
B000522,False,False
B000523,False,False
B000524,False,False
B000525,False,False
B000526,False,False
B000527,False,False
B000528,False,False
B000529,False,False
B000530,False,False
B000531,False,False
B000532,False,False
B000533,False,False
B000534,False,False
B000535,False,False
B000536,False,False
B000537,False,False
B000538,False,False
B000539,False,False
B000540,False,False
B000541,False,False
B000542,False,False
B000543,False,False
B000544,False,False
B000545,False,False
B000546,False,False
B000547,False,False
B000548,False,False
B000549,False,False
B000550,False,False
B000551,False,False
B000552,False,False
B000553,False,False
B000554,False,False
B000555,False,False
B000556,False,False
B000557,False,False
B000558,False,False
B000559,False,False
B000560,False,False
B000561,False,False
B000562,False,False
B000563,False,False
B000564,False,False
B000565,False,False
B000566,False,False
B000567,False,False
B000568,False,False
B000569,False,False
B000570,False,False
B000571,False,False
B000572,False,False
B000573,False,False
B000574,False,False
B000575,False,False
B000576,False,False
B000577,False,False
B000578,False,False
B000579,False,False
B000580,False,False
B000581,False,False
B000582,False,False
B000583,False,False
B000584,False,False
B000585,False,False
B000586,False,False
B000587,False,False
B000588,False,False
B000589,False,False
B000590,False,False
B000591,False,False
B000592,False,False
B000593,False,False
B000594,False,False
B000595,False,False
B000596,False,False
B000597,False,False
B000598,False,False
B000599,False,False
B000600,False,False
B000601,False,False
B000602,False,False
B000603,False,False
B000604,False,False
B000605,False,False
B000606,False,False
B000607,False,False
B000608,False,False
B000609,False,False
B000610,False,False
B000611,False,False
B000612,False,False
B000613,False,False
B000614,False,False
B000615,False,False
B000616,False,False
B000617,False,False
B000618,False,False
B000619,False,False
B000620,False,False
B000621,False,False
B000622,False,False
B000623,False,False
B000624,False,False
B000625,False,False
B000626,False,False
B000627,False,False
B000628,False,False
B000629,False,False
B000630,False,False
B000631,False,False
B000632,False,False
B000633,False,False
B000634,False,False
B000635,False,False
B000636,False,False
B000637,False,False
B000638,False,False
B000639,False,False
B000640,False,False
B000641,False,False
B000642,False,False
B000643,False,False
B000644,False,False
B000645,False,False
B000646,False,False
B000647,False,False
B000648,False,False
B000649,False,False
B000650,False,False
B000651,False,False
B000652,False,False
B000653,False,False
B000654,False,False
B000655,False,False
B000656,False,False
B000657,False,False
B000658,False,False
B000659,False,False
B000660,False,False
B000661,False,False
B000662,False,False
B000663,False,False
B000664,False,False
B000665,False,False
B000666,False,False
B000667,False,False
B000668,False,False
B000669,False,False
B000670,False,False
B000671,False,False
B000672,False,False
B000673,False,False
B000674,False,False
B000675,False,False
B000676,False,False
B000677,False,False
B000678,False,False
B000679,False,False
B000680,False,False
B000681,False,False
B000682,False,False
B000683,False,False
B000684,False,False
B000685,False,False
B000686,False,False
B000687,False,False
B000688,False,False
B000689,False,False
B000690,False,False
B000691,False,False
B000692,False,False
B000693,False,False
B000694,False,False
B000695,False,False
B000696,False,False
B000697,False,False
B000698,False,False
B000699,False,False
B000700,False,False
B000701,False,False
B000702,False,False
B000703,False,False
B000704,False,False
B000705,False,False
B000706,False,False
B000707,False,False
B000708,False,False
B000709,False,False
B000710,False,False
B000711,False,False
B000712,False,False
B000713,False,False
B000714,False,False
B000715,False,False
B000716,False,False
B000717,False,False
B000718,False,False
B000719,False,False
B000720,False,False
B000721,False,False
B000722,False,False
B000723,False,False
B000724,False,False
B000725,False,False
B000726,False,False
B000727,False,False
B000728,False,False
B000729,False,False
B000730,False,False
B000731,False,False
B000732,False,False
B000733,False,False
B000734,False,False
B000735,False,False
B000736,False,False
B000737,False,False
B000738,False,False
B000739,False,False
B000740,False,False
B000741,False,False
B000742,False,False
B000743,False,False
B000744,False,False
B000745,False,False
B000746,False,False
B000747,False,False
B000748,False,False
B000749,False,False
B000750,False,False
B000751,False,False
B000752,False,False
B000753,False,False
B000754,False,False
B000755,False,False
B000756,False,False
B000757,False,False
B000758,False,False
B000759,False,False
B000760,False,False
B000761,False,False
B000762,False,False
B000763,False,False
B000764,False,False
B000765,False,False
B000766,False,False
B000767,False,False
B000768,False,False
B000769,False,False
B000770,False,False
B000771,False,False
B000772,False,False
B000773,False,False
B000774,False,False
B000775,False,False
B000776,False,False
B000777,False,False
B000778,False,False
B000779,False,False
B000780,False,False
B000781,False,False
B000782,False,False
B000783,False,False
B000784,False,False
B000785,False,False
B000786,False,False
B000787,False,False
B000788,False,False
B000789,False,False
B000790,False,False
B000791,False,False
B000792,False,False
B000793,False,False
B000794,False,False
B000795,False,False
B000796,False,False
B000797,False,False
B000798,False,False
B000799,False,False
B000800,False,False
B000801,False,False
B000802,False,False
B000803,False,False
B000804,False,False
B000805,False,False
B000806,False,False
B000807,False,False
B000808,False,False
B000809,False,False
B000810,False,False
B000811,False,False
B000812,False,False
B000813,False,False
B000814,False,False
B000815,False,False
B000816,False,False
B000817,False,False
B000818,False,False
B000819,False,False
B000820,False,False
B000821,False,False
B000822,False,False
B000823,False,False
B000824,False,False
B000825,False,False
B000826,False,False
B000827,False,False
B000828,False,False
B000829,False,False
B000830,False,False
B000831,False,False
B000832,False,False
B000833,False,False
B000834,False,False
B000835,False,False
B000836,False,False
B000837,False,False
B000838,False,False
B000839,False,False
B000840,False,False
B000841,False,False
B000842,False,False
B000843,False,False
B000844,False,False
B000845,False,False
B000846,False,False
B000847,False,False
B000848,False,False
B000849,False,False
B000850,False,False
B000851,False,False
B000852,False,False
B000853,False,False
B000854,False,False
B000855,False,False
B000856,False,False
B000857,False,False
B000858,False,False
B000859,False,False
B000860,False,False
B000861,False,False
B000862,False,False
B000863,False,False
B000864,False,False
B000865,False,False
B000866,False,False
B000867,False,False
B000868,False,False
B000869,False,False
B000870,False,False
B000871,False,False
B000872,False,False
B000873,False,False
B000874,False,False
B000875,False,False
B000876,False,False
B000877,False,False
B000878,False,False
B000879,False,False
B000880,False,False
B000881,False,False
B000882,False,False
B000883,False,False
B000884,False,False
B000885,False,False
B000886,False,False
B000887,False,False
B000888,False,False
B000889,False,False
B000890,False,False
B000891,False,False
B000892,False,False
B000893,False,False
B000894,False,False
B000895,False,False
B000896,False,False
B000897,False,False
B000898,False,False
B000899,False,False
B000900,False,False
B000901,False,False
B000902,False,False
B000903,False,False
B000904,False,False
B000905,False,False
B000906,False,False
B000907,False,False
B000908,False,False
B000909,False,False
B000910,False,False
B000911,False,False
B000912,False,False
B000913,False,False
B000914,False,False
B000915,False,False
B000916,False,False
B000917,False,False
B000918,False,False
B000919,False,False
B000920,False,False
B000921,False,False
B000922,False,False
B000923,False,False
B000924,False,False
B000925,False,False
B000926,False,False
B000927,False,False
B000928,False,False
B000929,False,False
B000930,False,False
B000931,False,False
B000932,False,False
B000933,False,False
B000934,False,False
B000935,False,False
B000936,False,False
B000937,False,False
B000938,False,False
B000939,False,False
B000940,False,False
B000941,False,False
B000942,False,False
B000943,False,False
B000944,False,False
B000945,False,False
B000946,False,False
B000947,False,False
B000948,False,False
B000949,False,False
B000950,False,False
B000951,False,False
B000952,False,False
B000953,False,False
B000954,False,False
B000955,False,False
B000956,False,False
B000957,False,False
B000958,False,False
B000959,False,False
B000960,False,False
B000961,False,False
B000962,False,False
B000963,False,False
B000964,False,False
B000965,False,False
B000966,False,False
B000967,False,False
B000968,False,False
B000969,False,False
B000970,False,False
B000971,False,False
B000972,False,False
B000973,False,False
B000974,False,False
B000975,False,False
B000976,False,False
B000977,False,False
B000978,False,False
B000979,False,False
B000980,False,False
B000981,False,False
B000982,False,False
B000983,False,False
B000984,False,False
B000985,False,False
B000986,False,False
B000987,False,False
B000988,False,False
B000989,False,False
B000990,False,False
B000991,False,False
B000992,False,False
B000993,False,False
B000994,False,False
B000995,False,False
B000996,False,False
B000997,False,False
B000998,False,False
B000999,False,False
B001000,False,False
B001001,False,False
B001002,False,False
B001003,False,False
B001004,False,False
B001005,False,False
B001006,False,False
B001007,False,False
B001008,False,False
B001009,False,False
B001010,False,False
B001011,False,False
B001012,False,False
B001013,False,False
B001014,False,False
B001015,False,False
B001016,False,False
B001017,False,False
B001018,False,False
B001019,False,False
B001020,False,False
B001021,False,False
B001022,False,False
B001023,False,False
B001024,False,False
B001025,False,False
B001026,False,False
B001027,False,False
B001028,False,False
B001029,False,False
B001030,False,False
B001031,False,False
B001032,False,False
B001033,False,False
B001034,False,False
B001035,False,False
B001036,False,False
B001037,False,False
B001038,False,False
B001039,False,False
B001040,False,False
B001041,False,False
B001042,False,False
B001043,False,False
B001044,False,False
B001045,False,False
B001046,False,False
B001047,False,False
B001048,False,False
B001049,False,False
B001050,False,False
B001051,False,False
B001052,False,False
B001053,False,False
B001054,False,False
B001055,False,False
B001056,False,False
B001057,False,False
B001058,False,False
B001059,False,False
B001060,False,False
B001061,False,False
B001062,False,False
B001063,False,False
B001064,False,False
B001065,False,False
B001066,False,False
B001067,False,False
B001068,False,False
B001069,False,False
B001070,False,False
B001071,False,False
B001072,False,False
B001073,False,False
B001074,False,False
B001075,False,False
B001076,False,False
B001077,False,False
B001078,False,False
B001079,False,False
B001080,False,False
B001081,False,False
B001082,False,False
B001083,False,False
B001084,False,False
B001085,False,False
B001086,False,False
B001087,False,False
B001088,False,False
B001089,False,False
B001090,False,False
B001091,False,False
B001092,False,False
B001093,False,False
B001094,False,False
B001095,False,False
B001096,False,False
B001097,False,False
B001098,False,False
B001099,False,False
B001100,False,False
B001101,False,False
B001102,False,False
B001103,False,False
B001104,False,False
B001105,False,False
B001106,False,False
B001107,False,False
B001108,False,False
B001109,False,False
B001110,False,False
B001111,False,False
B001112,False,False
B001113,False,False
B001114,False,False
B001115,False,False
B001116,False,False
B001117,False,False
B001118,False,False
B001119,False,False
B001120,False,False
B001121,False,False
B001122,False,False
B001123,False,False
B001124,False,False
B001125,False,False
B001126,False,False
B001127,False,False
B001128,False,False
B001129,False,False
B001130,False,False
B001131,False,False
B001132,False,False
B001133,False,False
B001134,False,False
B001135,False,False
B001136,False,False
B001137,False,False
B001138,False,False
B001139,False,False
B001140,False,False
B001141,False,False
B001142,False,False
B001143,False,False
B001144,False,False
B001145,False,False
B001146,False,False
B001147,False,False
B001148,False,False
B001149,False,False
B001150,False,False
B001151,False,False
B001152,False,False
B001153,False,False
B001154,False,False
B001155,False,False
B001156,False,False
B001157,False,False
B001158,False,False
B001159,False,False
B001160,False,False
B001161,False,False
B001162,False,False
B001163,False,False
B001164,False,False
B001165,False,False
B001166,False,False
B001167,False,False
B001168,False,False
B001169,False,False
B001170,False,False
B001171,False,False
B001172,False,False
B001173,False,False
B001174,False,False
B001175,False,False
B001176,False,False
B001177,False,False
B001178,False,False
B001179,False,False
B001180,False,False
B001181,False,False
B001182,False,False
B001183,False,False
B001184,False,False
B001185,False,False
B001186,False,False
B001187,False,False
B001188,False,False
B001189,False,False
B001190,False,False
B001191,False,False
B001192,False,False
B001193,False,False
B001194,False,False
B001195,False,False
B001196,False,False
B001197,False,False
B001198,False,False
B001199,False,False
B001200,False,False
B001201,False,False
B001202,False,False
B001203,False,False
B001204,False,False
B001205,False,False
B001206,False,False
B001207,False,False
B001208,False,False
B001209,False,False
B001210,False,False
B001211,False,False
B001212,False,False
B001213,False,False
B001214,False,False
B001215,False,False
B001216,False,False
B001217,False,False
B001218,False,False
B001219,False,False
B001220,False,False
B001221,False,False
B001222,False,False
B001223,False,False
B001224,False,False
B001225,False,False
B001226,False,False
B001227,False,False
B001228,False,False
B001229,False,False
B001230,False,False
B001231,False,False
B001232,False,False
B001233,False,False
B001234,False,False
B001235,False,False
B001236,False,False
B001237,False,False
B001238,False,False
B001239,False,False
B001240,False,False
B001241,False,False
B001242,False,False
B001243,False,False
B001244,False,False
B001245,False,False
B001246,False,False
B001247,False,False
B001248,False,False
B001249,False,False
B001250,False,False
B001251,False,False
B001252,False,False
B001253,False,False
B001254,False,False
B001255,False,False
B001256,False,False
B001257,False,False
B001258,False,False
B001259,False,False
B001260,False,False
B001261,False,False
B001262,False,False
B001263,False,False
B001264,False,False
B001265,False,False
B001266,False,False
B001267,False,False
B001268,False,False
B001269,False,False
B001270,False,False
B001271,False,False
B001272,False,False
B001273,False,False
B001274,False,False
B001275,False,False
B001276,False,False
B001277,False,False
B001278,False,False
B001279,False,False
B001280,False,False
B001281,False,False
B001282,False,False
B001283,False,False
B001284,False,False
B001285,False,False
B001286,False,False
B001287,False,False
B001288,False,False
B001289,False,False
B001290,False,False
B001291,False,False
B001292,False,False
B001293,False,False
B001294,False,False
B001295,False,False
B001296,False,False
B001297,False,False
B001298,False,False
B001299,False,False
B001300,False,False
B001301,False,False
B001302,False,False
B001303,False,False
B001304,False,False
B001305,False,False
B001306,False,False
B001307,False,False
B001308,False,False
B001309,False,False
B001310,False,False
B001311,False,False
B001312,False,False
B001313,False,False
B001314,False,False
B001315,False,False
B001316,False,False
B001317,False,False
B001318,False,False
B001319,False,False
B001320,False,False
B001321,False,False
B001322,False,False
B001323,False,False
B001324,False,False
B001325,False,False
B001326,False,False
B001327,False,False
B001328,False,False
B001329,False,False
B001330,False,False
B001331,False,False
B001332,False,False
B001333,False,False
B001334,False,False
B001335,False,False
B001336,False,False
B001337,False,False
B001338,False,False
B001339,False,False
B001340,False,False
B001341,False,False
B001342,False,False
B001343,False,False
B001344,False,False
B001345,False,False
B001346,False,False
B001347,False,False
B001348,False,False
B001349,False,False
B001350,False,False
B001351,False,False
B001352,False,False
B001353,False,False
B001354,False,False
B001355,False,False
B001356,False,False
B001357,False,False
B001358,False,False
B001359,False,False
B001360,False,False
B001361,False,False
B001362,False,False
B001363,False,False
B001364,False,False
B001365,False,False
B001366,False,False
B001367,False,False
B001368,False,False
B001369,False,False
B001370,False,False
B001371,False,False
B001372,False,False
B001373,False,False
B001374,False,False
B001375,False,False
B001376,False,False
B001377,False,False
B001378,False,False
B001379,False,False
B001380,False,False
B001381,False,False
B001382,False,False
B001383,False,False
B001384,False,False
B001385,False,False
B001386,False,False
B001387,False,False
B001388,False,False
B001389,False,False
B001390,False,False
B001391,False,False
B001392,False,False
B001393,False,False
B001394,False,False
B001395,False,False
B001396,False,False
B001397,False,False
B001398,False,False
B001399,False,False
B001400,False,False
B001401,False,False
B001402,False,False
B001403,False,False
B001404,False,False
B001405,False,False
B001406,False,False
B001407,False,False
B001408,False,False
B001409,False,False
B001410,False,False
B001411,False,False
B001412,False,False
B001413,False,False
B001414,False,False
B001415,False,False
B001416,False,False
B001417,False,False
B001418,False,False
B001419,False,False
B001420,False,False
B001421,False,False
B001422,False,False
B001423,False,False
B001424,False,False
B001425,False,False
B001426,False,False
B001427,False,False
B001428,False,False
B001429,False,False
B001430,False,False
B001431,False,False
B001432,False,False
B001433,False,False
B001434,False,False
B001435,False,False
B001436,False,False
B001437,False,False
B001438,False,False
B001439,False,False
B001440,False,False
B001441,False,False
B001442,False,False
B001443,False,False
B001444,False,False
B001445,False,False
B001446,False,False
B001447,False,False
B001448,False,False
B001449,False,False
B001450,False,False
B001451,False,False
B001452,False,False
B001453,False,False
B001454,False,False
B001455,False,False
B001456,False,False
B001457,False,False
B001458,False,False
B001459,False,False
B001460,False,False
B001461,False,False
B001462,False,False
B001463,False,False
B001464,False,False
B001465,False,False
B001466,False,False
B001467,False,False
B001468,False,False
B001469,False,False
B001470,False,False
B001471,False,False
B001472,False,False
B001473,False,False
B001474,False,False
B001475,False,False
B001476,False,False
B001477,False,False
B001478,False,False
B001479,False,False
B001480,False,False
B001481,False,False
B001482,False,False
B001483,False,False
B001484,False,False
B001485,False,False
B001486,False,False
B001487,False,False
B001488,False,False
B001489,False,False
B001490,False,False
B001491,False,False
B001492,False,False
B001493,False,False
B001494,False,False
B001495,False,False
B001496,False,False
B001497,False,False
B001498,False,False
B001499,False,False
B001500,False,False
B001501,False,False
B001502,False,False
B001503,False,False
B001504,False,False
B001505,False,False
B001506,False,False
B001507,False,False
B001508,False,False
B001509,False,False
B001510,False,False
B001511,False,False
B001512,False,False
B001513,False,False
B001514,False,False
B001515,False,False
B001516,False,False
B001517,False,False
B001518,False,False
B001519,False,False
B001520,False,False
B001521,False,False
B001522,False,False
B001523,False,False
B001524,False,False
B001525,False,False
B001526,False,False
B001527,False,False
B001528,False,False
B001529,False,False
B001530,False,False
B001531,False,False
B001532,False,False
B001533,False,False
B001534,False,False
B001535,False,False
B001536,False,False
B001537,False,False
B001538,False,False
B001539,False,False
B001540,False,False
B001541,False,False
B001542,False,False
B001543,False,False
B001544,False,False
B001545,False,False
B001546,False,False
B001547,False,False
B001548,False,False
B001549,False,False
B001550,False,False
B001551,False,False
B001552,False,False
B001553,False,False
B001554,False,False
B001555,False,False
B001556,False,False
B001557,False,False
B001558,False,False
B001559,False,False
B001560,False,False
B001561,False,False
B001562,False,False
B001563,False,False
B001564,False,False
B001565,False,False
B001566,False,False
B001567,False,False
B001568,False,False
B001569,False,False
B001570,False,False
B001571,False,False
B001572,False,False
B001573,False,False
B001574,False,False
B001575,False,False
B001576,False,False
B001577,False,False
B001578,False,False
B001579,False,False
B001580,False,False
B001581,False,False
B001582,False,False
B001583,False,False
B001584,False,False
B001585,False,False
B001586,False,False
B001587,False,False
B001588,False,False
B001589,False,False
B001590,False,False
B001591,False,False
B001592,False,False
B001593,False,False
B001594,False,False
B001595,False,False
B001596,False,False
B001597,False,False
B001598,False,False
B001599,False,False
B001600,False,False
B001601,False,False
B001602,False,False
B001603,False,False
B001604,False,False
B001605,False,False
B001606,False,False
B001607,False,False
B001608,False,False
B001609,False,False
B001610,False,False
B001611,False,False
B001612,False,False
B001613,False,False
B001614,False,False
B001615,False,False
B001616,False,False
B001617,False,False
B001618,False,False
B001619,False,False
B001620,False,False
B001621,False,False
B001622,False,False
B001623,False,False
B001624,False,False
B001625,False,False
B001626,False,False
B001627,False,False
B001628,False,False
B001629,False,False
B001630,False,False
B001631,False,False
B001632,False,False
B001633,False,False
B001634,False,False
B001635,False,False
B001636,False,False
B001637,False,False
B001638,False,False
B001639,False,False
B001640,False,False
B001641,False,False
B001642,False,False
B001643,False,False
B001644,False,False
B001645,False,False
B001646,False,False
B001647,False,False
B001648,False,False
B001649,False,False
B001650,False,False
B001651,False,False
B001652,False,False
B001653,False,False
B001654,False,False
B001655,False,False
B001656,False,False
B001657,False,False
B001658,False,False
B001659,False,False
B001660,False,False
B001661,False,False
B001662,False,False
B001663,False,False
B001664,False,False
B001665,False,False
B001666,False,False
B001667,False,False
B001668,False,False
B001669,False,False
B001670,False,False
B001671,False,False
B001672,False,False
B001673,False,False
B001674,False,False
B001675,False,False
B001676,False,False
B001677,False,False
B001678,False,False
B001679,False,False
B001680,False,False
B001681,False,False
B001682,False,False
B001683,False,False
B001684,False,False
B001685,False,False
B001686,False,False
B001687,False,False
B001688,False,False
B001689,False,False
B001690,False,False
B001691,False,False
B001692,False,False
B001693,False,False
B001694,False,False
B001695,False,False
B001696,False,False
B001697,False,False
B001698,False,False
B001699,False,False
B001700,False,False
B001701,False,False
B001702,False,False
B001703,False,False
B001704,False,False
B001705,False,False
B001706,False,False
B001707,False,False
B001708,False,False
B001709,False,False
B001710,False,False
B001711,False,False
B001712,False,False
B001713,False,False
B001714,False,False
B001715,False,False
B001716,False,False
B001717,False,False
B001718,False,False
B001719,False,False
B001720,False,False
B001721,False,False
B001722,False,False
B001723,False,False
B001724,False,False
B001725,False,False
B001726,False,False
B001727,False,False
B001728,False,False
B001729,False,False
B001730,False,False
B001731,False,False
B001732,False,False
B001733,False,False
B001734,False,False
B001735,False,False
B001736,False,False
B001737,False,False
B001738,False,False
B001739,False,False
B001740,False,False
B001741,False,False
B001742,False,False
B001743,False,False
B001744,False,False
B001745,False,False
B001746,False,False
B001747,False,False
B001748,False,False
B001749,False,False
B001750,False,False
B001751,False,False
B001752,False,False
B001753,False,False
B001754,False,False
B001755,False,False
B001756,False,False
B001757,False,False
B001758,False,False
B001759,False,False
B001760,False,False
B001761,False,False
B001762,False,False
B001763,False,False
B001764,False,False
B001765,False,False
B001766,False,False
B001767,False,False
B001768,False,False
B001769,False,False
B001770,False,False
B001771,False,False
B001772,False,False
B001773,False,False
B001774,False,False
B001775,False,False
B001776,False,False
B001777,False,False
B001778,False,False
B001779,False,False
B001780,False,False
B001781,False,False
B001782,False,False
B001783,False,False
B001784,False,False
B001785,False,False
B001786,False,False
B001787,False,False
B001788,False,False
B001789,False,False
B001790,False,False
B001791,False,False
B001792,False,False
B001793,False,False
B001794,False,False
B001795,False,False
B001796,False,False
B001797,False,False
B001798,False,False
B001799,False,False
B001800,False,False
B001801,False,False
B001802,False,False
B001803,False,False
B001804,False,False
B001805,False,False
B001806,False,False
B001807,False,False
B001808,False,False
B001809,False,False
B001810,False,False
B001811,False,False
B001812,False,False
B001813,False,False
B001814,False,False
B001815,False,False
B001816,False,False
B001817,False,False
B001818,False,False
B001819,False,False
B001820,False,False
B001821,False,False
B001822,False,False
B001823,False,False
B001824,False,False
B001825,False,False
B001826,False,False
B001827,False,False
B001828,False,False
B001829,False,False
B001830,False,False
B001831,False,False
B001832,False,False
B001833,False,False
B001834,False,False
B001835,False,False
B001836,False,False
B001837,False,False
B001838,False,False
B001839,False,False
B001840,False,False
B001841,False,False
B001842,False,False
B001843,False,False
B001844,False,False
B001845,False,False
B001846,False,False
B001847,False,False
B001848,False,False
B001849,False,False
B001850,False,False
B001851,False,False
B001852,False,False
B001853,False,False
B001854,False,False
B001855,False,False
B001856,False,False
B001857,False,False
B001858,False,False
B001859,False,False
B001860,False,False
B001861,False,False
B001862,False,False
B001863,False,False
B001864,False,False
B001865,False,False
B001866,False,False
B001867,False,False
B001868,False,False
B001869,False,False
B001870,False,False
B001871,False,False
B001872,False,False
B001873,False,False
B001874,False,False
B001875,False,False
B001876,False,False
B001877,False,False
B001878,False,False
B001879,False,False
B001880,False,False
B001881,False,False
B001882,False,False
B001883,False,False
B001884,False,False
B001885,False,False
B001886,False,False
B001887,False,False
B001888,False,False
B001889,False,False
B001890,False,False
B001891,False,False
B001892,False,False
B001893,False,False
B001894,False,False
B001895,False,False
B001896,False,False
B001897,False,False
B001898,False,False
B001899,False,False
B001900,False,False
B001901,False,False
B001902,False,False
B001903,False,False
B001904,False,False
B001905,False,False
B001906,False,False
B001907,False,False
B001908,False,False
B001909,False,False
B001910,False,False
B001911,False,False
B001912,False,False
B001913,False,False
B001914,False,False
B001915,False,False
B001916,False,False
B001917,False,False
B001918,False,False
B001919,False,False
B001920,False,False
B001921,False,False
B001922,False,False
B001923,False,False
B001924,False,False
B001925,False,False
B001926,False,False
B001927,False,False
B001928,False,False
B001929,False,False
B001930,False,False
B001931,False,False
B001932,False,False
B001933,False,False
B001934,False,False
B001935,False,False
B001936,False,False
B001937,False,False
B001938,False,False
B001939,False,False
B001940,False,False
B001941,False,False
B001942,False,False
B001943,False,False
B001944,False,False
B001945,False,False
B001946,False,False
B001947,False,False
B001948,False,False
B001949,False,False
B001950,False,False
B001951,False,False
B001952,False,False
B001953,False,False
B001954,False,False
B001955,False,False
B001956,False,False
B001957,False,False
B001958,False,False
B001959,False,False
B001960,False,False
B001961,False,False
B001962,False,False
B001963,False,False
B001964,False,False
B001965,False,False
B001966,False,False
B001967,False,False
B001968,False,False
B001969,False,False
B001970,False,False
B001971,False,False
B001972,False,False
B001973,False,False
B001974,False,False
B001975,False,False
B001976,False,False
B001977,False,False
B001978,False,False
B001979,False,False
B001980,False,False
B001981,False,False
B001982,False,False
B001983,False,False
B001984,False,False
B001985,False,False
B001986,False,False
B001987,False,False
B001988,False,False
B001989,False,False
B001990,False,False
B001991,False,False
B001992,False,False
B001993,False,False
B001994,False,False
B001995,False,False
B001996,False,False
B001997,False,False
B001998,False,False
B001999,False,False
B002000,False,False
B002001,False,False
B002002,False,False
B002003,False,False
B002004,False,False
B002005,False,False
B002006,False,False
B002007,False,False
B002008,False,False
B002009,False,False
B002010,False,False
B002011,False,False
B002012,False,False
B002013,False,False
B002014,False,False
B002015,False,False
B002016,False,False
B002017,False,False
B002018,False,False
B002019,False,False
B002020,False,False
B002021,False,False
B002022,False,False
B002023,False,False
B002024,False,False
B002025,False,False
B002026,False,False
B002027,False,False
B002028,False,False
B002029,False,False
B002030,False,False
B002031,False,False
B002032,False,False
B002033,False,False
B002034,False,False
B002035,False,False
B002036,False,False
B002037,False,False
B002038,False,False
B002039,False,False
B002040,False,False
B002041,False,False
B002042,False,False
B002043,False,False
B002044,False,False
B002045,False,False
B002046,False,False
B002047,False,False
B002048,False,False
B002049,False,False
B002050,False,False
B002051,False,False
B002052,False,False
B002053,False,False
B002054,False,False
B002055,False,False
B002056,False,False
B002057,False,False
B002058,False,False
B002059,False,False
B002060,False,False
B002061,False,False
B002062,False,False
B002063,False,False
B002064,False,False
B002065,False,False
B002066,False,False
B002067,False,False
B002068,False,False
B002069,False,False
B002070,False,False
B002071,False,False
B002072,False,False
B002073,False,False
B002074,False,False
B002075,False,False
B002076,False,False
B002077,False,False
B002078,False,False
B002079,False,False
B002080,False,False
B002081,False,False
B002082,False,False
B002083,False,False
B002084,False,False
B002085,False,False
B002086,False,False
B002087,False,False
B002088,False,False
B002089,False,False
B002090,False,False
B002091,False,False
B002092,False,False
B002093,False,False
B002094,False,False
B002095,False,False
B002096,False,False
B002097,False,False
B002098,False,False
B002099,False,False
B002100,False,False
B002101,False,False
B002102,False,False
B002103,False,False
B002104,False,False
B002105,False,False
B002106,False,False
B002107,False,False
B002108,False,False
B002109,False,False
B002110,False,False
B002111,False,False
B002112,False,False
B002113,False,False
B002114,False,False
B002115,False,False
B002116,False,False
B002117,False,False
B002118,False,False
B002119,False,False
B002120,False,False
B002121,False,False
B002122,False,False
B002123,False,False
B002124,False,False
B002125,False,False
B002126,False,False
B002127,False,False
B002128,False,False
B002129,False,False
B002130,False,False
B002131,False,False
B002132,False,False
B002133,False,False
B002134,False,False
B002135,False,False
B002136,False,False
B002137,False,False
B002138,False,False
B002139,False,False
B002140,False,False
B002141,False,False
B002142,False,False
B002143,False,False
B002144,False,False
B002145,False,False
B002146,False,False
B002147,False,False
B002148,False,False
B002149,False,False
B002150,False,False
B002151,False,False
B002152,False,False
B002153,False,False
B002154,False,False
B002155,False,False
B002156,False,False
B002157,False,False
B002158,False,False
B002159,False,False
B002160,False,False
B002161,False,False
B002162,False,False
B002163,False,False
B002164,False,False
B002165,False,False
B002166,False,False
B002167,False,False
B002168,False,False
B002169,False,False
B002170,False,False
B002171,False,False
B002172,False,False
B002173,False,False
B002174,False,False
B002175,False,False
B002176,False,False
B002177,False,False
B002178,False,False
B002179,False,False
B002180,False,False
B002181,False,False
B002182,False,False
B002183,False,False
B002184,False,False
B002185,False,False
B002186,False,False
B002187,False,False
B002188,False,False
B002189,False,False
B002190,False,False
B002191,False,False
B002192,False,False
B002193,False,False
B002194,False,False
B002195,False,False
B002196,False,False
B002197,False,False
B002198,False,False
B002199,False,False
B002200,False,False
B002201,False,False
B002202,False,False
B002203,False,False
B002204,False,False
B002205,False,False
B002206,False,False
B002207,False,False
B002208,False,False
B002209,False,False
B002210,False,False
B002211,False,False
B002212,False,False
B002213,False,False
B002214,False,False
B002215,False,False
B002216,False,False
B002217,False,False
B002218,False,False
B002219,False,False
B002220,False,False
B002221,False,False
B002222,False,False
B002223,False,False
B002224,False,False
B002225,False,False
B002226,False,False
B002227,False,False
B002228,False,False
B002229,False,False
B002230,False,False
B002231,False,False
B002232,False,False
B002233,False,False
B002234,False,False
B002235,False,False
B002236,False,False
B002237,False,False
B002238,False,False
B002239,False,False
B002240,False,False
B002241,False,False
B002242,False,False
B002243,False,False
B002244,False,False
B002245,False,False
B002246,False,False
B002247,False,False
B002248,False,False
B002249,False,False
B002250,False,False
B002251,False,False
B002252,False,False
B002253,False,False
B002254,False,False
B002255,False,False
B002256,False,False
B002257,False,False
B002258,False,False
B002259,False,False
B002260,False,False
B002261,False,False
B002262,False,False
B002263,False,False
B002264,False,False
B002265,False,False
B002266,False,False
B002267,False,False
B002268,False,False
B002269,False,False
B002270,False,False
B002271,False,False
B002272,False,False
B002273,False,False
B002274,False,False
B002275,False,False
B002276,False,False
B002277,False,False
B002278,False,False
B002279,False,False
B002280,False,False
B002281,False,False
B002282,False,False
B002283,False,False
B002284,False,False
B002285,False,False
B002286,False,False
B002287,False,False
B002288,False,False
B002289,False,False
B002290,False,False
B002291,False,False
B002292,False,False
B002293,False,False
B002294,False,False
B002295,False,False
B002296,False,False
B002297,False,False
B002298,False,False
B002299,False,False
B002300,False,False
B002301,False,False
B002302,False,False
B002303,False,False
B002304,False,False
B002305,False,False
B002306,False,False
B002307,False,False
B002308,False,False
B002309,False,False
B002310,False,False
B002311,False,False
B002312,False,False
B002313,False,False
B002314,False,False
B002315,False,False
B002316,False,False
B002317,False,False
B002318,False,False
B002319,False,False
B002320,False,False
B002321,False,False
B002322,False,False
B002323,False,False
B002324,False,False
B002325,False,False
B002326,False,False
B002327,False,False
B002328,False,False
B002329,False,False
B002330,False,False
B002331,False,False
B002332,False,False
B002333,False,False
B002334,False,False
B002335,False,False
B002336,False,False
B002337,False,False
B002338,False,False
B002339,False,False
B002340,False,False
B002341,False,False
B002342,False,False
B002343,False,False
B002344,False,False
B002345,False,False
B002346,False,False
B002347,False,False
B002348,False,False
B002349,False,False
B002350,False,False
B002351,False,False
B002352,False,False
B002353,False,False
B002354,False,False
B002355,False,False
B002356,False,False
B002357,False,False
B002358,False,False
B002359,False,False
B002360,False,False
B002361,False,False
B002362,False,False
B002363,False,False
B002364,False,False
B002365,False,False
B002366,False,False
B002367,False,False
B002368,False,False
B002369,False,False
B002370,False,False
B002371,False,False
B002372,False,False
B002373,False,False
B002374,False,False
B002375,False,False
B002376,False,False
B002377,False,False
B002378,False,False
B002379,False,False
B002380,False,False
B002381,False,False
B002382,False,False
B002383,False,False
B002384,False,False
B002385,False,False
B002386,False,False
B002387,False,False
B002388,False,False
B002389,False,False
B002390,False,False
B002391,False,False
B002392,False,False
B002393,False,False
B002394,False,False
B002395,False,False
B002396,False,False
B002397,False,False
B002398,False,False
B002399,False,False
B002400,False,False
B002401,False,False
B002402,False,False
B002403,False,False
B002404,False,False
B002405,False,False
B002406,False,False
B002407,False,False
B002408,False,False
B002409,False,False
B002410,False,False
B002411,False,False
B002412,False,False
B002413,False,False
B002414,False,False
B002415,False,False
B002416,False,False
B002417,False,False
B002418,False,False
B002419,False,False
B002420,False,False
B002421,False,False
B002422,False,False
B002423,False,False
B002424,False,False
B002425,False,False
B002426,False,False
B002427,False,False
B002428,False,False
B002429,False,False
B002430,False,False
B002431,False,False
B002432,False,False
B002433,False,False
B002434,False,False
B002435,False,False
B002436,False,False
B002437,False,False
B002438,False,False
B002439,False,False
B002440,False,False
B002441,False,False
B002442,False,False
B002443,False,False
B002444,False,False
B002445,False,False
B002446,False,False
B002447,False,False
B002448,False,False
B002449,False,False
B002450,False,False
B002451,False,False
B002452,False,False
B002453,False,False
B002454,False,False
B002455,False,False
B002456,False,False
B002457,False,False
B002458,False,False
B002459,False,False
B002460,False,False
B002461,False,False
B002462,False,False
B002463,False,False
B002464,False,False
B002465,False,False
B002466,False,False
B002467,False,False
B002468,False,False
B002469,False,False
B002470,False,False
B002471,False,False
B002472,False,False
B002473,False,False
B002474,False,False
B002475,False,False
B002476,False,False
B002477,False,False
B002478,False,False
B002479,False,False
B002480,False,False
B002481,False,False
B002482,False,False
B002483,False,False
B002484,False,False
B002485,False,False
B002486,False,False
B002487,False,False
B002488,False,False
B002489,False,False
B002490,False,False
B002491,False,False
B002492,False,False
B002493,False,False
B002494,False,False
B002495,False,False
B002496,False,False
B002497,False,False
B002498,False,False
B002499,False,False
B002500,False,False
B002501,False,False
B002502,False,False
B002503,False,False
B002504,False,False
B002505,False,False
B002506,False,False
B002507,False,False
B002508,False,False
B002509,False,False
B002510,False,False
B002511,False,False
B002512,False,False
B002513,False,False
B002514,False,False
B002515,False,False
B002516,False,False
B002517,False,False
B002518,False,False
B002519,False,False
B002520,False,False
B002521,False,False
B002522,False,False
B002523,False,False
B002524,False,False
B002525,False,False
B002526,False,False
B002527,False,False
B002528,False,False
B002529,False,False
B002530,False,False
B002531,False,False
B002532,False,False
B002533,False,False
B002534,False,False
B002535,False,False
B002536,False,False
B002537,False,False
B002538,False,False
B002539,False,False
B002540,False,False
B002541,False,False
B002542,False,False
B002543,False,False
B002544,False,False
B002545,False,False
B002546,False,False
B002547,False,False
B002548,False,False
B002549,False,False
B002550,False,False
B002551,False,False
B002552,False,False
B002553,False,False
B002554,False,False
B002555,False,False
B002556,False,False
B002557,False,False
B002558,False,False
B002559,False,False
B002560,False,False
B002561,False,False
B002562,False,False
B002563,False,False
B002564,False,False
B002565,False,False
B002566,False,False
B002567,False,False
B002568,False,False
B002569,False,False
B002570,False,False
B002571,False,False
B002572,False,False
B002573,False,False
B002574,False,False
B002575,False,False
B002576,False,False
B002577,False,False
B002578,False,False
B002579,False,False
B002580,False,False
B002581,False,False
B002582,False,False
B002583,False,False
B002584,False,False
B002585,False,False
B002586,False,False
B002587,False,False
B002588,False,False
B002589,False,False
B002590,False,False
B002591,False,False
B002592,False,False
B002593,False,False
B002594,False,False
B002595,False,False
B002596,False,False
B002597,False,False
B002598,False,False
B002599,False,False
B002600,False,False
B002601,False,False
B002602,False,False
B002603,False,False
B002604,False,False
B002605,False,False
B002606,False,False
B002607,False,False
B002608,False,False
B002609,False,False
B002610,False,False
B002611,False,False
B002612,False,False
B002613,False,False
B002614,False,False
B002615,False,False
B002616,False,False
B002617,False,False
B002618,False,False
B002619,False,False
B002620,False,False
B002621,False,False
B002622,False,False
B002623,False,False
B002624,False,False
B002625,False,False
B002626,False,False
B002627,False,False
B002628,False,False
B002629,False,False
B002630,False,False
B002631,False,False
B002632,False,False
B002633,False,False
B002634,False,False
B002635,False,False
B002636,False,False
B002637,False,False
B002638,False,False
B002639,False,False
B002640,False,False
B002641,False,False
B002642,False,False
B002643,False,False
B002644,False,False
B002645,False,False
B002646,False,False
B002647,False,False
B002648,False,False
B002649,False,False
B002650,False,False
B002651,False,False
B002652,False,False
B002653,False,False
B002654,False,False
B002655,False,False
B002656,False,False
B002657,False,False
B002658,False,False
B002659,False,False
B002660,False,False
B002661,False,False
B002662,False,False
B002663,False,False
B002664,False,False
B002665,False,False
B002666,False,False
B002667,False,False
B002668,False,False
B002669,False,False
B002670,False,False
B002671,False,False
B002672,False,False
B002673,False,False
B002674,False,False
B002675,False,False
B002676,False,False
B002677,False,False
B002678,False,False
B002679,False,False
B002680,False,False
B002681,False,False
B002682,False,False
B002683,False,False
B002684,False,False
B002685,False,False
B002686,False,False
B002687,False,False
B002688,False,False
B002689,False,False
B002690,False,False
B002691,False,False
B002692,False,False
B002693,False,False
B002694,False,False
B002695,False,False
B002696,False,False
B002697,False,False
B002698,False,False
B002699,False,False
B002700,False,False
B002701,False,False
B002702,False,False
B002703,False,False
B002704,False,False
B002705,False,False
B002706,False,False
B002707,False,False
B002708,False,False
B002709,False,False
B002710,False,False
B002711,False,False
B002712,False,False
B002713,False,False
B002714,False,False
B002715,False,False
B002716,False,False
B002717,False,False
B002718,False,False
B002719,False,False
B002720,False,False
B002721,False,False
B002722,False,False
B002723,False,False
B002724,False,False
B002725,False,False
B002726,False,False
B002727,False,False
B002728,False,False
B002729,False,False
B002730,False,False
B002731,False,False
B002732,False,False
B002733,False,False
B002734,False,False
B002735,False,False
B002736,False,False
B002737,False,False
B002738,False,False
B002739,False,False
B002740,False,False
B002741,False,False
B002742,False,False
B002743,False,False
B002744,False,False
B002745,False,False
B002746,False,False
B002747,False,False
B002748,False,False
B002749,False,False
B002750,False,False
B002751,False,False
B002752,False,False
B002753,False,False
B002754,False,False
B002755,False,False
B002756,False,False
B002757,False,False
B002758,False,False
B002759,False,False
B002760,False,False
B002761,False,False
B002762,False,False
B002763,False,False
B002764,False,False
B002765,False,False
B002766,False,False
B002767,False,False
B002768,False,False
B002769,False,False
B002770,False,False
B002771,False,False
B002772,False,False
B002773,False,False
B002774,False,False
B002775,False,False
B002776,False,False
B002777,False,False
B002778,False,False
B002779,False,False
B002780,False,False
B002781,False,False
B002782,False,False
B002783,False,False
B002784,False,False
B002785,False,False
B002786,False,False
B002787,False,False
B002788,False,False
B002789,False,False
B002790,False,False
B002791,False,False
B002792,False,False
B002793,False,False
B002794,False,False
B002795,False,False
B002796,False,False
B002797,False,False
B002798,False,False
B002799,False,False
B002800,False,False
B002801,False,False
B002802,False,False
B002803,False,False
B002804,False,False
B002805,False,False
B002806,False,False
B002807,False,False
B002808,False,False
B002809,False,False
B002810,False,False
B002811,False,False
B002812,False,False
B002813,False,False
B002814,False,False
B002815,False,False
B002816,False,False
B002817,False,False
B002818,False,False
B002819,False,False
B002820,False,False
B002821,False,False
B002822,False,False
B002823,False,False
B002824,False,False
B002825,False,False
B002826,False,False
B002827,False,False
B002828,False,False
B002829,False,False
B002830,False,False
B002831,False,False
B002832,False,False
B002833,False,False
B002834,False,False
B002835,False,False
B002836,False,False
B002837,False,False
B002838,False,False
B002839,False,False
B002840,False,False
B002841,False,False
B002842,False,False
B002843,False,False
B002844,False,False
B002845,False,False
B002846,False,False
B002847,False,False
B002848,False,False
B002849,False,False
B002850,False,False
B002851,False,False
B002852,False,False
B002853,False,False
B002854,False,False
B002855,False,False
B002856,False,False
B002857,False,False
B002858,False,False
B002859,False,False
B002860,False,False
B002861,False,False
B002862,False,False
B002863,False,False
B002864,False,False
B002865,False,False
B002866,False,False
B002867,False,False
B002868,False,False
B002869,False,False
B002870,False,False
B002871,False,False
B002872,False,False
B002873,False,False
B002874,False,False
B002875,False,False
B002876,False,False
B002877,False,False
B002878,False,False
B002879,False,False
B002880,False,False
B002881,False,False
B002882,False,False
B002883,False,False
B002884,False,False
B002885,False,False
B002886,False,False
B002887,False,False
B002888,False,False
B002889,False,False
B002890,False,False
B002891,False,False
B002892,False,False
B002893,False,False
B002894,False,False
B002895,False,False
B002896,False,False
B002897,False,False
B002898,False,False
B002899,False,False
B002900,False,False
B002901,False,False
B002902,False,False
B002903,False,False
B002904,False,False
B002905,False,False
B002906,False,False
B002907,False,False
B002908,False,False
B002909,False,False
B002910,False,False
B002911,False,False
B002912,False,False
B002913,False,False
B002914,False,False
B002915,False,False
B002916,False,False
B002917,False,False
B002918,False,False
B002919,False,False
B002920,False,False
B002921,False,False
B002922,False,False
B002923,False,False
B002924,False,False
B002925,False,False
B002926,False,False
B002927,False,False
B002928,False,False
B002929,False,False
B002930,False,False
B002931,False,False
B002932,False,False
B002933,False,False
B002934,False,False
B002935,False,False
B002936,False,False
B002937,False,False
B002938,False,False
B002939,False,False
B002940,False,False
B002941,False,False
B002942,False,False
B002943,False,False
B002944,False,False
B002945,False,False
B002946,False,False
B002947,False,False
B002948,False,False
B002949,False,False
B002950,False,False
B002951,False,False
B002952,False,False
B002953,False,False
B002954,False,False
B002955,False,False
B002956,False,False
B002957,False,False
B002958,False,False
B002959,False,False
B002960,False,False
B002961,False,False
B002962,False,False
B002963,False,False
B002964,False,False
B002965,False,False
B002966,False,False
B002967,False,False
B002968,False,False
B002969,False,False
B002970,False,False
B002971,False,False
B002972,False,False
B002973,False,False
B002974,False,False
B002975,False,False
B002976,False,False
B002977,False,False
B002978,False,False
B002979,False,False
B002980,False,False
B002981,False,False
B002982,False,False
B002983,False,False
B002984,False,False
B002985,False,False
B002986,False,False
B002987,False,False
B002988,False,False
B002989,False,False
B002990,False,False
B002991,False,False
B002992,False,False
B002993,False,False
B002994,False,False
B002995,False,False
B002996,False,False
B002997,False,False
B002998,False,False
B002999,False,False
B003000,False,False
B003001,False,False
B003002,False,False
B003003,False,False
B003004,False,False
B003005,False,False
B003006,False,False
B003007,False,False
B003008,False,False
B003009,False,False
B003010,False,False
B003011,False,False
B003012,False,False
B003013,False,False
B003014,False,False
B003015,False,False
B003016,False,False
B003017,False,False
B003018,False,False
B003019,False,False
B003020,False,False
B003021,False,False
B003022,False,False
B003023,False,False
B003024,False,False
B003025,False,False
B003026,False,False
B003027,False,False
B003028,False,False
B003029,False,False
B003030,False,False
B003031,False,False
B003032,False,False
B003033,False,False
B003034,False,False
B003035,False,False
B003036,False,False
B003037,False,False
B003038,False,False
B003039,False,False
B003040,False,False
B003041,False,False
B003042,False,False
B003043,False,False
B003044,False,False
B003045,False,False
B003046,False,False
B003047,False,False
B003048,False,False
B003049,False,False
B003050,False,False
B003051,False,False
B003052,False,False
B003053,False,False
B003054,False,False
B003055,False,False
B003056,False,False
B003057,False,False
B003058,False,False
B003059,False,False
B003060,False,False
B003061,False,False
B003062,False,False
B003063,False,False
B003064,False,False
B003065,False,False
B003066,False,False
B003067,False,False
B003068,False,False
B003069,False,False
B003070,False,False
B003071,False,False
B003072,False,False
B003073,False,False
B003074,False,False
B003075,False,False
B003076,False,False
B003077,False,False
B003078,False,False
B003079,False,False
B003080,False,False
B003081,False,False
B003082,False,False
B003083,False,False
B003084,False,False
B003085,False,False
B003086,False,False
B003087,False,False
B003088,False,False
B003089,False,False
B003090,False,False
B003091,False,False
B003092,False,False
B003093,False,False
B003094,False,False
B003095,False,False
B003096,False,False
B003097,False,False
B003098,False,False
B003099,False,False
B003100,False,False
B003101,False,False
B003102,False,False
B003103,False,False
B003104,False,False
B003105,False,False
B003106,False,False
B003107,False,False
B003108,False,False
B003109,False,False
B003110,False,False
B003111,False,False
B003112,False,False
B003113,False,False
B003114,False,False
B003115,False,False
B003116,False,False
B003117,False,False
B003118,False,False
B003119,False,False
B003120,False,False
B003121,False,False
B003122,False,False
B003123,False,False
B003124,False,False
B003125,False,False
B003126,False,False
B003127,False,False
B003128,False,False
B003129,False,False
B003130,False,False
B003131,False,False
B003132,False,False
B003133,False,False
B003134,False,False
B003135,False,False
B003136,False,False
B003137,False,False
B003138,False,False
B003139,False,False
B003140,False,False
B003141,False,False
B003142,False,False
B003143,False,False
B003144,False,False
B003145,False,False
B003146,False,False
B003147,False,False
B003148,False,False
B003149,False,False
B003150,False,False
B003151,False,False
B003152,False,False
B003153,False,False
B003154,False,False
B003155,False,False
B003156,False,False
B003157,False,False
B003158,False,False
B003159,False,False
B003160,False,False
B003161,False,False
B003162,False,False
B003163,False,False
B003164,False,False
B003165,False,False
B003166,False,False
B003167,False,False
B003168,False,False
B003169,False,False
B003170,False,False
B003171,False,False
B003172,False,False
B003173,False,False
B003174,False,False
B003175,False,False
B003176,False,False
B003177,False,False
B003178,False,False
B003179,False,False
B003180,False,False
B003181,False,False
B003182,False,False
B003183,False,False
B003184,False,False
B003185,False,False
B003186,False,False
B003187,False,False
B003188,False,False
B003189,False,False
B003190,False,False
B003191,False,False
B003192,False,False
B003193,False,False
B003194,False,False
B003195,False,False
B003196,False,False
B003197,False,False
B003198,False,False
B003199,False,False
B003200,False,False
B003201,False,False
B003202,False,False
B003203,False,False
B003204,False,False
B003205,False,False
B003206,False,False
B003207,False,False
B003208,False,False
B003209,False,False
B003210,False,False
B003211,False,False
B003212,False,False
B003213,False,False
B003214,False,False
B003215,False,False
B003216,False,False
B003217,False,False
B003218,False,False
B003219,False,False
B003220,False,False
B003221,False,False
B003222,False,False
B003223,False,False
B003224,False,False
B003225,False,False
B003226,False,False
B003227,False,False
B003228,False,False
B003229,False,False
B003230,False,False
B003231,False,False
B003232,False,False
B003233,False,False
B003234,False,False
B003235,False,False
B003236,False,False
B003237,False,False
B003238,False,False
B003239,False,False
B003240,False,False
B003241,False,False
B003242,False,False
B003243,False,False
B003244,False,False
B003245,False,False
B003246,False,False
B003247,False,False
B003248,False,False
B003249,False,False
B003250,False,False
B003251,False,False
B003252,False,False
B003253,False,False
B003254,False,False
B003255,False,False
B003256,False,False
B003257,False,False
B003258,False,False
B003259,False,False
B003260,False,False
B003261,False,False
B003262,False,False
B003263,False,False
B003264,False,False
B003265,False,False
B003266,False,False
B003267,False,False
B003268,False,False
B003269,False,False
B003270,False,False
B003271,False,False
B003272,False,False
B003273,False,False
B003274,False,False
B003275,False,False
B003276,False,False
B003277,False,False
B003278,False,False
B003279,False,False
B003280,False,False
B003281,False,False
B003282,False,False
B003283,False,False
B003284,False,False
B003285,False,False
B003286,False,False
B003287,False,False
B003288,False,False
B003289,False,False
B003290,False,False
B003291,False,False
B003292,False,False
B003293,False,False
B003294,False,False
B003295,False,False
B003296,False,False
B003297,False,False
B003298,False,False
B003299,False,False
B003300,False,False
B003301,False,False
B003302,False,False
B003303,False,False
B003304,False,False
B003305,False,False
B003306,False,False
B003307,False,False
B003308,False,False
B003309,False,False
B003310,False,False
B003311,False,False
B003312,False,False
B003313,False,False
B003314,False,False
B003315,False,False
B003316,False,False
B003317,False,False
B003318,False,False
B003319,False,False
B003320,False,False
B003321,False,False
B003322,False,False
B003323,False,False
B003324,False,False
B003325,False,False
B003326,False,False
B003327,False,False
B003328,False,False
B003329,False,False
B003330,False,False
B003331,False,False
B003332,False,False
B003333,False,False
B003334,False,False
B003335,False,False
B003336,False,False
B003337,False,False
B003338,False,False
B003339,False,False
B003340,False,False
B003341,False,False
B003342,False,False
B003343,False,False
B003344,False,False
B003345,False,False
B003346,False,False
B003347,False,False
B003348,False,False
B003349,False,False
B003350,False,False
B003351,False,False
B003352,False,False
B003353,False,False
B003354,False,False
B003355,False,False
B003356,False,False
B003357,False,False
B003358,False,False
B003359,False,False
B003360,False,False
B003361,False,False
B003362,False,False
B003363,False,False
B003364,False,False
B003365,False,False
B003366,False,False
B003367,False,False
B003368,False,False
B003369,False,False
B003370,False,False
B003371,False,False
B003372,False,False
B003373,False,False
B003374,False,False
B003375,False,False
B003376,False,False
B003377,False,False
B003378,False,False
B003379,False,False
B003380,False,False
B003381,False,False
B003382,False,False
B003383,False,False
B003384,False,False
B003385,False,False
B003386,False,False
B003387,False,False
B003388,False,False
B003389,False,False
B003390,False,False
B003391,False,False
B003392,False,False
B003393,False,False
B003394,False,False
B003395,False,False
B003396,False,False
B003397,False,False
B003398,False,False
B003399,False,False
B003400,False,False
B003401,False,False
B003402,False,False
B003403,False,False
B003404,False,False
B003405,False,False
B003406,False,False
B003407,False,False
B003408,False,False
B003409,False,False
B003410,False,False
B003411,False,False
B003412,False,False
B003413,False,False
B003414,False,False
B003415,False,False
B003416,False,False
B003417,False,False
B003418,False,False
B003419,False,False
B003420,False,False
B003421,False,False
B003422,False,False
B003423,False,False
B003424,False,False
B003425,False,False
B003426,False,False
B003427,False,False
B003428,False,False
B003429,False,False
B003430,False,False
B003431,False,False
B003432,False,False
B003433,False,False
B003434,False,False
B003435,False,False
B003436,False,False
B003437,False,False
B003438,False,False
B003439,False,False
B003440,False,False
B003441,False,False
B003442,False,False
B003443,False,False
B003444,False,False
B003445,False,False
B003446,False,False
B003447,False,False
B003448,False,False
B003449,False,False
B003450,False,False
B003451,False,False
B003452,False,False
B003453,False,False
B003454,False,False
B003455,False,False
B003456,False,False
B003457,False,False
B003458,False,False
B003459,False,False
B003460,False,False
B003461,False,False
B003462,False,False
B003463,False,False
B003464,False,False
B003465,False,False
B003466,False,False
B003467,False,False
B003468,False,False
B003469,False,False
B003470,False,False
B003471,False,False
B003472,False,False
B003473,False,False
B003474,False,False
B003475,False,False
B003476,False,False
B003477,False,False
B003478,False,False
B003479,False,False
B003480,False,False
B003481,False,False
B003482,False,False
B003483,False,False
B003484,False,False
B003485,False,False
B003486,False,False
B003487,False,False
B003488,False,False
B003489,False,False
B003490,False,False
B003491,False,False
B003492,False,False
B003493,False,False
B003494,False,False
B003495,False,False
B003496,False,False
B003497,False,False
B003498,False,False
B003499,False,False
B003500,False,False
B003501,False,False
B003502,False,False
B003503,False,False
B003504,False,False
B003505,False,False
B003506,False,False
B003507,False,False
B003508,False,False
B003509,False,False
B003510,False,False
B003511,False,False
B003512,False,False
B003513,False,False
B003514,False,False
B003515,False,False
B003516,False,False
B003517,False,False
B003518,False,False
B003519,False,False
B003520,False,False
B003521,False,False
B003522,False,False
B003523,False,False
B003524,False,False
B003525,False,False
B003526,False,False
B003527,False,False
B003528,False,False
B003529,False,False
B003530,False,False
B003531,False,False
B003532,False,False
B003533,False,False
B003534,False,False
B003535,False,False
B003536,False,False
B003537,False,False
B003538,False,False
B003539,False,False
B003540,False,False
B003541,False,False
B003542,False,False
B003543,False,False
B003544,False,False
B003545,False,False
B003546,False,False
B003547,False,False
B003548,False,False
B003549,False,False
B003550,False,False
B003551,False,False
B003552,False,False
B003553,False,False
B003554,False,False
B003555,False,False
B003556,False,False
B003557,False,False
B003558,False,False
B003559,False,False
B003560,False,False
B003561,False,False
B003562,False,False
B003563,False,False
B003564,False,False
B003565,False,False
B003566,False,False
B003567,False,False
B003568,False,False
B003569,False,False
B003570,False,False
B003571,False,False
B003572,False,False
B003573,False,False
B003574,False,False
B003575,False,False
B003576,False,False
B003577,False,False
B003578,False,False
B003579,False,False
B003580,False,False
B003581,False,False
B003582,False,False
B003583,False,False
B003584,False,False
B003585,False,False
B003586,False,False
B003587,False,False
B003588,False,False
B003589,False,False
B003590,False,False
B003591,False,False
B003592,False,False
B003593,False,False
B003594,False,False
B003595,False,False
B003596,False,False
B003597,False,False
B003598,False,False
B003599,False,False
B003600,False,False
B003601,False,False
B003602,False,False
B003603,False,False
B003604,False,False
B003605,False,False
B003606,False,False
B003607,False,False
B003608,False,False
B003609,False,False
B003610,False,False
B003611,False,False
B003612,False,False
B003613,False,False
B003614,False,False
B003615,False,False
B003616,False,False
B003617,False,False
B003618,False,False
B003619,False,False
B003620,False,False
B003621,False,False
B003622,False,False
B003623,False,False
B003624,False,False
B003625,False,False
B003626,False,False
B003627,False,False
B003628,False,False
B003629,False,False
B003630,False,False
B003631,False,False
B003632,False,False
B003633,False,False
B003634,False,False
B003635,False,False
B003636,False,False
B003637,False,False
B003638,False,False
B003639,False,False
B003640,False,False
B003641,False,False
B003642,False,False
B003643,False,False
B003644,False,False
B003645,False,False
B003646,False,False
B003647,False,False
B003648,False,False
B003649,False,False
B003650,False,False
B003651,False,False
B003652,False,False
B003653,False,False
B003654,False,False
B003655,False,False
B003656,False,False
B003657,False,False
B003658,False,False
B003659,False,False
B003660,False,False
B003661,False,False
B003662,False,False
B003663,False,False
B003664,False,False
B003665,False,False
B003666,False,False
B003667,False,False
B003668,False,False
B003669,False,False
B003670,False,False
B003671,False,False
B003672,False,False
B003673,False,False
B003674,False,False
B003675,False,False
B003676,False,False
B003677,False,False
B003678,False,False
B003679,False,False
B003680,False,False
B003681,False,False
B003682,False,False
B003683,False,False
B003684,False,False
B003685,False,False
B003686,False,False
B003687,False,False
B003688,False,False
B003689,False,False
B003690,False,False
B003691,False,False
B003692,False,False
B003693,False,False
B003694,False,False
B003695,False,False
B003696,False,False
B003697,False,False
B003698,False,False
B003699,False,False
B003700,False,False
B003701,False,False
B003702,False,False
B003703,False,False
B003704,False,False
B003705,False,False
B003706,False,False
B003707,False,False
B003708,False,False
B003709,False,False
B003710,False,False
B003711,False,False
B003712,False,False
B003713,False,False
B003714,False,False
B003715,False,False
B003716,False,False
B003717,False,False
B003718,False,False
B003719,False,False
B003720,False,False
B003721,False,False
B003722,False,False
B003723,False,False
B003724,False,False
B003725,False,False
B003726,False,False
B003727,False,False
B003728,False,False
B003729,False,False
B003730,False,False
B003731,False,False
B003732,False,False
B003733,False,False
B003734,False,False
B003735,False,False
B003736,False,False
B003737,False,False
B003738,False,False
B003739,False,False
B003740,False,False
B003741,False,False
B003742,False,False
B003743,False,False
B003744,False,False
B003745,False,False
B003746,False,False
B003747,False,False
B003748,False,False
B003749,False,False
B003750,False,False
B003751,False,False
B003752,False,False
B003753,False,False
B003754,False,False
B003755,False,False
B003756,False,False
B003757,False,False
B003758,False,False
B003759,False,False
B003760,False,False
B003761,False,False
B003762,False,False
B003763,False,False
B003764,False,False
B003765,False,False
B003766,False,False
B003767,False,False
B003768,False,False
B003769,False,False
B003770,False,False
B003771,False,False
B003772,False,False
B003773,False,False
B003774,False,False
B003775,False,False
B003776,False,False
B003777,False,False
B003778,False,False
B003779,False,False
B003780,False,False
B003781,False,False
B003782,False,False
B003783,False,False
B003784,False,False
B003785,False,False
B003786,False,False
B003787,False,False
B003788,False,False
B003789,False,False
B003790,False,False
B003791,False,False
B003792,False,False
B003793,False,False
B003794,False,False
B003795,False,False
B003796,False,False
B003797,False,False
B003798,False,False
B003799,False,False
B003800,False,False
B003801,False,False
B003802,False,False
B003803,False,False
B003804,False,False
B003805,False,False
B003806,False,False
B003807,False,False
B003808,False,False
B003809,False,False
B003810,False,False
B003811,False,False
B003812,False,False
B003813,False,False
B003814,False,False
B003815,False,False
B003816,False,False
B003817,False,False
B003818,False,False
B003819,False,False
B003820,False,False
B003821,False,False
B003822,False,False
B003823,False,False
B003824,False,False
B003825,False,False
B003826,False,False
B003827,False,False
B003828,False,False
B003829,False,False
B003830,False,False
B003831,False,False
B003832,False,False
B003833,False,False
B003834,False,False
B003835,False,False
B003836,False,False
B003837,False,False
B003838,False,False
B003839,False,False
B003840,False,False
B003841,False,False
B003842,False,False
B003843,False,False
B003844,False,False
B003845,False,False
B003846,False,False
B003847,False,False
B003848,False,False
B003849,False,False
B003850,False,False
B003851,False,False
B003852,False,False
B003853,False,False
B003854,False,False
B003855,False,False
B003856,False,False
B003857,False,False
B003858,False,False
B003859,False,False
B003860,False,False
B003861,False,False
B003862,False,False
B003863,False,False
B003864,False,False
B003865,False,False
B003866,False,False
B003867,False,False
B003868,False,False
B003869,False,False
B003870,False,False
B003871,False,False
B003872,False,False
B003873,False,False
B003874,False,False
B003875,False,False
B003876,False,False
B003877,False,False
B003878,False,False
B003879,False,False
B003880,False,False
B003881,False,False
B003882,False,False
B003883,False,False
B003884,False,False
B003885,False,False
B003886,False,False
B003887,False,False
B003888,False,False
B003889,False,False
B003890,False,False
B003891,False,False
B003892,False,False
B003893,False,False
B003894,False,False
B003895,False,False
B003896,False,False
B003897,False,False
B003898,False,False
B003899,False,False
B003900,False,False
B003901,False,False
B003902,False,False
B003903,False,False
B003904,False,False
B003905,False,False
B003906,False,False
B003907,False,False
B003908,False,False
B003909,False,False
B003910,False,False
B003911,False,False
B003912,False,False
B003913,False,False
B003914,False,False
B003915,False,False
B003916,False,False
B003917,False,False
B003918,False,False
B003919,False,False
B003920,False,False
B003921,False,False
B003922,False,False
B003923,False,False
B003924,False,False
B003925,False,False
B003926,False,False
B003927,False,False
B003928,False,False
B003929,False,False
B003930,False,False
B003931,False,False
B003932,False,False
B003933,False,False
B003934,False,False
B003935,False,False
B003936,False,False
B003937,False,False
B003938,False,False
B003939,False,False
B003940,False,False
B003941,False,False
B003942,False,False
B003943,False,False
B003944,False,False
B003945,False,False
B003946,False,False
B003947,False,False
B003948,False,False
B003949,False,False
B003950,False,False
B003951,False,False
B003952,False,False
B003953,False,False
B003954,False,False
B003955,False,False
B003956,False,False
B003957,False,False
B003958,False,False
B003959,False,False
B003960,False,False
B003961,False,False
B003962,False,False
B003963,False,False
B003964,False,False
B003965,False,False
B003966,False,False
B003967,False,False
B003968,False,False
B003969,False,False
B003970,False,False
B003971,False,False
B003972,False,False
B003973,False,False
B003974,False,False
B003975,False,False
B003976,False,False
B003977,False,False
B003978,False,False
B003979,False,False
B003980,False,False
B003981,False,False
B003982,False,False
B003983,False,False
B003984,False,False
B003985,False,False
B003986,False,False
B003987,False,False
B003988,False,False
B003989,False,False
B003990,False,False
B003991,False,False
B003992,False,False
B003993,False,False
B003994,False,False
B003995,False,False
B003996,False,False
B003997,False,False
B003998,False,False
B003999,False,False
B004000,False,False
B004001,False,False
B004002,False,False
B004003,False,False
B004004,False,False
B004005,False,False
B004006,False,False
B004007,False,False
B004008,False,False
B004009,False,False
B004010,False,False
B004011,False,False
B004012,False,False
B004013,False,False
B004014,False,False
B004015,False,False
B004016,False,False
B004017,False,False
B004018,False,False
B004019,False,False
B004020,False,False
B004021,False,False
B004022,False,False
B004023,False,False
B004024,False,False
B004025,False,False
B004026,False,False
B004027,False,False
B004028,False,False
B004029,False,False
B004030,False,False
B004031,False,False
B004032,False,False
B004033,False,False
B004034,False,False
B004035,False,False
B004036,False,False
B004037,False,False
B004038,False,False
B004039,False,False
B004040,False,False
B004041,False,False
B004042,False,False
B004043,False,False
B004044,False,False
B004045,False,False
B004046,False,False
B004047,False,False
B004048,False,False
B004049,False,False
B004050,False,False
B004051,False,False
B004052,False,False
B004053,False,False
B004054,False,False
B004055,False,False
B004056,False,False
B004057,False,False
B004058,False,False
B004059,False,False
B004060,False,False
B004061,False,False
B004062,False,False
B004063,False,False
B004064,False,False
B004065,False,False
B004066,False,False
B004067,False,False
B004068,False,False
B004069,False,False
B004070,False,False
B004071,False,False
B004072,False,False
B004073,False,False
B004074,False,False
B004075,False,False
B004076,False,False
B004077,False,False
B004078,False,False
B004079,False,False
B004080,False,False
B004081,False,False
B004082,False,False
B004083,False,False
B004084,False,False
B004085,False,False
B004086,False,False
B004087,False,False
B004088,False,False
B004089,False,False
B004090,False,False
B004091,False,False
B004092,False,False
B004093,False,False
B004094,False,False
B004095,False,False
B004096,False,False
B004097,False,False
B004098,False,False
B004099,False,False
B004100,False,False
B004101,False,False
B004102,False,False
B004103,False,False
B004104,False,False
B004105,False,False
B004106,False,False
B004107,False,False
B004108,False,False
B004109,False,False
B004110,False,False
B004111,False,False
B004112,False,False
B004113,False,False
B004114,False,False
B004115,False,False
B004116,False,False
B004117,False,False
B004118,False,False
B004119,False,False
B004120,False,False
B004121,False,False
B004122,False,False
B004123,False,False
B004124,False,False
B004125,False,False
B004126,False,False
B004127,False,False
B004128,False,False
B004129,False,False
B004130,False,False
B004131,False,False
B004132,False,False
B004133,False,False
B004134,False,False
B004135,False,False
B004136,False,False
B004137,False,False
B004138,False,False
B004139,False,False
B004140,False,False
B004141,False,False
B004142,False,False
B004143,False,False
B004144,False,False
B004145,False,False
B004146,False,False
B004147,False,False
B004148,False,False
B004149,False,False
B004150,False,False
B004151,False,False
B004152,False,False
B004153,False,False
B004154,False,False
B004155,False,False
B004156,False,False
B004157,False,False
B004158,False,False
B004159,False,False
B004160,False,False
B004161,False,False
B004162,False,False
B004163,False,False
B004164,False,False
B004165,False,False
B004166,False,False
B004167,False,False
B004168,False,False
B004169,False,False
B004170,False,False
B004171,False,False
B004172,False,False
B004173,False,False
B004174,False,False
B004175,False,False
B004176,False,False
B004177,False,False
B004178,False,False
B004179,False,False
B004180,False,False
B004181,False,False
B004182,False,False
B004183,False,False
B004184,False,False
B004185,False,False
B004186,False,False
B004187,False,False
B004188,False,False
B004189,False,False
B004190,False,False
B004191,False,False
B004192,False,False
B004193,False,False
B004194,False,False
B004195,False,False
B004196,False,False
B004197,False,False
B004198,False,False
B004199,False,False
B004200,False,False
B004201,False,False
B004202,False,False
B004203,False,False
B004204,False,False
B004205,False,False
B004206,False,False
B004207,False,False
B004208,False,False
B004209,False,False
B004210,False,False
B004211,False,False
B004212,False,False
B004213,False,False
B004214,False,False
B004215,False,False
B004216,False,False
B004217,False,False
B004218,False,False
B004219,False,False
B004220,False,False
B004221,False,False
B004222,False,False
B004223,False,False
B004224,False,False
B004225,False,False
B004226,False,False
B004227,False,False
B004228,False,False
B004229,False,False
B004230,False,False
B004231,False,False
B004232,False,False
B004233,False,False
B004234,False,False
B004235,False,False
B004236,False,False
B004237,False,False
B004238,False,False
B004239,False,False
B004240,False,False
B004241,False,False
B004242,False,False
B004243,False,False
B004244,False,False
B004245,False,False
B004246,False,False
B004247,False,False
B004248,False,False
B004249,False,False
B004250,False,False
B004251,False,False
B004252,False,False
B004253,False,False
B004254,False,False
B004255,False,False
B004256,False,False
B004257,False,False
B004258,False,False
B004259,False,False
B004260,False,False
B004261,False,False
B004262,False,False
B004263,False,False
B004264,False,False
B004265,False,False
B004266,False,False
B004267,False,False
B004268,False,False
B004269,False,False
B004270,False,False
B004271,False,False
B004272,False,False
B004273,False,False
B004274,False,False
B004275,False,False
B004276,False,False
B004277,False,False
B004278,False,False
B004279,False,False
B004280,False,False
B004281,False,False
B004282,False,False
B004283,False,False
B004284,False,False
B004285,False,False
B004286,False,False
B004287,False,False
B004288,False,False
B004289,False,False
B004290,False,False
B004291,False,False
B004292,False,False
B004293,False,False
B004294,False,False
B004295,False,False
B004296,False,False
B004297,False,False
B004298,False,False
B004299,False,False
B004300,False,False
B004301,False,False
B004302,False,False
B004303,False,False
B004304,False,False
B004305,False,False
B004306,False,False
B004307,False,False
B004308,False,False
B004309,False,False
B004310,False,False
B004311,False,False
B004312,False,False
B004313,False,False
B004314,False,False
B004315,False,False
B004316,False,False
B004317,False,False
B004318,False,False
B004319,False,False
B004320,False,False
B004321,False,False
B004322,False,False
B004323,False,False
B004324,False,False
B004325,False,False
B004326,False,False
B004327,False,False
B004328,False,False
B004329,False,False
B004330,False,False
B004331,False,False
B004332,False,False
B004333,False,False
B004334,False,False
B004335,False,False
B004336,False,False
B004337,False,False
B004338,False,False
B004339,False,False
B004340,False,False
B004341,False,False
B004342,False,False
B004343,False,False
B004344,False,False
B004345,False,False
B004346,False,False
B004347,False,False
B004348,False,False
B004349,False,False
B004350,False,False
B004351,False,False
B004352,False,False
B004353,False,False
B004354,False,False
B004355,False,False
B004356,False,False
B004357,False,False
B004358,False,False
B004359,False,False
B004360,False,False
B004361,False,False
B004362,False,False
B004363,False,False
B004364,False,False
B004365,False,False
B004366,False,False
B004367,False,False
B004368,False,False
B004369,False,False
B004370,False,False
B004371,False,False
B004372,False,False
B004373,False,False
B004374,False,False
B004375,False,False
B004376,False,False
B004377,False,False
B004378,False,False
B004379,False,False
B004380,False,False
B004381,False,False
B004382,False,False
B004383,False,False
B004384,False,False
B004385,False,False
B004386,False,False
B004387,False,False
B004388,False,False
B004389,False,False
B004390,False,False
B004391,False,False
B004392,False,False
B004393,False,False
B004394,False,False
B004395,False,False
B004396,False,False
B004397,False,False
B004398,False,False
B004399,False,False
B004400,False,False
B004401,False,False
B004402,False,False
B004403,False,False
B004404,False,False
B004405,False,False
B004406,False,False
B004407,False,False
B004408,False,False
B004409,False,False
B004410,False,False
B004411,False,False
B004412,False,False
B004413,False,False
B004414,False,False
B004415,False,False
B004416,False,False
B004417,False,False
B004418,False,False
B004419,False,False
B004420,False,False
B004421,False,False
B004422,False,False
B004423,False,False
B004424,False,False
B004425,False,False
B004426,False,False
B004427,False,False
B004428,False,False
B004429,False,False
B004430,False,False
B004431,False,False
B004432,False,False
B004433,False,False
B004434,False,False
B004435,False,False
B004436,False,False
B004437,False,False
B004438,False,False
B004439,False,False
B004440,False,False
B004441,False,False
B004442,False,False
B004443,False,False
B004444,False,False
B004445,False,False
B004446,False,False
B004447,False,False
B004448,False,False
B004449,False,False
B004450,False,False
B004451,False,False
B004452,False,False
B004453,False,False
B004454,False,False
B004455,False,False
B004456,False,False
B004457,False,False
B004458,False,False
B004459,False,False
B004460,False,False
B004461,False,False
B004462,False,False
B004463,False,False
B004464,False,False
B004465,False,False
B004466,False,False
B004467,False,False
B004468,False,False
B004469,False,False
B004470,False,False
B004471,False,False
B004472,False,False
B004473,False,False
B004474,False,False
B004475,False,False
B004476,False,False
B004477,False,False
B004478,False,False
B004479,False,False
B004480,False,False
B004481,False,False
B004482,False,False
B004483,False,False
B004484,False,False
B004485,False,False
B004486,False,False
B004487,False,False
B004488,False,False
B004489,False,False
B004490,False,False
B004491,False,False
B004492,False,False
B004493,False,False
B004494,False,False
B004495,False,False
B004496,False,False
B004497,False,False
B004498,False,False
B004499,False,False
B004500,False,False
B004501,False,False
B004502,False,False
B004503,False,False
B004504,False,False
B004505,False,False
B004506,False,False
B004507,False,False
B004508,False,False
B004509,False,False
B004510,False,False
B004511,False,False
B004512,False,False
B004513,False,False
B004514,False,False
B004515,False,False
B004516,False,False
B004517,False,False
B004518,False,False
B004519,False,False
B004520,False,False
B004521,False,False
B004522,False,False
B004523,False,False
B004524,False,False
B004525,False,False
B004526,False,False
B004527,False,False
B004528,False,False
B004529,False,False
B004530,False,False
B004531,False,False
B004532,False,False
B004533,False,False
B004534,False,False
B004535,False,False
B004536,False,False
B004537,False,False
B004538,False,False
B004539,False,False
B004540,False,False
B004541,False,False
B004542,False,False
B004543,False,False
B004544,False,False
B004545,False,False
B004546,False,False
B004547,False,False
B004548,False,False
B004549,False,False
B004550,False,False
B004551,False,False
B004552,False,False
B004553,False,False
B004554,False,False
B004555,False,False
B004556,False,False
B004557,False,False
B004558,False,False
B004559,False,False
B004560,False,False
B004561,False,False
B004562,False,False
B004563,False,False
B004564,False,False
B004565,False,False
B004566,False,False
B004567,False,False
B004568,False,False
B004569,False,False
B004570,False,False
B004571,False,False
B004572,False,False
B004573,False,False
B004574,False,False
B004575,False,False
B004576,False,False
B004577,False,False
B004578,False,False
B004579,False,False
B004580,False,False
B004581,False,False
B004582,False,False
B004583,False,False
B004584,False,False
B004585,False,False
B004586,False,False
B004587,False,False
B004588,False,False
B004589,False,False
B004590,False,False
B004591,False,False
B004592,False,False
B004593,False,False
B004594,False,False
B004595,False,False
B004596,False,False
B004597,False,False
B004598,False,False
B004599,False,False
B004600,False,False
B004601,False,False
B004602,False,False
B004603,False,False
B004604,False,False
B004605,False,False
B004606,False,False
B004607,False,False
B004608,False,False
B004609,False,False
B004610,False,False
B004611,False,False
B004612,False,False
B004613,False,False
B004614,False,False
B004615,False,False
B004616,False,False
B004617,False,False
B004618,False,False
B004619,False,False
B004620,False,False
B004621,False,False
B004622,False,False
B004623,False,False
B004624,False,False
B004625,False,False
B004626,False,False
B004627,False,False
B004628,False,False
B004629,False,False
B004630,False,False
B004631,False,False
B004632,False,False
B004633,False,False
B004634,False,False
B004635,False,False
B004636,False,False
B004637,False,False
B004638,False,False
B004639,False,False
B004640,False,False
B004641,False,False
B004642,False,False
B004643,False,False
B004644,False,False
B004645,False,False
B004646,False,False
B004647,False,False
B004648,False,False
B004649,False,False
B004650,False,False
B004651,False,False
B004652,False,False
B004653,False,False
B004654,False,False
B004655,False,False
B004656,False,False
B004657,False,False
B004658,False,False
B004659,False,False
B004660,False,False
B004661,False,False
B004662,False,False
B004663,False,False
B004664,False,False
B004665,False,False
B004666,False,False
B004667,False,False
B004668,False,False
B004669,False,False
B004670,False,False
B004671,False,False
B004672,False,False
B004673,False,False
B004674,False,False
B004675,False,False
B004676,False,False
B004677,False,False
B004678,False,False
B004679,False,False
B004680,False,False
B004681,False,False
B004682,False,False
B004683,False,False
B004684,False,False
B004685,False,False
B004686,False,False
B004687,False,False
B004688,False,False
B004689,False,False
B004690,False,False
B004691,False,False
B004692,False,False
B004693,False,False
B004694,False,False
B004695,False,False
B004696,False,False
B004697,False,False
B004698,False,False
B004699,False,False
B004700,False,False
B004701,False,False
B004702,False,False
B004703,False,False
B004704,False,False
B004705,False,False
B004706,False,False
B004707,False,False
B004708,False,False
B004709,False,False
B004710,False,False
B004711,False,False
B004712,False,False
B004713,False,False
B004714,False,False
B004715,False,False
B004716,False,False
B004717,False,False
B004718,False,False
B004719,False,False
B004720,False,False
B004721,False,False
B004722,False,False
B004723,False,False
B004724,False,False
B004725,False,False
B004726,False,False
B004727,False,False
B004728,False,False
B004729,False,False
B004730,False,False
B004731,False,False
B004732,False,False
B004733,False,False
B004734,False,False
B004735,False,False
B004736,False,False
B004737,False,False
B004738,False,False
B004739,False,False
B004740,False,False
B004741,False,False
B004742,False,False
B004743,False,False
B004744,False,False
B004745,False,False
B004746,False,False
B004747,False,False
B004748,False,False
B004749,False,False
B004750,False,False
B004751,False,False
B004752,False,False
B004753,False,False
B004754,False,False
B004755,False,False
B004756,False,False
B004757,False,False
B004758,False,False
B004759,False,False
B004760,False,False
B004761,False,False
B004762,False,False
B004763,False,False
B004764,False,False
B004765,False,False
B004766,False,False
B004767,False,False
B004768,False,False
B004769,False,False
B004770,False,False
B004771,False,False
B004772,False,False
B004773,False,False
B004774,False,False
B004775,False,False
B004776,False,False
B004777,False,False
B004778,False,False
B004779,False,False
B004780,False,False
B004781,False,False
B004782,False,False
B004783,False,False
B004784,False,False
B004785,False,False
B004786,False,False
B004787,False,False
B004788,False,False
B004789,False,False
B004790,False,False
B004791,False,False
B004792,False,False
B004793,False,False
B004794,False,False
B004795,False,False
B004796,False,False
B004797,False,False
B004798,False,False
B004799,False,False
B004800,False,False
B004801,False,False
B004802,False,False
B004803,False,False
B004804,False,False
B004805,False,False
B004806,False,False
B004807,False,False
B004808,False,False
B004809,False,False
B004810,False,False
B004811,False,False
B004812,False,False
B004813,False,False
B004814,False,False
B004815,False,False
B004816,False,False
B004817,False,False
B004818,False,False
B004819,False,False
B004820,False,False
B004821,False,False
B004822,False,False
B004823,False,False
B004824,False,False
B004825,False,False
B004826,False,False
B004827,False,False
B004828,False,False
B004829,False,False
B004830,False,False
B004831,False,False
B004832,False,False
B004833,False,False
B004834,False,False
B004835,False,False
B004836,False,False
B004837,False,False
B004838,False,False
B004839,False,False
B004840,False,False
B004841,False,False
B004842,False,False
B004843,False,False
B004844,False,False
B004845,False,False
B004846,False,False
B004847,False,False
B004848,False,False
B004849,False,False
B004850,False,False
B004851,False,False
B004852,False,False
B004853,False,False
B004854,False,False
B004855,False,False
B004856,False,False
B004857,False,False
B004858,False,False
B004859,False,False
B004860,False,False
B004861,False,False
B004862,False,False
B004863,False,False
B004864,False,False
B004865,False,False
B004866,False,False
B004867,False,False
B004868,False,False
B004869,False,False
B004870,False,False
B004871,False,False
B004872,False,False
B004873,False,False
B004874,False,False
B004875,False,False
B004876,False,False
B004877,False,False
B004878,False,False
B004879,False,False
B004880,False,False
B004881,False,False
B004882,False,False
B004883,False,False
B004884,False,False
B004885,False,False
B004886,False,False
B004887,False,False
B004888,False,False
B004889,False,False
B004890,False,False
B004891,False,False
B004892,False,False
B004893,False,False
B004894,False,False
B004895,False,False
B004896,False,False
B004897,False,False
B004898,False,False
B004899,False,False
B004900,False,False
B004901,False,False
B004902,False,False
B004903,False,False
B004904,False,False
B004905,False,False
B004906,False,False
B004907,False,False
B004908,False,False
B004909,False,False
B004910,False,False
B004911,False,False
B004912,False,False
B004913,False,False
B004914,False,False
B004915,False,False
B004916,False,False
B004917,False,False
B004918,False,False
B004919,False,False
B004920,False,False
B004921,False,False
B004922,False,False
B004923,False,False
B004924,False,False
B004925,False,False
B004926,False,False
B004927,False,False
B004928,False,False
B004929,False,False
B004930,False,False
B004931,False,False
B004932,False,False
B004933,False,False
B004934,False,False
B004935,False,False
B004936,False,False
B004937,False,False
B004938,False,False
B004939,False,False
B004940,False,False
B004941,False,False
B004942,False,False
B004943,False,False
B004944,False,False
B004945,False,False
B004946,False,False
B004947,False,False
B004948,False,False
B004949,False,False
B004950,False,False
B004951,False,False
B004952,False,False
B004953,False,False
B004954,False,False
B004955,False,False
B004956,False,False
B004957,False,False
B004958,False,False
B004959,False,False
B004960,False,False
B004961,False,False
B004962,False,False
B004963,False,False
B004964,False,False
B004965,False,False
B004966,False,False
B004967,False,False
B004968,False,False
B004969,False,False
B004970,False,False
B004971,False,False
B004972,False,False
B004973,False,False
B004974,False,False
B004975,False,False
B004976,False,False
B004977,False,False
B004978,False,False
B004979,False,False
B004980,False,False
B004981,False,False
B004982,False,False
B004983,False,False
B004984,False,False
B004985,False,False
B004986,False,False
B004987,False,False
B004988,False,False
B004989,False,False
B004990,False,False
B004991,False,False
B004992,False,False
B004993,False,False
B004994,False,False
B004995,False,False
B004996,False,False
B004997,False,False
B004998,False,False
B004999,False,False
B005000,False,False
B005001,False,False
B005002,False,False
B005003,False,False
B005004,False,False
B005005,False,False
B005006,False,False
B005007,False,False
B005008,False,False
B005009,False,False
B005010,False,False
B005011,False,False
B005012,False,False
B005013,False,False
B005014,False,False
B005015,False,False
B005016,False,False
B005017,False,False
B005018,False,False
B005019,False,False
B005020,False,False
B005021,False,False
B005022,False,False
B005023,False,False
B005024,False,False
B005025,False,False
B005026,False,False
B005027,False,False
B005028,False,False
B005029,False,False
B005030,False,False
B005031,False,False
B005032,False,False
B005033,False,False
B005034,False,False
B005035,False,False
B005036,False,False
B005037,False,False
B005038,False,False
B005039,False,False
B005040,False,False
B005041,False,False
B005042,False,False
B005043,False,False
B005044,False,False
B005045,False,False
B005046,False,False
B005047,False,False
B005048,False,False
B005049,False,False
B005050,False,False
B005051,False,False
B005052,False,False
B005053,False,False
B005054,False,False
B005055,False,False
B005056,False,False
B005057,False,False
B005058,False,False
B005059,False,False
B005060,False,False
B005061,False,False
B005062,False,False
B005063,False,False
B005064,False,False
B005065,False,False
B005066,False,False
B005067,False,False
B005068,False,False
B005069,False,False
B005070,False,False
B005071,False,False
B005072,False,False
B005073,False,False
B005074,False,False
B005075,False,False
B005076,False,False
B005077,False,False
B005078,False,False
B005079,False,False
B005080,False,False
B005081,False,False
B005082,False,False
B005083,False,False
B005084,False,False
B005085,False,False
B005086,False,False
B005087,False,False
B005088,False,False
B005089,False,False
B005090,False,False
B005091,False,False
B005092,False,False
B005093,False,False
B005094,False,False
B005095,False,False
B005096,False,False
B005097,False,False
B005098,False,False
B005099,False,False
B005100,False,False
B005101,False,False
B005102,False,False
B005103,False,False
B005104,False,False
B005105,False,False
B005106,False,False
B005107,False,False
B005108,False,False
B005109,False,False
B005110,False,False
B005111,False,False
B005112,False,False
B005113,False,False
B005114,False,False
B005115,False,False
B005116,False,False
B005117,False,False
B005118,False,False
B005119,False,False
B005120,False,False
B005121,False,False
B005122,False,False
B005123,False,False
B005124,False,False
B005125,False,False
B005126,False,False
B005127,False,False
B005128,False,False
B005129,False,False
B005130,False,False
B005131,False,False
B005132,False,False
B005133,False,False
B005134,False,False
B005135,False,False
B005136,False,False
B005137,False,False
B005138,False,False
B005139,False,False
B005140,False,False
B005141,False,False
B005142,False,False
B005143,False,False
B005144,False,False
B005145,False,False
B005146,False,False
B005147,False,False
B005148,False,False
B005149,False,False
B005150,False,False
B005151,False,False
B005152,False,False
B005153,False,False
B005154,False,False
B005155,False,False
B005156,False,False
B005157,False,False
B005158,False,False
B005159,False,False
B005160,False,False
B005161,False,False
B005162,False,False
B005163,False,False
B005164,False,False
B005165,False,False
B005166,False,False
B005167,False,False
B005168,False,False
B005169,False,False
B005170,False,False
B005171,False,False
B005172,False,False
B005173,False,False
B005174,False,False
B005175,False,False
B005176,False,False
B005177,False,False
B005178,False,False
B005179,False,False
B005180,False,False
B005181,False,False
B005182,False,False
B005183,False,False
B005184,False,False
B005185,False,False
B005186,False,False
B005187,False,False
B005188,False,False
B005189,False,False
B005190,False,False
B005191,False,False
B005192,False,False
B005193,False,False
B005194,False,False
B005195,False,False
B005196,False,False
B005197,False,False
B005198,False,False
B005199,False,False
B005200,False,False
B005201,False,False
B005202,False,False
B005203,False,False
B005204,False,False
B005205,False,False
B005206,False,False
B005207,False,False
B005208,False,False
B005209,False,False
B005210,False,False
B005211,False,False
B005212,False,False
B005213,False,False
B005214,False,False
B005215,False,False
B005216,False,False
B005217,False,False
B005218,False,False
B005219,False,False
B005220,False,False
B005221,False,False
B005222,False,False
B005223,False,False
B005224,False,False
B005225,False,False
B005226,False,False
B005227,False,False
B005228,False,False
B005229,False,False
B005230,False,False
B005231,False,False
B005232,False,False
B005233,False,False
B005234,False,False
B005235,False,False
B005236,False,False
B005237,False,False
B005238,False,False
B005239,False,False
B005240,False,False
B005241,False,False
B005242,False,False
B005243,False,False
B005244,False,False
B005245,False,False
B005246,False,False
B005247,False,False
B005248,False,False
B005249,False,False
B005250,False,False
B005251,False,False
B005252,False,False
B005253,False,False
B005254,False,False
B005255,False,False
B005256,False,False
B005257,False,False
B005258,False,False
B005259,False,False
B005260,False,False
B005261,False,False
B005262,False,False
B005263,False,False
B005264,False,False
B005265,False,False
B005266,False,False
B005267,False,False
B005268,False,False
B005269,False,False
B005270,False,False
B005271,False,False
B005272,False,False
B005273,False,False
B005274,False,False
B005275,False,False
B005276,False,False
B005277,False,False
B005278,False,False
B005279,False,False
B005280,False,False
B005281,False,False
B005282,False,False
B005283,False,False
B005284,False,False
B005285,False,False
B005286,False,False
B005287,False,False
B005288,False,False
B005289,False,False
B005290,False,False
B005291,False,False
B005292,False,False
B005293,False,False
B005294,False,False
B005295,False,False
B005296,False,False
B005297,False,False
B005298,False,False
B005299,False,False
B005300,False,False
B005301,False,False
B005302,False,False
B005303,False,False
B005304,False,False
B005305,False,False
B005306,False,False
B005307,False,False
B005308,False,False
B005309,False,False
B005310,False,False
B005311,False,False
B005312,False,False
B005313,False,False
B005314,False,False
B005315,False,False
B005316,False,False
B005317,False,False
B005318,False,False
B005319,False,False
B005320,False,False
B005321,False,False
B005322,False,False
B005323,False,False
B005324,False,False
B005325,False,False
B005326,False,False
B005327,False,False
B005328,False,False
B005329,False,False
B005330,False,False
B005331,False,False
B005332,False,False
B005333,False,False
B005334,False,False
B005335,False,False
B005336,False,False
B005337,False,False
B005338,False,False
B005339,False,False
B005340,False,False
B005341,False,False
B005342,False,False
B005343,False,False
B005344,False,False
B005345,False,False
B005346,False,False
B005347,False,False
B005348,False,False
B005349,False,False
B005350,False,False
B005351,False,False
B005352,False,False
B005353,False,False
B005354,False,False
B005355,False,False
B005356,False,False
B005357,False,False
B005358,False,False
B005359,False,False
B005360,False,False
B005361,False,False
B005362,False,False
B005363,False,False
B005364,False,False
B005365,False,False
B005366,False,False
B005367,False,False
B005368,False,False
B005369,False,False
B005370,False,False
B005371,False,False
B005372,False,False
B005373,False,False
B005374,False,False
B005375,False,False
B005376,False,False
B005377,False,False
B005378,False,False
B005379,False,False
B005380,False,False
B005381,False,False
B005382,False,False
B005383,False,False
B005384,False,False
B005385,False,False
B005386,False,False
B005387,False,False
B005388,False,False
B005389,False,False
B005390,False,False
B005391,False,False
B005392,False,False
B005393,False,False
B005394,False,False
B005395,False,False
B005396,False,False
B005397,False,False
B005398,False,False
B005399,False,False
B005400,False,False
B005401,False,False
B005402,False,False
B005403,False,False
B005404,False,False
B005405,False,False
B005406,False,False
B005407,False,False
B005408,False,False
B005409,False,False
B005410,False,False
B005411,False,False
B005412,False,False
B005413,False,False
B005414,False,False
B005415,False,False
B005416,False,False
B005417,False,False
B005418,False,False
B005419,False,False
B005420,False,False
B005421,False,False
B005422,False,False
B005423,False,False
B005424,False,False
B005425,False,False
B005426,False,False
B005427,False,False
B005428,False,False
B005429,False,False
B005430,False,False
B005431,False,False
B005432,False,False
B005433,False,False
B005434,False,False
B005435,False,False
B005436,False,False
B005437,False,False
B005438,False,False
B005439,False,False
B005440,False,False
B005441,False,False
B005442,False,False
B005443,False,False
B005444,False,False
B005445,False,False
B005446,False,False
B005447,False,False
B005448,False,False
B005449,False,False
B005450,False,False
B005451,False,False
B005452,False,False
B005453,False,False
B005454,False,False
B005455,False,False
B005456,False,False
B005457,False,False
B005458,False,False
B005459,False,False
B005460,False,False
B005461,False,False
B005462,False,False
B005463,False,False
B005464,False,False
B005465,False,False
B005466,False,False
B005467,False,False
B005468,False,False
B005469,False,False
B005470,False,False
B005471,False,False
B005472,False,False
B005473,False,False
B005474,False,False
B005475,False,False
B005476,False,False
B005477,False,False
B005478,False,False
B005479,False,False
B005480,False,False
B005481,False,False
B005482,False,False
B005483,False,False
B005484,False,False
B005485,False,False
B005486,False,False
B005487,False,False
B005488,False,False
B005489,False,False
B005490,False,False
B005491,False,False
B005492,False,False
B005493,False,False
B005494,False,False
B005495,False,False
B005496,False,False
B005497,False,False
B005498,False,False
B005499,False,False
B005500,False,False
B005501,False,False
B005502,False,False
B005503,False,False
B005504,False,False
B005505,False,False
B005506,False,False
B005507,False,False
B005508,False,False
B005509,False,False
B005510,False,False
B005511,False,False
B005512,False,False
B005513,False,False
B005514,False,False
B005515,False,False
B005516,False,False
B005517,False,False
B005518,False,False
B005519,False,False
B005520,False,False
B005521,False,False
B005522,False,False
B005523,False,False
B005524,False,False
B005525,False,False
B005526,False,False
B005527,False,False
B005528,False,False
B005529,False,False
B005530,False,False
B005531,False,False
B005532,False,False
B005533,False,False
B005534,False,False
B005535,False,False
B005536,False,False
B005537,False,False
B005538,False,False
B005539,False,False
B005540,False,False
B005541,False,False
B005542,False,False
B005543,False,False
B005544,False,False
B005545,False,False
B005546,False,False
B005547,False,False
B005548,False,False
B005549,False,False
B005550,False,False
B005551,False,False
B005552,False,False
B005553,False,False
B005554,False,False
B005555,False,False
B005556,False,False
B005557,True,False
B005558,True,False
B005559,True,False
B005560,True,False
B005561,False,True
B005562,True,False
B005563,False,True
B005564,True,False
B005565,False,True
B005566,True,False
B005567,False,True
B005568,True,False
B005569,False,True
B005570,True,False
B005571,False,True
B005572,True,False
B005573,False,True
B005574,True,False
B005575,True,False
B005576,True,False
B005577,False,True
B005578,True,False
B005579,False,True
B005580,True,False
B005581,False,True
B005582,True,False
B005583,False,True
B005584,True,False
B005585,True,False
B005586,False,True
B005587,True,False
B005588,False,True
B005589,True,False
B005590,False,True
B005591,True,False
B005592,False,True
B005593,True,False
B005594,True,False
B005595,True,False
B005596,False,True
B005597,True,False
B005598,True,False
B005599,False,True
B005600,True,False
B005601,True,False
B005602,True,False
B005603,True,False
B005604,False,True
B005605,True,False
B005606,False,True
B005607,True,False
B005608,True,False
B005609,True,False
B005610,False,True
B005611,True,False
B005612,False,True
B005613,True,False
B005614,False,True
B005615,True,False
B005616,False,True
B005617,True,False
B005618,False,True
B005619,True,False
B005620,False,True
B005621,True,False
B005622,False,True
B005623,True,False
B005624,True,False
B005625,False,True
B005626,True,False
B005627,False,True
B005628,True,False
B005629,True,False
B005630,False,True
B005631,True,False
B005632,False,True
B005633,True,False
B005634,True,False
B005635,True,False
B005636,True,False
B005637,True,False
B005638,False,True
B005639,True,False
B005640,True,False
B005641,False,True
B005642,True,False
B005643,True,False
B005644,False,True
B005645,True,False
B005646,False,True
B005647,True,False
B005648,False,True
B005649,True,False
B005650,False,True
B005651,True,False
B005652,False,True
B005653,True,False
B005654,True,False
B005655,False,True
B005656,True,False
B005657,False,True
B005658,True,False
B005659,False,True
B005660,True,False
B005661,True,False
B005662,True,False
B005663,False,True
B005664,True,False
B005665,False,True
B005666,True,False
B005667,True,False
B005668,True,False
B005669,True,False
B005670,True,False
B005671,True,False
B005672,True,False
B005673,False,True
B005674,True,False
B005675,True,False
B005676,False,True
B005677,True,False
B005678,True,False
B005679,False,True
B005680,True,False
B005681,False,True
B005682,True,False
B005683,True,False
B005684,False,True
B005685,True,False
B005686,False,True
B005687,True,False
B005688,False,True
B005689,True,False
B005690,False,True
B005691,True,False
B005692,True,False
B005693,False,True
B005694,True,False
B005695,False,True
B005696,True,False
B005697,False,True
B005698,True,False
B005699,False,True
B005700,True,False
B005701,True,False
B005702,True,False
B005703,False,True
B005704,True,False
B005705,False,True
B005706,True,False
B005707,False,True
B005708,True,False
B005709,False,True
B005710,True,False
B005711,False,True
B005712,True,False
B005713,True,False
B005714,True,False
B005715,True,False
B005716,True,False
B005717,True,False
B005718,True,False
B005719,False,True
B005720,True,False
B005721,True,False
B005722,True,False
B005723,False,True
B005724,True,False
B005725,False,True
B005726,True,False
B005727,True,False
B005728,True,False
B005729,True,False
B005730,True,False
B005731,False,True
B005732,True,False
B005733,True,False
B005734,True,False
B005735,False,True
B005736,True,False
B005737,False,True
B005738,True,False
B005739,False,True
B005740,True,False
B005741,False,True
B005742,True,False
B005743,False,True
B005744,True,False
B005745,False,True
B005746,True,False
B005747,True,False
B005748,False,True
B005749,True,False
B005750,False,True
B005751,True,False
B005752,False,True
B005753,True,False
B005754,False,True
B005755,True,False
B005756,False,True
B005757,True,False
B005758,False,True
B005759,True,False
B005760,False,True
B005761,True,False
B005762,False,True
B005763,True,False
B005764,False,True
B005765,True,False
B005766,False,True
B005767,True,False
B005768,False,True
B005769,True,False
B005770,False,True
B005771,True,False
B005772,False,True
B005773,True,False
B005774,False,True
B005775,True,False
B005776,True,False
B005777,False,True
B005778,True,False
B005779,False,True
B005780,True,False
B005781,True,False
B005782,False,True
B005783,True,False
B005784,False,True
B005785,True,False
B005786,False,True
B005787,True,False
B005788,True,False
B005789,False,True
B005790,True,False
B005791,True,False
B005792,False,True
B005793,True,False
B005794,True,False
B005795,True,False
B005796,True,False
B005797,False,True
B005798,True,False
B005799,False,True
B005800,True,False
B005801,False,True
B005802,True,False
B005803,False,True
B005804,True,False
B005805,False,True
B005806,True,False
B005807,False,True
B005808,True,False
B005809,False,True
B005810,True,False
B005811,False,True
B005812,True,False
B005813,True,False
B005814,True,False
B005815,False,True
B005816,True,False
B005817,False,True
B005818,True,False
B005819,False,True
B005820,True,False
B005821,True,False
B005822,False,True
B005823,True,False
B005824,True,False
B005825,True,False
B005826,False,True
B005827,True,False
B005828,False,True
B005829,True,False
B005830,False,True
B005831,True,False
B005832,False,True
B005833,True,False
B005834,False,True
B005835,True,False
B005836,True,False
B005837,False,True
B005838,True,False
B005839,True,False
B005840,False,True
B005841,True,False
B005842,False,True
B005843,True,False
B005844,True,False
B005845,False,True
B005846,True,False
B005847,True,False
B005848,True,False
B005849,False,True
B005850,True,False
B005851,False,True
B005852,True,False
B005853,False,True
B005854,True,False
B005855,True,False
B005856,False,True
B005857,True,False
B005858,False,True
B005859,True,False
B005860,True,False
B005861,False,True
B005862,True,False
B005863,True,False
B005864,False,True
B005865,True,False
B005866,False,True
B005867,True,False
B005868,True,False
B005869,True,False
B005870,True,False
B005871,True,False
B005872,False,True
B005873,True,False
B005874,False,True
B005875,True,False
B005876,False,True
B005877,True,False
B005878,False,True
B005879,True,False
B005880,False,True
B005881,True,False
B005882,False,True
B005883,True,False
B005884,True,False
B005885,False,True
B005886,True,False
B005887,False,True
B005888,True,False
B005889,True,False
B005890,True,False
B005891,True,False
B005892,True,False
B005893,False,True
B005894,True,False
B005895,False,True
B005896,True,False
B005897,False,True
B005898,True,False
B005899,True,False
B005900,True,False
B005901,False,True
B005902,True,False
B005903,False,True
B005904,True,False
B005905,False,True
B005906,True,False
B005907,True,False
B005908,True,False
B005909,True,False
B005910,False,True
B005911,True,False
B005912,False,True
B005913,True,False
B005914,False,True
B005915,True,False
B005916,True,False
B005917,False,True
B005918,True,False
B005919,False,True
B005920,True,False
B005921,False,True
B005922,True,False
B005923,True,False
B005924,True,False
B005925,True,False
B005926,False,True
B005927,True,False
B005928,False,True
B005929,True,False
B005930,True,False
B005931,True,False
B005932,False,True
B005933,True,False
B005934,True,False
B005935,True,False
B005936,False,True
B005937,True,False
B005938,False,True
B005939,True,False
B005940,True,False
B005941,False,True
B005942,True,False
B005943,True,False
B005944,False,True
B005945,True,False
B005946,False,True
B005947,True,False
B005948,False,True
B005949,True,False
B005950,False,True
B005951,True,False
B005952,True,False
B005953,False,True
B005954,True,False
B005955,False,True
B005956,True,False
B005957,False,True
B005958,True,False
B005959,True,False
B005960,False,True
B005961,True,False
B005962,False,True
B005963,True,False
B005964,True,False
B005965,True,False
B005966,False,True
B005967,True,False
B005968,False,True
B005969,True,False
B005970,False,True
B005971,True,False
B005972,False,True
B005973,True,False
B005974,True,False
B005975,False,True
B005976,True,False
B005977,True,False
B005978,True,False
B005979,True,False
B005980,True,False
B005981,False,True
B005982,True,False
B005983,False,True
B005984,True,False
B005985,False,True
B005986,True,False
B005987,False,True
B005988,True,False
B005989,True,False
B005990,True,False
B005991,True,False
B005992,True,False
B005993,True,False
B005994,True,False
B005995,False,True
B005996,True,False
B005997,False,True
B005998,True,False
B005999,False,True
B006000,True,False
B006001,False,True
B006002,True,False
B006003,False,True
B006004,True,False
B006005,False,True
B006006,True,False
B006007,True,False
B006008,False,True
B006009,True,False
B006010,False,True
B006011,True,False
B006012,False,True
B006013,True,False
B006014,False,True
B006015,True,False
B006016,True,False
B006017,True,False
B006018,True,False
B006019,False,True
B006020,True,False
B006021,True,False
B006022,False,True
B006023,True,False
B006024,False,True
B006025,True,False
B006026,True,False
B006027,False,True
B006028,True,False
B006029,True,False
B006030,False,True
B006031,True,False
B006032,False,True
B006033,True,False
B006034,False,True
B006035,True,False
B006036,True,False
B006037,True,False
B006038,True,False
B006039,False,True
B006040,True,False
B006041,False,True
B006042,True,False
B006043,False,True
B006044,True,False
B006045,True,False
B006046,False,True
B006047,True,False
B006048,False,True
B006049,True,False
B006050,False,True
B006051,True,False
B006052,False,True
B006053,True,False
B006054,True,False
B006055,False,True
B006056,True,False
B006057,False,True
B006058,True,False
B006059,True,False
B006060,True,False
B006061,True,False
B006062,False,True
B006063,True,False
B006064,False,True
B006065,True,False
B006066,False,True
B006067,True,False
B006068,False,True
B006069,True,False
B006070,True,False
B006071,True,False
B006072,False,True
B006073,True,False
B006074,False,True
B006075,True,False
B006076,False,True
B006077,True,False
B006078,True,False
B006079,False,True
B006080,True,False
B006081,True,False
B006082,True,False
B006083,False,True
B006084,True,False
B006085,True,False
B006086,True,False
B006087,False,True
B006088,True,False
B006089,False,True
B006090,True,False
B006091,True,False
B006092,False,True
B006093,True,False
B006094,False,True
B006095,True,False
B006096,False,True
B006097,True,False
B006098,True,False
B006099,False,True
B006100,True,False
