patient_id,name,sex,dob,age_band,district,phone,preferred_language
P00001,Advik Maharaj,M,2008-08-14,12-17,Idukki,+91-00349-85891,ml
P00002,Isaac Dewan,M,1958-04-11,65+,Pathanamthitta,+91-00721-48946,ml
P00003,Chameli Sami,F,1973-01-29,40-64,Kozhikode,+91-00019-70897,ml
P00004,Alexander Chander,M,1978-08-13,40-64,Kottayam,+91-00738-16652,ml
P00005,Kamala Tiwari,F,2024-12-17,<1,Kottayam,+91-00756-39976,ml
P00006,Ira Saini,F,2008-02-05,12-17,Idukki,+91-00732-83945,ml
P00007,Udarsh Mall,M,1986-09-29,18-39,Ernakulam,+91-00700-94101,ml
P00008,Fariq Sami,M,1993-08-27,18-39,Palakkad,+91-00076-32430,ml
P00009,Liam Dugal,M,2017-02-19,5-11,Malappuram,+91-00059-17257,en
P00010,Om Chaudry,M,1979-06-18,40-64,Malappuram,+91-00373-02342,hi
P00011,Ranveer Chatterjee,M,1971-12-12,40-64,Ernakulam,+91-00396-12738,ml
P00012,Orinder Lalla,M,1968-07-16,40-64,Ernakulam,+91-00113-83566,en
P00013,Victor Yadav,M,2007-09-01,12-17,Pathanamthitta,+91-00744-45568,ml
P00014,Ranbir Brar,M,1986-07-07,18-39,Thrissur,+91-00567-29162,en
P00015,Radhika Handa,F,1982-09-21,40-64,Coimbatore,+91-00485-77566,ml
P00016,Aradhana Kari,F,2001-09-01,18-39,Ernakulam,+91-00521-79344,ta
P00017,Chaaya Kaul,F,2002-10-23,18-39,Pune,+91-00484-36216,en
P00018,Ranveer Mall,M,2019-09-11,5-11,Pathanamthitta,+91-00894-90136,en
P00019,Rajata Gaba,F,2004-04-13,18-39,Kozhikode,+91-00228-46311,ml
P00020,Raagini Kadakia,F,1965-01-07,40-64,Kozhikode,+91-00772-26123,ta
P00021,Balendra Garg,M,2006-03-19,18-39,Malappuram,+91-00748-89975,ml
P00022,Finn Shere,M,2004-08-24,18-39,Malappuram,+91-00235-15295,ml
P00023,Krishna Kanda,M,1980-12-11,40-64,Thiruvananthapuram,+91-00944-99594,en
P00024,Ayaan Karnik,M,1974-09-20,40-64,Kozhikode,+91-00858-61325,en
P00025,Nakul Rattan,M,1983-04-18,40-64,Thrissur,+91-00085-91534,ta
P00026,Bachittar Kakar,M,1999-07-04,18-39,Thrissur,+91-00198-17883,en
P00027,Jagvi Tata,F,2002-07-30,18-39,Thiruvananthapuram,+91-00717-38911,en
P00028,Vasudha Dhar,F,2021-08-26,1-4,Pathanamthitta,+91-00867-87325,ml
P00029,Ekiya Koshy,F,2018-06-11,5-11,Kodagu,+91-00805-83710,ml
P00030,Tanish Rastogi,M,1989-08-20,18-39,Kottayam,+91-00545-87185,ml
P00031,Imaran Devi,M,1966-02-21,40-64,Idukki,+91-00915-28045,en
P00032,Chandani Batta,F,1986-05-29,18-39,Pathanamthitta,+91-00425-61761,en
P00033,Faraj Dutta,M,2003-07-05,18-39,Malappuram,+91-00859-38959,en
P00034,Bhavika Rajan,F,1989-07-17,18-39,Kozhikode,+91-00260-32077,en
P00035,Vivaan Wadhwa,M,1972-04-20,40-64,Kodagu,+91-00799-52012,ml
P00036,Abdul Contractor,M,1987-06-05,18-39,Palakkad,+91-00254-71505,ml
P00037,Panini Choudhury,F,2014-10-31,5-11,Alappuzha,+91-00660-51851,ta
P00038,Urishilla Dugar,F,1968-04-19,40-64,Kollam,+91-00619-23049,ml
P00039,Aadhya Lall,F,1986-05-08,18-39,Alappuzha,+91-00182-80749,ml
P00040,Yashica Cherian,F,1983-05-19,40-64,Palakkad,+91-00680-97778,en
P00041,Zehaan Issac,M,1988-06-20,18-39,Satara,+91-00938-36287,ml
P00042,Rachit Edwin,M,1972-03-16,40-64,Kollam,+91-00462-84925,ml
P00043,Neel Suresh,M,1988-12-20,18-39,Idukki,+91-00003-86386,en
P00044,Daksh Patil,M,1974-05-27,40-64,Malappuram,+91-00167-26052,ml
P00045,Kashvi Bhardwaj,F,1979-02-20,40-64,Palakkad,+91-00481-70530,ta
P00046,Balveer Chada,M,2008-09-02,12-17,Malappuram,+91-00353-93841,ta
P00047,Bhavya Walia,F,1973-03-21,40-64,Ernakulam,+91-00782-73985,ml
P00048,Devansh Soman,M,1980-12-13,40-64,Alappuzha,+91-00772-03002,hi
P00049,Libni Wable,F,1955-12-17,65+,Ernakulam,+91-00822-60451,ml
P00050,Hitesh Zacharia,M,2013-10-29,5-11,Idukki,+91-00186-77845,ml
P00051,Nachiket Rastogi,M,1978-10-26,40-64,Kozhikode,+91-00105-61813,en
P00052,Urvashi Varughese,F,2020-06-20,5-11,Pathanamthitta,+91-00569-02873,en
P00053,Dipta Kota,F,2007-09-23,12-17,Thrissur,+91-00374-12016,ml
P00054,Bhavika Nigam,F,2010-04-24,12-17,Pune,+91-00946-80162,ml
P00055,Jyoti Kannan,F,1950-01-26,65+,Thrissur,+91-00995-48805,ml
P00056,Balendra Bhargava,M,1978-10-03,40-64,Alappuzha,+91-00328-95797,ml
P00057,Bahadurjit Balay,M,1986-12-01,18-39,Kodagu,+91-00306-41498,ml
P00058,Balendra Varkey,M,2005-04-29,18-39,Alappuzha,+91-00133-82170,hi
P00059,Maya Sunder,F,2018-04-26,5-11,Kozhikode,+91-00119-03549,ta
P00060,Ekaja Solanki,F,2024-10-27,<1,Kollam,+91-00833-84101,ml
P00061,Vritti Ray,F,1977-10-28,40-64,Kanyakumari,+91-00853-85905,ml
P00062,Charvi Chatterjee,F,1981-09-10,40-64,Pathanamthitta,+91-00141-36207,ml
P00063,Raagini Sampath,F,1937-07-25,65+,Idukki,+91-00765-30945,ml
P00064,Vivaan Bhagat,M,1983-10-25,40-64,Pune,+91-00778-90990,en
P00065,Bhavani Rau,F,1992-02-25,18-39,Palakkad,+91-00961-77770,en
P00066,Chatura Kothari,M,1978-06-16,40-64,Alappuzha,+91-00797-59794,ml
P00067,Girish Yadav,M,1976-04-21,40-64,Thiruvananthapuram,+91-00078-43634,ta
P00068,Ekaraj Sami,M,1930-08-01,65+,Thiruvananthapuram,+91-00953-91208,ta
P00069,Liam Shere,M,2022-03-13,1-4,Alappuzha,+91-00238-74722,ml
P00070,Baljiwan Savant,M,2001-07-11,18-39,Thrissur,+91-00307-41683,ta
P00071,Arya Zachariah,F,1989-08-19,18-39,Ernakulam,+91-00648-49672,ml
P00072,Chakradhar Khalsa,M,1978-07-02,40-64,Kodagu,+91-00604-09843,hi
P00073,Tanvi Sunder,F,1974-11-16,40-64,Kozhikode,+91-00296-81074,en
P00074,Hredhaan Rattan,M,2006-03-20,18-39,Kodagu,+91-00619-84170,ml
P00075,Fitan Raghavan,M,2013-10-11,5-11,Thrissur,+91-00965-35564,ml
P00076,Saumya Lanka,F,1939-10-11,65+,Ernakulam,+91-00264-30965,en
P00077,Luke Sampath,M,1997-10-02,18-39,Palakkad,+91-00572-25223,ta
P00078,Faras Gupta,M,1965-07-23,40-64,Idukki,+91-00390-17345,ta
P00079,Ikbal Bhardwaj,M,1989-02-06,18-39,Alappuzha,+91-00385-94778,ml
P00080,Naksh Bhandari,M,1983-01-27,40-64,Kannur,+91-00423-75903,ta
P00081,Waida Thakkar,F,2005-01-18,18-39,Malappuram,+91-00430-43340,ml
P00082,Ayush Trivedi,M,1987-07-25,18-39,Kottayam,+91-00658-11017,ml
P00083,Girik Biswas,M,1978-09-29,40-64,Ernakulam,+91-00355-13943,ml
P00084,Kamya Raval,F,2024-11-13,<1,Alappuzha,+91-00198-70978,ta
P00085,Jatin Baral,M,2014-05-22,5-11,Palakkad,+91-00174-20308,en
P00086,Shaurya Virk,M,2020-07-25,5-11,Idukki,+91-00572-34787,ml
P00087,Leena Jayaraman,F,2002-08-12,18-39,Coimbatore,+91-00122-95700,en
P00088,Jagdish Lanka,M,1977-10-26,40-64,Thrissur,+91-00923-58119,ta
P00089,Ekaja Mital,F,2014-05-03,5-11,Idukki,+91-00524-80834,ml
P00090,Nisha Bora,F,1958-08-08,65+,Kozhikode,+91-00973-10388,ml
P00091,Veer Chaudhry,M,2020-07-31,5-11,Kodagu,+91-00097-33038,ml
P00092,Hredhaan Toor,M,1967-03-29,40-64,Kannur,+91-00304-89560,ml
P00093,Dominic Palla,M,2013-07-31,12-17,Thrissur,+91-00508-81046,ml
P00094,Jason Pingle,M,1970-09-05,40-64,Idukki,+91-00667-72344,en
P00095,Gaurangi Sarma,F,1995-07-29,18-39,Malappuram,+91-00956-58740,ml
P00096,Aayush Mistry,M,1982-12-14,40-64,Kannur,+91-00776-26894,ta
P00097,Ekalinga Lalla,M,1970-04-24,40-64,Satara,+91-00259-58548,hi
P00098,Chatresh Dugal,M,2017-10-31,5-11,Ernakulam,+91-00901-05075,ml
P00099,Lohit Kade,M,2015-08-21,5-11,Malappuram,+91-00501-20229,ml
P00100,Ishani Lalla,F,1988-11-13,18-39,Kottayam,+91-00884-51826,ml
P00101,Jeremiah Behl,M,1956-05-22,65+,Kollam,+91-00042-00197,en
P00102,Siddharth Malhotra,M,1986-01-06,18-39,Alappuzha,+91-00639-23222,ml
P00103,Aarav Nath,M,1985-09-03,18-39,Thiruvananthapuram,+91-00041-15224,en
P00104,Lekha Edwin,F,1985-05-10,40-64,Thrissur,+91-00154-34551,en
P00105,Unni Andra,F,1983-06-14,40-64,Idukki,+91-00718-85835,en
P00106,Baljiwan Dixit,M,2002-02-03,18-39,Malappuram,+91-00532-94741,ml
P00107,Qasim Divan,M,1998-02-24,18-39,Palakkad,+91-00791-16505,ta
P00108,Devansh Barman,M,1963-08-30,40-64,Pathanamthitta,+91-00735-23107,hi
P00109,Qabil Baral,M,2019-06-02,5-11,Malappuram,+91-00963-84687,en
P00110,Henry Krish,M,1968-10-19,40-64,Pathanamthitta,+91-00064-17267,ml
P00111,Raagini Ray,F,1975-01-13,40-64,Thiruvananthapuram,+91-00441-74131,en
P00112,Jagat Gaba,M,1991-11-02,18-39,Satara,+91-00552-08547,ta
P00113,Triveni Bakshi,F,1993-04-28,18-39,Thiruvananthapuram,+91-00628-64830,en
P00114,Ojas Sabharwal,M,1984-03-14,40-64,Kottayam,+91-00929-26570,en
P00115,Lila Dutta,F,2024-02-04,1-4,Malappuram,+91-00038-74956,ml
P00116,Sai Barad,F,1979-11-09,40-64,Idukki,+91-00702-51937,ml
P00117,Janya Iyengar,F,1998-10-03,18-39,Idukki,+91-00692-17889,en
P00118,Pushti Mody,F,2004-04-27,18-39,Kozhikode,+91-00125-40222,ta
P00119,Isaac Bajwa,M,1966-06-29,40-64,Palakkad,+91-00894-51435,ml
P00120,Sudiksha Narasimhan,F,1951-02-18,65+,Thrissur,+91-00639-99597,ml
P00121,Bakhshi Mallick,M,2006-09-05,18-39,Coimbatore,+91-00302-48036,ml
P00122,Ryan Yadav,M,1965-09-03,40-64,Kollam,+91-00685-15123,ml
P00123,Akshay D’Alia,M,2020-05-07,5-11,Ernakulam,+91-00401-55522,en
P00124,Gaurav Lanka,M,1996-01-08,18-39,Alappuzha,+91-00303-22021,ml
P00125,Darika Saraf,F,2018-11-29,5-11,Thiruvananthapuram,+91-00437-87956,en
P00126,Naksh Sarin,M,2000-09-07,18-39,Satara,+91-00416-83406,ml
P00127,Sanya Gupta,F,1987-04-18,18-39,Kozhikode,+91-00676-12864,en
P00128,Anya Sarin,F,2022-12-09,1-4,Alappuzha,+91-00914-58837,ml
P00129,Guneet Patla,M,2014-08-01,5-11,Idukki,+91-00568-69650,en
P00130,Bakhshi Narayanan,M,1988-02-01,18-39,Alappuzha,+91-00041-25166,ml
P00131,David Mital,M,2021-12-02,1-4,Malappuram,+91-00794-62637,ml
P00132,Tara Narain,F,1977-02-04,40-64,Idukki,+91-00389-46268,en
P00133,Neelima Datta,F,1972-06-19,40-64,Kodagu,+91-00619-48207,ml
P00134,Shivansh Raghavan,M,1995-01-31,18-39,Pathanamthitta,+91-00457-55129,ml
P00135,Matthew Ravi,M,1999-03-20,18-39,Kottayam,+91-00281-57013,ta
P00136,Max Mangat,M,2019-07-15,5-11,Kodagu,+91-00692-70979,en
P00137,Upasna Nagy,F,1956-07-25,65+,Coimbatore,+91-00620-45242,ml
P00138,Timothy Sathe,M,1973-06-05,40-64,Kottayam,+91-00655-72263,en
P00139,Warjas Gara,M,1989-02-17,18-39,Ernakulam,+91-00310-48593,ml
P00140,Lucky Varma,M,2015-06-18,5-11,Coimbatore,+91-00677-66281,ml
P00141,Chakradhar Keer,M,1995-03-10,18-39,Malappuram,+91-00496-26310,ml
P00142,Jeevika Issac,F,1984-11-18,40-64,Malappuram,+91-00910-54170,ml
P00143,Advik Batra,M,2000-11-13,18-39,Malappuram,+91-00540-46799,ml
P00144,Vyanjana Bora,F,1962-07-12,40-64,Kodagu,+91-00760-30219,en
P00145,Sarthak Hayer,M,1996-03-31,18-39,Thrissur,+91-00937-06231,ml
P00146,Yug Ratta,M,1995-12-17,18-39,Pathanamthitta,+91-00012-51019,ml
P00147,Falak Ahluwalia,F,1976-08-24,40-64,Ernakulam,+91-00859-00975,ml
P00148,Simon Kanda,M,2011-08-05,12-17,Kozhikode,+91-00678-38983,ml
P00149,Vincent Bedi,M,2003-04-14,18-39,Thrissur,+91-00021-37065,en
P00150,Divya Shan,F,2022-03-11,1-4,Kottayam,+91-00646-63375,ml
P00151,Vedika Wali,F,1998-05-23,18-39,Malappuram,+91-00848-98742,ml
P00152,Vaishnavi Thaman,F,1930-08-01,65+,Ernakulam,+91-00054-85800,ml
P00153,Vansha Dutt,F,2019-11-06,5-11,Pune,+91-00009-97508,ml
P00154,Umang Lad,M,2007-04-22,18-39,Idukki,+91-00773-95093,en
P00155,Lakshit Verma,M,2024-09-25,<1,Kozhikode,+91-00067-07411,en
P00156,Kashvi Maharaj,F,1949-07-25,65+,Thrissur,+91-00985-28194,en
P00157,Balvan Mangal,M,1980-08-16,40-64,Kollam,+91-00381-29698,ml
P00158,Madhavi Nayak,F,1986-11-17,18-39,Ernakulam,+91-00156-07102,ml
P00159,Banjeet Devi,M,1980-09-10,40-64,Thiruvananthapuram,+91-00135-84665,en
P00160,Kala Rajagopal,F,2007-05-18,18-39,Kannur,+91-00026-89532,hi
P00161,Hredhaan Bhatt,M,2013-09-11,5-11,Kozhikode,+91-00220-60497,ml
P00162,Samar Narayanan,M,1997-07-16,18-39,Thiruvananthapuram,+91-00257-89099,en
P00163,Triya Bhatia,F,1985-05-23,40-64,Thrissur,+91-00040-71436,ml
P00164,Ucchal Ramachandran,F,2020-07-18,5-11,Pune,+91-00934-44055,hi
P00165,Sachi Sood,F,1981-08-29,40-64,Kottayam,+91-00450-14986,ml
P00166,Qushi Misra,F,1989-02-22,18-39,Kodagu,+91-00878-95849,ml
P00167,Shaurya Yohannan,M,1992-05-20,18-39,Pathanamthitta,+91-00496-69227,ml
P00168,Widisha Kanda,F,1998-11-24,18-39,Thiruvananthapuram,+91-00758-35418,en
P00169,Urmi Sunder,F,2006-12-25,18-39,Thrissur,+91-00003-12860,en
P00170,Saumya Nayar,F,2008-10-30,12-17,Alappuzha,+91-00896-79896,en
P00171,Fitan Sibal,M,2002-12-06,18-39,Coimbatore,+91-00094-80201,en
P00172,Agastya Ramesh,M,1971-05-08,40-64,Malappuram,+91-00883-54300,ml
P00173,Chakrika Sangha,F,1999-07-27,18-39,Malappuram,+91-00451-99995,ml
P00174,Vedhika Gopal,F,1994-09-27,18-39,Malappuram,+91-00871-38642,ta
P00175,Leena Raghavan,F,2023-05-30,1-4,Malappuram,+91-00476-94206,ml
P00176,Jagvi Sha,F,2024-11-26,<1,Kozhikode,+91-00921-63026,ml
P00177,Pahal Raghavan,F,1975-03-20,40-64,Malappuram,+91-00648-73642,ml
P00178,Shivansh Krishnan,M,1989-04-19,18-39,Kannur,+91-00288-91707,ml
P00179,Vrinda Bahl,F,1967-02-20,40-64,Thrissur,+91-00294-83115,ml
P00180,Parth Kapur,M,2002-10-23,18-39,Idukki,+91-00820-28866,en
P00181,Anusha Balasubramanian,F,1969-09-07,40-64,Ernakulam,+91-00807-86723,en
P00182,Irya Bahri,F,1953-05-12,65+,Ernakulam,+91-00496-53970,ml
P00183,Kashvi Date,F,1984-07-18,40-64,Kottayam,+91-00509-04482,ml
P00184,Deepa Kamdar,F,2000-05-31,18-39,Idukki,+91-00540-67381,ta
P00185,Lavanya Pillay,F,1974-10-19,40-64,Idukki,+91-00561-49969,en
P00186,Dakshesh Gade,M,1984-03-27,40-64,Kollam,+91-00501-53662,ta
P00187,Chatura Bal,M,1978-07-01,40-64,Kannur,+91-00929-41152,ml
P00188,Raghav Ranganathan,M,2019-03-05,5-11,Kozhikode,+91-00224-06408,ta
P00189,Bishakha Kibe,F,1990-06-30,18-39,Kottayam,+91-00870-18021,ta
P00190,Matthew Dara,M,1992-11-11,18-39,Pune,+91-00417-75645,ml
P00191,Oscar Walia,M,1930-08-01,65+,Pune,+91-00178-23422,en
P00192,Reva Biswas,F,1974-07-11,40-64,Kanyakumari,+91-00635-62772,ml
P00193,Abha Salvi,F,2024-01-10,1-4,Thiruvananthapuram,+91-00243-54186,en
P00194,Chatresh Sant,M,1967-11-10,40-64,Idukki,+91-00704-22139,en
P00195,Veda Dua,F,2015-01-06,5-11,Ernakulam,+91-00443-28057,ml
P00196,Hema Vig,F,2013-11-24,5-11,Kozhikode,+91-00940-38356,ml
P00197,Wyatt Shroff,M,1965-01-10,40-64,Malappuram,+91-00855-88018,ml
P00198,Lipika Naidu,F,1994-08-27,18-39,Malappuram,+91-00167-94130,en
P00199,Chameli Mallick,F,2007-03-17,18-39,Kozhikode,+91-00049-38675,en
P00200,Jairaj Shetty,M,1998-01-22,18-39,Pune,+91-00158-04615,ml
P00201,Om Balakrishnan,M,1986-10-11,18-39,Thrissur,+91-00551-60089,hi
P00202,Nicholas Gopal,M,1988-12-04,18-39,Kodagu,+91-00581-41757,ml
P00203,Jagvi Pant,F,1984-02-20,40-64,Kannur,+91-00786-49231,ml
P00204,Panini Mammen,F,2020-01-09,5-11,Kottayam,+91-00535-44195,ml
P00205,Aashi Varughese,F,2023-06-17,1-4,Kannur,+91-00207-65457,ta
P00206,Chaman Khurana,F,1990-12-01,18-39,Kollam,+91-00829-30444,en
P00207,Wishi Khosla,F,2024-11-11,<1,Pathanamthitta,+91-00463-89263,en
P00208,Yatan Sem,M,1984-11-18,40-64,Satara,+91-00206-42124,ta
P00209,Charita Menon,F,2024-08-12,<1,Ernakulam,+91-00269-34166,ml
P00210,Tanmayi Kohli,F,1991-03-16,18-39,Ernakulam,+91-00459-92294,ml
P00211,Raksha Solanki,F,2001-02-12,18-39,Pune,+91-00012-35814,en
P00212,Unnati Narayanan,F,1983-03-31,40-64,Idukki,+91-00865-08307,ml
P00213,Vasana Madan,F,1930-08-01,65+,Alappuzha,+91-00506-15533,ml
P00214,Ladli Kashyap,F,1974-07-15,40-64,Kollam,+91-00559-71429,ml
P00215,Gopal Mutti,M,1972-12-11,40-64,Thrissur,+91-00635-56232,ml
P00216,Hiral Handa,F,1992-09-26,18-39,Pathanamthitta,+91-00742-53461,ml
P00217,Warhi Malhotra,F,2021-01-08,1-4,Thiruvananthapuram,+91-00612-08199,ml
P00218,Chandresh Hari,M,2025-01-12,<1,Kannur,+91-00021-16407,hi
P00219,Jhalak Patel,F,2013-04-01,12-17,Kottayam,+91-00539-39621,ml
P00220,Nidhi Atwal,F,1995-11-08,18-39,Palakkad,+91-00366-44800,ta
P00221,Mahika Bath,F,1946-07-16,65+,Kollam,+91-00989-37658,ml
P00222,Madhav Date,M,1985-12-06,18-39,Thrissur,+91-00444-50274,ta
P00223,Charan Arora,M,2006-02-05,18-39,Malappuram,+91-00774-73354,ml
P00224,Wahab Srinivas,M,1976-04-08,40-64,Ernakulam,+91-00979-63570,ml
P00225,Onkar Gour,M,1991-02-09,18-39,Kottayam,+91-00953-61128,ml
P00226,Lajita Sridhar,F,2008-03-02,12-17,Kottayam,+91-00538-55777,ml
P00227,Bhavini Rattan,F,2023-11-05,1-4,Kollam,+91-00480-20092,en
P00228,Balhaar Bera,M,1982-12-13,40-64,Kollam,+91-00366-60463,ml
P00229,Falan Modi,M,1983-12-25,40-64,Thrissur,+91-00606-15845,ml
P00230,Kritika Dani,F,2022-09-05,1-4,Kollam,+91-00803-71291,en
P00231,Isaiah Virk,M,2015-12-20,5-11,Alappuzha,+91-00525-45228,en
P00232,Umang Savant,M,1978-03-19,40-64,Pathanamthitta,+91-00557-58146,ml
P00233,Tanish Mody,M,1981-08-25,40-64,Kannur,+91-00427-86279,ml
P00234,Chandran Johal,M,1962-04-25,40-64,Ernakulam,+91-00158-37309,en
P00235,Kevin Bumb,M,1996-01-11,18-39,Thrissur,+91-00397-09976,ml
P00236,Jagdish Ghose,M,1957-09-07,65+,Palakkad,+91-00089-89139,en
P00237,Farhan Agate,M,1968-04-10,40-64,Idukki,+91-00774-36498,ml
P00238,Varenya Singhal,F,1986-08-05,18-39,Kottayam,+91-00266-40652,hi
P00239,Anamika Kata,F,2020-04-12,5-11,Idukki,+91-00704-29602,en
P00240,Lohit Setty,M,2018-10-07,5-11,Thrissur,+91-00066-42016,en
P00241,Kamala Lalla,F,1984-06-26,40-64,Idukki,+91-00598-52097,ta
P00242,Simon Contractor,M,1969-12-04,40-64,Kollam,+91-00172-84331,hi
P00243,Falan Lata,M,1989-02-21,18-39,Kodagu,+91-00631-72016,en
P00244,Bimala Bhasin,F,1962-05-19,40-64,Kozhikode,+91-00957-51328,en
P00245,Nikita Mani,F,1975-12-01,40-64,Thiruvananthapuram,+91-00578-76384,ta
P00246,Diya Sidhu,F,1936-06-17,65+,Kodagu,+91-00773-84779,ml
P00247,Saksham Magar,M,1995-02-09,18-39,Pathanamthitta,+91-00704-05814,en
P00248,Urvashi Buch,F,1972-02-20,40-64,Kollam,+91-00350-59222,en
P00249,Upma Naidu,F,2003-10-30,18-39,Pathanamthitta,+91-00444-04326,en
P00250,Amara Chand,F,1987-09-15,18-39,Kodagu,+91-00267-30811,ta
P00251,Advaith Luthra,M,1974-09-12,40-64,Alappuzha,+91-00036-76241,en
P00252,Harita Singhal,F,1970-10-02,40-64,Kannur,+91-00377-79128,en
P00253,Liam Golla,M,1990-05-09,18-39,Malappuram,+91-00870-88382,ta
P00254,Yatan Chand,M,1959-07-11,65+,Thrissur,+91-00908-49823,en
P00255,Priya Rege,F,1953-07-27,65+,Idukki,+91-00242-08413,ml
P00256,Naveen Cheema,M,1994-12-14,18-39,Kollam,+91-00623-12678,ml
P00257,Omya Sabharwal,F,1987-03-14,18-39,Kozhikode,+91-00241-24430,ml
P00258,Mitali Rattan,F,2020-06-14,5-11,Idukki,+91-00273-37218,ml
P00259,Vasana Chakrabarti,F,2020-05-29,5-11,Thrissur,+91-00331-52656,en
P00260,Jonathan Naik,M,1955-06-18,65+,Thiruvananthapuram,+91-00957-64593,ta
P00261,Saksham Varkey,M,2017-09-29,5-11,Kannur,+91-00676-16250,ml
P00262,Vihaan Sachdev,M,1988-05-14,18-39,Malappuram,+91-00114-18896,ta
P00263,Girindra Vasa,M,1972-03-31,40-64,Thrissur,+91-00848-17298,en
P00264,Yahvi Sathe,F,2014-12-14,5-11,Thrissur,+91-00983-75493,hi
P00265,Harsh Loke,M,1979-11-17,40-64,Kottayam,+91-00829-30208,ml
P00266,Maanas Sarma,M,2024-11-21,<1,Kottayam,+91-00156-16671,ml
P00267,Divya Balakrishnan,F,1995-11-30,18-39,Thiruvananthapuram,+91-00857-43137,en
P00268,Fariq Mukhopadhyay,M,2015-02-20,5-11,Malappuram,+91-00409-24751,en
P00269,Samar Chander,M,2014-07-31,5-11,Thiruvananthapuram,+91-00356-36929,ta
P00270,Dakshesh Shenoy,M,2019-08-26,5-11,Thiruvananthapuram,+91-00749-82401,ta
P00271,Ganga Tara,F,2014-02-10,5-11,Thiruvananthapuram,+91-00467-33389,ml
P00272,Yashoda Mahajan,F,2015-01-28,5-11,Pathanamthitta,+91-00451-17485,ml
P00273,Wyatt Sodhi,M,2015-09-02,5-11,Palakkad,+91-00068-23245,en
P00274,Vasatika Dhillon,F,1987-07-20,18-39,Malappuram,+91-00024-03435,ml
P00275,Girish Trivedi,M,1998-08-13,18-39,Ernakulam,+91-00238-90112,hi
P00276,Bakhshi Majumdar,M,1956-07-29,65+,Idukki,+91-00185-69696,en
P00277,Onkar Tripathi,M,1969-12-19,40-64,Palakkad,+91-00147-46336,ta
P00278,Aadhya Mandal,F,1983-09-17,40-64,Palakkad,+91-00606-56086,ta
P00279,Yash Dixit,M,1966-06-10,40-64,Kanyakumari,+91-00799-25409,ml
P00280,Warhi Pai,F,1960-08-21,40-64,Kannur,+91-00742-40368,ml
P00281,Ranbir Shah,M,2014-02-04,5-11,Kannur,+91-00445-31983,en
P00282,Ijaya Khare,F,1995-03-10,18-39,Kanyakumari,+91-00996-82454,ta
P00283,Jackson Roy,M,1966-06-13,40-64,Coimbatore,+91-00462-74342,en
P00284,Nitara Solanki,F,1987-06-25,18-39,Thrissur,+91-00915-28388,ml
P00285,Reyansh Doshi,M,1980-07-14,40-64,Palakkad,+91-00326-76224,en
P00286,Anita Date,F,1994-07-06,18-39,Kozhikode,+91-00283-09393,ml
P00287,Chandresh Sarraf,M,2016-02-24,5-11,Pathanamthitta,+91-00595-20256,ml
P00288,Vedant Aurora,M,1966-02-03,40-64,Idukki,+91-00586-10637,hi
P00289,Samarth Dubey,M,1947-11-06,65+,Kodagu,+91-00478-23824,ml
P00290,Vrinda Lanka,F,2018-04-01,5-11,Thrissur,+91-00528-22619,ml
P00291,Rushil Buch,M,1998-03-24,18-39,Thiruvananthapuram,+91-00251-90055,ml
P00292,Ranveer Nadig,M,2020-02-25,5-11,Idukki,+91-00981-32738,ta
P00293,Andrew Biswas,M,1995-09-16,18-39,Pathanamthitta,+91-00645-35521,ml
P00294,Maanas Karan,M,2017-07-15,5-11,Idukki,+91-00170-09975,ml
P00295,Urishilla Chaudhari,F,1993-06-03,18-39,Thrissur,+91-00890-06598,ml
P00296,Tristan Ganesan,M,2012-02-10,12-17,Thrissur,+91-00492-21938,en
P00297,Amrita Batra,F,1961-12-19,40-64,Thrissur,+91-00760-13454,ml
P00298,Baghyawati Memon,F,2008-09-22,12-17,Thiruvananthapuram,+91-00576-34460,ta
P00299,Rachit Sankar,M,1996-07-31,18-39,Ernakulam,+91-00520-18604,ta
P00300,Krisha Wali,F,2001-05-08,18-39,Thiruvananthapuram,+91-00116-17817,ml
P00301,Gautam Garde,M,1982-04-20,40-64,Idukki,+91-00576-64753,ml
P00302,Balveer Raja,M,2018-03-10,5-11,Malappuram,+91-00904-94210,ml
P00303,Yuvraj Dhar,M,1975-07-12,40-64,Kollam,+91-00752-01248,ml
P00304,Vihaan Kumar,M,2003-02-26,18-39,Kodagu,+91-00703-70555,ml
P00305,Joshua Andra,M,1930-11-10,65+,Malappuram,+91-00706-65919,en
P00306,Mitali Dugar,F,1977-12-27,40-64,Alappuzha,+91-00687-58505,ml
P00307,Timothy Pai,M,1964-08-25,40-64,Idukki,+91-00619-69229,ml
P00308,Simon Krishna,M,2005-05-15,18-39,Kollam,+91-00043-50869,ml
P00309,Nidhi Issac,F,1937-10-07,65+,Thiruvananthapuram,+91-00127-92691,ml
P00310,Wyatt Chhabra,M,2022-02-17,1-4,Kodagu,+91-00989-15822,ml
P00311,Sai Parmer,F,2006-02-26,18-39,Malappuram,+91-00891-47355,ml
P00312,Neelima Bains,F,1980-02-15,40-64,Kannur,+91-00672-65303,en
P00313,Laksh Anand,M,1964-08-29,40-64,Palakkad,+91-00117-90869,ml
P00314,Yuvraj Mangat,M,1972-05-12,40-64,Kodagu,+91-00640-48743,ml
P00315,Patrick Kanda,M,1972-10-02,40-64,Coimbatore,+91-00614-97699,hi
P00316,Jeremiah Devan,M,1974-05-04,40-64,Thiruvananthapuram,+91-00647-65648,en
P00317,Anusha More,F,1981-11-03,40-64,Pathanamthitta,+91-00876-69921,ta
P00318,Anay Patla,M,2005-05-28,18-39,Idukki,+91-00142-81820,ml
P00319,Chakradev Merchant,M,1987-09-22,18-39,Kottayam,+91-00899-73391,ml
P00320,Triya Gill,F,1989-12-09,18-39,Thrissur,+91-00152-52262,ml
P00321,Ekaja Zacharia,F,1955-02-24,65+,Alappuzha,+91-00054-77261,en
P00322,Zilmil Thaker,F,1961-12-04,40-64,Kannur,+91-00957-03573,ta
P00323,Fitan Kurian,M,1991-12-12,18-39,Thiruvananthapuram,+91-00109-93276,ml
P00324,Neelima Nigam,F,1968-09-06,40-64,Kannur,+91-00799-82314,ml
P00325,Vinaya Borra,F,1985-05-26,40-64,Idukki,+91-00208-63766,ml
P00326,Jeevika Ranganathan,F,2006-12-19,18-39,Thiruvananthapuram,+91-00828-06875,ml
P00327,Chandani Rana,F,2012-08-25,12-17,Kanyakumari,+91-00283-29492,ml
P00328,Libni Yadav,F,1971-07-05,40-64,Ernakulam,+91-00541-25362,hi
P00329,Vasana Pillay,F,1999-12-22,18-39,Kozhikode,+91-00341-25702,ml
P00330,Rayaan Prabhu,M,2000-01-10,18-39,Coimbatore,+91-00063-67210,ml
P00331,Jackson Sinha,M,1995-05-06,18-39,Thiruvananthapuram,+91-00638-87613,en
P00332,Nihal Kant,M,1971-01-03,40-64,Alappuzha,+91-00576-68163,ml
P00333,Vincent Mittal,M,1961-07-24,40-64,Kollam,+91-00359-38875,hi
P00334,Devika Dey,F,1962-02-18,40-64,Kollam,+91-00412-96923,ml
P00335,Anirudh Modi,M,2021-03-24,1-4,Pune,+91-00472-86258,ta
P00336,Dalbir Chatterjee,M,1995-11-30,18-39,Kannur,+91-00320-68541,ml
P00337,Ekansh Rama,M,2017-03-20,5-11,Idukki,+91-00274-39746,ml
P00338,Reva Zachariah,F,1971-01-09,40-64,Malappuram,+91-00858-68382,ml
P00339,Faras Sachdeva,M,2015-08-15,5-11,Kodagu,+91-00486-40799,ta
P00340,Wishi Reddy,F,1986-08-21,18-39,Alappuzha,+91-00799-15518,ml
P00341,Amol Prabhakar,M,2021-06-11,1-4,Thiruvananthapuram,+91-00848-61883,ml
P00342,Tristan Saxena,M,1983-06-01,40-64,Kannur,+91-00328-69810,ml
P00343,Pratyush Chaudhary,M,1978-01-26,40-64,Kozhikode,+91-00991-34930,ml
P00344,Praneel Bhat,M,1987-03-30,18-39,Pathanamthitta,+91-00393-92930,ta
P00345,Lakshit Gupta,M,1964-05-03,40-64,Ernakulam,+91-00344-85425,ta
P00346,Vasana Chand,F,1961-10-12,40-64,Pathanamthitta,+91-00899-58285,en
P00347,Aishani Bedi,F,1974-05-08,40-64,Palakkad,+91-00082-06023,ml
P00348,Jairaj Dass,M,1961-09-02,40-64,Malappuram,+91-00280-01721,en
P00349,Bakhshi Johal,M,1930-08-01,65+,Alappuzha,+91-00762-63988,en
P00350,Jackson Narasimhan,M,2023-01-22,1-4,Kannur,+91-00454-81380,ml
P00351,Aarav Malhotra,M,1984-10-29,40-64,Ernakulam,+91-00133-50035,ml
P00352,Dhruv Zachariah,M,2016-07-11,5-11,Kozhikode,+91-00338-02348,en
P00353,Harita Choudhary,F,1958-12-17,65+,Malappuram,+91-00478-14482,ta
P00354,Dominic Aurora,M,1990-10-27,18-39,Ernakulam,+91-00045-21124,ml
P00355,Kashish Naik,F,1992-01-12,18-39,Kottayam,+91-00194-62775,ta
P00356,Harita Lanka,F,1977-12-13,40-64,Pathanamthitta,+91-00793-48605,en
P00357,Edhitha Sama,F,1985-02-22,40-64,Kozhikode,+91-00641-10220,hi
P00358,Bhavika Soni,F,1998-02-18,18-39,Malappuram,+91-00786-50167,hi
P00359,Radhika Varghese,F,1981-01-05,40-64,Kottayam,+91-00428-86949,ml
P00360,Upkaar Thakur,M,1953-04-02,65+,Pune,+91-00313-43911,ml
P00361,Anthony Verma,M,1975-01-24,40-64,Kannur,+91-00926-14976,en
P00362,Vasudha Balasubramanian,F,2024-07-24,1-4,Kollam,+91-00521-57800,ta
P00363,Wakeeta Ratti,F,2023-10-16,1-4,Pathanamthitta,+91-00700-92938,ml
P00364,Darika Swaminathan,F,2014-10-12,5-11,Thrissur,+91-00343-11591,en
P00365,Balhaar Buch,M,1933-02-20,65+,Kollam,+91-00399-15640,ta
P00366,Falak Bhatti,F,1973-06-25,40-64,Pune,+91-00727-56684,ml
P00367,Mahika Nair,F,1993-07-11,18-39,Malappuram,+91-00757-33999,ml
P00368,Zilmil Menon,F,1970-01-07,40-64,Thiruvananthapuram,+91-00954-89556,ml
P00369,Zayyan Sani,M,1979-09-03,40-64,Ernakulam,+91-00915-71276,ml
P00370,Deepa Kale,F,1956-03-01,65+,Alappuzha,+91-00187-14708,en
P00371,Upkaar Kari,M,1992-02-09,18-39,Thrissur,+91-00957-87071,ml
P00372,Pallavi Setty,F,1973-07-13,40-64,Alappuzha,+91-00880-64229,en
P00373,Sarthak Chandran,M,2005-05-24,18-39,Kannur,+91-00856-49363,ml
P00374,Tanay Munshi,M,1981-10-27,40-64,Kozhikode,+91-00162-25654,ta
P00375,Ridhi Dua,F,2017-10-01,5-11,Kodagu,+91-00851-64971,ml
P00376,Bhavna Chand,F,2017-05-17,5-11,Pathanamthitta,+91-00997-89848,en
P00377,Chakradhar Sankaran,M,1976-02-13,40-64,Idukki,+91-00759-03847,ml
P00378,Quincy De,M,1974-05-13,40-64,Kannur,+91-00185-37515,en
P00379,Nitesh Das,M,1992-02-17,18-39,Idukki,+91-00035-93565,ml
P00380,Raagini Sampath,F,1981-04-07,40-64,Idukki,+91-00228-38290,ml
P00381,Maanas Muni,M,1959-10-07,65+,Satara,+91-00674-03587,ml
P00382,Damini Tripathi,F,1944-04-04,65+,Kannur,+91-00636-10144,ml
P00383,Faras Subramaniam,M,1980-08-18,40-64,Kanyakumari,+91-00902-69076,en
P00384,Chatura Palla,M,1959-01-05,65+,Idukki,+91-00335-70012,ml
P00385,Dakshesh Mallick,M,1997-01-28,18-39,Palakkad,+91-00314-11504,hi
P00386,Upadhriti Bal,F,1989-11-17,18-39,Ernakulam,+91-00009-21921,ml
P00387,Amrita Gole,F,1978-07-25,40-64,Ernakulam,+91-00707-56387,ml
P00388,Nilima Nori,F,1985-01-12,40-64,Kollam,+91-00273-68653,hi
P00389,Aarush Golla,M,2020-01-25,5-11,Kanyakumari,+91-00388-15679,ml
P00390,Sai Boase,M,1961-11-28,40-64,Idukki,+91-00679-45638,ta
P00391,Amruta Chand,F,1999-02-03,18-39,Palakkad,+91-00664-56203,ml
P00392,Riya Saini,F,2020-11-14,1-4,Kanyakumari,+91-00101-04970,en
P00393,Panini Dugar,F,2002-08-20,18-39,Kannur,+91-00100-22375,ta
P00394,Nimrat Nair,F,1977-12-20,40-64,Pathanamthitta,+91-00224-91889,ml
P00395,Ati Dugal,F,2020-04-28,5-11,Palakkad,+91-00783-87998,en
P00396,Aryan Bumb,M,1964-06-23,40-64,Thrissur,+91-00474-32248,ml
P00397,Vaishnavi Samra,F,1979-08-31,40-64,Alappuzha,+91-00402-86797,en
P00398,Vaishnavi Sachdeva,F,1992-06-19,18-39,Thiruvananthapuram,+91-00355-63255,ml
P00399,Hritik Vala,M,1994-08-18,18-39,Palakkad,+91-00144-98162,ml
P00400,Orinder Sani,M,2012-08-04,12-17,Kannur,+91-00641-96621,ml
P00401,Meghana Sur,F,1986-01-25,18-39,Pune,+91-00294-61693,en
P00402,Aradhana Kannan,F,2000-09-21,18-39,Idukki,+91-00274-46783,hi
P00403,Baghyawati Amble,F,1961-04-13,40-64,Idukki,+91-00322-14228,hi
P00404,Nidhi Kakar,F,2023-09-28,1-4,Pathanamthitta,+91-00442-53035,en
P00405,Lakshmi Mann,F,2004-06-04,18-39,Satara,+91-00157-39829,ta
P00406,Dipta Amble,F,1955-12-26,65+,Kanyakumari,+91-00093-64560,ta
P00407,Tanveer Gill,M,1985-10-26,18-39,Pune,+91-00312-08949,ml
P00408,Ranveer Walia,M,1971-11-05,40-64,Thrissur,+91-00513-83491,ml
P00409,Zashil Pandya,M,2022-10-15,1-4,Pathanamthitta,+91-00991-96711,en
P00410,Sneha Basak,F,1954-12-25,65+,Palakkad,+91-00173-20936,ml
P00411,Aditya Sharaf,M,1996-06-04,18-39,Idukki,+91-00892-63278,ta
P00412,Naksh Sanghvi,M,1988-08-25,18-39,Kottayam,+91-00543-80193,ml
P00413,Turvi Mann,F,2021-07-18,1-4,Kollam,+91-00064-55440,ml
P00414,Samaksh Bail,M,1955-09-14,65+,Kollam,+91-00572-93543,ta
P00415,Harinakshi Sharma,F,2016-10-31,5-11,Idukki,+91-00467-51186,ml
P00416,Chaitanya Sarkar,M,1977-07-02,40-64,Kodagu,+91-00800-27054,hi
P00417,Jairaj Sarin,M,2025-02-09,<1,Kozhikode,+91-00069-47160,hi
P00418,Zaitra Brar,F,1960-06-15,65+,Kozhikode,+91-00610-48786,en
P00419,Mohammed Nori,M,1979-01-01,40-64,Alappuzha,+91-00706-25371,en
P00420,Ojas Ganguly,M,1984-10-26,40-64,Kozhikode,+91-00014-78695,ml
P00421,Dakshesh Wali,M,1963-03-27,40-64,Idukki,+91-00850-61774,ml
P00422,Owen Panchal,M,2019-08-30,5-11,Thiruvananthapuram,+91-00313-37036,ta
P00423,Jacob Chauhan,M,2016-02-22,5-11,Idukki,+91-00479-42165,ml
P00424,Lavanya Hora,F,2025-05-30,<1,Kollam,+91-00223-37170,ml
P00425,Ganga Borra,F,1973-05-24,40-64,Kanyakumari,+91-00298-44789,ml
P00426,Yatin Shetty,M,2001-08-30,18-39,Kanyakumari,+91-00375-52809,en
P00427,Ojasvi Mutti,F,1949-01-17,65+,Kottayam,+91-00806-33092,en
P00428,Urvi Bir,F,1992-08-17,18-39,Palakkad,+91-00057-81815,ml
P00429,Timothy Mitter,M,2014-06-14,5-11,Idukki,+91-00186-92836,ml
P00430,Ayaan Pandey,M,2004-04-01,18-39,Pathanamthitta,+91-00528-52280,ta
P00431,Nilima Shenoy,F,1963-05-24,40-64,Malappuram,+91-00408-71136,ml
P00432,Anirudh Bhandari,M,2001-01-02,18-39,Kozhikode,+91-00652-93053,ml
P00433,Luke Bose,M,1979-07-08,40-64,Kannur,+91-00016-19193,ml
P00434,Yashica Rajagopalan,F,1973-12-30,40-64,Pathanamthitta,+91-00277-18972,en
P00435,Ansh Sengupta,M,2016-10-12,5-11,Thrissur,+91-00948-07261,ml
P00436,Oeshi Soni,F,1982-10-15,40-64,Thiruvananthapuram,+91-00121-44210,ml
P00437,Bhavani Seshadri,F,2015-08-12,5-11,Kollam,+91-00264-33114,ml
P00438,Onveer Chad,M,1966-01-29,40-64,Kollam,+91-00603-56053,ml
P00439,Anmol Kota,M,1978-06-30,40-64,Thiruvananthapuram,+91-00864-45106,hi
P00440,Theodore Viswanathan,M,1996-07-01,18-39,Kottayam,+91-00937-19019,ta
P00441,Rajata Pradhan,F,1977-09-30,40-64,Idukki,+91-00194-39118,en
P00442,Rishi Rege,M,2015-10-30,5-11,Malappuram,+91-00116-02889,ml
P00443,Ati Natt,F,1981-12-05,40-64,Kottayam,+91-00371-53738,ml
P00444,Omya Chandra,F,2012-07-05,12-17,Pathanamthitta,+91-00277-27106,en
P00445,Lucky Krishnan,M,1989-06-05,18-39,Pune,+91-00097-11235,ml
P00446,Ojas Bumb,M,1966-06-15,40-64,Coimbatore,+91-00883-06585,en
P00447,Pushti Mukherjee,F,1972-10-22,40-64,Kollam,+91-00702-71444,ml
P00448,Dhruv Chad,M,1973-06-17,40-64,Idukki,+91-00203-24734,en
P00449,Raghav Narasimhan,M,2019-02-03,5-11,Pathanamthitta,+91-00367-65879,ml
P00450,Chakradhar Sampath,M,1963-08-18,40-64,Pune,+91-00036-81550,ml
P00451,Aditya Patil,M,2025-05-31,<1,Idukki,+91-00340-49998,ml
P00452,Hemangini Kala,F,1995-09-06,18-39,Kollam,+91-00909-13305,ml
P00453,Watika Handa,F,1941-01-21,65+,Kozhikode,+91-00947-61454,ml
P00454,Ekapad Dubey,M,2023-05-29,1-4,Kozhikode,+91-00426-07160,ml
P00455,Manbir Chaudhuri,M,2014-05-28,5-11,Alappuzha,+91-00067-81714,hi
P00456,Pahal Deep,F,1987-05-22,18-39,Kottayam,+91-00401-76154,ml
P00457,Ganga Gaba,F,1981-04-04,40-64,Idukki,+91-00833-40208,ml
P00458,Fitan Sarma,M,1963-06-19,40-64,Alappuzha,+91-00316-26909,ml
P00459,Samesh Patla,M,1989-05-24,18-39,Kottayam,+91-00636-70955,ml
P00460,Vamakshi Mane,F,1989-07-10,18-39,Kannur,+91-00349-56720,ta
P00461,Kamala Walla,F,1982-12-18,40-64,Kozhikode,+91-00539-14509,ml
P00462,Mohammed Singh,M,2024-03-01,1-4,Malappuram,+91-00525-75918,ta
P00463,Raksha Sastry,F,2004-02-18,18-39,Malappuram,+91-00962-33397,en
P00464,Megha Raja,F,2001-03-18,18-39,Thrissur,+91-00238-89384,ml
P00465,Gaurika Iyengar,F,1956-08-14,65+,Idukki,+91-00919-82946,ml
P00466,Ladli Ben,F,1968-12-04,40-64,Kozhikode,+91-00335-27581,ml
P00467,Quincy Chauhan,M,1983-07-29,40-64,Kollam,+91-00624-25525,ml
P00468,Meghana Chacko,F,1972-11-16,40-64,Pathanamthitta,+91-00769-39788,ml
P00469,Madhavi Sengupta,F,2019-04-27,5-11,Kollam,+91-00327-80448,en
P00470,Tejas Chand,M,1993-06-22,18-39,Kozhikode,+91-00355-13065,en
P00471,Umang Palla,M,1998-10-15,18-39,Palakkad,+91-00794-31605,ml
P00472,Sarthak Bera,M,1959-07-25,65+,Ernakulam,+91-00655-65910,en
P00473,Yashasvi Prakash,F,2014-04-02,5-11,Ernakulam,+91-00083-03349,ta
P00474,Reyansh Bumb,M,2023-01-05,1-4,Kannur,+91-00820-05590,ml
P00475,Isaac Bala,M,1979-10-12,40-64,Kollam,+91-00331-76217,ml
P00476,Chandran Nayak,M,1962-04-14,40-64,Idukki,+91-00177-52234,ml
P00477,Ekantika Barad,F,1971-09-23,40-64,Kozhikode,+91-00115-55760,ml
P00478,Vrishti Dewan,F,1973-01-06,40-64,Malappuram,+91-00713-24886,ml
P00479,Udarsh Ahluwalia,M,1997-08-04,18-39,Ernakulam,+91-00281-53178,ml
P00480,Adya Kunda,F,1967-04-30,40-64,Alappuzha,+91-00791-54500,en
P00481,Falguni Wable,F,1975-03-19,40-64,Pune,+91-00701-41377,ml
P00482,Dayamai Mani,F,1995-12-26,18-39,Idukki,+91-00128-96442,en
P00483,Matthew Dara,M,1979-08-11,40-64,Coimbatore,+91-00796-04926,ml
P00484,Kashvi Saini,F,2000-02-26,18-39,Kannur,+91-00275-41492,ml
P00485,Bhavika Choudhry,F,2014-12-22,5-11,Kanyakumari,+91-00081-85748,ml
P00486,Abhiram Varma,M,1930-08-01,65+,Thiruvananthapuram,+91-00172-20626,ml
P00487,Ekbal Manne,M,1998-04-07,18-39,Ernakulam,+91-00316-93499,ml
P00488,Aachal Pandit,F,2004-03-26,18-39,Alappuzha,+91-00225-42549,ml
P00489,Sathvik Grover,M,2001-01-28,18-39,Alappuzha,+91-00682-15659,en
P00490,Pranit Bir,M,1986-04-04,18-39,Alappuzha,+91-00089-09309,ml
P00491,Saumya Singhal,F,1970-02-08,40-64,Idukki,+91-00183-32706,ml
P00492,Rishi Prakash,M,1982-06-07,40-64,Idukki,+91-00940-91972,ml
P00493,Adweta Parikh,F,2002-11-07,18-39,Malappuram,+91-00569-93909,ml
P00494,Orinder Khosla,M,1970-05-28,40-64,Kottayam,+91-00028-56326,ml
P00495,Osha Deol,F,2008-07-01,12-17,Alappuzha,+91-00444-11819,ml
P00496,Qushi Nigam,F,2001-09-15,18-39,Idukki,+91-00553-45659,ml
P00497,Vedika Srinivas,F,1992-08-07,18-39,Malappuram,+91-00763-41775,ml
P00498,Ekansh Bhatnagar,M,1960-07-10,65+,Thiruvananthapuram,+91-00429-23106,ta
P00499,Andrew Memon,M,1981-09-16,40-64,Kozhikode,+91-00472-07603,ta
P00500,Anthony Iyengar,M,1980-12-26,40-64,Kottayam,+91-00566-38157,ml
P00501,Nakul Mukherjee,M,2002-09-04,18-39,Palakkad,+91-00273-37185,ml
P00502,Warjas Kulkarni,M,1991-03-09,18-39,Kozhikode,+91-00891-70397,ta
P00503,Ikshita Mangal,F,1964-06-13,40-64,Thrissur,+91-00852-39422,ml
P00504,Arjun Narula,M,1976-07-19,40-64,Malappuram,+91-00393-01313,ml
P00505,David Pillai,M,1969-07-27,40-64,Kodagu,+91-00682-02001,en
P00506,Sudiksha Sarraf,F,1983-09-08,40-64,Thiruvananthapuram,+91-00972-68751,ml
P00507,Omkaar Grover,M,1964-03-05,40-64,Kottayam,+91-00465-66078,ml
P00508,Yuvraj Pillai,M,2002-09-28,18-39,Kodagu,+91-00993-16035,ml
P00509,Chakrika Samra,F,1986-08-27,18-39,Kannur,+91-00745-86622,ml
P00510,Tanveer Gole,M,2018-06-13,5-11,Palakkad,+91-00586-66262,ml
P00511,Naveen Chauhan,M,2024-04-12,1-4,Alappuzha,+91-00506-15405,ml
P00512,Nihal Merchant,M,2013-07-31,12-17,Kottayam,+91-00980-28761,en
P00513,Vansha Sandhu,F,2019-12-01,5-11,Kanyakumari,+91-00385-97366,ml
P00514,Tristan Panchal,M,1981-06-15,40-64,Malappuram,+91-00056-40774,ml
P00515,Anvi Pandit,F,2006-12-14,18-39,Kottayam,+91-00555-23677,ml
P00516,Laksh Bhandari,M,2013-10-25,5-11,Kollam,+91-00670-52413,hi
P00517,Samaksh Patla,M,2001-07-19,18-39,Kannur,+91-00262-20555,ml
P00518,Amruta Dhar,F,1997-08-05,18-39,Palakkad,+91-00286-79171,ml
P00519,Anay Date,M,2023-10-02,1-4,Pune,+91-00520-79430,en
P00520,Kamya Peri,F,1992-04-01,18-39,Idukki,+91-00718-80084,ml
P00521,Rehaan Bali,M,1992-05-13,18-39,Kottayam,+91-00855-61726,ml
P00522,Umang Prabhakar,M,2001-11-23,18-39,Kottayam,+91-00360-69404,ml
P00523,Tristan Bose,M,2020-05-17,5-11,Ernakulam,+91-00944-32140,hi
P00524,Qadim Rao,M,1980-04-02,40-64,Kottayam,+91-00487-87888,en
P00525,Maya Krish,F,2022-02-18,1-4,Kollam,+91-00597-14416,ml
P00526,Agastya Grewal,M,1931-09-20,65+,Kottayam,+91-00350-25448,ta
P00527,Rishi Dalal,M,1999-04-05,18-39,Alappuzha,+91-00477-99268,en
P00528,Leena Sehgal,F,1999-05-01,18-39,Kannur,+91-00839-96039,ml
P00529,Mekhala Swaminathan,F,1989-10-22,18-39,Alappuzha,+91-00741-50762,ml
P00530,Darsh Deshmukh,M,1936-07-12,65+,Ernakulam,+91-00659-49910,ml
P00531,Upkaar Gera,M,1969-03-08,40-64,Malappuram,+91-00041-11682,ml
P00532,Caleb Nagarajan,M,1992-09-28,18-39,Pathanamthitta,+91-00554-25363,en
P00533,Bhavini Mannan,F,1996-07-08,18-39,Thrissur,+91-00031-06979,ml
P00534,Farhan Ghosh,M,1992-09-24,18-39,Kanyakumari,+91-00314-86112,ml
P00535,Yashoda Kapur,F,2015-07-02,5-11,Palakkad,+91-00418-97339,ml
P00536,Irya Dewan,F,1990-04-03,18-39,Ernakulam,+91-00893-85830,ml
P00537,Xiti Bal,F,1987-02-11,18-39,Kannur,+91-00968-24211,hi
P00538,Raksha Sibal,F,2018-04-08,5-11,Pune,+91-00973-92386,ml
P00539,Chameli Bhatti,F,2021-02-02,1-4,Kannur,+91-00798-19257,ml
P00540,Rushil Srinivas,M,1990-10-03,18-39,Idukki,+91-00289-65232,en
P00541,Samarth Borah,M,1950-08-25,65+,Palakkad,+91-00045-82164,en
P00542,Nathan Borah,M,1994-09-06,18-39,Thrissur,+91-00425-02166,ml
P00543,Viraj Varughese,M,2004-06-06,18-39,Kottayam,+91-00297-39508,ml
P00544,Eesha Gopal,F,1979-05-10,40-64,Ernakulam,+91-00655-60226,en
P00545,Upma Thakkar,F,2018-12-08,5-11,Kannur,+91-00371-61939,ml
P00546,David Vasa,M,1984-05-21,40-64,Kottayam,+91-00890-35015,en
P00547,Max Gala,M,2002-04-29,18-39,Coimbatore,+91-00374-10163,en
P00548,Ojasvi Kar,F,2018-02-02,5-11,Satara,+91-00377-28400,ta
P00549,Yochana Mander,F,1978-07-25,40-64,Kottayam,+91-00759-11306,ta
P00550,Ladli Hegde,F,1976-06-28,40-64,Kollam,+91-00590-77218,hi
P00551,Dev Mitter,M,1980-07-20,40-64,Pune,+91-00255-06770,ml
P00552,Yashasvi Ganguly,F,2024-09-19,<1,Pathanamthitta,+91-00676-58836,ta
P00553,Harinakshi Nazareth,F,1999-12-26,18-39,Kannur,+91-00562-87966,en
P00554,Amrita Bumb,F,2013-07-31,12-17,Thiruvananthapuram,+91-00104-19775,ml
P00555,Libni Kade,F,2017-08-11,5-11,Alappuzha,+91-00467-56208,hi
P00556,Alexander Tank,M,2002-06-24,18-39,Alappuzha,+91-00918-61866,ta
P00557,Nidhi Subramanian,F,1966-04-12,40-64,Kottayam,+91-00211-85186,en
P00558,Tanmayi Mishra,F,1989-03-08,18-39,Kodagu,+91-00414-86823,ml
P00559,Bina Bhasin,F,1948-02-22,65+,Pathanamthitta,+91-00275-79140,ml
P00560,Thomas Sagar,M,2000-10-28,18-39,Pathanamthitta,+91-00536-55563,ta
P00561,Vincent Jani,M,2014-06-07,5-11,Malappuram,+91-00975-15420,hi
P00562,Eshana Munshi,F,1997-06-16,18-39,Pune,+91-00309-18302,ml
P00563,Orinder Rastogi,M,1987-02-22,18-39,Idukki,+91-00832-85050,ml
P00564,Reva Varma,F,2006-11-20,18-39,Kannur,+91-00838-23816,en
P00565,Nathaniel Khurana,M,1953-02-21,65+,Thiruvananthapuram,+91-00259-40216,ml
P00566,Divya Loke,F,1984-11-24,40-64,Kannur,+91-00772-75132,en
P00567,Krishna Dhaliwal,F,1930-08-01,65+,Kozhikode,+91-00988-78439,hi
P00568,Arya Mannan,F,2023-08-17,1-4,Coimbatore,+91-00954-26621,ml
P00569,Ubika Kothari,F,1987-07-19,18-39,Malappuram,+91-00605-53300,en
P00570,Nihal Munshi,M,1995-06-17,18-39,Pune,+91-00151-94703,ml
P00571,Fariq Tara,M,1965-03-04,40-64,Idukki,+91-00119-85487,ml
P00572,Zaid Morar,M,1983-01-30,40-64,Kozhikode,+91-00266-22158,ml
P00573,Alka Chana,F,1996-03-02,18-39,Kozhikode,+91-00601-46740,en
P00574,Zayyan Shankar,M,1981-10-07,40-64,Alappuzha,+91-00386-90328,en
P00575,Janaki Pandit,F,2009-10-18,12-17,Kodagu,+91-00699-60889,ml
P00576,Aryan Manda,M,1976-02-05,40-64,Kannur,+91-00787-80322,hi
P00577,Wahab Mangal,M,1972-02-12,40-64,Kanyakumari,+91-00180-44137,ml
P00578,Chatura Sankar,M,2001-03-21,18-39,Idukki,+91-00905-81440,hi
P00579,Libni Pau,F,1957-05-08,65+,Kanyakumari,+91-00060-24626,en
P00580,Qadim Bath,M,1963-06-01,40-64,Kottayam,+91-00264-51334,ml
P00581,Ati Hayer,F,1977-12-26,40-64,Pune,+91-00814-48306,ml
P00582,Maanas Borah,M,1998-05-16,18-39,Thiruvananthapuram,+91-00183-55732,ml
P00583,Zayyan Seshadri,M,2021-08-16,1-4,Palakkad,+91-00220-67809,ml
P00584,Daniel Dave,M,1990-01-13,18-39,Kollam,+91-00975-63234,hi
P00585,Ronith Prakash,M,1980-01-27,40-64,Kozhikode,+91-00912-54443,en
P00586,Rajeshri Dhawan,F,1968-07-29,40-64,Idukki,+91-00812-94009,ml
P00587,Yashoda Ratti,F,2018-09-20,5-11,Kanyakumari,+91-00173-66564,ml
P00588,Aradhana Barad,F,2007-04-08,18-39,Coimbatore,+91-00255-08467,ml
P00589,Ojas Som,M,1991-07-17,18-39,Idukki,+91-00235-14259,ta
P00590,Falan Varma,M,2018-03-09,5-11,Kannur,+91-00189-00669,en
P00591,Nihal Nagar,M,1930-08-01,65+,Malappuram,+91-00970-44032,ml
P00592,Ronith Mistry,M,1976-07-25,40-64,Ernakulam,+91-00166-34331,ml
P00593,Yashica Upadhyay,F,1962-09-07,40-64,Kottayam,+91-00746-63208,ml
P00594,Netra Soman,F,1984-03-03,40-64,Alappuzha,+91-00051-14785,ml
P00595,Qarin Narula,M,2018-09-15,5-11,Thiruvananthapuram,+91-00543-96985,ml
P00596,Sathvik Morar,M,1987-03-01,18-39,Thrissur,+91-00070-86236,ml
P00597,Warjas Lanka,M,1959-06-24,65+,Thrissur,+91-00061-49542,ta
P00598,Ati Srinivasan,F,1947-10-08,65+,Ernakulam,+91-00230-42346,ml
P00599,Ranveer Divan,M,1982-03-10,40-64,Pune,+91-00925-21579,hi
P00600,Amol Choudhary,M,1981-10-31,40-64,Thiruvananthapuram,+91-00638-33323,en
P00601,Adya Sastry,F,1986-04-23,18-39,Kanyakumari,+91-00651-05488,ml
P00602,Shaurya Doshi,M,1946-12-06,65+,Kannur,+91-00297-95774,ml
P00603,Harsh Roy,M,1965-12-26,40-64,Kozhikode,+91-00723-93673,ml
P00604,Bhavani Devi,F,1998-08-28,18-39,Thrissur,+91-00681-18527,en
P00605,Nicholas Sridhar,M,1938-02-09,65+,Pathanamthitta,+91-00461-87795,ml
P00606,Naksh Ghose,M,2012-10-16,12-17,Kanyakumari,+91-00682-52021,ta
P00607,Onveer Pandya,M,1950-04-09,65+,Kozhikode,+91-00867-11359,en
P00608,Wyatt Handa,M,2018-05-16,5-11,Kannur,+91-00960-12605,ml
P00609,Liam Misra,M,1982-02-17,40-64,Alappuzha,+91-00996-80452,ml
P00610,Manthan Mani,M,1982-08-01,40-64,Thrissur,+91-00488-47630,ml
P00611,Yash Nadig,M,1985-06-14,40-64,Idukki,+91-00032-31689,ml
P00612,Owen Mahal,M,1998-01-28,18-39,Malappuram,+91-00229-70675,ml
P00613,Divya Raghavan,F,1941-02-03,65+,Kozhikode,+91-00196-80593,ta
P00614,Orinder Dhingra,M,1983-02-17,40-64,Pathanamthitta,+91-00300-85028,ml
P00615,Anvi Mani,F,1998-04-19,18-39,Pathanamthitta,+91-00360-75254,ml
P00616,Prisha Sathe,F,1943-04-16,65+,Thiruvananthapuram,+91-00668-98955,en
P00617,Wakeeta Kala,F,1974-04-02,40-64,Pathanamthitta,+91-00525-35279,en
P00618,Krishna Magar,M,1972-12-12,40-64,Alappuzha,+91-00649-02978,ml
P00619,Chatura Khatri,M,2018-04-13,5-11,Kollam,+91-00971-67806,ml
P00620,Arya Wali,F,2024-08-30,<1,Idukki,+91-00049-17251,en
P00621,Jackson Ben,M,1993-05-25,18-39,Malappuram,+91-00014-66712,ml
P00622,Triveni Narayanan,F,1969-12-06,40-64,Kannur,+91-00665-16290,ml
P00623,Chandresh Devan,M,1996-12-14,18-39,Kottayam,+91-00546-48966,en
P00624,Gaurangi Ray,F,1990-09-18,18-39,Kollam,+91-00482-61802,en
P00625,William Iyengar,M,1977-03-27,40-64,Kozhikode,+91-00853-91447,ml
P00626,Oeshi Mangal,F,1963-02-01,40-64,Idukki,+91-00158-94401,ml
P00627,Chaitanya Kata,M,1992-07-31,18-39,Alappuzha,+91-00573-18106,en
P00628,Gagan Sahni,M,2016-05-05,5-11,Ernakulam,+91-00931-36979,ml
P00629,Anita Ranganathan,F,1986-02-17,18-39,Satara,+91-00445-96713,hi
P00630,Girik Mann,M,1958-07-17,65+,Idukki,+91-00579-14302,ml
P00631,Aayush Misra,M,1982-08-09,40-64,Pune,+91-00069-82047,en
P00632,Oliver Mane,M,1938-08-11,65+,Alappuzha,+91-00349-09963,hi
P00633,Yatin Desai,M,2020-06-24,5-11,Kollam,+91-00041-94545,ml
P00634,Madhavi Hans,F,1991-12-12,18-39,Pathanamthitta,+91-00572-52404,en
P00635,Noah Gaba,M,2024-02-19,1-4,Kannur,+91-00590-41874,ml
P00636,Kabir Grewal,M,2017-07-13,5-11,Thrissur,+91-00950-60207,en
P00637,Om Merchant,M,1930-08-01,65+,Palakkad,+91-00638-89353,hi
P00638,Gagan Ravi,M,1952-01-13,65+,Pune,+91-00002-31902,hi
P00639,Yasti Narang,F,2001-08-13,18-39,Thrissur,+91-00833-09625,ml
P00640,Suhani Chandran,F,1983-01-14,40-64,Kollam,+91-00329-16345,ta
P00641,Ekiya Sood,F,1977-04-05,40-64,Kozhikode,+91-00714-84379,ta
P00642,Jeet Ahuja,M,1978-09-08,40-64,Pathanamthitta,+91-00264-68754,ml
P00643,Sanaya Keer,F,2016-02-28,5-11,Palakkad,+91-00760-90552,ta
P00644,Lila Narayan,F,1979-01-31,40-64,Kanyakumari,+91-00927-45559,ml
P00645,Aashi Lal,F,1978-01-15,40-64,Ernakulam,+91-00079-74444,hi
P00646,Jacob Bhatia,M,1992-05-08,18-39,Kottayam,+91-00544-45926,ta
P00647,Viraj Mohanty,M,2018-07-31,5-11,Palakkad,+91-00540-64392,ml
P00648,Tanmayi Thakkar,F,1942-11-15,65+,Kollam,+91-00286-32825,ml
P00649,Dhriti Merchant,F,1967-12-12,40-64,Kottayam,+91-00341-49317,hi
P00650,Indrajit Kanda,M,2023-04-23,1-4,Thrissur,+91-00676-04206,ml
P00651,William Dua,M,1984-03-10,40-64,Alappuzha,+91-00292-72816,ml
P00652,Rachit Sagar,M,1977-06-06,40-64,Thiruvananthapuram,+91-00030-79537,ml
P00653,Ikbal Kota,M,1975-05-18,40-64,Palakkad,+91-00769-31907,ml
P00654,Udant Wable,M,1998-01-11,18-39,Idukki,+91-00625-49021,ml
P00655,Balvan Choudhury,M,1961-01-18,40-64,Idukki,+91-00250-14933,ml
P00656,Yashawini Jain,F,1989-09-13,18-39,Satara,+91-00961-85947,hi
P00657,Fitan Narang,M,1949-03-02,65+,Kollam,+91-00898-14075,ta
P00658,Devika Jha,F,2013-07-31,12-17,Pathanamthitta,+91-00964-62597,ta
P00659,Chakradev Uppal,M,1979-09-24,40-64,Coimbatore,+91-00512-34195,ml
P00660,Ayaan Setty,M,1960-07-30,65+,Kollam,+91-00235-32532,en
P00661,Yashvi Sagar,F,1968-04-21,40-64,Kodagu,+91-00173-79003,ml
P00662,Barkha Shere,F,2001-06-22,18-39,Malappuram,+91-00948-96713,en
P00663,Alka Randhawa,F,1952-01-21,65+,Thrissur,+91-00890-13231,ta
P00664,Aadhya Kamdar,F,2023-12-08,1-4,Alappuzha,+91-00740-85785,ml
P00665,Aradhana Sampath,F,1990-09-25,18-39,Idukki,+91-00510-55804,hi
P00666,Azad Bhasin,M,1989-05-27,18-39,Kannur,+91-00384-82246,ta
P00667,Warinder Balay,M,2005-06-10,18-39,Thiruvananthapuram,+91-00703-62910,ml
P00668,Samarth Gole,M,1978-11-01,40-64,Kozhikode,+91-00009-96049,hi
P00669,Shivansh Prasad,M,1958-11-15,65+,Kannur,+91-00524-95598,ta
P00670,Udarsh Purohit,M,1949-12-15,65+,Kozhikode,+91-00678-52080,ml
P00671,Banjeet Zacharia,M,2018-03-02,5-11,Thiruvananthapuram,+91-00753-24664,ml
P00672,Priya Dani,F,1982-10-05,40-64,Kozhikode,+91-00451-02513,en
P00673,Shravya Wadhwa,F,1966-08-27,40-64,Kozhikode,+91-00745-32403,en
P00674,Jasmit Aggarwal,F,1985-03-17,40-64,Thiruvananthapuram,+91-00095-79631,ml
P00675,Neha Sheth,F,1956-05-12,65+,Coimbatore,+91-00233-22380,ml
P00676,Ranveer Karpe,M,1983-08-26,40-64,Kollam,+91-00144-60344,ml
P00677,Veda Pal,F,1996-08-17,18-39,Pune,+91-00339-57062,ml
P00678,Manya Gulati,F,1978-04-29,40-64,Kollam,+91-00344-75327,ml
P00679,Amol Saini,M,2016-07-06,5-11,Alappuzha,+91-00373-79280,ml
P00680,Kavya Jhaveri,F,1978-08-03,40-64,Malappuram,+91-00465-01489,ta
P00681,Chandresh Bandi,M,2015-03-02,5-11,Kollam,+91-00436-24507,ml
P00682,Arunima Konda,F,1994-09-25,18-39,Pathanamthitta,+91-00490-12473,en
P00683,Sai Sarna,M,2023-06-03,1-4,Thiruvananthapuram,+91-00752-62451,en
P00684,Ikbal Bhalla,M,1987-04-08,18-39,Kannur,+91-00142-97832,hi
P00685,Zayan Mann,M,1995-04-16,18-39,Thiruvananthapuram,+91-00350-20988,hi
P00686,Odika Nagi,F,2005-01-13,18-39,Malappuram,+91-00000-24669,hi
P00687,Matthew Dhar,M,2002-07-17,18-39,Palakkad,+91-00028-48300,ml
P00688,Samuel Mital,M,1945-11-20,65+,Thrissur,+91-00606-37002,ml
P00689,Bhavani Gill,F,1987-12-06,18-39,Idukki,+91-00876-96606,ml
P00690,Yachana Batta,F,1975-05-16,40-64,Kottayam,+91-00305-63770,ml
P00691,Sai Vohra,F,1985-10-27,18-39,Pune,+91-00401-27377,ml
P00692,Turvi Rege,F,1945-01-18,65+,Kannur,+91-00209-52155,ml
P00693,Mason Puri,M,1995-03-23,18-39,Kodagu,+91-00142-67240,ml
P00694,Warjas Khosla,M,1981-03-19,40-64,Kozhikode,+91-00884-36814,ml
P00695,Mason Dhawan,M,1990-11-02,18-39,Kannur,+91-00572-97608,en
P00696,Ayush Sachar,M,1960-11-16,40-64,Pune,+91-00704-40390,hi
P00697,Ekalinga Rama,M,1975-08-05,40-64,Ernakulam,+91-00881-04244,ml
P00698,Joshua Jani,M,1981-11-24,40-64,Kodagu,+91-00588-25246,ml
P00699,Balveer Sengupta,M,2001-02-23,18-39,Thiruvananthapuram,+91-00180-51689,ml
P00700,Chakradhar Wason,M,1930-08-01,65+,Kollam,+91-00713-73817,ml
P00701,Atharv Loyal,M,1985-05-02,40-64,Thrissur,+91-00747-28864,ta
P00702,Anusha Bora,F,1997-06-01,18-39,Ernakulam,+91-00413-11319,ml
P00703,Ikbal Srinivas,M,2024-09-23,<1,Ernakulam,+91-00616-80388,ml
P00704,Osha Mitter,F,2002-11-21,18-39,Thrissur,+91-00484-31270,en
P00705,Hitesh Gupta,M,1982-01-28,40-64,Thrissur,+91-00332-65008,ml
P00706,Wakeeta Kibe,F,1960-06-14,65+,Kanyakumari,+91-00672-47627,en
P00707,Rushil Khatri,M,1976-12-22,40-64,Kottayam,+91-00247-41056,ml
P00708,Megha Rai,F,2004-06-11,18-39,Kottayam,+91-00327-09799,ml
P00709,Praneel Morar,M,1982-02-10,40-64,Kozhikode,+91-00405-84899,ml
P00710,Pranit Varghese,M,1952-04-28,65+,Malappuram,+91-00614-13351,en
P00711,Vidhi Chaudhari,F,1988-06-26,18-39,Kannur,+91-00852-21340,ml
P00712,Nathaniel Jani,M,1976-11-30,40-64,Kottayam,+91-00614-56766,ml
P00713,Nirja Sachdev,F,1987-10-16,18-39,Thiruvananthapuram,+91-00726-76627,en
P00714,Janya Dhingra,F,1972-06-14,40-64,Pune,+91-00292-77772,en
P00715,Kalpit Sahni,M,1995-06-07,18-39,Thiruvananthapuram,+91-00587-34969,ml
P00716,Ganga Hayre,F,2013-07-31,12-17,Malappuram,+91-00103-56848,hi
P00717,Jyoti Raghavan,F,2000-07-02,18-39,Kottayam,+91-00463-47056,en
P00718,Zaid Nazareth,M,2013-08-18,5-11,Ernakulam,+91-00689-70887,hi
P00719,Wishi Swaminathan,F,1983-12-11,40-64,Kannur,+91-00179-29637,ml
P00720,Frado Pandey,M,1989-11-15,18-39,Idukki,+91-00902-59401,en
P00721,Ekiya Suresh,F,1990-03-07,18-39,Pathanamthitta,+91-00417-97254,ml
P00722,Bhanumati Viswanathan,F,1960-03-21,65+,Kozhikode,+91-00671-84955,ml
P00723,Bishakha Bava,F,2024-08-31,<1,Thiruvananthapuram,+91-00469-16343,ml
P00724,Triveni Devan,F,1981-12-28,40-64,Alappuzha,+91-00732-81649,ml
P00725,Bahadurjit Dora,M,2015-12-19,5-11,Thrissur,+91-00584-43287,ta
P00726,Janani Tiwari,F,2015-01-01,5-11,Ernakulam,+91-00122-24571,ta
P00727,Rachit Bhasin,M,1977-07-02,40-64,Palakkad,+91-00924-16842,ml
P00728,Widisha Babu,F,2021-08-24,1-4,Idukki,+91-00660-66323,ml
P00729,Samesh Arora,M,1999-02-25,18-39,Idukki,+91-00472-99676,ml
P00730,Zilmil Maharaj,F,1943-05-26,65+,Kottayam,+91-00676-96670,en
P00731,Adweta Thakkar,F,1997-07-18,18-39,Coimbatore,+91-00260-74074,ml
P00732,Gaurav Chhabra,M,2014-12-10,5-11,Thiruvananthapuram,+91-00768-91882,en
P00733,Falan Khosla,M,2017-05-21,5-11,Pune,+91-00411-33227,ml
P00734,Zansi Krishnan,F,1931-06-14,65+,Idukki,+91-00805-71896,en
P00735,Kiaan Ranganathan,M,2023-08-18,1-4,Idukki,+91-00274-30451,ta
P00736,Rachit Ravi,M,1974-03-19,40-64,Kozhikode,+91-00790-56953,ml
P00737,Keya Kara,F,1996-05-25,18-39,Idukki,+91-00906-63050,ta
P00738,Chaitaly Balay,F,2012-02-06,12-17,Palakkad,+91-00980-32738,ta
P00739,Tanmayi Raghavan,F,1989-04-04,18-39,Coimbatore,+91-00776-19012,ml
P00740,Vyanjana Bhalla,F,1992-03-07,18-39,Kanyakumari,+91-00704-41754,ml
P00741,Harinakshi Butala,F,2016-12-04,5-11,Thrissur,+91-00519-80766,en
P00742,Urishilla Narula,F,2017-11-13,5-11,Kozhikode,+91-00105-22364,ml
P00743,Zarna Basak,F,1981-12-15,40-64,Idukki,+91-00559-41420,hi
P00744,Hitesh Soman,M,2014-10-26,5-11,Kannur,+91-00563-43057,ml
P00745,Arin Borde,M,2011-02-17,12-17,Pathanamthitta,+91-00064-93647,en
P00746,Amol Gola,M,2001-07-07,18-39,Thiruvananthapuram,+91-00690-61003,en
P00747,Abhiram Johal,M,1995-12-10,18-39,Thrissur,+91-00148-19748,ml
P00748,Sneha Bose,F,1959-01-05,65+,Alappuzha,+91-00596-05269,ml
P00749,Finn Khosla,M,1959-07-19,65+,Kozhikode,+91-00472-88925,ta
P00750,Oni Rajagopalan,F,1975-08-11,40-64,Kollam,+91-00875-51476,ml
P00751,Chaaya Tella,F,1988-07-02,18-39,Thiruvananthapuram,+91-00232-07397,ml
P00752,Avi Chaudhari,M,1957-04-11,65+,Malappuram,+91-00171-28062,hi
P00753,Kala Borra,F,1978-03-05,40-64,Thrissur,+91-00551-72560,ml
P00754,Sneha Narain,F,1958-11-18,65+,Pune,+91-00460-82655,ta
P00755,Laban Seshadri,M,1974-08-22,40-64,Alappuzha,+91-00161-42345,ml
P00756,Ishaan Parekh,M,2006-10-31,18-39,Kollam,+91-00613-05391,en
P00757,Tarak Grewal,M,2012-03-15,12-17,Thiruvananthapuram,+91-00905-99511,en
P00758,Brijesh Merchant,M,1990-02-12,18-39,Ernakulam,+91-00740-70286,ml
P00759,Balhaar Butala,M,2022-08-19,1-4,Kollam,+91-00209-18291,ml
P00760,Ganga Rai,F,1992-05-15,18-39,Kannur,+91-00238-13506,ml
P00761,Saumya Nadig,F,1951-09-30,65+,Kollam,+91-00557-95722,en
P00762,Chatresh Chand,M,2014-08-26,5-11,Kodagu,+91-00677-88134,ml
P00763,Mitesh Saxena,M,2016-08-17,5-11,Thrissur,+91-00978-66219,ml
P00764,Krishna Chaudry,M,2014-05-27,5-11,Malappuram,+91-00104-93043,en
P00765,Chameli Grover,F,1998-04-09,18-39,Kollam,+91-00546-54731,hi
P00766,Udarsh Vala,M,2020-07-26,5-11,Kollam,+91-00987-68395,ml
P00767,Charan Bal,M,1972-08-13,40-64,Idukki,+91-00110-76489,en
P00768,Raagini Chander,F,2018-02-25,5-11,Thrissur,+91-00972-23750,ta
P00769,Sanya Arora,F,2021-04-20,1-4,Palakkad,+91-00462-10370,ml
P00770,Samuel Rama,M,1993-03-25,18-39,Kottayam,+91-00717-14291,hi
P00771,Keya Verma,F,1978-12-04,40-64,Alappuzha,+91-00425-65072,en
P00772,Sachi Gara,F,1995-09-21,18-39,Satara,+91-00841-31952,en
P00773,Krish Mitra,M,1959-06-26,65+,Alappuzha,+91-00908-02421,en
P00774,Yatin Dhingra,M,1954-01-27,65+,Kollam,+91-00166-11881,ml
P00775,Fiyaz Saran,M,2022-10-29,1-4,Idukki,+91-00747-36180,en
P00776,Shivansh Mistry,M,1974-03-25,40-64,Kottayam,+91-00020-78817,en
P00777,Balvan Patel,M,1992-04-19,18-39,Ernakulam,+91-00276-68221,ml
P00778,Krishna Tandon,F,2018-12-15,5-11,Palakkad,+91-00552-11151,ml
P00779,Vasudha Chhabra,F,1973-06-28,40-64,Palakkad,+91-00603-86109,en
P00780,Max Ahuja,M,1979-11-09,40-64,Malappuram,+91-00365-83348,ml
P00781,Osha Rai,F,1985-05-11,40-64,Pathanamthitta,+91-00270-28293,ml
P00782,Thomas Natt,M,2005-05-19,18-39,Thiruvananthapuram,+91-00171-21164,ml
P00783,Ekansh Mital,M,1930-08-01,65+,Kannur,+91-00239-64967,ml
P00784,Harish Srinivas,M,2001-08-23,18-39,Alappuzha,+91-00130-54452,ml
P00785,Hema Rao,F,1943-01-07,65+,Kottayam,+91-00261-14676,ml
P00786,Madhav Swaminathan,M,1969-04-10,40-64,Ernakulam,+91-00821-53996,ml
P00787,Nicholas Puri,M,1991-07-25,18-39,Kozhikode,+91-00287-63859,ml
P00788,Ronith Patla,M,1993-10-14,18-39,Pathanamthitta,+91-00907-28274,hi
P00789,Harish Gole,M,2005-10-17,18-39,Coimbatore,+91-00245-68265,ta
P00790,Vedhika Kadakia,F,1982-05-18,40-64,Kottayam,+91-00491-67364,ml
P00791,Madhav Biswas,M,2006-03-08,18-39,Satara,+91-00167-93297,ml
P00792,Zaid Dewan,M,1957-11-21,65+,Kottayam,+91-00017-27372,ml
P00793,Kavya Krishnan,F,1977-11-30,40-64,Kozhikode,+91-00625-52030,ml
P00794,Siddharth Purohit,M,2024-02-15,1-4,Idukki,+91-00337-97681,en
P00795,Udarsh Srinivas,M,2016-04-21,5-11,Kannur,+91-00345-67841,en
P00796,Zehaan Sahota,M,1977-02-04,40-64,Ernakulam,+91-00407-44046,ml
P00797,Radha Yadav,F,2019-04-22,5-11,Kanyakumari,+91-00777-35421,ta
P00798,Chatura Kothari,M,2014-09-11,5-11,Kozhikode,+91-00399-78188,ta
P00799,Geetika Basu,F,1939-03-27,65+,Palakkad,+91-00086-43229,ml
P00800,Oni Sani,F,1960-09-22,40-64,Alappuzha,+91-00278-48233,en
P00801,Abdul Chaudhari,M,1970-04-15,40-64,Alappuzha,+91-00576-42906,ml
P00802,Janya Uppal,F,1991-07-23,18-39,Satara,+91-00993-91278,en
P00803,Vansha Prasad,F,2009-06-12,12-17,Kodagu,+91-00143-64324,ml
P00804,Vedika Tella,F,1972-12-23,40-64,Kollam,+91-00323-71500,ml
P00805,Orinder Bakshi,M,2019-06-08,5-11,Pathanamthitta,+91-00485-95357,ml
P00806,Charles Merchant,M,2016-11-02,5-11,Kollam,+91-00944-05668,ml
P00807,Brijesh D’Alia,M,1984-06-16,40-64,Pathanamthitta,+91-00108-02282,ml
P00808,Priya Muni,F,2015-08-11,5-11,Kottayam,+91-00793-22861,en
P00809,Vasatika Jhaveri,F,1997-09-03,18-39,Kannur,+91-00722-33229,ml
P00810,Priya Soni,F,1960-09-02,40-64,Kollam,+91-00306-60415,hi
P00811,Theodore Sethi,M,2019-05-17,5-11,Coimbatore,+91-00773-56649,ml
P00812,Bhavna Mital,F,2024-08-05,<1,Satara,+91-00574-73659,hi
P00813,Deepa Bajaj,F,1950-05-05,65+,Kottayam,+91-00171-59202,ml
P00814,Chatura Gala,M,1973-06-12,40-64,Ernakulam,+91-00285-15487,ml
P00815,Gagan Dutta,M,2019-04-04,5-11,Thrissur,+91-00328-19236,ml
P00816,Unni Shere,F,1997-10-14,18-39,Pathanamthitta,+91-00323-02353,ml
P00817,Samaksh Gour,M,1995-11-21,18-39,Kozhikode,+91-00746-34836,ml
P00818,Upma Randhawa,F,1990-04-24,18-39,Palakkad,+91-00660-74940,en
P00819,Ira Sengupta,F,2003-05-03,18-39,Kollam,+91-00819-07778,ml
P00820,Saumya Agrawal,F,1996-11-14,18-39,Coimbatore,+91-00510-41675,ml
P00821,Harshil Mallick,M,2017-03-17,5-11,Kottayam,+91-00350-80665,ml
P00822,Dalaja Yadav,F,1991-04-02,18-39,Pathanamthitta,+91-00067-31013,en
P00823,Rajeshri Nanda,F,1979-09-26,40-64,Satara,+91-00794-39467,ml
P00824,Vasudha Comar,F,1960-10-10,40-64,Kollam,+91-00074-17349,ml
P00825,Yash Wable,M,1979-11-20,40-64,Thiruvananthapuram,+91-00301-24811,ml
P00826,Sara Ramanathan,F,2023-08-07,1-4,Alappuzha,+91-00668-17139,en
P00827,Owen Pandey,M,2006-05-06,18-39,Kottayam,+91-00764-31158,en
P00828,Gabriel Mishra,M,1961-04-06,40-64,Ernakulam,+91-00068-01130,ml
P00829,Ekalinga Munshi,M,2006-08-04,18-39,Malappuram,+91-00607-73481,ml
P00830,Kashvi Mody,F,1992-04-21,18-39,Idukki,+91-00137-30901,ml
P00831,Hemani Prakash,F,2000-06-02,18-39,Thrissur,+91-00757-86780,ml
P00832,Yashodhara Rama,F,2009-05-26,12-17,Thiruvananthapuram,+91-00729-61768,en
P00833,Ekapad Rajagopal,M,1980-11-25,40-64,Idukki,+91-00748-29701,en
P00834,Girik Sur,M,1972-05-28,40-64,Pune,+91-00063-56421,ml
P00835,Fiyaz Suri,M,1949-07-06,65+,Kannur,+91-00559-80324,en
P00836,Ekiya Grover,F,1978-03-02,40-64,Kozhikode,+91-00240-88904,ml
P00837,Umang Bera,M,1996-12-13,18-39,Kottayam,+91-00495-44213,en
P00838,Aarna Sundaram,F,1991-08-12,18-39,Ernakulam,+91-00989-54350,en
P00839,Indali Rajagopalan,F,2008-03-11,12-17,Kanyakumari,+91-00090-25368,en
P00840,Tara Swamy,F,1990-01-09,18-39,Coimbatore,+91-00594-23029,ml
P00841,Vamakshi Suresh,F,2020-12-31,1-4,Kozhikode,+91-00164-29669,ml
P00842,Chakrika Balasubramanian,F,1973-05-11,40-64,Ernakulam,+91-00510-09275,ml
P00843,Mugdha Bali,F,1967-05-31,40-64,Kollam,+91-00520-72721,ml
P00844,Isaiah Yogi,M,1974-02-01,40-64,Kollam,+91-00456-69406,ml
P00845,Hamsini Shankar,F,2019-12-26,5-11,Thiruvananthapuram,+91-00639-49627,en
P00846,Daksh Comar,M,2001-10-16,18-39,Idukki,+91-00974-61169,en
P00847,Qadim Barman,M,1969-03-07,40-64,Thiruvananthapuram,+91-00805-64086,en
P00848,Janani Sandal,F,2009-09-05,12-17,Ernakulam,+91-00958-43117,en
P00849,Jatin Mishra,M,2024-04-16,1-4,Palakkad,+91-00189-18159,ml
P00850,Umang Lall,M,1995-09-29,18-39,Palakkad,+91-00993-79855,ml
P00851,Chameli Sarna,F,2013-08-26,5-11,Thrissur,+91-00305-44757,ml
P00852,Jagat Kadakia,M,1993-04-22,18-39,Alappuzha,+91-00034-95302,en
P00853,Tanish Gandhi,M,1971-11-16,40-64,Thrissur,+91-00436-38460,ml
P00854,Ishanvi Jhaveri,F,2001-05-25,18-39,Satara,+91-00246-08227,ml
P00855,Parth Walia,M,1982-10-13,40-64,Ernakulam,+91-00762-22283,ml
P00856,Frado Naik,M,2007-08-18,12-17,Coimbatore,+91-00086-97852,en
P00857,Maanav Loke,M,1977-02-01,40-64,Idukki,+91-00548-07712,hi
P00858,Ekansh Sabharwal,M,2001-08-04,18-39,Palakkad,+91-00289-55362,ta
P00859,Manya Date,F,1999-11-05,18-39,Ernakulam,+91-00206-99003,ml
P00860,Jeet Dhingra,M,1990-10-26,18-39,Malappuram,+91-00875-88570,ml
P00861,Krishna Ramaswamy,F,1987-09-02,18-39,Coimbatore,+91-00515-98832,ml
P00862,Ekavir Luthra,M,1973-04-29,40-64,Ernakulam,+91-00325-55537,en
P00863,Raghav Seth,M,1975-07-13,40-64,Kozhikode,+91-00746-50524,ml
P00864,Charita Rau,F,1980-11-08,40-64,Coimbatore,+91-00853-10386,ml
P00865,Qarin Sha,M,2017-06-24,5-11,Kannur,+91-00442-82990,ml
P00866,Nihal Agate,M,1976-02-15,40-64,Thiruvananthapuram,+91-00182-38503,ml
P00867,Veer Parmar,M,1974-08-10,40-64,Thiruvananthapuram,+91-00994-61352,hi
P00868,Sneha Kamdar,F,1999-12-14,18-39,Coimbatore,+91-00358-36313,ml
P00869,Jagvi Talwar,F,2023-12-16,1-4,Kozhikode,+91-00205-73479,hi
P00870,Neel Mander,M,1965-12-08,40-64,Pune,+91-00103-20807,ml
P00871,Dhruv Sundaram,M,1979-12-05,40-64,Kottayam,+91-00123-75385,ml
P00872,Arunima Batra,F,2022-01-15,1-4,Kannur,+91-00943-08718,en
P00873,Victor Babu,M,1984-03-13,40-64,Kannur,+91-00946-91635,ml
P00874,Gaurangi Sastry,F,1947-11-13,65+,Kanyakumari,+91-00507-03703,ta
P00875,Aadi Sangha,M,1981-09-19,40-64,Malappuram,+91-00692-52462,ml
P00876,Ekaja Mittal,F,1984-10-20,40-64,Kollam,+91-00832-29495,ml
P00877,Laksh Chander,M,1975-12-21,40-64,Malappuram,+91-00557-89185,ml
P00878,Jeremiah Butala,M,1940-12-23,65+,Palakkad,+91-00666-64627,hi
P00879,Fitan Ben,M,1992-11-07,18-39,Kottayam,+91-00966-48957,en
P00880,Michael Kaur,M,1977-05-06,40-64,Pathanamthitta,+91-00172-97618,en
P00881,Chandani Chandran,F,1991-10-10,18-39,Coimbatore,+91-00138-55115,en
P00882,Hredhaan Sood,M,1984-10-29,40-64,Pathanamthitta,+91-00753-78707,ml
P00883,Ekaja Kara,F,1997-01-03,18-39,Ernakulam,+91-00703-42537,ta
P00884,Aarna Anand,F,1975-03-05,40-64,Palakkad,+91-00185-03824,ml
P00885,Dipta Sami,F,1983-04-06,40-64,Satara,+91-00302-97202,ta
P00886,Waida Bobal,F,1967-05-18,40-64,Malappuram,+91-00685-40694,en
P00887,Rehaan Chakraborty,M,1960-08-14,40-64,Kottayam,+91-00494-33414,ml
P00888,Dalaja Munshi,F,2023-08-09,1-4,Thiruvananthapuram,+91-00893-45349,en
P00889,Netra Devan,F,2015-06-18,5-11,Kottayam,+91-00837-05104,en
P00890,Ekani Dhar,F,1975-12-06,40-64,Kottayam,+91-00487-60297,ml
P00891,Zilmil Anand,F,1954-07-24,65+,Kannur,+91-00666-02378,en
P00892,Urvi Panchal,F,1997-02-07,18-39,Idukki,+91-00643-83932,ml
P00893,Forum Sabharwal,F,1981-04-27,40-64,Kollam,+91-00092-33075,ta
P00894,Ikbal Chadha,M,2015-05-29,5-11,Kanyakumari,+91-00425-25438,ta
P00895,Ekaraj Dasgupta,M,1941-06-18,65+,Thiruvananthapuram,+91-00439-89309,ml
P00896,Parth Sanghvi,M,1954-11-28,65+,Thiruvananthapuram,+91-00897-60122,ml
P00897,Ekiya Kota,F,1972-05-05,40-64,Ernakulam,+91-00885-81516,ml
P00898,Chaman Kothari,F,1972-09-11,40-64,Thiruvananthapuram,+91-00057-38694,en
P00899,Agastya Mitra,M,1994-12-30,18-39,Pathanamthitta,+91-00845-44240,ta
P00900,Yochana Upadhyay,F,1951-05-12,65+,Satara,+91-00611-41204,en
P00901,Shivani Merchant,F,1988-06-07,18-39,Kanyakumari,+91-00016-56498,ta
P00902,Jagdish Talwar,M,1993-08-28,18-39,Kozhikode,+91-00381-77396,en
P00903,Dayita Khosla,F,2023-11-02,1-4,Malappuram,+91-00888-10457,ml
P00904,Balendra Wable,M,1989-12-15,18-39,Thiruvananthapuram,+91-00358-39269,hi
P00905,Radha Nadig,F,1993-01-26,18-39,Kannur,+91-00676-39620,ml
P00906,Rishi Salvi,M,1965-12-16,40-64,Ernakulam,+91-00565-90831,ml
P00907,Gabriel Sinha,M,2000-11-09,18-39,Kollam,+91-00589-09843,ml
P00908,Abhiram Bir,M,2018-01-25,5-11,Kottayam,+91-00480-88652,ml
P00909,Karan Kale,M,1981-02-07,40-64,Thrissur,+91-00482-98291,en
P00910,Bhanumati Rao,F,1968-01-17,40-64,Thiruvananthapuram,+91-00902-26399,ml
P00911,Zashil Sagar,M,1974-07-13,40-64,Alappuzha,+91-00413-18510,ml
P00912,Suhani Butala,F,1930-08-01,65+,Kottayam,+91-00191-36776,ml
P00913,Liam Chacko,M,1979-05-06,40-64,Ernakulam,+91-00419-35042,ml
P00914,Balveer Vaidya,M,1990-01-01,18-39,Thiruvananthapuram,+91-00732-15196,ml
P00915,Faras Yadav,M,1983-02-28,40-64,Palakkad,+91-00475-88868,ta
P00916,Rohan Bhatti,M,1974-10-05,40-64,Pathanamthitta,+91-00732-20443,ml
P00917,Urmi Khare,F,2015-12-30,5-11,Palakkad,+91-00239-92604,en
P00918,Jason Chadha,M,2016-03-29,5-11,Alappuzha,+91-00582-87976,ml
P00919,Dalbir Setty,M,1995-09-20,18-39,Idukki,+91-00864-44148,ml
P00920,Nilima Gill,F,1930-08-01,65+,Palakkad,+91-00529-36832,en
P00921,Abeer Devan,M,2019-12-11,5-11,Malappuram,+91-00636-64972,ml
P00922,Finn Taneja,M,1996-06-27,18-39,Thiruvananthapuram,+91-00678-86092,ml
P00923,Yutika Varughese,F,1999-11-13,18-39,Thrissur,+91-00739-10176,ml
P00924,Geetika Prabhu,F,2002-01-02,18-39,Kannur,+91-00350-56997,en
P00925,Lipika Dalal,F,2018-10-22,5-11,Pathanamthitta,+91-00626-86433,ta
P00926,Oliver Sanghvi,M,1983-05-11,40-64,Thrissur,+91-00416-82172,ml
P00927,Azad Lall,M,2015-09-27,5-11,Ernakulam,+91-00390-14609,en
P00928,Yadavi Shah,F,2003-07-23,18-39,Kanyakumari,+91-00475-14919,ml
P00929,Ayaan Tata,M,1999-08-12,18-39,Ernakulam,+91-00407-24239,en
P00930,Qarin Dugar,M,1970-02-26,40-64,Pune,+91-00025-66353,hi
P00931,Dalaja D’Alia,F,1988-02-28,18-39,Malappuram,+91-00741-13186,ml
P00932,Yashoda Agate,F,1998-04-19,18-39,Palakkad,+91-00584-50211,ml
P00933,Abha Konda,F,1981-03-03,40-64,Kottayam,+91-00137-60835,en
P00934,Vrishti Patla,F,1977-08-02,40-64,Palakkad,+91-00261-82200,ml
P00935,Falan Gola,M,1975-05-18,40-64,Kollam,+91-00611-11157,ta
P00936,Ubika Kapur,F,1981-11-17,40-64,Idukki,+91-00518-11676,en
P00937,Jeet Saha,M,1984-09-12,40-64,Kottayam,+91-00723-29742,hi
P00938,Krishna Brahmbhatt,M,2020-10-19,1-4,Malappuram,+91-00489-69604,ml
P00939,Dipta Thakkar,F,1999-02-17,18-39,Kozhikode,+91-00844-51227,en
P00940,Gaurav Kapoor,M,2015-07-17,5-11,Kodagu,+91-00077-25875,ml
P00941,Suhani Biswas,F,2008-06-16,12-17,Alappuzha,+91-00613-04190,en
P00942,Lohit Mukhopadhyay,M,1989-02-17,18-39,Coimbatore,+91-00371-32341,hi
P00943,Chameli Shan,F,2023-09-22,1-4,Kanyakumari,+91-00306-95377,en
P00944,Qarin Iyer,M,1966-03-16,40-64,Kanyakumari,+91-00943-89725,en
P00945,Nidra Kibe,F,2008-03-14,12-17,Kozhikode,+91-00863-89351,ml
P00946,Qarin Tak,M,1980-05-31,40-64,Alappuzha,+91-00183-39343,ml
P00947,Jason Dora,M,1938-04-19,65+,Coimbatore,+91-00057-79719,en
P00948,Samarth Bajwa,M,2013-07-31,12-17,Palakkad,+91-00867-02896,ml
P00949,Prisha Andra,F,1973-10-19,40-64,Kozhikode,+91-00169-16885,ml
P00950,Aachal Puri,F,2001-04-20,18-39,Pathanamthitta,+91-00928-79036,en
P00951,Damini Jha,F,1989-02-07,18-39,Pathanamthitta,+91-00277-04567,en
P00952,Shaurya Swamy,M,1973-02-03,40-64,Alappuzha,+91-00411-58443,ml
P00953,Ekavir Mammen,M,1993-04-28,18-39,Thrissur,+91-00044-46888,ml
P00954,Anthony Kata,M,2024-12-09,<1,Idukki,+91-00537-98116,ml
P00955,Ria Shanker,F,1979-05-17,40-64,Coimbatore,+91-00188-18343,en
P00956,Champak Tiwari,M,1984-05-10,40-64,Thiruvananthapuram,+91-00431-31954,ta
P00957,Shravya Borde,F,2002-06-19,18-39,Kollam,+91-00919-78705,ml
P00958,Urishilla De,F,1994-11-01,18-39,Kottayam,+91-00252-33488,ml
P00959,Madhav Lal,M,1934-07-09,65+,Pathanamthitta,+91-00634-87154,ta
P00960,Shravya Narain,F,1990-02-17,18-39,Idukki,+91-00201-29609,ml
P00961,Varsha Magar,F,1988-04-09,18-39,Kozhikode,+91-00609-85983,en
P00962,Bishakha Jain,F,1988-05-09,18-39,Satara,+91-00289-46749,ml
P00963,Chatura Dugal,M,2019-07-26,5-11,Pathanamthitta,+91-00681-42528,ta
P00964,Fitan Sengupta,M,2021-10-16,1-4,Alappuzha,+91-00770-51504,en
P00965,Naksh Ray,M,1987-06-23,18-39,Kozhikode,+91-00880-60739,ml
P00966,Praneel Johal,M,1983-12-17,40-64,Alappuzha,+91-00918-85966,ml
P00967,Mitesh Sheth,M,1980-05-27,40-64,Kozhikode,+91-00241-89731,ml
P00968,Darpan Chana,M,2022-01-28,1-4,Palakkad,+91-00128-28275,ml
P00969,Nidra Baria,F,1983-11-17,40-64,Kanyakumari,+91-00048-10422,ml
P00970,Omisha Divan,F,1981-12-17,40-64,Thiruvananthapuram,+91-00720-11110,ml
P00971,Jeet Parekh,M,1992-08-23,18-39,Satara,+91-00186-40830,en
P00972,Aryan Mistry,M,2024-12-04,<1,Pune,+91-00800-81087,ml
P00973,Harita Balasubramanian,F,2019-02-12,5-11,Thiruvananthapuram,+91-00964-05513,ml
P00974,Varsha Krish,F,1970-06-28,40-64,Thrissur,+91-00147-39885,ta
P00975,Vihaan Chaudry,M,1940-07-22,65+,Idukki,+91-00283-09718,ml
P00976,Divya Arora,F,1995-10-14,18-39,Alappuzha,+91-00524-46879,ml
P00977,Indrajit De,M,1983-02-23,40-64,Satara,+91-00430-02255,en
P00978,Sai Pradhan,M,1987-05-15,18-39,Pathanamthitta,+91-00425-45817,en
P00979,Kai Borde,M,1947-01-30,65+,Alappuzha,+91-00217-79489,ml
P00980,Bhavini Hora,F,1969-08-11,40-64,Thiruvananthapuram,+91-00889-92891,hi
P00981,Devansh Chanda,M,2005-07-01,18-39,Palakkad,+91-00681-67600,ml
P00982,Divya Basak,F,1993-11-06,18-39,Kanyakumari,+91-00153-39411,ml
P00983,Arya Ganguly,F,1989-04-21,18-39,Palakkad,+91-00004-55936,ml
P00984,Siya Taneja,F,2004-02-27,18-39,Malappuram,+91-00762-66903,ml
P00985,Rayaan Sandhu,M,2017-07-20,5-11,Thiruvananthapuram,+91-00015-55638,ml
P00986,Raagini Kala,F,1992-01-09,18-39,Kozhikode,+91-00880-10204,ml
P00987,Mahika Mammen,F,1938-12-21,65+,Idukki,+91-00529-25027,en
P00988,Falan Banerjee,M,2020-12-26,1-4,Ernakulam,+91-00930-55067,ml
P00989,Manbir Tara,M,1989-11-28,18-39,Palakkad,+91-00771-52450,ta
P00990,Wriddhish Bhat,M,1998-05-14,18-39,Satara,+91-00894-28742,ml
P00991,Logan Rajagopal,M,1984-09-03,40-64,Kozhikode,+91-00743-42932,en
P00992,Shaurya Iyengar,M,1949-12-08,65+,Malappuram,+91-00576-68594,ml
P00993,Aditya Raja,M,1987-03-08,18-39,Ernakulam,+91-00173-86794,ml
P00994,Wriddhish Sundaram,M,1984-07-09,40-64,Thiruvananthapuram,+91-00727-40927,en
P00995,Zayan Nagy,M,1930-08-01,65+,Thrissur,+91-00592-66353,ml
P00996,Lopa Gole,F,1960-07-19,65+,Malappuram,+91-00454-63502,en
P00997,Odika Kanda,F,1978-06-25,40-64,Kozhikode,+91-00558-77941,en
P00998,Meera Bhardwaj,F,2015-10-13,5-11,Palakkad,+91-00232-00415,en
P00999,Praneel Kaul,M,1976-07-07,40-64,Kottayam,+91-00404-82456,en
P01000,Chandresh Kota,M,1977-08-25,40-64,Alappuzha,+91-00124-86117,ta
P01001,Lila Walla,F,2020-01-25,5-11,Kollam,+91-00409-20861,ml
P01002,Januja Rama,F,2000-01-12,18-39,Kozhikode,+91-00466-81163,hi
P01003,Gabriel Goda,M,2018-09-18,5-11,Satara,+91-00857-61306,ml
P01004,Nathan Parmer,M,2023-08-16,1-4,Thrissur,+91-00527-80657,ml
P01005,Patrick Dhar,M,1984-08-27,40-64,Malappuram,+91-00908-79542,hi
P01006,Xiti More,F,2001-01-23,18-39,Malappuram,+91-00967-83118,ml
P01007,Yatan Barad,M,1960-04-29,65+,Pathanamthitta,+91-00048-01967,ta
P01008,Ayaan Kaul,M,1995-10-15,18-39,Pathanamthitta,+91-00597-95713,en
P01009,Aishani Vyas,F,1998-05-27,18-39,Pathanamthitta,+91-00299-96622,ta
P01010,Aadi Narula,M,2003-06-27,18-39,Kodagu,+91-00851-14079,ml
P01011,Eiravati Oak,F,1970-09-30,40-64,Thiruvananthapuram,+91-00494-22116,en
P01012,Neel Bhargava,M,1984-09-05,40-64,Thrissur,+91-00078-69086,ml
P01013,Ethan Dhar,M,1961-04-28,40-64,Idukki,+91-00215-55972,ml
P01014,Qabil Bora,M,1992-07-18,18-39,Malappuram,+91-00673-43204,en
P01015,Siya Chaudhuri,F,2000-04-29,18-39,Alappuzha,+91-00079-06912,en
P01016,Matthew Naidu,M,2024-10-13,<1,Pune,+91-00379-04265,en
P01017,Farhan Sarkar,M,1956-01-09,65+,Kottayam,+91-00871-16625,en
P01018,Nitara Ghosh,F,2006-03-21,18-39,Kodagu,+91-00029-14001,en
P01019,Isaac Gill,M,2016-08-21,5-11,Palakkad,+91-00696-58870,ml
P01020,Mitesh Menon,M,1976-12-16,40-64,Idukki,+91-00675-34691,ml
P01021,Hema Agarwal,F,1951-04-04,65+,Kozhikode,+91-00320-67165,en
P01022,Amol Gopal,M,1996-09-24,18-39,Thrissur,+91-00112-39428,en
P01023,Janya Chawla,F,2006-10-24,18-39,Kollam,+91-00102-42400,ml
P01024,Ekavir Narula,M,1991-02-17,18-39,Kozhikode,+91-00969-85016,ml
P01025,Jagat Palan,M,1967-08-27,40-64,Palakkad,+91-00676-65733,ml
P01026,Fiyaz Chakrabarti,M,1983-07-27,40-64,Palakkad,+91-00375-70531,en
P01027,Udant Apte,M,1974-11-01,40-64,Kozhikode,+91-00833-55922,ml
P01028,Jagrati Krish,F,1999-08-16,18-39,Malappuram,+91-00103-69421,en
P01029,Parth Kunda,M,1988-02-27,18-39,Idukki,+91-00126-32383,en
P01030,Aachal Bava,F,1982-11-30,40-64,Kottayam,+91-00197-05019,hi
P01031,Urvashi Saini,F,2004-11-27,18-39,Alappuzha,+91-00763-64516,ml
P01032,Samuel Tailor,M,1983-01-08,40-64,Palakkad,+91-00408-38149,ta
P01033,Pushti Prashad,F,1989-08-19,18-39,Kottayam,+91-00642-53146,en
P01034,Wakeeta Kar,F,1930-08-01,65+,Kollam,+91-00232-48046,ml
P01035,Varsha Borah,F,1984-04-11,40-64,Kannur,+91-00777-55225,ml
P01036,Manan Bahri,M,1949-07-17,65+,Pathanamthitta,+91-00801-50818,ml
P01037,Kalpit Cheema,M,1974-12-28,40-64,Pathanamthitta,+91-00413-74228,ml
P01038,Onveer Garde,M,1986-05-17,18-39,Kanyakumari,+91-00209-62678,ml
P01039,Faris Borde,M,1954-04-23,65+,Kozhikode,+91-00630-27698,ml
P01040,Omkaar Subramanian,M,2020-06-02,5-11,Kozhikode,+91-00256-08367,ta
P01041,Tanveer Gala,M,2020-02-03,5-11,Idukki,+91-00148-09547,ml
P01042,Gaurangi Bera,F,1966-03-22,40-64,Palakkad,+91-00615-12164,ml
P01043,Oni Jha,F,2011-06-22,12-17,Kodagu,+91-00512-11142,en
P01044,Tara Zachariah,F,1984-11-07,40-64,Kottayam,+91-00783-67760,ta
P01045,Lohit Mishra,M,2019-03-13,5-11,Thiruvananthapuram,+91-00292-73531,hi
P01046,Chanakya Bawa,M,1979-07-23,40-64,Pathanamthitta,+91-00225-63527,ta
P01047,Xalak Dube,F,1987-12-26,18-39,Coimbatore,+91-00640-43636,ta
P01048,Pranit Aggarwal,M,1967-03-23,40-64,Kottayam,+91-00701-94788,ml
P01049,Chameli Menon,F,1996-02-06,18-39,Thrissur,+91-00413-28340,ml
P01050,Harish Chatterjee,M,1963-11-02,40-64,Thrissur,+91-00442-56795,ml
P01051,Harshil Garde,M,1999-12-18,18-39,Pune,+91-00123-95991,hi
P01052,Chaitaly Solanki,F,2019-01-01,5-11,Kottayam,+91-00469-96391,ml
P01053,Nikita Rao,F,1957-11-14,65+,Thrissur,+91-00961-06382,en
P01054,Wishi Lanka,F,2022-10-21,1-4,Pune,+91-00113-18146,ml
P01055,Rishi Goyal,M,1994-03-11,18-39,Pathanamthitta,+91-00567-35368,ta
P01056,Rayaan Pingle,M,1962-12-08,40-64,Palakkad,+91-00018-56428,ml
P01057,Udant Basu,M,1980-11-19,40-64,Thiruvananthapuram,+91-00325-84340,ta
P01058,Thomas Shroff,M,2006-09-16,18-39,Alappuzha,+91-00761-84466,hi
P01059,Jeevika Luthra,F,1980-02-29,40-64,Thiruvananthapuram,+91-00567-69581,ml
P01060,Faqid Chatterjee,M,1971-04-28,40-64,Kottayam,+91-00081-75972,en
P01061,Orinder Sachdev,M,1961-11-09,40-64,Pathanamthitta,+91-00451-00439,ml
P01062,Azaan Ram,M,1978-07-07,40-64,Kannur,+91-00079-30822,ml
P01063,Wazir Keer,M,1974-04-17,40-64,Ernakulam,+91-00373-20867,ml
P01064,Mason Brar,M,1946-05-11,65+,Idukki,+91-00768-44691,en
P01065,Anay Thakkar,M,1965-06-29,40-64,Malappuram,+91-00258-67371,ml
P01066,Darpan Sen,M,2005-01-24,18-39,Pune,+91-00453-77878,en
P01067,Fiyaz Kakar,M,1988-07-26,18-39,Kottayam,+91-00500-74944,en
P01068,Dev Basak,M,1986-07-10,18-39,Thiruvananthapuram,+91-00853-07930,ml
P01069,Chaaya Saran,F,2022-01-18,1-4,Kollam,+91-00121-73065,ml
P01070,Ethan Kuruvilla,M,1955-11-12,65+,Kanyakumari,+91-00550-24070,ml
P01071,Bhavna Chahal,F,1978-12-01,40-64,Kanyakumari,+91-00030-95546,ml
P01072,Rushil Nanda,M,1981-10-10,40-64,Ernakulam,+91-00093-46267,hi
P01073,Veer Arora,M,1989-01-22,18-39,Pathanamthitta,+91-00220-39558,ml
P01074,Dayita Sachdeva,F,1960-02-02,65+,Thrissur,+91-00719-50912,en
P01075,Falak Chaudhry,F,1996-06-29,18-39,Malappuram,+91-00041-08720,hi
P01076,Chandresh Mangal,M,1991-06-06,18-39,Kottayam,+91-00945-25191,ml
P01077,Tripti Lalla,F,1960-03-05,65+,Kollam,+91-00427-78543,en
P01078,Xavier Solanki,M,1960-07-04,65+,Kottayam,+91-00838-28410,ta
P01079,Gabriel Majumdar,M,1930-08-01,65+,Malappuram,+91-00221-43744,en
P01080,Ekbal Ratti,M,1984-10-15,40-64,Satara,+91-00337-70102,ml
P01081,Rudra Narula,M,1988-10-27,18-39,Pathanamthitta,+91-00727-26016,en
P01082,Arya Soman,F,1987-03-27,18-39,Kodagu,+91-00379-73062,ta
P01083,Ria Bahri,F,2005-08-23,18-39,Ernakulam,+91-00507-55105,en
P01084,Nidra Mukhopadhyay,F,2010-05-03,12-17,Malappuram,+91-00809-65177,en
P01085,Yatan Chaudhari,M,1978-08-01,40-64,Kanyakumari,+91-00651-48160,en
P01086,Ekalinga Mital,M,1990-01-03,18-39,Thrissur,+91-00835-02298,en
P01087,Naveen Luthra,M,1995-08-07,18-39,Thiruvananthapuram,+91-00086-67640,ml
P01088,Chaitanya Guha,M,1982-01-14,40-64,Alappuzha,+91-00608-27979,ta
P01089,Jagvi Ray,F,1978-02-13,40-64,Kannur,+91-00601-10705,ml
P01090,Yauvani Prakash,F,1985-12-24,18-39,Thrissur,+91-00607-36121,ta
P01091,Yasti Dutt,F,1985-07-18,40-64,Kottayam,+91-00588-34085,ml
P01092,Nimrat Toor,F,1990-03-09,18-39,Palakkad,+91-00723-11167,en
P01093,Ekansh Viswanathan,M,1969-08-15,40-64,Alappuzha,+91-00844-49470,ta
P01094,Gabriel Hans,M,1992-06-08,18-39,Alappuzha,+91-00229-96217,en
P01095,Ayush Krish,M,1998-05-09,18-39,Kannur,+91-00104-53708,ml
P01096,Vedant Bedi,M,1990-10-28,18-39,Idukki,+91-00073-89953,en
P01097,Ira Mahal,F,1979-06-20,40-64,Alappuzha,+91-00158-25182,ml
P01098,Vedika Tiwari,F,1968-03-19,40-64,Idukki,+91-00655-88476,ml
P01099,David Balasubramanian,M,1939-10-31,65+,Kodagu,+91-00416-26027,ml
P01100,Ria Suresh,F,2023-10-28,1-4,Pathanamthitta,+91-00349-91752,hi
P01101,Gaurang Som,M,2018-11-28,5-11,Pathanamthitta,+91-00909-12251,hi
P01102,Pooja Gade,F,1993-08-21,18-39,Idukki,+91-00900-84094,en
P01103,Chandani Mane,F,1996-01-20,18-39,Thiruvananthapuram,+91-00538-25554,en
P01104,Sanya Bawa,F,1975-04-04,40-64,Kollam,+91-00458-77526,ml
P01105,Jalsa Kant,F,2020-05-16,5-11,Thiruvananthapuram,+91-00270-34391,ml
P01106,Ishanvi Luthra,F,1980-02-08,40-64,Pathanamthitta,+91-00459-06735,en
P01107,Yashvi Bahri,F,2013-10-31,5-11,Malappuram,+91-00410-13391,en
P01108,Warjas Deo,M,1992-11-12,18-39,Pathanamthitta,+91-00006-38710,en
P01109,Aayush Kapur,M,1955-04-04,65+,Idukki,+91-00758-98268,ml
P01110,Michael Maharaj,M,1995-09-14,18-39,Kozhikode,+91-00438-75388,ml
P01111,Riya Palla,F,2024-06-22,1-4,Thiruvananthapuram,+91-00222-63656,ml
P01112,Lajita Kamdar,F,1982-09-23,40-64,Pathanamthitta,+91-00666-33231,en
P01113,Matthew Verma,M,1978-10-21,40-64,Satara,+91-00447-67004,ml
P01114,Dalaja Amble,F,1975-01-14,40-64,Palakkad,+91-00313-60373,ml
P01115,Lohit Misra,M,1982-01-25,40-64,Malappuram,+91-00230-53557,en
P01116,Wridesh Bhatt,M,2016-05-31,5-11,Thrissur,+91-00059-44645,ml
P01117,Manya Nair,F,2020-11-19,1-4,Pune,+91-00503-82727,ml
P01118,Leena Misra,F,1964-06-27,40-64,Pathanamthitta,+91-00375-00615,en
P01119,Falan Varughese,M,2001-11-26,18-39,Thiruvananthapuram,+91-00040-53934,ml
P01120,Ayush Raval,M,1989-10-28,18-39,Kannur,+91-00812-89045,en
P01121,Ekaraj Bal,M,1977-05-23,40-64,Thiruvananthapuram,+91-00808-33995,hi
P01122,Neelima Lad,F,2021-02-24,1-4,Palakkad,+91-00490-88823,ml
P01123,Tanmayi Rama,F,1985-08-16,18-39,Thiruvananthapuram,+91-00838-45389,ml
P01124,Girish Oza,M,2021-06-02,1-4,Kottayam,+91-00481-06939,en
P01125,Wazir Parmer,M,1990-03-06,18-39,Malappuram,+91-00168-52928,en
P01126,Frederick Golla,M,1985-05-05,40-64,Thrissur,+91-00517-57498,hi
P01127,Chanakya Sinha,M,1997-08-30,18-39,Thrissur,+91-00312-22688,ml
P01128,Leela Goswami,F,1988-05-17,18-39,Pathanamthitta,+91-00452-87870,ta
P01129,Chanchal Kapadia,F,2001-08-10,18-39,Kottayam,+91-00970-05242,ml
P01130,Isaac Mohanty,M,1979-09-29,40-64,Kozhikode,+91-00355-52127,ml
P01131,Oni Prabhu,F,2004-02-05,18-39,Thiruvananthapuram,+91-00215-35328,ml
P01132,Manan Sheth,M,1993-05-24,18-39,Palakkad,+91-00128-46387,ml
P01133,Wahab Bera,M,2016-11-10,5-11,Thrissur,+91-00883-92860,ml
P01134,Vrishti Hayer,F,1986-09-30,18-39,Kottayam,+91-00014-63667,ml
P01135,Sai Wagle,F,1976-04-12,40-64,Kottayam,+91-00907-76809,ml
P01136,Samuel Bhagat,M,1985-04-15,40-64,Kannur,+91-00061-38975,en
P01137,Ekantika Iyer,F,2007-09-12,12-17,Idukki,+91-00752-97965,ml
P01138,Tara Shankar,F,2000-02-19,18-39,Kollam,+91-00293-28312,ml
P01139,Nisha Gole,F,2023-04-21,1-4,Pune,+91-00249-89495,ml
P01140,Widisha Natarajan,F,1961-01-18,40-64,Kollam,+91-00179-36602,en
P01141,Naksh Bhardwaj,M,1965-10-18,40-64,Kannur,+91-00134-93967,hi
P01142,Upkaar Mahal,M,1930-08-01,65+,Thiruvananthapuram,+91-00066-50726,ml
P01143,Hamsini Dutt,F,1991-10-29,18-39,Idukki,+91-00155-40712,hi
P01144,Chanchal Dayal,F,1968-03-05,40-64,Thrissur,+91-00588-69837,en
P01145,Tanish Raval,M,1969-11-06,40-64,Thiruvananthapuram,+91-00569-42739,ta
P01146,Waida Rajagopal,F,1947-12-04,65+,Kozhikode,+91-00281-80279,ml
P01147,Anirudh Walla,M,1956-09-24,65+,Alappuzha,+91-00679-67197,ml
P01148,Ridhi Atwal,F,1978-05-02,40-64,Thrissur,+91-00769-22036,en
P01149,Zilmil Halder,F,1972-01-11,40-64,Kannur,+91-00980-91942,en
P01150,Aarnav Kothari,M,1976-03-16,40-64,Palakkad,+91-00439-20394,ta
P01151,Pooja Muni,F,2015-11-30,5-11,Ernakulam,+91-00374-38872,ta
P01152,Dalaja Rajagopal,F,1973-08-11,40-64,Kottayam,+91-00973-28875,ml
P01153,Fiyaz Bhattacharyya,M,2021-03-21,1-4,Thiruvananthapuram,+91-00942-23108,en
P01154,Neha Mannan,F,2022-02-12,1-4,Kodagu,+91-00926-93011,ml
P01155,Yoshita Viswanathan,F,1946-05-27,65+,Palakkad,+91-00608-10768,en
P01156,Teerth Desai,M,2024-04-30,1-4,Malappuram,+91-00617-91139,en
P01157,Yash Parmer,M,2020-02-12,5-11,Ernakulam,+91-00927-45745,en
P01158,Fitan Raval,M,2024-12-20,<1,Idukki,+91-00479-38411,ml
P01159,Ishaan Kapur,M,1987-09-03,18-39,Thiruvananthapuram,+91-00213-65358,hi
P01160,Hitesh Bains,M,2000-06-19,18-39,Pathanamthitta,+91-00985-26721,ml
P01161,David Peri,M,2017-04-14,5-11,Ernakulam,+91-00842-09580,ml
P01162,Raghav Kumer,M,1959-09-07,65+,Alappuzha,+91-00056-90074,ml
P01163,Arjun Chokshi,M,1992-03-30,18-39,Thiruvananthapuram,+91-00112-41393,ml
P01164,Arunima D’Alia,F,2018-09-12,5-11,Thrissur,+91-00882-34885,ml
P01165,Vamakshi Rai,F,2014-11-18,5-11,Ernakulam,+91-00301-04075,ml
P01166,Jonathan Som,M,1974-06-02,40-64,Ernakulam,+91-00696-32010,ml
P01167,Harshil Andra,M,1979-08-21,40-64,Kannur,+91-00117-47473,ml
P01168,Shivansh Chaudhuri,M,1946-12-29,65+,Palakkad,+91-00170-84877,ml
P01169,Ekantika Sahota,F,1993-10-13,18-39,Thiruvananthapuram,+91-00747-97978,hi
P01170,Yashodhara Dalal,F,2017-03-05,5-11,Kozhikode,+91-00979-83718,ml
P01171,Dakshesh Cherian,M,1987-02-09,18-39,Ernakulam,+91-00502-17029,ml
P01172,Hardik Iyengar,M,1989-08-22,18-39,Thrissur,+91-00042-09156,en
P01173,Yutika Jaggi,F,2005-10-07,18-39,Coimbatore,+91-00234-88299,en
P01174,Samarth Merchant,M,1981-10-09,40-64,Kollam,+91-00212-09276,ml
P01175,Anusha Taneja,F,1990-11-22,18-39,Palakkad,+91-00935-43559,ml
P01176,Warda Narayanan,F,1953-02-08,65+,Kottayam,+91-00419-30160,en
P01177,Aadhya Arya,F,1981-06-22,40-64,Thiruvananthapuram,+91-00947-34814,ml
P01178,Dayamai Tak,F,1995-06-27,18-39,Ernakulam,+91-00859-99215,ml
P01179,Chakradev Vaidya,M,1983-10-04,40-64,Kottayam,+91-00450-70063,hi
P01180,Daksha Kunda,F,1980-01-01,40-64,Thiruvananthapuram,+91-00024-78162,ml
P01181,Vasatika Minhas,F,1972-05-19,40-64,Thrissur,+91-00972-19519,ml
P01182,Vincent Bedi,M,2019-03-17,5-11,Kottayam,+91-00010-04393,ml
P01183,Harita Baral,F,2015-11-01,5-11,Ernakulam,+91-00856-24388,en
P01184,Radha Munshi,F,2017-08-17,5-11,Thiruvananthapuram,+91-00413-33607,ml
P01185,Dalbir Chandran,M,2023-02-14,1-4,Idukki,+91-00301-16541,ml
P01186,Aayush Devi,M,1995-06-07,18-39,Ernakulam,+91-00408-92432,ml
P01187,Nitesh Parmar,M,1988-12-09,18-39,Ernakulam,+91-00356-80141,ml
P01188,Lipika Chander,F,1977-09-24,40-64,Kozhikode,+91-00689-79730,ml
P01189,Pavani Goswami,F,2018-01-28,5-11,Satara,+91-00572-37134,ml
P01190,Sai Ratta,M,1972-11-28,40-64,Thiruvananthapuram,+91-00256-28015,ml
P01191,Laban Rajan,M,1981-08-02,40-64,Idukki,+91-00527-40413,ml
P01192,Shivansh Ganesan,M,1980-06-30,40-64,Kanyakumari,+91-00404-36892,hi
P01193,Ekaja Bhargava,F,1981-03-21,40-64,Palakkad,+91-00920-64331,en
P01194,Damini Saha,F,1990-05-23,18-39,Satara,+91-00892-92815,ml
P01195,Urvashi Golla,F,1991-06-27,18-39,Kozhikode,+91-00617-09170,ml
P01196,Rachita Balakrishnan,F,1995-09-10,18-39,Kozhikode,+91-00965-47827,en
P01197,Wyatt Sura,M,1971-10-11,40-64,Kollam,+91-00375-41357,en
P01198,Samesh Sastry,M,2009-10-19,12-17,Alappuzha,+91-00087-66423,ml
P01199,Bhavika Lal,F,1980-11-24,40-64,Palakkad,+91-00047-72072,ml
P01200,Abha Vohra,F,1967-09-23,40-64,Thrissur,+91-00833-42211,ml
P01201,Pallavi Venkataraman,F,1961-07-21,40-64,Kozhikode,+91-00383-67319,ml
P01202,Upma Kothari,F,2012-01-31,12-17,Satara,+91-00860-09564,ml
P01203,Oscar Rajan,M,1989-12-05,18-39,Pathanamthitta,+91-00458-32294,ml
P01204,Avi Apte,M,1994-12-09,18-39,Ernakulam,+91-00011-00847,en
P01205,Zayyan Singh,M,2023-09-25,1-4,Kanyakumari,+91-00528-76374,ml
P01206,Fitan Borde,M,2017-06-05,5-11,Kannur,+91-00594-24879,ml
P01207,Naveen Khosla,M,1994-11-09,18-39,Kannur,+91-00451-96575,ml
P01208,Liam Bedi,M,1967-10-13,40-64,Palakkad,+91-00838-11983,en
P01209,Saanvi Rau,F,1980-08-23,40-64,Satara,+91-00644-62477,ml
P01210,Balveer Sharaf,M,1991-10-16,18-39,Idukki,+91-00364-36450,en
P01211,Udarsh Chakrabarti,M,1993-03-22,18-39,Kollam,+91-00719-93485,en
P01212,Udant Mutti,M,1978-09-28,40-64,Kollam,+91-00319-92718,ml
P01213,Yuvraj Badami,M,1984-09-07,40-64,Ernakulam,+91-00838-05260,ml
P01214,Saksham Sachar,M,2006-05-23,18-39,Kannur,+91-00280-44096,hi
P01215,Aadi Chand,M,1997-11-24,18-39,Ernakulam,+91-00666-22661,ta
P01216,Yashoda Jhaveri,F,1978-04-01,40-64,Palakkad,+91-00415-09264,ml
P01217,Onkar Patla,M,2001-04-25,18-39,Idukki,+91-00101-43494,en
P01218,Isaac Sha,M,1964-06-12,40-64,Kozhikode,+91-00629-45236,ml
P01219,Vritti Patla,F,2004-05-06,18-39,Pathanamthitta,+91-00383-49789,ml
P01220,Dakshesh Chatterjee,M,2020-04-17,5-11,Thrissur,+91-00634-71401,ml
P01221,Aadhya Om,F,2020-03-12,5-11,Pathanamthitta,+91-00539-09181,en
P01222,Madhav Vig,M,1998-11-03,18-39,Ernakulam,+91-00041-34299,hi
P01223,Damyanti Bath,F,2002-01-12,18-39,Ernakulam,+91-00204-53684,en
P01224,Yatin Dey,M,1975-02-03,40-64,Palakkad,+91-00700-25204,en
P01225,Chatresh Kumar,M,2019-06-03,5-11,Thrissur,+91-00467-21848,ml
P01226,Ijaya Dara,F,1986-11-07,18-39,Satara,+91-00466-37809,hi
P01227,Hritik Shankar,M,1990-05-02,18-39,Coimbatore,+91-00002-66521,ml
P01228,Omkaar Chokshi,M,2004-09-17,18-39,Kottayam,+91-00302-74786,hi
P01229,Aradhana Dasgupta,F,1982-04-19,40-64,Kollam,+91-00669-19508,ml
P01230,Veer Thaman,M,2020-04-28,5-11,Thiruvananthapuram,+91-00886-02231,ml
P01231,Zaid Agrawal,M,1955-09-08,65+,Pathanamthitta,+91-00574-80254,en
P01232,Upma Subramanian,F,1986-01-25,18-39,Alappuzha,+91-00540-55753,ml
P01233,Harini Dave,F,1997-08-26,18-39,Coimbatore,+91-00470-06008,ml
P01234,Sara Nagy,F,1993-05-10,18-39,Kodagu,+91-00678-95281,en
P01235,Ubika Kothari,F,1980-12-09,40-64,Alappuzha,+91-00798-05872,en
P01236,Rushil Oza,M,2024-08-03,<1,Kozhikode,+91-00220-83269,ml
P01237,Upkaar Deol,M,1983-12-08,40-64,Kannur,+91-00713-36654,ml
P01238,Triveni Vala,F,1999-05-12,18-39,Idukki,+91-00243-46233,en
P01239,Nirja Kalla,F,2015-07-08,5-11,Kanyakumari,+91-00031-08958,ml
P01240,Henry Mannan,M,2018-10-02,5-11,Satara,+91-00074-82502,ml
P01241,Ekaja Gokhale,F,2010-03-09,12-17,Pune,+91-00046-55261,en
P01242,Dalbir Pandey,M,1989-11-01,18-39,Kozhikode,+91-00280-75655,ta
P01243,Turvi Walla,F,1995-02-22,18-39,Idukki,+91-00127-91031,ml
P01244,Siddharth Arya,M,2016-01-26,5-11,Alappuzha,+91-00085-84650,en
P01245,Advik Raj,M,1997-08-04,18-39,Satara,+91-00147-02964,ml
P01246,Avi Bhalla,M,1991-04-14,18-39,Alappuzha,+91-00038-78093,en
P01247,Lila Dyal,F,1980-06-06,40-64,Ernakulam,+91-00343-41666,en
P01248,Ladli Dhingra,F,1972-10-08,40-64,Alappuzha,+91-00822-26165,ml
P01249,Neelima Jani,F,1953-10-14,65+,Thrissur,+91-00553-29851,ml
P01250,Rachita Sethi,F,1996-08-09,18-39,Kollam,+91-00064-99362,ta
P01251,Isaac Ramachandran,M,2015-07-29,5-11,Kannur,+91-00374-84728,en
P01252,Maanas Batta,M,2023-01-18,1-4,Thrissur,+91-00429-86719,en
P01253,Sara Saha,F,2020-05-17,5-11,Idukki,+91-00172-54004,ml
P01254,Avni Arya,F,1996-11-08,18-39,Idukki,+91-00373-99248,ml
P01255,Isha Savant,F,2014-08-18,5-11,Palakkad,+91-00336-77151,ml
P01256,Qarin Hegde,M,1984-05-06,40-64,Kannur,+91-00493-40077,ml
P01257,Nandini Sen,F,1976-07-17,40-64,Coimbatore,+91-00697-64471,ml
P01258,Bishakha Grover,F,1989-05-12,18-39,Kanyakumari,+91-00478-05530,ml
P01259,Yasti Dar,F,1982-08-23,40-64,Ernakulam,+91-00073-59864,en
P01260,Anusha Sangha,F,1985-12-18,18-39,Kannur,+91-00055-60578,ml
P01261,Kevin De,M,2014-12-17,5-11,Thrissur,+91-00887-78920,en
P01262,Joshua Ahluwalia,M,1997-04-11,18-39,Malappuram,+91-00694-27361,ml
P01263,Viraj Dubey,M,1981-04-16,40-64,Malappuram,+91-00657-18334,ml
P01264,Faraj Naidu,M,1954-05-22,65+,Idukki,+91-00913-09002,ml
P01265,Matthew Swaminathan,M,1956-01-25,65+,Ernakulam,+91-00541-48637,en
P01266,Balhaar Nadkarni,M,1979-03-12,40-64,Malappuram,+91-00073-18656,en
P01267,Hiral Verma,F,2024-08-05,<1,Kottayam,+91-00714-59577,ml
P01268,Yashawini Dutta,F,1940-07-31,65+,Kozhikode,+91-00162-14057,hi
P01269,Saksham Chanda,M,1976-10-21,40-64,Idukki,+91-00666-66066,ml
P01270,Indrajit Kala,M,1944-02-04,65+,Palakkad,+91-00400-02023,ml
P01271,Noah Patel,M,1975-12-27,40-64,Kannur,+91-00028-15091,en
P01272,Ikbal Wali,M,2012-10-17,12-17,Thiruvananthapuram,+91-00055-55666,ml
P01273,Aarna Contractor,F,1940-10-24,65+,Alappuzha,+91-00392-21734,en
P01274,Udant Khosla,M,1967-05-06,40-64,Palakkad,+91-00594-70446,hi
P01275,Anusha Nagi,F,2025-01-22,<1,Kollam,+91-00170-62509,en
P01276,Deepa Raju,F,2006-12-13,18-39,Pathanamthitta,+91-00106-59997,ml
P01277,Lohit Bakshi,M,1964-09-29,40-64,Kozhikode,+91-00376-10975,ml
P01278,Yasti Trivedi,F,2017-09-04,5-11,Thiruvananthapuram,+91-00804-18266,ta
P01279,Widisha Bassi,F,1930-09-15,65+,Palakkad,+91-00784-36526,ml
P01280,Gopal Nagi,M,1947-06-30,65+,Thiruvananthapuram,+91-00684-70713,ml
P01281,Chanakya Ganesh,M,1945-02-02,65+,Kollam,+91-00425-66685,ta
P01282,Bachittar Kade,M,1979-09-13,40-64,Idukki,+91-00441-60622,en
P01283,Unnati Chawla,F,1980-07-17,40-64,Pune,+91-00225-42530,ml
P01284,Urishilla Bora,F,1975-12-15,40-64,Thrissur,+91-00137-41570,en
P01285,Advik Sharaf,M,1993-12-17,18-39,Kottayam,+91-00015-40968,ml
P01286,Anjali Chahal,F,1982-10-17,40-64,Idukki,+91-00860-36134,ta
P01287,Avni Gokhale,F,1986-04-25,18-39,Palakkad,+91-00496-85612,en
P01288,Balendra Kari,M,1957-11-21,65+,Palakkad,+91-00003-67063,ml
P01289,Samar Rama,M,1952-03-13,65+,Alappuzha,+91-00529-34315,ml
P01290,Samaksh Sant,M,1970-06-03,40-64,Pathanamthitta,+91-00258-59278,ml
P01291,Adweta Ramachandran,F,1996-03-01,18-39,Thrissur,+91-00427-39526,ml
P01292,Aarush Bhatnagar,M,1938-07-10,65+,Malappuram,+91-00672-39950,en
P01293,Balhaar Parmar,M,1964-11-15,40-64,Kannur,+91-00809-28489,ml
P01294,Maanav Mitra,M,1977-05-12,40-64,Palakkad,+91-00700-56333,ta
P01295,Megha Sarma,F,1972-07-17,40-64,Malappuram,+91-00896-40032,ml
P01296,Rudra Balasubramanian,M,2002-12-10,18-39,Ernakulam,+91-00234-39852,ml
P01297,Farhan Walla,M,2015-12-01,5-11,Palakkad,+91-00661-42988,en
P01298,Ekansh Raman,M,2017-10-27,5-11,Malappuram,+91-00889-15589,en
P01299,Eshana Misra,F,2003-06-09,18-39,Alappuzha,+91-00308-98326,ml
P01300,Abdul Dhaliwal,M,2003-09-25,18-39,Kodagu,+91-00799-07689,ml
P01301,Ansh Ahluwalia,M,1964-09-18,40-64,Kottayam,+91-00940-42587,ml
P01302,Chaman Mody,F,1974-01-26,40-64,Palakkad,+91-00643-01670,en
P01303,Pooja Kakar,F,2003-04-26,18-39,Palakkad,+91-00164-69852,ta
P01304,Ekavir Dyal,M,1987-10-05,18-39,Kanyakumari,+91-00260-11765,ta
P01305,Janya Krishnan,F,1977-05-12,40-64,Kollam,+91-00679-21720,en
P01306,Dakshesh Golla,M,1979-09-10,40-64,Coimbatore,+91-00866-17867,en
P01307,Vedhika Bora,F,1975-10-18,40-64,Kollam,+91-00023-39059,en
P01308,Bhavna Krishna,F,1988-12-06,18-39,Pathanamthitta,+91-00326-63849,en
P01309,Hardik Sur,M,2021-04-30,1-4,Kanyakumari,+91-00233-98076,ml
P01310,Rachana Dave,F,1970-06-18,40-64,Alappuzha,+91-00422-70908,ml
P01311,Chandresh Mane,M,1972-03-12,40-64,Palakkad,+91-00768-88400,ta
P01312,Gunbir Nadkarni,M,1988-06-22,18-39,Ernakulam,+91-00502-22742,ta
P01313,Umang Narasimhan,M,1968-05-09,40-64,Kodagu,+91-00518-42566,en
P01314,Faraj Patla,M,2023-09-01,1-4,Kannur,+91-00609-23625,ml
P01315,Tanish Ganguly,M,2017-04-03,5-11,Kottayam,+91-00515-95769,en
P01316,Nirja Koshy,F,1964-10-01,40-64,Kannur,+91-00688-95746,ml
P01317,Tejas Malhotra,M,1968-11-04,40-64,Alappuzha,+91-00107-65377,ml
P01318,Ekalinga Narula,M,2017-01-30,5-11,Palakkad,+91-00022-20300,ml
P01319,Vedhika Sehgal,F,1993-08-20,18-39,Kozhikode,+91-00826-10105,en
P01320,Niharika Sur,F,1991-10-30,18-39,Kozhikode,+91-00478-06986,ml
P01321,Harita Bumb,F,1971-06-13,40-64,Malappuram,+91-00298-12355,en
P01322,Ekiya Yohannan,F,1975-07-27,40-64,Kannur,+91-00454-64295,en
P01323,Lekha Bose,F,2015-03-12,5-11,Thrissur,+91-00650-93240,ml
P01324,Adya Tripathi,F,1969-01-01,40-64,Kodagu,+91-00121-40041,ml
P01325,Samaksh Kala,M,1987-10-14,18-39,Pathanamthitta,+91-00523-08615,en
P01326,Leena Zacharia,F,1997-03-14,18-39,Idukki,+91-00110-31032,hi
P01327,Falan Pau,M,1990-05-17,18-39,Kannur,+91-00859-58623,ta
P01328,Jasmit Mannan,F,1981-06-15,40-64,Kottayam,+91-00562-55104,ml
P01329,Vincent Thaker,M,1969-10-25,40-64,Ernakulam,+91-00810-54486,en
P01330,Rushil Patla,M,2022-07-06,1-4,Kannur,+91-00721-30945,ta
P01331,Jagdish Gandhi,M,1984-10-21,40-64,Thrissur,+91-00815-03235,ml
P01332,Udant Dutta,M,1979-04-29,40-64,Pathanamthitta,+91-00341-25019,en
P01333,Eta Sule,F,1986-04-03,18-39,Pathanamthitta,+91-00139-53695,ml
P01334,Anmol Kanda,M,1994-06-14,18-39,Kottayam,+91-00891-16243,en
P01335,Kala Bhatnagar,F,1984-03-04,40-64,Kottayam,+91-00884-85712,ml
P01336,Qasim Kaur,M,2007-01-06,18-39,Kollam,+91-00883-00611,ml
P01337,Harshil Vasa,M,1951-08-14,65+,Kannur,+91-00989-42754,ml
P01338,Rishi Singh,M,1979-10-25,40-64,Kottayam,+91-00596-30489,ml
P01339,Aradhana Baral,F,1974-10-08,40-64,Kannur,+91-00512-55010,ml
P01340,Dalaja Verma,F,1993-11-18,18-39,Satara,+91-00797-34142,ml
P01341,Karan Ghosh,M,2015-02-07,5-11,Kottayam,+91-00110-58650,ml
P01342,Saanvi Pau,F,1976-11-16,40-64,Satara,+91-00783-01565,ml
P01343,Jeremiah Puri,M,1987-01-09,18-39,Pathanamthitta,+91-00812-80352,ml
P01344,Yauvani Ravi,F,1986-03-05,18-39,Malappuram,+91-00577-94818,ml
P01345,Pooja Sur,F,2001-06-07,18-39,Satara,+91-00387-13341,hi
P01346,Aarush Thaker,M,1941-11-22,65+,Kannur,+91-00656-60987,ml
P01347,Urvi Gandhi,F,1994-01-27,18-39,Alappuzha,+91-00915-22430,en
P01348,Brinda Varkey,F,1992-05-19,18-39,Alappuzha,+91-00157-67913,ml
P01349,Jagvi Doctor,F,1949-09-04,65+,Alappuzha,+91-00311-18491,ml
P01350,Farhan Pathak,M,2017-04-17,5-11,Pune,+91-00671-18533,ta
P01351,Ishwar Sachdeva,M,1969-08-18,40-64,Alappuzha,+91-00833-31113,en
P01352,Dakshesh Subramaniam,M,2002-02-07,18-39,Thrissur,+91-00652-57728,en
P01353,Wriddhish Kade,M,1980-03-14,40-64,Kottayam,+91-00590-30416,ml
P01354,Samesh Bains,M,2001-12-25,18-39,Idukki,+91-00085-63945,ml
P01355,Anya Datta,F,1995-12-27,18-39,Idukki,+91-00433-97698,ml
P01356,Ekani Vala,F,2019-07-16,5-11,Kottayam,+91-00890-07442,ml
P01357,Ethan Bhalla,M,1998-03-31,18-39,Palakkad,+91-00361-41560,hi
P01358,Leela Gole,F,1970-09-11,40-64,Ernakulam,+91-00381-72333,ml
P01359,Adya Mander,F,1997-02-27,18-39,Ernakulam,+91-00357-15286,ml
P01360,Janaki Sen,F,2019-11-14,5-11,Thrissur,+91-00362-78705,ml
P01361,Wridesh Garde,M,1930-08-01,65+,Idukki,+91-00404-28549,ml
P01362,Samesh Dhar,M,1984-09-20,40-64,Kozhikode,+91-00773-06596,ml
P01363,Yashodhara Lalla,F,2002-11-02,18-39,Thrissur,+91-00455-10314,ml
P01364,Onveer Setty,M,2023-12-13,1-4,Thrissur,+91-00607-89999,hi
P01365,Ishwar Radhakrishnan,M,1957-07-13,65+,Pathanamthitta,+91-00442-98160,en
P01366,Dominic Chopra,M,1967-09-11,40-64,Thiruvananthapuram,+91-00873-72775,ml
P01367,Harrison Virk,M,1986-03-02,18-39,Kannur,+91-00178-03281,ml
P01368,Falan Char,M,2023-01-14,1-4,Kanyakumari,+91-00122-34816,en
P01369,Vyanjana Barad,F,1991-07-11,18-39,Alappuzha,+91-00407-21008,ml
P01370,Chakradhar Subramaniam,M,1999-08-19,18-39,Idukki,+91-00974-74294,ta
P01371,Aadi Sankar,M,2015-01-02,5-11,Idukki,+91-00699-65112,en
P01372,Reva Bassi,F,1986-12-16,18-39,Malappuram,+91-00616-88185,ml
P01373,Jyoti Subramaniam,F,2001-10-30,18-39,Pathanamthitta,+91-00390-14045,en
P01374,Pushti Chaudhari,F,1984-04-23,40-64,Satara,+91-00295-22884,ml
P01375,Ekalinga Kumar,M,1993-12-29,18-39,Thiruvananthapuram,+91-00956-56701,ml
P01376,Kamala Chacko,F,2023-01-19,1-4,Satara,+91-00426-02577,en
P01377,Samarth Kurian,M,1980-02-21,40-64,Thiruvananthapuram,+91-00711-64663,ml
P01378,Aahana Amble,F,1989-02-26,18-39,Kottayam,+91-00810-13107,ml
P01379,Aarush Prashad,M,1983-07-08,40-64,Alappuzha,+91-00657-36192,hi
P01380,Nisha Rege,F,1982-01-18,40-64,Alappuzha,+91-00232-22399,en
P01381,Damyanti Dubey,F,1964-10-04,40-64,Satara,+91-00287-73301,ml
P01382,Jonathan Lal,M,2015-02-11,5-11,Ernakulam,+91-00022-94737,ta
P01383,Rajeshri Majumdar,F,1991-03-09,18-39,Kollam,+91-00969-96787,ml
P01384,Ishani Sachdev,F,1987-09-04,18-39,Satara,+91-00834-32377,ta
P01385,Gaurav Prabhakar,M,1944-07-05,65+,Alappuzha,+91-00404-12674,ml
P01386,Lajita Mohanty,F,2015-01-19,5-11,Kollam,+91-00892-77043,ml
P01387,Sneha Devi,F,1986-08-31,18-39,Thiruvananthapuram,+91-00153-99015,en
P01388,Jyoti Sekhon,F,1986-11-25,18-39,Ernakulam,+91-00042-76741,ml
P01389,Chandresh Kala,M,1986-03-27,18-39,Kodagu,+91-00135-74976,ta
P01390,Pallavi Ben,F,2023-01-31,1-4,Thiruvananthapuram,+91-00883-95034,ml
P01391,Robert Ahluwalia,M,2000-01-04,18-39,Kozhikode,+91-00160-16449,hi
P01392,Eta Sinha,F,1987-10-05,18-39,Alappuzha,+91-00068-82211,ml
P01393,Chaitanya Bhatt,M,2021-09-09,1-4,Alappuzha,+91-00185-39065,ml
P01394,Janya Prabhakar,F,2023-11-24,1-4,Kozhikode,+91-00415-35076,ml
P01395,Anjali Rajagopalan,F,1961-03-31,40-64,Kozhikode,+91-00496-34881,ml
P01396,Yoshita Mangat,F,2016-06-16,5-11,Thrissur,+91-00235-38785,en
P01397,Gagan Talwar,M,1981-05-26,40-64,Pathanamthitta,+91-00805-11797,en
P01398,Abdul Jaggi,M,1974-12-16,40-64,Thiruvananthapuram,+91-00959-40989,ta
P01399,Gunbir Bandi,M,1979-10-06,40-64,Kozhikode,+91-00290-44484,ml
P01400,Hamsini Banik,F,1983-08-27,40-64,Palakkad,+91-00931-80910,ml
P01401,Kashvi Acharya,F,1965-09-07,40-64,Ernakulam,+91-00817-22038,ml
P01402,Chameli Majumdar,F,2023-01-05,1-4,Alappuzha,+91-00886-70614,en
P01403,Qushi Rana,F,1988-03-05,18-39,Kozhikode,+91-00059-42709,ta
P01404,Irya Vasa,F,2000-02-27,18-39,Kollam,+91-00834-53248,ml
P01405,Bakhshi Chana,M,1992-05-10,18-39,Malappuram,+91-00585-37470,ml
P01406,Priya Palan,F,1994-02-18,18-39,Malappuram,+91-00038-88550,ml
P01407,Jeevika Hayer,F,1935-07-20,65+,Alappuzha,+91-00753-27162,ml
P01408,Saksham Agrawal,M,2022-12-31,1-4,Ernakulam,+91-00241-51811,en
P01409,Harita Ray,F,1981-03-09,40-64,Thrissur,+91-00797-08682,ml
P01410,Bina Thakur,F,1993-10-20,18-39,Palakkad,+91-00625-84694,ta
P01411,Onkar Dada,M,1965-12-04,40-64,Coimbatore,+91-00492-05289,ml
P01412,Jeremiah Savant,M,1981-11-13,40-64,Thrissur,+91-00023-16210,ml
P01413,Wyatt Kohli,M,1988-02-22,18-39,Thiruvananthapuram,+91-00889-45791,ml
P01414,Veer Sharma,M,1981-09-22,40-64,Kottayam,+91-00147-90489,ml
P01415,Warda Dada,F,2019-02-17,5-11,Palakkad,+91-00829-14695,en
P01416,Bahadurjit Raja,M,1975-03-13,40-64,Kottayam,+91-00688-33068,ta
P01417,Ishwar Mutti,M,2001-02-15,18-39,Kozhikode,+91-00069-06200,ml
P01418,Qushi Varty,F,1975-05-03,40-64,Pathanamthitta,+91-00542-84350,ml
P01419,Karan Kothari,M,1987-10-03,18-39,Pathanamthitta,+91-00961-70541,en
P01420,Charita Rastogi,F,1965-05-25,40-64,Alappuzha,+91-00922-23573,en
P01421,Baljiwan Gokhale,M,1959-02-08,65+,Coimbatore,+91-00146-11061,en
P01422,Nirja Pandya,F,1953-05-14,65+,Malappuram,+91-00173-75383,ml
P01423,Krish Goswami,M,1930-08-01,65+,Thrissur,+91-00153-43244,en
P01424,Zaid Iyengar,M,1932-10-05,65+,Kottayam,+91-00756-92691,ml
P01425,Jai Lanka,M,1954-05-18,65+,Kodagu,+91-00160-18660,ml
P01426,Jyoti Jain,F,1966-02-25,40-64,Coimbatore,+91-00064-11221,hi
P01427,Rachana Dugal,F,2024-02-14,1-4,Idukki,+91-00390-31451,ml
P01428,Darpan Brar,M,2020-10-14,1-4,Kozhikode,+91-00966-44432,ml
P01429,Aarini Basak,F,1962-12-01,40-64,Kodagu,+91-00308-46926,ml
P01430,Ria Murty,F,1996-01-19,18-39,Kottayam,+91-00724-33759,ml
P01431,Laksh Swaminathan,M,1930-08-01,65+,Kottayam,+91-00143-42074,hi
P01432,Yashodhara Mammen,F,2003-12-13,18-39,Thrissur,+91-00621-31633,ml
P01433,Janya Dave,F,2024-03-08,1-4,Idukki,+91-00581-32441,ml
P01434,Zansi Sampath,F,2014-08-01,5-11,Kozhikode,+91-00904-88768,ta
P01435,Amol Thakkar,M,2002-11-16,18-39,Thrissur,+91-00716-83756,ml
P01436,Shravya Ghosh,F,1979-12-07,40-64,Alappuzha,+91-00120-65320,ml
P01437,Dipta Vasa,F,1994-07-09,18-39,Idukki,+91-00404-77746,ml
P01438,Nakul Anand,M,1984-08-30,40-64,Malappuram,+91-00000-18775,ml
P01439,Jagrati Raghavan,F,1984-06-07,40-64,Thiruvananthapuram,+91-00240-55714,ml
P01440,Nicholas Pathak,M,1994-05-02,18-39,Kottayam,+91-00971-89626,en
P01441,Girik Lall,M,1989-02-05,18-39,Thiruvananthapuram,+91-00455-00113,ml
P01442,Lipika Sinha,F,2014-08-26,5-11,Kannur,+91-00867-57246,en
P01443,Qadim Gour,M,2015-07-09,5-11,Kollam,+91-00023-64513,ta
P01444,Unnati Kade,F,2015-10-26,5-11,Kollam,+91-00880-87085,ml
P01445,Quincy Patla,M,1954-07-11,65+,Kannur,+91-00889-97559,ml
P01446,Logan Seshadri,M,1994-10-30,18-39,Kollam,+91-00653-61240,ml
P01447,Ekaja Karnik,F,1940-04-05,65+,Malappuram,+91-00116-63232,ml
P01448,Lopa Keer,F,1932-12-06,65+,Idukki,+91-00876-81297,ml
P01449,Sai Hayre,F,1990-05-11,18-39,Kannur,+91-00899-17005,ml
P01450,Falan Solanki,M,1986-12-11,18-39,Pathanamthitta,+91-00201-85826,ml
P01451,Hema Sama,F,1990-01-27,18-39,Kollam,+91-00940-52612,ml
P01452,Ekani Varughese,F,1999-07-10,18-39,Alappuzha,+91-00881-68210,ml
P01453,Yagnesh Mital,M,1986-11-14,18-39,Kodagu,+91-00204-50672,en
P01454,Arjun Rao,M,1988-08-18,18-39,Kannur,+91-00393-78997,ml
P01455,Finn Bhasin,M,1981-10-05,40-64,Kottayam,+91-00336-17550,en
P01456,Joshua Soni,M,2016-08-08,5-11,Pathanamthitta,+91-00498-49466,en
P01457,Varenya Natt,F,2000-05-08,18-39,Pathanamthitta,+91-00889-00817,ml
P01458,Radha Parsa,F,1971-11-17,40-64,Alappuzha,+91-00874-21119,en
P01459,Pooja Bahri,F,1987-01-21,18-39,Pathanamthitta,+91-00175-41821,ml
P01460,Darsh Panchal,M,1998-04-15,18-39,Coimbatore,+91-00551-92969,en
P01461,Gagan Mane,M,1987-05-31,18-39,Thiruvananthapuram,+91-00534-14540,ml
P01462,Nicholas Uppal,M,1980-02-06,40-64,Coimbatore,+91-00450-92057,ml
P01463,Udant Brar,M,1949-02-14,65+,Thiruvananthapuram,+91-00714-21775,ml
P01464,Mekhala Sheth,F,1954-03-06,65+,Kannur,+91-00645-73368,en
P01465,Fiyaz Nazareth,M,1991-07-28,18-39,Ernakulam,+91-00275-52799,en
P01466,Samaksh Bora,M,1985-12-25,18-39,Kollam,+91-00348-18101,ml
P01467,Faris Oza,M,1995-12-07,18-39,Kannur,+91-00888-32054,ml
P01468,Nirja Nadig,F,1977-02-19,40-64,Alappuzha,+91-00325-10148,ml
P01469,Lila Rana,F,1990-10-22,18-39,Coimbatore,+91-00444-64374,ml
P01470,Vamakshi Patil,F,2015-03-08,5-11,Kozhikode,+91-00972-77568,ml
P01471,Triveni Ganesh,F,1962-01-06,40-64,Satara,+91-00857-98724,en
P01472,Advay Dass,M,2000-05-24,18-39,Kannur,+91-00698-85722,en
P01473,Jeremiah Buch,M,2013-09-09,5-11,Alappuzha,+91-00304-71511,ta
P01474,Fiyaz Ranganathan,M,1975-03-18,40-64,Idukki,+91-00628-45145,ml
P01475,Champak Bhatt,M,1955-06-26,65+,Malappuram,+91-00642-72089,en
P01476,Avni Bal,F,1968-07-17,40-64,Kottayam,+91-00411-84253,ta
P01477,Benjamin Chawla,M,1964-05-03,40-64,Thrissur,+91-00036-32409,ml
P01478,Faras Chad,M,1982-08-24,40-64,Alappuzha,+91-00366-83048,en
P01479,Nilima Karnik,F,1998-08-02,18-39,Malappuram,+91-00508-93291,ml
P01480,Meghana Savant,F,1992-08-16,18-39,Kottayam,+91-00950-45854,ml
P01481,Dominic Vyas,M,1995-03-20,18-39,Thiruvananthapuram,+91-00727-24620,hi
P01482,Akshay Banerjee,M,2019-12-13,5-11,Pune,+91-00107-49109,ml
P01483,Omaja Soni,F,1962-01-23,40-64,Kanyakumari,+91-00301-73082,ta
P01484,Madhavi Saxena,F,1984-08-12,40-64,Kottayam,+91-00521-13557,ta
P01485,Gaurang Shan,M,1996-03-21,18-39,Kollam,+91-00451-40178,ta
P01486,Mohammed Palan,M,2014-12-01,5-11,Kozhikode,+91-00005-54494,en
P01487,Ishaan Chakraborty,M,1930-08-01,65+,Alappuzha,+91-00935-89668,en
P01488,Nikita Pau,F,2001-09-25,18-39,Palakkad,+91-00904-89391,ml
P01489,Leena Dugal,F,1986-11-18,18-39,Kannur,+91-00923-09752,ml
P01490,Aashi Acharya,F,1987-11-28,18-39,Alappuzha,+91-00428-54507,ta
P01491,Orinder Mangat,M,2022-05-18,1-4,Kottayam,+91-00833-37314,ml
P01492,Aayush Swamy,M,1962-09-03,40-64,Thiruvananthapuram,+91-00708-78115,ml
P01493,Mason Andra,M,2008-07-18,12-17,Kottayam,+91-00511-24116,hi
P01494,Mugdha Kashyap,F,1944-05-07,65+,Palakkad,+91-00077-44482,ml
P01495,Rachit Gulati,M,1981-11-26,40-64,Pathanamthitta,+91-00167-64409,ta
P01496,Urmi Rana,F,1937-08-27,65+,Pune,+91-00238-87679,ml
P01497,Finn Ramakrishnan,M,1983-05-25,40-64,Kozhikode,+91-00895-83629,ml
P01498,Januja Lall,F,1987-12-18,18-39,Pathanamthitta,+91-00665-11568,en
P01499,Siddharth Khatri,M,2004-07-10,18-39,Thrissur,+91-00983-06587,ml
P01500,Lucky Wali,M,1960-08-19,40-64,Idukki,+91-00566-80423,en
P01501,Samuel Guha,M,1937-11-24,65+,Idukki,+91-00084-49692,ml
P01502,Hemani Deshpande,F,1943-11-27,65+,Thrissur,+91-00477-19704,ml
P01503,Christopher Shah,M,2005-05-11,18-39,Kollam,+91-00111-90992,ta
P01504,Laban Swamy,M,1952-10-26,65+,Alappuzha,+91-00901-09377,ml
P01505,Naveen Bahl,M,1988-09-24,18-39,Pathanamthitta,+91-00278-39224,ml
P01506,Arya Warrior,F,1985-03-13,40-64,Pathanamthitta,+91-00197-06650,ml
P01507,Idika Chaudry,F,1989-01-19,18-39,Malappuram,+91-00511-44202,hi
P01508,Krish Dass,M,1992-08-19,18-39,Satara,+91-00807-29653,ta
P01509,Aarna Kaul,F,1986-09-14,18-39,Malappuram,+91-00510-31397,ml
P01510,Faqid Aurora,M,1997-08-17,18-39,Satara,+91-00038-72760,ml
P01511,Ikbal Oommen,M,2016-02-18,5-11,Palakkad,+91-00742-66398,hi
P01512,Nimrat Tara,F,1968-11-13,40-64,Kottayam,+91-00034-69651,ta
P01513,Vedika Balay,F,1978-07-24,40-64,Coimbatore,+91-00604-44100,ml
P01514,Banjeet Dhingra,M,1989-01-21,18-39,Thiruvananthapuram,+91-00616-11079,en
P01515,Kiaan Ramanathan,M,1991-09-19,18-39,Kollam,+91-00208-12904,ml
P01516,Vrinda Golla,F,1974-05-19,40-64,Pune,+91-00446-89526,ml
P01517,Jeremiah Raj,M,2016-10-13,5-11,Malappuram,+91-00006-44612,en
P01518,Divya Kothari,F,1958-10-02,65+,Kodagu,+91-00283-93751,en
P01519,Vaishnavi Kota,F,2022-12-23,1-4,Kollam,+91-00619-22198,ml
P01520,Hardik Sharma,M,1992-10-29,18-39,Kozhikode,+91-00284-58079,ta
P01521,Yoshita Joshi,F,1969-11-01,40-64,Alappuzha,+91-00047-06716,ml
P01522,Robert Muni,M,1965-01-04,40-64,Kottayam,+91-00674-80233,ta
P01523,Gauri Basak,F,1930-08-01,65+,Coimbatore,+91-00742-17176,ml
P01524,Jonathan Srivastava,M,2005-10-20,18-39,Idukki,+91-00862-22481,hi
P01525,Hardik Patel,M,1950-12-17,65+,Malappuram,+91-00875-29587,ml
P01526,Ikbal Chowdhury,M,2013-08-06,5-11,Coimbatore,+91-00496-95717,ml
P01527,Teerth Nair,M,1990-08-30,18-39,Kanyakumari,+91-00407-66777,en
P01528,Geetika Majumdar,F,1974-02-07,40-64,Thiruvananthapuram,+91-00585-07484,ml
P01529,Siya Kibe,F,2019-05-20,5-11,Pathanamthitta,+91-00792-35839,ml
P01530,Ansh Soman,M,1990-03-29,18-39,Kodagu,+91-00475-30449,en
P01531,Quincy Chakraborty,M,2005-02-19,18-39,Palakkad,+91-00995-55069,ml
P01532,Gaurangi Tata,F,2013-09-06,5-11,Ernakulam,+91-00637-52284,ta
P01533,Omkaar Bhasin,M,1994-01-09,18-39,Thiruvananthapuram,+91-00308-58617,ml
P01534,Pranav Dube,M,1996-01-15,18-39,Thiruvananthapuram,+91-00793-09500,ml
P01535,Dev Sura,M,2020-02-23,5-11,Pune,+91-00150-16459,ml
P01536,Nathan Palan,M,1966-03-27,40-64,Ernakulam,+91-00935-57662,ml
P01537,Gopal Bail,M,1988-06-16,18-39,Kannur,+91-00340-19886,ml
P01538,Rachita Desai,F,1992-06-25,18-39,Alappuzha,+91-00685-52479,ml
P01539,Anmol Sundaram,M,1975-07-01,40-64,Alappuzha,+91-00625-71540,ml
P01540,Manan Suri,M,1978-05-19,40-64,Palakkad,+91-00095-67944,ml
P01541,Girik Pall,M,1992-03-06,18-39,Coimbatore,+91-00721-27701,en
P01542,Vivaan Maharaj,M,2005-04-22,18-39,Kottayam,+91-00311-59202,ml
P01543,Bhavya Wali,F,1966-10-12,40-64,Kottayam,+91-00381-93081,ml
P01544,Umang Merchant,M,2019-04-28,5-11,Thrissur,+91-00096-16896,ml
P01545,Qadim Setty,M,2008-02-29,12-17,Thiruvananthapuram,+91-00810-68102,ta
P01546,Zehaan Raghavan,M,1946-05-25,65+,Idukki,+91-00860-02382,ml
P01547,Aditya Patla,M,2008-06-29,12-17,Thrissur,+91-00134-83682,hi
P01548,Naveen Bhatnagar,M,1995-01-31,18-39,Thiruvananthapuram,+91-00812-82581,ml
P01549,Ikshita Viswanathan,F,1994-04-02,18-39,Malappuram,+91-00897-23051,hi
P01550,Faraj Mandal,M,1991-12-22,18-39,Thiruvananthapuram,+91-00097-29632,ml
P01551,Samarth Nagy,M,2015-03-20,5-11,Kozhikode,+91-00997-51676,ml
P01552,Chanakya Virk,M,2000-10-21,18-39,Kannur,+91-00004-74352,ml
P01553,Anya Dayal,F,1979-11-16,40-64,Kannur,+91-00842-12238,hi
P01554,Amol Jaggi,M,1962-10-11,40-64,Malappuram,+91-00558-74487,ml
P01555,Watika Handa,F,1980-02-16,40-64,Palakkad,+91-00957-60712,en
P01556,Anamika Rama,F,1976-12-12,40-64,Kottayam,+91-00338-91010,ml
P01557,Zansi Kunda,F,1988-02-08,18-39,Ernakulam,+91-00360-63330,en
P01558,Rajeshri Kant,F,1980-11-06,40-64,Kollam,+91-00840-53039,en
P01559,Abeer Joshi,M,1975-06-18,40-64,Kozhikode,+91-00710-84173,ml
P01560,Balveer Sidhu,M,1968-11-09,40-64,Thiruvananthapuram,+91-00600-42016,en
P01561,Radha Sagar,F,1993-07-14,18-39,Idukki,+91-00644-40106,en
P01562,Ayush Lata,M,1995-04-05,18-39,Thrissur,+91-00682-08145,ml
P01563,Balendra Modi,M,2010-11-17,12-17,Malappuram,+91-00047-47487,ml
P01564,Hritik Venkataraman,M,1936-11-13,65+,Kottayam,+91-00117-73074,ml
P01565,Daksha Kashyap,F,1939-03-28,65+,Ernakulam,+91-00181-49951,en
P01566,Ikshita Hans,F,1983-12-19,40-64,Palakkad,+91-00176-92185,ml
P01567,Gaurav Sagar,M,2018-08-23,5-11,Kodagu,+91-00842-00163,en
P01568,Rachita Shanker,F,2019-07-08,5-11,Malappuram,+91-00394-94213,ml
P01569,Charles Ganesan,M,2000-06-20,18-39,Alappuzha,+91-00489-84419,hi
P01570,Sai Thaman,M,1996-07-23,18-39,Kanyakumari,+91-00089-42917,en
P01571,Gaurangi Walla,F,1946-10-15,65+,Thiruvananthapuram,+91-00870-19477,ml
P01572,Qushi Murty,F,1988-04-07,18-39,Alappuzha,+91-00010-73440,ta
P01573,Quincy Sachar,M,1998-04-08,18-39,Kollam,+91-00083-30075,en
P01574,Ojasvi Khosla,F,1974-04-08,40-64,Ernakulam,+91-00812-89182,ml
P01575,Riya Kumar,F,2020-05-01,5-11,Malappuram,+91-00130-49693,ml
P01576,Varsha Sem,F,1952-06-09,65+,Thrissur,+91-00793-39135,ml
P01577,Aadi Banerjee,M,1980-12-31,40-64,Kannur,+91-00350-54321,ml
P01578,Abhiram Vasa,M,1992-12-01,18-39,Palakkad,+91-00776-04033,ml
P01579,Nidhi Ahuja,F,1992-03-02,18-39,Alappuzha,+91-00050-10664,ml
P01580,Indrajit Kala,M,1975-04-09,40-64,Thrissur,+91-00341-27800,ml
P01581,Alka Majumdar,F,1986-05-18,18-39,Kozhikode,+91-00481-30082,ml
P01582,Charvi Barad,F,1988-07-02,18-39,Thrissur,+91-00625-32170,ml
P01583,Rachana Dugal,F,1967-12-21,40-64,Ernakulam,+91-00836-30967,ml
P01584,Kevin Peri,M,1948-04-28,65+,Thrissur,+91-00244-86025,ml
P01585,Jackson Kunda,M,1971-03-27,40-64,Thrissur,+91-00658-04798,ml
P01586,Charita Ratta,F,1994-07-06,18-39,Kottayam,+91-00151-04863,ml
P01587,Brinda Nair,F,1998-12-23,18-39,Kanyakumari,+91-00795-62759,ta
P01588,Gabriel Sura,M,1969-05-03,40-64,Pathanamthitta,+91-00933-32819,en
P01589,Netra Barad,F,1971-04-12,40-64,Thiruvananthapuram,+91-00047-45889,ta
P01590,Balveer Bhalla,M,2019-05-17,5-11,Kozhikode,+91-00079-14455,hi
P01591,Priya Saraf,F,1986-01-23,18-39,Kanyakumari,+91-00787-37884,en
P01592,Darpan Karan,M,2017-03-30,5-11,Malappuram,+91-00880-51374,en
P01593,Rayaan Bhagat,M,1998-09-16,18-39,Ernakulam,+91-00648-83412,ml
P01594,Zaitra Barman,F,1992-08-28,18-39,Satara,+91-00461-31984,en
P01595,Falan Narain,M,2012-08-07,12-17,Idukki,+91-00769-83066,ml
P01596,Ganga Bedi,F,1958-02-05,65+,Idukki,+91-00299-82303,en
P01597,Vansha Thaman,F,2002-04-17,18-39,Palakkad,+91-00991-19379,ml
P01598,Janya Sankaran,F,2022-04-21,1-4,Ernakulam,+91-00847-08690,hi
P01599,Shravya Divan,F,2009-10-05,12-17,Thrissur,+91-00887-89099,ml
P01600,Om Butala,M,1972-01-07,40-64,Pune,+91-00854-34878,en
P01601,Arya Rastogi,F,1965-06-18,40-64,Alappuzha,+91-00932-55392,hi
P01602,Chaman Rastogi,F,2024-02-14,1-4,Pathanamthitta,+91-00064-84939,ta
P01603,Dhruv Deshmukh,M,1984-08-14,40-64,Ernakulam,+91-00908-30316,ml
P01604,Ira Sura,F,1993-10-25,18-39,Thrissur,+91-00248-56913,ml
P01605,Guneet Viswanathan,M,1958-10-13,65+,Kozhikode,+91-00359-63909,en
P01606,Keya Bora,F,2004-06-15,18-39,Pune,+91-00370-21767,ml
P01607,Tanveer Naik,M,1990-07-30,18-39,Malappuram,+91-00232-65769,ml
P01608,Daksh Sachdev,M,1995-05-18,18-39,Satara,+91-00438-01528,en
P01609,Qadim Pall,M,1995-10-28,18-39,Alappuzha,+91-00505-78786,ta
P01610,Naveen Padmanabhan,M,1959-07-04,65+,Pathanamthitta,+91-00148-24414,ml
P01611,Michael Gara,M,1985-08-29,18-39,Kottayam,+91-00359-92712,ml
P01612,Vaishnavi Dhingra,F,1993-12-02,18-39,Kannur,+91-00348-83776,en
P01613,Anya Kaur,F,1977-05-21,40-64,Pathanamthitta,+91-00674-99202,en
P01614,Rachit Dugal,M,1979-01-04,40-64,Pathanamthitta,+91-00580-31696,ta
P01615,Dayita Bhagat,F,1965-11-27,40-64,Idukki,+91-00716-09034,en
P01616,Falak Mani,F,1975-03-30,40-64,Kottayam,+91-00783-23402,ml
P01617,Pavani Choudhry,F,2020-08-01,1-4,Malappuram,+91-00667-58001,en
P01618,Umang Sinha,M,1983-09-27,40-64,Coimbatore,+91-00241-48129,ta
P01619,Noah Kadakia,M,2005-01-30,18-39,Kollam,+91-00502-76704,ml
P01620,Harsh Virk,M,2022-04-23,1-4,Thrissur,+91-00466-05817,ml
P01621,Warhi Dhaliwal,F,1997-04-30,18-39,Kollam,+91-00074-66456,en
P01622,Raghav Vyas,M,1979-05-29,40-64,Alappuzha,+91-00894-43520,ml
P01623,Joshua Garde,M,1949-01-21,65+,Kottayam,+91-00091-17099,hi
P01624,Lucky Iyer,M,2020-05-24,5-11,Palakkad,+91-00976-70330,ml
P01625,Avni Shroff,F,1989-03-15,18-39,Thrissur,+91-00031-25945,ml
P01626,Bahadurjit Rama,M,1989-05-25,18-39,Malappuram,+91-00729-63158,hi
P01627,Radha Chokshi,F,1976-12-22,40-64,Kannur,+91-00287-69599,ml
P01628,Mugdha Raju,F,1980-06-10,40-64,Pathanamthitta,+91-00904-90014,ml
P01629,Sachi Trivedi,F,1970-12-28,40-64,Kozhikode,+91-00824-35429,ml
P01630,Nakul Sundaram,M,1993-01-24,18-39,Malappuram,+91-00025-39072,hi
P01631,Idika Issac,F,1986-08-07,18-39,Kollam,+91-00021-57015,hi
P01632,Advay Baral,M,1967-04-22,40-64,Kottayam,+91-00603-34179,ml
P01633,Michael Nath,M,1965-06-06,40-64,Thiruvananthapuram,+91-00149-52471,en
P01634,Shravya Dugar,F,1965-03-26,40-64,Kollam,+91-00014-27633,en
P01635,Prisha Pandey,F,1969-10-20,40-64,Kottayam,+91-00967-91418,ml
P01636,Matthew Keer,M,1969-01-12,40-64,Alappuzha,+91-00632-37401,ml
P01637,Azaan Kurian,M,1979-06-11,40-64,Coimbatore,+91-00010-65005,ta
P01638,Amruta Mammen,F,2002-09-03,18-39,Coimbatore,+91-00490-71344,ml
P01639,Forum Om,F,2001-09-15,18-39,Palakkad,+91-00157-83031,ml
P01640,Ekantika Chahal,F,1982-05-15,40-64,Kozhikode,+91-00805-42819,ml
P01641,Ishaan Sahni,M,1981-08-04,40-64,Satara,+91-00028-46636,en
P01642,Faraj Sandhu,M,2015-10-02,5-11,Idukki,+91-00370-76096,ml
P01643,Omya Sen,F,1995-04-26,18-39,Thrissur,+91-00238-01801,ml
P01644,Ishanvi Devi,F,1985-01-02,40-64,Malappuram,+91-00980-24127,ml
P01645,Ekantika More,F,1931-05-12,65+,Kodagu,+91-00078-85703,hi
P01646,Tanveer Dhillon,M,1998-05-06,18-39,Kannur,+91-00719-26872,ml
P01647,Nathan Bir,M,1989-12-23,18-39,Thiruvananthapuram,+91-00478-68831,ml
P01648,Hiral Nadkarni,F,1965-12-11,40-64,Kozhikode,+91-00816-37286,ml
P01649,Amruta Nagar,F,1970-04-26,40-64,Alappuzha,+91-00214-01471,ml
P01650,Samesh Mitter,M,1977-12-28,40-64,Alappuzha,+91-00855-81421,en
P01651,Laksh Doshi,M,2007-01-14,18-39,Thrissur,+91-00950-74764,ml
P01652,Chatresh Deep,M,1987-06-28,18-39,Malappuram,+91-00213-24028,en
P01653,Amara Loke,F,1942-03-22,65+,Pathanamthitta,+91-00242-45824,ml
P01654,Jack Kashyap,M,2019-03-29,5-11,Kottayam,+91-00963-69092,ta
P01655,Praneel Buch,M,1996-03-23,18-39,Kozhikode,+91-00434-73754,ta
P01656,Ekalinga Thakkar,M,1950-06-22,65+,Pathanamthitta,+91-00835-40353,ml
P01657,Ridhi Gour,F,1985-01-15,40-64,Kanyakumari,+91-00842-01836,en
P01658,Xalak Som,F,2006-05-27,18-39,Ernakulam,+91-00310-16986,en
P01659,Gautami Hans,F,1999-10-24,18-39,Palakkad,+91-00178-20278,ta
P01660,Anamika Rege,F,2020-06-09,5-11,Kollam,+91-00366-72480,hi
P01661,Krishna Sachar,M,2021-07-12,1-4,Pune,+91-00591-44109,en
P01662,Harrison Jayaraman,M,1986-11-20,18-39,Kodagu,+91-00497-18325,ml
P01663,Gaurang Sarna,M,1996-10-12,18-39,Pathanamthitta,+91-00736-75504,ml
P01664,Nicholas Shankar,M,1986-08-29,18-39,Malappuram,+91-00548-81431,ta
P01665,Unni Ravel,F,1995-10-02,18-39,Kannur,+91-00805-80436,ta
P01666,Ranveer Munshi,M,1940-03-04,65+,Kollam,+91-00103-08609,ml
P01667,Anirudh Verma,M,2000-05-31,18-39,Palakkad,+91-00439-05695,en
P01668,Upkaar Shan,M,1990-12-18,18-39,Kanyakumari,+91-00016-13082,ml
P01669,Krisha Venkataraman,F,2023-03-13,1-4,Thrissur,+91-00120-32584,ml
P01670,Anusha Ram,F,1992-10-12,18-39,Kodagu,+91-00331-81958,ml
P01671,Ikshita Manne,F,1999-03-14,18-39,Thiruvananthapuram,+91-00901-17022,ml
P01672,Sneha Modi,F,1952-11-12,65+,Kodagu,+91-00380-50823,en
P01673,Vihaan Ganesan,M,1930-08-01,65+,Satara,+91-00273-33084,ml
P01674,Manan Bhagat,M,2020-04-22,5-11,Pathanamthitta,+91-00670-42543,en
P01675,Vedika Seth,F,1978-04-29,40-64,Ernakulam,+91-00703-07485,en
P01676,Zashil Chowdhury,M,2004-10-14,18-39,Palakkad,+91-00481-31059,en
P01677,Ekansh Ramaswamy,M,1953-08-09,65+,Coimbatore,+91-00288-46839,ml
P01678,Neel Seshadri,M,1995-10-05,18-39,Pathanamthitta,+91-00301-75821,ml
P01679,Gaurav Setty,M,2005-10-31,18-39,Kottayam,+91-00185-89308,en
P01680,Utkarsh Chana,M,1972-12-19,40-64,Kannur,+91-00362-52692,en
P01681,Ojasvi Gade,F,1961-07-20,40-64,Idukki,+91-00168-91922,ml
P01682,Chakradev Comar,M,1953-11-27,65+,Palakkad,+91-00642-76974,ml
P01683,Radhika Chada,F,1990-10-11,18-39,Palakkad,+91-00894-99561,hi
P01684,Fariq Radhakrishnan,M,1992-06-16,18-39,Satara,+91-00254-32893,ml
P01685,Anthony Garde,M,2022-11-01,1-4,Pathanamthitta,+91-00242-50157,ml
P01686,Falguni Gaba,F,1986-11-19,18-39,Pune,+91-00898-73824,hi
P01687,Gaurav Behl,M,1972-07-15,40-64,Palakkad,+91-00568-47357,ta
P01688,Mitesh More,M,1979-09-06,40-64,Kodagu,+91-00729-46732,ml
P01689,Mitali Golla,F,2007-12-24,12-17,Kollam,+91-00889-55920,ta
P01690,Ekaja Jain,F,1996-10-14,18-39,Malappuram,+91-00664-67936,ml
P01691,Lajita Arora,F,1952-12-06,65+,Kanyakumari,+91-00742-47800,ta
P01692,Yadavi Tara,F,1972-05-28,40-64,Kannur,+91-00386-41493,en
P01693,Xiti Khanna,F,1962-03-03,40-64,Thiruvananthapuram,+91-00938-10970,ml
P01694,Wazir Setty,M,1996-07-28,18-39,Ernakulam,+91-00703-96046,hi
P01695,Timothy Buch,M,1973-01-12,40-64,Kollam,+91-00071-61784,ta
P01696,Krisha Mall,F,2013-07-31,12-17,Pathanamthitta,+91-00595-33432,ml
P01697,Arya Goyal,F,1967-02-15,40-64,Kozhikode,+91-00094-67763,en
P01698,Baghyawati Palla,F,1980-06-01,40-64,Pune,+91-00522-75171,en
P01699,Eta Bali,F,1999-04-28,18-39,Malappuram,+91-00088-93468,ml
P01700,Noah Chahal,M,1982-02-22,40-64,Kollam,+91-00627-44262,ml
P01701,Darika Saha,F,1969-05-24,40-64,Alappuzha,+91-00456-95199,ml
P01702,Faris Mane,M,1960-05-20,65+,Idukki,+91-00553-58021,hi
P01703,Vedant Parsa,M,2004-01-01,18-39,Kollam,+91-00648-31251,ml
P01704,Charita Mistry,F,1980-10-14,40-64,Kanyakumari,+91-00250-75114,ml
P01705,Raksha Raghavan,F,2001-11-23,18-39,Pathanamthitta,+91-00319-03422,en
P01706,Tanay Bhattacharyya,M,1969-02-03,40-64,Kollam,+91-00482-01017,ml
P01707,Warinder Desai,M,2023-07-02,1-4,Kozhikode,+91-00566-64425,ml
P01708,Laksh Narayan,M,1997-09-09,18-39,Kollam,+91-00923-60685,ml
P01709,Zaitra Kadakia,F,1999-11-16,18-39,Idukki,+91-00351-64235,ml
P01710,Barkha Chopra,F,1993-02-12,18-39,Thrissur,+91-00591-74115,ta
P01711,Wyatt Mani,M,1986-04-17,18-39,Kollam,+91-00922-09698,ml
P01712,Nathan Lad,M,1994-11-24,18-39,Thrissur,+91-00717-80486,ml
P01713,Eiravati Taneja,F,1967-01-13,40-64,Ernakulam,+91-00328-40345,ml
P01714,Yatin Gole,M,1960-03-30,65+,Malappuram,+91-00414-37355,ta
P01715,Mohini Hari,F,1981-07-20,40-64,Alappuzha,+91-00878-32612,ml
P01716,Daniel Bajwa,M,1994-06-21,18-39,Idukki,+91-00437-58480,ml
P01717,Daniel Johal,M,1986-11-16,18-39,Malappuram,+91-00252-69795,en
P01718,Samuel Bath,M,1981-07-21,40-64,Thiruvananthapuram,+91-00523-17010,ml
P01719,Parth Kala,M,1987-07-27,18-39,Kollam,+91-00185-02719,en
P01720,Harrison Manda,M,1984-11-21,40-64,Kottayam,+91-00582-80080,ml
P01721,Bahadurjit Morar,M,2020-10-20,1-4,Kollam,+91-00991-65983,ta
P01722,Zehaan Naik,M,1995-04-21,18-39,Thiruvananthapuram,+91-00969-98815,en
P01723,Deepa Nath,F,1937-03-16,65+,Satara,+91-00613-37509,ta
P01724,Siya Balakrishnan,F,1981-01-06,40-64,Ernakulam,+91-00886-63257,hi
P01725,Indali Narayanan,F,1988-05-26,18-39,Thrissur,+91-00815-22630,en
P01726,Wriddhish Som,M,2020-11-07,1-4,Alappuzha,+91-00950-42917,ml
P01727,Ekansh Subramaniam,M,1994-07-14,18-39,Thiruvananthapuram,+91-00873-37525,en
P01728,Victor Yadav,M,1983-03-31,40-64,Kozhikode,+91-00899-67290,en
P01729,Vihaan Sachdev,M,2016-07-17,5-11,Kozhikode,+91-00229-14845,ml
P01730,Yoshita Mistry,F,1988-12-10,18-39,Satara,+91-00158-37456,ml
P01731,Aditya Joshi,M,2001-12-23,18-39,Thiruvananthapuram,+91-00043-54850,ml
P01732,Peter Bhatti,M,2019-01-11,5-11,Kollam,+91-00659-74449,hi
P01733,Meera Balasubramanian,F,1994-04-17,18-39,Kozhikode,+91-00933-80040,en
P01734,Raghav Warrior,M,2006-06-08,18-39,Kottayam,+91-00993-60370,en
P01735,Saumya Grover,F,1971-09-14,40-64,Thiruvananthapuram,+91-00852-77456,en
P01736,Nikita Murty,F,2005-03-02,18-39,Kottayam,+91-00831-41067,en
P01737,Laban Sachdev,M,1989-08-03,18-39,Kollam,+91-00518-91397,ta
P01738,Yadavi Khanna,F,1985-05-05,40-64,Kannur,+91-00451-60632,ml
P01739,Upkaar Mittal,M,1956-08-25,65+,Coimbatore,+91-00640-18486,ml
P01740,Matthew Gill,M,2005-12-28,18-39,Malappuram,+91-00022-69524,en
P01741,Rachit Barad,M,1969-05-09,40-64,Idukki,+91-00794-58242,ta
P01742,Charita Sawhney,F,1965-10-14,40-64,Kozhikode,+91-00657-06681,ta
P01743,Wyatt Tella,M,2024-10-05,<1,Malappuram,+91-00170-73768,hi
P01744,Girish Oak,M,1961-03-09,40-64,Kannur,+91-00635-19783,en
P01745,Zaitra Mukherjee,F,1984-10-18,40-64,Thrissur,+91-00599-03512,ml
P01746,Eshana Chaudhari,F,2004-09-11,18-39,Pune,+91-00787-02681,ml
P01747,Ishanvi Bansal,F,1968-05-03,40-64,Kottayam,+91-00837-22374,ml
P01748,Rishi Vig,M,1955-04-11,65+,Palakkad,+91-00253-92583,en
P01749,Aahana Mukhopadhyay,F,2008-03-05,12-17,Kannur,+91-00814-33654,ml
P01750,Caleb Nath,M,2002-01-24,18-39,Coimbatore,+91-00182-10960,ml
P01751,Arin Chauhan,M,1979-04-18,40-64,Pune,+91-00394-58098,ml
P01752,Alka Muni,F,1966-01-24,40-64,Idukki,+91-00492-89669,ta
P01753,Oeshi Iyer,F,1972-06-27,40-64,Malappuram,+91-00804-26027,ml
P01754,Luke Malhotra,M,1977-08-10,40-64,Kottayam,+91-00901-46182,en
P01755,Thomas Dalal,M,1948-08-24,65+,Malappuram,+91-00017-85141,ml
P01756,Falguni Dugar,F,1988-12-21,18-39,Pathanamthitta,+91-00737-35532,en
P01757,Dakshesh Aurora,M,2015-12-26,5-11,Ernakulam,+91-00877-90574,en
P01758,Ishanvi Palla,F,1991-11-03,18-39,Kodagu,+91-00954-91255,ml
P01759,Lopa Dhaliwal,F,1978-11-25,40-64,Kannur,+91-00267-55761,en
P01760,Jason Garg,M,1985-06-03,40-64,Thrissur,+91-00172-68169,en
P01761,Nachiket Nigam,M,1964-09-13,40-64,Pathanamthitta,+91-00498-87930,ml
P01762,Arya De,F,2018-06-15,5-11,Idukki,+91-00901-31788,ta
P01763,Vrishti Bedi,F,1976-06-15,40-64,Kollam,+91-00315-03198,en
P01764,Rehaan Bhagat,M,2017-06-03,5-11,Thiruvananthapuram,+91-00505-38469,ml
P01765,Unni Ramanathan,F,2021-09-16,1-4,Kodagu,+91-00995-81775,ml
P01766,Udant Parekh,M,2017-11-02,5-11,Thrissur,+91-00456-56782,ml
P01767,Osha Hora,F,1992-02-10,18-39,Kollam,+91-00628-90300,ml
P01768,Vidhi Deep,F,2019-10-29,5-11,Kozhikode,+91-00995-41824,ml
P01769,Vivaan Chatterjee,M,2015-09-26,5-11,Kollam,+91-00367-71306,en
P01770,Nilima Shroff,F,1977-10-06,40-64,Idukki,+91-00272-14051,hi
P01771,Kala Kapur,F,1978-01-23,40-64,Alappuzha,+91-00282-31629,ml
P01772,Kai Patla,M,1979-09-17,40-64,Pathanamthitta,+91-00617-73563,en
P01773,Gavin Narayanan,M,1987-08-04,18-39,Thrissur,+91-00162-04497,en
P01774,Vasana Sura,F,1958-06-22,65+,Kozhikode,+91-00164-91135,en
P01775,Bachittar Soman,M,1991-10-04,18-39,Ernakulam,+91-00260-52826,ta
P01776,Parth Srinivas,M,1961-01-01,40-64,Kannur,+91-00540-27802,ml
P01777,Harinakshi Mandal,F,1992-01-26,18-39,Kodagu,+91-00844-06517,en
P01778,Eesha Trivedi,F,2000-07-20,18-39,Kannur,+91-00529-41365,ml
P01779,Samaksh Chhabra,M,1984-08-28,40-64,Pune,+91-00782-19722,ml
P01780,Balendra Mittal,M,1981-07-09,40-64,Kodagu,+91-00957-79243,ml
P01781,Sai Sachdev,M,2020-12-15,1-4,Kannur,+91-00740-49456,ml
P01782,Keya Dutt,F,2010-07-16,12-17,Kottayam,+91-00642-20768,ml
P01783,Rehaan Bhatti,M,1989-04-05,18-39,Pathanamthitta,+91-00008-74567,ml
P01784,Ishita Sankar,F,2024-10-04,<1,Kozhikode,+91-00448-35250,ml
P01785,Onveer Keer,M,1993-02-03,18-39,Kanyakumari,+91-00268-62040,ml
P01786,Balvan Sur,M,1965-09-22,40-64,Kannur,+91-00512-67506,ml
P01787,Vincent Nanda,M,1930-08-01,65+,Malappuram,+91-00951-83545,ml
P01788,Vamakshi Goda,F,1933-04-29,65+,Kannur,+91-00320-24181,en
P01789,Samaksh Boase,M,1998-12-04,18-39,Kozhikode,+91-00160-56907,en
P01790,Ranveer Narang,M,2015-06-03,5-11,Malappuram,+91-00825-25319,hi
P01791,Azaan Chana,M,1966-04-19,40-64,Thiruvananthapuram,+91-00990-42928,hi
P01792,Ekiya Acharya,F,1971-07-10,40-64,Ernakulam,+91-00780-29820,ta
P01793,Falan Sethi,M,2000-10-18,18-39,Thiruvananthapuram,+91-00138-51275,en
P01794,Saumya Sekhon,F,1979-11-11,40-64,Kollam,+91-00550-47830,ml
P01795,Harshil Nadig,M,1979-12-27,40-64,Thrissur,+91-00405-64999,ml
P01796,Nidra Saran,F,2002-04-13,18-39,Thiruvananthapuram,+91-00633-15138,hi
P01797,Chaitanya Anand,M,1988-05-29,18-39,Kodagu,+91-00668-33265,hi
P01798,Devansh Menon,M,1979-01-11,40-64,Ernakulam,+91-00807-49774,ml
P01799,Reva Bera,F,1985-02-24,40-64,Malappuram,+91-00240-18012,ml
P01800,Praneel Choudhary,M,1969-11-29,40-64,Pathanamthitta,+91-00964-71865,ml
P01801,Amruta Keer,F,1988-10-18,18-39,Kanyakumari,+91-00214-50173,ml
P01802,Shravya Nadkarni,F,1981-10-08,40-64,Ernakulam,+91-00124-83420,ml
P01803,Tanmayi Raj,F,2019-08-15,5-11,Thrissur,+91-00828-80320,ml
P01804,Hitesh Ghose,M,1944-03-01,65+,Malappuram,+91-00463-16589,ml
P01805,Ekiya Guha,F,2001-01-11,18-39,Thrissur,+91-00490-51040,en
P01806,Pranit Sahni,M,1970-10-09,40-64,Palakkad,+91-00318-37779,ta
P01807,Mitali Dass,F,2019-03-23,5-11,Kozhikode,+91-00046-52331,ta
P01808,Aashi Bora,F,1975-11-18,40-64,Kannur,+91-00193-84083,ml
P01809,Ekbal Sur,M,2001-10-29,18-39,Kottayam,+91-00761-60371,ml
P01810,Ekanta Chad,F,2016-02-11,5-11,Kodagu,+91-00224-66795,en
P01811,Sarthak Shah,M,1995-09-16,18-39,Idukki,+91-00992-63061,en
P01812,Hemangini Sha,F,1963-09-14,40-64,Alappuzha,+91-00786-90043,hi
P01813,Umang Rajagopalan,M,2000-06-14,18-39,Kottayam,+91-00848-16220,ml
P01814,Jeevika Grewal,F,2003-12-12,18-39,Idukki,+91-00873-76548,ml
P01815,Aarini Tara,F,1987-03-16,18-39,Kottayam,+91-00718-22789,ml
P01816,Zashil Luthra,M,1979-09-06,40-64,Kanyakumari,+91-00466-90395,ml
P01817,Qadim Bandi,M,1930-08-01,65+,Palakkad,+91-00917-11538,ml
P01818,Wyatt Pillay,M,1980-02-18,40-64,Pune,+91-00426-60609,ml
P01819,Wridesh Buch,M,1998-12-15,18-39,Kollam,+91-00095-24604,ml
P01820,Zansi Mammen,F,1967-10-23,40-64,Palakkad,+91-00596-65613,ml
P01821,Balveer Virk,M,1953-04-06,65+,Kollam,+91-00105-42351,en
P01822,Jason Sodhi,M,1996-05-31,18-39,Ernakulam,+91-00655-99052,ml
P01823,Nimrat Bera,F,1964-08-18,40-64,Idukki,+91-00997-31068,ta
P01824,Aashi Singh,F,1957-01-16,65+,Malappuram,+91-00675-55267,en
P01825,Yashvi Singh,F,1967-03-28,40-64,Kozhikode,+91-00210-50750,ml
P01826,Shivansh Pandit,M,2018-11-04,5-11,Alappuzha,+91-00137-12019,ml
P01827,Mohini Ganesh,F,1979-06-24,40-64,Pathanamthitta,+91-00356-26140,ml
P01828,Max Lad,M,1975-11-27,40-64,Idukki,+91-00145-05188,ml
P01829,Vritti Gara,F,1958-09-15,65+,Alappuzha,+91-00569-00585,en
P01830,Mugdha Bala,F,1992-11-20,18-39,Malappuram,+91-00783-07279,hi
P01831,Xavier Butala,M,1964-01-03,40-64,Thrissur,+91-00658-14858,ml
P01832,Zayyan Bose,M,1985-09-27,18-39,Kannur,+91-00617-14262,ml
P01833,Jonathan Deo,M,1989-04-05,18-39,Satara,+91-00435-65956,ta
P01834,Mahika Kurian,F,1982-06-04,40-64,Idukki,+91-00172-13270,ml
P01835,Daksh Ghosh,M,2011-10-13,12-17,Kodagu,+91-00637-64094,ml
P01836,Udant Pingle,M,2023-07-21,1-4,Kannur,+91-00419-12247,ml
P01837,Kalpit Keer,M,2024-10-25,<1,Pathanamthitta,+91-00305-21744,ml
P01838,Hemangini Wable,F,1975-01-03,40-64,Kannur,+91-00659-30052,ml
P01839,Onveer Chad,M,1987-07-13,18-39,Ernakulam,+91-00378-26131,hi
P01840,Faraj Tandon,M,1993-09-30,18-39,Kozhikode,+91-00168-81171,en
P01841,Rehaan Khanna,M,2017-02-18,5-11,Kozhikode,+91-00483-57121,ml
P01842,Fiyaz Kade,M,1963-06-02,40-64,Coimbatore,+91-00289-08744,hi
P01843,Avni Lalla,F,2016-11-20,5-11,Kozhikode,+91-00733-72209,ml
P01844,Atharv Ganesh,M,1984-10-20,40-64,Kannur,+91-00047-88630,ml
P01845,Ryan Soni,M,2018-05-02,5-11,Kottayam,+91-00852-84871,hi
P01846,Wazir Walia,M,1930-08-01,65+,Satara,+91-00461-69382,en
P01847,Sachi Ramakrishnan,F,1983-02-18,40-64,Malappuram,+91-00015-59841,en
P01848,Karan Dhillon,M,1956-10-16,65+,Kannur,+91-00133-90929,ml
P01849,Abha Mani,F,1967-01-05,40-64,Kanyakumari,+91-00945-15043,ml
P01850,Sai Mutti,F,1990-04-07,18-39,Kollam,+91-00537-59224,hi
P01851,Chasmum Wali,F,1944-08-29,65+,Kottayam,+91-00768-48877,ml
P01852,Tarak Mahajan,M,2011-09-01,12-17,Kannur,+91-00882-34546,ta
P01853,Lopa Loke,F,1992-08-23,18-39,Kodagu,+91-00320-72913,en
P01854,Lakshmi Raman,F,1975-05-16,40-64,Kozhikode,+91-00546-08184,ml
P01855,Kavya Hayer,F,1978-02-06,40-64,Ernakulam,+91-00650-27937,ta
P01856,Gautam Munshi,M,1976-04-04,40-64,Alappuzha,+91-00841-83647,hi
P01857,Aayush Bir,M,1950-05-22,65+,Thrissur,+91-00420-85322,ta
P01858,Samesh Chaudhari,M,1982-09-03,40-64,Idukki,+91-00951-72944,ml
P01859,Udant Panchal,M,1930-08-01,65+,Coimbatore,+91-00607-93301,en
P01860,Meghana Krishnamurthy,F,1979-04-18,40-64,Palakkad,+91-00873-47800,ml
P01861,Anay Bajwa,M,1978-05-06,40-64,Idukki,+91-00083-60074,ml
P01862,Barkha Kalla,F,1931-07-10,65+,Thrissur,+91-00463-36576,ta
P01863,Dipta Chadha,F,1958-12-13,65+,Kodagu,+91-00179-71659,hi
P01864,Riya Goyal,F,2004-05-30,18-39,Palakkad,+91-00911-59759,ml
P01865,George Kulkarni,M,1992-02-12,18-39,Alappuzha,+91-00234-00123,en
P01866,Vinaya Borra,F,1981-06-06,40-64,Thrissur,+91-00712-15764,hi
P01867,Lakshit Sane,M,1951-01-14,65+,Ernakulam,+91-00062-19723,en
P01868,Kabir Edwin,M,1948-01-05,65+,Kottayam,+91-00200-33940,ml
P01869,Lakshit Bhatia,M,1983-09-19,40-64,Kozhikode,+91-00319-19743,ml
P01870,Sara Natarajan,F,1992-07-31,18-39,Alappuzha,+91-00781-82617,ml
P01871,Kai Lanka,M,1986-02-21,18-39,Thrissur,+91-00251-36834,hi
P01872,Thomas Boase,M,1980-10-06,40-64,Ernakulam,+91-00816-95283,ml
P01873,Irya Ramaswamy,F,1987-04-08,18-39,Ernakulam,+91-00788-55317,ml
P01874,Xalak Chopra,F,1956-01-28,65+,Palakkad,+91-00992-72710,en
P01875,Upasna Kamdar,F,1988-10-23,18-39,Malappuram,+91-00677-02979,ta
P01876,Vaishnavi Lad,F,1996-03-31,18-39,Pathanamthitta,+91-00637-28798,hi
P01877,Anay Bora,M,1986-06-30,18-39,Kottayam,+91-00601-57302,ta
P01878,Ladli Sehgal,F,1977-02-06,40-64,Kannur,+91-00109-46134,en
P01879,Yuvraj Dixit,M,1955-07-15,65+,Kodagu,+91-00513-04758,hi
P01880,Anjali Ramakrishnan,F,1997-03-24,18-39,Thiruvananthapuram,+91-00851-93754,en
P01881,Faqid Narayan,M,1976-12-21,40-64,Kollam,+91-00020-12022,en
P01882,Aarav Varma,M,1976-05-12,40-64,Kodagu,+91-00126-44123,ml
P01883,Waida Sarin,F,1972-08-03,40-64,Pathanamthitta,+91-00600-24151,ml
P01884,Bhavya Zachariah,F,1988-10-28,18-39,Satara,+91-00847-31055,ml
P01885,Aadhya Rajagopalan,F,1972-12-16,40-64,Kannur,+91-00307-58804,ta
P01886,Darsh Wason,M,1967-08-17,40-64,Kollam,+91-00871-24894,ml
P01887,Ojas Mitter,M,2020-06-03,5-11,Kollam,+91-00337-33873,ml
P01888,Ayaan Chana,M,1979-04-27,40-64,Satara,+91-00465-42893,hi
P01889,Panini Buch,F,1985-07-02,40-64,Alappuzha,+91-00953-14651,en
P01890,Mohini Jain,F,1994-08-03,18-39,Thrissur,+91-00417-25376,en
P01891,Anmol Rajagopalan,M,2001-07-26,18-39,Alappuzha,+91-00599-78108,en
P01892,Netra Ramakrishnan,F,1992-08-26,18-39,Palakkad,+91-00935-43767,ml
P01893,Rachita Sur,F,1991-08-29,18-39,Kanyakumari,+91-00264-96383,ml
P01894,Urvashi Gupta,F,2022-12-26,1-4,Malappuram,+91-00091-13133,en
P01895,Andrew Hans,M,1974-05-17,40-64,Thiruvananthapuram,+91-00958-88641,ta
P01896,Kashvi Suresh,F,2024-01-04,1-4,Palakkad,+91-00559-32860,ml
P01897,Azad Zachariah,M,1985-12-12,18-39,Malappuram,+91-00965-95821,ml
P01898,Zaid Walla,M,1983-07-07,40-64,Pathanamthitta,+91-00866-77185,ml
P01899,Adweta Bansal,F,2018-04-29,5-11,Kozhikode,+91-00594-37177,ml
P01900,Baghyawati Nazareth,F,2014-03-20,5-11,Palakkad,+91-00471-54254,ml
P01901,Tanmayi Dani,F,1972-10-18,40-64,Thiruvananthapuram,+91-00480-86129,ml
P01902,Yutika Shanker,F,2019-03-20,5-11,Pune,+91-00166-08292,ml
P01903,Jackson Bora,M,1984-08-04,40-64,Ernakulam,+91-00453-20693,en
P01904,Ekavir Suresh,M,2021-09-17,1-4,Alappuzha,+91-00821-84839,en
P01905,Vrishti Bath,F,1967-12-23,40-64,Kollam,+91-00988-38610,ml
P01906,Eiravati Atwal,F,1990-03-21,18-39,Idukki,+91-00960-10135,ml
P01907,Aryan Mohanty,M,2000-11-28,18-39,Kottayam,+91-00962-24607,ml
P01908,Vedant Garde,M,2015-11-14,5-11,Kottayam,+91-00019-82546,en
P01909,Damyanti Comar,F,2006-02-09,18-39,Kannur,+91-00515-41288,ml
P01910,Imaran Bhatnagar,M,1977-09-29,40-64,Malappuram,+91-00200-41564,ta
P01911,Unni Nazareth,F,2016-08-06,5-11,Kollam,+91-00615-14369,ml
P01912,Nicholas Dara,M,2018-04-25,5-11,Kozhikode,+91-00945-72365,en
P01913,Naveen Kala,M,1990-11-04,18-39,Kozhikode,+91-00876-04458,ml
P01914,Gabriel Nayak,M,1964-08-19,40-64,Thrissur,+91-00866-86575,en
P01915,Darpan Mahal,M,2016-07-26,5-11,Satara,+91-00365-56965,en
P01916,Triya Ganguly,F,1982-07-22,40-64,Kottayam,+91-00501-82610,ml
P01917,Gayathri Sarna,F,2009-06-11,12-17,Thiruvananthapuram,+91-00281-91956,ml
P01918,Anusha Deol,F,1992-07-08,18-39,Thiruvananthapuram,+91-00553-00013,ml
P01919,Riya Dugar,F,1976-02-16,40-64,Kottayam,+91-00303-14257,ml
P01920,Yagnesh Buch,M,1985-04-02,40-64,Thrissur,+91-00808-40913,ta
P01921,Aarini Gola,F,1977-06-20,40-64,Kollam,+91-00464-35016,en
P01922,Meghana Saha,F,1980-05-21,40-64,Palakkad,+91-00700-99340,en
P01923,Dev Jhaveri,M,1979-12-04,40-64,Coimbatore,+91-00872-98954,ml
P01924,Lopa Virk,F,2008-11-12,12-17,Kannur,+91-00299-66434,ml
P01925,Tripti Khare,F,1990-11-20,18-39,Malappuram,+91-00622-30244,en
P01926,Anirudh Gole,M,2023-06-22,1-4,Malappuram,+91-00845-91960,ml
P01927,Chaitanya Mitra,M,1992-06-11,18-39,Kozhikode,+91-00950-98792,ml
P01928,Shaurya Agrawal,M,1971-03-07,40-64,Thrissur,+91-00163-14727,ml
P01929,Gopal Dalal,M,2021-10-22,1-4,Idukki,+91-00681-72567,ml
P01930,Pratyush Zacharia,M,2008-10-29,12-17,Kottayam,+91-00435-16326,hi
P01931,Vincent Joshi,M,1992-10-01,18-39,Kollam,+91-00285-12837,ml
P01932,Avni Hari,F,1995-07-11,18-39,Palakkad,+91-00157-18792,ml
P01933,Falguni Som,F,1982-06-08,40-64,Ernakulam,+91-00585-51320,ml
P01934,Gaurang Dutta,M,1995-08-13,18-39,Kollam,+91-00334-54285,ml
P01935,Avi Patla,M,1987-08-24,18-39,Alappuzha,+91-00667-09750,ml
P01936,Jagrati Saran,F,2017-01-29,5-11,Kannur,+91-00280-20116,ml
P01937,Oviya Setty,F,1956-12-31,65+,Alappuzha,+91-00000-11603,ml
P01938,Charles Ben,M,1995-04-16,18-39,Ernakulam,+91-00767-87559,ml
P01939,Gaurangi Balakrishnan,F,1972-06-29,40-64,Pathanamthitta,+91-00161-76724,en
P01940,Yasti D’Alia,F,2022-04-06,1-4,Pathanamthitta,+91-00252-13994,ml
P01941,Jacob Saxena,M,1964-02-03,40-64,Kozhikode,+91-00235-91934,en
P01942,Shaurya Issac,M,1948-07-20,65+,Thiruvananthapuram,+91-00342-74075,ml
P01943,Jyoti Choudhary,F,1984-12-17,40-64,Kottayam,+91-00485-43576,ml
P01944,Ishaan Chaudhari,M,2018-05-22,5-11,Satara,+91-00812-99147,hi
P01945,Samuel Iyengar,M,1999-11-12,18-39,Ernakulam,+91-00650-84956,ml
P01946,Januja Borah,F,2002-06-11,18-39,Palakkad,+91-00145-90074,ml
P01947,Xavier Bhagat,M,1990-10-23,18-39,Malappuram,+91-00183-19050,ml
P01948,Elijah Kalita,M,1993-01-15,18-39,Pathanamthitta,+91-00847-48286,ml
P01949,Hemal Ram,F,2016-12-23,5-11,Idukki,+91-00249-02725,en
P01950,Ekanta Shankar,F,1966-01-09,40-64,Idukki,+91-00218-82433,en
P01951,Praneel Madan,M,2006-09-29,18-39,Alappuzha,+91-00003-92022,ml
P01952,Oviya Datta,F,2013-12-25,5-11,Alappuzha,+91-00774-20467,ml
P01953,Ayushman Mand,M,1994-12-08,18-39,Palakkad,+91-00738-51850,ml
P01954,Dayamai Shroff,F,1982-11-02,40-64,Kollam,+91-00347-50539,ml
P01955,Shaurya Garg,M,1990-10-01,18-39,Kollam,+91-00007-88041,ta
P01956,Imaran Merchant,M,1970-01-30,40-64,Palakkad,+91-00785-17948,en
P01957,Harinakshi Karpe,F,1999-02-05,18-39,Ernakulam,+91-00099-42343,ml
P01958,Tripti Vig,F,2018-12-10,5-11,Palakkad,+91-00460-77243,ml
P01959,Hritik Solanki,M,1986-02-11,18-39,Thiruvananthapuram,+91-00840-06373,en
P01960,Liam Atwal,M,1989-04-04,18-39,Kozhikode,+91-00244-58631,ml
P01961,Krishna Kota,F,1986-03-19,18-39,Kanyakumari,+91-00379-99068,ta
P01962,Teerth Kapadia,M,2004-10-11,18-39,Thrissur,+91-00660-32257,ta
P01963,Aahana Sahni,F,1953-05-17,65+,Kanyakumari,+91-00673-43050,ml
P01964,Anmol Singhal,M,2020-10-09,1-4,Idukki,+91-00462-71476,ta
P01965,Unnati Wali,F,1998-05-06,18-39,Kollam,+91-00433-69647,ml
P01966,Wakeeta Chaudhari,F,2018-10-07,5-11,Idukki,+91-00419-59429,ml
P01967,Yug Khosla,M,1983-04-16,40-64,Ernakulam,+91-00486-57382,hi
P01968,Abeer Ray,M,1940-08-20,65+,Kanyakumari,+91-00346-11996,en
P01969,Dominic Parmer,M,1962-03-01,40-64,Kottayam,+91-00256-35615,ml
P01970,Kashvi Chana,F,1989-07-24,18-39,Kottayam,+91-00316-42141,ta
P01971,Wakeeta Mody,F,1946-12-05,65+,Coimbatore,+91-00477-25181,ml
P01972,Veda Bajwa,F,1953-04-22,65+,Alappuzha,+91-00382-28231,en
P01973,Vedika Devi,F,1998-03-27,18-39,Malappuram,+91-00585-47615,hi
P01974,George Prabhakar,M,1932-06-30,65+,Kottayam,+91-00631-43191,ta
P01975,Aachal Bobal,F,2018-10-23,5-11,Pune,+91-00996-48474,ml
P01976,Ojas Wali,M,1981-04-08,40-64,Pathanamthitta,+91-00615-44210,ml
P01977,Neelima Sandhu,F,1957-11-11,65+,Kozhikode,+91-00734-55871,ta
P01978,Ishita Buch,F,2006-09-13,18-39,Thrissur,+91-00098-72936,ml
P01979,Baghyawati Varma,F,1986-03-14,18-39,Satara,+91-00760-40244,hi
P01980,Ati Choudhry,F,1978-06-25,40-64,Satara,+91-00508-01094,ml
P01981,Rajeshri Shroff,F,1963-02-15,40-64,Kannur,+91-00866-77859,ml
P01982,Rajeshri Peri,F,1984-02-13,40-64,Kollam,+91-00970-59941,ml
P01983,Bahadurjit Jayaraman,M,2006-08-05,18-39,Ernakulam,+91-00230-28999,ml
P01984,Oviya Khare,F,1940-11-27,65+,Kanyakumari,+91-00928-04311,ml
P01985,William Kadakia,M,1983-07-06,40-64,Malappuram,+91-00671-06801,ml
P01986,Oeshi Pandit,F,1977-09-25,40-64,Coimbatore,+91-00739-58120,ta
P01987,Zayan Sampath,M,2003-10-14,18-39,Kannur,+91-00472-70041,ml
P01988,Avni Bhatnagar,F,1954-08-13,65+,Kottayam,+91-00354-57335,en
P01989,Pooja Sethi,F,1991-05-23,18-39,Pathanamthitta,+91-00800-45834,ml
P01990,Yamini Vyas,F,2024-10-17,<1,Kottayam,+91-00021-99396,en
P01991,Wahab Wali,M,2023-12-17,1-4,Malappuram,+91-00540-42976,ml
P01992,Varsha Pillai,F,2002-09-12,18-39,Ernakulam,+91-00073-09045,ta
P01993,Ijaya Shankar,F,1977-06-14,40-64,Thiruvananthapuram,+91-00254-92328,ml
P01994,Banjeet Raman,M,2019-04-26,5-11,Kozhikode,+91-00725-41331,ml
P01995,Maanas Bose,M,1975-02-21,40-64,Thiruvananthapuram,+91-00754-39183,ml
P01996,Fitan Majumdar,M,1969-09-28,40-64,Idukki,+91-00889-32713,ml
P01997,Falak Taneja,F,1991-11-22,18-39,Ernakulam,+91-00715-43651,ml
P01998,Harsh Verma,M,1956-04-29,65+,Thrissur,+91-00674-18647,en
P01999,Manan Saha,M,1983-06-24,40-64,Kollam,+91-00945-28637,ml
P02000,Vritti Palan,F,1940-05-20,65+,Kozhikode,+91-00537-68736,en
P02001,Vamakshi Bail,F,1960-10-15,40-64,Kanyakumari,+91-00653-55460,ml
P02002,Girindra Bhatnagar,M,1981-07-17,40-64,Malappuram,+91-00868-96960,en
P02003,Jack Venkatesh,M,1981-09-03,40-64,Pune,+91-00763-18449,ml
P02004,Tripti Oza,F,2001-09-16,18-39,Alappuzha,+91-00769-50337,en
P02005,Xavier Wagle,M,2014-11-24,5-11,Pathanamthitta,+91-00536-94148,hi
P02006,Veer Modi,M,1993-03-27,18-39,Thiruvananthapuram,+91-00527-85078,ml
P02007,Michael Garg,M,1979-08-07,40-64,Kozhikode,+91-00648-08734,ml
P02008,Jhalak Sule,F,2024-11-03,<1,Pathanamthitta,+91-00700-49492,en
P02009,Maanas Batta,M,2025-06-19,<1,Pune,+91-00546-30270,ml
P02010,Patrick Mane,M,1997-06-28,18-39,Palakkad,+91-00185-74397,ml
P02011,Geetika Dyal,F,2024-08-09,<1,Kannur,+91-00248-09318,ml
P02012,Hemani Gill,F,1977-09-08,40-64,Ernakulam,+91-00493-71170,ml
P02013,Gaurika Khanna,F,2025-06-01,<1,Kozhikode,+91-00204-36183,ta
P02014,Ansh Nadig,M,1957-10-22,65+,Ernakulam,+91-00423-92357,ml
P02015,Thomas Lad,M,1972-09-08,40-64,Thrissur,+91-00147-91819,ml
P02016,Hiral Jha,F,1974-09-23,40-64,Kannur,+91-00146-57815,ml
P02017,Nathan Padmanabhan,M,1983-09-14,40-64,Alappuzha,+91-00843-90425,ml
P02018,Quincy Sen,M,2025-02-26,<1,Coimbatore,+91-00542-49305,en
P02019,Nidhi Dara,F,1987-09-09,18-39,Kozhikode,+91-00780-90950,en
P02020,Samaksh Tata,M,1967-08-09,40-64,Kozhikode,+91-00011-26205,ta
P02021,Vasudha Nagarajan,F,1973-08-23,40-64,Alappuzha,+91-00285-83333,ml
P02022,Aahana Tripathi,F,2013-10-31,5-11,Kollam,+91-00017-12547,ml
P02023,Neelima Som,F,2021-06-21,1-4,Kollam,+91-00003-95294,ml
P02024,Ethan Sathe,M,1938-11-06,65+,Malappuram,+91-00032-26550,en
P02025,Daksh Srinivas,M,1993-04-20,18-39,Pathanamthitta,+91-00521-34870,en
P02026,Ekiya Dada,F,2010-08-25,12-17,Satara,+91-00090-41294,en
P02027,Amaira Ratti,F,1994-05-04,18-39,Pune,+91-00798-28884,ta
P02028,Udant Parikh,M,1978-05-29,40-64,Thiruvananthapuram,+91-00516-46971,ml
P02029,Omisha Bhakta,F,1987-08-31,18-39,Kozhikode,+91-00245-00256,hi
P02030,Zansi Kapadia,F,1988-04-23,18-39,Alappuzha,+91-00838-99378,hi
P02031,Indira Bajaj,F,2025-06-21,<1,Kottayam,+91-00509-83028,ml
P02032,Udant Chahal,M,1975-09-16,40-64,Alappuzha,+91-00350-94316,ml
P02033,Gunbir Swaminathan,M,2006-05-06,18-39,Kannur,+91-00567-80006,en
P02034,Ayaan Patel,M,1972-11-10,40-64,Coimbatore,+91-00672-92366,ml
P02035,Falak Sane,F,2023-07-05,1-4,Thiruvananthapuram,+91-00558-84727,ml
P02036,Sanya Pradhan,F,1962-09-05,40-64,Alappuzha,+91-00932-76005,ml
P02037,Lucky Pai,M,1930-08-01,65+,Ernakulam,+91-00353-09100,en
P02038,Mitesh Sehgal,M,2016-09-13,5-11,Thrissur,+91-00409-69251,ta
P02039,Hritik Sawhney,M,1973-06-06,40-64,Kollam,+91-00858-76895,ta
P02040,Timothy Mani,M,1969-03-29,40-64,Kannur,+91-00637-53636,hi
P02041,Simon Sachdeva,M,1994-04-22,18-39,Kodagu,+91-00966-24384,ml
P02042,Caleb Dhawan,M,1986-07-22,18-39,Idukki,+91-00792-55134,en
P02043,Nidra Soman,F,1991-03-12,18-39,Kanyakumari,+91-00512-39924,ml
P02044,Bhavini Prashad,F,1972-01-25,40-64,Malappuram,+91-00634-99996,ml
P02045,Aarush Rout,M,1959-11-12,65+,Palakkad,+91-00406-11295,ta
P02046,Triya Gill,F,2014-01-15,5-11,Kannur,+91-00127-17693,ta
P02047,Ekantika Iyengar,F,1975-06-13,40-64,Ernakulam,+91-00407-00412,en
P02048,Sai Mann,F,1954-04-19,65+,Thrissur,+91-00281-69509,ml
P02049,Ansh Mittal,M,2019-06-02,5-11,Alappuzha,+91-00678-66896,ml
P02050,Xiti Sheth,F,2013-01-01,12-17,Kozhikode,+91-00669-07591,en
P02051,Agastya Agate,M,1996-08-18,18-39,Pathanamthitta,+91-00937-29773,ml
P02052,Lekha Mital,F,2022-11-07,1-4,Alappuzha,+91-00079-81168,ml
P02053,David Mani,M,1995-12-20,18-39,Ernakulam,+91-00467-34646,ta
P02054,Gaurav Swamy,M,1941-04-29,65+,Idukki,+91-00398-58316,ml
P02055,Amrita Dar,F,1933-03-05,65+,Alappuzha,+91-00527-01376,ml
P02056,Yatin Bhavsar,M,1950-07-01,65+,Pathanamthitta,+91-00119-94737,ml
P02057,Wridesh Sarin,M,1987-12-30,18-39,Kanyakumari,+91-00491-98847,ml
P02058,Wazir Dar,M,1949-04-17,65+,Palakkad,+91-00657-73741,ml
P02059,Abhiram Lad,M,2018-07-16,5-11,Idukki,+91-00313-83783,ml
P02060,Barkha Dhingra,F,2020-08-24,1-4,Kanyakumari,+91-00650-75179,ml
P02061,Vedhika Deshmukh,F,1967-01-11,40-64,Kannur,+91-00265-58666,ml
P02062,Gautami Bera,F,1992-02-22,18-39,Kollam,+91-00369-90890,ml
P02063,Radha Saini,F,2000-03-23,18-39,Palakkad,+91-00907-35298,ta
P02064,Arjun Mann,M,2024-09-29,<1,Kottayam,+91-00025-24944,ml
P02065,Balvan Varkey,M,1975-07-31,40-64,Thrissur,+91-00272-01930,en
P02066,Gavin Chandra,M,1973-07-27,40-64,Kozhikode,+91-00935-46602,en
P02067,Ojasvi Mutti,F,1971-02-20,40-64,Thiruvananthapuram,+91-00147-60961,ml
P02068,Krishna Patil,M,1977-02-02,40-64,Thrissur,+91-00397-17467,ml
P02069,Patrick Dhawan,M,1985-01-05,40-64,Kottayam,+91-00454-59875,ta
P02070,Ekapad Vasa,M,1981-11-27,40-64,Thrissur,+91-00652-22509,ml
P02071,Ria Sundaram,F,1966-09-10,40-64,Kollam,+91-00611-79262,en
P02072,Panini Gaba,F,1977-10-30,40-64,Kannur,+91-00626-95156,en
P02073,Ikbal Dubey,M,1990-08-04,18-39,Thrissur,+91-00940-49526,ta
P02074,Girindra Vora,M,1994-07-12,18-39,Alappuzha,+91-00392-45739,ml
P02075,Turvi Sharma,F,1982-01-22,40-64,Kozhikode,+91-00489-17339,ml
P02076,Dalbir Deep,M,1954-06-08,65+,Thiruvananthapuram,+91-00963-56826,ml
P02077,Wriddhish Pall,M,1970-10-18,40-64,Palakkad,+91-00128-90297,en
P02078,Radhika Dewan,F,1952-11-11,65+,Thrissur,+91-00948-56119,ml
P02079,Onveer Gera,M,1988-04-05,18-39,Thiruvananthapuram,+91-00948-97078,hi
P02080,Akshay Dani,M,2014-02-12,5-11,Alappuzha,+91-00953-96396,ta
P02081,Eesha Dhar,F,1976-06-08,40-64,Kollam,+91-00067-03094,ml
P02082,Nikita Dass,F,1965-07-30,40-64,Kozhikode,+91-00577-74808,ml
P02083,Dhruv Brar,M,1988-03-27,18-39,Kozhikode,+91-00838-64176,ta
P02084,Dayita Brahmbhatt,F,1970-11-09,40-64,Kollam,+91-00313-93290,ml
P02085,Warhi Sankar,F,1956-02-08,65+,Kollam,+91-00590-68152,ml
P02086,Indira Chokshi,F,1984-02-05,40-64,Coimbatore,+91-00256-75879,ml
P02087,Yashvi Bhargava,F,1996-03-07,18-39,Pathanamthitta,+91-00129-87051,ml
P02088,Daniel Kulkarni,M,1955-02-18,65+,Kottayam,+91-00852-68275,ml
P02089,Bhavini Mitra,F,1968-10-22,40-64,Malappuram,+91-00981-91011,en
P02090,Chanakya Dasgupta,M,2002-10-01,18-39,Thiruvananthapuram,+91-00069-22081,en
P02091,Irya Goyal,F,1983-09-10,40-64,Pune,+91-00121-32078,ml
P02092,Amrita Chana,F,1939-03-08,65+,Thiruvananthapuram,+91-00588-14377,ml
P02093,Maya Pall,F,1972-08-23,40-64,Kanyakumari,+91-00086-64431,ml
P02094,Faris Tella,M,1982-02-03,40-64,Idukki,+91-00631-36621,en
P02095,Zayyan Bir,M,1997-10-04,18-39,Pathanamthitta,+91-00719-59180,ml
P02096,Abhimanyu Wadhwa,M,1997-10-16,18-39,Idukki,+91-00414-06824,hi
P02097,Inaya Manda,F,2019-10-15,5-11,Satara,+91-00756-62460,ta
P02098,Aahana Chaudhary,F,1996-09-18,18-39,Thrissur,+91-00113-18791,en
P02099,Yashawini Soman,F,2022-09-09,1-4,Thiruvananthapuram,+91-00301-17908,ml
P02100,Hiral Sarraf,F,1984-02-23,40-64,Pune,+91-00807-93354,en
P02101,Hemangini Pant,F,1977-06-29,40-64,Pathanamthitta,+91-00088-23935,ml
P02102,Unnati Kala,F,2022-06-09,1-4,Thiruvananthapuram,+91-00285-99173,en
P02103,Tanvi Chowdhury,F,1973-08-20,40-64,Thiruvananthapuram,+91-00621-95403,ta
P02104,Diya Shukla,F,1962-11-03,40-64,Kannur,+91-00247-06762,hi
P02105,Yoshita Deshpande,F,1985-05-01,40-64,Pathanamthitta,+91-00480-81709,en
P02106,Pranit Mani,M,1965-01-28,40-64,Pathanamthitta,+91-00837-47238,en
P02107,Chakrika Narang,F,1951-07-20,65+,Pune,+91-00269-04707,ml
P02108,Dalbir Rajan,M,1976-06-16,40-64,Palakkad,+91-00435-53598,ml
P02109,Vedant Muni,M,1967-09-13,40-64,Kottayam,+91-00018-93478,en
P02110,Jeevika Reddy,F,2023-09-24,1-4,Palakkad,+91-00708-32687,hi
P02111,Upadhriti Gulati,F,1984-12-25,40-64,Alappuzha,+91-00355-35710,ta
P02112,Wazir Pillai,M,2003-11-27,18-39,Thrissur,+91-00860-72375,ta
P02113,Abha Swamy,F,2017-05-29,5-11,Kottayam,+91-00088-30628,ml
P02114,Siya Sarma,F,1984-10-07,40-64,Palakkad,+91-00782-35647,en
P02115,Darpan Dhar,M,2015-11-22,5-11,Kozhikode,+91-00813-50737,en
P02116,Suhani Chaudry,F,1994-05-06,18-39,Kottayam,+91-00776-52777,ml
P02117,Bachittar Patla,M,1982-12-01,40-64,Pathanamthitta,+91-00734-43148,ml
P02118,Pallavi Iyer,F,2017-04-11,5-11,Idukki,+91-00237-88213,en
P02119,Divya Kaul,F,2022-10-01,1-4,Kozhikode,+91-00416-00928,ml
P02120,Yahvi Mallick,F,1973-04-16,40-64,Kannur,+91-00385-41091,en
P02121,Ryan Parekh,M,1969-11-14,40-64,Kannur,+91-00241-87769,hi
P02122,Tanmayi Sundaram,F,2025-05-27,<1,Satara,+91-00491-37035,en
P02123,Ethan Sha,M,1992-06-19,18-39,Kannur,+91-00697-63995,ml
P02124,Divya Krishna,F,2013-07-31,12-17,Satara,+91-00478-97493,ml
P02125,Yadavi Kashyap,F,1947-07-31,65+,Palakkad,+91-00974-47606,en
P02126,Amruta Chaudhary,F,1989-06-16,18-39,Alappuzha,+91-00708-05203,en
P02127,Bahadurjit Tara,M,2009-04-15,12-17,Palakkad,+91-00442-44163,ml
P02128,Hemal Raja,F,1955-12-14,65+,Pathanamthitta,+91-00403-84098,ml
P02129,Faraj Mitter,M,2015-05-12,5-11,Kollam,+91-00583-47123,ta
P02130,Balvan Venkatesh,M,2021-11-10,1-4,Kottayam,+91-00431-61868,ml
P02131,Viraj Jaggi,M,2003-09-16,18-39,Idukki,+91-00221-24590,en
P02132,Yadavi Swaminathan,F,2001-10-07,18-39,Kozhikode,+91-00521-31916,ta
P02133,Pavani Zachariah,F,1999-01-16,18-39,Idukki,+91-00672-90152,en
P02134,Anamika Sani,F,1990-08-27,18-39,Thiruvananthapuram,+91-00358-57768,hi
P02135,Rehaan Sengupta,M,1955-08-17,65+,Kodagu,+91-00283-79341,en
P02136,Riya Savant,F,1998-09-08,18-39,Palakkad,+91-00217-52209,ml
P02137,Andrew Bali,M,1973-05-09,40-64,Alappuzha,+91-00362-76484,ml
P02138,Max Gala,M,1977-12-19,40-64,Alappuzha,+91-00244-20113,ml
P02139,Upasna Desai,F,1981-04-21,40-64,Kollam,+91-00763-55694,ml
P02140,Saumya Sura,F,1960-12-19,40-64,Kodagu,+91-00638-79408,en
P02141,Xalak Zacharia,F,1979-10-17,40-64,Alappuzha,+91-00286-24126,ml
P02142,Wazir Dugar,M,1978-05-07,40-64,Pune,+91-00991-11143,ml
P02143,Shivani Lall,F,1967-11-29,40-64,Alappuzha,+91-00645-38887,ta
P02144,Saanvi Pandit,F,1990-02-26,18-39,Kannur,+91-00142-95329,ml
P02145,Oeshi Bhat,F,1982-09-28,40-64,Thiruvananthapuram,+91-00829-22202,ml
P02146,Aradhana Dave,F,1976-06-28,40-64,Ernakulam,+91-00753-76775,en
P02147,Owen Bala,M,2021-06-12,1-4,Idukki,+91-00500-95619,ml
P02148,Ranveer Chatterjee,M,1985-01-01,40-64,Kottayam,+91-00233-07272,ml
P02149,Orinder Parikh,M,1983-01-19,40-64,Satara,+91-00810-35747,ml
P02150,Parth Bhalla,M,2018-05-03,5-11,Kozhikode,+91-00124-96864,en
P02151,Krishna Keer,F,1984-09-06,40-64,Alappuzha,+91-00418-86549,en
P02152,Brijesh Bhatti,M,2016-09-29,5-11,Kozhikode,+91-00817-30346,en
P02153,Dakshesh Nazareth,M,1967-12-14,40-64,Kollam,+91-00801-46955,ml
P02154,Aishani Yohannan,F,1979-09-09,40-64,Kodagu,+91-00629-28652,en
P02155,Anirudh Sharma,M,1989-01-07,18-39,Ernakulam,+91-00007-19045,ml
P02156,Yasti Sama,F,1999-01-24,18-39,Pathanamthitta,+91-00333-54708,en
P02157,Aishani Singh,F,2015-04-22,5-11,Alappuzha,+91-00853-17689,ml
P02158,Nathan Purohit,M,1972-10-04,40-64,Pathanamthitta,+91-00721-74939,ml
P02159,Neel Chaudhari,M,1994-05-02,18-39,Kodagu,+91-00810-81474,ml
P02160,Daksha Jha,F,2023-07-07,1-4,Kottayam,+91-00062-21775,ml
P02161,Yuvraj Thakkar,M,1995-12-01,18-39,Pathanamthitta,+91-00940-63232,ml
P02162,Fiyaz Mistry,M,1976-08-01,40-64,Kannur,+91-00229-99615,ml
P02163,Tejas Jaggi,M,1994-06-18,18-39,Alappuzha,+91-00332-28859,ta
P02164,Baljiwan Wason,M,1976-03-06,40-64,Kollam,+91-00840-96057,en
P02165,Mitali Lanka,F,1991-09-01,18-39,Malappuram,+91-00406-64547,en
P02166,Neha Ratti,F,1982-11-08,40-64,Thiruvananthapuram,+91-00643-22587,ml
P02167,Charita Chandran,F,1981-04-24,40-64,Kannur,+91-00552-05565,ml
P02168,Laban Bhavsar,M,1969-03-20,40-64,Palakkad,+91-00866-82819,hi
P02169,Unni Kadakia,F,1968-06-28,40-64,Alappuzha,+91-00156-60865,ml
P02170,Brinda Mittal,F,1982-04-09,40-64,Ernakulam,+91-00097-08760,ta
P02171,Tarak Zacharia,M,1997-03-08,18-39,Alappuzha,+91-00632-79697,en
P02172,Irya Sachdeva,F,1958-02-08,65+,Thrissur,+91-00844-33165,ml
P02173,Ladli Varma,F,1989-05-03,18-39,Palakkad,+91-00923-53971,en
P02174,Gautam Bahl,M,2017-10-04,5-11,Kannur,+91-00399-34481,en
P02175,Zaid Kala,M,1977-05-01,40-64,Ernakulam,+91-00734-37055,ta
P02176,Lipika Walia,F,1976-07-13,40-64,Kannur,+91-00390-38781,ml
P02177,Ayushman Vig,M,1988-09-22,18-39,Thiruvananthapuram,+91-00318-39751,ml
P02178,Rajata Shere,F,2003-08-26,18-39,Kodagu,+91-00024-87445,en
P02179,Kavya Dora,F,2005-09-13,18-39,Pathanamthitta,+91-00250-44731,ml
P02180,Teerth Roy,M,1987-07-27,18-39,Kannur,+91-00170-53647,ml
P02181,Bhavika Jani,F,1998-05-18,18-39,Thrissur,+91-00268-16973,en
P02182,Lila Mangat,F,1963-08-12,40-64,Kollam,+91-00288-90474,ml
P02183,Lavanya Keer,F,1988-03-11,18-39,Idukki,+91-00858-78994,ta
P02184,Kashvi Comar,F,2021-03-28,1-4,Kodagu,+91-00203-64985,hi
P02185,Inaya Bala,F,1940-01-02,65+,Kannur,+91-00819-64980,ml
P02186,Nilima Shetty,F,2020-09-10,1-4,Kozhikode,+91-00859-20105,ml
P02187,Tejas Sami,M,1983-01-03,40-64,Idukki,+91-00463-33045,ml
P02188,Isha Dutta,F,2007-01-23,18-39,Palakkad,+91-00724-12782,ml
P02189,Ekansh Balakrishnan,M,1955-03-22,65+,Alappuzha,+91-00318-70244,ml
P02190,Maya Goda,F,2004-06-28,18-39,Malappuram,+91-00017-25572,ta
P02191,Xavier Bahri,M,2019-03-22,5-11,Alappuzha,+91-00709-23944,ml
P02192,Benjamin Murthy,M,1978-08-15,40-64,Kannur,+91-00606-40045,ml
P02193,Azad Ray,M,2007-03-28,18-39,Kozhikode,+91-00461-35813,ml
P02194,Chandani Ranganathan,F,2019-08-16,5-11,Idukki,+91-00898-72085,ml
P02195,Kamya Choudhury,F,1991-09-23,18-39,Malappuram,+91-00727-79157,ta
P02196,Jeremiah Taneja,M,1971-08-16,40-64,Kottayam,+91-00425-10328,ta
P02197,Jagat Das,M,2023-12-05,1-4,Pathanamthitta,+91-00053-48212,ml
P02198,Omya Ramakrishnan,F,1975-06-28,40-64,Alappuzha,+91-00876-48288,ml
P02199,Udyati Kamdar,F,1984-10-06,40-64,Alappuzha,+91-00984-52346,ta
P02200,Damyanti Gill,F,1975-07-21,40-64,Alappuzha,+91-00634-07762,en
P02201,Laksh Sarraf,M,2021-01-11,1-4,Malappuram,+91-00768-88902,ml
P02202,Joshua Bhalla,M,1986-08-11,18-39,Kozhikode,+91-00506-90455,ml
P02203,Rachit Chowdhury,M,1989-04-09,18-39,Ernakulam,+91-00236-48922,ml
P02204,Siddharth Soman,M,1972-08-13,40-64,Satara,+91-00912-60365,ml
P02205,Maya Dhillon,F,1991-07-06,18-39,Coimbatore,+91-00688-40324,ml
P02206,Vyanjana Pillai,F,1986-04-07,18-39,Kollam,+91-00548-37156,en
P02207,Advaith Banerjee,M,1949-08-16,65+,Ernakulam,+91-00682-05578,ml
P02208,Kashvi Kulkarni,F,1982-10-27,40-64,Kodagu,+91-00511-92983,en
P02209,Nilima Patil,F,2023-06-02,1-4,Alappuzha,+91-00058-45111,en
P02210,Jagat Savant,M,2018-01-26,5-11,Idukki,+91-00660-08455,en
P02211,Aarna Ramaswamy,F,1975-10-14,40-64,Pune,+91-00005-16515,en
P02212,Nidhi Chana,F,1985-11-02,18-39,Kannur,+91-00220-87865,ml
P02213,Manthan Kade,M,1988-11-10,18-39,Kannur,+91-00155-64047,en
P02214,Urvashi Nadig,F,2007-11-24,12-17,Coimbatore,+91-00340-53555,ta
P02215,Anika Mahal,F,1998-03-24,18-39,Pathanamthitta,+91-00908-85827,ml
P02216,Yatan Sinha,M,2024-09-02,<1,Malappuram,+91-00079-08907,ta
P02217,Osha Sami,F,2017-04-08,5-11,Kannur,+91-00357-80875,hi
P02218,Faris Lal,M,1984-12-21,40-64,Alappuzha,+91-00759-61841,en
P02219,Patrick Salvi,M,1982-09-13,40-64,Thiruvananthapuram,+91-00863-18225,ml
P02220,Utkarsh Bala,M,1964-04-19,40-64,Pathanamthitta,+91-00736-96933,en
P02221,Hiral Sawhney,F,1977-09-19,40-64,Kozhikode,+91-00965-71124,ml
P02222,Aadhya Rattan,F,1988-12-18,18-39,Malappuram,+91-00695-22369,ml
P02223,Niharika Murthy,F,1988-10-23,18-39,Coimbatore,+91-00744-24730,ml
P02224,Christopher Dugar,M,1999-03-04,18-39,Kottayam,+91-00422-11696,en
P02225,Dhruv Roy,M,1974-01-31,40-64,Palakkad,+91-00302-07586,en
P02226,Varsha Sridhar,F,1973-05-01,40-64,Thiruvananthapuram,+91-00461-07231,ml
P02227,Kalpit Ghose,M,1982-06-25,40-64,Kodagu,+91-00767-65573,ml
P02228,Lohit Issac,M,2021-09-07,1-4,Thrissur,+91-00650-70320,ml
P02229,Sarthak Pillai,M,2023-03-15,1-4,Kozhikode,+91-00771-67566,ml
P02230,Shravya Purohit,F,1999-06-11,18-39,Kottayam,+91-00627-18260,ml
P02231,Aishani Bajaj,F,1976-08-27,40-64,Kollam,+91-00733-48700,ml
P02232,Chaitanya Shere,M,1947-11-14,65+,Thiruvananthapuram,+91-00155-48073,ml
P02233,Karan Ganguly,M,2023-02-21,1-4,Kannur,+91-00323-19898,ml
P02234,Sai Sanghvi,M,1987-01-08,18-39,Pathanamthitta,+91-00561-89474,en
P02235,Falguni Chakraborty,F,1956-06-24,65+,Kannur,+91-00016-13491,ml
P02236,Harinakshi Dalal,F,1982-06-15,40-64,Alappuzha,+91-00912-69090,en
P02237,Zansi Saran,F,2021-02-23,1-4,Thrissur,+91-00239-36918,ml
P02238,Yug Dani,M,1975-06-25,40-64,Alappuzha,+91-00088-84358,ml
P02239,Ishani Halder,F,1973-10-08,40-64,Thiruvananthapuram,+91-00664-23218,ml
P02240,Maanas Talwar,M,1994-01-26,18-39,Thrissur,+91-00193-69114,ml
P02241,Eiravati Sankar,F,1994-06-29,18-39,Idukki,+91-00561-74901,ml
P02242,Janaki Mandal,F,2022-01-13,1-4,Ernakulam,+91-00248-99443,en
P02243,Ubika Gole,F,2002-10-16,18-39,Palakkad,+91-00165-17834,ml
P02244,Eta Balakrishnan,F,1986-04-15,18-39,Kottayam,+91-00734-56480,ml
P02245,Lekha Keer,F,1973-02-10,40-64,Palakkad,+91-00388-73633,ml
P02246,Kritika Pingle,F,1987-02-07,18-39,Malappuram,+91-00574-40289,ml
P02247,Chaman Anne,F,1985-03-31,40-64,Kollam,+91-00216-71727,en
P02248,Ekalinga Naik,M,1947-09-05,65+,Idukki,+91-00552-89425,ml
P02249,Jagvi Rajagopal,F,1965-06-07,40-64,Kollam,+91-00421-26543,ml
P02250,Kabir Bora,M,1953-01-10,65+,Thiruvananthapuram,+91-00051-27093,en
P02251,Bhanumati Ben,F,1930-08-01,65+,Thiruvananthapuram,+91-00726-28694,ml
P02252,Kamya Sinha,F,1955-08-19,65+,Palakkad,+91-00552-21483,ml
P02253,Arin Ahluwalia,M,1990-05-29,18-39,Kollam,+91-00927-90185,en
P02254,Yashawini Raj,F,1996-05-06,18-39,Kanyakumari,+91-00807-73327,ml
P02255,Rudra Prabhakar,M,1990-03-15,18-39,Kozhikode,+91-00571-00825,ta
P02256,Ansh Gola,M,1972-10-01,40-64,Thiruvananthapuram,+91-00043-44345,en
P02257,Hamsini Thakur,F,1988-09-08,18-39,Palakkad,+91-00751-13009,ml
P02258,Pallavi Sidhu,F,1993-07-20,18-39,Thiruvananthapuram,+91-00549-95450,ml
P02259,Chaitanya Nadig,M,2017-01-07,5-11,Kollam,+91-00835-55172,ml
P02260,Ekta Lad,F,1989-03-08,18-39,Satara,+91-00577-06258,en
P02261,Nirja Basu,F,1974-06-10,40-64,Ernakulam,+91-00002-31584,ml
P02262,Yahvi Mand,F,1974-12-28,40-64,Thiruvananthapuram,+91-00814-00592,en
P02263,Upasna Mandal,F,2007-09-08,12-17,Kanyakumari,+91-00799-25749,ml
P02264,Kevin Varughese,M,2025-03-20,<1,Kodagu,+91-00099-09582,en
P02265,Tejas Gala,M,2000-02-20,18-39,Thrissur,+91-00683-04481,hi
P02266,Yatan Dora,M,2024-10-31,<1,Kozhikode,+91-00526-93488,ml
P02267,Avi Gulati,M,1990-11-28,18-39,Kannur,+91-00589-33434,ml
P02268,Avi Karpe,M,1996-03-02,18-39,Kozhikode,+91-00889-07293,ml
P02269,Andrew Singhal,M,1956-03-16,65+,Thrissur,+91-00249-17140,en
P02270,Gautami Sibal,F,1978-01-14,40-64,Kannur,+91-00013-95456,ml
P02271,Devika Talwar,F,1992-04-03,18-39,Thrissur,+91-00208-07330,en
P02272,Timothy Parikh,M,2004-03-02,18-39,Alappuzha,+91-00915-96210,en
P02273,Vasudha Tailor,F,1975-10-04,40-64,Thiruvananthapuram,+91-00211-40180,hi
P02274,Falak Dasgupta,F,1987-10-16,18-39,Idukki,+91-00674-42733,en
P02275,Charita Jani,F,1972-12-18,40-64,Kollam,+91-00789-24867,en
P02276,Gautam Ganguly,M,2016-06-25,5-11,Thiruvananthapuram,+91-00813-55857,ml
P02277,Jagvi Agrawal,F,1995-10-02,18-39,Ernakulam,+91-00010-62061,ml
P02278,Turvi Bose,F,1970-03-18,40-64,Pune,+91-00009-84610,en
P02279,Zaid Chandra,M,2001-06-09,18-39,Kollam,+91-00989-15425,en
P02280,Agastya Mane,M,1988-06-20,18-39,Alappuzha,+91-00527-33667,ta
P02281,Shravya Prakash,F,1986-05-10,18-39,Kannur,+91-00063-67767,ml
P02282,Neel Dube,M,1984-02-13,40-64,Idukki,+91-00026-02404,ml
P02283,Banjeet Sharma,M,2002-02-02,18-39,Kozhikode,+91-00810-28219,ml
P02284,Utkarsh Luthra,M,1957-08-21,65+,Thrissur,+91-00904-59424,ml
P02285,Omya Bassi,F,1995-10-14,18-39,Palakkad,+91-00524-40920,ml
P02286,Omaja Dayal,F,2014-08-15,5-11,Pathanamthitta,+91-00371-22495,ml
P02287,Arunima Mandal,F,1977-04-15,40-64,Idukki,+91-00702-60614,ml
P02288,Ayaan Bobal,M,1938-03-12,65+,Palakkad,+91-00022-32351,ml
P02289,Charita Rastogi,F,2007-09-23,12-17,Thiruvananthapuram,+91-00898-49254,ml
P02290,Gaurav Khatri,M,1998-05-05,18-39,Pathanamthitta,+91-00256-22956,hi
P02291,Chanchal Bail,F,1965-02-09,40-64,Idukki,+91-00190-86109,ta
P02292,Gautami Rama,F,1982-11-25,40-64,Malappuram,+91-00310-29760,ml
P02293,Lucky Dube,M,2001-09-09,18-39,Thrissur,+91-00063-88950,en
P02294,Neha Swaminathan,F,1986-06-28,18-39,Kozhikode,+91-00389-70491,ml
P02295,Mohammed Deep,M,1947-02-26,65+,Kozhikode,+91-00714-35011,hi
P02296,Chanakya Pillai,M,2013-10-13,5-11,Thiruvananthapuram,+91-00498-10134,en
P02297,Wishi Sehgal,F,1930-08-01,65+,Coimbatore,+91-00667-67382,ml
P02298,Wazir Loyal,M,2024-07-16,1-4,Kannur,+91-00213-19543,ml
P02299,Chakradev Sami,M,2014-09-08,5-11,Alappuzha,+91-00397-69230,hi
P02300,Girik Saraf,M,1965-07-23,40-64,Ernakulam,+91-00519-06169,ta
P02301,Charita Baria,F,1994-05-31,18-39,Kottayam,+91-00572-70703,ml
P02302,Vedika Kapur,F,1985-02-09,40-64,Kodagu,+91-00186-44462,en
P02303,Yachana Vyas,F,1994-04-24,18-39,Idukki,+91-00807-32468,ml
P02304,Maanav Sidhu,M,1969-04-06,40-64,Idukki,+91-00090-92530,en
P02305,Chaaya Sridhar,F,1971-04-26,40-64,Kodagu,+91-00098-06146,ml
P02306,Falguni Datta,F,1993-02-23,18-39,Palakkad,+91-00249-75145,ml
P02307,Kritika Virk,F,1959-11-24,65+,Kollam,+91-00654-23522,ml
P02308,Neelima Batta,F,1951-05-15,65+,Palakkad,+91-00077-95428,en
P02309,Arin Varghese,M,1991-03-21,18-39,Kannur,+91-00007-92456,ml
P02310,Simon Sachar,M,1975-05-14,40-64,Kottayam,+91-00472-19430,ta
P02311,Vincent Kulkarni,M,1949-06-18,65+,Thrissur,+91-00346-31041,hi
P02312,Joshua Bumb,M,2022-02-25,1-4,Palakkad,+91-00156-43191,ml
P02313,Dakshesh Shere,M,1988-06-08,18-39,Thrissur,+91-00655-47260,ta
P02314,Gavin Ramaswamy,M,1984-06-04,40-64,Satara,+91-00641-97021,en
P02315,Benjamin Saha,M,1991-05-25,18-39,Thrissur,+91-00121-73886,en
P02316,Naksh Sha,M,1959-01-20,65+,Malappuram,+91-00229-01902,ml
P02317,Libni Om,F,2015-02-22,5-11,Kannur,+91-00364-39351,ml
P02318,Jagvi Goyal,F,1931-01-28,65+,Kollam,+91-00990-34439,hi
P02319,Kai Cherian,M,1994-09-29,18-39,Thiruvananthapuram,+91-00768-93506,en
P02320,Aditya Ahluwalia,M,1992-04-11,18-39,Satara,+91-00337-17903,en
P02321,Devika Arya,F,2024-12-01,<1,Kozhikode,+91-00965-45810,ml
P02322,Waida Sharma,F,2025-01-16,<1,Idukki,+91-00454-72866,ml
P02323,Yagnesh Mitter,M,1999-11-04,18-39,Thiruvananthapuram,+91-00380-54147,ml
P02324,Rudra Mittal,M,2014-06-03,5-11,Pathanamthitta,+91-00944-04860,en
P02325,Dev Deshmukh,M,1996-02-29,18-39,Thiruvananthapuram,+91-00736-39682,ta
P02326,Girish Choudhury,M,1930-10-16,65+,Idukki,+91-00547-91014,ml
P02327,Ijaya Bala,F,2013-07-31,12-17,Thrissur,+91-00600-41896,ml
P02328,Wridesh Dhillon,M,2008-04-14,12-17,Pathanamthitta,+91-00972-60529,ml
P02329,Urmi Yohannan,F,2000-04-10,18-39,Malappuram,+91-00152-08889,ml
P02330,Caleb Mitra,M,1977-10-19,40-64,Pune,+91-00347-71807,ml
P02331,Ethan Som,M,1984-09-02,40-64,Satara,+91-00421-16865,ml
P02332,Advay Dada,M,1996-06-05,18-39,Kannur,+91-00984-19800,en
P02333,Faraj Saxena,M,1985-07-09,40-64,Ernakulam,+91-00084-38124,ml
P02334,Vrishti Bahri,F,2017-08-29,5-11,Thrissur,+91-00111-59230,ta
P02335,Jairaj Jaggi,M,1973-02-14,40-64,Thrissur,+91-00435-92651,hi
P02336,Rohan Behl,M,1999-05-30,18-39,Pathanamthitta,+91-00169-26880,ml
P02337,Aarna Chauhan,F,1980-08-06,40-64,Kanyakumari,+91-00684-69792,en
P02338,Triya Tandon,F,1979-10-24,40-64,Malappuram,+91-00360-92179,ml
P02339,Andrew Sura,M,1984-02-21,40-64,Malappuram,+91-00846-61174,ml
P02340,Xavier Varghese,M,2014-10-04,5-11,Alappuzha,+91-00748-53578,ml
P02341,Jack Bhat,M,2018-12-24,5-11,Pathanamthitta,+91-00470-54563,ml
P02342,Udyati Mutti,F,2022-02-03,1-4,Coimbatore,+91-00844-01627,en
P02343,Krish Sahni,M,1984-02-27,40-64,Pathanamthitta,+91-00100-47465,en
P02344,Dalbir Talwar,M,1957-11-04,65+,Kollam,+91-00581-17960,en
P02345,Vanya Sarin,F,1980-09-11,40-64,Palakkad,+91-00605-02447,en
P02346,Faris Mani,M,2019-02-06,5-11,Kozhikode,+91-00246-45988,en
P02347,Vrinda Padmanabhan,F,1992-07-29,18-39,Kollam,+91-00049-63363,en
P02348,Jack Tripathi,M,1998-02-07,18-39,Pathanamthitta,+91-00535-56533,ta
P02349,Omkaar Sidhu,M,2022-05-04,1-4,Kannur,+91-00513-69138,en
P02350,Nandini Ramakrishnan,F,2023-12-08,1-4,Kodagu,+91-00653-66007,ml
P02351,Pranit Sodhi,M,2025-01-16,<1,Ernakulam,+91-00212-68724,ml
P02352,Hemang Mandal,M,1995-01-04,18-39,Kannur,+91-00179-02142,ml
P02353,Warhi Dayal,F,1977-09-14,40-64,Kottayam,+91-00977-17870,ml
P02354,Harish Dugar,M,1985-05-02,40-64,Kozhikode,+91-00113-30313,ta
P02355,Daksha Sagar,F,1995-08-01,18-39,Thrissur,+91-00999-86422,ta
P02356,Nidra Keer,F,1983-12-26,40-64,Kanyakumari,+91-00719-18810,hi
P02357,Arunima Badami,F,1981-03-01,40-64,Kannur,+91-00629-83283,ml
P02358,Leena Parikh,F,2006-04-23,18-39,Kottayam,+91-00339-25920,ml
P02359,Harita Thakur,F,1960-05-11,65+,Pathanamthitta,+91-00867-13147,ml
P02360,Bhavika Nazareth,F,2017-09-07,5-11,Kannur,+91-00910-47904,ta
P02361,Dakshesh Karan,M,1995-01-30,18-39,Thiruvananthapuram,+91-00721-37200,en
P02362,Isaac Sur,M,2016-04-29,5-11,Malappuram,+91-00709-92492,en
P02363,Onkar Pant,M,1985-03-06,40-64,Ernakulam,+91-00493-21217,ta
P02364,Kiaan Dora,M,1993-08-09,18-39,Kollam,+91-00077-92569,ml
P02365,Arya Sarma,F,1994-01-05,18-39,Malappuram,+91-00999-65111,ml
P02366,Christopher Cherian,M,1941-11-16,65+,Ernakulam,+91-00015-88491,en
P02367,Anvi Tripathi,F,1999-03-08,18-39,Kanyakumari,+91-00495-23379,ml
P02368,Geetika Dalal,F,1980-10-09,40-64,Pathanamthitta,+91-00367-94184,ml
P02369,Pratyush Dugar,M,1978-07-11,40-64,Thiruvananthapuram,+91-00776-59697,ml
P02370,Vaishnavi Toor,F,1969-07-12,40-64,Kollam,+91-00735-84768,en
P02371,Chavvi Dube,F,1982-04-02,40-64,Alappuzha,+91-00628-31379,hi
P02372,Oliver Devi,M,1944-06-05,65+,Malappuram,+91-00074-12315,ml
P02373,Isha Sarna,F,1938-01-10,65+,Idukki,+91-00236-76859,ml
P02374,Aarush Korpal,M,1952-03-20,65+,Kollam,+91-00094-12708,hi
P02375,Panini Mangat,F,1976-08-11,40-64,Satara,+91-00978-40039,ml
P02376,Chaman Lata,F,2023-09-30,1-4,Kollam,+91-00127-87247,en
P02377,Triya Patel,F,1988-09-02,18-39,Idukki,+91-00967-50413,hi
P02378,Forum Wagle,F,1959-05-13,65+,Coimbatore,+91-00112-62758,ml
P02379,Jhalak Devi,F,2020-06-02,5-11,Malappuram,+91-00862-96545,ml
P02380,Triveni Rout,F,1997-04-07,18-39,Kottayam,+91-00574-94423,ml
P02381,Pratyush Balan,M,1997-08-11,18-39,Satara,+91-00831-16136,ml
P02382,Elijah Anne,M,1972-07-29,40-64,Thrissur,+91-00634-66572,ml
P02383,Chaman Nigam,F,2014-03-31,5-11,Thiruvananthapuram,+91-00768-53134,ml
P02384,Sai Gala,M,2024-09-26,<1,Thiruvananthapuram,+91-00730-58432,ml
P02385,Bhavani Ramaswamy,F,2024-01-25,1-4,Pune,+91-00260-48407,en
P02386,Faqid Bhardwaj,M,1963-04-03,40-64,Kottayam,+91-00935-84271,ml
P02387,Ubika Ratti,F,1998-01-31,18-39,Kannur,+91-00643-32190,ml
P02388,Naksh Padmanabhan,M,2023-12-15,1-4,Thiruvananthapuram,+91-00202-28556,ml
P02389,Meera Wable,F,2001-11-19,18-39,Pathanamthitta,+91-00306-96165,en
P02390,Saksham Sehgal,M,2022-10-25,1-4,Kanyakumari,+91-00533-39086,ml
P02391,Timothy Pai,M,1962-09-23,40-64,Satara,+91-00881-36897,ml
P02392,Ira Mitra,F,1989-08-12,18-39,Thiruvananthapuram,+91-00796-64144,hi
P02393,Anita Yogi,F,1990-07-03,18-39,Pathanamthitta,+91-00302-96081,en
P02394,Saumya Date,F,2016-09-14,5-11,Kozhikode,+91-00688-98962,en
P02395,Jalsa Chander,F,1993-01-29,18-39,Thrissur,+91-00001-28080,en
P02396,Yoshita Oak,F,1961-08-02,40-64,Idukki,+91-00332-67429,ml
P02397,Advay Bala,M,1997-08-25,18-39,Pathanamthitta,+91-00839-12149,ml
P02398,Jai Modi,M,1985-10-30,18-39,Pune,+91-00151-67490,ml
P02399,Yashawini Choudhry,F,2013-08-05,5-11,Pathanamthitta,+91-00353-69870,ta
P02400,Quincy Lad,M,1981-06-24,40-64,Alappuzha,+91-00001-52336,hi
P02401,Diya Batta,F,1990-10-01,18-39,Kottayam,+91-00023-95136,en
P02402,Udarsh Misra,M,1974-06-10,40-64,Kollam,+91-00146-17793,ml
P02403,Utkarsh Nori,M,1971-09-01,40-64,Thrissur,+91-00101-22045,en
P02404,Jackson Palla,M,1948-01-21,65+,Kottayam,+91-00489-61754,en
P02405,Lucky Dey,M,1930-08-01,65+,Palakkad,+91-00900-87782,ml
P02406,Yoshita Kota,F,1993-12-12,18-39,Idukki,+91-00084-42770,ml
P02407,Nihal Varty,M,1969-02-03,40-64,Kollam,+91-00869-16547,ml
P02408,Radha Sha,F,1991-01-04,18-39,Coimbatore,+91-00668-42678,ml
P02409,Falak Sandal,F,1972-04-27,40-64,Thrissur,+91-00168-06173,en
P02410,Banjeet Chanda,M,1973-04-04,40-64,Kottayam,+91-00289-00092,ml
P02411,Unnati De,F,1973-12-07,40-64,Thiruvananthapuram,+91-00194-54854,en
P02412,Hredhaan Sehgal,M,1967-04-16,40-64,Palakkad,+91-00789-50538,ml
P02413,Reva Vora,F,1980-04-22,40-64,Kannur,+91-00725-07406,ml
P02414,Yochana Rana,F,1989-07-20,18-39,Malappuram,+91-00304-65870,en
P02415,Zaid Sampath,M,1981-04-07,40-64,Kannur,+91-00054-58393,en
P02416,Wishi Saha,F,2015-07-19,5-11,Pathanamthitta,+91-00168-41944,ta
P02417,Ekbal Tiwari,M,1992-06-05,18-39,Satara,+91-00629-98643,en
P02418,Xavier Shankar,M,1988-05-05,18-39,Alappuzha,+91-00090-55041,ta
P02419,Daniel Kala,M,2019-12-30,5-11,Alappuzha,+91-00536-06354,ml
P02420,Warjas Bali,M,2007-10-19,12-17,Thrissur,+91-00612-07553,en
P02421,Qasim Dani,M,2024-03-23,1-4,Thiruvananthapuram,+91-00687-20764,ml
P02422,Christopher Dara,M,1970-10-29,40-64,Ernakulam,+91-00125-07164,en
P02423,Maanav Baria,M,1997-02-12,18-39,Pathanamthitta,+91-00459-23604,en
P02424,Dhriti Prabhu,F,2019-07-31,5-11,Kozhikode,+91-00463-89569,ml
P02425,Rachit Mitter,M,1975-01-31,40-64,Kozhikode,+91-00835-75047,ml
P02426,Watika Bala,F,1961-05-04,40-64,Palakkad,+91-00468-11224,en
P02427,Ekta Sama,F,2013-09-05,5-11,Ernakulam,+91-00406-02181,ml
P02428,Niharika Mander,F,1985-11-28,18-39,Kottayam,+91-00123-30171,en
P02429,Gavin Suresh,M,1989-03-13,18-39,Kannur,+91-00694-78838,ta
P02430,Divya Palla,F,1977-11-23,40-64,Thrissur,+91-00619-25782,ml
P02431,Anya Sahni,F,1976-02-10,40-64,Thrissur,+91-00716-99647,en
P02432,Mohammed Sethi,M,1991-05-30,18-39,Kollam,+91-00656-76161,ta
P02433,Saanvi Soman,F,1986-04-29,18-39,Alappuzha,+91-00875-71559,ml
P02434,Ekapad Thaman,M,1937-10-02,65+,Idukki,+91-00877-29612,ml
P02435,Umang Sen,M,1980-12-04,40-64,Malappuram,+91-00307-17447,en
P02436,Nicholas Chakraborty,M,1979-01-12,40-64,Kanyakumari,+91-00182-55280,en
P02437,Sara Kaul,F,1946-10-26,65+,Satara,+91-00926-22164,en
P02438,Pallavi Zachariah,F,1975-11-04,40-64,Ernakulam,+91-00713-07777,en
P02439,Timothy Mall,M,1983-04-02,40-64,Ernakulam,+91-00970-52586,en
P02440,Gayathri Bakshi,F,1962-02-06,40-64,Kozhikode,+91-00496-35981,ml
P02441,David Chada,M,1967-12-29,40-64,Kottayam,+91-00962-41959,ml
P02442,Avi Vig,M,2015-09-29,5-11,Thrissur,+91-00122-56391,en
P02443,Vyanjana Thakkar,F,1976-11-14,40-64,Malappuram,+91-00590-74602,ml
P02444,Dipta Wali,F,1987-11-15,18-39,Alappuzha,+91-00496-27999,hi
P02445,Adya Maharaj,F,1999-09-30,18-39,Alappuzha,+91-00002-98652,ml
P02446,Krisha Sawhney,F,1971-05-31,40-64,Idukki,+91-00192-35098,ml
P02447,Oeshi Ratti,F,2017-11-05,5-11,Palakkad,+91-00153-23540,en
P02448,Xalak Bajaj,F,1999-04-03,18-39,Alappuzha,+91-00060-34032,ml
P02449,Tejas Gole,M,1986-07-18,18-39,Pathanamthitta,+91-00948-22371,ml
P02450,Amaira Wable,F,1988-03-06,18-39,Pathanamthitta,+91-00965-63396,hi
P02451,Rayaan Kurian,M,1969-01-04,40-64,Kannur,+91-00891-62045,en
P02452,Deepa Chaudhary,F,1962-12-28,40-64,Coimbatore,+91-00988-55160,ml
P02453,Luke Dhawan,M,1932-06-29,65+,Kodagu,+91-00830-03705,ml
P02454,Lakshmi Chakraborty,F,2005-07-25,18-39,Kannur,+91-00932-01823,en
P02455,Nikita Reddy,F,1974-01-16,40-64,Kollam,+91-00197-73848,ml
P02456,Ayushman Nanda,M,1974-11-28,40-64,Kollam,+91-00256-04199,ml
P02457,Agastya Bhardwaj,M,1977-07-02,40-64,Thrissur,+91-00862-51260,ml
P02458,Saumya Chaudhary,F,2015-11-20,5-11,Thrissur,+91-00479-31613,ta
P02459,Ekavir Sachar,M,1966-09-26,40-64,Kozhikode,+91-00716-31440,ml
P02460,Kai Prashad,M,1952-02-20,65+,Alappuzha,+91-00561-13037,en
P02461,Atharv Jain,M,1976-11-26,40-64,Kodagu,+91-00305-02802,ml
P02462,Jagat Tailor,M,1942-12-06,65+,Kottayam,+91-00284-38096,en
P02463,Dakshesh Luthra,M,2025-01-09,<1,Palakkad,+91-00748-82222,ml
P02464,Nathan Shetty,M,1990-04-26,18-39,Kanyakumari,+91-00532-92562,ml
P02465,Bhavini Sule,F,1978-07-26,40-64,Thrissur,+91-00359-49413,en
P02466,Samar Kaur,M,1996-01-17,18-39,Kozhikode,+91-00617-17696,ml
P02467,Krish Chaudhuri,M,1995-05-24,18-39,Kozhikode,+91-00419-89999,ta
P02468,Edhitha Modi,F,1985-03-02,40-64,Kannur,+91-00475-93111,en
P02469,Vansha Chacko,F,1987-07-19,18-39,Kannur,+91-00677-16997,ml
P02470,Ekta Prakash,F,1952-12-28,65+,Idukki,+91-00457-36623,en
P02471,Jason Yogi,M,1985-05-18,40-64,Idukki,+91-00949-33597,ta
P02472,Upkaar Barman,M,1997-11-05,18-39,Kannur,+91-00485-69038,ml
P02473,Vincent Mann,M,1982-02-24,40-64,Palakkad,+91-00961-54622,ml
P02474,Aadi Bhasin,M,1976-12-16,40-64,Palakkad,+91-00847-11702,en
P02475,Laban Krishna,M,1980-03-24,40-64,Idukki,+91-00890-20749,ml
P02476,Pushti Kala,F,2019-04-14,5-11,Pathanamthitta,+91-00763-53405,en
P02477,Arin Edwin,M,2019-10-10,5-11,Ernakulam,+91-00604-09265,ml
P02478,Netra Chakraborty,F,2006-07-24,18-39,Satara,+91-00532-08641,en
P02479,Darsh Dey,M,1980-07-06,40-64,Kottayam,+91-00551-40640,ml
P02480,Tarak Kade,M,1998-10-27,18-39,Alappuzha,+91-00201-49110,ml
P02481,Pavani Lal,F,1960-07-31,65+,Kollam,+91-00214-08276,ta
P02482,Laban Korpal,M,1973-12-13,40-64,Ernakulam,+91-00034-34138,ml
P02483,Onkar Kade,M,2018-12-10,5-11,Kottayam,+91-00745-57640,ml
P02484,Nitesh Babu,M,1986-08-26,18-39,Malappuram,+91-00124-44381,en
P02485,Aadhya Soni,F,1952-06-29,65+,Kollam,+91-00582-23388,ml
P02486,Aayush Ghose,M,1986-09-10,18-39,Alappuzha,+91-00137-24883,ml
P02487,Wishi Ramaswamy,F,1939-11-06,65+,Thiruvananthapuram,+91-00066-24225,en
P02488,Balvan Yohannan,M,1995-10-07,18-39,Thiruvananthapuram,+91-00533-80154,hi
P02489,Tristan Dasgupta,M,2023-07-28,1-4,Kannur,+91-00873-67304,ml
P02490,Raghav Parmar,M,1967-05-26,40-64,Kodagu,+91-00356-93390,ta
P02491,Hema Anand,F,1972-06-27,40-64,Kozhikode,+91-00919-35785,en
P02492,Vihaan Prabhakar,M,1983-06-10,40-64,Kanyakumari,+91-00010-43379,ml
P02493,Vamakshi Andra,F,2016-06-02,5-11,Kollam,+91-00465-67689,en
P02494,Advaith Mand,M,1979-03-31,40-64,Coimbatore,+91-00146-54470,ml
P02495,Inaya Chana,F,1988-08-21,18-39,Ernakulam,+91-00315-49540,en
P02496,Janya Kaur,F,1992-04-18,18-39,Kozhikode,+91-00023-52835,en
P02497,Radhika Bansal,F,1965-12-24,40-64,Palakkad,+91-00035-85321,ml
P02498,Yatin Kadakia,M,2007-04-18,18-39,Kottayam,+91-00712-92065,ml
P02499,Indira Randhawa,F,1982-10-18,40-64,Alappuzha,+91-00654-97886,ml
P02500,Liam Tella,M,2013-07-31,12-17,Kollam,+91-00208-00602,ml
P02501,Frederick Hari,M,2019-07-09,5-11,Idukki,+91-00901-65966,hi
P02502,Bachittar Dave,M,1965-09-21,40-64,Thrissur,+91-00687-29017,ta
P02503,Eesha Lad,F,1979-07-08,40-64,Satara,+91-00336-67897,ta
P02504,Yutika Mahal,F,1990-02-07,18-39,Thiruvananthapuram,+91-00407-07609,ml
P02505,Alka Walia,F,1952-12-10,65+,Palakkad,+91-00292-38433,ml
P02506,Utkarsh Agate,M,2016-09-26,5-11,Thrissur,+91-00830-34392,en
P02507,Atharv Naidu,M,1975-12-01,40-64,Thiruvananthapuram,+91-00493-59795,ml
P02508,Tanvi Mahal,F,1946-03-22,65+,Kottayam,+91-00135-58206,ml
P02509,Viraj Tandon,M,1995-10-16,18-39,Ernakulam,+91-00201-87810,ml
P02510,Anthony Kapur,M,1984-07-13,40-64,Thrissur,+91-00296-30446,hi
P02511,Liam Salvi,M,2011-02-25,12-17,Alappuzha,+91-00403-36042,en
P02512,Nisha Ahluwalia,F,1999-08-21,18-39,Thiruvananthapuram,+91-00592-72295,ml
P02513,Indali Natt,F,2024-10-10,<1,Kottayam,+91-00964-88811,ta
P02514,Advik Kara,M,2017-03-06,5-11,Kannur,+91-00261-60383,en
P02515,Bishakha Krish,F,1998-11-09,18-39,Kannur,+91-00328-80548,en
P02516,Fitan Narayan,M,2007-10-29,12-17,Pathanamthitta,+91-00023-99494,ml
P02517,Azad Chatterjee,M,2015-02-18,5-11,Malappuram,+91-00372-74454,ml
P02518,Wakeeta Sankaran,F,1991-08-27,18-39,Kodagu,+91-00675-36704,ml
P02519,Oviya Krishna,F,2001-11-02,18-39,Pathanamthitta,+91-00963-26718,en
P02520,Chatura Solanki,M,1980-12-22,40-64,Kollam,+91-00740-92869,en
P02521,Panini Bhagat,F,2024-10-11,<1,Thiruvananthapuram,+91-00117-91703,ml
P02522,Jagat Bora,M,2004-05-21,18-39,Pathanamthitta,+91-00890-37978,ml
P02523,Charvi Sekhon,F,1969-01-30,40-64,Kannur,+91-00838-00634,ml
P02524,Chaman Bhat,F,1996-09-04,18-39,Kannur,+91-00189-75242,ta
P02525,Ranbir Munshi,M,1991-11-17,18-39,Thrissur,+91-00934-12600,ml
P02526,Eesha Bhatia,F,2022-09-29,1-4,Kottayam,+91-00714-10293,en
P02527,Ayaan Mitra,M,1991-10-02,18-39,Kannur,+91-00782-89631,hi
P02528,Bhavini Chaudry,F,1999-06-19,18-39,Pathanamthitta,+91-00459-10076,en
P02529,Ati Menon,F,1982-01-22,40-64,Kollam,+91-00200-50707,ml
P02530,Sai Char,M,1960-04-06,65+,Kollam,+91-00799-51957,en
P02531,Kamala Anne,F,1963-07-27,40-64,Kanyakumari,+91-00477-60035,ta
P02532,Sanaya Shetty,F,1993-02-06,18-39,Kozhikode,+91-00967-78944,en
P02533,Daksha Nori,F,1997-07-29,18-39,Palakkad,+91-00153-19649,ml
P02534,Vasana Varughese,F,2024-12-09,<1,Kozhikode,+91-00355-27100,ml
P02535,Inaya Chokshi,F,1963-04-17,40-64,Pathanamthitta,+91-00735-99221,ml
P02536,Abha Bir,F,1995-04-24,18-39,Idukki,+91-00572-89028,ml
P02537,Edhitha Upadhyay,F,1947-11-15,65+,Kannur,+91-00433-68800,en
P02538,Raagini Sama,F,1974-01-20,40-64,Kodagu,+91-00701-29373,ml
P02539,Vamakshi Grewal,F,2023-12-12,1-4,Thrissur,+91-00733-53530,en
P02540,Ekantika Basu,F,1993-04-29,18-39,Kollam,+91-00577-25214,en
P02541,Eesha Muni,F,1981-10-23,40-64,Satara,+91-00319-85790,ml
P02542,Praneel Mukhopadhyay,M,1999-07-15,18-39,Idukki,+91-00618-13036,ml
P02543,Ethan Singh,M,2004-01-31,18-39,Kottayam,+91-00545-61858,ml
P02544,Pavani Manne,F,1973-11-06,40-64,Kollam,+91-00797-85297,ml
P02545,Aarna Vasa,F,1984-03-15,40-64,Thiruvananthapuram,+91-00653-01245,ta
P02546,Ayush Khanna,M,1968-03-24,40-64,Palakkad,+91-00496-20664,ml
P02547,Siddharth Padmanabhan,M,1978-03-26,40-64,Palakkad,+91-00018-92357,ml
P02548,Harish Jaggi,M,2024-10-31,<1,Alappuzha,+91-00166-24572,ml
P02549,Panini Gulati,F,1963-08-06,40-64,Pathanamthitta,+91-00336-46556,en
P02550,Vivaan Narula,M,1991-12-10,18-39,Thrissur,+91-00601-31035,en
P02551,Mason Sahota,M,1956-06-07,65+,Ernakulam,+91-00792-15767,hi
P02552,Gautami Cheema,F,1992-05-21,18-39,Kottayam,+91-00959-85593,ml
P02553,Anvi Tandon,F,2002-07-12,18-39,Alappuzha,+91-00599-04871,ml
P02554,Aarav Kapoor,M,1951-04-07,65+,Kanyakumari,+91-00728-70436,en
P02555,Viraj Kala,M,1992-11-11,18-39,Satara,+91-00621-28018,ml
P02556,Wridesh Narula,M,1991-11-20,18-39,Idukki,+91-00430-41515,ml
P02557,Harshil Ratta,M,2021-12-04,1-4,Malappuram,+91-00609-33109,ta
P02558,Aarush Patil,M,1985-08-13,18-39,Kanyakumari,+91-00400-90798,en
P02559,Balhaar Parmar,M,2000-10-12,18-39,Thiruvananthapuram,+91-00453-59446,ml
P02560,Deepa Dhar,F,2014-11-10,5-11,Kodagu,+91-00911-94493,hi
P02561,Urvi Hayer,F,1989-10-02,18-39,Thrissur,+91-00563-26516,ml
P02562,Anya Balan,F,1997-05-06,18-39,Thrissur,+91-00100-85992,ml
P02563,Hardik Mander,M,1982-09-17,40-64,Thrissur,+91-00523-56635,ml
P02564,Imaran Lala,M,1930-08-01,65+,Alappuzha,+91-00953-37128,ml
P02565,Omkaar Korpal,M,1981-11-25,40-64,Kannur,+91-00100-67340,ml
P02566,Indira Bains,F,1987-09-03,18-39,Kozhikode,+91-00971-16999,ta
P02567,Karan Chaudhuri,M,2025-01-17,<1,Kollam,+91-00987-54108,hi
P02568,Ekapad Raghavan,M,2017-12-11,5-11,Palakkad,+91-00560-95973,en
P02569,Omkaar Kade,M,1969-03-24,40-64,Pune,+91-00332-74537,hi
P02570,Vedant Khatri,M,1978-10-26,40-64,Kanyakumari,+91-00008-67139,ml
P02571,Quincy Garg,M,2017-10-02,5-11,Palakkad,+91-00015-00416,ml
P02572,Bachittar Dani,M,1982-02-21,40-64,Pathanamthitta,+91-00388-37260,ml
P02573,Eiravati Gupta,F,1986-05-08,18-39,Kottayam,+91-00783-89152,ml
P02574,Ranbir Prasad,M,1982-07-15,40-64,Pathanamthitta,+91-00942-62337,ml
P02575,Upadhriti Konda,F,1992-04-19,18-39,Kannur,+91-00154-67070,ml
P02576,Girindra Wason,M,1966-07-08,40-64,Kannur,+91-00487-52923,hi
P02577,Falan Narang,M,1992-12-21,18-39,Kodagu,+91-00501-88293,ml
P02578,Avni Mammen,F,2008-11-12,12-17,Thiruvananthapuram,+91-00380-96434,en
P02579,Yash Kadakia,M,2025-04-07,<1,Pune,+91-00539-68785,ml
P02580,Vrinda Bhattacharyya,F,1976-11-14,40-64,Pune,+91-00925-81454,ml
P02581,Rishi Upadhyay,M,2022-05-29,1-4,Malappuram,+91-00438-20422,en
P02582,Zaid Venkataraman,M,1968-09-05,40-64,Coimbatore,+91-00137-36375,ml
P02583,Hemal Nagy,F,2023-07-29,1-4,Ernakulam,+91-00665-79850,ml
P02584,Zansi Subramanian,F,1966-09-13,40-64,Kottayam,+91-00031-46204,en
P02585,Warjas Loyal,M,2018-11-21,5-11,Pathanamthitta,+91-00940-82203,en
P02586,Andrew Johal,M,1993-01-29,18-39,Thiruvananthapuram,+91-00939-95697,ml
P02587,Isha Seth,F,1997-09-26,18-39,Thiruvananthapuram,+91-00092-68103,ml
P02588,Siya Kamdar,F,2013-08-14,5-11,Malappuram,+91-00550-47728,ml
P02589,Unnati Purohit,F,1990-10-10,18-39,Kottayam,+91-00797-93454,ml
P02590,Ridhi Kumar,F,2004-04-13,18-39,Thiruvananthapuram,+91-00464-64867,ta
P02591,Ekalinga Chad,M,1977-03-31,40-64,Kollam,+91-00478-63577,ml
P02592,Tristan Venkataraman,M,1998-10-07,18-39,Malappuram,+91-00970-81146,ml
P02593,Jyoti Barman,F,1964-03-05,40-64,Pune,+91-00230-86684,en
P02594,Om Sandhu,M,2015-11-02,5-11,Idukki,+91-00526-58437,ta
P02595,Vivaan Sankaran,M,1997-08-15,18-39,Kannur,+91-00114-44494,ml
P02596,Qarin Tank,M,1943-08-06,65+,Satara,+91-00302-08789,en
P02597,Madhavi Raja,F,2021-12-03,1-4,Kozhikode,+91-00850-12913,en
P02598,Hemal Sathe,F,1979-02-06,40-64,Kozhikode,+91-00716-74504,ml
P02599,Kevin Borra,M,1963-06-05,40-64,Palakkad,+91-00612-84029,ml
P02600,Chakrika Menon,F,1976-11-20,40-64,Satara,+91-00113-01612,ta
P02601,Manya Kari,F,1990-10-01,18-39,Kottayam,+91-00850-18324,ml
P02602,Daniel Bora,M,2002-06-19,18-39,Kannur,+91-00298-68983,ml
P02603,Anjali Iyer,F,1944-12-04,65+,Idukki,+91-00534-20091,en
P02604,Guneet Narayan,M,1976-05-26,40-64,Pathanamthitta,+91-00233-83608,ml
P02605,Matthew Maharaj,M,2014-10-24,5-11,Kozhikode,+91-00520-92244,ml
P02606,Ekantika Lal,F,2013-10-06,5-11,Kannur,+91-00562-66341,ml
P02607,Mason Manda,M,1973-07-02,40-64,Kanyakumari,+91-00340-02990,ml
P02608,Saksham Ravi,M,1942-08-24,65+,Kodagu,+91-00505-73027,en
P02609,Vrishti Vala,F,1996-01-18,18-39,Kozhikode,+91-00406-86006,ml
P02610,Sneha Kari,F,1995-02-09,18-39,Thrissur,+91-00697-50632,ml
P02611,Henry Som,M,1986-12-25,18-39,Pune,+91-00543-22735,en
P02612,Vivaan Shenoy,M,1997-01-19,18-39,Pathanamthitta,+91-00878-05951,en
P02613,Brijesh Munshi,M,2005-10-10,18-39,Kollam,+91-00049-78414,ml
P02614,Upadhriti Sahni,F,1993-09-30,18-39,Ernakulam,+91-00026-50936,ml
P02615,Urvashi Sengupta,F,1973-10-21,40-64,Palakkad,+91-00188-68105,ml
P02616,Rachit Dewan,M,2001-03-30,18-39,Malappuram,+91-00118-26470,hi
P02617,Michael Andra,M,2000-01-19,18-39,Kannur,+91-00525-37778,ml
P02618,Raagini Nori,F,1992-11-17,18-39,Thiruvananthapuram,+91-00200-06227,ml
P02619,Shaurya Sandal,M,1998-05-31,18-39,Kannur,+91-00016-19195,en
P02620,Mason Nanda,M,1992-02-02,18-39,Palakkad,+91-00282-11988,en
P02621,Anamika Dewan,F,1985-10-11,18-39,Pune,+91-00509-88565,ta
P02622,Noah Raman,M,2000-07-07,18-39,Kottayam,+91-00714-30700,ml
P02623,Harsh Raman,M,1992-07-22,18-39,Palakkad,+91-00438-76944,hi
P02624,Sanya Guha,F,1984-04-10,40-64,Kozhikode,+91-00962-55138,ml
P02625,Chatura Narasimhan,M,1996-07-24,18-39,Thrissur,+91-00199-86745,ta
P02626,Nidra Chander,F,2002-06-20,18-39,Pathanamthitta,+91-00514-02968,ml
P02627,Damini Goel,F,1995-08-24,18-39,Thiruvananthapuram,+91-00253-53265,hi
P02628,Yash Bala,M,1989-12-02,18-39,Kollam,+91-00806-85207,ta
P02629,Ira Boase,F,2006-03-29,18-39,Thrissur,+91-00187-72281,en
P02630,Lucky Jha,M,1973-06-24,40-64,Malappuram,+91-00961-79882,en
P02631,Madhav Viswanathan,M,2019-06-07,5-11,Palakkad,+91-00716-79595,ml
P02632,Utkarsh Bhandari,M,1995-07-29,18-39,Kozhikode,+91-00556-60650,ml
P02633,Yochana Apte,F,2004-11-12,18-39,Thiruvananthapuram,+91-00532-95561,ml
P02634,Nihal Roy,M,1976-03-18,40-64,Kollam,+91-00362-77671,en
P02635,Gaurangi Choudhry,F,1959-09-02,65+,Kozhikode,+91-00021-41863,ml
P02636,Ubika Sridhar,F,1993-03-09,18-39,Kannur,+91-00915-24330,ml
P02637,Saumya Jhaveri,F,1941-01-07,65+,Kozhikode,+91-00794-50246,ml
P02638,Harshil Mukherjee,M,1985-01-29,40-64,Kozhikode,+91-00134-10644,en
P02639,Wazir Dutt,M,1984-06-17,40-64,Pune,+91-00122-46543,ml
P02640,Isha Thakkar,F,1967-07-28,40-64,Pune,+91-00308-89462,ml
P02641,Lakshit Jaggi,M,1975-02-24,40-64,Malappuram,+91-00763-14304,ml
P02642,Ekbal Sehgal,M,2001-04-25,18-39,Kottayam,+91-00503-76575,ml
P02643,Sudiksha Koshy,F,1993-09-12,18-39,Thiruvananthapuram,+91-00654-00937,ml
P02644,Yatan Sharma,M,1963-07-04,40-64,Malappuram,+91-00006-58377,ml
P02645,Anmol Chand,M,1974-09-24,40-64,Ernakulam,+91-00923-05051,en
P02646,Vedant Palan,M,1940-09-09,65+,Pathanamthitta,+91-00165-18865,ml
P02647,Shivani Gill,F,1977-12-06,40-64,Alappuzha,+91-00318-89036,hi
P02648,Kritika Gola,F,1974-01-07,40-64,Pune,+91-00947-30650,ml
P02649,Veer Rajagopalan,M,1995-09-08,18-39,Thiruvananthapuram,+91-00732-01003,ml
P02650,Charvi Ramaswamy,F,1960-02-04,65+,Kannur,+91-00511-62779,hi
P02651,Jagdish Dugar,M,2011-03-28,12-17,Coimbatore,+91-00862-82175,ta
P02652,Madhav Bhavsar,M,1981-07-07,40-64,Malappuram,+91-00061-41309,ml
P02653,Yatin Sabharwal,M,1973-05-20,40-64,Thiruvananthapuram,+91-00076-00950,ml
P02654,Raksha Bose,F,1979-03-24,40-64,Kanyakumari,+91-00155-93303,ml
P02655,Zayyan Nanda,M,1984-12-09,40-64,Malappuram,+91-00264-73955,en
P02656,Umang Gala,M,1986-10-28,18-39,Alappuzha,+91-00709-86749,ml
P02657,Hemang Toor,M,1984-03-30,40-64,Palakkad,+91-00532-97518,ml
P02658,Vihaan Bala,M,1999-09-03,18-39,Kollam,+91-00426-78754,ml
P02659,Vedhika Raj,F,2023-10-16,1-4,Kozhikode,+91-00782-54348,ml
P02660,Sudiksha Hayer,F,1995-07-18,18-39,Coimbatore,+91-00317-15889,ta
P02661,Anirudh Anne,M,1993-03-05,18-39,Thrissur,+91-00085-49928,ml
P02662,Deepa Deshpande,F,2000-12-08,18-39,Pune,+91-00396-20918,hi
P02663,Vedika Sundaram,F,1930-08-01,65+,Ernakulam,+91-00766-16257,ml
P02664,Bahadurjit Butala,M,1980-08-26,40-64,Kanyakumari,+91-00474-42878,hi
P02665,Urvashi Dey,F,2003-02-23,18-39,Kannur,+91-00977-10434,en
P02666,Liam Edwin,M,1982-07-26,40-64,Kollam,+91-00856-68452,ml
P02667,Aditya Chaudhry,M,1960-05-24,65+,Kodagu,+91-00790-77785,ml
P02668,Nandini Dash,F,2021-02-08,1-4,Kodagu,+91-00773-43516,ml
P02669,Hamsini Brahmbhatt,F,1985-05-21,40-64,Idukki,+91-00581-36486,en
P02670,Madhavi Dube,F,1996-08-02,18-39,Kannur,+91-00901-22564,ml
P02671,Praneel Gokhale,M,1979-07-03,40-64,Alappuzha,+91-00589-21104,en
P02672,Anika Walia,F,1970-01-20,40-64,Thiruvananthapuram,+91-00372-96320,ta
P02673,Timothy Batta,M,1969-10-21,40-64,Pathanamthitta,+91-00195-88597,ml
P02674,Robert Morar,M,1981-04-11,40-64,Ernakulam,+91-00813-36621,en
P02675,Ati Agrawal,F,1981-05-02,40-64,Thiruvananthapuram,+91-00371-00558,ta
P02676,Ranbir Jaggi,M,1955-12-17,65+,Pathanamthitta,+91-00790-66606,en
P02677,Rachit Khare,M,1958-12-29,65+,Pune,+91-00983-29159,ml
P02678,Chakradev Babu,M,1987-09-25,18-39,Thrissur,+91-00398-68660,ml
P02679,Akshay Atwal,M,1943-10-14,65+,Kannur,+91-00340-31873,ml
P02680,Gopal Bhatnagar,M,2002-12-20,18-39,Pathanamthitta,+91-00170-98802,ml
P02681,Chasmum Ganesh,F,1980-06-18,40-64,Kollam,+91-00475-76958,ml
P02682,Anthony Sagar,M,1978-08-05,40-64,Kannur,+91-00654-59940,hi
P02683,Omisha Naidu,F,2020-02-10,5-11,Kottayam,+91-00312-31534,ml
P02684,Hemang Rana,M,2005-01-21,18-39,Ernakulam,+91-00485-13533,ml
P02685,Darpan Kata,M,1997-01-14,18-39,Satara,+91-00537-09087,ml
P02686,Damyanti Parikh,F,1965-07-05,40-64,Kottayam,+91-00275-63304,ta
P02687,Gabriel Aurora,M,1964-10-12,40-64,Ernakulam,+91-00023-04497,ml
P02688,Nakul Arora,M,1971-04-18,40-64,Malappuram,+91-00215-75599,ml
P02689,Hitesh Shanker,M,1995-04-27,18-39,Kollam,+91-00803-00095,en
P02690,Bachittar Mallick,M,1964-06-20,40-64,Kozhikode,+91-00278-05671,ml
P02691,Anthony Bhavsar,M,1994-06-04,18-39,Ernakulam,+91-00013-94206,ml
P02692,Samesh Mitra,M,1979-05-02,40-64,Pathanamthitta,+91-00424-79524,en
P02693,Dalaja Yadav,F,1984-05-08,40-64,Ernakulam,+91-00682-44953,en
P02694,Jeremiah Chandran,M,1990-07-14,18-39,Ernakulam,+91-00752-24869,ml
P02695,Sara Deol,F,1972-05-23,40-64,Malappuram,+91-00413-37865,ml
P02696,Harita Nadkarni,F,2018-07-15,5-11,Pune,+91-00571-21050,en
P02697,Bhavna Nayak,F,1996-02-01,18-39,Kozhikode,+91-00745-84194,ml
P02698,Udarsh Raja,M,2015-08-11,5-11,Idukki,+91-00889-89404,hi
P02699,Yashasvi Arya,F,1969-04-17,40-64,Satara,+91-00639-79792,ml
P02700,Advaith Dash,M,2013-07-31,12-17,Kannur,+91-00690-95328,ml
P02701,Jagat Sangha,M,1976-10-21,40-64,Thiruvananthapuram,+91-00098-19842,en
P02702,Balveer Bhasin,M,1968-10-23,40-64,Kollam,+91-00420-62094,ml
P02703,Rachit Tara,M,1975-11-27,40-64,Alappuzha,+91-00888-09468,ml
P02704,Isha Doshi,F,1974-12-05,40-64,Kollam,+91-00160-86066,ml
P02705,Harsh Barad,M,1985-08-01,18-39,Ernakulam,+91-00309-01682,hi
P02706,Tristan Narasimhan,M,1970-05-29,40-64,Kottayam,+91-00677-87772,ml
P02707,Liam Nadkarni,M,2001-08-13,18-39,Satara,+91-00902-85431,ml
P02708,Sarthak Mani,M,1996-12-20,18-39,Ernakulam,+91-00059-13489,ml
P02709,Ishwar Narula,M,2021-01-17,1-4,Alappuzha,+91-00870-69293,ml
P02710,Jairaj Jha,M,1970-05-03,40-64,Satara,+91-00220-38761,ml
P02711,Jeet Kapadia,M,1960-03-21,65+,Thrissur,+91-00860-92882,ta
P02712,Yoshita Nagy,F,1948-11-23,65+,Kollam,+91-00889-46049,hi
P02713,Timothy Ahuja,M,1995-02-21,18-39,Kollam,+91-00775-04504,hi
P02714,Yatan Boase,M,2022-09-05,1-4,Malappuram,+91-00923-22193,ml
P02715,Ati Dhaliwal,F,1966-01-28,40-64,Thrissur,+91-00961-01637,ml
P02716,Dev Chand,M,1991-03-05,18-39,Palakkad,+91-00925-52679,ml
P02717,Ishani Keer,F,1984-11-30,40-64,Kanyakumari,+91-00513-67656,ml
P02718,Tanay Sibal,M,1968-07-18,40-64,Malappuram,+91-00463-95084,en
P02719,Gayathri Hora,F,2016-05-03,5-11,Kanyakumari,+91-00105-65617,ml
P02720,Simon Goda,M,1971-02-13,40-64,Kozhikode,+91-00216-03728,ml
P02721,Max Mangal,M,1996-05-12,18-39,Malappuram,+91-00652-67783,ta
P02722,Isha Magar,F,1978-05-11,40-64,Kollam,+91-00127-72679,en
P02723,Chaaya Parsa,F,1978-10-05,40-64,Ernakulam,+91-00942-69548,hi
P02724,Ranbir Ganesh,M,1960-09-10,40-64,Ernakulam,+91-00227-08477,ml
P02725,Thomas Sami,M,2015-04-19,5-11,Thrissur,+91-00087-61862,ta
P02726,Garima Subramaniam,F,1991-06-30,18-39,Idukki,+91-00235-37122,ml
P02727,Rayaan Sane,M,1998-07-27,18-39,Palakkad,+91-00048-44063,ml
P02728,Netra Yogi,F,2022-04-27,1-4,Idukki,+91-00166-42785,ml
P02729,Harita Kurian,F,2005-11-30,18-39,Thrissur,+91-00587-96087,en
P02730,Vedika Mohan,F,1968-03-14,40-64,Idukki,+91-00289-32103,ml
P02731,Meghana Prashad,F,2017-09-11,5-11,Coimbatore,+91-00801-95298,en
P02732,Bimala Nath,F,1992-08-17,18-39,Idukki,+91-00404-34564,ml
P02733,Vrinda Hayre,F,2013-01-01,12-17,Kozhikode,+91-00713-75163,hi
P02734,Ikshita Agrawal,F,1963-10-21,40-64,Palakkad,+91-00708-63984,ml
P02735,Yamini Prasad,F,1952-09-16,65+,Idukki,+91-00135-26221,en
P02736,Tanmayi Sagar,F,2011-12-23,12-17,Kannur,+91-00056-38982,hi
P02737,Ridhi Rajagopalan,F,1954-10-10,65+,Kodagu,+91-00841-22369,en
P02738,Nikita Bobal,F,1953-10-25,65+,Kozhikode,+91-00700-42083,ta
P02739,Anjali Dash,F,2002-05-27,18-39,Pune,+91-00174-22313,en
P02740,Finn Hari,M,1982-10-26,40-64,Ernakulam,+91-00679-79081,ml
P02741,Lakshmi Pall,F,2019-06-12,5-11,Kodagu,+91-00329-91765,en
P02742,Raksha Bhardwaj,F,1981-10-03,40-64,Coimbatore,+91-00056-57479,en
P02743,Simon Koshy,M,2015-10-11,5-11,Kozhikode,+91-00228-89193,ml
P02744,Waida Banerjee,F,1999-04-22,18-39,Kannur,+91-00755-05866,ml
P02745,Akshay Divan,M,2006-03-01,18-39,Kozhikode,+91-00390-74584,ml
P02746,Vasatika Din,F,2008-11-18,12-17,Thrissur,+91-00544-48978,ml
P02747,Krishna Edwin,F,1963-04-06,40-64,Thrissur,+91-00136-57061,hi
P02748,Devika Chanda,F,2002-07-09,18-39,Idukki,+91-00092-31877,hi
P02749,Rushil Buch,M,1981-11-15,40-64,Malappuram,+91-00239-65693,en
P02750,Udyati Gandhi,F,2015-10-30,5-11,Kottayam,+91-00472-42529,ml
P02751,Lajita Mittal,F,1992-08-24,18-39,Kozhikode,+91-00846-38963,ml
P02752,Mitesh Sabharwal,M,1987-03-24,18-39,Thrissur,+91-00763-88810,ml
P02753,Chatura Padmanabhan,M,1992-01-14,18-39,Idukki,+91-00160-74459,ml
P02754,Krish Kadakia,M,2015-05-23,5-11,Pathanamthitta,+91-00071-64117,en
P02755,Nikita Ahuja,F,1987-03-19,18-39,Alappuzha,+91-00225-25596,ml
P02756,Xalak Agarwal,F,1996-02-03,18-39,Malappuram,+91-00852-18654,ml
P02757,Bakhshi Sahni,M,1996-09-20,18-39,Idukki,+91-00515-78104,ml
P02758,Maanas Sankar,M,1944-02-18,65+,Thiruvananthapuram,+91-00806-20464,ta
P02759,Gaurang Prasad,M,2004-02-09,18-39,Kottayam,+91-00369-56186,ml
P02760,Ekani Hora,F,1987-12-23,18-39,Idukki,+91-00590-16356,ml
P02761,Gavin Thakkar,M,1980-04-23,40-64,Alappuzha,+91-00594-00139,ml
P02762,Umang Kala,M,1944-02-04,65+,Kottayam,+91-00626-73578,ml
P02763,Irya Bhargava,F,2022-06-15,1-4,Kozhikode,+91-00470-24537,en
P02764,Gopal Lad,M,1956-04-23,65+,Kozhikode,+91-00239-69011,en
P02765,Urvi Chopra,F,2017-12-07,5-11,Pune,+91-00428-92891,en
P02766,Chaaya Memon,F,1986-09-28,18-39,Kollam,+91-00974-43422,ml
P02767,Ranbir Dash,M,1972-03-16,40-64,Kottayam,+91-00272-81210,hi
P02768,Bhavika Oommen,F,1951-10-24,65+,Kollam,+91-00724-16448,en
P02769,Kamya Sridhar,F,1992-02-24,18-39,Palakkad,+91-00944-20036,ta
P02770,Chandresh Andra,M,1978-11-30,40-64,Thiruvananthapuram,+91-00566-18684,ml
P02771,Lila Amble,F,2024-11-10,<1,Pathanamthitta,+91-00489-62469,hi
P02772,Chasmum Kakar,F,1982-06-01,40-64,Palakkad,+91-00120-25928,en
P02773,Riya Venkatesh,F,1968-06-09,40-64,Idukki,+91-00753-95584,ml
P02774,Watika Solanki,F,2014-02-26,5-11,Thrissur,+91-00911-75188,ml
P02775,Tanish Nayar,M,1990-03-10,18-39,Malappuram,+91-00980-16498,ml
P02776,Onveer Murty,M,2005-11-24,18-39,Kannur,+91-00201-40557,ta
P02777,Pranit Rastogi,M,1973-12-08,40-64,Idukki,+91-00920-79885,ml
P02778,Ayush Parekh,M,1983-03-30,40-64,Alappuzha,+91-00370-01621,en
P02779,Chandresh Aggarwal,M,1952-07-31,65+,Thrissur,+91-00619-30881,en
P02780,Suhani Dewan,F,2017-01-29,5-11,Thiruvananthapuram,+91-00223-21416,en
P02781,Darsh Wali,M,2016-05-28,5-11,Thiruvananthapuram,+91-00248-31900,ml
P02782,Jeet Pillay,M,2021-12-23,1-4,Ernakulam,+91-00618-16378,ta
P02783,Wazir Varma,M,2012-11-14,12-17,Alappuzha,+91-00484-92116,ml
P02784,Ijaya Aggarwal,F,1971-05-17,40-64,Thiruvananthapuram,+91-00964-82953,ta
P02785,Abhiram Parsa,M,1993-08-11,18-39,Malappuram,+91-00264-14630,ml
P02786,Omaja Sawhney,F,1988-09-06,18-39,Kannur,+91-00878-40395,ml
P02787,Watika Ratta,F,1991-04-04,18-39,Pathanamthitta,+91-00460-42627,ml
P02788,Owen Sangha,M,1958-01-29,65+,Palakkad,+91-00134-72138,en
P02789,Chandresh Rajan,M,2007-04-15,18-39,Satara,+91-00239-23315,en
P02790,Gunbir Dhar,M,1986-06-02,18-39,Alappuzha,+91-00755-71284,ml
P02791,Eesha Tank,F,1985-01-13,40-64,Kozhikode,+91-00826-70613,ml
P02792,Matthew Sibal,M,2019-07-13,5-11,Pathanamthitta,+91-00039-41722,en
P02793,Udant D’Alia,M,1998-01-19,18-39,Kodagu,+91-00410-32149,ml
P02794,Jai Kohli,M,2011-08-18,12-17,Thiruvananthapuram,+91-00494-49715,ml
P02795,Harinakshi Chakraborty,F,1986-02-24,18-39,Kottayam,+91-00615-95999,en
P02796,Teerth Balakrishnan,M,1973-12-29,40-64,Satara,+91-00650-93264,ml
P02797,Omisha Rajagopal,F,1983-03-22,40-64,Malappuram,+91-00830-73413,ml
P02798,Imaran Kurian,M,1998-01-14,18-39,Alappuzha,+91-00273-57790,ml
P02799,David Deshpande,M,1984-11-10,40-64,Kannur,+91-00111-92385,en
P02800,Chakradev Natarajan,M,1952-03-19,65+,Coimbatore,+91-00186-23854,en
P02801,Bhavini Oza,F,1994-08-19,18-39,Ernakulam,+91-00936-12177,ml
P02802,Sai Sarkar,F,1980-08-30,40-64,Pathanamthitta,+91-00546-57457,ml
P02803,Jasmit Lad,F,2021-04-09,1-4,Alappuzha,+91-00219-38971,ml
P02804,Maanav Chahal,M,2003-05-23,18-39,Pune,+91-00785-71150,ml
P02805,Chaitanya Oak,M,2022-10-31,1-4,Pathanamthitta,+91-00587-54394,ml
P02806,Devika Pillai,F,1989-03-25,18-39,Kottayam,+91-00367-62356,ml
P02807,Naksh Rai,M,1983-11-30,40-64,Pathanamthitta,+91-00018-07029,en
P02808,Nachiket Bhatia,M,1959-01-08,65+,Kollam,+91-00782-17430,ml
P02809,Rishi Sampath,M,2001-02-24,18-39,Thrissur,+91-00717-01617,hi
P02810,Rajata Date,F,2025-02-12,<1,Idukki,+91-00262-93814,hi
P02811,Damyanti Rana,F,2023-11-26,1-4,Thiruvananthapuram,+91-00265-98273,ml
P02812,Veda Mutti,F,1938-10-18,65+,Pathanamthitta,+91-00271-63605,en
P02813,Neelima Kanda,F,2009-09-02,12-17,Thiruvananthapuram,+91-00670-63373,en
P02814,Vedant Din,M,2022-07-02,1-4,Thiruvananthapuram,+91-00294-75881,ml
P02815,Eta Banerjee,F,2018-11-23,5-11,Pathanamthitta,+91-00310-81426,ml
P02816,Mohammed Thakkar,M,2003-10-26,18-39,Kozhikode,+91-00376-83696,hi
P02817,Mahika Sridhar,F,1997-03-07,18-39,Thiruvananthapuram,+91-00980-75490,ml
P02818,Yachana Manne,F,1997-01-25,18-39,Kottayam,+91-00460-42289,en
P02819,Ayushman Nath,M,2000-06-12,18-39,Palakkad,+91-00377-35122,en
P02820,Jagrati Kar,F,1973-06-10,40-64,Kozhikode,+91-00470-48578,ml
P02821,Hemal Sura,F,1988-02-06,18-39,Malappuram,+91-00719-88964,ml
P02822,Mason Dutta,M,1995-04-09,18-39,Satara,+91-00883-60423,ta
P02823,Shivani Nazareth,F,2021-09-15,1-4,Alappuzha,+91-00990-89360,ml
P02824,Warjas Pall,M,2010-11-21,12-17,Thiruvananthapuram,+91-00486-41225,ml
P02825,Shivani Bora,F,1964-04-10,40-64,Thiruvananthapuram,+91-00460-02343,ml
P02826,Megha Hayer,F,1985-06-06,40-64,Kollam,+91-00330-38288,en
P02827,Chasmum Deep,F,1995-07-03,18-39,Satara,+91-00779-26256,en
P02828,Avni Modi,F,1993-12-04,18-39,Palakkad,+91-00655-32211,ml
P02829,Gautami Devan,F,1989-09-09,18-39,Kannur,+91-00363-06896,en
P02830,Warhi Manne,F,1996-11-25,18-39,Satara,+91-00518-09720,hi
P02831,Jagrati Kamdar,F,1968-04-12,40-64,Kanyakumari,+91-00205-50176,ml
P02832,Aarna Pathak,F,1990-12-16,18-39,Idukki,+91-00693-40411,ta
P02833,Ethan Puri,M,1971-09-01,40-64,Coimbatore,+91-00252-89725,ml
P02834,Hamsini Bhalla,F,1993-09-16,18-39,Ernakulam,+91-00349-32091,ml
P02835,Rachana Som,F,1980-12-27,40-64,Kollam,+91-00068-35193,ml
P02836,Atharv Dalal,M,1980-12-29,40-64,Thrissur,+91-00219-35392,ml
P02837,Teerth Dixit,M,1984-02-01,40-64,Kodagu,+91-00194-19662,ta
P02838,Jason Bandi,M,1956-05-26,65+,Kannur,+91-00735-47444,ml
P02839,Kavya Ranganathan,F,1953-07-05,65+,Idukki,+91-00694-57675,en
P02840,Nidhi Gera,F,2021-08-04,1-4,Kanyakumari,+91-00538-46647,ml
P02841,Chaitanya Sheth,M,1962-03-03,40-64,Ernakulam,+91-00387-26200,ml
P02842,Mahika Saxena,F,1970-10-15,40-64,Malappuram,+91-00889-40912,hi
P02843,Abdul Dar,M,1992-01-03,18-39,Kottayam,+91-00884-76812,ta
P02844,Chakrika Dara,F,1986-10-19,18-39,Pathanamthitta,+91-00602-84285,ml
P02845,Isaiah Bajaj,M,2009-08-14,12-17,Kottayam,+91-00657-81578,ml
P02846,Laksh Chandra,M,1998-11-23,18-39,Coimbatore,+91-00796-64596,ml
P02847,Sanaya Sule,F,2003-10-01,18-39,Satara,+91-00722-81758,hi
P02848,Neha Dass,F,2022-01-28,1-4,Alappuzha,+91-00224-87660,ml
P02849,Omaja Bhatt,F,1979-07-08,40-64,Pathanamthitta,+91-00503-12231,ml
P02850,Tanmayi Bahri,F,1992-07-13,18-39,Kollam,+91-00151-75025,en
P02851,Zilmil Suresh,F,1967-02-20,40-64,Kozhikode,+91-00809-65410,hi
P02852,David Johal,M,1998-06-08,18-39,Thrissur,+91-00653-86561,ml
P02853,Gautam Gole,M,1972-09-16,40-64,Thrissur,+91-00979-83181,en
P02854,Vansha Murthy,F,1999-06-26,18-39,Thiruvananthapuram,+91-00136-80239,ml
P02855,Anmol Dave,M,1958-06-11,65+,Kollam,+91-00510-79850,en
P02856,Faris Chahal,M,1998-06-18,18-39,Kodagu,+91-00724-67783,ml
P02857,Anika Chad,F,1975-11-28,40-64,Palakkad,+91-00867-15122,ta
P02858,Zehaan Misra,M,1995-04-01,18-39,Alappuzha,+91-00853-34742,en
P02859,Frederick Sampath,M,1948-12-25,65+,Pathanamthitta,+91-00201-72015,hi
P02860,Kritika Mital,F,1950-04-29,65+,Alappuzha,+91-00982-08786,ml
P02861,Manan Walla,M,1976-08-09,40-64,Thiruvananthapuram,+91-00981-34258,ta
P02862,Ekiya Swaminathan,F,1977-01-02,40-64,Thiruvananthapuram,+91-00969-04926,ml
P02863,Yutika Pandey,F,1968-12-04,40-64,Kozhikode,+91-00613-53444,ml
P02864,Chandran Basu,M,2019-07-16,5-11,Alappuzha,+91-00831-47184,ml
P02865,Anita Guha,F,1965-10-11,40-64,Idukki,+91-00076-18388,ta
P02866,Netra Kale,F,2019-12-18,5-11,Thrissur,+91-00255-87136,ml
P02867,Hritik Parmer,M,1984-01-30,40-64,Kottayam,+91-00091-83900,en
P02868,Eesha Sami,F,1994-04-11,18-39,Ernakulam,+91-00505-56528,en
P02869,Lakshmi Lad,F,1950-10-24,65+,Kanyakumari,+91-00964-76710,en
P02870,Finn Ratta,M,2017-03-24,5-11,Alappuzha,+91-00649-82426,en
P02871,Chakrika Kumar,F,1945-04-17,65+,Kannur,+91-00461-93104,en
P02872,Ekbal Wason,M,1983-10-08,40-64,Alappuzha,+91-00792-97699,ml
P02873,Balendra Luthra,M,2022-05-17,1-4,Pathanamthitta,+91-00550-64264,en
P02874,Quincy Vaidya,M,1992-08-27,18-39,Kollam,+91-00457-92503,ml
P02875,Ubika Dube,F,2019-01-14,5-11,Malappuram,+91-00629-15852,en
P02876,Urishilla Raghavan,F,1952-01-23,65+,Idukki,+91-00511-13317,ta
P02877,Jatin Brahmbhatt,M,1974-10-13,40-64,Kannur,+91-00641-69941,ml
P02878,Diya Wali,F,2001-03-17,18-39,Kollam,+91-00802-15340,ml
P02879,Tanvi Bhatti,F,1986-01-27,18-39,Palakkad,+91-00462-35438,ml
P02880,Chanchal Patil,F,2014-03-16,5-11,Thiruvananthapuram,+91-00415-93970,ta
P02881,Madhavi Dhingra,F,2022-03-26,1-4,Alappuzha,+91-00558-44329,ta
P02882,Mahika Anne,F,2025-02-17,<1,Palakkad,+91-00904-53191,ml
P02883,Saanvi Kapadia,F,2001-06-15,18-39,Thiruvananthapuram,+91-00422-54026,hi
P02884,Charles Dasgupta,M,1981-09-23,40-64,Idukki,+91-00847-45279,ml
P02885,Michael Suri,M,1998-02-03,18-39,Palakkad,+91-00617-17873,ta
P02886,Zarna Palla,F,1951-02-02,65+,Kozhikode,+91-00012-06732,hi
P02887,Lopa Chaudhary,F,2021-12-09,1-4,Kozhikode,+91-00476-71844,ml
P02888,Harinakshi Nadkarni,F,1968-06-30,40-64,Pathanamthitta,+91-00210-94302,hi
P02889,Hemangini Pai,F,2017-01-31,5-11,Kollam,+91-00150-69631,ml
P02890,Waida Datta,F,2017-08-24,5-11,Idukki,+91-00234-05911,ml
P02891,Aayush Varghese,M,2019-02-11,5-11,Alappuzha,+91-00712-51807,ta
P02892,Edhitha Dhar,F,1999-12-30,18-39,Kottayam,+91-00627-94145,ml
P02893,Lila Bera,F,1972-12-30,40-64,Kottayam,+91-00536-84132,ml
P02894,Kritika Sahota,F,1975-11-30,40-64,Idukki,+91-00495-34905,ml
P02895,Hemani Sarna,F,1969-06-15,40-64,Thrissur,+91-00389-34480,en
P02896,Vivaan Thakkar,M,2017-09-07,5-11,Thiruvananthapuram,+91-00886-51134,en
P02897,Lakshit Sangha,M,1964-01-08,40-64,Kottayam,+91-00932-25125,ta
P02898,Niharika Chahal,F,1930-08-01,65+,Alappuzha,+91-00764-11545,ta
P02899,Tanvi Munshi,F,1984-08-24,40-64,Alappuzha,+91-00288-03337,ta
P02900,Balveer Bose,M,1987-07-30,18-39,Kannur,+91-00913-29834,en
P02901,Charita Gandhi,F,1973-04-13,40-64,Alappuzha,+91-00819-42562,ta
P02902,Chaman Mangal,F,1958-01-17,65+,Pathanamthitta,+91-00124-34371,ml
P02903,Aashi Samra,F,2014-03-30,5-11,Kanyakumari,+91-00341-50892,en
P02904,Wakeeta Tank,F,1996-06-02,18-39,Idukki,+91-00327-67619,ml
P02905,Samaksh Atwal,M,1993-06-21,18-39,Pathanamthitta,+91-00730-15537,ml
P02906,Aarush Sandal,M,1982-11-25,40-64,Kozhikode,+91-00523-57870,ml
P02907,Jason Wable,M,1991-12-31,18-39,Malappuram,+91-00266-77175,ml
P02908,Udarsh Ganguly,M,2015-08-17,5-11,Pune,+91-00230-87150,hi
P02909,Gagan Borde,M,1980-05-22,40-64,Coimbatore,+91-00457-36600,ml
P02910,Ekani Varkey,F,1986-04-09,18-39,Malappuram,+91-00665-61968,ta
P02911,Atharv Sami,M,1975-09-23,40-64,Pathanamthitta,+91-00508-68666,ml
P02912,Sachi Garde,F,2023-10-22,1-4,Ernakulam,+91-00261-80882,en
P02913,Daksh Nigam,M,1976-09-25,40-64,Kollam,+91-00619-21297,ml
P02914,Daniel Mannan,M,1997-09-28,18-39,Thrissur,+91-00998-86543,hi
P02915,Wyatt Memon,M,1966-12-31,40-64,Kodagu,+91-00176-78452,ml
P02916,Hredhaan Agate,M,2013-10-28,5-11,Thiruvananthapuram,+91-00528-76956,en
P02917,Ikbal Mody,M,1974-05-08,40-64,Coimbatore,+91-00375-24439,hi
P02918,Vedika Sura,F,1997-05-29,18-39,Thrissur,+91-00218-06600,en
P02919,Pranav Ahuja,M,2014-06-05,5-11,Pathanamthitta,+91-00875-31258,ta
P02920,Omya Misra,F,2005-05-03,18-39,Kanyakumari,+91-00957-22583,ml
P02921,Chatresh Ahluwalia,M,1983-07-22,40-64,Thrissur,+91-00350-87899,ml
P02922,Idika Ratti,F,2020-10-17,1-4,Ernakulam,+91-00347-75845,ml
P02923,Aarna Chaudhuri,F,2015-10-22,5-11,Thrissur,+91-00091-95415,ml
P02924,Yatan Hora,M,1978-01-14,40-64,Pathanamthitta,+91-00617-75028,ml
P02925,Zarna Varkey,F,2015-06-06,5-11,Kollam,+91-00026-96459,en
P02926,Samesh Dasgupta,M,2002-12-04,18-39,Malappuram,+91-00496-21181,hi
P02927,Aarini Dugal,F,1978-10-19,40-64,Coimbatore,+91-00152-08711,en
P02928,Jeevika Singhal,F,1981-10-09,40-64,Malappuram,+91-00672-21287,ta
P02929,Ridhi Mistry,F,1999-06-16,18-39,Kanyakumari,+91-00928-22771,ml
P02930,Upadhriti Gopal,F,2000-02-11,18-39,Kanyakumari,+91-00088-85272,ml
P02931,Darika Sarna,F,1986-01-04,18-39,Thiruvananthapuram,+91-00777-51888,en
P02932,Gaurika Dey,F,1990-07-09,18-39,Kannur,+91-00830-72596,ml
P02933,Teerth Ahluwalia,M,1940-02-04,65+,Kannur,+91-00176-41578,ml
P02934,Hardik Choudhry,M,1955-10-11,65+,Kottayam,+91-00922-67801,ta
P02935,Meghana Baria,F,1967-11-22,40-64,Idukki,+91-00620-17726,ml
P02936,Rudra Sama,M,1952-03-06,65+,Kozhikode,+91-00534-16579,ml
P02937,Anamika Dyal,F,1994-06-24,18-39,Satara,+91-00671-22216,ml
P02938,Wriddhish Lata,M,2022-10-05,1-4,Satara,+91-00288-57360,en
P02939,Shivansh Suresh,M,1960-01-10,65+,Ernakulam,+91-00025-69953,ml
P02940,Devansh Nair,M,2018-01-28,5-11,Kannur,+91-00442-51226,en
P02941,Yamini Ramachandran,F,1982-07-13,40-64,Ernakulam,+91-00743-77039,ml
P02942,Dayamai Chokshi,F,2000-11-12,18-39,Kanyakumari,+91-00918-17982,en
P02943,Edhitha Dugal,F,1961-04-12,40-64,Malappuram,+91-00430-09538,ta
P02944,Zashil Arya,M,2019-05-17,5-11,Pune,+91-00263-55168,ml
P02945,Atharv Oommen,M,1988-10-18,18-39,Satara,+91-00131-44565,en
P02946,Aarna Saraf,F,1992-05-13,18-39,Kottayam,+91-00935-07091,ml
P02947,Mohini Manda,F,1956-12-22,65+,Satara,+91-00230-28260,ml
P02948,Chakrika Sanghvi,F,1994-04-25,18-39,Malappuram,+91-00911-73443,ml
P02949,Faraj Vaidya,M,2004-04-05,18-39,Alappuzha,+91-00183-70078,ml
P02950,Kritika Mand,F,1955-05-10,65+,Thiruvananthapuram,+91-00018-79811,hi
P02951,Karan Kota,M,2017-09-09,5-11,Malappuram,+91-00224-71186,ta
P02952,Hardik Som,M,1994-05-14,18-39,Alappuzha,+91-00492-73350,ta
P02953,Zayan Golla,M,2014-12-09,5-11,Alappuzha,+91-00348-53090,ml
P02954,Falguni Karnik,F,1985-08-07,18-39,Thrissur,+91-00907-80276,en
P02955,Dominic Rattan,M,1994-03-20,18-39,Thiruvananthapuram,+91-00545-92263,en
P02956,Mahika Handa,F,1974-01-13,40-64,Idukki,+91-00117-70025,ml
P02957,Unni Badami,F,2021-03-15,1-4,Kannur,+91-00625-25664,en
P02958,Chakradev Behl,M,2022-06-08,1-4,Thiruvananthapuram,+91-00388-40576,ta
P02959,Samar Vohra,M,1978-09-04,40-64,Palakkad,+91-00678-62467,ta
P02960,Jack Kapadia,M,1982-02-14,40-64,Pathanamthitta,+91-00786-65720,hi
P02961,Tanay Srinivas,M,1965-07-02,40-64,Kanyakumari,+91-00985-82984,ml
P02962,Yashodhara Sane,F,2000-12-27,18-39,Idukki,+91-00576-01854,ta
P02963,Max Choudhary,M,2017-04-07,5-11,Kannur,+91-00366-12768,hi
P02964,Rajata Mand,F,1990-10-22,18-39,Kozhikode,+91-00433-99324,en
P02965,Shaurya Koshy,M,1982-10-11,40-64,Coimbatore,+91-00402-81735,ml
P02966,Arjun Gopal,M,1991-06-25,18-39,Thrissur,+91-00450-57672,ml
P02967,Aachal Ben,F,2002-08-05,18-39,Ernakulam,+91-00030-68760,ml
P02968,Jagvi Mangal,F,1984-09-14,40-64,Thiruvananthapuram,+91-00247-46000,ml
P02969,Meera Chaudhuri,F,1970-11-07,40-64,Thrissur,+91-00987-22338,hi
P02970,Hiral Krishnan,F,1987-04-05,18-39,Thrissur,+91-00928-82892,hi
P02971,Qabil Natt,M,1996-11-06,18-39,Palakkad,+91-00048-36927,ta
P02972,Dayita Chatterjee,F,1964-09-01,40-64,Kollam,+91-00979-45400,ml
P02973,Eiravati Narula,F,2019-03-29,5-11,Thrissur,+91-00791-91881,en
P02974,Radhika Wadhwa,F,1988-02-06,18-39,Ernakulam,+91-00002-73138,ml
P02975,Kashish Majumdar,F,1977-06-19,40-64,Palakkad,+91-00913-57761,ml
P02976,Rehaan Chahal,M,1964-11-08,40-64,Malappuram,+91-00960-69922,ml
P02977,Dhruv Dara,M,1971-02-08,40-64,Idukki,+91-00628-12365,hi
P02978,Girish Hans,M,1978-01-10,40-64,Thrissur,+91-00788-85549,en
P02979,Chavvi Borde,F,1972-01-12,40-64,Idukki,+91-00332-15805,ta
P02980,Nidhi Som,F,1976-02-05,40-64,Kozhikode,+91-00572-93867,ml
P02981,Ganga Bassi,F,1983-09-23,40-64,Kannur,+91-00731-81045,ml
P02982,Gopal Sahota,M,2001-03-17,18-39,Kottayam,+91-00561-41770,en
P02983,Prisha Pau,F,2014-06-17,5-11,Alappuzha,+91-00304-80740,en
P02984,Daniel Sarin,M,1975-03-19,40-64,Malappuram,+91-00649-74790,ta
P02985,Wyatt Saini,M,2016-05-06,5-11,Kannur,+91-00838-97938,ml
P02986,Fiyaz Mahal,M,1975-12-18,40-64,Thiruvananthapuram,+91-00836-44645,ml
P02987,Maanav Bath,M,2014-03-31,5-11,Ernakulam,+91-00132-55927,ta
P02988,Ikshita Rao,F,1995-09-14,18-39,Kottayam,+91-00445-93519,ml
P02989,Baljiwan Gandhi,M,2017-07-24,5-11,Kozhikode,+91-00038-85612,ml
P02990,Yashoda Rajagopalan,F,2011-03-20,12-17,Pathanamthitta,+91-00632-07026,ta
P02991,Sai Magar,M,1997-05-14,18-39,Kannur,+91-00242-06225,en
P02992,George Aggarwal,M,1994-01-17,18-39,Malappuram,+91-00930-64488,en
P02993,Janani Andra,F,1980-10-25,40-64,Kanyakumari,+91-00618-52002,ml
P02994,Zayan Vohra,M,1988-03-26,18-39,Satara,+91-00400-17122,en
P02995,Max Kannan,M,1979-10-31,40-64,Ernakulam,+91-00731-13198,ml
P02996,Lipika Dani,F,1983-02-09,40-64,Malappuram,+91-00207-97690,en
P02997,Jasmit Bath,F,1988-11-14,18-39,Kozhikode,+91-00091-95099,en
P02998,Mugdha Baral,F,1993-12-15,18-39,Kanyakumari,+91-00087-48658,ml
P02999,Maya Deol,F,1982-07-07,40-64,Thrissur,+91-00582-11357,ml
P03000,Ati Kothari,F,2014-02-28,5-11,Kollam,+91-00888-95721,ml
P03001,Devika Agarwal,F,1994-01-13,18-39,Satara,+91-00222-22167,ml
P03002,Raksha Nair,F,1941-04-27,65+,Thiruvananthapuram,+91-00760-37162,ml
P03003,Libni Deol,F,1982-03-06,40-64,Pune,+91-00037-75018,ta
P03004,Nandini Nair,F,1966-10-02,40-64,Alappuzha,+91-00353-40718,ml
P03005,Abdul Parekh,M,2016-04-04,5-11,Thrissur,+91-00653-57708,ml
P03006,Meera Goda,F,1974-05-02,40-64,Pune,+91-00826-79795,en
P03007,Adweta Yogi,F,1997-06-17,18-39,Malappuram,+91-00943-91811,en
P03008,Sai Kurian,F,2015-10-15,5-11,Palakkad,+91-00632-55654,ml
P03009,Vaishnavi Kannan,F,2015-06-30,5-11,Kottayam,+91-00462-66447,ml
P03010,Krish Jani,M,1987-08-15,18-39,Kottayam,+91-00060-40238,ml
P03011,Faras Sehgal,M,1972-05-14,40-64,Thiruvananthapuram,+91-00275-55649,ml
P03012,Teerth Pillay,M,1987-07-04,18-39,Palakkad,+91-00923-48096,ml
P03013,Wriddhish Chander,M,1965-06-03,40-64,Ernakulam,+91-00582-40275,en
P03014,Hemangini Sharaf,F,1990-05-14,18-39,Alappuzha,+91-00342-68102,ml
P03015,Gaurang Gulati,M,1994-11-13,18-39,Idukki,+91-00248-87904,ml
P03016,Hemangini Manda,F,1992-05-09,18-39,Pune,+91-00113-22222,en
P03017,Nilima Gaba,F,1970-04-08,40-64,Kanyakumari,+91-00751-08286,ml
P03018,Shravya Guha,F,2017-01-15,5-11,Ernakulam,+91-00412-37779,ta
P03019,Ekbal Bora,M,1937-09-16,65+,Satara,+91-00936-15881,en
P03020,Krisha Sha,F,1972-08-18,40-64,Ernakulam,+91-00454-45963,en
P03021,Daksha Vyas,F,1966-07-25,40-64,Kottayam,+91-00818-54093,ml
P03022,Abeer Chaudhry,M,2004-04-19,18-39,Idukki,+91-00130-87044,ml
P03023,Sanaya Bail,F,2001-09-16,18-39,Coimbatore,+91-00150-69498,ml
P03024,Abha Bassi,F,1996-12-09,18-39,Alappuzha,+91-00273-12188,hi
P03025,Kritika Chacko,F,1956-04-23,65+,Alappuzha,+91-00191-94413,ml
P03026,Ekbal Arya,M,2019-09-10,5-11,Pune,+91-00976-60024,ml
P03027,Chatresh Nigam,M,1930-08-01,65+,Kozhikode,+91-00808-90285,en
P03028,Isha Dewan,F,1997-03-20,18-39,Kozhikode,+91-00348-75758,ml
P03029,Vamakshi Gade,F,1985-09-30,18-39,Kozhikode,+91-00519-17312,en
P03030,Noah Srinivas,M,2006-05-02,18-39,Malappuram,+91-00533-04588,ta
P03031,Jairaj Bhalla,M,2003-05-02,18-39,Kollam,+91-00607-26010,ml
P03032,David Bail,M,2021-02-22,1-4,Kozhikode,+91-00103-70530,ml
P03033,Dalaja Minhas,F,1996-09-06,18-39,Alappuzha,+91-00348-44701,hi
P03034,Sarthak Dhar,M,1996-07-14,18-39,Kollam,+91-00085-07992,ml
P03035,Isaac Bajwa,M,1993-06-05,18-39,Satara,+91-00919-59986,en
P03036,Tanay Rajan,M,1953-01-20,65+,Thiruvananthapuram,+91-00403-66587,ml
P03037,Qushi Mangat,F,1961-12-30,40-64,Thiruvananthapuram,+91-00727-11376,ml
P03038,Sanaya Chowdhury,F,2019-08-19,5-11,Kottayam,+91-00920-65558,ml
P03039,Frado Choudhary,M,1962-09-22,40-64,Kanyakumari,+91-00309-26877,ta
P03040,Dalaja Manda,F,1995-09-10,18-39,Satara,+91-00087-25651,ml
P03041,Balvan Nath,M,2004-06-04,18-39,Kollam,+91-00336-21304,ml
P03042,Radha Chad,F,1993-11-28,18-39,Idukki,+91-00670-25250,ml
P03043,Forum Gokhale,F,1979-01-20,40-64,Kozhikode,+91-00499-55873,ml
P03044,Oliver Golla,M,1997-07-04,18-39,Malappuram,+91-00074-16871,ml
P03045,Falguni Mitra,F,1973-01-09,40-64,Alappuzha,+91-00070-69086,ta
P03046,Owen Chawla,M,1992-12-21,18-39,Kottayam,+91-00699-12934,en
P03047,Yahvi Pillay,F,1977-09-03,40-64,Palakkad,+91-00736-81132,ml
P03048,Brinda Agate,F,1998-12-08,18-39,Thiruvananthapuram,+91-00109-11691,ml
P03049,Falak Nagarajan,F,1984-02-19,40-64,Kozhikode,+91-00794-30863,ml
P03050,Robert Sekhon,M,1997-02-19,18-39,Alappuzha,+91-00345-58840,ml
P03051,Bhavna Chowdhury,F,1988-06-26,18-39,Kannur,+91-00068-43784,ml
P03052,Maya Dhillon,F,2016-07-19,5-11,Malappuram,+91-00333-82272,ta
P03053,Ojasvi Datta,F,1991-03-01,18-39,Malappuram,+91-00730-28667,ml
P03054,Sanya Pandit,F,2001-12-09,18-39,Kozhikode,+91-00655-40278,ml
P03055,Yachana Samra,F,1983-01-21,40-64,Kollam,+91-00481-73521,en
P03056,Samuel Nath,M,1982-10-04,40-64,Alappuzha,+91-00279-57816,ml
P03057,Jason Rajagopal,M,1982-11-14,40-64,Thrissur,+91-00417-65006,en
P03058,Yadavi Yohannan,F,2021-11-10,1-4,Kannur,+91-00381-93533,en
P03059,Zinal Yadav,F,1991-11-03,18-39,Kanyakumari,+91-00390-10956,ml
P03060,Sanaya Chacko,F,1972-03-18,40-64,Idukki,+91-00489-23868,ta
P03061,Zansi Kanda,F,1984-10-29,40-64,Kannur,+91-00455-92066,ml
P03062,Jacob Pathak,M,2002-07-09,18-39,Alappuzha,+91-00102-04257,ml
P03063,Harsh Badal,M,1969-02-26,40-64,Kollam,+91-00290-43587,en
P03064,Warjas Deol,M,1981-05-22,40-64,Alappuzha,+91-00129-69586,en
P03065,Bhanumati Palla,F,1973-05-08,40-64,Coimbatore,+91-00602-70178,ml
P03066,Ekaraj Menon,M,2001-05-08,18-39,Thrissur,+91-00422-93061,ml
P03067,Ekbal Sama,M,1967-10-17,40-64,Ernakulam,+91-00671-92061,ta
P03068,Jagrati Kapur,F,1931-06-21,65+,Kozhikode,+91-00087-66734,en
P03069,Ekantika Dalal,F,2002-02-19,18-39,Thiruvananthapuram,+91-00344-19283,ml
P03070,Saanvi Bal,F,1964-06-27,40-64,Kollam,+91-00180-19653,ml
P03071,Ria Bhagat,F,2020-06-08,5-11,Kollam,+91-00092-45442,en
P03072,Balhaar Sood,M,1984-08-26,40-64,Kollam,+91-00773-46352,en
P03073,Alexander Din,M,1967-07-09,40-64,Ernakulam,+91-00130-70715,ml
P03074,Ekavir Brar,M,1970-02-04,40-64,Kottayam,+91-00174-86885,ml
P03075,Brinda Arora,F,1958-04-22,65+,Kannur,+91-00366-00131,ml
P03076,Falguni Gopal,F,2000-12-11,18-39,Kannur,+91-00292-83244,en
P03077,Ekaraj Wable,M,1957-03-25,65+,Kodagu,+91-00919-42189,en
P03078,Wahab Sabharwal,M,1977-11-14,40-64,Pathanamthitta,+91-00988-23179,en
P03079,Tristan Arya,M,2006-01-30,18-39,Thrissur,+91-00422-45840,en
P03080,Christopher Dugal,M,1991-01-11,18-39,Thiruvananthapuram,+91-00201-38311,ml
P03081,Amol Ghose,M,1980-11-23,40-64,Alappuzha,+91-00498-69950,ta
P03082,Abdul Randhawa,M,2018-03-02,5-11,Palakkad,+91-00495-10344,ta
P03083,Vasana Kuruvilla,F,1986-09-22,18-39,Ernakulam,+91-00466-84848,ta
P03084,Ishaan Sampath,M,1993-05-04,18-39,Malappuram,+91-00020-99813,ta
P03085,Laban Chanda,M,1943-07-16,65+,Kannur,+91-00128-00911,ta
P03086,Edhitha Kakar,F,1930-08-01,65+,Thiruvananthapuram,+91-00141-25024,ml
P03087,Ayaan Kanda,M,1971-11-10,40-64,Pune,+91-00351-82961,ml
P03088,George Brahmbhatt,M,1983-02-22,40-64,Thiruvananthapuram,+91-00580-63867,ml
P03089,William Munshi,M,1999-03-13,18-39,Satara,+91-00877-13149,ml
P03090,Sachi Gala,F,1958-03-26,65+,Malappuram,+91-00223-96815,ta
P03091,Quincy Samra,M,1974-09-17,40-64,Thiruvananthapuram,+91-00771-05921,ml
P03092,Lopa Chopra,F,1998-01-11,18-39,Idukki,+91-00226-37357,ml
P03093,Brinda Patil,F,1997-12-12,18-39,Alappuzha,+91-00032-58294,ml
P03094,Amrita Khatri,F,1986-05-02,18-39,Kannur,+91-00649-33581,ml
P03095,Gautami Chhabra,F,1982-12-20,40-64,Alappuzha,+91-00214-42541,ml
P03096,Jagvi Apte,F,2015-04-09,5-11,Kannur,+91-00919-71853,ml
P03097,Ijaya Jaggi,F,2024-07-24,1-4,Kottayam,+91-00933-55295,ml
P03098,Jai Luthra,M,1970-07-12,40-64,Satara,+91-00105-05985,ml
P03099,Anya Sule,F,1991-05-01,18-39,Alappuzha,+91-00194-52102,en
P03100,Arjun Murty,M,2014-05-28,5-11,Malappuram,+91-00210-31725,en
P03101,Nilima Anand,F,1957-03-14,65+,Kannur,+91-00911-04345,ml
P03102,Megha Rao,F,1969-07-05,40-64,Alappuzha,+91-00078-38967,hi
P03103,Nakul Raman,M,1984-03-19,40-64,Kollam,+91-00751-82374,ml
P03104,Eiravati Chatterjee,F,1978-07-26,40-64,Thrissur,+91-00287-29071,en
P03105,Samar Thakur,M,1985-02-19,40-64,Malappuram,+91-00582-86599,ta
P03106,Zayan Doctor,M,2003-03-28,18-39,Kannur,+91-00177-89232,ta
P03107,Sai Sood,F,2013-07-31,12-17,Alappuzha,+91-00806-26774,ml
P03108,Mohini Edwin,F,1947-08-26,65+,Coimbatore,+91-00670-62885,ml
P03109,Vedika Brar,F,1997-04-04,18-39,Kodagu,+91-00021-40171,ta
P03110,Kala Kale,F,1990-03-27,18-39,Kannur,+91-00237-06802,en
P03111,Gaurika Thaker,F,1930-08-01,65+,Thiruvananthapuram,+91-00466-70268,en
P03112,Udarsh Deep,M,1999-08-21,18-39,Kollam,+91-00531-08869,ml
P03113,Mohini Parsa,F,1986-02-05,18-39,Satara,+91-00827-07041,ta
P03114,Anmol Ram,M,1955-05-04,65+,Kozhikode,+91-00386-56838,hi
P03115,Hemang Borde,M,1940-08-11,65+,Palakkad,+91-00926-75393,en
P03116,Yuvraj Chatterjee,M,1975-01-02,40-64,Coimbatore,+91-00193-42773,hi
P03117,Ekbal More,M,2018-07-23,5-11,Thiruvananthapuram,+91-00857-24775,ml
P03118,Yahvi Chandra,F,1987-10-03,18-39,Kozhikode,+91-00904-53343,ml
P03119,Naksh Gara,M,2013-07-31,12-17,Malappuram,+91-00626-66290,en
P03120,Faris Bir,M,1960-06-21,65+,Kanyakumari,+91-00967-68779,en
P03121,Rajata Pandit,F,2021-01-03,1-4,Kannur,+91-00410-59004,ml
P03122,Balendra Gola,M,1989-07-29,18-39,Ernakulam,+91-00699-59801,ml
P03123,Kai Solanki,M,1990-11-27,18-39,Kollam,+91-00010-90182,en
P03124,Timothy Dey,M,1970-12-22,40-64,Kodagu,+91-00274-65087,ml
P03125,Widisha Baral,F,1971-03-27,40-64,Kozhikode,+91-00566-12013,en
P03126,Mekhala Rattan,F,1984-02-10,40-64,Idukki,+91-00875-08322,ta
P03127,Dhruv Sastry,M,1976-01-02,40-64,Satara,+91-00952-92179,ml
P03128,Naksh Prakash,M,2017-03-05,5-11,Kottayam,+91-00579-95431,ta
P03129,Samuel Toor,M,1987-07-10,18-39,Idukki,+91-00855-89981,ml
P03130,Karan Basak,M,1999-05-09,18-39,Satara,+91-00799-92915,ml
P03131,Jason Anand,M,1999-09-25,18-39,Malappuram,+91-00773-88026,hi
P03132,Damini Mannan,F,1977-12-11,40-64,Coimbatore,+91-00111-42685,ml
P03133,Fariq Rastogi,M,2015-12-19,5-11,Coimbatore,+91-00478-90953,ml
P03134,Jasmit Rama,F,2015-09-06,5-11,Thrissur,+91-00486-43983,hi
P03135,Chakradhar Palla,M,1988-04-21,18-39,Alappuzha,+91-00787-65016,ml
P03136,Vinaya Warrior,F,1976-04-19,40-64,Kanyakumari,+91-00586-91371,ml
P03137,Chatura Chada,M,1970-07-06,40-64,Thrissur,+91-00819-71126,ml
P03138,Chatura Ranganathan,M,2024-12-15,<1,Palakkad,+91-00956-04830,ml
P03139,Irya Ratti,F,2006-06-23,18-39,Thrissur,+91-00554-03105,ml
P03140,Bhavini Nadig,F,2011-08-12,12-17,Thiruvananthapuram,+91-00791-12713,ta
P03141,Watika Kala,F,1996-02-13,18-39,Thiruvananthapuram,+91-00560-78257,ml
P03142,Dakshesh Mallick,M,2022-05-26,1-4,Palakkad,+91-00625-05869,ml
P03143,Anirudh Dugal,M,1951-06-24,65+,Kannur,+91-00476-77965,en
P03144,Eta Kala,F,2021-06-18,1-4,Ernakulam,+91-00959-89814,ml
P03145,Amol Rai,M,2002-08-04,18-39,Pathanamthitta,+91-00817-30691,ml
P03146,Pratyush Sani,M,1988-12-31,18-39,Idukki,+91-00751-16688,hi
P03147,Jalsa Bhagat,F,2008-06-19,12-17,Kozhikode,+91-00329-28340,en
P03148,Alka Sampath,F,2002-05-11,18-39,Kollam,+91-00485-87528,en
P03149,Lajita Goda,F,1990-02-21,18-39,Palakkad,+91-00862-89269,ml
P03150,Ekavir Biswas,M,1992-08-03,18-39,Kozhikode,+91-00936-02802,ta
P03151,Samaksh Bumb,M,2019-05-21,5-11,Idukki,+91-00997-87759,en
P03152,Upkaar Saini,M,1975-08-26,40-64,Palakkad,+91-00734-08051,ml
P03153,Kai Gour,M,1964-12-11,40-64,Coimbatore,+91-00730-67555,ml
P03154,Chakradhar Sangha,M,2014-12-14,5-11,Alappuzha,+91-00093-20187,ml
P03155,Neha Gala,F,1963-08-12,40-64,Kollam,+91-00751-16704,hi
P03156,Owen Saini,M,1992-04-08,18-39,Thiruvananthapuram,+91-00346-60810,en
P03157,Vyanjana Wason,F,2015-02-14,5-11,Kozhikode,+91-00864-28444,ml
P03158,Tejas Pant,M,2022-12-05,1-4,Coimbatore,+91-00011-85124,ml
P03159,Abdul Issac,M,1967-02-08,40-64,Malappuram,+91-00934-85441,ta
P03160,Elijah Naik,M,1991-12-26,18-39,Satara,+91-00483-72019,ml
P03161,Abhimanyu Dora,M,1982-08-09,40-64,Kozhikode,+91-00127-63732,en
P03162,Falak Tata,F,1935-10-31,65+,Kottayam,+91-00600-63543,ta
P03163,Dakshesh Ray,M,2022-09-19,1-4,Alappuzha,+91-00692-88946,ta
P03164,Aarav Seshadri,M,1965-03-01,40-64,Malappuram,+91-00779-03671,ml
P03165,Umang Chatterjee,M,1962-01-31,40-64,Malappuram,+91-00701-72948,en
P03166,Janani Guha,F,1972-07-07,40-64,Thrissur,+91-00553-62378,ml
P03167,Geetika Purohit,F,2017-04-20,5-11,Thrissur,+91-00081-26171,hi
P03168,Owen Kadakia,M,1991-12-10,18-39,Idukki,+91-00862-00228,ml
P03169,Abhimanyu Prabhakar,M,2023-01-28,1-4,Kottayam,+91-00983-22261,en
P03170,Abhiram Mittal,M,1999-03-11,18-39,Malappuram,+91-00778-21982,ml
P03171,Yashasvi Dash,F,1976-08-12,40-64,Kozhikode,+91-00034-60462,ta
P03172,Vedant Sachdev,M,1983-04-01,40-64,Kannur,+91-00755-08529,ml
P03173,Patrick Pandey,M,1978-01-03,40-64,Kottayam,+91-00269-30447,ml
P03174,Yutika Nayak,F,2001-02-02,18-39,Kanyakumari,+91-00962-31021,ta
P03175,Hema Shanker,F,1994-08-01,18-39,Kottayam,+91-00063-98513,ml
P03176,Ridhi Goel,F,2014-11-10,5-11,Kottayam,+91-00092-48729,ml
P03177,Tejas Raj,M,1980-07-12,40-64,Kannur,+91-00181-25238,ml
P03178,Tejas Mander,M,1981-08-25,40-64,Satara,+91-00753-13604,hi
P03179,Chameli Chawla,F,2019-01-25,5-11,Kodagu,+91-00651-56631,en
P03180,Adweta Sabharwal,F,1995-10-08,18-39,Kollam,+91-00727-16001,en
P03181,Yadavi Chaudhry,F,1959-04-01,65+,Kottayam,+91-00353-00352,ta
P03182,Zayan Bali,M,1954-09-13,65+,Kozhikode,+91-00879-98903,ta
P03183,Ucchal Kakar,F,1982-07-07,40-64,Kannur,+91-00446-52980,ml
P03184,Vasana Raj,F,2025-01-29,<1,Thrissur,+91-00134-87615,ml
P03185,Indira Singh,F,2020-09-26,1-4,Thiruvananthapuram,+91-00767-11485,en
P03186,Pushti Shetty,F,2014-06-10,5-11,Thrissur,+91-00529-17167,en
P03187,Siya Amble,F,1994-03-13,18-39,Thiruvananthapuram,+91-00593-65678,ml
P03188,Isaac Tripathi,M,1991-01-16,18-39,Kottayam,+91-00385-44159,ta
P03189,Lipika Lalla,F,2018-01-23,5-11,Malappuram,+91-00710-15591,ml
P03190,Triya Khurana,F,1991-04-14,18-39,Kollam,+91-00035-41656,ml
P03191,Sarthak Bali,M,1983-07-12,40-64,Kozhikode,+91-00491-28628,ml
P03192,Amara Dube,F,2015-05-17,5-11,Palakkad,+91-00427-10238,ta
P03193,Nathan Nayak,M,1953-12-30,65+,Ernakulam,+91-00746-76645,ml
P03194,Upasna Khurana,F,1969-01-11,40-64,Idukki,+91-00265-65179,ml
P03195,Inaya Ramaswamy,F,1961-02-22,40-64,Kodagu,+91-00233-39523,ml
P03196,Tanish Dave,M,1997-08-22,18-39,Thrissur,+91-00319-97087,hi
P03197,Gabriel Rau,M,1947-08-10,65+,Coimbatore,+91-00480-63292,ml
P03198,Fariq Sarkar,M,2022-12-14,1-4,Idukki,+91-00209-92734,ml
P03199,Chavvi Date,F,2020-02-27,5-11,Palakkad,+91-00684-10578,hi
P03200,Rohan Lad,M,1977-02-28,40-64,Pune,+91-00331-50586,en
P03201,Ojasvi Jani,F,1967-12-16,40-64,Kollam,+91-00421-80073,ml
P03202,Charita Bal,F,1975-08-20,40-64,Alappuzha,+91-00557-55717,ml
P03203,Abdul Dua,M,1991-05-25,18-39,Kodagu,+91-00376-84422,en
P03204,Chaaya Raja,F,2005-03-31,18-39,Ernakulam,+91-00701-70586,ml
P03205,Dhruv Setty,M,1956-09-19,65+,Alappuzha,+91-00656-66499,ml
P03206,Idika Khatri,F,2013-03-31,12-17,Satara,+91-00756-23400,ml
P03207,Neha Hari,F,2020-10-02,1-4,Kollam,+91-00523-13123,hi
P03208,Saanvi Lad,F,2021-07-01,1-4,Palakkad,+91-00367-29130,en
P03209,Laksh Butala,M,2017-11-26,5-11,Kannur,+91-00201-54724,en
P03210,Alka Chauhan,F,2014-01-21,5-11,Kannur,+91-00436-45400,ml
P03211,Victor Das,M,2004-02-13,18-39,Ernakulam,+91-00873-36188,ml
P03212,Ekta Mandal,F,1993-07-12,18-39,Thiruvananthapuram,+91-00121-79116,hi
P03213,Gautam Chander,M,1961-07-31,40-64,Kanyakumari,+91-00215-97354,en
P03214,Yachana Pathak,F,1968-03-24,40-64,Kannur,+91-00665-25564,ml
P03215,Shivani Chaudhuri,F,2022-08-30,1-4,Alappuzha,+91-00574-93241,en
P03216,Advay Sachdev,M,1990-06-27,18-39,Kottayam,+91-00916-39684,ml
P03217,Widisha Bose,F,2012-08-03,12-17,Thrissur,+91-00029-07960,ml
P03218,Ubika Prashad,F,2018-08-28,5-11,Kollam,+91-00878-66105,ml
P03219,Umang Dyal,M,1987-08-22,18-39,Kannur,+91-00725-72149,ta
P03220,Manthan Anne,M,1999-04-08,18-39,Kodagu,+91-00775-50863,en
P03221,Anamika Dalal,F,1965-01-28,40-64,Kottayam,+91-00378-23518,ml
P03222,Prisha Sule,F,1946-07-29,65+,Kodagu,+91-00307-75035,ml
P03223,Fariq Vig,M,1977-04-25,40-64,Kannur,+91-00014-14548,ta
P03224,Darsh Hans,M,2003-02-12,18-39,Kozhikode,+91-00787-64846,ml
P03225,Advay Vasa,M,2022-04-18,1-4,Satara,+91-00161-03638,ml
P03226,Hritik Patla,M,1981-08-19,40-64,Kottayam,+91-00226-11845,ta
P03227,Janani Balan,F,1984-02-02,40-64,Kodagu,+91-00276-83306,ta
P03228,Ekapad Kannan,M,1973-03-31,40-64,Kollam,+91-00869-28666,ml
P03229,Dev Loyal,M,2001-02-10,18-39,Ernakulam,+91-00287-82653,ml
P03230,Wridesh Iyengar,M,1990-03-29,18-39,Thrissur,+91-00425-21355,en
P03231,Owen Menon,M,1985-04-10,40-64,Kollam,+91-00747-49067,ml
P03232,Yachana Sarin,F,2022-12-31,1-4,Kozhikode,+91-00892-87707,en
P03233,Gopal Krishna,M,1977-01-25,40-64,Ernakulam,+91-00791-97220,en
P03234,Ira Mand,F,2018-04-03,5-11,Ernakulam,+91-00535-54725,en
P03235,Charan Muni,M,2014-11-09,5-11,Palakkad,+91-00002-16822,ml
P03236,Harshil Sura,M,2024-03-03,1-4,Kollam,+91-00157-92143,ta
P03237,Vansha Sampath,F,1987-10-19,18-39,Pathanamthitta,+91-00253-62218,hi
P03238,Nathaniel Chokshi,M,1985-10-24,18-39,Pathanamthitta,+91-00413-76496,en
P03239,Tanish Iyengar,M,2007-06-01,18-39,Pune,+91-00362-93780,ml
P03240,Rachit Bhatt,M,1993-11-28,18-39,Kannur,+91-00514-24386,hi
P03241,Geetika Bandi,F,1980-10-12,40-64,Thrissur,+91-00412-36502,ml
P03242,Tara Memon,F,1991-10-19,18-39,Malappuram,+91-00726-32391,ml
P03243,Rushil Balan,M,1981-07-14,40-64,Malappuram,+91-00052-78388,ml
P03244,Gautam Naidu,M,1992-06-03,18-39,Alappuzha,+91-00994-25090,ml
P03245,Girik Parmar,M,2014-04-05,5-11,Kollam,+91-00843-03939,ml
P03246,Balhaar Kale,M,1998-05-13,18-39,Thrissur,+91-00334-01174,en
P03247,Ria Dhillon,F,1983-11-14,40-64,Alappuzha,+91-00396-60929,ml
P03248,Divya Andra,F,1983-01-09,40-64,Coimbatore,+91-00963-84073,ml
P03249,Abdul Narasimhan,M,1966-01-17,40-64,Alappuzha,+91-00935-65235,ta
P03250,Vidhi Nagy,F,1989-06-14,18-39,Palakkad,+91-00393-90652,ml
P03251,Bhavini Rajan,F,1947-01-16,65+,Ernakulam,+91-00059-81504,en
P03252,Hitesh Vyas,M,1948-04-21,65+,Kozhikode,+91-00987-02215,hi
P03253,Charan Mall,M,1997-08-02,18-39,Pune,+91-00653-87584,ml
P03254,Shivansh Saran,M,1984-05-18,40-64,Idukki,+91-00693-97573,ml
P03255,Odika Hora,F,2017-04-21,5-11,Thiruvananthapuram,+91-00274-63866,ml
P03256,Arya Tak,F,1974-12-17,40-64,Malappuram,+91-00818-06956,en
P03257,Aradhana Maharaj,F,2016-05-13,5-11,Kollam,+91-00557-96035,ml
P03258,Dipta Dash,F,1981-11-19,40-64,Kollam,+91-00470-81599,hi
P03259,Harinakshi Narain,F,1988-03-19,18-39,Malappuram,+91-00741-26959,en
P03260,Jagat Bail,M,2018-09-26,5-11,Kollam,+91-00371-49061,en
P03261,Aditya Agrawal,M,2021-02-13,1-4,Kollam,+91-00429-59529,ta
P03262,Lucky Deep,M,1987-11-01,18-39,Ernakulam,+91-00652-41316,ml
P03263,Anita Walla,F,2015-08-23,5-11,Ernakulam,+91-00639-65916,en
P03264,Om Babu,M,1960-10-21,40-64,Kodagu,+91-00971-81620,en
P03265,Vrinda Chandran,F,1979-04-01,40-64,Alappuzha,+91-00562-17687,en
P03266,Nidhi Maharaj,F,1960-01-21,65+,Idukki,+91-00320-33146,en
P03267,Prisha Ratta,F,1930-08-01,65+,Kozhikode,+91-00287-94625,ml
P03268,Nirja Tak,F,1989-01-16,18-39,Kannur,+91-00534-98933,ta
P03269,Ronith Misra,M,2000-11-20,18-39,Kottayam,+91-00119-71290,en
P03270,Yatin Dara,M,2021-04-30,1-4,Malappuram,+91-00588-76285,en
P03271,Charan Balakrishnan,M,1976-07-29,40-64,Palakkad,+91-00390-51930,ta
P03272,Arunima Anne,F,1962-08-10,40-64,Kottayam,+91-00351-69690,ml
P03273,Damini Naidu,F,1949-09-25,65+,Kollam,+91-00192-66000,hi
P03274,Jeevika Garde,F,1972-12-04,40-64,Malappuram,+91-00495-79725,ml
P03275,Girish Pillay,M,1983-06-10,40-64,Alappuzha,+91-00037-18229,ml
P03276,Atharv Lad,M,1995-10-22,18-39,Kottayam,+91-00607-37380,ml
P03277,Christopher Bava,M,1956-08-06,65+,Palakkad,+91-00285-93293,ml
P03278,Bishakha Lalla,F,1978-04-01,40-64,Pathanamthitta,+91-00905-09187,en
P03279,Sachi Madan,F,2006-10-29,18-39,Alappuzha,+91-00526-66688,ml
P03280,Ekapad Sharma,M,2021-08-29,1-4,Ernakulam,+91-00780-20260,en
P03281,Dev Nagar,M,2000-03-22,18-39,Coimbatore,+91-00851-65538,hi
P03282,Triveni Sekhon,F,2018-06-06,5-11,Kannur,+91-00878-68043,en
P03283,Jai Sridhar,M,1979-11-09,40-64,Kottayam,+91-00870-02977,ml
P03284,Logan Nagy,M,2019-06-27,5-11,Kottayam,+91-00225-53213,hi
P03285,Jeevika Chanda,F,1985-06-21,40-64,Satara,+91-00303-19792,en
P03286,Manbir Butala,M,1988-12-31,18-39,Malappuram,+91-00707-99292,ta
P03287,Keya Jha,F,2004-02-15,18-39,Malappuram,+91-00537-60845,ml
P03288,Baljiwan Talwar,M,1975-01-05,40-64,Thiruvananthapuram,+91-00609-41699,en
P03289,Hitesh Arya,M,2021-04-30,1-4,Kollam,+91-00677-80659,ml
P03290,Vivaan Rajan,M,1984-04-21,40-64,Kottayam,+91-00114-27540,ml
P03291,Widisha Cheema,F,1989-05-31,18-39,Kanyakumari,+91-00168-79245,ml
P03292,Ishita Wable,F,1973-06-02,40-64,Kodagu,+91-00637-67165,en
P03293,Nimrat Setty,F,2013-07-31,12-17,Pathanamthitta,+91-00625-53235,ml
P03294,Zayyan Cherian,M,1991-02-17,18-39,Kozhikode,+91-00817-15720,ml
P03295,Imaran Patla,M,1990-01-15,18-39,Coimbatore,+91-00693-83440,en
P03296,Varsha Varghese,F,1983-09-29,40-64,Coimbatore,+91-00207-70954,ml
P03297,Sudiksha Guha,F,2004-09-21,18-39,Ernakulam,+91-00070-16346,ml
P03298,Liam Sampath,M,2009-02-24,12-17,Alappuzha,+91-00391-99981,ta
P03299,Nikita Chaudry,F,1999-02-24,18-39,Pune,+91-00371-42887,ta
P03300,Vedhika Chhabra,F,2021-05-21,1-4,Alappuzha,+91-00767-79830,ta
P03301,Kavya Babu,F,1990-04-18,18-39,Alappuzha,+91-00671-03029,en
P03302,Girik Loke,M,1999-03-24,18-39,Pathanamthitta,+91-00872-26094,ml
P03303,Vyanjana Wali,F,1941-11-17,65+,Thrissur,+91-00504-73174,ml
P03304,Qushi Lanka,F,1989-06-05,18-39,Kollam,+91-00288-68555,ml
P03305,Chaman Pandya,F,1983-08-22,40-64,Palakkad,+91-00504-15625,hi
P03306,Jagvi Dora,F,2024-01-23,1-4,Pune,+91-00215-76283,ml
P03307,Zayan Sankar,M,2017-04-04,5-11,Thrissur,+91-00060-38166,ml
P03308,Avni Sastry,F,2017-07-19,5-11,Pune,+91-00499-38399,en
P03309,Qasim Chaudhari,M,1996-06-10,18-39,Kodagu,+91-00413-97186,en
P03310,Sai Sami,F,2013-12-11,5-11,Kannur,+91-00032-98156,ml
P03311,Manan Gulati,M,1946-05-25,65+,Palakkad,+91-00721-91784,ta
P03312,Hema Majumdar,F,1976-05-09,40-64,Coimbatore,+91-00644-94386,en
P03313,Yochana Sant,F,1979-04-12,40-64,Thrissur,+91-00073-71841,hi
P03314,Arya Kothari,F,1987-11-28,18-39,Pathanamthitta,+91-00710-93179,ml
P03315,Imaran Contractor,M,2002-04-03,18-39,Kodagu,+91-00082-50818,ml
P03316,Andrew Lata,M,2018-12-22,5-11,Thrissur,+91-00517-09436,ml
P03317,Bhavini Wali,F,1985-01-07,40-64,Kodagu,+91-00622-48081,ml
P03318,Manya Kara,F,2015-02-18,5-11,Idukki,+91-00498-68230,ml
P03319,Shivani Ramaswamy,F,2021-11-05,1-4,Kottayam,+91-00747-66230,ml
P03320,Januja Loyal,F,1978-04-15,40-64,Kozhikode,+91-00385-96355,ml
P03321,Ishanvi Garg,F,2025-01-17,<1,Malappuram,+91-00212-33989,ml
P03322,Oscar Mani,M,1959-11-14,65+,Ernakulam,+91-00486-31255,ml
P03323,Aarav Chandra,M,1993-11-06,18-39,Coimbatore,+91-00342-92706,ml
P03324,Zayan Sood,M,1982-04-18,40-64,Thrissur,+91-00151-51173,ml
P03325,Kashvi Garde,F,1976-10-03,40-64,Thiruvananthapuram,+91-00471-08686,ml
P03326,Bhavya Ganesan,F,1979-01-27,40-64,Malappuram,+91-00201-27261,ml
P03327,Ojas Shah,M,1965-09-27,40-64,Thiruvananthapuram,+91-00470-41633,hi
P03328,Abha Som,F,1992-08-01,18-39,Ernakulam,+91-00592-37658,ml
P03329,Oviya Bail,F,1983-07-08,40-64,Pathanamthitta,+91-00782-36676,ta
P03330,Libni Bose,F,1972-06-16,40-64,Alappuzha,+91-00853-99992,ml
P03331,Aayush Pandey,M,1949-08-13,65+,Satara,+91-00668-10186,ml
P03332,Aadi Suresh,M,1967-07-04,40-64,Kollam,+91-00893-81665,ml
P03333,Warinder Choudhary,M,2024-07-11,1-4,Kozhikode,+91-00557-33995,ml
P03334,Abhiram Mannan,M,1989-01-13,18-39,Malappuram,+91-00710-61557,ta
P03335,Zaitra Thakur,F,1976-05-13,40-64,Pathanamthitta,+91-00770-64531,ta
P03336,Ethan Chandra,M,1954-03-31,65+,Kodagu,+91-00824-96735,ml
P03337,Max Nayak,M,1984-05-23,40-64,Pathanamthitta,+91-00751-31791,ml
P03338,Yatan Panchal,M,1976-03-30,40-64,Thrissur,+91-00902-82675,en
P03339,Yagnesh Kulkarni,M,2005-08-30,18-39,Kannur,+91-00472-05984,en
P03340,Veer Arya,M,1970-05-02,40-64,Kozhikode,+91-00953-54052,ml
P03341,Nidhi Nath,F,1979-06-26,40-64,Kottayam,+91-00400-60709,ml
P03342,Daksh Madan,M,1971-11-05,40-64,Kannur,+91-00070-82571,ml
P03343,Falak Roy,F,2017-06-29,5-11,Pune,+91-00182-25765,ml
P03344,Ekavir Parikh,M,2021-04-06,1-4,Ernakulam,+91-00558-66430,ml
P03345,Amruta Konda,F,1969-04-03,40-64,Malappuram,+91-00014-58100,ml
P03346,Pranit Jhaveri,M,1994-10-04,18-39,Idukki,+91-00157-95409,en
P03347,Gunbir Purohit,M,2004-08-29,18-39,Idukki,+91-00374-49043,ml
P03348,Laksh Sengupta,M,1980-10-16,40-64,Ernakulam,+91-00624-15672,ml
P03349,Libni Palla,F,1945-07-04,65+,Pathanamthitta,+91-00165-95905,ml
P03350,Rohan Sahni,M,1996-09-27,18-39,Malappuram,+91-00574-22683,en
P03351,Mohammed Halder,M,2014-09-25,5-11,Pathanamthitta,+91-00663-89292,ml
P03352,Yoshita Oza,F,2014-12-27,5-11,Thiruvananthapuram,+91-00763-40022,ml
P03353,Tarak Sha,M,2015-11-18,5-11,Ernakulam,+91-00660-89562,ml
P03354,Mitali Choudhary,F,1969-05-02,40-64,Kollam,+91-00250-79032,ml
P03355,Zaid Din,M,1988-01-28,18-39,Palakkad,+91-00997-34517,ml
P03356,Falguni Virk,F,1990-07-31,18-39,Thrissur,+91-00888-02216,ml
P03357,Gautami Mitter,F,1996-02-17,18-39,Kollam,+91-00373-27648,ml
P03358,Mitali Bhattacharyya,F,1977-10-18,40-64,Alappuzha,+91-00029-60272,ml
P03359,Abhimanyu Setty,M,1996-03-17,18-39,Thiruvananthapuram,+91-00528-37925,ml
P03360,Ikbal Mandal,M,1991-06-23,18-39,Palakkad,+91-00865-24824,ml
P03361,Avi Suresh,M,1960-04-22,65+,Kottayam,+91-00821-63579,ml
P03362,Aarnav Sani,M,1931-04-09,65+,Kozhikode,+91-00897-00697,hi
P03363,Aachal Bedi,F,1975-04-19,40-64,Palakkad,+91-00969-00226,en
P03364,Ekantika Palla,F,1959-04-03,65+,Idukki,+91-00713-75253,en
P03365,Zayan Dubey,M,1989-09-26,18-39,Thiruvananthapuram,+91-00162-03523,ml
P03366,Lopa Dhar,F,1987-09-12,18-39,Kottayam,+91-00036-12947,hi
P03367,Upma Buch,F,1979-12-03,40-64,Kottayam,+91-00151-96718,en
P03368,Januja Balay,F,1994-07-24,18-39,Kottayam,+91-00201-80526,ml
P03369,Raagini Kothari,F,2021-07-04,1-4,Pune,+91-00061-65435,en
P03370,Siddharth Rastogi,M,1970-02-16,40-64,Pathanamthitta,+91-00453-54035,ml
P03371,Leena Mittal,F,1983-02-09,40-64,Alappuzha,+91-00783-20979,hi
P03372,Gabriel Sarin,M,2018-12-16,5-11,Kannur,+91-00004-22088,ml
P03373,Ekaraj Iyengar,M,1986-10-27,18-39,Kodagu,+91-00803-59140,ta
P03374,Ekanta Saha,F,2020-08-30,1-4,Ernakulam,+91-00925-83443,hi
P03375,Nidhi Mody,F,1980-08-16,40-64,Thrissur,+91-00151-05779,ml
P03376,Neha Shenoy,F,1994-07-20,18-39,Thiruvananthapuram,+91-00021-18910,ta
P03377,Riya Sarkar,F,2016-11-18,5-11,Kannur,+91-00479-01647,ml
P03378,Ekapad Vyas,M,2000-09-08,18-39,Palakkad,+91-00868-47845,en
P03379,Naksh Thakur,M,1986-07-07,18-39,Ernakulam,+91-00736-87280,ml
P03380,Vivaan Pandya,M,1971-12-28,40-64,Kottayam,+91-00034-43387,ml
P03381,Vidhi Salvi,F,1966-03-19,40-64,Ernakulam,+91-00673-99676,ml
P03382,Vihaan Bala,M,2003-04-06,18-39,Kozhikode,+91-00817-21694,en
P03383,Shivansh Chakrabarti,M,1974-03-06,40-64,Kollam,+91-00271-79940,en
P03384,Nidhi Kibe,F,1943-06-19,65+,Thrissur,+91-00653-24963,ml
P03385,Devansh Memon,M,1964-12-25,40-64,Thiruvananthapuram,+91-00493-92893,ml
P03386,Shravya Dass,F,1981-05-04,40-64,Kannur,+91-00205-32975,ml
P03387,Aarush Shere,M,1979-11-02,40-64,Alappuzha,+91-00901-67288,en
P03388,Avi Chad,M,1981-11-11,40-64,Coimbatore,+91-00223-28700,ml
P03389,Krishna Chhabra,M,1991-11-08,18-39,Ernakulam,+91-00840-28027,ml
P03390,Chasmum Mannan,F,1963-10-10,40-64,Ernakulam,+91-00701-49577,hi
P03391,Oni Bhat,F,2017-07-11,5-11,Idukki,+91-00220-36820,hi
P03392,Avi Jayaraman,M,1980-05-18,40-64,Thrissur,+91-00711-80211,ml
P03393,Yachana Deshpande,F,2005-11-30,18-39,Kottayam,+91-00026-90560,ml
P03394,Faras Mitra,M,2017-02-21,5-11,Idukki,+91-00236-64878,en
P03395,Aarush Sundaram,M,1981-02-16,40-64,Pathanamthitta,+91-00285-26768,ml
P03396,Deepa Bhavsar,F,2003-12-29,18-39,Kottayam,+91-00889-70095,ml
P03397,Ganga Dara,F,2018-12-22,5-11,Kannur,+91-00915-02086,hi
P03398,Krishna Jayaraman,F,2016-06-26,5-11,Alappuzha,+91-00270-04859,ml
P03399,Vritti Bakshi,F,2001-10-30,18-39,Kannur,+91-00474-46168,ml
P03400,Rohan Bhakta,M,1940-05-15,65+,Kanyakumari,+91-00981-23096,ml
P03401,Netra Ravel,F,2019-06-29,5-11,Malappuram,+91-00665-99432,ta
P03402,George Keer,M,1995-12-02,18-39,Thiruvananthapuram,+91-00069-44520,en
P03403,Theodore Dasgupta,M,1979-06-17,40-64,Palakkad,+91-00391-02627,ml
P03404,Eta Bains,F,2000-08-09,18-39,Kannur,+91-00421-25357,en
P03405,Ekta Khosla,F,1991-11-08,18-39,Idukki,+91-00306-21263,ta
P03406,Harish Soni,M,1956-03-20,65+,Kottayam,+91-00519-39844,en
P03407,Mohini Mann,F,1938-02-09,65+,Kottayam,+91-00736-35343,ml
P03408,Xiti Pillai,F,1987-08-26,18-39,Ernakulam,+91-00691-52741,ml
P03409,Shivani Raju,F,1975-06-03,40-64,Kollam,+91-00351-82350,ta
P03410,Vincent Saha,M,2017-05-20,5-11,Alappuzha,+91-00736-52591,ml
P03411,Ethan Bala,M,1988-02-23,18-39,Malappuram,+91-00534-76373,ml
P03412,Veer Dara,M,2019-07-15,5-11,Ernakulam,+91-00769-71228,en
P03413,Abdul Mitter,M,1971-07-31,40-64,Alappuzha,+91-00113-23002,en
P03414,Vamakshi Basak,F,2021-12-25,1-4,Kodagu,+91-00404-57531,ml
P03415,Ekaraj Sidhu,M,1997-10-31,18-39,Kottayam,+91-00394-82865,ml
P03416,Lakshit Andra,M,2004-04-03,18-39,Kollam,+91-00351-54413,en
P03417,Praneel Tella,M,1957-01-13,65+,Pathanamthitta,+91-00698-37749,ml
P03418,Owen Vohra,M,1982-07-09,40-64,Kottayam,+91-00557-72676,ml
P03419,Yashvi Bhatnagar,F,2021-07-06,1-4,Thrissur,+91-00385-97086,ml
P03420,Faqid Pandey,M,1997-01-15,18-39,Thiruvananthapuram,+91-00536-78647,ml
P03421,Victor Dey,M,1976-03-28,40-64,Kanyakumari,+91-00704-81429,ml
P03422,Nidra Ramesh,F,1975-07-13,40-64,Coimbatore,+91-00675-53877,hi
P03423,Warhi Puri,F,1940-07-22,65+,Kottayam,+91-00760-46658,ml
P03424,Gautam Tripathi,M,1972-09-02,40-64,Kannur,+91-00851-50176,ml
P03425,Dhruv Naik,M,2021-05-29,1-4,Palakkad,+91-00739-20669,ml
P03426,Saksham Bir,M,1981-02-08,40-64,Kanyakumari,+91-00180-56479,ml
P03427,Alexander Dutt,M,2016-02-02,5-11,Alappuzha,+91-00846-73394,ml
P03428,Chasmum Cherian,F,1978-01-17,40-64,Palakkad,+91-00332-85594,ta
P03429,Wazir Naik,M,1986-08-18,18-39,Kollam,+91-00665-55640,en
P03430,Kashish Cheema,F,1987-06-04,18-39,Thiruvananthapuram,+91-00990-77916,ml
P03431,Rehaan Salvi,M,1991-03-17,18-39,Coimbatore,+91-00294-06501,ml
P03432,Azaan Krishna,M,1987-06-04,18-39,Kottayam,+91-00270-17667,ml
P03433,Anirudh Bora,M,1993-12-10,18-39,Ernakulam,+91-00182-52264,ml
P03434,Rachit Balan,M,1968-08-05,40-64,Alappuzha,+91-00984-64904,ml
P03435,Naveen Chokshi,M,2016-05-29,5-11,Coimbatore,+91-00426-24821,ml
P03436,Saanvi Deol,F,1945-04-23,65+,Idukki,+91-00783-54867,ml
P03437,Guneet Krishnan,M,1970-08-01,40-64,Pathanamthitta,+91-00049-46610,ml
P03438,Theodore Mangal,M,1962-06-01,40-64,Palakkad,+91-00180-49800,ta
P03439,Isha Edwin,F,2014-05-02,5-11,Pathanamthitta,+91-00063-21350,ml
P03440,Zarna Handa,F,1992-03-22,18-39,Alappuzha,+91-00815-16900,ta
P03441,Advik Char,M,1981-10-31,40-64,Malappuram,+91-00106-22086,ml
P03442,Anay Dey,M,1983-07-31,40-64,Pune,+91-00923-94804,en
P03443,Radha Reddy,F,2021-08-29,1-4,Kozhikode,+91-00663-78049,en
P03444,Panini Goyal,F,1983-07-05,40-64,Kollam,+91-00909-29587,ta
P03445,Girish Johal,M,1943-07-01,65+,Kottayam,+91-00408-02782,en
P03446,Yamini Pandey,F,1997-10-23,18-39,Kannur,+91-00525-92582,ml
P03447,Ekapad Bhavsar,M,2000-04-07,18-39,Alappuzha,+91-00027-71149,ml
P03448,Tanay Puri,M,1992-11-26,18-39,Kozhikode,+91-00465-96501,hi
P03449,Chaaya Datta,F,1987-05-24,18-39,Ernakulam,+91-00590-40528,ml
P03450,Chandresh Dalal,M,1960-02-16,65+,Coimbatore,+91-00100-56088,ta
P03451,Kala Behl,F,1976-10-15,40-64,Idukki,+91-00981-01286,ta
P03452,Alka Kapur,F,2012-10-22,12-17,Kodagu,+91-00004-89032,ml
P03453,Jeremiah Ramakrishnan,M,2023-08-31,1-4,Idukki,+91-00267-60781,ta
P03454,Bahadurjit Dugar,M,2013-11-25,5-11,Kozhikode,+91-00615-48006,ml
P03455,Baljiwan Warrior,M,1990-08-21,18-39,Pathanamthitta,+91-00497-68799,ml
P03456,Zashil Muni,M,1985-06-01,40-64,Thrissur,+91-00239-17971,en
P03457,Ayush Choudhry,M,1987-05-20,18-39,Kottayam,+91-00986-00866,ta
P03458,Karan Balan,M,1948-07-26,65+,Thiruvananthapuram,+91-00188-72942,ml
P03459,Pallavi Sama,F,2017-09-07,5-11,Ernakulam,+91-00568-32221,ml
P03460,Irya Natt,F,1992-03-02,18-39,Pathanamthitta,+91-00115-36689,en
P03461,Ekaraj Jayaraman,M,1983-11-01,40-64,Pune,+91-00056-55360,en
P03462,Bhavani Keer,F,1988-09-09,18-39,Kannur,+91-00487-91977,en
P03463,Balhaar Banik,M,2017-08-27,5-11,Kozhikode,+91-00804-46978,ml
P03464,Balendra Saha,M,1991-07-04,18-39,Ernakulam,+91-00531-68932,ml
P03465,Wakeeta Dayal,F,1991-04-21,18-39,Alappuzha,+91-00293-60095,ml
P03466,Ansh Chawla,M,1994-06-26,18-39,Kottayam,+91-00016-93877,ml
P03467,Yadavi Tripathi,F,1991-12-07,18-39,Pathanamthitta,+91-00940-88955,ta
P03468,Pushti Sankar,F,1988-05-21,18-39,Thrissur,+91-00211-78821,ml
P03469,Nidra Kari,F,1975-02-26,40-64,Kannur,+91-00574-98338,ml
P03470,Baghyawati Bal,F,1993-06-02,18-39,Pathanamthitta,+91-00015-39731,ta
P03471,Sachi Badami,F,1956-02-05,65+,Thiruvananthapuram,+91-00097-94606,ml
P03472,Ati Ram,F,1997-12-13,18-39,Kollam,+91-00170-03872,en
P03473,Edhitha Sani,F,1961-01-08,40-64,Ernakulam,+91-00112-96510,ml
P03474,Ekantika D’Alia,F,1978-06-13,40-64,Thiruvananthapuram,+91-00530-10767,ml
P03475,Dhriti Pillai,F,2001-03-24,18-39,Idukki,+91-00397-42567,en
P03476,Gunbir Oza,M,1988-10-14,18-39,Kollam,+91-00801-21963,ta
P03477,Ayush Khanna,M,1947-05-04,65+,Kollam,+91-00116-74979,en
P03478,Charita Anne,F,1997-09-20,18-39,Kozhikode,+91-00431-12409,ml
P03479,Triveni Yadav,F,1946-05-29,65+,Satara,+91-00428-42610,ml
P03480,Abhimanyu Krish,M,1974-07-27,40-64,Pathanamthitta,+91-00230-20056,ta
P03481,Brinda Bhandari,F,1978-02-12,40-64,Alappuzha,+91-00095-84045,en
P03482,Theodore Gole,M,1975-10-15,40-64,Kottayam,+91-00010-50805,ml
P03483,Anya Murthy,F,1989-03-06,18-39,Kannur,+91-00018-80408,ml
P03484,Krisha Master,F,2013-07-31,12-17,Thrissur,+91-00398-98126,ml
P03485,Rushil Srinivas,M,1997-03-12,18-39,Palakkad,+91-00054-33201,ml
P03486,Balvan Bose,M,1983-01-19,40-64,Thrissur,+91-00394-06871,ta
P03487,Ishanvi Talwar,F,1977-05-28,40-64,Pune,+91-00437-45911,ml
P03488,Januja Sawhney,F,1973-08-09,40-64,Thiruvananthapuram,+91-00445-53340,ml
P03489,Qadim Master,M,1974-06-12,40-64,Pathanamthitta,+91-00191-23875,ta
P03490,Zansi Loke,F,1969-01-28,40-64,Idukki,+91-00498-64400,hi
P03491,Yashasvi Chawla,F,1933-10-23,65+,Ernakulam,+91-00392-45694,ta
P03492,Prisha Roy,F,2014-05-28,5-11,Kollam,+91-00989-64590,en
P03493,Meera Brar,F,1957-08-08,65+,Coimbatore,+91-00045-36063,hi
P03494,Ekapad Verma,M,1972-10-26,40-64,Malappuram,+91-00053-87520,ml
P03495,Niharika Kade,F,2018-04-15,5-11,Kodagu,+91-00824-46578,ta
P03496,Ria Dhar,F,1981-11-02,40-64,Pune,+91-00266-71906,ml
P03497,Kamya Sarraf,F,1983-10-25,40-64,Thrissur,+91-00183-77017,ml
P03498,Dakshesh Bail,M,1959-05-17,65+,Kanyakumari,+91-00874-17974,ml
P03499,Anay Madan,M,1959-05-05,65+,Kozhikode,+91-00532-15456,ml
P03500,Sanaya Mital,F,1987-12-02,18-39,Idukki,+91-00615-67482,en
P03501,Bhanumati Mallick,F,1973-08-09,40-64,Malappuram,+91-00007-94481,ta
P03502,Yachana Bahl,F,1968-11-02,40-64,Pune,+91-00260-46352,ml
P03503,Rehaan Sawhney,M,2023-07-23,1-4,Kozhikode,+91-00259-90524,ta
P03504,Isaac Jha,M,1975-10-03,40-64,Kozhikode,+91-00760-98975,en
P03505,George Sankar,M,2006-07-29,18-39,Alappuzha,+91-00385-56254,ml
P03506,Michael Balay,M,1969-10-26,40-64,Kannur,+91-00577-23001,en
P03507,Amara Nayar,F,1968-10-03,40-64,Idukki,+91-00931-86423,ml
P03508,Hritik Bala,M,1974-12-07,40-64,Palakkad,+91-00984-45719,ml
P03509,Teerth Sane,M,1989-08-21,18-39,Malappuram,+91-00127-15883,ml
P03510,Darika Rama,F,1950-08-15,65+,Thrissur,+91-00555-81844,ta
P03511,Vedika Samra,F,1997-06-06,18-39,Pathanamthitta,+91-00699-73254,ml
P03512,Gautami Raj,F,1958-11-04,65+,Malappuram,+91-00782-84278,ml
P03513,Kashish Deo,F,1997-08-02,18-39,Alappuzha,+91-00920-36307,en
P03514,Meera Mahal,F,1962-03-27,40-64,Alappuzha,+91-00728-27853,en
P03515,Jeet Merchant,M,1997-01-11,18-39,Kollam,+91-00689-05542,ta
P03516,Rudra Barad,M,1963-10-05,40-64,Palakkad,+91-00054-19978,ml
P03517,Radhika Luthra,F,1943-09-14,65+,Kollam,+91-00544-91056,ta
P03518,Abeer Dash,M,2023-07-19,1-4,Kottayam,+91-00598-56129,en
P03519,Naveen Lalla,M,1951-03-01,65+,Coimbatore,+91-00696-88635,ml
P03520,Vamakshi Shere,F,1981-12-12,40-64,Ernakulam,+91-00583-73789,en
P03521,Urvi Andra,F,1992-03-02,18-39,Coimbatore,+91-00409-99508,ml
P03522,Andrew Parmer,M,2013-06-29,12-17,Thrissur,+91-00487-89299,en
P03523,Ikbal Rege,M,2013-12-23,5-11,Pathanamthitta,+91-00967-88270,ml
P03524,Balveer Malhotra,M,1960-12-04,40-64,Kozhikode,+91-00329-37335,ml
P03525,Bhavika Sastry,F,1970-03-06,40-64,Idukki,+91-00784-92873,hi
P03526,Leela Majumdar,F,1930-08-01,65+,Pune,+91-00607-77730,ta
P03527,Yachana Datta,F,2015-09-21,5-11,Alappuzha,+91-00443-85706,ml
P03528,Harita Din,F,2017-03-21,5-11,Kannur,+91-00414-62190,en
P03529,Kamala Contractor,F,1983-06-22,40-64,Thrissur,+91-00537-83634,hi
P03530,George Toor,M,1997-08-19,18-39,Kanyakumari,+91-00799-83925,ml
P03531,Nathan Barman,M,2017-11-06,5-11,Pathanamthitta,+91-00122-24557,en
P03532,Bhavani Lad,F,2025-01-11,<1,Malappuram,+91-00910-13028,ml
P03533,Abhiram Pandit,M,1954-01-13,65+,Kollam,+91-00774-63431,ta
P03534,Kamya Palla,F,2014-05-25,5-11,Kannur,+91-00349-03794,ml
P03535,Balvan Tripathi,M,1976-06-14,40-64,Alappuzha,+91-00010-89227,en
P03536,Dayita Vaidya,F,1981-08-18,40-64,Ernakulam,+91-00105-74490,ml
P03537,Jagat Jani,M,1987-12-22,18-39,Malappuram,+91-00144-39693,ml
P03538,Quincy Sagar,M,1944-12-27,65+,Ernakulam,+91-00103-63699,ta
P03539,Tanay Mandal,M,2024-02-24,1-4,Kannur,+91-00102-62627,ml
P03540,Advik Narain,M,2010-05-02,12-17,Malappuram,+91-00960-74191,hi
P03541,Oviya Reddy,F,1976-02-14,40-64,Kollam,+91-00658-90612,ml
P03542,Wahab Menon,M,2004-08-02,18-39,Kannur,+91-00820-73297,ml
P03543,Faris Pillay,M,1978-02-23,40-64,Ernakulam,+91-00562-39003,en
P03544,Mohini Doctor,F,2002-12-15,18-39,Palakkad,+91-00619-10658,ml
P03545,Chatresh Kakar,M,1970-04-29,40-64,Alappuzha,+91-00880-88508,en
P03546,Orinder Kale,M,2004-09-23,18-39,Ernakulam,+91-00261-75704,ml
P03547,Amol Doctor,M,1996-12-12,18-39,Kannur,+91-00694-85392,en
P03548,Chaaya Brahmbhatt,F,1965-03-12,40-64,Kodagu,+91-00899-74364,en
P03549,Zayan Sahota,M,2016-08-22,5-11,Pune,+91-00936-32510,ml
P03550,Atharv Sodhi,M,2002-01-08,18-39,Kozhikode,+91-00444-14900,ml
P03551,Nathan Luthra,M,1947-02-15,65+,Kollam,+91-00856-27742,ml
P03552,Manan Kohli,M,1988-11-30,18-39,Ernakulam,+91-00503-16275,hi
P03553,Keya Pathak,F,1986-04-27,18-39,Pathanamthitta,+91-00257-67504,ml
P03554,Vedant Murty,M,1984-10-27,40-64,Malappuram,+91-00250-51551,ml
P03555,Kavya Saxena,F,1968-06-14,40-64,Pathanamthitta,+91-00451-61475,ml
P03556,Radhika Buch,F,1987-09-20,18-39,Satara,+91-00257-48478,en
P03557,Yashawini Bose,F,1984-02-22,40-64,Pathanamthitta,+91-00029-51827,ml
P03558,Wyatt Karpe,M,1956-12-07,65+,Thiruvananthapuram,+91-00105-72834,ml
P03559,Shaurya Karpe,M,1960-06-21,65+,Kanyakumari,+91-00849-40153,ta
P03560,Krisha Reddy,F,1985-03-16,40-64,Pathanamthitta,+91-00882-39238,hi
P03561,Kalpit Mangat,M,1984-08-14,40-64,Thiruvananthapuram,+91-00873-51977,ta
P03562,Nirja Dalal,F,2013-01-14,12-17,Thrissur,+91-00553-40858,en
P03563,Samarth Sama,M,1978-07-01,40-64,Satara,+91-00935-70634,ml
P03564,Yug Hora,M,1964-04-02,40-64,Alappuzha,+91-00499-79564,ml
P03565,Utkarsh Aurora,M,1988-07-25,18-39,Idukki,+91-00462-87633,ml
P03566,Dipta Sahota,F,1952-01-13,65+,Alappuzha,+91-00474-80998,en
P03567,Vrinda Chaudhuri,F,2005-10-19,18-39,Thrissur,+91-00254-56635,ml
P03568,Anika Sankar,F,1996-02-02,18-39,Kottayam,+91-00613-52738,ml
P03569,Fiyaz Bora,M,1954-06-16,65+,Palakkad,+91-00448-00132,en
P03570,Rishi Sami,M,1965-04-03,40-64,Ernakulam,+91-00974-21585,en
P03571,Eesha Ratti,F,2006-05-10,18-39,Kodagu,+91-00171-81120,ml
P03572,Manan Dani,M,2014-04-06,5-11,Malappuram,+91-00076-76340,ta
P03573,Om Chokshi,M,1969-12-21,40-64,Malappuram,+91-00351-72017,ml
P03574,Balhaar Pant,M,1974-09-10,40-64,Ernakulam,+91-00215-70280,en
P03575,Samarth Sengupta,M,1986-08-05,18-39,Kottayam,+91-00991-50429,hi
P03576,Mohini Sood,F,1953-01-31,65+,Kottayam,+91-00558-61290,ml
P03577,Hemani Upadhyay,F,1992-12-01,18-39,Thrissur,+91-00359-55093,ta
P03578,Faqid Amble,M,2009-12-06,12-17,Pathanamthitta,+91-00642-02468,ta
P03579,Utkarsh Raghavan,M,1968-06-18,40-64,Kollam,+91-00453-52698,hi
P03580,Urvashi Goda,F,2023-08-14,1-4,Idukki,+91-00208-47079,ml
P03581,Chanakya Kata,M,1992-02-06,18-39,Kollam,+91-00394-55413,ml
P03582,Yatin Om,M,1999-09-01,18-39,Alappuzha,+91-00286-89806,ml
P03583,Tanay Mangal,M,2009-07-23,12-17,Thrissur,+91-00637-62679,en
P03584,Sanaya Nagar,F,1982-04-18,40-64,Kannur,+91-00816-02128,ml
P03585,Ekbal Barman,M,1975-09-27,40-64,Alappuzha,+91-00262-18077,ml
P03586,Upasna Venkataraman,F,1961-05-02,40-64,Kannur,+91-00621-34225,hi
P03587,Nirja Chaudhary,F,1974-06-23,40-64,Thiruvananthapuram,+91-00708-94215,ml
P03588,Lucky Gandhi,M,1990-12-19,18-39,Satara,+91-00370-33060,ml
P03589,Mitali Mahal,F,1978-06-30,40-64,Thrissur,+91-00487-48918,en
P03590,Urvashi Kapur,F,1959-12-28,65+,Ernakulam,+91-00358-34610,ml
P03591,Maanas Lad,M,1976-01-04,40-64,Malappuram,+91-00372-48738,ml
P03592,Jack Mallick,M,1963-12-02,40-64,Ernakulam,+91-00446-45656,ml
P03593,Chasmum Jhaveri,F,1999-02-10,18-39,Idukki,+91-00295-63369,ml
P03594,Amrita Baral,F,2020-01-20,5-11,Idukki,+91-00488-22921,ml
P03595,Aarini Suresh,F,2024-07-26,1-4,Satara,+91-00752-88065,en
P03596,Reva Jani,F,1987-11-18,18-39,Kanyakumari,+91-00394-52255,ml
P03597,Tanay Saxena,M,1959-06-27,65+,Thrissur,+91-00945-31574,ml
P03598,Vasana Merchant,F,1934-04-21,65+,Kannur,+91-00217-34615,hi
P03599,Darpan Saxena,M,2003-06-06,18-39,Pathanamthitta,+91-00449-44382,ta
P03600,Xiti Lall,F,2006-08-27,18-39,Thrissur,+91-00601-27648,en
P03601,Ekantika Mallick,F,1987-02-03,18-39,Ernakulam,+91-00543-10757,hi
P03602,Raagini Brar,F,2024-11-17,<1,Kottayam,+91-00946-29472,ml
P03603,Baljiwan Narain,M,1982-04-11,40-64,Kodagu,+91-00324-16122,en
P03604,Yashica Nayak,F,1992-07-31,18-39,Kannur,+91-00377-97440,hi
P03605,Vasana Varghese,F,2004-12-24,18-39,Kodagu,+91-00595-66711,en
P03606,Nisha Barad,F,2020-07-02,5-11,Malappuram,+91-00596-33413,ml
P03607,Chandresh Verma,M,2022-11-02,1-4,Idukki,+91-00787-34280,ta
P03608,Girish Banik,M,1987-09-01,18-39,Kozhikode,+91-00794-98595,ml
P03609,Krisha Devan,F,1983-01-15,40-64,Kollam,+91-00010-16732,ml
P03610,Imaran Hayre,M,1978-01-13,40-64,Kanyakumari,+91-00764-12113,en
P03611,Vrinda Doshi,F,1985-08-16,18-39,Thiruvananthapuram,+91-00717-24614,ml
P03612,Idika Taneja,F,1992-09-29,18-39,Kannur,+91-00585-65227,ml
P03613,Dominic Issac,M,1982-12-08,40-64,Kozhikode,+91-00316-85760,ml
P03614,Yauvani Kala,F,1976-07-09,40-64,Kollam,+91-00907-21852,ml
P03615,Teerth Bhavsar,M,1981-05-13,40-64,Pathanamthitta,+91-00738-67305,ml
P03616,Ishita Gokhale,F,1931-09-16,65+,Ernakulam,+91-00257-81596,en
P03617,Ubika Lall,F,1975-01-31,40-64,Kottayam,+91-00305-25591,en
P03618,Kamya Palla,F,2017-04-29,5-11,Kanyakumari,+91-00710-11924,en
P03619,Zilmil Gole,F,1994-10-09,18-39,Pathanamthitta,+91-00917-38456,ml
P03620,Kala Master,F,1994-06-16,18-39,Idukki,+91-00490-67940,ml
P03621,Yash Ramanathan,M,1987-08-19,18-39,Alappuzha,+91-00879-77009,hi
P03622,Warda Merchant,F,1987-02-20,18-39,Kollam,+91-00382-74998,ml
P03623,Imaran Chowdhury,M,1987-10-01,18-39,Alappuzha,+91-00395-51665,ml
P03624,Shaurya Sekhon,M,1974-03-08,40-64,Kanyakumari,+91-00685-55054,hi
P03625,Krishna Sandal,F,1960-05-16,65+,Kozhikode,+91-00050-04461,ml
P03626,Gaurang Shetty,M,1968-05-19,40-64,Kodagu,+91-00138-08371,ml
P03627,Deepa Palan,F,1971-02-07,40-64,Idukki,+91-00728-19222,ml
P03628,Eesha Sule,F,1996-03-23,18-39,Alappuzha,+91-00242-31429,en
P03629,Tripti Keer,F,1956-05-24,65+,Thiruvananthapuram,+91-00175-86778,ml
P03630,Mohini Loyal,F,1995-01-20,18-39,Thrissur,+91-00089-19169,en
P03631,Samarth Bhat,M,2019-06-08,5-11,Thiruvananthapuram,+91-00224-08425,en
P03632,Leena Nadkarni,F,1972-06-16,40-64,Thiruvananthapuram,+91-00250-18625,en
P03633,Rohan Sathe,M,1955-07-23,65+,Palakkad,+91-00341-15316,ml
P03634,Sudiksha Lad,F,1938-12-16,65+,Pathanamthitta,+91-00938-78633,ml
P03635,Lipika Sunder,F,1988-04-17,18-39,Thrissur,+91-00644-59287,ta
P03636,Omkaar Bath,M,2019-10-16,5-11,Palakkad,+91-00693-94123,ta
P03637,Vanya Rout,F,1958-03-12,65+,Kozhikode,+91-00132-53129,ml
P03638,Geetika Wason,F,1935-10-30,65+,Idukki,+91-00192-45244,ml
P03639,Christopher Narayan,M,1986-08-12,18-39,Kozhikode,+91-00898-63123,en
P03640,Aishani Bail,F,1995-08-03,18-39,Idukki,+91-00634-09591,ta
P03641,Chakradev Nath,M,2002-01-15,18-39,Kollam,+91-00809-71477,ta
P03642,Bhavika Bawa,F,2013-09-18,5-11,Kottayam,+91-00357-33357,en
P03643,Radhika Wason,F,1993-06-08,18-39,Thiruvananthapuram,+91-00577-75856,ml
P03644,Farhan Wason,M,2021-09-07,1-4,Ernakulam,+91-00502-85649,en
P03645,Jyoti Mannan,F,2021-08-29,1-4,Kozhikode,+91-00205-69009,ta
P03646,Ridhi Narula,F,1975-02-01,40-64,Kannur,+91-00824-70700,ml
P03647,Hritik Kothari,M,1987-05-03,18-39,Alappuzha,+91-00333-46380,ml
P03648,Andrew Bahri,M,1974-02-13,40-64,Kollam,+91-00466-30873,ml
P03649,Zashil Rao,M,1981-01-29,40-64,Pathanamthitta,+91-00132-18674,ml
P03650,Anvi Dugar,F,1986-07-29,18-39,Satara,+91-00638-22483,ta
P03651,Matthew Bajwa,M,1976-01-14,40-64,Kottayam,+91-00791-79252,ml
P03652,Krishna Bandi,F,1988-01-10,18-39,Ernakulam,+91-00410-36470,en
P03653,David Purohit,M,1976-02-20,40-64,Kollam,+91-00978-01272,ml
P03654,Ekaja Madan,F,1972-12-10,40-64,Kannur,+91-00257-69076,ml
P03655,Balvan Borah,M,1967-09-15,40-64,Ernakulam,+91-00873-45907,en
P03656,Advaith Aurora,M,2023-01-04,1-4,Kollam,+91-00721-21778,ml
P03657,Charvi Raman,F,2023-04-06,1-4,Ernakulam,+91-00927-58247,en
P03658,Nimrat Naik,F,1983-06-20,40-64,Kozhikode,+91-00740-17631,ml
P03659,Yashvi Bajaj,F,1938-07-20,65+,Ernakulam,+91-00494-72803,en
P03660,Mahika Shanker,F,2020-06-02,5-11,Satara,+91-00413-96043,hi
P03661,Daksha Lalla,F,1995-03-19,18-39,Kanyakumari,+91-00829-12895,ml
P03662,Riya Manne,F,1970-09-27,40-64,Thrissur,+91-00840-38294,ml
P03663,Charita Kapadia,F,1958-02-04,65+,Pune,+91-00588-40850,ta
P03664,Maya Subramanian,F,1985-10-10,18-39,Kannur,+91-00702-42943,ml
P03665,Yashica Konda,F,1996-03-07,18-39,Idukki,+91-00462-58266,ml
P03666,Adweta Taneja,F,1998-04-05,18-39,Kannur,+91-00218-42665,ta
P03667,Ria Chokshi,F,2002-05-08,18-39,Thrissur,+91-00049-05853,ml
P03668,Isaac Bakshi,M,2017-04-17,5-11,Thrissur,+91-00653-27812,en
P03669,Jack Sekhon,M,1983-02-15,40-64,Thrissur,+91-00669-75991,ml
P03670,William Chopra,M,1997-08-27,18-39,Kannur,+91-00665-42092,en
P03671,Ojas Dhawan,M,1992-01-30,18-39,Kodagu,+91-00562-78286,en
P03672,Champak Gara,M,1937-09-06,65+,Kottayam,+91-00342-41741,ml
P03673,Yash Krish,M,1972-11-03,40-64,Malappuram,+91-00242-20101,en
P03674,Ekavir Rau,M,1995-08-09,18-39,Palakkad,+91-00065-07075,ml
P03675,Yutika Kaul,F,1930-08-01,65+,Coimbatore,+91-00148-76891,ml
P03676,Xiti Krishnan,F,1976-04-18,40-64,Ernakulam,+91-00628-08815,ta
P03677,Nachiket Nazareth,M,2013-07-31,12-17,Pathanamthitta,+91-00768-75013,ta
P03678,Andrew Nagy,M,1930-08-01,65+,Pathanamthitta,+91-00907-96854,en
P03679,Aarnav Loyal,M,1946-07-16,65+,Thiruvananthapuram,+91-00083-52338,en
P03680,Wishi Tata,F,2017-03-26,5-11,Kollam,+91-00814-23941,ml
P03681,Kamya Nagy,F,1975-08-05,40-64,Kottayam,+91-00597-09081,en
P03682,Warhi Varkey,F,2018-04-02,5-11,Kollam,+91-00301-97972,en
P03683,Charles Sandal,M,1964-01-01,40-64,Kanyakumari,+91-00725-26119,ml
P03684,Raghav Datta,M,1977-05-06,40-64,Idukki,+91-00989-20262,ml
P03685,Faris Venkatesh,M,1989-04-30,18-39,Idukki,+91-00379-44426,ml
P03686,Geetika Hora,F,2023-12-20,1-4,Kozhikode,+91-00627-26226,ml
P03687,Dakshesh Barad,M,1959-12-19,65+,Kottayam,+91-00260-67074,en
P03688,Yachana Garde,F,1995-08-20,18-39,Kozhikode,+91-00205-14246,ml
P03689,Ekiya Sahota,F,1960-05-06,65+,Kannur,+91-00149-32813,en
P03690,Aayush Minhas,M,1980-08-01,40-64,Idukki,+91-00032-03510,hi
P03691,Urishilla Menon,F,2019-06-20,5-11,Ernakulam,+91-00723-54126,hi
P03692,Yutika Naidu,F,1958-03-12,65+,Kottayam,+91-00145-25529,ta
P03693,Fitan Dhaliwal,M,2025-05-06,<1,Ernakulam,+91-00676-80200,ta
P03694,Yutika Jayaraman,F,1993-07-17,18-39,Palakkad,+91-00869-21743,ml
P03695,Jeremiah Sodhi,M,1984-12-31,40-64,Kottayam,+91-00846-42669,en
P03696,Henry Narayanan,M,1982-04-09,40-64,Ernakulam,+91-00298-57699,en
P03697,Gayathri Viswanathan,F,1975-06-16,40-64,Thrissur,+91-00124-46345,hi
P03698,Aashi Nadkarni,F,2021-03-21,1-4,Thiruvananthapuram,+91-00443-59586,en
P03699,Gaurav Doctor,M,2023-07-08,1-4,Pathanamthitta,+91-00181-06194,ml
P03700,Bhavna Ahluwalia,F,1990-09-20,18-39,Thrissur,+91-00373-98349,ta
P03701,Ijaya Iyengar,F,1990-03-28,18-39,Thiruvananthapuram,+91-00568-54778,en
P03702,Vasudha Narayanan,F,1962-07-23,40-64,Kozhikode,+91-00644-50805,ml
P03703,Bhavani Sidhu,F,1997-07-27,18-39,Kodagu,+91-00218-98498,en
P03704,Bahadurjit Palla,M,1980-08-05,40-64,Kozhikode,+91-00227-64008,en
P03705,Pooja Atwal,F,2019-10-19,5-11,Kottayam,+91-00865-65822,en
P03706,Laksh Mane,M,2020-06-27,5-11,Ernakulam,+91-00944-17792,hi
P03707,Michael Pillai,M,2002-07-09,18-39,Malappuram,+91-00642-09227,en
P03708,Joshua Jain,M,1995-04-17,18-39,Malappuram,+91-00556-18354,ta
P03709,Faraj Chauhan,M,1994-06-17,18-39,Satara,+91-00658-32637,ml
P03710,Meera Gokhale,F,1996-05-14,18-39,Thrissur,+91-00128-86601,ml
P03711,Dalaja Date,F,1985-10-19,18-39,Alappuzha,+91-00897-17058,ml
P03712,Oni Malhotra,F,1930-08-01,65+,Idukki,+91-00208-03783,ml
P03713,Henry Ganguly,M,1971-05-05,40-64,Kodagu,+91-00669-89348,ta
P03714,Kala Kalita,F,1984-03-12,40-64,Malappuram,+91-00221-45142,en
P03715,Falak Dhar,F,1982-09-17,40-64,Kanyakumari,+91-00705-44249,ml
P03716,Wazir Acharya,M,1992-09-19,18-39,Kozhikode,+91-00753-75405,ml
P03717,Balvan Ben,M,1982-10-12,40-64,Pune,+91-00741-71469,hi
P03718,Thomas Sandal,M,1950-05-21,65+,Thrissur,+91-00428-39357,ml
P03719,Omisha Mittal,F,1979-12-20,40-64,Pune,+91-00607-10725,ml
P03720,Jai Ramaswamy,M,1960-09-17,40-64,Coimbatore,+91-00597-03240,en
P03721,Reyansh Som,M,1964-04-05,40-64,Kanyakumari,+91-00720-60534,en
P03722,Nimrat Vig,F,1930-08-01,65+,Pune,+91-00499-30292,ml
P03723,Zilmil Brar,F,1964-09-19,40-64,Thrissur,+91-00507-63544,ml
P03724,Fiyaz Mall,M,1930-08-01,65+,Kozhikode,+91-00684-92296,ml
P03725,Urmi Sathe,F,1958-09-14,65+,Thrissur,+91-00170-04408,ml
P03726,Ladli Dara,F,1975-06-13,40-64,Kannur,+91-00652-16294,ml
P03727,Owen Gokhale,M,1993-11-29,18-39,Kozhikode,+91-00148-27478,ml
P03728,Rajeshri Shukla,F,1960-11-13,40-64,Kozhikode,+91-00724-06255,ml
P03729,Simon Kala,M,1958-08-05,65+,Ernakulam,+91-00388-10557,ml
P03730,Sai Prasad,F,1957-11-06,65+,Kannur,+91-00839-76216,en
P03731,Abdul Hayre,M,2013-07-31,12-17,Coimbatore,+91-00088-27381,ml
P03732,Pranit Vora,M,1988-12-04,18-39,Malappuram,+91-00460-45702,ml
P03733,Aahana Mukherjee,F,1971-08-18,40-64,Ernakulam,+91-00167-46661,ml
P03734,Champak Pillay,M,1987-10-05,18-39,Kanyakumari,+91-00868-22086,ml
P03735,Yashasvi Arya,F,2016-05-29,5-11,Kannur,+91-00125-38578,en
P03736,Anika Maharaj,F,1992-10-10,18-39,Ernakulam,+91-00485-28491,ml
P03737,Rushil Bassi,M,2003-12-06,18-39,Palakkad,+91-00105-08521,hi
P03738,Laksh Bhandari,M,1972-10-25,40-64,Malappuram,+91-00797-13161,en
P03739,Warinder Sha,M,1991-05-19,18-39,Malappuram,+91-00282-76220,ml
P03740,Harini Solanki,F,1988-06-30,18-39,Kottayam,+91-00594-02491,hi
P03741,Anjali Pingle,F,1984-03-12,40-64,Kottayam,+91-00170-47116,ml
P03742,Ganga Goel,F,1969-04-16,40-64,Coimbatore,+91-00351-98892,ml
P03743,Chakrika Saini,F,1976-01-02,40-64,Pune,+91-00113-02634,ml
P03744,Baghyawati Sawhney,F,1976-12-15,40-64,Idukki,+91-00550-95898,en
P03745,Nirja Chatterjee,F,2018-09-26,5-11,Kodagu,+91-00003-82886,en
P03746,Indali Badal,F,1960-03-10,65+,Ernakulam,+91-00993-41624,en
P03747,Nathan Gara,M,1940-10-19,65+,Pathanamthitta,+91-00416-99252,hi
P03748,Abhimanyu Rau,M,1977-07-04,40-64,Kozhikode,+91-00629-54670,hi
P03749,Bhavani Bhattacharyya,F,1997-12-31,18-39,Thiruvananthapuram,+91-00286-93161,ml
P03750,Yamini Divan,F,1989-12-17,18-39,Kollam,+91-00253-39270,ta
P03751,Chakrika Gera,F,2016-11-20,5-11,Pune,+91-00846-51056,ml
P03752,Anya Majumdar,F,1945-01-09,65+,Thrissur,+91-00758-99481,hi
P03753,Zayyan Rout,M,1988-07-31,18-39,Alappuzha,+91-00643-16264,ml
P03754,Aadhya Mukhopadhyay,F,1976-08-02,40-64,Ernakulam,+91-00752-59975,ml
P03755,Pushti Dalal,F,1984-11-23,40-64,Palakkad,+91-00175-11069,ml
P03756,Viraj Chadha,M,1970-05-14,40-64,Malappuram,+91-00934-10589,ml
P03757,Chanchal Dada,F,1994-10-21,18-39,Kottayam,+91-00454-98512,ta
P03758,Gavin Chadha,M,1977-05-20,40-64,Idukki,+91-00868-83913,ml
P03759,Nitara Bahri,F,1988-06-06,18-39,Thrissur,+91-00736-47722,ml
P03760,Abdul Kalla,M,2023-03-10,1-4,Palakkad,+91-00285-89722,ta
P03761,Veda Bumb,F,2009-08-09,12-17,Kodagu,+91-00569-39587,en
P03762,Nikita Halder,F,1986-09-15,18-39,Idukki,+91-00966-36992,en
P03763,Nilima Bera,F,2022-04-10,1-4,Coimbatore,+91-00037-60095,hi
P03764,Mekhala Gokhale,F,1962-07-18,40-64,Satara,+91-00426-62272,ml
P03765,Ekiya Mutti,F,2020-09-28,1-4,Kottayam,+91-00620-62989,ml
P03766,Jeevika Guha,F,1965-05-25,40-64,Thiruvananthapuram,+91-00339-25205,ml
P03767,Harish Goel,M,1996-01-12,18-39,Palakkad,+91-00317-96509,ml
P03768,Kai Sarraf,M,1992-04-10,18-39,Coimbatore,+91-00748-39258,ml
P03769,Charita Suri,F,1960-11-08,40-64,Thiruvananthapuram,+91-00916-76474,en
P03770,Rajata Palla,F,1987-01-16,18-39,Pathanamthitta,+91-00537-80002,ml
P03771,Harinakshi Bansal,F,2003-11-22,18-39,Malappuram,+91-00948-56795,en
P03772,Faras Yogi,M,1999-03-12,18-39,Kannur,+91-00101-43085,en
P03773,Teerth Palan,M,1980-05-16,40-64,Kollam,+91-00227-69937,ml
P03774,Hemang Oommen,M,1987-07-30,18-39,Idukki,+91-00087-46782,ml
P03775,Chakradev Varghese,M,1987-11-15,18-39,Alappuzha,+91-00435-38585,ml
P03776,Kai Kamdar,M,1970-10-06,40-64,Pune,+91-00626-54549,en
P03777,Kalpit Balay,M,1974-10-30,40-64,Malappuram,+91-00200-80021,ml
P03778,Girik Soman,M,2015-12-29,5-11,Ernakulam,+91-00448-15699,ta
P03779,Vivaan Naidu,M,1962-02-07,40-64,Kanyakumari,+91-00684-39278,ml
P03780,Saanvi Bandi,F,1970-07-27,40-64,Thrissur,+91-00639-75476,en
P03781,Charles Parmer,M,2018-05-25,5-11,Kodagu,+91-00629-94108,ml
P03782,Gauri Sama,F,1990-02-01,18-39,Alappuzha,+91-00606-38106,ml
P03783,Oliver Nayar,M,1957-12-22,65+,Thiruvananthapuram,+91-00986-51478,ml
P03784,Idika Parmar,F,1988-01-22,18-39,Ernakulam,+91-00713-33102,en
P03785,Gautami Sibal,F,1986-08-15,18-39,Pathanamthitta,+91-00907-93996,ml
P03786,Alka Sarna,F,1944-04-05,65+,Kannur,+91-00951-38819,ta
P03787,Teerth Rastogi,M,1995-05-05,18-39,Thrissur,+91-00859-67211,ml
P03788,Jairaj Krishnan,M,2017-08-23,5-11,Kottayam,+91-00095-91723,ta
P03789,Pahal Subramanian,F,1985-12-27,18-39,Kannur,+91-00529-53257,hi
P03790,Netra Baria,F,1998-02-09,18-39,Thrissur,+91-00381-85303,ml
P03791,Yashica Chokshi,F,1997-10-18,18-39,Thrissur,+91-00097-38447,ml
P03792,Tanay Luthra,M,1945-04-02,65+,Pathanamthitta,+91-00564-19601,en
P03793,Akshay Gade,M,2021-07-19,1-4,Satara,+91-00212-61583,ml
P03794,Mason Viswanathan,M,2016-08-18,5-11,Malappuram,+91-00581-81788,ml
P03795,Ekiya De,F,2002-04-13,18-39,Kanyakumari,+91-00817-01804,ml
P03796,Avni Chana,F,1996-06-13,18-39,Kozhikode,+91-00393-84694,en
P03797,Ekavir Pal,M,1940-08-08,65+,Thrissur,+91-00949-09479,ml
P03798,Siya Gandhi,F,1997-12-29,18-39,Thiruvananthapuram,+91-00766-23231,hi
P03799,Aadi Divan,M,1974-10-02,40-64,Malappuram,+91-00804-44618,ml
P03800,Harini Mitra,F,2013-07-31,12-17,Kollam,+91-00112-20419,ml
P03801,Chaitaly Goyal,F,2023-05-15,1-4,Pune,+91-00941-76773,ml
P03802,Ishani Sarkar,F,1986-07-08,18-39,Alappuzha,+91-00034-94806,hi
P03803,Jason Dube,M,1962-11-27,40-64,Idukki,+91-00843-54527,ta
P03804,Aarnav Sood,M,2022-12-15,1-4,Thrissur,+91-00029-43489,ml
P03805,Pooja Chaudhry,F,2016-03-08,5-11,Thrissur,+91-00162-36558,en
P03806,Ronith Kala,M,2018-12-11,5-11,Malappuram,+91-00315-71289,ml
P03807,Raghav Sheth,M,1977-09-03,40-64,Kannur,+91-00737-17270,ml
P03808,Chanakya Ram,M,2005-09-11,18-39,Kozhikode,+91-00899-67033,ml
P03809,Nathan Deol,M,1982-08-10,40-64,Kodagu,+91-00666-77617,ta
P03810,Omisha Mandal,F,1989-10-07,18-39,Ernakulam,+91-00727-78883,ml
P03811,Shravya Walla,F,1985-09-08,18-39,Thrissur,+91-00289-68673,en
P03812,Oscar Suresh,M,2013-09-07,5-11,Coimbatore,+91-00975-75433,ml
P03813,Indrajit Gokhale,M,1982-05-15,40-64,Kottayam,+91-00407-63214,ta
P03814,Qarin Pathak,M,2014-01-14,5-11,Alappuzha,+91-00912-65551,hi
P03815,Zashil Agarwal,M,2001-01-08,18-39,Thiruvananthapuram,+91-00779-88997,ml
P03816,Balvan Karpe,M,1993-04-05,18-39,Kozhikode,+91-00367-33528,en
P03817,Zaid Guha,M,1969-07-05,40-64,Malappuram,+91-00343-36891,en
P03818,Hitesh Mittal,M,1966-08-10,40-64,Alappuzha,+91-00679-48580,hi
P03819,Charita Nori,F,1950-01-24,65+,Kollam,+91-00940-68651,ml
P03820,Gautam Sandal,M,1981-01-17,40-64,Thiruvananthapuram,+91-00672-95004,ml
P03821,Meghana Mukhopadhyay,F,1994-01-15,18-39,Ernakulam,+91-00857-03250,ml
P03822,Warda Banerjee,F,1993-01-07,18-39,Pathanamthitta,+91-00966-88180,en
P03823,Ucchal Gola,F,1981-08-19,40-64,Kannur,+91-00330-23560,ml
P03824,Rushil Varughese,M,2016-09-16,5-11,Pune,+91-00538-99923,ml
P03825,Viraj Butala,M,1952-03-25,65+,Kannur,+91-00609-57892,ta
P03826,Daksha Ravel,F,1990-04-19,18-39,Kanyakumari,+91-00217-89770,ta
P03827,Gaurika Nagar,F,1956-07-08,65+,Satara,+91-00797-05699,ml
P03828,Yashica Rajagopalan,F,1998-02-12,18-39,Kozhikode,+91-00261-88135,ml
P03829,Aashi Sunder,F,1985-08-14,18-39,Palakkad,+91-00706-40351,ml
P03830,Udyati Bhagat,F,1988-02-10,18-39,Kannur,+91-00523-12609,ml
P03831,Simon Kuruvilla,M,2002-07-28,18-39,Palakkad,+91-00836-63115,ml
P03832,Varenya Thakkar,F,1986-11-26,18-39,Ernakulam,+91-00511-61187,ml
P03833,Vritti Nayak,F,1977-09-29,40-64,Thiruvananthapuram,+91-00586-43416,ml
P03834,Dayita Gola,F,2010-02-22,12-17,Malappuram,+91-00181-48078,hi
P03835,Rehaan Buch,M,1972-02-01,40-64,Coimbatore,+91-00808-05358,ml
P03836,Aarini Nazareth,F,1976-01-25,40-64,Malappuram,+91-00402-82084,ml
P03837,Ira Varma,F,1982-10-15,40-64,Idukki,+91-00579-02468,ml
P03838,Teerth Bava,M,2016-10-15,5-11,Palakkad,+91-00846-05358,ta
P03839,Megha Baral,F,1966-01-24,40-64,Kannur,+91-00479-11412,ml
P03840,Yash Sharma,M,1930-08-01,65+,Kozhikode,+91-00274-39349,ml
P03841,Arya Pingle,F,2003-01-31,18-39,Thrissur,+91-00265-87566,ml
P03842,Simon Nazareth,M,1947-09-29,65+,Idukki,+91-00566-36129,ml
P03843,Advik Loke,M,1961-08-09,40-64,Idukki,+91-00291-49766,ml
P03844,Manan Parikh,M,1976-01-30,40-64,Kodagu,+91-00338-80634,en
P03845,Abhiram Sekhon,M,1997-11-21,18-39,Pathanamthitta,+91-00234-68983,ml
P03846,Neha Banik,F,1989-03-30,18-39,Kanyakumari,+91-00446-26380,en
P03847,Pranav Bansal,M,1991-05-24,18-39,Pathanamthitta,+91-00466-11964,ml
P03848,Jeet Gill,M,1984-08-08,40-64,Satara,+91-00525-71716,en
P03849,Charvi Date,F,1968-08-17,40-64,Ernakulam,+91-00592-01525,hi
P03850,Yatin Sankar,M,1953-11-26,65+,Kozhikode,+91-00587-02554,ml
P03851,Orinder Shanker,M,1938-07-13,65+,Kozhikode,+91-00367-63485,ta
P03852,Zaitra Shanker,F,1989-02-15,18-39,Kannur,+91-00900-97654,ml
P03853,Brinda Narain,F,1979-04-14,40-64,Kannur,+91-00511-21321,en
P03854,Anirudh Din,M,1995-08-27,18-39,Thiruvananthapuram,+91-00832-35580,ml
P03855,Sai Vala,F,1960-05-23,65+,Alappuzha,+91-00557-19816,hi
P03856,Om Mittal,M,1974-10-14,40-64,Alappuzha,+91-00370-47969,ml
P03857,Sai Bains,M,1986-03-03,18-39,Malappuram,+91-00738-89977,ml
P03858,Lavanya Buch,F,2003-09-13,18-39,Malappuram,+91-00176-55923,ml
P03859,Devika Handa,F,1979-01-07,40-64,Kottayam,+91-00969-01652,ml
P03860,Max Varkey,M,2023-01-09,1-4,Kannur,+91-00572-76770,en
P03861,Aryan Prasad,M,2006-08-09,18-39,Kottayam,+91-00104-66816,en
P03862,Janaki Sarkar,F,2020-11-15,1-4,Kottayam,+91-00421-60115,ml
P03863,Idika Malhotra,F,1979-06-27,40-64,Idukki,+91-00712-14435,en
P03864,Ryan Golla,M,1941-10-01,65+,Kozhikode,+91-00068-31635,ml
P03865,Madhavi Ahluwalia,F,1957-07-28,65+,Thiruvananthapuram,+91-00261-28874,en
P03866,Hemang Bahl,M,1985-09-15,18-39,Kodagu,+91-00924-68749,ml
P03867,Dhruv Maharaj,M,1988-03-05,18-39,Malappuram,+91-00356-60547,ml
P03868,Vedhika Nadkarni,F,1993-09-01,18-39,Palakkad,+91-00159-18301,ml
P03869,Janya Kar,F,1995-01-21,18-39,Alappuzha,+91-00098-42634,ml
P03870,Nicholas Kant,M,1987-01-16,18-39,Kannur,+91-00619-50856,en
P03871,Maanas Sharma,M,1931-04-21,65+,Coimbatore,+91-00558-16308,hi
P03872,Nitesh Ramachandran,M,1988-04-17,18-39,Thrissur,+91-00647-55271,ml
P03873,Abha Oza,F,2025-04-15,<1,Kottayam,+91-00958-24701,ml
P03874,Odika Pal,F,2016-04-12,5-11,Idukki,+91-00060-45513,ml
P03875,Faqid Shere,M,1971-03-30,40-64,Idukki,+91-00197-17487,en
P03876,Henry Walia,M,1982-08-26,40-64,Kottayam,+91-00233-67994,ml
P03877,Robert Kumer,M,2015-01-09,5-11,Kozhikode,+91-00427-87415,en
P03878,Amol Brar,M,1997-06-23,18-39,Kottayam,+91-00121-93192,en
P03879,Pooja Chacko,F,2023-06-09,1-4,Kannur,+91-00409-53379,ml
P03880,Zilmil Pingle,F,1990-03-21,18-39,Ernakulam,+91-00816-49163,hi
P03881,Mugdha Murty,F,1989-04-12,18-39,Palakkad,+91-00163-24057,ml
P03882,Vivaan Balan,M,1997-08-05,18-39,Pune,+91-00916-06977,en
P03883,Geetika Pandey,F,1984-04-17,40-64,Ernakulam,+91-00911-67507,ml
P03884,Triya Bajaj,F,1978-07-27,40-64,Pathanamthitta,+91-00512-31604,ml
P03885,Yatan Keer,M,1967-04-18,40-64,Thrissur,+91-00860-03254,ml
P03886,Ekaja Radhakrishnan,F,2023-08-31,1-4,Thrissur,+91-00711-20982,en
P03887,Chasmum Randhawa,F,2006-10-26,18-39,Kannur,+91-00356-06385,ml
P03888,Hitesh Choudhry,M,1975-09-10,40-64,Kanyakumari,+91-00561-14751,ta
P03889,Hemal Dutt,F,1987-07-20,18-39,Kozhikode,+91-00116-32877,ml
P03890,Tara Pandey,F,2009-03-23,12-17,Satara,+91-00495-94480,ml
P03891,Ubika Mallick,F,2016-03-01,5-11,Alappuzha,+91-00829-40049,en
P03892,Radhika Cherian,F,2005-10-04,18-39,Alappuzha,+91-00585-77005,ml
P03893,Zayan Wason,M,1969-10-11,40-64,Kottayam,+91-00382-76796,ml
P03894,Isaiah Raval,M,1972-09-28,40-64,Malappuram,+91-00663-70303,ml
P03895,Vincent Mangat,M,1980-05-18,40-64,Alappuzha,+91-00976-37656,ml
P03896,Farhan Goel,M,1994-02-07,18-39,Kollam,+91-00067-53639,ml
P03897,Mitali Aggarwal,F,1952-10-18,65+,Satara,+91-00330-05894,ml
P03898,Vincent Gera,M,1999-01-22,18-39,Kottayam,+91-00155-53365,en
P03899,Sanaya Sahota,F,2021-09-07,1-4,Alappuzha,+91-00956-33845,ta
P03900,Samesh Gulati,M,1986-03-31,18-39,Idukki,+91-00545-17722,ml
P03901,Isaac Devi,M,2023-03-28,1-4,Pathanamthitta,+91-00129-78232,en
P03902,Samarth Bajaj,M,1930-08-01,65+,Thiruvananthapuram,+91-00612-18954,ml
P03903,Kritika Ganesan,F,1946-07-25,65+,Kottayam,+91-00500-58016,ml
P03904,Chakradev Prabhakar,M,1973-06-07,40-64,Kottayam,+91-00059-30019,ml
P03905,Robert Vaidya,M,1982-07-11,40-64,Kannur,+91-00864-36283,ml
P03906,Gaurika Shankar,F,1982-09-21,40-64,Ernakulam,+91-00709-60532,ml
P03907,Jagdish Gill,M,1968-02-06,40-64,Kozhikode,+91-00005-94769,ml
P03908,Irya Naidu,F,1958-08-01,65+,Kozhikode,+91-00959-66833,ml
P03909,Nandini Bhattacharyya,F,1999-05-01,18-39,Kannur,+91-00159-84447,ml
P03910,Ishanvi Shenoy,F,1943-05-22,65+,Kodagu,+91-00000-50995,ml
P03911,Krisha Sawhney,F,1974-06-26,40-64,Thrissur,+91-00427-69760,ml
P03912,Hema Shenoy,F,1991-06-14,18-39,Kollam,+91-00140-87537,ml
P03913,Oni Dutta,F,1984-12-12,40-64,Thiruvananthapuram,+91-00570-26038,en
P03914,Vedhika Boase,F,1973-05-12,40-64,Pathanamthitta,+91-00311-68640,ml
P03915,Anamika Ray,F,1972-04-28,40-64,Kannur,+91-00185-29673,ml
P03916,Reyansh Bobal,M,1997-05-26,18-39,Palakkad,+91-00985-87991,ml
P03917,Kalpit Yogi,M,1983-05-31,40-64,Pathanamthitta,+91-00332-55561,en
P03918,Advik Sarna,M,1978-08-19,40-64,Kollam,+91-00414-20073,en
P03919,Bhanumati Master,F,1958-02-28,65+,Coimbatore,+91-00294-10814,en
P03920,Anmol Patla,M,1955-03-02,65+,Thrissur,+91-00836-24621,ml
P03921,Thomas Sangha,M,2000-08-24,18-39,Pathanamthitta,+91-00196-63799,en
P03922,Damini Dhingra,F,1981-08-19,40-64,Coimbatore,+91-00127-95623,ml
P03923,Dayita Gara,F,1992-03-15,18-39,Kozhikode,+91-00881-41278,ta
P03924,Triveni Nori,F,1973-11-09,40-64,Ernakulam,+91-00183-14012,en
P03925,Keya Subramanian,F,1930-08-01,65+,Ernakulam,+91-00857-44095,ml
P03926,Libni Chatterjee,F,1961-06-04,40-64,Malappuram,+91-00578-12408,hi
P03927,Balhaar Shanker,M,1971-12-25,40-64,Kottayam,+91-00823-51768,ml
P03928,Krisha Lad,F,1965-11-16,40-64,Satara,+91-00070-07610,hi
P03929,Manbir Saxena,M,2020-12-18,1-4,Kannur,+91-00963-05685,ml
P03930,Varenya Kuruvilla,F,1963-10-12,40-64,Malappuram,+91-00299-01283,ml
P03931,Andrew Dey,M,1998-10-17,18-39,Malappuram,+91-00058-81270,en
P03932,Maanas Bal,M,1940-10-17,65+,Satara,+91-00764-33103,ml
P03933,Reva Patil,F,1979-11-06,40-64,Thiruvananthapuram,+91-00178-24877,en
P03934,Nikita Dutt,F,2014-01-18,5-11,Thiruvananthapuram,+91-00351-77664,ml
P03935,Vyanjana Sarraf,F,1955-03-15,65+,Kannur,+91-00594-44411,ml
P03936,Faras Dave,M,1930-08-01,65+,Pathanamthitta,+91-00068-11553,ml
P03937,Mugdha Rajagopalan,F,1989-01-19,18-39,Malappuram,+91-00201-21216,hi
P03938,Jhalak Bala,F,1956-10-17,65+,Thrissur,+91-00489-86281,hi
P03939,Max Divan,M,1989-12-26,18-39,Kottayam,+91-00421-32896,ml
P03940,Kai Patla,M,2014-05-19,5-11,Alappuzha,+91-00557-07599,ml
P03941,William Garde,M,2023-11-02,1-4,Kannur,+91-00728-05552,ml
P03942,Faras Thaker,M,1989-11-25,18-39,Pathanamthitta,+91-00352-95291,ml
P03943,Rachit Radhakrishnan,M,1977-06-02,40-64,Pathanamthitta,+91-00404-74774,hi
P03944,Frado Vohra,M,1970-10-17,40-64,Ernakulam,+91-00272-85213,en
P03945,Harita Sule,F,2016-02-20,5-11,Kollam,+91-00339-22732,en
P03946,Advika Bhattacharyya,F,1960-06-03,65+,Malappuram,+91-00051-30654,ml
P03947,Jeevika More,F,1987-09-20,18-39,Satara,+91-00580-06347,en
P03948,Isaac Doctor,M,2016-11-18,5-11,Kozhikode,+91-00172-34696,hi
P03949,Darpan Hegde,M,1982-04-29,40-64,Palakkad,+91-00716-59695,hi
P03950,Yahvi Sharaf,F,1986-07-23,18-39,Idukki,+91-00042-03657,en
P03951,Zaitra Kari,F,1995-05-02,18-39,Satara,+91-00059-33068,ml
P03952,Qabil Bali,M,1979-09-20,40-64,Coimbatore,+91-00284-11696,hi
P03953,Chandran Narayan,M,1964-10-09,40-64,Kannur,+91-00438-59135,ml
P03954,Lopa Warrior,F,1975-02-14,40-64,Alappuzha,+91-00693-99537,ml
P03955,Baghyawati Sekhon,F,2019-11-02,5-11,Kollam,+91-00692-98580,ml
P03956,Jason Kunda,M,1979-05-09,40-64,Pathanamthitta,+91-00973-84684,en
P03957,Krisha Kari,F,1989-06-25,18-39,Alappuzha,+91-00351-04341,ta
P03958,Gaurang Baria,M,1970-03-26,40-64,Kollam,+91-00059-87066,hi
P03959,Liam Chand,M,2025-06-14,<1,Coimbatore,+91-00861-30945,hi
P03960,Azad Deo,M,1963-05-09,40-64,Pathanamthitta,+91-00730-45438,en
P03961,Azaan Johal,M,1984-12-21,40-64,Alappuzha,+91-00068-65418,hi
P03962,Jairaj Sood,M,2021-01-07,1-4,Coimbatore,+91-00083-13076,ml
P03963,Chavvi Yadav,F,1960-06-03,65+,Pune,+91-00476-07011,ml
P03964,Odika Bora,F,1986-03-30,18-39,Alappuzha,+91-00341-75295,ml
P03965,Waida Dada,F,1979-08-28,40-64,Kottayam,+91-00596-05542,en
P03966,Benjamin Soni,M,2023-06-29,1-4,Kannur,+91-00219-99365,ta
P03967,Chandresh Kale,M,1981-03-09,40-64,Satara,+91-00959-91912,ta
P03968,Netra Andra,F,2021-09-07,1-4,Malappuram,+91-00512-43048,hi
P03969,Daksh Savant,M,2001-05-23,18-39,Ernakulam,+91-00750-95689,ml
P03970,Vasatika Acharya,F,2019-02-16,5-11,Malappuram,+91-00125-89527,en
P03971,Tanvi Madan,F,1930-09-18,65+,Kannur,+91-00616-14091,ml
P03972,Hema Narasimhan,F,2020-11-03,1-4,Kollam,+91-00865-03213,en
P03973,Lucky Mistry,M,1987-12-27,18-39,Ernakulam,+91-00022-36771,en
P03974,Zinal Kothari,F,1977-11-12,40-64,Kanyakumari,+91-00539-42767,ml
P03975,Laksh Thakur,M,2021-12-08,1-4,Kozhikode,+91-00246-65732,ml
P03976,Urvi Choudhury,F,1984-01-29,40-64,Pathanamthitta,+91-00478-11973,ml
P03977,Widisha Ahuja,F,2025-02-08,<1,Kozhikode,+91-00815-30908,ta
P03978,Wahab Tandon,M,2014-07-23,5-11,Malappuram,+91-00690-35102,en
P03979,Hemal Bhatti,F,1987-10-11,18-39,Alappuzha,+91-00754-28210,ml
P03980,Nidra Chandra,F,1979-07-14,40-64,Kottayam,+91-00211-07419,hi
P03981,Pavani Yohannan,F,2019-02-24,5-11,Kottayam,+91-00832-72140,ml
P03982,Gunbir Chopra,M,1981-11-14,40-64,Satara,+91-00613-60762,ml
P03983,Jalsa Mohanty,F,1977-11-29,40-64,Pathanamthitta,+91-00069-41202,en
P03984,Odika Wali,F,1959-06-21,65+,Kannur,+91-00862-28937,ml
P03985,Dalaja Mital,F,1953-08-31,65+,Thrissur,+91-00055-83934,ml
P03986,Faras Naik,M,2016-07-31,5-11,Coimbatore,+91-00028-68882,en
P03987,Inaya Randhawa,F,1957-05-29,65+,Satara,+91-00833-74529,ml
P03988,Gaurangi Dugar,F,1995-05-30,18-39,Pune,+91-00013-89623,ml
P03989,Yauvani Som,F,1981-09-22,40-64,Kanyakumari,+91-00088-85163,ml
P03990,Lipika Karnik,F,2003-05-08,18-39,Idukki,+91-00016-49093,ta
P03991,Vrishti Mitter,F,2007-11-27,12-17,Alappuzha,+91-00880-26312,ml
P03992,Elijah Mohan,M,1930-08-01,65+,Kottayam,+91-00044-08858,ta
P03993,Raagini Murty,F,2023-10-20,1-4,Malappuram,+91-00372-36046,en
P03994,Mitesh Sandal,M,1985-02-14,40-64,Kottayam,+91-00216-45724,ml
P03995,Turvi Ahluwalia,F,1975-09-09,40-64,Ernakulam,+91-00341-59049,ml
P03996,Ayaan Rege,M,2014-05-20,5-11,Kollam,+91-00290-31444,ml
P03997,Ekaraj Shan,M,2015-07-17,5-11,Kannur,+91-00887-78474,en
P03998,Adya Jain,F,1976-10-22,40-64,Kollam,+91-00768-37957,ml
P03999,Lavanya Menon,F,1968-03-26,40-64,Kottayam,+91-00885-34104,en
P04000,Advik Nagy,M,1993-06-14,18-39,Palakkad,+91-00720-75132,en
P04001,Rayaan Nanda,M,2002-01-09,18-39,Thrissur,+91-00330-61553,ml
P04002,Hritik Thakur,M,1961-06-19,40-64,Coimbatore,+91-00185-38404,ta
P04003,Mahika Chhabra,F,1974-10-30,40-64,Malappuram,+91-00529-66583,ml
P04004,Jairaj Dyal,M,1998-10-09,18-39,Kannur,+91-00356-71185,en
P04005,Wakeeta Singhal,F,1998-08-01,18-39,Kottayam,+91-00643-86391,ml
P04006,Saumya Sur,F,1979-02-18,40-64,Kollam,+91-00038-51340,ml
P04007,Logan Prashad,M,1970-01-08,40-64,Kozhikode,+91-00712-42221,en
P04008,Daksha Bhalla,F,2018-12-20,5-11,Pathanamthitta,+91-00299-58167,ml
P04009,Manya Yogi,F,2017-03-16,5-11,Kannur,+91-00462-42970,ta
P04010,Urvashi Mane,F,1967-02-20,40-64,Pune,+91-00978-42281,en
P04011,Vrishti Desai,F,1959-08-24,65+,Kottayam,+91-00215-01672,en
P04012,Nicholas Sachdev,M,2017-05-07,5-11,Kozhikode,+91-00117-53696,ml
P04013,Forum Mistry,F,1981-02-23,40-64,Ernakulam,+91-00209-10957,ta
P04014,Chanchal Sarma,F,2021-12-03,1-4,Kottayam,+91-00351-24042,hi
P04015,Nihal Lad,M,1993-05-02,18-39,Ernakulam,+91-00536-05630,ml
P04016,Alka Dey,F,1983-05-13,40-64,Malappuram,+91-00980-91127,ml
P04017,Nirja Patel,F,1974-04-20,40-64,Satara,+91-00869-17149,ta
P04018,Hredhaan Gour,M,1977-12-10,40-64,Kottayam,+91-00714-01365,ml
P04019,Vinaya Kari,F,2017-01-10,5-11,Kozhikode,+91-00720-79773,ml
P04020,Pratyush Nath,M,1996-03-12,18-39,Kottayam,+91-00283-46376,hi
P04021,Leela Kumer,F,1976-09-16,40-64,Alappuzha,+91-00927-19822,ml
P04022,Ekaraj Dar,M,1973-10-13,40-64,Malappuram,+91-00539-30385,hi
P04023,Tanay Randhawa,M,1988-01-16,18-39,Kozhikode,+91-00162-68175,ml
P04024,Arjun Wadhwa,M,1969-02-22,40-64,Kozhikode,+91-00950-56537,ml
P04025,Yashvi Prakash,F,1969-06-24,40-64,Pune,+91-00506-53374,ml
P04026,Urmi Balay,F,1931-03-26,65+,Kollam,+91-00155-20124,ml
P04027,Xalak Mandal,F,1981-01-11,40-64,Thrissur,+91-00735-58590,ta
P04028,Bahadurjit Borra,M,1988-08-12,18-39,Kottayam,+91-00233-01946,en
P04029,Dayita Wali,F,1995-06-04,18-39,Kannur,+91-00187-50508,hi
P04030,Yashvi Chahal,F,2001-03-02,18-39,Thiruvananthapuram,+91-00267-73096,ml
P04031,Ikshita Bora,F,1970-06-03,40-64,Pathanamthitta,+91-00578-14746,hi
P04032,Manya Shroff,F,1972-11-05,40-64,Kannur,+91-00292-03569,en
P04033,Forum Narayanan,F,1999-11-12,18-39,Idukki,+91-00040-75220,ml
P04034,Hemani Nori,F,1970-04-10,40-64,Malappuram,+91-00387-88170,ml
P04035,Tarak Bail,M,2019-12-26,5-11,Satara,+91-00234-32155,ml
P04036,Nandini Ahuja,F,1986-05-23,18-39,Ernakulam,+91-00511-28093,ml
P04037,Aditya Anand,M,2007-04-07,18-39,Thrissur,+91-00459-12244,hi
P04038,Neel Sane,M,1973-01-20,40-64,Satara,+91-00078-86075,hi
P04039,Leela Kapoor,F,1943-01-10,65+,Kozhikode,+91-00245-10212,ml
P04040,Veer Iyer,M,1993-10-29,18-39,Pathanamthitta,+91-00281-41950,ml
P04041,Ganga Gulati,F,1978-07-31,40-64,Kannur,+91-00484-76584,ml
P04042,Ishanvi Morar,F,1971-05-22,40-64,Thrissur,+91-00822-29192,ta
P04043,Daksha Bal,F,2021-02-22,1-4,Kannur,+91-00218-12378,en
P04044,Eesha Zachariah,F,1995-12-11,18-39,Palakkad,+91-00158-02848,en
P04045,Bakhshi Narang,M,2002-10-10,18-39,Alappuzha,+91-00001-41829,en
P04046,Jyoti Joshi,F,1943-03-26,65+,Kannur,+91-00606-81920,hi
P04047,Nidra Gade,F,2011-02-25,12-17,Thiruvananthapuram,+91-00325-28906,ml
P04048,Lopa Kaul,F,1986-06-18,18-39,Coimbatore,+91-00670-63672,ml
P04049,Raagini Bala,F,1976-06-13,40-64,Kannur,+91-00690-17001,en
P04050,Thomas Dasgupta,M,1993-12-07,18-39,Satara,+91-00044-54493,hi
P04051,Amara Sawhney,F,2009-10-30,12-17,Thiruvananthapuram,+91-00418-25828,en
P04052,Ranveer Bawa,M,1985-10-18,18-39,Ernakulam,+91-00967-15912,ta
P04053,Urvashi Rastogi,F,1994-02-24,18-39,Pathanamthitta,+91-00275-74987,ta
P04054,Ishanvi Rai,F,1974-04-09,40-64,Idukki,+91-00529-23138,ml
P04055,Charita Gill,F,1966-10-10,40-64,Idukki,+91-00537-41923,en
P04056,Gautami Kadakia,F,1999-10-13,18-39,Palakkad,+91-00260-67109,ta
P04057,Wishi Parmar,F,1992-10-15,18-39,Ernakulam,+91-00779-06849,ml
P04058,Sarthak Halder,M,1992-02-05,18-39,Pune,+91-00003-90322,en
P04059,Chakradev Tripathi,M,1967-02-13,40-64,Alappuzha,+91-00226-08625,ml
P04060,William Kumer,M,1980-09-08,40-64,Idukki,+91-00592-32258,ta
P04061,Vedant Babu,M,1999-05-04,18-39,Kozhikode,+91-00917-96049,ml
P04062,Ranveer Salvi,M,1959-09-07,65+,Alappuzha,+91-00009-19151,ml
P04063,Daksha Pant,F,2019-10-18,5-11,Kozhikode,+91-00600-33608,en
P04064,Nilima Bhattacharyya,F,1990-06-10,18-39,Kozhikode,+91-00003-46248,en
P04065,Netra Karnik,F,2023-03-01,1-4,Kozhikode,+91-00622-98989,ml
P04066,Robert Sinha,M,1979-04-20,40-64,Malappuram,+91-00411-78940,ml
P04067,Laksh Naik,M,1988-01-20,18-39,Kannur,+91-00434-67146,ta
P04068,Ekta Kothari,F,1951-11-07,65+,Satara,+91-00967-81247,hi
P04069,Aarna Dave,F,1980-06-10,40-64,Thiruvananthapuram,+91-00682-82747,en
P04070,Ekaraj Singhal,M,1995-12-28,18-39,Thrissur,+91-00196-79601,ml
P04071,Azaan Kadakia,M,1982-06-05,40-64,Kannur,+91-00997-97315,en
P04072,Ria Sachdeva,F,1947-07-24,65+,Thiruvananthapuram,+91-00256-42746,en
P04073,Ubika Gera,F,2000-08-17,18-39,Thrissur,+91-00685-07364,ml
P04074,Faqid Golla,M,2017-06-07,5-11,Malappuram,+91-00680-27556,ml
P04075,Christopher Gaba,M,2016-09-01,5-11,Pathanamthitta,+91-00849-61381,ml
P04076,Yadavi Jani,F,1953-12-25,65+,Idukki,+91-00398-05003,ml
P04077,Tamanna Prakash,F,1990-01-22,18-39,Kannur,+91-00695-53628,en
P04078,Naveen Balakrishnan,M,1996-05-04,18-39,Thiruvananthapuram,+91-00625-01780,ml
P04079,Noah Balakrishnan,M,2025-02-12,<1,Kollam,+91-00436-75614,ml
P04080,Anika Dhawan,F,1983-08-07,40-64,Kannur,+91-00915-35105,ml
P04081,Arin Zacharia,M,1982-12-08,40-64,Kannur,+91-00251-70609,en
P04082,Frado Dugar,M,1989-11-02,18-39,Palakkad,+91-00224-88825,en
P04083,Advika Palla,F,1989-03-11,18-39,Idukki,+91-00630-92546,ml
P04084,Charita Saini,F,2008-01-05,12-17,Kollam,+91-00190-08399,ml
P04085,Dayita Soni,F,1973-05-23,40-64,Kannur,+91-00829-28890,ml
P04086,Sarthak Yadav,M,2002-09-16,18-39,Alappuzha,+91-00339-26811,en
P04087,Ekalinga Acharya,M,1963-05-19,40-64,Kodagu,+91-00421-89885,ml
P04088,Vyanjana Singh,F,1998-08-23,18-39,Kannur,+91-00682-07212,ml
P04089,Eesha Naidu,F,2019-03-22,5-11,Kollam,+91-00885-44128,ml
P04090,Chanakya Sridhar,M,2020-06-07,5-11,Malappuram,+91-00689-36539,ml
P04091,Guneet Dass,M,2017-08-10,5-11,Kodagu,+91-00094-41973,ml
P04092,Dhruv Dhar,M,1986-12-16,18-39,Coimbatore,+91-00338-01787,en
P04093,Chakrika Chandran,F,1976-09-05,40-64,Palakkad,+91-00750-86165,ml
P04094,Megha Cheema,F,1950-06-10,65+,Pathanamthitta,+91-00907-24424,en
P04095,Jeevika Krishna,F,1990-03-17,18-39,Malappuram,+91-00633-53205,ml
P04096,Nidhi Narasimhan,F,2009-06-02,12-17,Malappuram,+91-00596-79799,ta
P04097,Kiaan Deep,M,1957-02-23,65+,Palakkad,+91-00379-27484,ml
P04098,Udyati Prasad,F,1970-03-05,40-64,Alappuzha,+91-00478-66566,en
P04099,Anay Rajan,M,1999-02-02,18-39,Coimbatore,+91-00432-30345,ml
P04100,Ira Gopal,F,2001-02-09,18-39,Thrissur,+91-00055-57302,ml
P04101,Ekbal Bandi,M,1975-10-10,40-64,Kottayam,+91-00021-47070,en
P04102,Faris Ranganathan,M,1979-04-14,40-64,Alappuzha,+91-00617-46111,ml
P04103,Aashi Srivastava,F,1942-10-11,65+,Kottayam,+91-00509-27743,ml
P04104,Pooja Guha,F,1973-03-07,40-64,Ernakulam,+91-00244-84490,ml
P04105,Varsha Kala,F,1993-03-13,18-39,Alappuzha,+91-00892-16032,hi
P04106,Lekha Sarraf,F,2016-10-24,5-11,Thrissur,+91-00206-35715,hi
P04107,Meera Varkey,F,1981-12-01,40-64,Pathanamthitta,+91-00700-06183,en
P04108,Pahal Grewal,F,2007-08-09,12-17,Alappuzha,+91-00788-00691,ml
P04109,Panini Sura,F,2004-08-24,18-39,Kollam,+91-00840-04091,ml
P04110,Chasmum Oommen,F,2000-06-17,18-39,Idukki,+91-00839-94371,ta
P04111,Bhavika Pau,F,1993-07-17,18-39,Idukki,+91-00794-98413,ml
P04112,Amara Date,F,1983-11-16,40-64,Idukki,+91-00457-64168,ml
P04113,Ishaan Shankar,M,1971-10-08,40-64,Kozhikode,+91-00623-01176,ta
P04114,Darpan Merchant,M,1955-06-22,65+,Ernakulam,+91-00857-70503,ml
P04115,Prisha Mohanty,F,1961-01-05,40-64,Malappuram,+91-00420-21471,ta
P04116,Urmi Butala,F,1965-02-17,40-64,Thiruvananthapuram,+91-00670-98152,en
P04117,Sneha Vaidya,F,1990-06-03,18-39,Ernakulam,+91-00159-92004,ta
P04118,Ekavir Kapadia,M,1995-12-04,18-39,Kollam,+91-00564-78878,en
P04119,Hardik Pandya,M,1976-03-10,40-64,Ernakulam,+91-00141-10454,ml
P04120,Arjun Walia,M,1974-11-27,40-64,Palakkad,+91-00660-28350,en
P04121,Jyoti Wali,F,1999-05-02,18-39,Kannur,+91-00376-62223,ta
P04122,Ridhi Dutt,F,1987-01-13,18-39,Thrissur,+91-00227-34156,en
P04123,Gayathri Kara,F,1996-12-10,18-39,Idukki,+91-00360-35270,ta
P04124,Simon Jain,M,2004-12-31,18-39,Alappuzha,+91-00701-15173,hi
P04125,Arya Rattan,F,1977-09-17,40-64,Pune,+91-00908-71615,en
P04126,Robert Vig,M,2014-01-31,5-11,Pathanamthitta,+91-00011-56519,hi
P04127,Vyanjana Sidhu,F,1945-12-21,65+,Thiruvananthapuram,+91-00167-15272,ml
P04128,Ekansh Mital,M,1985-10-24,18-39,Kollam,+91-00705-24923,hi
P04129,Baljiwan Krishnamurthy,M,2006-09-28,18-39,Satara,+91-00568-28426,ta
P04130,Ishita Bhavsar,F,1940-02-13,65+,Kodagu,+91-00319-67077,ml
P04131,Tripti Dey,F,1936-12-03,65+,Kottayam,+91-00651-02150,en
P04132,Wridesh Dyal,M,1930-08-01,65+,Thiruvananthapuram,+91-00867-58699,ml
P04133,Rohan Dutta,M,1930-08-01,65+,Kozhikode,+91-00257-11279,ta
P04134,Shivani Hari,F,1978-11-15,40-64,Kottayam,+91-00485-69576,ml
P04135,Pushti Bobal,F,1983-01-30,40-64,Thiruvananthapuram,+91-00020-28983,ml
P04136,Lakshit Dey,M,2017-03-19,5-11,Ernakulam,+91-00945-10027,ml
P04137,David Doshi,M,2003-03-28,18-39,Ernakulam,+91-00801-23830,ml
P04138,Vamakshi Dhar,F,1994-04-16,18-39,Idukki,+91-00505-76331,hi
P04139,Nihal Apte,M,1985-07-31,40-64,Malappuram,+91-00991-60345,ml
P04140,Yoshita Mukhopadhyay,F,1960-01-09,65+,Kozhikode,+91-00220-08179,ml
P04141,Vrishti Kata,F,1958-10-25,65+,Thrissur,+91-00743-57846,ta
P04142,Manthan Dash,M,1984-08-23,40-64,Thiruvananthapuram,+91-00769-98721,ml
P04143,Faraj Bobal,M,2022-10-10,1-4,Thiruvananthapuram,+91-00830-50161,ml
P04144,Madhavi Baria,F,1966-01-17,40-64,Coimbatore,+91-00685-62505,ml
P04145,Joshua Chowdhury,M,2002-12-10,18-39,Pathanamthitta,+91-00190-30890,hi
P04146,Unni Ganguly,F,1991-12-18,18-39,Idukki,+91-00091-36842,ta
P04147,Madhav Kar,M,2022-08-24,1-4,Kollam,+91-00180-89687,en
P04148,Chaitanya Patil,M,2004-02-07,18-39,Alappuzha,+91-00858-72777,ml
P04149,Yug Sankaran,M,1995-02-20,18-39,Ernakulam,+91-00401-00759,ml
P04150,Barkha Cheema,F,1962-04-27,40-64,Alappuzha,+91-00546-02478,en
P04151,Manya Krishnamurthy,F,1968-03-02,40-64,Malappuram,+91-00025-15477,ml
P04152,Ubika Krishnamurthy,F,2000-11-08,18-39,Idukki,+91-00491-74915,ml
P04153,Benjamin Arya,M,1976-09-13,40-64,Kannur,+91-00409-77509,ml
P04154,Watika Kibe,F,2006-11-21,18-39,Palakkad,+91-00534-89361,ta
P04155,Indrajit Saraf,M,1970-09-06,40-64,Alappuzha,+91-00375-30032,en
P04156,Charles Sura,M,2014-08-11,5-11,Kannur,+91-00075-21902,ml
P04157,Yochana Raja,F,1986-09-14,18-39,Kodagu,+91-00043-17368,hi
P04158,Chatura Chaudhari,M,2024-03-15,1-4,Kollam,+91-00949-54446,ml
P04159,Dhriti Khare,F,2000-03-03,18-39,Malappuram,+91-00603-38476,en
P04160,Shivansh Ramesh,M,1995-01-02,18-39,Malappuram,+91-00643-56222,ml
P04161,Prisha Sarraf,F,1944-09-17,65+,Malappuram,+91-00915-79551,hi
P04162,Anirudh Rastogi,M,1987-11-17,18-39,Thiruvananthapuram,+91-00550-78161,ml
P04163,Amara Kalita,F,1980-04-16,40-64,Thiruvananthapuram,+91-00615-99476,hi
P04164,Advik Narasimhan,M,1979-12-25,40-64,Kottayam,+91-00523-85106,en
P04165,Madhav Sachar,M,1954-09-06,65+,Kollam,+91-00175-16827,ml
P04166,Vedant Kulkarni,M,1966-09-15,40-64,Idukki,+91-00311-82347,ml
P04167,Orinder Pandey,M,2018-03-15,5-11,Coimbatore,+91-00884-40113,ta
P04168,Lakshit Sehgal,M,1999-07-28,18-39,Idukki,+91-00443-48920,ml
P04169,Nicholas Shanker,M,1950-12-11,65+,Idukki,+91-00204-53706,ml
P04170,Faris Kadakia,M,1939-07-19,65+,Alappuzha,+91-00828-75106,en
P04171,Suhani Pall,F,1999-08-23,18-39,Ernakulam,+91-00087-35360,ml
P04172,Zaid Chakraborty,M,1988-11-21,18-39,Kannur,+91-00639-59311,ml
P04173,Qushi Yohannan,F,1985-01-20,40-64,Kannur,+91-00700-74731,en
P04174,Nitara Mohan,F,1988-04-14,18-39,Ernakulam,+91-00303-46977,ml
P04175,Chakradev Ravi,M,1970-07-26,40-64,Idukki,+91-00166-71702,ml
P04176,Yadavi Grewal,F,1986-08-06,18-39,Pathanamthitta,+91-00448-34870,ml
P04177,Isha Lanka,F,1991-09-29,18-39,Satara,+91-00755-93781,hi
P04178,Pushti Nazareth,F,1969-07-12,40-64,Kottayam,+91-00886-13493,ml
P04179,Radhika Dutta,F,2009-03-10,12-17,Kottayam,+91-00815-56708,en
P04180,Neel Babu,M,1978-11-03,40-64,Ernakulam,+91-00109-38782,en
P04181,Girish Mukherjee,M,1973-03-19,40-64,Kollam,+91-00222-25817,en
P04182,Gaurav Rao,M,2024-04-17,1-4,Kottayam,+91-00616-40359,ml
P04183,Hardik Chander,M,1981-09-06,40-64,Kodagu,+91-00709-80615,ml
P04184,Samaksh Lall,M,2006-03-31,18-39,Kollam,+91-00008-82450,ml
P04185,Panini Walia,F,1980-07-30,40-64,Alappuzha,+91-00142-00590,en
P04186,Rushil Deol,M,2006-12-09,18-39,Alappuzha,+91-00094-05083,en
P04187,Damini Memon,F,2016-08-11,5-11,Alappuzha,+91-00341-83958,ml
P04188,Neel Kar,M,2018-04-02,5-11,Pune,+91-00680-44212,en
P04189,Anusha Korpal,F,2016-07-07,5-11,Kozhikode,+91-00943-48723,ml
P04190,Laksh Bal,M,1986-07-30,18-39,Kodagu,+91-00089-01972,ml
P04191,Isaac Kanda,M,2019-12-19,5-11,Kanyakumari,+91-00506-22499,en
P04192,Isaiah Sarraf,M,1976-04-14,40-64,Palakkad,+91-00372-30956,ml
P04193,Eta Arora,F,1969-01-21,40-64,Thrissur,+91-00398-96224,hi
P04194,Keya Bail,F,1930-08-01,65+,Thrissur,+91-00068-10911,en
P04195,Theodore Sachdeva,M,1990-10-18,18-39,Malappuram,+91-00288-74271,ml
P04196,Triveni Grewal,F,1974-02-24,40-64,Kozhikode,+91-00252-24908,ml
P04197,Rishi Lal,M,2018-10-05,5-11,Palakkad,+91-00718-60174,en
P04198,Lekha Sankar,F,1949-12-02,65+,Ernakulam,+91-00641-65940,ta
P04199,Qabil Keer,M,2021-12-28,1-4,Malappuram,+91-00636-55552,ml
P04200,Rachana Bose,F,2019-07-20,5-11,Pathanamthitta,+91-00519-76709,ml
P04201,Oeshi Koshy,F,1969-05-13,40-64,Thrissur,+91-00342-32206,en
P04202,Chasmum Tripathi,F,1968-11-14,40-64,Thrissur,+91-00243-83032,ml
P04203,Naksh Cheema,M,2020-03-02,5-11,Thrissur,+91-00011-20925,ml
P04204,Priya Kapur,F,1998-11-15,18-39,Thrissur,+91-00147-37358,ml
P04205,Lipika Bera,F,1940-07-07,65+,Kozhikode,+91-00219-50527,ml
P04206,Urvashi Tank,F,1950-04-18,65+,Kozhikode,+91-00975-42733,ml
P04207,Bachittar Garg,M,1983-08-12,40-64,Kottayam,+91-00970-30896,ml
P04208,Vanya Bhandari,F,2020-07-13,5-11,Idukki,+91-00767-13803,ml
P04209,William Divan,M,1984-10-29,40-64,Thiruvananthapuram,+91-00610-75144,ml
P04210,Peter Bhattacharyya,M,1946-04-11,65+,Kollam,+91-00668-93765,hi
P04211,Jonathan Bala,M,1980-09-21,40-64,Alappuzha,+91-00600-58633,ml
P04212,Upasna Deol,F,1996-06-02,18-39,Kozhikode,+91-00646-35361,ml
P04213,Hritik Seth,M,1932-03-13,65+,Kannur,+91-00219-90542,ta
P04214,Max Narayanan,M,2024-03-08,1-4,Alappuzha,+91-00976-93141,hi
P04215,Yashoda Ray,F,1985-12-09,18-39,Kanyakumari,+91-00756-22354,ta
P04216,Nisha Ahuja,F,1943-06-26,65+,Idukki,+91-00234-30954,ml
P04217,Rachita Dar,F,1969-02-08,40-64,Kannur,+91-00513-23599,en
P04218,Azad Wagle,M,2013-09-04,5-11,Ernakulam,+91-00789-08443,en
P04219,Gaurika Hayer,F,1943-01-18,65+,Kozhikode,+91-00911-45253,en
P04220,Gaurav Golla,M,1965-01-18,40-64,Idukki,+91-00383-45018,ml
P04221,Yug Dar,M,1975-10-05,40-64,Kollam,+91-00483-55150,ml
P04222,Chaitanya Chandra,M,2021-08-01,1-4,Alappuzha,+91-00309-30406,ml
P04223,Rishi Reddy,M,1996-11-26,18-39,Malappuram,+91-00376-15606,en
P04224,Warjas Devi,M,2017-04-23,5-11,Kodagu,+91-00227-41871,ml
P04225,Gavin Char,M,1967-07-12,40-64,Palakkad,+91-00029-41980,ml
P04226,Peter Goel,M,1999-07-09,18-39,Kozhikode,+91-00416-00260,en
P04227,Jonathan Tata,M,1996-11-29,18-39,Thiruvananthapuram,+91-00470-66165,ta
P04228,Hiral Lad,F,2016-04-07,5-11,Kozhikode,+91-00779-38720,hi
P04229,Harish Karan,M,1984-09-08,40-64,Kannur,+91-00522-07837,en
P04230,Chaitaly Nori,F,1995-03-29,18-39,Idukki,+91-00326-66364,ml
P04231,Charvi Viswanathan,F,1967-07-20,40-64,Thrissur,+91-00463-95410,ta
P04232,Advaith Bhat,M,2016-01-22,5-11,Thiruvananthapuram,+91-00796-90707,ml
P04233,Rachit Chandran,M,1968-01-12,40-64,Pathanamthitta,+91-00480-07666,ml
P04234,Aachal Wadhwa,F,1987-01-28,18-39,Thiruvananthapuram,+91-00555-94586,ml
P04235,Aahana Narain,F,2024-02-07,1-4,Kozhikode,+91-00172-96033,en
P04236,Niharika Bala,F,2021-11-08,1-4,Kannur,+91-00007-61413,ml
P04237,Bakhshi Gera,M,1978-11-07,40-64,Kollam,+91-00929-21117,ml
P04238,Zaid Gopal,M,2000-06-04,18-39,Kodagu,+91-00267-80732,ml
P04239,Pooja Chatterjee,F,2002-01-24,18-39,Kannur,+91-00347-65520,en
P04240,Ridhi Goel,F,1950-10-04,65+,Palakkad,+91-00114-67202,en
P04241,Gaurang Tripathi,M,2003-02-07,18-39,Satara,+91-00512-50071,ml
P04242,Tristan Balasubramanian,M,2005-11-04,18-39,Coimbatore,+91-00737-44775,ml
P04243,Darpan Muni,M,1969-12-10,40-64,Alappuzha,+91-00686-42600,ta
P04244,Darika Palla,F,1977-04-04,40-64,Pune,+91-00855-55593,ml
P04245,Fiyaz Chaudhry,M,1991-11-19,18-39,Ernakulam,+91-00286-87881,ml
P04246,Inaya Dubey,F,1997-09-20,18-39,Pathanamthitta,+91-00314-94234,en
P04247,Vasana Ramachandran,F,1994-05-15,18-39,Pathanamthitta,+91-00965-55786,en
P04248,Devika Bhatti,F,2021-02-23,1-4,Malappuram,+91-00456-26572,en
P04249,Krishna Pau,F,1972-08-08,40-64,Satara,+91-00834-26873,ml
P04250,Kashvi Swaminathan,F,1978-05-19,40-64,Ernakulam,+91-00611-80409,ta
P04251,Saksham Barman,M,1988-11-20,18-39,Palakkad,+91-00180-17263,ml
P04252,Ayushman Srinivasan,M,2021-05-28,1-4,Kottayam,+91-00957-98744,ta
P04253,Chakradev Nagi,M,1968-11-19,40-64,Kanyakumari,+91-00324-23222,ml
P04254,Harish Mandal,M,1995-12-18,18-39,Kollam,+91-00641-58355,ml
P04255,Ekansh Sem,M,2005-02-11,18-39,Palakkad,+91-00254-21558,ml
P04256,Mugdha Sandhu,F,2022-12-29,1-4,Palakkad,+91-00575-27489,ml
P04257,Urishilla Purohit,F,2019-01-26,5-11,Thiruvananthapuram,+91-00541-68745,ml
P04258,Xalak Bajwa,F,1936-04-15,65+,Pune,+91-00261-57166,ta
P04259,Charles Nagy,M,1991-02-01,18-39,Satara,+91-00988-53775,ta
P04260,Robert Mohan,M,1982-12-01,40-64,Ernakulam,+91-00140-73499,ml
P04261,Maanas Bhakta,M,1997-01-06,18-39,Kozhikode,+91-00443-71658,ta
P04262,Ijaya Chakraborty,F,1978-01-21,40-64,Kanyakumari,+91-00031-71160,ta
P04263,Gabriel Murthy,M,1988-09-03,18-39,Kollam,+91-00682-00375,hi
P04264,Amrita Batta,F,1986-10-10,18-39,Kollam,+91-00462-46995,ml
P04265,Sanya Guha,F,1980-12-21,40-64,Malappuram,+91-00560-61633,ml
P04266,Ati Saraf,F,1990-10-01,18-39,Thrissur,+91-00698-91350,hi
P04267,Qasim Basu,M,1978-09-11,40-64,Malappuram,+91-00764-31068,en
P04268,Chandran Shankar,M,1994-03-03,18-39,Palakkad,+91-00965-47826,ml
P04269,Indrajit Nagarajan,M,1979-09-16,40-64,Kozhikode,+91-00863-48532,ml
P04270,Ishani Tandon,F,2006-11-10,18-39,Pathanamthitta,+91-00323-72283,ml
P04271,Abhimanyu Bath,M,2003-02-06,18-39,Alappuzha,+91-00727-12066,ml
P04272,Ishanvi Dada,F,1997-03-23,18-39,Alappuzha,+91-00075-75786,ml
P04273,Aahana Khosla,F,2001-01-14,18-39,Idukki,+91-00136-45903,en
P04274,Gaurang Ramakrishnan,M,2000-02-27,18-39,Kozhikode,+91-00459-43941,ml
P04275,Quincy Ratti,M,1973-12-09,40-64,Kannur,+91-00459-95070,ml
P04276,Faras Dhar,M,2024-12-12,<1,Idukki,+91-00505-86773,ml
P04277,Leela Sami,F,1990-10-01,18-39,Palakkad,+91-00475-47179,ml
P04278,Harsh Mahajan,M,1978-07-06,40-64,Kottayam,+91-00641-23389,ml
P04279,Aashi Sagar,F,1977-01-07,40-64,Ernakulam,+91-00954-93182,ml
P04280,Ranbir Mall,M,1992-06-10,18-39,Pune,+91-00172-14679,ta
P04281,Widisha Kulkarni,F,2014-03-10,5-11,Alappuzha,+91-00357-19021,ml
P04282,Rudra Barman,M,1987-05-05,18-39,Kannur,+91-00074-80823,ml
P04283,Eesha Kapoor,F,1971-11-29,40-64,Thiruvananthapuram,+91-00199-36854,ml
P04284,Dakshesh D’Alia,M,2023-05-16,1-4,Kottayam,+91-00987-39894,en
P04285,Yash Bhavsar,M,1979-04-12,40-64,Malappuram,+91-00039-24347,ml
P04286,Nihal Ganesh,M,2024-04-07,1-4,Kannur,+91-00213-55604,en
P04287,Sneha Mane,F,1972-06-27,40-64,Palakkad,+91-00426-07687,ml
P04288,Meghana Lal,F,1974-07-03,40-64,Kanyakumari,+91-00292-46825,ml
P04289,Dipta Rana,F,1994-11-07,18-39,Kannur,+91-00545-41745,ml
P04290,Chameli Tank,F,2001-07-09,18-39,Palakkad,+91-00990-49140,en
P04291,Devansh Vasa,M,2020-08-30,1-4,Kottayam,+91-00703-57161,en
P04292,Wahab Srinivas,M,2015-03-08,5-11,Idukki,+91-00405-02833,ta
P04293,Dayita Karnik,F,2017-02-12,5-11,Palakkad,+91-00682-85939,ml
P04294,Rishi Gour,M,1976-09-06,40-64,Malappuram,+91-00872-79323,ml
P04295,Bahadurjit Khurana,M,1983-08-09,40-64,Idukki,+91-00229-45159,en
P04296,Reva Sarma,F,2002-06-21,18-39,Idukki,+91-00716-73165,ml
P04297,Timothy Barman,M,1965-10-15,40-64,Pathanamthitta,+91-00613-04924,en
P04298,Henry Nadkarni,M,1980-04-29,40-64,Thiruvananthapuram,+91-00733-56558,ml
P04299,Advika Dua,F,1995-09-28,18-39,Ernakulam,+91-00084-53888,ml
P04300,Jeremiah Gill,M,1993-07-21,18-39,Kannur,+91-00732-93556,en
P04301,Vihaan Iyer,M,1954-05-26,65+,Kozhikode,+91-00788-26188,ml
P04302,Shivani Rai,F,2001-01-13,18-39,Satara,+91-00687-67504,ta
P04303,Mugdha Tiwari,F,1952-10-27,65+,Malappuram,+91-00197-82996,en
P04304,Isaiah Gour,M,1988-08-26,18-39,Alappuzha,+91-00161-75010,ml
P04305,Oliver Sarna,M,2025-04-28,<1,Malappuram,+91-00738-96136,ml
P04306,Urvi Boase,F,2019-12-13,5-11,Kannur,+91-00647-07209,ml
P04307,Zarna Mani,F,2005-05-06,18-39,Malappuram,+91-00983-38354,ml
P04308,Ekbal Nadkarni,M,1980-05-27,40-64,Ernakulam,+91-00454-86769,ml
P04309,Dayita Bhattacharyya,F,1970-04-14,40-64,Palakkad,+91-00229-66229,ml
P04310,Abhiram Gara,M,1991-11-03,18-39,Thiruvananthapuram,+91-00769-52973,en
P04311,Reva Barad,F,1985-01-04,40-64,Alappuzha,+91-00748-71317,ml
P04312,Charles Kaur,M,1935-06-10,65+,Pathanamthitta,+91-00522-09151,ml
P04313,Sai Aggarwal,F,1967-10-23,40-64,Idukki,+91-00746-78970,ml
P04314,Rishi Dar,M,1998-03-01,18-39,Coimbatore,+91-00310-81850,en
P04315,Anita Borah,F,2023-06-10,1-4,Pathanamthitta,+91-00215-17103,ml
P04316,Wazir Raju,M,1989-02-17,18-39,Kollam,+91-00126-55223,ta
P04317,Sara Sengupta,F,1966-04-19,40-64,Kannur,+91-00290-69452,ta
P04318,Xalak Krishna,F,1998-03-16,18-39,Kanyakumari,+91-00654-42670,ta
P04319,Vasana Srinivas,F,1972-06-05,40-64,Thrissur,+91-00258-91529,en
P04320,Utkarsh Yadav,M,1972-04-14,40-64,Idukki,+91-00883-34708,ta
P04321,Isaac Dhawan,M,1983-12-14,40-64,Ernakulam,+91-00249-80394,ml
P04322,Harita Rama,F,1965-06-20,40-64,Malappuram,+91-00684-45671,en
P04323,Gaurika Pillai,F,1997-01-08,18-39,Kannur,+91-00527-72510,ml
P04324,Tarak Mital,M,2017-06-02,5-11,Pathanamthitta,+91-00211-99655,ml
P04325,Ansh Sharaf,M,2007-04-08,18-39,Coimbatore,+91-00556-12703,hi
P04326,Ishaan Ratti,M,1998-04-09,18-39,Malappuram,+91-00954-99659,ml
P04327,Qushi Joshi,F,2019-04-17,5-11,Kozhikode,+91-00944-69853,ml
P04328,Shivansh Sahni,M,1996-04-23,18-39,Kollam,+91-00291-53055,ml
P04329,Varsha Sawhney,F,1971-11-20,40-64,Kodagu,+91-00536-50916,ml
P04330,Vedika Patla,F,1977-07-25,40-64,Thrissur,+91-00150-31104,ta
P04331,Omaja Rastogi,F,2018-01-24,5-11,Idukki,+91-00469-52848,ta
P04332,Zilmil Jha,F,1996-07-06,18-39,Idukki,+91-00321-73043,ml
P04333,Janani Halder,F,2020-12-24,1-4,Kottayam,+91-00929-46677,ml
P04334,Rajata Sheth,F,1960-03-22,65+,Pathanamthitta,+91-00632-19244,ml
P04335,Rachit Mohanty,M,1995-12-23,18-39,Thiruvananthapuram,+91-00184-07291,en
P04336,Shravya Dhaliwal,F,2015-08-20,5-11,Alappuzha,+91-00992-30168,ml
P04337,Chatura Sethi,M,2020-06-24,5-11,Thrissur,+91-00694-62386,en
P04338,Triveni Behl,F,2018-12-18,5-11,Malappuram,+91-00134-16653,en
P04339,Ikbal Nazareth,M,1973-11-10,40-64,Kozhikode,+91-00799-79561,ml
P04340,Sanaya Varughese,F,1968-12-28,40-64,Palakkad,+91-00557-34434,ml
P04341,Hemangini Savant,F,2024-11-03,<1,Kollam,+91-00400-79089,ml
P04342,Harshil Raju,M,2025-06-07,<1,Ernakulam,+91-00196-08798,en
P04343,Laban Dugal,M,1993-05-04,18-39,Malappuram,+91-00277-18969,en
P04344,Ira Dora,F,1975-03-13,40-64,Kozhikode,+91-00167-46381,hi
P04345,Nathan Sidhu,M,2005-01-01,18-39,Kottayam,+91-00803-69165,ml
P04346,Dhruv Sur,M,1987-02-17,18-39,Kodagu,+91-00272-42416,hi
P04347,Zilmil Banik,F,1987-01-10,18-39,Kannur,+91-00469-38937,ml
P04348,Bhavini Chada,F,1971-12-24,40-64,Kanyakumari,+91-00967-94994,ml
P04349,Aarna Bera,F,2002-05-15,18-39,Malappuram,+91-00994-41913,ml
P04350,Chakradev Munshi,M,1970-04-08,40-64,Idukki,+91-00791-73575,ml
P04351,Harrison Dora,M,1976-06-19,40-64,Kodagu,+91-00798-16151,ml
P04352,Mitesh Bhatti,M,2019-06-15,5-11,Coimbatore,+91-00944-93854,ml
P04353,Nisha Sekhon,F,1950-08-20,65+,Kannur,+91-00796-57266,en
P04354,Omkaar Gill,M,2016-11-02,5-11,Coimbatore,+91-00450-24816,en
P04355,Max Chaudhuri,M,2009-07-05,12-17,Kodagu,+91-00060-96135,en
P04356,Faqid Gade,M,2001-05-15,18-39,Kozhikode,+91-00208-34153,ta
P04357,Dhriti Walia,F,1965-05-15,40-64,Pathanamthitta,+91-00444-67636,en
P04358,Fariq Singh,M,1987-07-09,18-39,Thrissur,+91-00265-21555,hi
P04359,Jeet Comar,M,1950-09-07,65+,Palakkad,+91-00329-32990,ml
P04360,Vamakshi Chatterjee,F,1983-07-14,40-64,Kannur,+91-00058-39121,hi
P04361,Ekansh Raj,M,1972-09-28,40-64,Thrissur,+91-00552-44714,ml
P04362,Ranveer Sood,M,1974-04-17,40-64,Thrissur,+91-00351-91727,ml
P04363,Advaith Patil,M,1983-12-28,40-64,Satara,+91-00258-84317,en
P04364,Hemani Sem,F,1964-12-15,40-64,Ernakulam,+91-00610-65218,ml
P04365,Yatan Padmanabhan,M,1971-01-14,40-64,Kollam,+91-00276-96610,ml
P04366,Brijesh Pingle,M,2022-05-12,1-4,Kozhikode,+91-00476-50698,ml
P04367,Gaurang Deshmukh,M,1932-11-03,65+,Idukki,+91-00246-47858,en
P04368,Ronith Doctor,M,2001-05-10,18-39,Alappuzha,+91-00680-93696,ta
P04369,Guneet Nagi,M,2016-05-20,5-11,Palakkad,+91-00854-15655,ml
P04370,Chakrika Pant,F,1973-02-09,40-64,Pune,+91-00081-95255,ml
P04371,Abhiram Sahni,M,1977-01-31,40-64,Kottayam,+91-00819-15138,en
P04372,Qabil Krishnan,M,2024-06-24,1-4,Idukki,+91-00851-76172,ml
P04373,Logan Venkatesh,M,1988-01-18,18-39,Ernakulam,+91-00964-16074,ml
P04374,Wishi Nagar,F,2013-12-18,5-11,Malappuram,+91-00827-36505,ml
P04375,Ati Khare,F,1994-07-19,18-39,Idukki,+91-00552-25863,en
P04376,Karan Sen,M,2022-11-24,1-4,Ernakulam,+91-00070-69683,ml
P04377,Om Baria,M,1954-06-09,65+,Kozhikode,+91-00074-46539,ml
P04378,Veer Buch,M,2001-05-31,18-39,Satara,+91-00196-91968,ml
P04379,Amol De,M,1963-06-03,40-64,Kottayam,+91-00447-18580,ml
P04380,Aditya Mittal,M,2023-06-09,1-4,Palakkad,+91-00955-68802,ml
P04381,Irya Singhal,F,1997-05-30,18-39,Kannur,+91-00175-35464,en
P04382,Rishi Banik,M,1996-07-24,18-39,Alappuzha,+91-00538-77751,ta
P04383,Riya Nayak,F,1987-05-20,18-39,Kannur,+91-00998-84080,ml
P04384,Yashvi Samra,F,1962-03-28,40-64,Idukki,+91-00013-47617,ml
P04385,Onveer Deo,M,1975-10-02,40-64,Kollam,+91-00046-30213,ml
P04386,Kalpit Hans,M,2002-04-22,18-39,Thiruvananthapuram,+91-00269-26610,hi
P04387,Lohit Loke,M,1964-09-25,40-64,Thiruvananthapuram,+91-00225-40006,ml
P04388,Umang Chad,M,2015-10-05,5-11,Kannur,+91-00498-95464,ta
P04389,Yashoda Comar,F,2007-03-02,18-39,Malappuram,+91-00420-02357,ta
P04390,Eesha Chhabra,F,1997-12-22,18-39,Kannur,+91-00583-30056,hi
P04391,Bishakha Goel,F,1959-07-16,65+,Kozhikode,+91-00147-67052,ta
P04392,Bhavini Dube,F,1983-11-24,40-64,Idukki,+91-00685-34895,ml
P04393,Chameli Borra,F,1964-11-19,40-64,Kodagu,+91-00214-49004,en
P04394,Abha Om,F,2011-08-02,12-17,Coimbatore,+91-00451-96938,hi
P04395,Faras Sharma,M,2013-07-31,12-17,Kottayam,+91-00033-17940,en
P04396,Chatresh Dara,M,1971-08-10,40-64,Kannur,+91-00797-94830,en
P04397,Ekiya Iyengar,F,1993-04-04,18-39,Kannur,+91-00627-31619,ta
P04398,Girik Chand,M,1970-05-10,40-64,Ernakulam,+91-00208-84417,en
P04399,Aadhya Sant,F,2016-02-27,5-11,Kollam,+91-00601-40806,en
P04400,Jagrati Bedi,F,1992-12-31,18-39,Kottayam,+91-00437-14867,en
P04401,Rishi Nagi,M,1985-07-09,40-64,Satara,+91-00826-04860,ml
P04402,Vyanjana Hora,F,1989-03-13,18-39,Kozhikode,+91-00983-16760,ml
P04403,Idika Singh,F,2019-03-28,5-11,Kannur,+91-00124-07244,en
P04404,Bhavani Savant,F,1979-12-12,40-64,Kodagu,+91-00490-05638,hi
P04405,Zehaan Ahuja,M,1967-02-16,40-64,Pathanamthitta,+91-00258-79895,ta
P04406,Hema Hora,F,1995-05-01,18-39,Satara,+91-00749-34263,ml
P04407,Ekbal Gulati,M,1995-05-25,18-39,Thrissur,+91-00034-15823,ta
P04408,Bishakha Guha,F,1992-11-16,18-39,Kozhikode,+91-00544-46663,ml
P04409,Naveen Kari,M,1973-01-28,40-64,Kottayam,+91-00857-48323,en
P04410,Rudra Minhas,M,2017-10-20,5-11,Kottayam,+91-00389-62558,hi
P04411,Yashica Mangal,F,1989-06-17,18-39,Idukki,+91-00837-81722,hi
P04412,Unni Krishna,F,2021-03-31,1-4,Kottayam,+91-00146-41869,en
P04413,Kavya Wali,F,1999-06-27,18-39,Thiruvananthapuram,+91-00918-80804,en
P04414,Jeremiah Manda,M,2014-01-17,5-11,Kottayam,+91-00791-11529,ml
P04415,Bachittar Bhatia,M,1997-01-10,18-39,Malappuram,+91-00391-83204,en
P04416,Xiti Padmanabhan,F,2002-05-23,18-39,Coimbatore,+91-00130-71771,ml
P04417,Tanveer Buch,M,1983-01-31,40-64,Thiruvananthapuram,+91-00520-72856,ml
P04418,Abeer Chakrabarti,M,2016-09-20,5-11,Thiruvananthapuram,+91-00670-09478,ta
P04419,Pratyush Bhatti,M,2019-03-17,5-11,Palakkad,+91-00128-33671,ml
P04420,Odika Seshadri,F,1979-10-08,40-64,Malappuram,+91-00933-93688,en
P04421,Wakeeta Prabhakar,F,1974-02-13,40-64,Palakkad,+91-00762-23973,ml
P04422,Netra Suresh,F,1972-06-03,40-64,Satara,+91-00951-71738,ml
P04423,Girish Kari,M,1985-01-04,40-64,Alappuzha,+91-00299-71116,ml
P04424,Anvi Pandit,F,2001-11-10,18-39,Ernakulam,+91-00433-47827,ml
P04425,Vidhi Shenoy,F,1967-04-10,40-64,Kodagu,+91-00240-64330,ml
P04426,Saksham Sheth,M,2005-11-17,18-39,Palakkad,+91-00273-92313,en
P04427,Upkaar Dua,M,1986-09-29,18-39,Palakkad,+91-00145-25167,en
P04428,Reyansh Saini,M,2020-03-29,5-11,Kodagu,+91-00125-24083,ml
P04429,Ekiya Nadig,F,2000-12-26,18-39,Kottayam,+91-00670-94570,ta
P04430,Falguni Ratta,F,2015-07-27,5-11,Pathanamthitta,+91-00156-22287,en
P04431,Advika Saraf,F,1973-02-26,40-64,Kollam,+91-00133-80800,en
P04432,Faqid Gour,M,1986-10-01,18-39,Kannur,+91-00534-36378,en
P04433,Champak Babu,M,2004-04-16,18-39,Kanyakumari,+91-00703-08473,en
P04434,Warinder Doctor,M,1970-02-17,40-64,Alappuzha,+91-00778-09490,ml
P04435,Om Hora,M,1945-02-13,65+,Ernakulam,+91-00580-03133,ml
P04436,Yadavi Ramanathan,F,2002-12-06,18-39,Palakkad,+91-00201-62475,ml
P04437,Max Mall,M,1985-05-26,40-64,Kollam,+91-00573-44774,en
P04438,Girish Sur,M,1984-10-13,40-64,Kanyakumari,+91-00625-83665,ml
P04439,Tarak Saran,M,2003-03-10,18-39,Idukki,+91-00258-97231,hi
P04440,Widisha Bhasin,F,1958-08-15,65+,Kanyakumari,+91-00144-97828,ml
P04441,Chatresh Bhavsar,M,2018-10-15,5-11,Kozhikode,+91-00925-42796,ml
P04442,William Mann,M,1966-06-16,40-64,Kottayam,+91-00095-40682,ml
P04443,Kamya Venkataraman,F,1978-08-07,40-64,Kozhikode,+91-00277-57942,ta
P04444,Hritik Saha,M,1959-08-27,65+,Kozhikode,+91-00231-06761,ml
P04445,Abeer Morar,M,2017-01-11,5-11,Kottayam,+91-00891-86626,en
P04446,Pallavi Mukhopadhyay,F,1991-05-13,18-39,Alappuzha,+91-00501-85126,en
P04447,Divya Dayal,F,1974-10-15,40-64,Kannur,+91-00956-92011,ml
P04448,Onkar Prakash,M,1996-09-09,18-39,Malappuram,+91-00828-04385,en
P04449,Qasim Solanki,M,1972-10-02,40-64,Kozhikode,+91-00754-91873,ta
P04450,Adya Sekhon,F,2021-05-06,1-4,Kottayam,+91-00176-06631,en
P04451,Sathvik Koshy,M,1985-12-24,18-39,Kozhikode,+91-00344-82345,ml
P04452,Nihal Kaur,M,1989-03-07,18-39,Kozhikode,+91-00820-58417,en
P04453,Wazir Mand,M,1980-03-25,40-64,Kottayam,+91-00983-16357,en
P04454,Noah Hayer,M,1955-03-31,65+,Alappuzha,+91-00877-87074,ta
P04455,Oeshi Karnik,F,1993-05-07,18-39,Ernakulam,+91-00948-29206,ml
P04456,Jeet Suresh,M,1968-01-01,40-64,Kozhikode,+91-00641-27584,ta
P04457,Aditya Munshi,M,2023-01-19,1-4,Pathanamthitta,+91-00482-96047,ta
P04458,Sanaya Divan,F,1968-09-19,40-64,Coimbatore,+91-00514-76892,ml
P04459,Chaitaly Wadhwa,F,2018-07-04,5-11,Alappuzha,+91-00458-00049,en
P04460,Vedhika Lata,F,1981-04-21,40-64,Kannur,+91-00154-67227,ml
P04461,Umang Ramachandran,M,1994-03-11,18-39,Pathanamthitta,+91-00305-31201,ml
P04462,Lakshit Dhar,M,2005-09-19,18-39,Kozhikode,+91-00090-82102,en
P04463,Ayushman Som,M,1983-10-20,40-64,Palakkad,+91-00088-53748,ml
P04464,Isaac Aggarwal,M,1956-05-13,65+,Malappuram,+91-00311-90635,ml
P04465,Pranav Subramanian,M,2013-11-18,5-11,Satara,+91-00666-06834,en
P04466,Laban Nagarajan,M,2022-09-06,1-4,Thiruvananthapuram,+91-00613-16558,hi
P04467,Nirja Yadav,F,2023-02-02,1-4,Pathanamthitta,+91-00559-24345,ml
P04468,Ijaya Dara,F,1973-10-27,40-64,Kollam,+91-00748-47319,ml
P04469,Bhavani Hayer,F,1976-03-19,40-64,Thrissur,+91-00422-87830,ml
P04470,Jeet Puri,M,1956-07-30,65+,Kannur,+91-00442-23510,ml
P04471,Abdul Misra,M,1964-09-07,40-64,Thiruvananthapuram,+91-00518-80985,hi
P04472,Harsh Dhawan,M,1998-12-08,18-39,Kannur,+91-00066-28241,ml
P04473,Amaira Balakrishnan,F,1995-09-20,18-39,Ernakulam,+91-00581-24138,en
P04474,Balveer Pillay,M,2024-07-02,1-4,Pune,+91-00750-05677,ml
P04475,Falak Sekhon,F,1977-02-12,40-64,Idukki,+91-00263-58814,hi
P04476,Gaurangi Sawhney,F,1997-07-20,18-39,Satara,+91-00854-35324,ml
P04477,Darika Mahal,F,1991-11-18,18-39,Thrissur,+91-00266-92740,hi
P04478,Manya Hora,F,1959-12-26,65+,Satara,+91-00513-20255,en
P04479,Meghana Gaba,F,1974-06-23,40-64,Malappuram,+91-00874-02859,hi
P04480,Ojasvi Badal,F,1973-12-01,40-64,Kottayam,+91-00738-90586,ml
P04481,Ati Narain,F,1933-08-16,65+,Kannur,+91-00576-91501,ta
P04482,Qarin Dhar,M,2013-07-31,12-17,Ernakulam,+91-00622-59757,ml
P04483,Riya Bal,F,1996-11-16,18-39,Kottayam,+91-00108-17844,en
P04484,Neel Randhawa,M,1989-04-07,18-39,Ernakulam,+91-00699-68179,en
P04485,Omisha Banerjee,F,1996-01-21,18-39,Kanyakumari,+91-00611-20910,ml
P04486,Neel Baral,M,1966-08-28,40-64,Kozhikode,+91-00084-08526,ml
P04487,Dominic Taneja,M,1987-06-20,18-39,Pathanamthitta,+91-00124-21812,ml
P04488,Bhavna Dey,F,2019-05-29,5-11,Kannur,+91-00971-77987,ta
P04489,Charan Virk,M,1978-11-04,40-64,Ernakulam,+91-00178-30711,ml
P04490,Jacob Chanda,M,1975-08-12,40-64,Kollam,+91-00895-44956,ml
P04491,Pranav Nigam,M,1999-04-06,18-39,Pathanamthitta,+91-00275-32830,en
P04492,Samuel Oza,M,1986-09-06,18-39,Thiruvananthapuram,+91-00396-54294,en
P04493,Yatin Rattan,M,1975-02-15,40-64,Malappuram,+91-00555-53244,ml
P04494,Zaitra Saha,F,2018-06-18,5-11,Alappuzha,+91-00625-29707,ml
P04495,Garima Chakraborty,F,1994-09-23,18-39,Kollam,+91-00497-82943,en
P04496,Vanya Dutt,F,1972-11-02,40-64,Idukki,+91-00348-98247,ta
P04497,Leena Karan,F,1992-10-02,18-39,Kanyakumari,+91-00498-37589,ml
P04498,Baghyawati Bajwa,F,1982-05-21,40-64,Palakkad,+91-00700-39139,ml
P04499,Isaiah Srinivas,M,1998-03-24,18-39,Ernakulam,+91-00396-37459,en
P04500,Ansh Kanda,M,1973-06-30,40-64,Kozhikode,+91-00545-04179,ml
P04501,Ganga Devan,F,2017-04-08,5-11,Kollam,+91-00379-76819,ta
P04502,Ojasvi Ram,F,1985-12-19,18-39,Coimbatore,+91-00329-53903,en
P04503,Adya Uppal,F,1988-01-23,18-39,Pathanamthitta,+91-00298-94148,ta
P04504,Xiti Bajwa,F,1989-07-14,18-39,Thiruvananthapuram,+91-00223-77723,ml
P04505,Bhavna Baria,F,2018-08-05,5-11,Idukki,+91-00760-40586,ml
P04506,Andrew Joshi,M,1969-04-18,40-64,Thiruvananthapuram,+91-00983-98652,en
P04507,Xalak Amble,F,1959-03-01,65+,Pathanamthitta,+91-00028-56863,ml
P04508,Banjeet Pillai,M,1995-06-23,18-39,Kozhikode,+91-00196-99843,ml
P04509,Rushil Kala,M,1979-12-25,40-64,Idukki,+91-00964-42308,ml
P04510,Aarush Manda,M,1974-01-28,40-64,Thiruvananthapuram,+91-00341-81876,ml
P04511,Rachit Vaidya,M,1992-12-29,18-39,Malappuram,+91-00388-73078,ml
P04512,Fariq Jaggi,M,1952-07-09,65+,Kozhikode,+91-00662-28412,ml
P04513,Oliver Hayre,M,1979-08-20,40-64,Coimbatore,+91-00352-93273,ml
P04514,Kalpit Ramaswamy,M,2015-11-19,5-11,Pathanamthitta,+91-00492-41753,en
P04515,Mekhala Seth,F,2023-05-23,1-4,Kanyakumari,+91-00900-57224,ml
P04516,Udant Vala,M,2012-02-18,12-17,Kozhikode,+91-00564-38879,en
P04517,Ishani Goyal,F,1985-04-24,40-64,Palakkad,+91-00666-04413,en
P04518,Ansh Ram,M,1990-08-21,18-39,Alappuzha,+91-00217-82008,en
P04519,Ishanvi Iyengar,F,1971-01-14,40-64,Ernakulam,+91-00261-98423,ta
P04520,Jalsa Mitter,F,1992-07-12,18-39,Pathanamthitta,+91-00891-38164,hi
P04521,Vedika Bhagat,F,2014-08-03,5-11,Kozhikode,+91-00917-71509,ml
P04522,Jonathan Kalla,M,1960-11-05,40-64,Kozhikode,+91-00806-47005,ml
P04523,Nilima Arora,F,1950-05-30,65+,Pathanamthitta,+91-00122-54663,en
P04524,Gautam Nath,M,1935-10-16,65+,Alappuzha,+91-00818-09047,en
P04525,Yahvi Rama,F,1974-05-25,40-64,Coimbatore,+91-00019-82089,ml
P04526,Veer Raman,M,1983-10-04,40-64,Ernakulam,+91-00596-52190,hi
P04527,Yatan Srinivasan,M,1993-01-30,18-39,Thrissur,+91-00675-68430,ta
P04528,Kritika Brahmbhatt,F,1972-05-13,40-64,Pune,+91-00426-61065,ta
P04529,Aachal Balasubramanian,F,1936-10-31,65+,Pathanamthitta,+91-00479-20691,ml
P04530,Aashi Mahal,F,2004-07-04,18-39,Palakkad,+91-00741-37596,ml
P04531,Max Saxena,M,2001-05-14,18-39,Kannur,+91-00894-39715,ml
P04532,Gauri Chatterjee,F,1978-01-16,40-64,Kottayam,+91-00189-82836,ml
P04533,Qarin Kale,M,2004-01-07,18-39,Kottayam,+91-00138-98701,ml
P04534,Udyati Pradhan,F,2004-06-01,18-39,Coimbatore,+91-00629-48167,ml
P04535,Meera Sahni,F,1958-04-05,65+,Kollam,+91-00230-20174,ta
P04536,Neha Banerjee,F,2021-04-06,1-4,Pathanamthitta,+91-00194-83300,ml
P04537,Matthew Dhar,M,1993-10-18,18-39,Idukki,+91-00203-03565,en
P04538,Vasatika Jayaraman,F,1999-06-26,18-39,Kannur,+91-00196-61019,ml
P04539,Amruta Soni,F,2017-01-26,5-11,Ernakulam,+91-00477-37301,hi
P04540,Advika Chowdhury,F,1998-08-23,18-39,Alappuzha,+91-00964-34345,hi
P04541,Jacob Shah,M,2013-10-04,5-11,Ernakulam,+91-00828-12417,en
P04542,Krishna Bajaj,M,2014-02-20,5-11,Ernakulam,+91-00543-13097,ml
P04543,Bhavika Dua,F,1976-01-08,40-64,Kozhikode,+91-00081-67992,ml
P04544,Bachittar Rao,M,1930-08-01,65+,Kanyakumari,+91-00672-57447,en
P04545,Amruta Barad,F,1992-11-13,18-39,Kottayam,+91-00451-27068,ta
P04546,Tarak Shroff,M,1958-08-12,65+,Kozhikode,+91-00778-18939,hi
P04547,Gagan Arya,M,1981-07-03,40-64,Kozhikode,+91-00493-94269,ml
P04548,Bhavika Mand,F,2009-01-03,12-17,Kozhikode,+91-00668-84499,ml
P04549,Wriddhish Jain,M,1992-06-07,18-39,Palakkad,+91-00200-02564,ml
P04550,Amaira Magar,F,1962-06-04,40-64,Thiruvananthapuram,+91-00833-56287,ml
P04551,Jacob Sem,M,2014-07-21,5-11,Malappuram,+91-00779-84255,en
P04552,Anya Saran,F,1994-06-19,18-39,Palakkad,+91-00374-11062,ml
P04553,Jack Batta,M,2018-01-01,5-11,Palakkad,+91-00963-30485,ta
P04554,Qabil Chakrabarti,M,1985-09-01,18-39,Kottayam,+91-00160-57089,ml
P04555,Vedant Sodhi,M,1976-10-20,40-64,Kollam,+91-00020-05979,ml
P04556,Ridhi Prabhu,F,1957-01-20,65+,Pathanamthitta,+91-00763-08830,ml
P04557,Naveen Palan,M,1993-12-04,18-39,Alappuzha,+91-00600-45342,ta
P04558,Gagan Ratti,M,1989-12-13,18-39,Pathanamthitta,+91-00110-94297,ta
P04559,Vivaan Palan,M,2019-04-13,5-11,Alappuzha,+91-00159-65063,ta
P04560,Falak Talwar,F,1934-10-15,65+,Thiruvananthapuram,+91-00130-59030,ml
P04561,Radha Sankaran,F,1965-08-27,40-64,Alappuzha,+91-00166-88840,ml
P04562,Lajita Devan,F,1978-01-19,40-64,Satara,+91-00461-00898,en
P04563,Rachita Shukla,F,1965-11-18,40-64,Thrissur,+91-00050-54297,hi
P04564,Gayathri Basak,F,1992-07-06,18-39,Kottayam,+91-00519-33067,ml
P04565,Yashica Dhillon,F,2017-09-18,5-11,Kozhikode,+91-00605-79707,ml
P04566,Gauri Dewan,F,2004-07-10,18-39,Ernakulam,+91-00727-74937,ml
P04567,Rudra Bumb,M,1992-03-11,18-39,Thiruvananthapuram,+91-00946-20645,en
P04568,Dayita Thaker,F,2015-11-04,5-11,Thrissur,+91-00082-12105,ml
P04569,Yoshita Chawla,F,1979-12-23,40-64,Kottayam,+91-00035-29322,ml
P04570,Joshua Gala,M,2011-06-09,12-17,Palakkad,+91-00139-92124,ml
P04571,Oviya Suresh,F,1987-08-23,18-39,Pathanamthitta,+91-00337-21824,en
P04572,Omaja Prakash,F,1980-05-11,40-64,Ernakulam,+91-00525-43051,ml
P04573,Ronith Kanda,M,2020-07-07,5-11,Pathanamthitta,+91-00004-95969,ml
P04574,Tanvi Cherian,F,2002-06-26,18-39,Kottayam,+91-00692-82504,en
P04575,Vasana Dugal,F,1968-12-21,40-64,Malappuram,+91-00956-88556,ml
P04576,Aachal Thaman,F,1940-04-01,65+,Alappuzha,+91-00249-76330,ml
P04577,Yachana Dhawan,F,1966-03-01,40-64,Idukki,+91-00008-36140,ml
P04578,Michael Khurana,M,2017-05-15,5-11,Kollam,+91-00753-69977,ml
P04579,Max Kadakia,M,1948-06-01,65+,Malappuram,+91-00770-75711,ml
P04580,Girish Bajwa,M,2024-08-09,<1,Thrissur,+91-00043-58324,ml
P04581,Alexander Merchant,M,1971-12-30,40-64,Kannur,+91-00617-15537,ml
P04582,Hemang Grewal,M,1984-06-13,40-64,Thrissur,+91-00242-48741,en
P04583,Bahadurjit Kulkarni,M,1948-01-23,65+,Satara,+91-00632-85008,ta
P04584,Daniel Sami,M,1997-10-08,18-39,Alappuzha,+91-00726-97559,ml
P04585,Tamanna Anne,F,1997-10-19,18-39,Kozhikode,+91-00222-39247,en
P04586,Onveer Rama,M,1955-11-13,65+,Ernakulam,+91-00260-89078,ml
P04587,Hemang Modi,M,1973-08-04,40-64,Idukki,+91-00611-50788,ta
P04588,Waida Barman,F,1953-07-05,65+,Kozhikode,+91-00582-32680,ml
P04589,Anamika Tata,F,1996-08-08,18-39,Pune,+91-00886-61483,ml
P04590,Parth Balasubramanian,M,1994-04-14,18-39,Kozhikode,+91-00510-70466,ml
P04591,Vritti Rajagopal,F,1977-04-21,40-64,Kottayam,+91-00799-39535,ml
P04592,Siddharth Panchal,M,2004-02-13,18-39,Thrissur,+91-00732-79837,ml
P04593,Agastya Rai,M,1978-09-12,40-64,Alappuzha,+91-00665-11667,ml
P04594,Widisha Chadha,F,1990-03-09,18-39,Palakkad,+91-00191-03116,en
P04595,Jonathan Chanda,M,1984-07-20,40-64,Idukki,+91-00276-16460,ml
P04596,Krisha Chandra,F,1969-02-11,40-64,Alappuzha,+91-00566-90945,ml
P04597,Sachi Nazareth,F,1967-11-28,40-64,Thiruvananthapuram,+91-00065-28450,ta
P04598,Wahab Banerjee,M,1942-01-23,65+,Kodagu,+91-00045-08363,ml
P04599,Mohammed Seth,M,1960-04-12,65+,Kollam,+91-00049-60668,ml
P04600,Tripti Chandran,F,2008-10-11,12-17,Kottayam,+91-00921-72470,ml
P04601,Eesha Bala,F,1996-10-07,18-39,Pathanamthitta,+91-00688-15670,ml
P04602,Bhavya Thakkar,F,1995-09-12,18-39,Thrissur,+91-00836-57930,ta
P04603,Vincent Maharaj,M,1963-01-19,40-64,Pathanamthitta,+91-00963-39055,ml
P04604,Arunima Kulkarni,F,1947-02-14,65+,Kozhikode,+91-00700-48057,ml
P04605,Yauvani Swaminathan,F,2001-02-04,18-39,Alappuzha,+91-00515-10616,ta
P04606,Varsha Memon,F,1962-05-23,40-64,Pathanamthitta,+91-00479-16709,ta
P04607,Anmol Mannan,M,1982-07-05,40-64,Alappuzha,+91-00746-70875,en
P04608,Tanay Choudhary,M,2009-02-06,12-17,Kottayam,+91-00867-46094,ml
P04609,Balvan Issac,M,2013-10-24,5-11,Malappuram,+91-00829-89021,ml
P04610,Watika Krish,F,1992-09-11,18-39,Pathanamthitta,+91-00492-94687,hi
P04611,Rishi Goda,M,1987-06-02,18-39,Malappuram,+91-00773-29024,ml
P04612,Anthony Mittal,M,1978-08-08,40-64,Ernakulam,+91-00476-10095,hi
P04613,Isaac Oak,M,1991-01-17,18-39,Pathanamthitta,+91-00384-36056,en
P04614,Jyoti Saxena,F,1974-08-30,40-64,Alappuzha,+91-00297-35549,ta
P04615,Chandresh Gala,M,1984-12-21,40-64,Thrissur,+91-00054-45342,ml
P04616,Ekaja Bajwa,F,1986-11-10,18-39,Idukki,+91-00201-22912,hi
P04617,Yuvraj Peri,M,2025-05-12,<1,Thrissur,+91-00730-88825,ta
P04618,Aishani Vohra,F,1976-09-27,40-64,Kannur,+91-00171-56124,en
P04619,Chatresh Sahota,M,2011-01-30,12-17,Thiruvananthapuram,+91-00901-60789,hi
P04620,Anay Mallick,M,1973-10-02,40-64,Idukki,+91-00078-77496,en
P04621,Udyati Bhavsar,F,1977-11-15,40-64,Idukki,+91-00051-61696,en
P04622,Chameli Lall,F,1958-07-22,65+,Alappuzha,+91-00481-52771,en
P04623,Wazir Rattan,M,1977-01-28,40-64,Ernakulam,+91-00222-88634,ta
P04624,Ekapad Dara,M,1988-04-28,18-39,Palakkad,+91-00102-93757,en
P04625,Gaurika Chadha,F,2016-02-25,5-11,Palakkad,+91-00059-30355,en
P04626,Guneet Sehgal,M,2005-10-30,18-39,Malappuram,+91-00527-51625,en
P04627,Karan Sridhar,M,1982-10-07,40-64,Kollam,+91-00259-28815,ta
P04628,George Sachdev,M,1995-07-20,18-39,Ernakulam,+91-00555-02174,ml
P04629,Anmol Kata,M,1954-05-17,65+,Kozhikode,+91-00148-39551,en
P04630,Falak Mital,F,1981-12-28,40-64,Ernakulam,+91-00024-08652,en
P04631,Rohan Apte,M,1999-03-05,18-39,Malappuram,+91-00027-81746,ta
P04632,Bhanumati Uppal,F,2008-04-02,12-17,Palakkad,+91-00112-18429,ml
P04633,Daksh Vohra,M,2005-04-28,18-39,Ernakulam,+91-00796-43263,ml
P04634,Aayush Mitter,M,1975-07-13,40-64,Kollam,+91-00448-65659,ml
P04635,Nathaniel Kohli,M,1950-12-25,65+,Malappuram,+91-00623-41336,en
P04636,Hredhaan Gulati,M,2025-03-11,<1,Thrissur,+91-00874-22781,en
P04637,Waida Srinivas,F,1984-08-08,40-64,Thiruvananthapuram,+91-00212-51465,en
P04638,Chandran Gera,M,1934-01-09,65+,Pathanamthitta,+91-00871-89684,en
P04639,Bimala Dhingra,F,2018-03-23,5-11,Thiruvananthapuram,+91-00745-00349,ml
P04640,Elijah Bir,M,1976-11-22,40-64,Palakkad,+91-00729-16391,en
P04641,Balhaar Gala,M,1988-10-03,18-39,Thiruvananthapuram,+91-00870-11350,ta
P04642,Triveni Pathak,F,2023-09-30,1-4,Kanyakumari,+91-00125-51536,en
P04643,Karan Ray,M,1987-04-02,18-39,Pune,+91-00540-33953,ml
P04644,Tarak Basak,M,2024-04-13,1-4,Satara,+91-00483-71464,ml
P04645,Rudra Bala,M,1983-11-14,40-64,Alappuzha,+91-00663-71226,en
P04646,Rachit Raman,M,1980-05-11,40-64,Thrissur,+91-00237-55935,ml
P04647,Jeevika Datta,F,1964-04-09,40-64,Coimbatore,+91-00127-24264,en
P04648,Samar Dugar,M,1995-11-25,18-39,Malappuram,+91-00973-04277,ta
P04649,Maanas Tank,M,1993-07-06,18-39,Kottayam,+91-00465-49281,ta
P04650,Tarak Balasubramanian,M,1992-10-09,18-39,Kannur,+91-00232-05035,ml
P04651,Bhavini Chad,F,1984-10-16,40-64,Palakkad,+91-00128-73064,ml
P04652,Anusha Pingle,F,1998-12-05,18-39,Kozhikode,+91-00593-55759,en
P04653,Ronith Mand,M,2023-07-18,1-4,Satara,+91-00147-54444,ta
P04654,Onkar Mitter,M,2017-06-22,5-11,Satara,+91-00183-31226,ml
P04655,Mitesh Singhal,M,1948-06-11,65+,Thrissur,+91-00952-44740,ml
P04656,Reyansh Devan,M,1966-10-19,40-64,Pathanamthitta,+91-00029-59430,en
P04657,Om Chand,M,1996-09-10,18-39,Palakkad,+91-00186-00500,ml
P04658,Pavani Walia,F,2024-11-28,<1,Malappuram,+91-00671-63342,ml
P04659,Jeremiah Loyal,M,1994-09-03,18-39,Palakkad,+91-00216-74100,hi
P04660,Maanas Varghese,M,2020-10-10,1-4,Ernakulam,+91-00181-50183,ml
P04661,Naksh Naik,M,1951-10-29,65+,Palakkad,+91-00556-11252,ml
P04662,Ikshita Pall,F,1930-08-01,65+,Thrissur,+91-00695-50369,ml
P04663,Inaya Nayak,F,1972-09-06,40-64,Pune,+91-00430-73747,ml
P04664,Maya Lalla,F,2015-07-23,5-11,Kannur,+91-00781-49340,ml
P04665,Girindra Dewan,M,1997-09-01,18-39,Idukki,+91-00815-05269,ml
P04666,Girish Pathak,M,1973-10-11,40-64,Palakkad,+91-00623-27843,ml
P04667,Ishani Shere,F,1985-06-18,40-64,Palakkad,+91-00577-62484,en
P04668,Dhriti Manne,F,1967-02-20,40-64,Thrissur,+91-00816-55790,ml
P04669,Harshil Nazareth,M,1976-07-12,40-64,Thiruvananthapuram,+91-00015-97817,en
P04670,Yuvraj Prasad,M,1996-07-04,18-39,Kozhikode,+91-00510-12234,hi
P04671,Shivani Sule,F,2022-03-02,1-4,Kozhikode,+91-00128-03172,hi
P04672,Veda Yogi,F,1965-12-18,40-64,Ernakulam,+91-00221-26738,ml
P04673,Eta Kumar,F,2014-06-13,5-11,Coimbatore,+91-00948-81289,ml
P04674,Jonathan Dash,M,1966-11-12,40-64,Satara,+91-00003-33711,en
P04675,Ronith Aggarwal,M,2001-11-16,18-39,Kannur,+91-00307-45001,ml
P04676,Girindra Kumar,M,2024-03-07,1-4,Kodagu,+91-00154-26798,en
P04677,Utkarsh Malhotra,M,2018-06-17,5-11,Ernakulam,+91-00570-51957,en
P04678,Hardik Lata,M,2017-02-25,5-11,Kodagu,+91-00844-92517,ml
P04679,Tanay Suri,M,2020-09-04,1-4,Kodagu,+91-00390-81517,ml
P04680,Vyanjana Sarkar,F,2002-09-10,18-39,Palakkad,+91-00837-34594,ta
P04681,Nirja Dar,F,1980-08-27,40-64,Pathanamthitta,+91-00440-62736,en
P04682,Gautam Das,M,2025-02-24,<1,Pathanamthitta,+91-00909-77432,en
P04683,Avni Barman,F,1996-09-07,18-39,Ernakulam,+91-00846-79334,en
P04684,Maya Chokshi,F,1979-02-22,40-64,Kozhikode,+91-00178-21391,ml
P04685,Devansh Char,M,1958-04-17,65+,Thrissur,+91-00885-44849,ml
P04686,Harsh Baral,M,1993-10-29,18-39,Kannur,+91-00192-29841,en
P04687,Abdul Choudhury,M,2009-11-24,12-17,Kozhikode,+91-00490-55571,ml
P04688,Manya Mane,F,1984-12-21,40-64,Pathanamthitta,+91-00196-25169,en
P04689,Jai Kashyap,M,1996-10-24,18-39,Kollam,+91-00386-21372,ml
P04690,Lila Pandya,F,1965-06-13,40-64,Kozhikode,+91-00985-02025,ta
P04691,Forum Bajaj,F,1990-07-02,18-39,Kottayam,+91-00765-29300,en
P04692,Imaran Garg,M,1993-04-25,18-39,Kodagu,+91-00554-30781,ml
P04693,Ishani Badal,F,1988-11-02,18-39,Kanyakumari,+91-00935-97271,en
P04694,Chandani Madan,F,1958-04-23,65+,Ernakulam,+91-00359-02859,en
P04695,Diya Chandran,F,1974-04-26,40-64,Palakkad,+91-00173-71623,en
P04696,Tanvi Kant,F,1998-08-30,18-39,Kanyakumari,+91-00828-04019,ml
P04697,Victor Gandhi,M,2001-11-22,18-39,Kanyakumari,+91-00012-49131,ml
P04698,Januja Mammen,F,1948-11-25,65+,Thrissur,+91-00804-76683,en
P04699,Aarav Khare,M,1993-08-25,18-39,Satara,+91-00021-98838,ml
P04700,Urishilla Raju,F,1957-06-18,65+,Thrissur,+91-00284-22914,en
P04701,Hredhaan Kata,M,1985-09-02,18-39,Thiruvananthapuram,+91-00355-75630,ml
P04702,Banjeet Rege,M,1995-05-31,18-39,Palakkad,+91-00318-64698,ta
P04703,Vaishnavi Doctor,F,1994-05-24,18-39,Kannur,+91-00243-11784,hi
P04704,Ranveer Bajaj,M,1984-11-12,40-64,Satara,+91-00108-43914,ml
P04705,Harshil Swamy,M,2021-10-31,1-4,Kollam,+91-00003-55910,ml
P04706,Zaitra Oommen,F,1994-12-23,18-39,Ernakulam,+91-00774-56311,ml
P04707,Advaith Tata,M,2016-07-02,5-11,Palakkad,+91-00456-17027,ta
P04708,Timothy Jha,M,1930-08-01,65+,Coimbatore,+91-00161-11621,ml
P04709,Ekbal Brahmbhatt,M,2016-02-03,5-11,Kozhikode,+91-00082-56297,en
P04710,Frado Raval,M,1969-07-29,40-64,Alappuzha,+91-00278-66207,ta
P04711,Ikbal Murthy,M,1974-11-27,40-64,Kanyakumari,+91-00354-32210,ml
P04712,Samaksh Mahal,M,2000-05-29,18-39,Malappuram,+91-00461-36292,en
P04713,Maanav Kashyap,M,1969-03-05,40-64,Coimbatore,+91-00101-02552,ml
P04714,Wahab Bajwa,M,1989-03-13,18-39,Kannur,+91-00979-10752,ml
P04715,Bachittar Sethi,M,1981-06-07,40-64,Kollam,+91-00268-40571,ta
P04716,Saumya Pai,F,1964-06-25,40-64,Pune,+91-00441-74963,ml
P04717,Rayaan Bahri,M,1988-02-23,18-39,Ernakulam,+91-00709-60635,ml
P04718,Urmi Sehgal,F,1988-04-28,18-39,Satara,+91-00310-95295,en
P04719,Chanchal Sarkar,F,1971-09-30,40-64,Pathanamthitta,+91-00082-31041,en
P04720,Owen Karnik,M,2025-05-21,<1,Kannur,+91-00376-34974,en
P04721,Rajeshri Lad,F,1973-01-05,40-64,Kottayam,+91-00552-05118,ml
P04722,Farhan Ganguly,M,1987-07-19,18-39,Thiruvananthapuram,+91-00841-16014,en
P04723,Yauvani Wali,F,1959-09-09,65+,Satara,+91-00367-58103,ml
P04724,Andrew Raj,M,1975-10-09,40-64,Kottayam,+91-00889-55767,ml
P04725,Arjun Karnik,M,2018-04-12,5-11,Kollam,+91-00546-24691,ml
P04726,Gauri Chanda,F,1942-01-06,65+,Kanyakumari,+91-00717-56016,en
P04727,Ladli Buch,F,1973-05-17,40-64,Ernakulam,+91-00030-41959,ta
P04728,Upkaar Dixit,M,1952-09-08,65+,Palakkad,+91-00895-85803,ml
P04729,Ekta Sarin,F,1951-10-07,65+,Satara,+91-00213-74059,ml
P04730,Idika Karnik,F,1983-12-01,40-64,Ernakulam,+91-00325-76128,en
P04731,Nimrat Ganesan,F,1951-10-10,65+,Thiruvananthapuram,+91-00523-32081,ml
P04732,Jack Chanda,M,1980-07-25,40-64,Malappuram,+91-00959-24171,ml
P04733,Hema Mani,F,1966-11-28,40-64,Kozhikode,+91-00345-93315,en
P04734,Udyati Ganesh,F,1982-06-15,40-64,Pathanamthitta,+91-00220-19755,ml
P04735,Adweta Hayre,F,2003-09-14,18-39,Thrissur,+91-00960-48346,ml
P04736,Bahadurjit Chaudhuri,M,1931-11-07,65+,Idukki,+91-00808-08887,en
P04737,Hemal Walla,F,1967-11-21,40-64,Thiruvananthapuram,+91-00663-10387,ml
P04738,Vihaan Pillay,M,2023-05-03,1-4,Kottayam,+91-00409-20308,ta
P04739,Faraj Walla,M,2018-01-31,5-11,Kodagu,+91-00420-39177,en
P04740,Krisha Anand,F,1952-01-01,65+,Kottayam,+91-00950-66245,ml
P04741,Harinakshi Magar,F,2013-07-31,12-17,Alappuzha,+91-00068-48710,en
P04742,Zashil Thaman,M,1984-04-27,40-64,Pune,+91-00757-49256,en
P04743,Shravya Deshmukh,F,1983-02-23,40-64,Idukki,+91-00601-51281,hi
P04744,Arjun Singh,M,1998-07-06,18-39,Pune,+91-00968-65686,en
P04745,Ekaja Khurana,F,2015-12-06,5-11,Coimbatore,+91-00558-94230,ml
P04746,Maya Shere,F,2016-01-21,5-11,Ernakulam,+91-00280-75447,en
P04747,Utkarsh Gill,M,1984-02-07,40-64,Idukki,+91-00779-37003,en
P04748,Kritika Edwin,F,2000-02-29,18-39,Kollam,+91-00985-29534,en
P04749,Bahadurjit Purohit,M,1959-12-11,65+,Pathanamthitta,+91-00907-01878,ml
P04750,Aadi Mani,M,2023-11-24,1-4,Alappuzha,+91-00294-30546,ta
P04751,Yash Rana,M,1936-08-21,65+,Ernakulam,+91-00346-43648,ml
P04752,Zaitra Shukla,F,1994-05-15,18-39,Idukki,+91-00754-43003,hi
P04753,Tanmayi Krishnamurthy,F,1967-10-19,40-64,Kannur,+91-00598-11449,ml
P04754,Geetika Thakur,F,2000-08-29,18-39,Kottayam,+91-00011-39432,ml
P04755,Dev Bansal,M,1981-12-08,40-64,Ernakulam,+91-00141-10914,ml
P04756,Balhaar Pillai,M,1978-05-17,40-64,Kollam,+91-00085-27277,hi
P04757,Dalbir Sachar,M,2004-10-21,18-39,Alappuzha,+91-00178-14483,en
P04758,Raghav Mistry,M,1955-10-26,65+,Kannur,+91-00304-25461,ml
P04759,Amaira Murty,F,2024-07-28,1-4,Kozhikode,+91-00967-63918,ta
P04760,Hardik Babu,M,1971-07-14,40-64,Idukki,+91-00676-68625,ml
P04761,Teerth Din,M,1999-12-01,18-39,Palakkad,+91-00054-49371,ml
P04762,Ekaraj Mittal,M,1993-01-10,18-39,Ernakulam,+91-00607-93901,ml
P04763,Krisha Dhar,F,1960-10-25,40-64,Coimbatore,+91-00436-27384,ml
P04764,Ishaan Sarna,M,1982-02-14,40-64,Idukki,+91-00754-18467,ml
P04765,Yagnesh Rastogi,M,1985-10-16,18-39,Kozhikode,+91-00883-35670,ml
P04766,Viraj Prabhu,M,1952-09-20,65+,Alappuzha,+91-00065-35237,ml
P04767,Vedika De,F,1979-02-08,40-64,Ernakulam,+91-00979-43264,ml
P04768,Ati Korpal,F,1998-12-01,18-39,Thrissur,+91-00057-37273,ml
P04769,Chandresh Merchant,M,1961-02-25,40-64,Kollam,+91-00732-05429,en
P04770,Avni Palla,F,2000-06-16,18-39,Palakkad,+91-00903-75294,ml
P04771,Sanya Sant,F,1981-12-18,40-64,Palakkad,+91-00751-75290,ml
P04772,Manan Pant,M,1976-05-01,40-64,Pathanamthitta,+91-00150-80160,ml
P04773,Anusha Srinivas,F,2016-11-25,5-11,Satara,+91-00207-15368,en
P04774,Patrick Narula,M,2003-01-13,18-39,Kollam,+91-00041-14341,en
P04775,Mohammed Toor,M,2016-03-27,5-11,Coimbatore,+91-00131-88415,ml
P04776,Aashi Chaudhuri,F,2024-03-14,1-4,Thrissur,+91-00061-64728,en
P04777,Lopa Bhasin,F,1948-11-03,65+,Alappuzha,+91-00053-96125,hi
P04778,Ikbal Verma,M,2017-08-31,5-11,Kollam,+91-00562-51467,en
P04779,Advik Sen,M,1940-07-01,65+,Malappuram,+91-00076-86814,ml
P04780,Oliver Sharma,M,1958-03-22,65+,Kozhikode,+91-00425-14003,ta
P04781,Omisha Mane,F,1996-10-25,18-39,Malappuram,+91-00709-94403,ml
P04782,Ati Varughese,F,2009-01-13,12-17,Idukki,+91-00015-20184,ml
P04783,Urvashi Sura,F,1980-07-16,40-64,Pathanamthitta,+91-00638-06222,en
P04784,Yasti Bansal,F,1990-10-20,18-39,Kannur,+91-00757-61016,ml
P04785,Faraj Purohit,M,1952-03-16,65+,Kanyakumari,+91-00536-32799,ta
P04786,Urvi Loke,F,1976-07-18,40-64,Idukki,+91-00475-08260,ml
P04787,Ekavir Hegde,M,1981-09-30,40-64,Kanyakumari,+91-00730-61411,ml
P04788,Rehaan Majumdar,M,1985-09-12,18-39,Malappuram,+91-00529-78347,ml
P04789,Imaran Barman,M,2022-11-28,1-4,Thrissur,+91-00509-40309,en
P04790,Nidra Arora,F,1983-06-19,40-64,Palakkad,+91-00801-93486,ml
P04791,Indali Sahota,F,1933-04-07,65+,Kollam,+91-00837-51108,ml
P04792,Turvi Doshi,F,2024-01-17,1-4,Kollam,+91-00368-13074,ta
P04793,Joshua Kade,M,1987-07-11,18-39,Kozhikode,+91-00415-83164,ml
P04794,Bhavini Gade,F,1970-06-21,40-64,Satara,+91-00800-12829,ml
P04795,Kevin Subramanian,M,1973-07-05,40-64,Thrissur,+91-00544-66910,en
P04796,Imaran Sidhu,M,1933-05-18,65+,Thiruvananthapuram,+91-00686-87536,ml
P04797,Xiti Comar,F,1994-02-13,18-39,Thiruvananthapuram,+91-00075-46479,ml
P04798,Veda Oommen,F,2013-07-31,12-17,Ernakulam,+91-00095-72495,ml
P04799,Vrinda Kuruvilla,F,1960-06-06,65+,Malappuram,+91-00531-43251,ml
P04800,Omisha Vyas,F,1977-07-11,40-64,Pathanamthitta,+91-00819-84624,ml
P04801,Liam Korpal,M,1960-03-08,65+,Thiruvananthapuram,+91-00316-81563,en
P04802,Alka Saraf,F,1974-08-01,40-64,Kozhikode,+91-00960-05190,ml
P04803,Laban Narasimhan,M,2017-04-18,5-11,Pathanamthitta,+91-00760-11559,ml
P04804,Yahvi Ravel,F,1973-03-16,40-64,Ernakulam,+91-00781-67974,ml
P04805,Mason Kurian,M,1994-03-22,18-39,Kozhikode,+91-00834-57412,hi
P04806,Falak Kapoor,F,1987-07-06,18-39,Kollam,+91-00254-69553,en
P04807,Jeet Shetty,M,1984-01-28,40-64,Ernakulam,+91-00330-03116,ml
P04808,Chandran Tiwari,M,2000-06-19,18-39,Kollam,+91-00118-87038,en
P04809,Triveni Ratta,F,1994-09-12,18-39,Kottayam,+91-00380-14395,ml
P04810,Noah Mistry,M,1965-03-28,40-64,Kodagu,+91-00035-04117,ml
P04811,Keya Gaba,F,1965-04-11,40-64,Malappuram,+91-00751-13050,ml
P04812,Bhavini Murthy,F,2006-03-29,18-39,Thiruvananthapuram,+91-00802-55915,en
P04813,Urmi Ravi,F,1977-04-19,40-64,Kollam,+91-00213-90080,ml
P04814,Faraj Sachdeva,M,1962-06-11,40-64,Kottayam,+91-00489-39428,ml
P04815,Amruta Nath,F,1979-05-23,40-64,Coimbatore,+91-00671-65784,en
P04816,Dhriti Morar,F,2023-05-29,1-4,Kozhikode,+91-00742-61453,ta
P04817,Widisha Swamy,F,2005-07-19,18-39,Palakkad,+91-00969-41596,ta
P04818,Hredhaan Ravi,M,1953-05-27,65+,Pathanamthitta,+91-00200-12696,en
P04819,Kamya Mangat,F,1999-06-07,18-39,Kodagu,+91-00246-77322,en
P04820,Gayathri Nayar,F,1988-05-15,18-39,Kannur,+91-00853-29173,ml
P04821,Omisha Puri,F,1962-03-13,40-64,Alappuzha,+91-00097-72019,ml
P04822,Chandresh Butala,M,1942-09-14,65+,Idukki,+91-00785-05510,en
P04823,Aayush Doctor,M,1987-01-08,18-39,Ernakulam,+91-00133-33526,ml
P04824,Yatin Chanda,M,1930-08-01,65+,Palakkad,+91-00464-11050,ta
P04825,Atharv Agate,M,1978-09-08,40-64,Idukki,+91-00592-49670,ml
P04826,Gaurang Bali,M,1980-12-12,40-64,Alappuzha,+91-00767-95293,ml
P04827,Madhav Peri,M,2014-09-01,5-11,Malappuram,+91-00114-45224,ml
P04828,Chameli Baria,F,1988-01-07,18-39,Malappuram,+91-00824-00927,ta
P04829,Nilima Narayanan,F,1976-12-05,40-64,Ernakulam,+91-00850-39660,ml
P04830,Anirudh Butala,M,1970-02-28,40-64,Ernakulam,+91-00793-60123,en
P04831,Aachal Handa,F,1971-04-06,40-64,Thiruvananthapuram,+91-00937-15035,ml
P04832,Rohan Swaminathan,M,1989-10-04,18-39,Ernakulam,+91-00872-56633,en
P04833,Kiaan Manne,M,1949-02-19,65+,Kannur,+91-00767-77297,en
P04834,Lucky Devi,M,1980-04-23,40-64,Palakkad,+91-00579-45269,hi
P04835,Vedhika Lad,F,1981-07-30,40-64,Kodagu,+91-00808-50598,ml
P04836,Yasti Char,F,1998-07-29,18-39,Kozhikode,+91-00975-66675,ml
P04837,Jasmit Mander,F,2023-06-16,1-4,Kannur,+91-00637-58264,ml
P04838,Shravya Nigam,F,2019-11-18,5-11,Ernakulam,+91-00242-74874,ml
P04839,Vritti Sethi,F,2015-05-15,5-11,Pathanamthitta,+91-00247-61524,ta
P04840,Yashoda Mohan,F,2014-01-03,5-11,Kodagu,+91-00795-45107,ml
P04841,Suhani Sahota,F,2001-12-12,18-39,Malappuram,+91-00989-16367,hi
P04842,Nilima Narain,F,1974-09-30,40-64,Kodagu,+91-00210-30324,ml
P04843,Kavya Shenoy,F,1944-04-30,65+,Palakkad,+91-00970-53407,ta
P04844,Garima Bansal,F,1985-06-26,40-64,Ernakulam,+91-00268-96562,en
P04845,Bhanumati Dalal,F,1985-08-08,18-39,Kollam,+91-00412-26650,ta
P04846,Chatura Sen,M,1967-06-16,40-64,Idukki,+91-00908-15454,ml
P04847,Falan Borah,M,2015-07-23,5-11,Palakkad,+91-00961-04558,en
P04848,Osha Nagarajan,F,1991-03-20,18-39,Kodagu,+91-00566-58232,ml
P04849,Wridesh Saran,M,2020-12-24,1-4,Kannur,+91-00950-92970,ml
P04850,Divya Mittal,F,1983-02-28,40-64,Thrissur,+91-00842-91585,en
P04851,Warjas Bandi,M,1971-08-02,40-64,Ernakulam,+91-00866-51296,ml
P04852,Gaurangi Raman,F,2011-02-26,12-17,Thiruvananthapuram,+91-00868-77125,en
P04853,Pooja Bhatti,F,1989-02-11,18-39,Idukki,+91-00386-88037,ml
P04854,Amol Krishnan,M,2023-08-08,1-4,Satara,+91-00030-10282,ml
P04855,Idika Tank,F,2024-03-23,1-4,Kozhikode,+91-00164-53482,en
P04856,Rushil Naik,M,2003-06-04,18-39,Thrissur,+91-00074-22494,ml
P04857,Ekani Narain,F,1989-01-20,18-39,Kanyakumari,+91-00242-24255,en
P04858,Nakul Gour,M,1984-09-20,40-64,Thiruvananthapuram,+91-00055-22432,ta
P04859,Fitan Krishna,M,2019-04-26,5-11,Pune,+91-00276-75864,ml
P04860,Chakradhar Sur,M,1976-10-09,40-64,Malappuram,+91-00588-31468,ml
P04861,Falak Basak,F,1963-10-28,40-64,Thiruvananthapuram,+91-00141-51347,ml
P04862,Jagdish Varghese,M,1962-11-17,40-64,Kozhikode,+91-00315-69712,ml
P04863,Liam Jain,M,1993-04-15,18-39,Kollam,+91-00224-99687,en
P04864,Turvi Barad,F,1972-01-09,40-64,Malappuram,+91-00095-83488,hi
P04865,Radha Oza,F,1973-12-01,40-64,Kottayam,+91-00676-67311,ml
P04866,Om Agate,M,2020-06-12,5-11,Alappuzha,+91-00893-45154,ml
P04867,Wyatt Thaker,M,1971-11-28,40-64,Palakkad,+91-00715-52834,ml
P04868,Jagvi Divan,F,1970-07-16,40-64,Ernakulam,+91-00684-55288,ml
P04869,Zayyan Mahal,M,1958-08-09,65+,Thiruvananthapuram,+91-00983-32329,ml
P04870,Guneet Saran,M,2000-12-08,18-39,Kannur,+91-00731-16623,ta
P04871,Utkarsh Mannan,M,1980-10-25,40-64,Alappuzha,+91-00047-70332,ml
P04872,Anya Mane,F,1942-02-24,65+,Palakkad,+91-00218-01566,en
P04873,Aditya Reddy,M,1941-05-30,65+,Palakkad,+91-00637-61184,ml
P04874,Warjas Sahni,M,1989-01-22,18-39,Thiruvananthapuram,+91-00639-45404,ta
P04875,Jack Murty,M,2013-07-31,12-17,Satara,+91-00832-01282,ta
P04876,Umang Lanka,M,1943-02-14,65+,Ernakulam,+91-00158-37649,ta
P04877,Anirudh Karnik,M,1986-09-20,18-39,Pathanamthitta,+91-00981-72059,ml
P04878,Siya Lanka,F,1976-01-11,40-64,Ernakulam,+91-00516-94920,ml
P04879,Zilmil Karnik,F,2005-01-24,18-39,Palakkad,+91-00920-10518,ml
P04880,Indrajit Sengupta,M,1950-08-19,65+,Thiruvananthapuram,+91-00529-95133,ml
P04881,Sneha Agate,F,2022-08-29,1-4,Kottayam,+91-00186-15789,en
P04882,Arunima Borra,F,2003-02-03,18-39,Thrissur,+91-00351-96900,hi
P04883,Sathvik Babu,M,1984-04-15,40-64,Malappuram,+91-00221-63549,en
P04884,Ati Taneja,F,2013-01-15,12-17,Kottayam,+91-00264-73689,ml
P04885,Maanas D’Alia,M,1968-07-10,40-64,Idukki,+91-00890-04067,ml
P04886,Robert Narasimhan,M,1956-07-01,65+,Alappuzha,+91-00377-57889,en
P04887,Irya Atwal,F,2016-08-01,5-11,Kottayam,+91-00182-63495,ml
P04888,Balveer Narasimhan,M,1998-06-15,18-39,Malappuram,+91-00364-03524,ml
P04889,Wakeeta Bail,F,1970-04-05,40-64,Kottayam,+91-00617-03811,ml
P04890,Dhruv Kuruvilla,M,1967-06-06,40-64,Alappuzha,+91-00200-16372,ta
P04891,Mugdha Kurian,F,1992-08-18,18-39,Kottayam,+91-00050-41126,ml
P04892,Gaurika Sandhu,F,1996-04-30,18-39,Palakkad,+91-00872-30554,hi
P04893,Finn Pathak,M,1961-08-26,40-64,Palakkad,+91-00239-80698,ml
P04894,Mitali More,F,2004-02-12,18-39,Idukki,+91-00936-30126,en
P04895,Balvan Dugal,M,1989-12-08,18-39,Malappuram,+91-00047-76053,ta
P04896,Aadhya Khatri,F,1996-08-29,18-39,Malappuram,+91-00650-99749,ta
P04897,Lopa Gola,F,1970-08-12,40-64,Thiruvananthapuram,+91-00665-92981,ml
P04898,Upkaar Nazareth,M,1995-08-23,18-39,Kottayam,+91-00156-16486,ml
P04899,Yamini Warrior,F,1934-10-29,65+,Alappuzha,+91-00665-74788,ml
P04900,Darsh Srivastava,M,1958-01-27,65+,Kannur,+91-00387-43095,ml
P04901,Chakrika Parekh,F,1990-07-10,18-39,Alappuzha,+91-00381-04790,ml
P04902,Qushi Goda,F,1974-09-19,40-64,Kottayam,+91-00877-90730,en
P04903,Girindra Krishna,M,2017-01-04,5-11,Thrissur,+91-00952-50439,ml
P04904,Chameli Bhatnagar,F,1978-09-29,40-64,Thrissur,+91-00170-40410,hi
P04905,Elijah Oommen,M,1993-09-14,18-39,Kannur,+91-00684-17331,ta
P04906,Yutika Warrior,F,1999-02-19,18-39,Idukki,+91-00154-99241,en
P04907,Wriddhish Panchal,M,1967-07-27,40-64,Kottayam,+91-00035-59821,en
P04908,Panini Ramachandran,F,2016-02-12,5-11,Palakkad,+91-00149-02191,ml
P04909,Charles Vala,M,1995-07-11,18-39,Kozhikode,+91-00634-18397,ml
P04910,Jagvi Ganesh,F,1980-06-17,40-64,Satara,+91-00726-82459,ml
P04911,Warhi Bhavsar,F,2024-03-14,1-4,Palakkad,+91-00507-16692,ta
P04912,Yachana Shankar,F,1999-07-30,18-39,Thrissur,+91-00951-37229,ml
P04913,Oeshi Pillay,F,1972-06-18,40-64,Kollam,+91-00764-19289,ml
P04914,Anvi Bansal,F,1994-09-05,18-39,Satara,+91-00161-67433,en
P04915,Ijaya Aggarwal,F,2002-07-12,18-39,Malappuram,+91-00207-53284,ml
P04916,Adweta Pradhan,F,1987-10-25,18-39,Pathanamthitta,+91-00596-12222,hi
P04917,Triya Amble,F,1988-01-24,18-39,Ernakulam,+91-00333-19328,hi
P04918,Vedika Chada,F,1974-04-19,40-64,Palakkad,+91-00000-94911,ml
P04919,Chanakya Verma,M,1935-03-22,65+,Alappuzha,+91-00024-82942,en
P04920,Ekansh Solanki,M,1980-10-17,40-64,Kozhikode,+91-00408-27697,ml
P04921,Onkar Dar,M,1971-05-08,40-64,Malappuram,+91-00523-91596,ml
P04922,Nathan Korpal,M,2019-02-18,5-11,Alappuzha,+91-00653-08057,ta
P04923,Unnati Memon,F,1956-09-25,65+,Satara,+91-00763-76340,ml
P04924,Damyanti Bhakta,F,1985-03-02,40-64,Pune,+91-00968-20202,hi
P04925,Ekapad Kuruvilla,M,2001-08-24,18-39,Alappuzha,+91-00838-37008,hi
P04926,Ganga Mand,F,1957-11-03,65+,Ernakulam,+91-00355-63317,en
P04927,Tripti Borde,F,1984-06-02,40-64,Coimbatore,+91-00534-22968,ml
P04928,Baljiwan Tara,M,1962-06-29,40-64,Idukki,+91-00215-65024,ml
P04929,Mason Ray,M,1931-01-03,65+,Pune,+91-00968-22950,ml
P04930,Amara Mane,F,2004-04-25,18-39,Pathanamthitta,+91-00535-30680,ml
P04931,George Chander,M,1995-03-29,18-39,Kozhikode,+91-00249-79520,ml
P04932,Zaitra Chaudhry,F,1967-03-08,40-64,Palakkad,+91-00724-47944,ml
P04933,Deepa Chandran,F,1983-03-25,40-64,Kottayam,+91-00487-42543,en
P04934,Osha Nadkarni,F,2012-06-10,12-17,Kozhikode,+91-00996-94604,ml
P04935,Hemani Kala,F,1989-08-06,18-39,Thiruvananthapuram,+91-00074-81603,ml
P04936,Kala Bawa,F,2022-01-07,1-4,Alappuzha,+91-00335-65300,en
P04937,Nimrat Buch,F,1984-05-25,40-64,Alappuzha,+91-00941-42153,ml
P04938,Manthan Chaudhry,M,1995-09-23,18-39,Kollam,+91-00461-62617,ml
P04939,Anusha Muni,F,1949-06-06,65+,Thiruvananthapuram,+91-00311-26366,ml
P04940,Chakradhar Nath,M,2005-04-27,18-39,Idukki,+91-00604-20767,ml
P04941,Ati Devan,F,1975-11-09,40-64,Alappuzha,+91-00664-24954,ml
P04942,Charvi Agrawal,F,2022-10-03,1-4,Kollam,+91-00092-10111,ml
P04943,Waida Basak,F,1993-07-05,18-39,Pathanamthitta,+91-00259-10215,ml
P04944,Radha Ravi,F,1953-09-24,65+,Kannur,+91-00308-41798,ml
P04945,Kevin Dutt,M,1987-12-20,18-39,Kollam,+91-00245-53418,ml
P04946,Banjeet Natt,M,1975-09-27,40-64,Kozhikode,+91-00382-08004,en
P04947,George Chawla,M,1965-07-10,40-64,Thiruvananthapuram,+91-00334-01207,en
P04948,Wahab Kamdar,M,1982-05-26,40-64,Thiruvananthapuram,+91-00731-44289,ml
P04949,Frado Upadhyay,M,1953-04-22,65+,Ernakulam,+91-00598-14241,hi
P04950,Samar Ahluwalia,M,2002-10-05,18-39,Idukki,+91-00429-80916,en
P04951,Girindra Tailor,M,1974-06-15,40-64,Thrissur,+91-00200-98403,en
P04952,Ayushman Sani,M,1934-10-20,65+,Kozhikode,+91-00420-13640,ml
P04953,Sara Hans,F,1976-04-09,40-64,Kottayam,+91-00180-46201,ml
P04954,Pooja Deshpande,F,2007-06-17,18-39,Pathanamthitta,+91-00952-47182,ml
P04955,Tripti Mani,F,1973-09-08,40-64,Kannur,+91-00173-38802,ml
P04956,Kritika Dash,F,1948-02-09,65+,Pathanamthitta,+91-00858-98433,hi
P04957,Joshua Tank,M,1989-05-24,18-39,Kannur,+91-00615-86591,hi
P04958,Deepa Ravi,F,1989-08-02,18-39,Palakkad,+91-00810-42428,ml
P04959,Jonathan Dave,M,1968-03-05,40-64,Kottayam,+91-00888-07529,hi
P04960,Darpan Kothari,M,1972-07-18,40-64,Kottayam,+91-00803-58126,en
P04961,Anmol Kashyap,M,2020-01-07,5-11,Idukki,+91-00589-93517,en
P04962,Aradhana Bora,F,2020-02-16,5-11,Palakkad,+91-00266-19770,ta
P04963,Ekani Kamdar,F,1991-02-07,18-39,Satara,+91-00660-74161,ml
P04964,Daksh Agate,M,1998-09-29,18-39,Kottayam,+91-00004-49985,ml
P04965,Christopher Atwal,M,2008-05-22,12-17,Pune,+91-00377-81951,ta
P04966,Chatresh Om,M,2025-05-12,<1,Pathanamthitta,+91-00857-13885,ml
P04967,Udant Dhawan,M,1966-11-10,40-64,Kollam,+91-00580-72216,en
P04968,David Pillay,M,1969-04-29,40-64,Thrissur,+91-00260-93374,ta
P04969,Samesh Radhakrishnan,M,2023-05-07,1-4,Satara,+91-00892-17217,ta
P04970,Tristan Jaggi,M,1986-07-23,18-39,Ernakulam,+91-00015-57803,ml
P04971,Ishanvi Ramachandran,F,1988-10-18,18-39,Kannur,+91-00882-68258,en
P04972,Ijaya Kibe,F,2024-05-12,1-4,Ernakulam,+91-00759-71991,ml
P04973,Wishi Mahal,F,1964-10-09,40-64,Kanyakumari,+91-00146-06729,ta
P04974,Arya Krishnan,F,1930-08-01,65+,Kannur,+91-00062-98373,ml
P04975,Upma Sheth,F,1974-08-19,40-64,Malappuram,+91-00951-83385,en
P04976,Azaan Bhasin,M,1961-01-27,40-64,Palakkad,+91-00067-88866,ta
P04977,Maanav Jani,M,1960-12-19,40-64,Thrissur,+91-00973-78474,ml
P04978,Christopher Mani,M,1945-12-11,65+,Pune,+91-00420-09301,ml
P04979,Lucky Mammen,M,1996-07-21,18-39,Thrissur,+91-00353-20405,ml
P04980,Tanay Atwal,M,2005-02-25,18-39,Kottayam,+91-00650-88279,en
P04981,Zilmil Bhattacharyya,F,1978-12-14,40-64,Coimbatore,+91-00496-04815,en
P04982,Owen Mitter,M,1985-01-02,40-64,Malappuram,+91-00390-79973,ta
P04983,Varenya Iyer,F,1930-08-01,65+,Thrissur,+91-00640-04077,ml
P04984,William Ramakrishnan,M,2018-05-14,5-11,Malappuram,+91-00350-35188,ml
P04985,Faris Srinivasan,M,1935-05-22,65+,Kottayam,+91-00034-34968,ml
P04986,Urvashi Deol,F,1984-10-30,40-64,Ernakulam,+91-00824-13005,ml
P04987,Jacob Sunder,M,1999-12-28,18-39,Pathanamthitta,+91-00514-65672,en
P04988,Januja Upadhyay,F,1942-09-02,65+,Kanyakumari,+91-00686-32980,ml
P04989,Dayamai Loyal,F,1996-05-08,18-39,Malappuram,+91-00575-72289,ml
P04990,Joshua Chaudhary,M,2021-07-02,1-4,Kannur,+91-00614-83799,en
P04991,Mohammed Raval,M,2022-01-05,1-4,Kottayam,+91-00218-10786,ml
P04992,Azad Chhabra,M,1935-07-13,65+,Satara,+91-00934-73430,en
P04993,Megha Krishnan,F,1954-12-24,65+,Idukki,+91-00447-57056,ml
P04994,Gavin Taneja,M,1985-04-16,40-64,Idukki,+91-00920-86684,ml
P04995,Falan Bahri,M,1942-06-26,65+,Pune,+91-00806-59090,ml
P04996,Ubika Om,F,1971-12-07,40-64,Malappuram,+91-00720-58035,ml
P04997,Wridesh Hari,M,2021-10-21,1-4,Kodagu,+91-00460-67379,en
P04998,Chatura Mohan,M,1978-10-23,40-64,Palakkad,+91-00022-82644,en
P04999,Ladli Magar,F,1959-10-27,65+,Alappuzha,+91-00315-54517,ml
P05000,Suhani Parikh,F,1986-03-07,18-39,Idukki,+91-00664-32776,en
