batch_uid,product_id,batch_no,mfg_date,exp_date,store_id,qty_received,qty_on_hand,received_date,supplier
B000001,PR00001,22T4032,2024-08-13,2026-08-13,MAIN,100,87,2025-01-05,Rai Group
B000002,PR00001,TR24-768,2024-04-06,2027-04-06,SAT1,500,479,2024-07-02,"Hayre, Konda and Nair"
B000003,PR00001,TRI25I355,2024-10-13,2026-10-13,SAT1,100,88,2025-02-02,Nayar LLC
B000004,PR00001,T8577401,2024-05-10,2027-05-10,SAT1,200,196,2024-09-15,Khosla-Walia
B000005,PR00002,IN24-034,2024-09-22,2027-09-22,MAIN,100,100,2025-02-14,Tailor-Kari
B000006,PR00002,INT61577,2023-06-25,2026-06-25,SAT1,500,428,2024-01-30,Babu-Bose
B000007,PR00002,24I6606,2024-05-14,2025-11-14,MAIN,200,129,2024-10-13,Devan and Sons
B000008,PR00003,INS22I351,2024-05-12,2026-05-12,MAIN,1000,990,2024-11-04,Bassi-Jayaraman
B000009,PR00003,INS13460,2024-02-29,2025-08-29,SAT2,200,193,2024-05-13,Sachar-Warrior
B000010,PR00003,23I5619,2024-02-02,2025-08-02,SAT2,250,239,2024-08-21,"Bora, Chauhan and Sastry"
B000011,PR00003,I8446721,2024-06-02,2025-12-02,MAIN,1000,995,2024-12-26,"Deshmukh, Kant and Kala"
B000012,PR00003,22I6929,2023-12-27,2025-06-27,MAIN,250,230,2024-07-16,Prabhakar Inc
B000013,PR00003,INS61548,2024-01-21,2025-07-21,MAIN,200,175,2024-08-15,Kunda Inc
B000014,PR00004,VER22J322,2023-06-20,2024-12-20,MAIN,100,0,2024-01-20,"Rege, Dara and Mand"
B000015,PR00004,VER41568,2024-08-21,2027-08-21,SAT2,250,239,2025-01-28,"Sengupta, Kadakia and Chander"
B000016,PR00004,23V8424,2024-09-22,2026-03-22,SAT1,500,485,2025-03-07,Khalsa-Dani
B000017,PR00004,VER23E063,2024-03-16,2027-03-16,SAT1,200,181,2024-07-28,Krishna PLC
B000018,PR00004,23V8937,2024-08-30,2026-02-28,MAIN,250,241,2025-04-16,"Khosla, Basu and Soni"
B000019,PR00004,25V6120,2024-10-09,2026-04-09,MAIN,200,200,2025-05-10,"Malhotra, Ganesh and Ahuja"
B000020,PR00005,END23G228,2024-03-06,2025-09-06,SAT1,100,86,2024-10-15,Kalita-Sabharwal
B000021,PR00005,EN22-894,2023-10-29,2026-10-29,SAT2,500,398,2024-06-17,Chaudhry-Chakrabarti
B000022,PR00005,23E7522,2024-08-22,2026-08-22,SAT1,200,191,2025-01-07,"Karnik, Mall and Acharya"
B000023,PR00005,END25L168,2024-10-28,2026-04-28,SAT1,250,249,2025-03-05,Palla-Parikh
B000024,PR00005,E4968477,2024-04-15,2027-04-15,MAIN,200,118,2024-11-06,Gala-Bala
B000025,PR00006,AB24-347,2025-02-22,2027-02-22,MAIN,200,193,2025-04-04,"Chatterjee, Bail and Maharaj"
B000026,PR00006,ABB23G185,2024-04-27,2025-10-27,SAT2,1000,983,2024-06-13,Gera and Sons
B000027,PR00006,A5098170,2024-04-23,2025-10-23,MAIN,100,75,2024-07-26,Bath Ltd
B000028,PR00006,AB22-890,2024-11-30,2026-05-30,MAIN,100,98,2025-02-19,Hayre and Sons
B000029,PR00007,KRI24B025,2023-08-31,2025-02-28,SAT1,100,87,2023-11-10,Deo LLC
B000030,PR00007,K9784182,2024-12-02,2027-12-02,SAT1,100,100,2025-04-05,Bhat-Sengupta
B000031,PR00007,K5301460,2024-10-15,2026-04-15,SAT1,1000,1000,2025-03-29,Desai Inc
B000032,PR00007,KR24-342,2024-06-15,2025-12-15,MAIN,200,130,2024-10-30,Jayaraman LLC
B000033,PR00007,23K5996,2024-02-24,2027-02-24,MAIN,100,0,2024-08-12,"Mistry, Sankaran and Dube"
B000034,PR00007,K3235135,2024-05-05,2027-05-05,SAT1,100,72,2024-07-11,"Bhatnagar, Dutt and Som"
B000035,PR00008,ADM22H230,2024-08-09,2026-08-09,MAIN,500,500,2025-03-30,Amble-Garg
B000036,PR00008,ADM25H027,2024-06-29,2026-06-29,SAT1,1000,997,2025-01-07,Banerjee-Walia
B000037,PR00008,22A3005,2023-12-06,2025-06-06,SAT1,1000,983,2024-06-06,Salvi Inc
B000038,PR00009,BIO77797,2024-09-03,2027-09-03,SAT1,250,247,2024-11-20,Dugar and Sons
B000039,PR00009,BIO58589,2023-08-29,2026-08-29,SAT2,100,66,2024-04-21,Dube Group
B000040,PR00009,BIO99845,2023-09-18,2026-09-18,MAIN,500,447,2023-12-05,Saran and Sons
B000041,PR00010,BI25-473,2024-04-04,2027-04-04,MAIN,1000,884,2024-07-28,"Ganesan, Lata and Venkatesh"
B000042,PR00010,BI23-391,2024-01-01,2026-01-01,MAIN,100,0,2024-07-27,"Wali, Narayan and Sethi"
B000043,PR00010,23B8282,2024-05-11,2025-11-11,SAT2,100,75,2024-07-25,Walia Ltd
B000044,PR00010,BIO23H247,2024-06-27,2026-06-27,MAIN,200,121,2024-11-14,"Kale, Sen and Sandal"
B000045,PR00010,B2509764,2023-08-27,2025-02-27,SAT1,200,119,2024-01-29,Saxena LLC
B000046,PR00011,G6589634,2025-03-02,2028-03-02,SAT2,500,485,2025-04-08,Lad-Kala
B000047,PR00011,G7648508,2023-11-16,2025-11-16,MAIN,500,233,2024-03-12,"Bahri, Hayre and Ravi"
B000048,PR00011,25G5051,2024-08-01,2027-08-01,MAIN,200,161,2024-11-10,Prashad-Wason
B000049,PR00012,24I450,2024-07-22,2026-01-22,MAIN,250,170,2024-10-15,Chand-D’Alia
B000050,PR00012,INT31053,2024-10-29,2026-04-29,MAIN,1000,979,2025-04-13,"Date, Bhagat and Karpe"
B000051,PR00012,INT95137,2023-07-07,2025-01-07,MAIN,1000,700,2024-01-01,"Walla, Chowdhury and Srinivas"
B000052,PR00012,22I8909,2023-12-15,2025-06-15,MAIN,1000,773,2024-01-21,Deshmukh-Bera
B000053,PR00012,IN24-176,2024-02-25,2026-02-25,SAT2,1000,888,2024-06-01,"Gole, Yohannan and Kata"
B000054,PR00013,SHR23H059,2023-05-11,2024-11-11,SAT1,200,174,2023-11-13,Khosla Inc
B000055,PR00013,25S9327,2023-11-27,2026-11-27,SAT2,100,91,2024-06-27,"Borah, Khurana and Yohannan"
B000056,PR00013,SHR44089,2024-07-23,2027-07-23,SAT1,500,496,2025-02-09,"Chacko, Nori and Vohra"
B000057,PR00014,M7438470,2023-09-20,2026-09-20,SAT1,200,106,2024-03-01,"Chander, Lad and Lal"
B000058,PR00014,MAP25B194,2024-07-22,2027-07-22,SAT2,250,246,2024-12-29,Deshpande-Gokhale
B000059,PR00014,22M9513,2024-03-19,2025-09-19,MAIN,1000,977,2024-09-25,Sane Group
B000060,PR00014,MA22-436,2024-01-21,2026-01-21,MAIN,250,221,2024-06-06,Dey and Sons
B000061,PR00015,VVY22C131,2024-02-05,2027-02-05,MAIN,200,145,2024-09-05,"Chakraborty, Vasa and Divan"
B000062,PR00015,22V5350,2024-01-21,2025-07-21,SAT2,500,403,2024-06-20,"Sathe, Bora and Sami"
B000063,PR00015,VV25-132,2023-11-06,2025-11-06,MAIN,200,24,2024-01-29,"Buch, Nagy and Sharma"
B000064,PR00015,VVY24C365,2025-03-12,2027-03-12,SAT2,1000,997,2025-04-21,Majumdar LLC
B000065,PR00015,VV22-552,2023-05-03,2025-05-03,MAIN,1000,516,2023-12-14,Bali Inc
B000066,PR00016,OLD21258,2023-09-15,2025-09-15,MAIN,200,0,2024-02-16,Bajwa Ltd
B000067,PR00016,OLD24H038,2024-05-08,2026-05-08,SAT1,500,452,2024-08-27,Chacko LLC
B000068,PR00016,24O4821,2024-06-24,2025-12-24,MAIN,250,187,2024-10-29,Bumb Inc
B000069,PR00016,OLD22H184,2024-09-26,2026-09-26,MAIN,1000,981,2025-03-03,"Gupta, Srivastava and Chaudhari"
B000070,PR00017,ATH24K030,2024-10-14,2027-10-14,SAT1,250,219,2025-02-12,Yohannan-Prabhu
B000071,PR00017,A9988386,2024-07-22,2027-07-22,MAIN,100,74,2024-09-09,Bal Ltd
B000072,PR00017,ATH88322,2024-11-07,2026-05-07,SAT2,500,497,2025-03-07,Pandit LLC
B000073,PR00017,A1277213,2024-12-29,2026-12-29,MAIN,250,235,2025-02-15,Contractor-Thaman
B000074,PR00017,ATH22J211,2023-06-25,2024-12-25,MAIN,250,184,2023-11-04,"Mann, Master and Lal"
B000075,PR00017,AT25-217,2024-09-03,2026-03-03,SAT1,100,81,2025-03-08,Chada PLC
B000076,PR00018,25D5333,2023-09-02,2026-09-02,MAIN,100,0,2023-11-19,Zacharia Group
B000077,PR00018,DEE25H260,2024-08-24,2027-08-24,MAIN,200,162,2025-04-07,Swaminathan-Vig
B000078,PR00018,DE23-709,2024-04-24,2027-04-24,MAIN,1000,800,2024-11-07,Dora and Sons
B000079,PR00018,22D7079,2024-07-24,2026-07-24,MAIN,100,50,2024-09-03,Thaker-Basak
B000080,PR00018,D5108859,2023-04-17,2024-10-17,MAIN,500,139,2023-12-07,Raghavan-Singh
B000081,PR00018,DEE25561,2024-10-19,2026-04-19,SAT2,1000,917,2025-01-09,Tripathi Group
B000082,PR00019,MET40520,2025-01-28,2026-07-28,MAIN,500,436,2025-04-13,Bal-Basu
B000083,PR00019,M3115847,2025-01-13,2027-01-13,SAT2,500,439,2025-03-23,"Bawa, Agate and Lal"
B000084,PR00019,MET24F077,2023-06-15,2026-06-15,MAIN,100,0,2024-01-28,Purohit LLC
B000085,PR00020,SEB84999,2023-06-12,2024-12-12,MAIN,500,440,2024-01-28,"Om, Chakrabarti and Pathak"
B000086,PR00020,SEB92000,2023-07-22,2025-07-22,SAT2,500,478,2024-02-12,"Varty, Maharaj and Wagle"
B000087,PR00020,SEB25B041,2023-06-26,2025-06-26,SAT1,1000,954,2023-12-07,Ravel Group
B000088,PR00020,SEB22E304,2024-08-02,2026-02-02,MAIN,250,246,2025-03-15,"Das, Keer and Sachar"
B000089,PR00020,24S7945,2024-04-13,2025-10-13,SAT1,1000,977,2024-08-15,Luthra PLC
B000090,PR00021,V8273856,2024-08-05,2026-02-05,MAIN,500,490,2025-02-04,Nagy LLC
B000091,PR00021,22V3819,2024-09-02,2026-09-02,MAIN,250,246,2025-04-28,"Bawa, Pau and Mukherjee"
B000092,PR00021,VAR22K318,2023-09-30,2025-09-30,SAT2,500,478,2024-02-25,Prashad Ltd
B000093,PR00021,25V4035,2023-12-27,2026-12-27,MAIN,100,74,2024-06-30,Baral Ltd
B000094,PR00021,VAR25E175,2024-10-06,2027-10-06,MAIN,1000,994,2025-02-23,Bera-Ray
B000095,PR00021,V5099657,2023-12-20,2025-06-20,MAIN,250,224,2024-05-18,Khosla Group
B000096,PR00022,VSA52494,2024-05-03,2025-11-03,SAT2,500,486,2024-12-16,"Sharma, Pant and Badal"
B000097,PR00022,VSA96145,2024-08-23,2026-02-23,MAIN,500,416,2025-04-10,"Vora, Goyal and Dass"
B000098,PR00022,VSA56760,2024-03-12,2025-09-12,MAIN,1000,720,2024-04-17,Bhat LLC
B000099,PR00022,V2117514,2023-06-06,2025-06-06,MAIN,1000,708,2024-01-17,Das Group
B000100,PR00022,VSA22E143,2023-12-25,2025-12-25,MAIN,1000,753,2024-04-19,Wadhwa-Dash
B000101,PR00023,ST23-079,2024-04-09,2027-04-09,SAT2,1000,984,2024-09-09,"Wadhwa, Ahluwalia and Lal"
B000102,PR00023,STA14953,2024-10-08,2027-10-08,SAT2,1000,972,2024-11-17,"Kuruvilla, Goel and Som"
B000103,PR00023,STA74055,2024-04-26,2026-04-26,MAIN,1000,885,2024-09-12,Kothari-Varty
B000104,PR00024,22V8391,2024-12-12,2026-06-12,MAIN,250,204,2025-04-10,Radhakrishnan Ltd
B000105,PR00024,VAI24D360,2024-01-12,2025-07-12,MAIN,100,0,2024-02-26,Wadhwa Ltd
B000106,PR00024,VAI25C137,2023-05-08,2025-05-08,MAIN,250,0,2023-11-07,Ratta LLC
B000107,PR00024,24V9189,2025-01-22,2028-01-22,SAT2,250,250,2025-05-01,Dubey Ltd
B000108,PR00024,V6352336,2024-01-11,2027-01-11,MAIN,1000,754,2024-06-03,Dhaliwal Ltd
B000109,PR00025,23V3318,2024-09-25,2027-09-25,SAT1,200,196,2025-03-13,Merchant-Garde
B000110,PR00025,V7865805,2023-08-30,2025-02-28,SAT1,200,168,2023-12-23,"Mohanty, Reddy and Mishra"
B000111,PR00025,VHB58078,2024-04-10,2025-10-10,SAT1,250,224,2024-07-02,Bail and Sons
B000112,PR00025,VHB25C355,2024-09-23,2027-09-23,MAIN,250,238,2024-11-16,De-Pillay
B000113,PR00026,A9271729,2023-07-16,2025-01-16,SAT2,500,430,2023-12-29,"Wadhwa, Sankar and Kala"
B000114,PR00026,A3371151,2023-12-17,2025-12-17,MAIN,1000,825,2024-07-22,Mukherjee LLC
B000115,PR00026,A3355613,2024-04-10,2025-10-10,SAT1,1000,973,2024-07-14,Shere Inc
B000116,PR00026,ALV23B069,2023-07-31,2025-07-31,MAIN,1000,706,2024-01-03,Manne-Ramakrishnan
B000117,PR00026,25A9496,2024-08-25,2027-08-25,SAT1,200,199,2024-11-20,Pant LLC
B000118,PR00027,DI22-917,2024-07-05,2027-07-05,MAIN,500,451,2024-09-12,Basak-Grover
B000119,PR00027,D2504156,2023-10-26,2025-04-26,MAIN,250,120,2024-03-31,Karnik-Pillay
B000120,PR00027,DIS25J071,2023-09-13,2025-09-13,MAIN,200,0,2023-11-17,Grover-Memon
B000121,PR00027,DIS25C045,2023-08-16,2025-02-16,SAT2,100,1,2023-11-15,Bajaj Ltd
B000122,PR00027,22D5424,2024-01-25,2025-07-25,MAIN,200,57,2024-05-31,Singhal Group
B000123,PR00027,DI24-693,2023-09-08,2025-09-08,SAT1,1000,997,2024-03-11,Sabharwal-Mammen
B000124,PR00028,SHR13565,2023-05-03,2024-11-03,SAT1,500,474,2023-12-22,Varghese-Wali
B000125,PR00028,22S5310,2024-07-21,2026-01-21,SAT1,250,230,2025-01-02,"Bajaj, Kara and Chopra"
B000126,PR00028,SH23-459,2024-10-14,2026-04-14,MAIN,200,127,2024-11-25,Khurana-Tella
B000127,PR00029,AN23-033,2025-01-25,2028-01-25,MAIN,100,97,2025-04-24,"Gokhale, Majumdar and Narula"
B000128,PR00029,ANA23G294,2024-09-07,2026-03-07,SAT1,500,472,2025-02-25,"Desai, Shroff and Bhatia"
B000129,PR00029,AN25-571,2025-01-12,2028-01-12,MAIN,1000,997,2025-04-29,"Oak, Barad and Mann"
B000130,PR00029,ANA96178,2023-11-09,2025-05-09,SAT1,100,0,2024-01-12,"Bhandari, Manne and Khare"
B000131,PR00029,23A6115,2024-02-18,2027-02-18,MAIN,1000,977,2024-05-24,Kalita and Sons
B000132,PR00029,A5795024,2024-08-14,2027-08-14,MAIN,100,94,2025-03-27,Hari-Vora
B000133,PR00030,KLM22G208,2024-07-17,2026-01-17,MAIN,1000,917,2025-03-04,Murty-Das
B000134,PR00030,23K4483,2024-01-08,2025-07-08,MAIN,1000,859,2024-07-27,Kapadia-Dhaliwal
B000135,PR00030,K2217663,2025-02-04,2027-02-04,MAIN,200,178,2025-05-23,Chana Inc
B000136,PR00030,KL25-583,2023-11-30,2026-11-30,MAIN,500,298,2024-02-01,"Sha, Vora and Shukla"
B000137,PR00030,KLM22G306,2024-10-22,2026-10-22,SAT2,100,95,2024-12-08,"Dasgupta, Bava and Issac"
B000138,PR00031,CA22-422,2023-04-17,2025-04-17,MAIN,100,21,2023-12-12,Chand Ltd
B000139,PR00031,CA23-462,2024-08-07,2026-02-07,SAT2,200,199,2025-03-22,"Hora, Tailor and Kalita"
B000140,PR00031,CAD70947,2024-04-22,2027-04-22,MAIN,250,239,2024-10-26,Ravel Ltd
B000141,PR00031,CAD25G338,2024-08-16,2026-08-16,MAIN,100,97,2025-03-25,Kara-Baral
B000142,PR00032,SA24-975,2024-04-20,2026-04-20,MAIN,500,386,2024-06-10,Banerjee-Bose
B000143,PR00032,SA25-444,2023-11-30,2025-05-30,MAIN,250,0,2024-01-26,Tiwari Group
B000144,PR00032,SAF19034,2023-08-05,2025-02-05,MAIN,1000,799,2023-12-28,Ramachandran-Chandran
B000145,PR00032,SA25-181,2024-12-20,2026-12-20,MAIN,100,60,2025-04-14,Tella-Ray
B000146,PR00032,SAF27903,2024-07-21,2026-01-21,SAT1,200,120,2024-08-24,"Vohra, Anand and Anne"
B000147,PR00032,SA23-301,2024-06-24,2026-06-24,SAT1,250,250,2024-10-13,Joshi Inc
B000148,PR00033,DEL29188,2023-08-05,2025-02-05,MAIN,1000,933,2023-11-20,Chhabra LLC
B000149,PR00033,DEL22G166,2024-10-12,2027-10-12,MAIN,100,93,2025-03-11,Choudhury-Datta
B000150,PR00033,23D8097,2024-10-20,2026-04-20,MAIN,1000,980,2025-01-02,"Viswanathan, Arya and Konda"
B000151,PR00034,SUN23J194,2024-11-30,2027-11-30,MAIN,1000,991,2025-04-15,"Purohit, Nath and Sodhi"
B000152,PR00034,SUN22A376,2024-09-21,2027-09-21,MAIN,1000,969,2025-01-25,"Tank, Lalla and Mander"
B000153,PR00034,S5373710,2023-11-21,2025-11-21,MAIN,1000,847,2024-06-24,"Dar, Sagar and Aggarwal"
B000154,PR00034,SU24-764,2023-07-19,2026-07-19,SAT1,250,163,2024-03-11,"Kala, Ramanathan and Pillai"
B000155,PR00034,S3826801,2023-11-03,2025-05-03,SAT1,100,0,2024-06-18,"Pal, Desai and Bhardwaj"
B000156,PR00034,24S4382,2024-05-31,2025-11-30,SAT1,250,229,2024-11-18,Mukhopadhyay PLC
B000157,PR00035,22R1564,2024-01-21,2025-07-21,SAT2,250,222,2024-04-14,Dasgupta PLC
B000158,PR00035,RS22-420,2024-09-18,2026-09-18,MAIN,500,497,2025-05-03,"Mangat, Chopra and Zacharia"
B000159,PR00035,R3452260,2024-10-10,2026-04-10,MAIN,250,231,2024-11-17,Kara-Kashyap
B000160,PR00035,RSM94131,2023-10-30,2025-10-30,SAT1,250,224,2024-04-13,Wagle-Sood
B000161,PR00035,RSM4538,2023-06-02,2026-06-02,MAIN,500,450,2023-12-16,Bala-Dewan
B000162,PR00036,ZUV23531,2024-03-10,2027-03-10,SAT2,250,109,2024-06-20,Hayer-Garde
B000163,PR00036,ZUV25D006,2023-09-27,2025-09-27,SAT1,1000,955,2024-03-08,"Dugar, Kale and Tiwari"
B000164,PR00036,ZUV22B059,2023-10-05,2025-10-05,SAT1,200,170,2024-02-18,Borah and Sons
B000165,PR00036,23Z2394,2024-03-13,2026-03-13,SAT2,100,66,2024-09-06,Maharaj-Nayak
B000166,PR00037,24S6774,2024-07-29,2026-01-29,MAIN,1000,982,2024-09-01,Sahota-Bose
B000167,PR00037,S8599693,2024-09-02,2027-09-02,MAIN,200,178,2024-11-20,Kumer Inc
B000168,PR00037,25S5361,2024-06-29,2025-12-29,MAIN,250,243,2025-01-16,"Menon, De and Venkatesh"
B000169,PR00037,S6505244,2024-04-19,2027-04-19,SAT1,100,92,2024-08-26,"Reddy, Basak and Peri"
B000170,PR00037,24S2573,2025-04-10,2026-10-10,MAIN,500,500,2025-05-23,"Bail, Nazareth and Khanna"
B000171,PR00038,LUP24H373,2024-04-15,2026-04-15,MAIN,250,124,2024-10-02,Rana-Sangha
B000172,PR00038,24L6951,2024-07-03,2026-07-03,MAIN,200,127,2024-12-08,Batra-Venkataraman
B000173,PR00038,25L7693,2023-08-08,2025-02-08,SAT1,200,149,2024-03-28,"Char, Dada and Dave"
B000174,PR00038,22L7521,2023-10-19,2025-10-19,MAIN,250,0,2024-03-02,Badami-Basak
B000175,PR00038,LU22-366,2023-04-27,2025-04-27,MAIN,200,0,2023-12-18,Bhakta PLC
B000176,PR00039,DYC31099,2023-09-27,2025-03-27,SAT2,500,393,2024-05-16,Patel Group
B000177,PR00039,23D1040,2023-08-24,2025-02-24,SAT2,250,1,2023-11-20,Chakrabarti-Bala
B000178,PR00039,D8276690,2024-10-07,2027-10-07,MAIN,500,478,2025-04-23,Dube-Shah
B000179,PR00039,D3980706,2024-08-02,2026-02-02,SAT1,100,94,2024-11-02,Nagi Ltd
B000180,PR00039,DY23-655,2024-03-12,2027-03-12,SAT2,500,439,2024-06-22,Chaudhry and Sons
B000181,PR00040,CAR24B078,2024-05-23,2027-05-23,SAT1,200,82,2024-12-05,Kumar LLC
B000182,PR00040,CAR67366,2024-01-15,2027-01-15,MAIN,100,0,2024-06-06,Ben-Sani
B000183,PR00040,CAR82384,2024-09-03,2026-03-03,MAIN,500,453,2024-10-14,"Goswami, Sarin and Chopra"
B000184,PR00040,CAR22L245,2024-03-02,2026-03-02,MAIN,1000,771,2024-04-01,Sundaram-Samra
B000185,PR00041,A6609781,2023-12-16,2025-06-16,MAIN,500,200,2024-05-03,"Dhar, Kade and Vohra"
B000186,PR00041,AD22-110,2024-05-07,2026-05-07,SAT1,250,250,2024-08-16,Mannan-Baria
B000187,PR00041,ADV11586,2024-11-21,2026-05-21,SAT1,1000,1000,2025-04-17,Khurana LLC
B000188,PR00042,ASM22L317,2024-09-01,2026-09-01,SAT1,200,200,2025-04-09,"Ahluwalia, Wable and Sem"
B000189,PR00042,AS22-572,2024-08-04,2026-08-04,SAT1,500,498,2024-11-05,Oommen LLC
B000190,PR00042,AS25-704,2024-05-25,2026-05-25,SAT2,500,494,2025-01-08,Sood Ltd
B000191,PR00043,S5267748,2024-08-05,2027-08-05,MAIN,100,85,2024-10-23,"Wadhwa, Deshpande and Reddy"
B000192,PR00043,SHR61873,2025-01-12,2027-01-12,SAT1,100,97,2025-05-15,Kala and Sons
B000193,PR00043,SHR71859,2023-08-04,2025-02-04,MAIN,100,17,2023-12-15,"Prasad, Dash and Bera"
B000194,PR00043,24S1047,2024-01-16,2025-07-16,SAT1,250,237,2024-07-06,Prabhakar Group
B000195,PR00044,TA25-564,2023-10-26,2025-10-26,SAT2,250,136,2024-04-06,"Badami, Batta and Tripathi"
B000196,PR00044,TA24-626,2024-11-02,2026-05-02,MAIN,100,27,2024-12-21,Bhattacharyya-Mann
B000197,PR00044,TAL97942,2023-03-25,2025-03-25,SAT1,250,63,2023-11-06,Gopal-Babu
B000198,PR00044,T1803170,2023-06-16,2026-06-16,MAIN,250,0,2023-12-17,"Sethi, Kumer and Gandhi"
B000199,PR00045,ALL69051,2024-01-15,2026-01-15,MAIN,100,20,2024-09-09,Salvi-Prashad
B000200,PR00045,25A179,2024-07-02,2026-07-02,MAIN,500,371,2024-09-09,"Minhas, Shan and Chakraborty"
B000201,PR00045,ALL75968,2024-10-31,2026-04-30,MAIN,1000,965,2025-05-03,"Merchant, Dhillon and Wason"
B000202,PR00045,ALL25C360,2024-07-27,2026-01-27,MAIN,250,0,2024-09-19,Rajagopalan-Kothari
B000203,PR00045,25A5180,2023-05-08,2024-11-08,MAIN,250,49,2023-12-30,Narayanan PLC
B000204,PR00045,A4619316,2024-08-08,2027-08-08,MAIN,500,484,2024-12-15,Menon Inc
B000205,PR00046,24T7882,2024-08-12,2026-02-12,MAIN,1000,918,2024-11-02,"Mukherjee, Hayer and Gill"
B000206,PR00046,T5192159,2024-04-24,2025-10-24,SAT2,250,207,2024-10-26,Chokshi and Sons
B000207,PR00046,T3501307,2024-10-14,2027-10-14,MAIN,500,480,2025-02-16,Menon and Sons
B000208,PR00047,MON25H276,2024-05-30,2025-11-30,MAIN,200,182,2024-08-22,Raval-Bhakta
B000209,PR00047,MON58398,2023-12-19,2025-12-19,SAT2,100,69,2024-01-29,Bajaj-Solanki
B000210,PR00047,MO24-337,2024-12-06,2026-12-06,SAT1,500,483,2025-04-05,Rao Ltd
B000211,PR00047,MON22G043,2024-06-28,2026-06-28,MAIN,200,191,2025-01-20,Shankar Group
B000212,PR00048,TO25-826,2023-08-30,2025-02-28,SAT2,250,241,2024-02-16,Sathe and Sons
B000213,PR00048,22T4182,2024-02-20,2025-08-20,MAIN,100,69,2024-06-11,"Kalita, More and Kari"
B000214,PR00048,24T5141,2023-12-26,2025-12-26,SAT2,250,224,2024-04-12,"Kannan, Nanda and Pathak"
B000215,PR00048,TOR24H368,2024-10-10,2026-04-10,MAIN,500,494,2025-05-14,"Kohli, Venkatesh and Devi"
B000216,PR00048,24T3841,2024-02-20,2026-02-20,SAT2,500,478,2024-04-04,"Badal, Mane and Aggarwal"
B000217,PR00048,T7004175,2024-06-19,2027-06-19,SAT2,250,242,2024-08-17,Reddy-Dalal
B000218,PR00049,MAC86721,2023-04-26,2026-04-26,MAIN,1000,772,2023-11-23,Saraf LLC
B000219,PR00049,MAC15737,2024-12-26,2026-06-26,SAT1,500,500,2025-04-19,Din Group
B000220,PR00049,MA25-043,2023-11-30,2025-05-30,MAIN,1000,794,2024-04-06,"Parmer, Din and Saraf"
B000221,PR00049,24M6554,2024-04-28,2025-10-28,MAIN,250,36,2024-07-11,"Lata, Chander and Raja"
B000222,PR00050,JBC83569,2023-09-17,2025-03-17,MAIN,250,31,2024-05-01,"Radhakrishnan, Padmanabhan and Ray"
B000223,PR00050,24J7883,2024-02-01,2026-02-01,MAIN,200,113,2024-09-21,"Bora, Kalita and Aurora"
B000224,PR00050,23J7630,2024-09-16,2026-03-16,MAIN,200,183,2025-02-06,"Subramaniam, Sandhu and Chaudhari"
B000225,PR00051,25Z4788,2023-12-29,2025-06-29,MAIN,250,34,2024-03-21,"Dhingra, Gupta and Wadhwa"
B000226,PR00051,Z8377693,2024-04-08,2026-04-08,MAIN,250,216,2024-10-19,Nayar-Dara
B000227,PR00051,22Z9672,2024-05-25,2027-05-25,MAIN,1000,879,2024-09-03,Handa-Loke
B000228,PR00051,ZED29842,2024-01-12,2025-07-12,MAIN,1000,712,2024-04-19,Dixit-Khosla
B000229,PR00051,ZE22-467,2024-01-29,2027-01-29,SAT1,1000,960,2024-06-13,"Mukhopadhyay, Upadhyay and Magar"
B000230,PR00051,ZED24H374,2024-05-15,2026-05-15,MAIN,100,0,2024-07-18,"Baria, Balan and Gala"
B000231,PR00052,23E145,2024-07-22,2026-07-22,MAIN,1000,928,2024-12-29,Kapur-Agarwal
B000232,PR00052,E7308751,2023-12-17,2025-12-17,MAIN,100,0,2024-02-08,Varkey Group
B000233,PR00052,E1914639,2024-01-03,2027-01-03,MAIN,200,0,2024-02-27,"Raman, Ramachandran and Bhatnagar"
B000234,PR00052,EAS22D146,2025-04-11,2028-04-11,MAIN,500,475,2025-05-17,Dada Group
B000235,PR00052,EAS24909,2023-12-13,2026-12-13,SAT1,500,443,2024-05-05,"Jaggi, Borde and Bumb"
B000236,PR00053,A5670456,2023-07-20,2025-01-20,MAIN,1000,963,2024-01-24,"Hans, Natt and Bal"
B000237,PR00053,AN23-722,2024-01-09,2025-07-09,MAIN,250,227,2024-03-26,Bhatti Group
B000238,PR00053,AN23-980,2025-03-15,2028-03-15,MAIN,250,241,2025-05-10,"Bhalla, Mallick and Buch"
B000239,PR00053,ANA69887,2023-09-14,2025-09-14,MAIN,100,22,2023-12-31,Bora-Nagy
B000240,PR00053,AN23-061,2023-09-16,2026-09-16,MAIN,500,412,2023-12-29,Setty Group
B000241,PR00054,SIT25D211,2024-07-10,2026-01-10,MAIN,200,112,2024-08-15,Vig and Sons
B000242,PR00054,SIT85553,2024-05-17,2025-11-17,MAIN,200,93,2024-10-09,"Savant, Sabharwal and Dhawan"
B000243,PR00054,SIT73914,2023-10-12,2025-10-12,SAT1,200,194,2024-03-27,Pillay and Sons
B000244,PR00054,SI23-281,2023-05-06,2026-05-06,SAT1,500,436,2023-11-22,"Mammen, Madan and Badal"
B000245,PR00055,H8381388,2024-08-26,2027-08-26,MAIN,1000,957,2025-03-23,Sastry-Savant
B000246,PR00055,H1698335,2024-10-29,2026-04-29,MAIN,1000,982,2025-03-27,"Manda, Raman and Gaba"
B000247,PR00055,23H8726,2024-10-26,2027-10-26,MAIN,250,202,2024-12-12,Sen and Sons
B000248,PR00056,GR22-011,2024-01-17,2026-01-17,SAT1,200,58,2024-04-07,"Rau, Sabharwal and De"
B000249,PR00056,G5009145,2023-09-24,2026-09-24,SAT2,250,98,2024-03-04,"Devan, Padmanabhan and Bahl"
B000250,PR00056,GRA22D168,2024-09-15,2027-09-15,MAIN,100,53,2025-04-01,"Chanda, Swamy and Som"
B000251,PR00056,GR24-931,2024-01-22,2025-07-22,SAT2,500,458,2024-05-30,Batta-Dyal
B000252,PR00057,23I7650,2023-05-25,2026-05-25,SAT1,100,0,2023-11-25,"Bhavsar, Lall and Bajaj"
B000253,PR00057,I7207433,2024-05-12,2025-11-12,MAIN,500,440,2024-11-22,Viswanathan-Walla
B000254,PR00057,IN23-297,2024-10-16,2027-10-16,SAT1,250,222,2025-03-02,Bhavsar-Hayer
B000255,PR00058,KPH15616,2024-07-10,2026-01-10,SAT2,100,93,2024-08-11,Jain Group
B000256,PR00058,KPH25E004,2023-10-26,2025-04-26,MAIN,100,52,2024-01-18,Chakraborty and Sons
B000257,PR00058,KPH24H308,2024-02-26,2027-02-26,SAT1,200,180,2024-05-29,Parmar-Garg
B000258,PR00059,MIN37608,2024-08-29,2027-08-29,MAIN,200,194,2025-04-23,Pai Group
B000259,PR00059,23M6883,2024-08-16,2027-08-16,SAT1,1000,969,2024-12-02,Sibal PLC
B000260,PR00059,M7543326,2023-05-17,2024-11-17,SAT2,1000,981,2024-01-10,Shetty Inc
B000261,PR00059,MIN53763,2024-10-21,2027-10-21,SAT2,500,500,2025-04-25,Gala Ltd
B000262,PR00059,M2257499,2023-04-06,2024-10-06,MAIN,100,47,2023-11-23,Brar PLC
B000263,PR00060,HEA24B233,2024-04-27,2027-04-27,MAIN,250,215,2024-07-25,Acharya Group
B000264,PR00060,HEA28232,2024-07-20,2027-07-20,MAIN,500,494,2025-02-16,Kanda Group
B000265,PR00060,H8596466,2024-01-10,2027-01-10,SAT1,100,35,2024-07-29,Varghese Ltd
B000266,PR00060,HEA24H281,2024-03-21,2026-03-21,MAIN,1000,985,2024-10-22,Deo-Sibal
B000267,PR00060,H9720461,2024-07-12,2026-07-12,MAIN,250,229,2024-09-27,Pai-Puri
B000268,PR00061,MAC41192,2024-11-05,2027-11-05,SAT2,100,91,2025-01-31,Gupta and Sons
B000269,PR00061,MAC68090,2023-12-12,2025-06-12,MAIN,1000,811,2024-06-07,Borde-Minhas
B000270,PR00061,MA25-453,2024-08-26,2026-08-26,MAIN,100,77,2024-12-21,Lalla-Bawa
B000271,PR00061,24M1554,2024-06-16,2026-06-16,MAIN,250,181,2024-11-24,"Ganguly, Naidu and Batta"
B000272,PR00062,24K1369,2024-05-06,2026-05-06,SAT1,500,488,2024-10-01,Randhawa LLC
B000273,PR00062,22K7843,2024-02-08,2026-02-08,MAIN,1000,717,2024-05-07,"Bassi, Chandra and Sankar"
B000274,PR00062,KH24-578,2024-12-24,2027-12-24,SAT2,100,85,2025-02-06,Mane-Bera
B000275,PR00062,K5686016,2025-01-17,2027-01-17,SAT2,100,93,2025-05-11,Seth and Sons
B000276,PR00062,K2578940,2024-04-10,2025-10-10,MAIN,200,131,2024-08-22,"Krishna, Chaudry and Rao"
B000277,PR00063,YUG25B070,2023-11-03,2026-11-03,SAT2,100,0,2024-04-03,Warrior-Chokshi
B000278,PR00063,YU23-521,2023-10-06,2026-10-06,MAIN,500,0,2023-12-18,Sheth Ltd
B000279,PR00063,Y2929641,2023-10-01,2026-10-01,SAT1,1000,963,2024-04-13,Varghese-Garde
B000280,PR00063,YUG50374,2024-02-06,2026-02-06,SAT1,500,489,2024-09-18,Borde Inc
B000281,PR00064,NEI22I344,2024-07-11,2026-01-11,SAT1,100,32,2024-11-16,Chanda Group
B000282,PR00064,22N8418,2025-01-10,2026-07-10,MAIN,1000,970,2025-05-17,"Yadav, Gopal and Chaudry"
B000283,PR00064,24N6702,2023-12-12,2025-06-12,SAT1,1000,963,2024-05-26,"Hari, Lal and Venkataraman"
B000284,PR00064,NEI25C239,2024-04-10,2025-10-10,SAT2,1000,963,2024-08-04,Garg-Oak
B000285,PR00064,NEI25L373,2025-03-02,2026-09-02,MAIN,1000,1000,2025-04-01,"Swamy, Sarma and Kaur"
B000286,PR00064,N2950728,2024-08-13,2026-02-13,MAIN,500,451,2024-10-16,Kata-Zacharia
B000287,PR00065,24A9336,2024-12-02,2026-12-02,MAIN,100,57,2025-01-20,Contractor PLC
B000288,PR00065,AL25-490,2023-12-09,2025-06-09,SAT1,200,167,2024-04-20,Nagar Group
B000289,PR00065,25A4126,2024-12-07,2026-12-07,SAT1,1000,940,2025-04-19,Nigam and Sons
B000290,PR00066,EAS22C077,2024-04-08,2025-10-08,MAIN,500,342,2024-05-17,"Sengupta, Bajaj and Tailor"
B000291,PR00066,E1485617,2023-07-30,2026-07-30,MAIN,1000,692,2024-01-12,"Sangha, Rau and Dani"
B000292,PR00066,23E723,2024-02-03,2026-02-03,SAT1,200,178,2024-07-19,Sridhar-Bhat
B000293,PR00067,22A7341,2024-10-16,2026-04-16,MAIN,200,177,2025-01-22,Taneja-Keer
B000294,PR00067,23A7844,2024-11-16,2026-05-16,MAIN,200,167,2025-05-18,Vasa-Din
B000295,PR00067,A3345399,2024-07-11,2027-07-11,MAIN,200,54,2024-11-19,Patla Inc
B000296,PR00068,23L5212,2023-07-02,2025-07-02,MAIN,200,152,2024-01-26,Zachariah-Dhawan
B000297,PR00068,LA25-755,2024-07-11,2027-07-11,MAIN,250,229,2024-09-11,Garg and Sons
B000298,PR00068,LAB22L382,2024-05-21,2025-11-21,MAIN,500,486,2024-09-25,Palla LLC
B000299,PR00068,22L4999,2025-02-09,2028-02-09,SAT2,500,500,2025-05-05,"Dutta, Chadha and Ramaswamy"
B000300,PR00069,CA22-936,2024-10-02,2026-04-02,SAT1,200,200,2025-05-26,"Pau, Aurora and Nayak"
B000301,PR00069,22C3476,2023-05-20,2024-11-20,MAIN,1000,695,2023-11-24,"Sem, Cheema and Lanka"
B000302,PR00069,CAP48058,2024-09-05,2026-09-05,MAIN,1000,959,2025-04-07,Doctor-Bora
B000303,PR00069,24C209,2023-11-27,2025-05-27,MAIN,500,322,2024-03-06,"Ghosh, Bora and Dewan"
B000304,PR00070,TOR24L053,2024-06-06,2027-06-06,SAT1,1000,1000,2024-11-13,Rao-Shan
B000305,PR00070,TOR24J249,2023-08-27,2025-08-27,SAT2,200,73,2024-03-15,"Baral, Warrior and Loyal"
B000306,PR00070,TOR46663,2023-09-13,2025-03-13,SAT1,500,333,2024-02-03,Sani PLC
B000307,PR00071,GR22-922,2024-10-05,2027-10-05,SAT2,1000,986,2025-02-26,"Mani, Babu and Dutt"
B000308,PR00071,G8100090,2024-07-12,2026-07-12,SAT2,1000,993,2025-01-18,Barad LLC
B000309,PR00071,G2057441,2024-10-30,2026-04-30,SAT2,1000,993,2025-03-04,Karpe Ltd
B000310,PR00071,G2012313,2023-10-05,2026-10-05,MAIN,200,50,2024-05-29,"Sant, Krishna and Tripathi"
B000311,PR00072,TO23-031,2023-12-08,2026-12-08,SAT2,200,105,2024-02-07,De-Misra
B000312,PR00072,TOT42883,2023-10-13,2025-04-13,MAIN,500,94,2023-12-08,"Nazareth, Vala and Bhatti"
B000313,PR00072,TOT23A042,2024-09-16,2027-09-16,SAT1,200,190,2024-11-28,"Chad, Mander and Palan"
B000314,PR00072,TOT22I010,2024-04-21,2027-04-21,MAIN,100,51,2024-12-11,Tripathi-Shankar
B000315,PR00073,DRK87141,2025-04-05,2027-04-05,MAIN,1000,1000,2025-05-29,Sastry Inc
B000316,PR00073,22D3872,2024-12-19,2026-06-19,SAT1,1000,1000,2025-02-12,Gola-Keer
B000317,PR00073,D5094017,2025-02-06,2028-02-06,SAT2,100,94,2025-04-29,"Ratti, Sem and Ramakrishnan"
B000318,PR00073,22D7584,2023-04-21,2025-04-21,MAIN,250,0,2023-12-12,Hayre-Zacharia
B000319,PR00073,DRK25E395,2024-02-18,2027-02-18,SAT2,200,53,2024-04-23,"Grover, Bal and Seth"
B000320,PR00074,L9196893,2025-01-04,2028-01-04,SAT1,500,500,2025-05-15,Rai-Brahmbhatt
B000321,PR00074,L7277885,2024-08-10,2026-08-10,SAT1,1000,986,2025-02-21,"Bhatt, Shenoy and Talwar"
B000322,PR00074,LOR27373,2024-10-29,2026-10-29,MAIN,1000,981,2025-03-26,"Wali, Tailor and Rajagopalan"
B000323,PR00074,LOR22E171,2024-07-17,2026-01-17,SAT2,100,41,2025-01-29,"Doctor, Sarin and Tiwari"
B000324,PR00074,LOR37212,2023-06-01,2025-06-01,MAIN,200,0,2023-11-12,Dube-Dayal
B000325,PR00074,LOR69634,2023-10-26,2026-10-26,MAIN,250,214,2024-05-18,Varty-Hayre
B000326,PR00075,SU24-966,2024-07-14,2026-01-14,SAT2,200,160,2024-10-26,Barad-Wali
B000327,PR00075,SUR23I192,2024-10-26,2027-10-26,SAT1,250,220,2025-05-04,Viswanathan-Acharya
B000328,PR00075,S3664397,2024-12-02,2027-12-02,MAIN,200,185,2025-05-26,Grewal-Khanna
B000329,PR00076,KRI21687,2024-06-09,2027-06-09,MAIN,1000,988,2024-11-18,Ben-Luthra
B000330,PR00076,KRI24J019,2025-02-18,2028-02-18,MAIN,500,496,2025-04-15,Patel Group
B000331,PR00076,KR25-251,2024-12-30,2026-06-30,MAIN,1000,984,2025-02-04,Narula-Shan
B000332,PR00076,KRI8881,2023-11-12,2025-05-12,SAT1,1000,989,2024-07-06,"Barad, Balasubramanian and Dash"
B000333,PR00076,K2371358,2024-02-28,2027-02-28,SAT2,500,484,2024-04-22,Mammen PLC
B000334,PR00077,RE22-206,2024-09-17,2026-03-17,MAIN,200,188,2025-03-05,Oommen LLC
B000335,PR00077,RE22-883,2023-09-04,2026-09-04,SAT2,250,218,2023-12-11,Krishnamurthy-Gopal
B000336,PR00077,REM59915,2024-05-31,2026-05-31,MAIN,500,469,2024-09-20,"Ramaswamy, Sharma and Ramesh"
B000337,PR00077,R1713445,2024-08-30,2026-02-28,MAIN,250,236,2024-10-04,Dey LLC
B000338,PR00077,REM48886,2024-10-07,2026-10-07,SAT2,1000,994,2024-12-05,"Menon, Grewal and Koshy"
B000339,PR00077,REM27555,2024-08-18,2026-08-18,MAIN,1000,996,2025-01-06,"Deol, Walia and Luthra"
B000340,PR00078,NOV87903,2024-11-03,2027-11-03,MAIN,200,163,2025-02-09,Kapadia-Hayer
B000341,PR00078,N2467285,2024-03-22,2025-09-22,MAIN,500,386,2024-10-03,"Chauhan, Oak and Ravel"
B000342,PR00078,23N1341,2024-03-09,2025-09-09,MAIN,500,396,2024-06-08,Lad Inc
B000343,PR00078,NOV6580,2024-04-27,2026-04-27,SAT2,100,48,2024-08-29,"Narang, Grover and Walia"
B000344,PR00079,VE24-030,2024-11-25,2026-11-25,MAIN,250,173,2024-12-28,Subramanian-Gokhale
B000345,PR00079,VE23-343,2023-09-23,2025-09-23,MAIN,100,0,2024-04-19,Ramachandran-Ganesh
B000346,PR00079,VE25-427,2024-06-10,2027-06-10,MAIN,200,135,2024-10-27,"Garg, Raval and Kant"
B000347,PR00079,VEA90251,2025-01-09,2026-07-09,MAIN,500,483,2025-02-23,"Kapadia, Oza and Wagle"
B000348,PR00079,VEA24I218,2024-03-12,2026-03-12,SAT1,1000,986,2024-07-22,"Pingle, Chaudry and Kapoor"
B000349,PR00080,25S5206,2024-04-16,2027-04-16,SAT1,100,53,2024-06-25,"Cherian, Raman and Pingle"
B000350,PR00080,SY23-185,2023-09-03,2026-09-03,MAIN,200,155,2024-02-20,Bal-Suri
B000351,PR00080,S6096937,2024-02-01,2025-08-01,SAT1,200,136,2024-06-28,"Lall, Raju and Nair"
B000352,PR00080,SYM54785,2024-07-17,2026-07-17,MAIN,250,242,2024-12-09,Nagi Group
B000353,PR00081,ACI55656,2023-09-21,2025-09-21,MAIN,200,0,2024-01-30,"Mani, Lal and Kapur"
B000354,PR00081,A1221535,2023-12-25,2025-12-25,SAT2,1000,980,2024-06-06,Hari LLC
B000355,PR00081,ACI25G244,2024-09-04,2027-09-04,SAT1,1000,997,2024-10-25,"Dar, Vala and Borde"
B000356,PR00081,AC22-376,2024-09-08,2026-09-08,SAT2,1000,1000,2024-12-20,Srivastava PLC
B000357,PR00081,AC25-664,2023-03-31,2024-09-30,MAIN,200,0,2023-11-16,Gala-Batta
B000358,PR00082,N8135276,2024-11-16,2026-11-16,MAIN,500,497,2025-03-09,Vig Ltd
B000359,PR00082,NUD44517,2023-12-04,2026-12-04,MAIN,250,209,2024-07-05,Keer-Luthra
B000360,PR00082,22N1706,2024-02-24,2025-08-24,MAIN,200,53,2024-05-05,Chadha LLC
B000361,PR00082,NUD21191,2024-06-25,2026-06-25,SAT2,100,38,2024-09-18,Ramesh LLC
B000362,PR00082,23N6969,2024-10-19,2027-10-19,MAIN,250,98,2024-12-25,Nanda LLC
B000363,PR00083,S7948205,2024-06-13,2026-06-13,MAIN,250,153,2024-12-28,Chokshi-Narain
B000364,PR00083,S7419610,2023-11-13,2025-11-13,SAT2,200,59,2024-01-22,Jain-Chhabra
B000365,PR00083,23S2986,2024-05-20,2027-05-20,MAIN,250,163,2024-10-12,Ghose LLC
B000366,PR00084,25B6772,2023-09-02,2026-09-02,MAIN,250,206,2024-03-08,"Kala, Saini and Soni"
B000367,PR00084,BAX30407,2024-01-25,2027-01-25,SAT2,500,473,2024-05-17,"Vohra, Chatterjee and Khanna"
B000368,PR00084,B1695002,2024-01-22,2026-01-22,MAIN,250,224,2024-05-03,Sem-Nadig
B000369,PR00084,BA23-511,2023-07-18,2025-07-18,SAT2,500,484,2024-01-25,Babu PLC
B000370,PR00084,BAX58599,2024-07-24,2026-07-24,MAIN,200,188,2024-11-16,Doctor-Chopra
B000371,PR00085,LAN86927,2024-03-11,2026-03-11,MAIN,1000,930,2024-06-23,Chahal-Banik
B000372,PR00085,L9084041,2024-07-28,2027-07-28,MAIN,100,22,2024-10-05,Goel-Shan
B000373,PR00085,LA24-550,2024-04-25,2027-04-25,MAIN,500,370,2024-11-26,Wadhwa-Dara
B000374,PR00085,LA24-820,2024-08-05,2026-02-05,MAIN,200,150,2025-01-10,"Viswanathan, Solanki and Bhasin"
B000375,PR00085,L1665085,2024-05-01,2026-05-01,MAIN,250,0,2024-10-22,"Deep, Sridhar and Ahuja"
B000376,PR00086,25A9995,2023-12-22,2025-06-22,MAIN,500,215,2024-01-23,Patel-Dayal
B000377,PR00086,AKM43072,2024-02-12,2026-02-12,MAIN,100,54,2024-08-13,Varkey PLC
B000378,PR00086,A1365086,2024-10-30,2026-10-30,SAT1,250,212,2024-12-07,"Pall, Ratti and Gaba"
B000379,PR00086,AK22-753,2023-09-09,2026-09-09,SAT1,100,11,2024-02-20,Narayanan PLC
B000380,PR00086,AK23-757,2024-04-04,2027-04-04,SAT1,200,194,2024-06-29,Saha-Bhardwaj
B000381,PR00087,A9283654,2023-07-12,2026-07-12,MAIN,250,0,2024-02-08,Toor-Sagar
B000382,PR00087,22A7092,2023-09-16,2025-03-16,MAIN,200,0,2024-01-14,Yohannan-Sathe
B000383,PR00087,ALD70809,2024-12-20,2026-12-20,MAIN,100,100,2025-05-10,Misra-Ganesh
B000384,PR00087,22A1412,2024-08-01,2026-08-01,MAIN,1000,892,2024-11-05,Tailor Ltd
B000385,PR00088,A3383500,2023-08-18,2025-08-18,SAT2,200,85,2024-03-26,Uppal-Nazareth
B000386,PR00088,A2289816,2023-05-19,2025-05-19,SAT2,200,88,2023-11-15,"Mammen, Nori and Sami"
B000387,PR00088,AL24-364,2024-12-31,2026-06-30,SAT1,500,476,2025-05-21,Nadig-Mani
B000388,PR00088,25A6552,2024-03-13,2026-03-13,SAT1,200,186,2024-07-18,Thakkar and Sons
B000389,PR00089,MAR10697,2023-04-06,2026-04-06,SAT2,500,308,2023-11-28,Dani-Butala
B000390,PR00089,22M3262,2024-11-07,2027-11-07,MAIN,100,79,2025-05-17,"Sangha, Natarajan and Bal"
B000391,PR00089,MAR78223,2023-07-04,2026-07-04,MAIN,500,357,2024-02-09,Ahuja Inc
B000392,PR00089,M3303517,2024-02-28,2027-02-28,SAT1,200,161,2024-08-31,Dugal LLC
B000393,PR00089,M2152143,2024-11-07,2026-11-07,SAT1,200,200,2024-12-24,Karpe-Kata
B000394,PR00090,AK25-128,2023-09-06,2025-03-06,MAIN,100,51,2024-01-25,Khalsa and Sons
B000395,PR00090,23A5407,2024-10-12,2026-04-12,MAIN,1000,993,2024-11-16,"D’Alia, Nanda and Nadig"
B000396,PR00090,AK24-266,2024-01-22,2025-07-22,SAT2,200,181,2024-05-05,Joshi Inc
B000397,PR00090,AK23-193,2023-10-08,2025-10-08,MAIN,100,60,2024-01-25,Oak-Srivastava
B000398,PR00090,AK22-863,2023-10-10,2025-04-10,MAIN,500,468,2024-01-10,Vig and Sons
B000399,PR00090,AKM24D019,2024-05-13,2027-05-13,SAT1,200,197,2024-12-07,"Sandal, Gopal and Chaudhry"
B000400,PR00091,SYN46578,2023-09-14,2025-09-14,MAIN,100,0,2024-02-07,Mitter-Mane
B000401,PR00091,S9712707,2023-09-01,2026-09-01,MAIN,100,0,2023-12-14,"Vohra, Rajagopal and Raju"
B000402,PR00091,SYN23F378,2023-09-06,2025-03-06,SAT1,100,19,2024-01-10,"Swaminathan, Dhawan and Tata"
B000403,PR00091,SY24-955,2024-06-22,2027-06-22,MAIN,1000,917,2024-12-09,"Kapadia, Sampath and Sen"
B000404,PR00091,SY24-849,2024-09-18,2026-03-18,MAIN,250,222,2025-04-23,"Sastry, Master and Sachdev"
B000405,PR00092,AN23-755,2023-10-03,2026-10-03,MAIN,500,454,2024-05-23,Ahuja and Sons
B000406,PR00092,25A3891,2024-11-10,2026-05-10,SAT2,100,98,2025-01-30,Varma-Ganesh
B000407,PR00092,ANC22F297,2024-12-31,2027-12-31,MAIN,1000,998,2025-05-23,Mani-Kadakia
B000408,PR00093,23V3249,2024-04-14,2025-10-14,MAIN,100,0,2024-05-21,Vora and Sons
B000409,PR00093,23V2951,2024-02-28,2027-02-28,SAT1,500,481,2024-06-14,Cherian Ltd
B000410,PR00093,V4951628,2024-03-15,2025-09-15,MAIN,250,117,2024-09-03,Gupta Inc
B000411,PR00093,24V3634,2023-11-19,2025-05-19,MAIN,200,0,2024-04-10,Iyengar PLC
B000412,PR00093,22V4526,2023-06-10,2026-06-10,SAT2,500,237,2023-11-07,Amble Ltd
B000413,PR00094,RAT25F319,2024-01-05,2027-01-05,MAIN,100,0,2024-03-30,Chanda-Bhargava
B000414,PR00094,R2646433,2023-07-10,2025-07-10,MAIN,100,0,2023-12-20,Anand-Chana
B000415,PR00094,RAT16151,2024-08-24,2027-08-24,MAIN,200,0,2024-10-31,"Konda, Sagar and Lala"
B000416,PR00095,PHI22L389,2024-09-24,2026-03-24,SAT2,1000,976,2024-12-24,Dutta-Jani
B000417,PR00095,PHI7525,2023-04-09,2024-10-09,MAIN,200,0,2023-11-14,"Sheth, Pai and Bajwa"
B000418,PR00095,PHI25J025,2024-02-23,2025-08-23,MAIN,100,40,2024-10-15,"Gandhi, Sinha and Raval"
B000419,PR00095,PH25-611,2024-10-06,2027-10-06,SAT2,200,182,2025-01-09,"Chahal, Shah and Goel"
B000420,PR00096,23B6828,2024-01-18,2025-07-18,MAIN,500,475,2024-06-25,Palla Group
B000421,PR00096,24B8405,2023-08-12,2026-08-12,MAIN,1000,942,2024-03-03,Nagi-Lad
B000422,PR00096,BLU41508,2023-07-18,2025-01-18,SAT1,1000,851,2023-11-24,"Patil, Lata and Sule"
B000423,PR00096,BL22-599,2024-07-10,2027-07-10,MAIN,250,246,2025-02-22,Raghavan and Sons
B000424,PR00096,B7957968,2023-07-18,2026-07-18,MAIN,500,445,2023-12-12,"Bali, Nanda and Dhar"
B000425,PR00097,MOS24L131,2025-02-25,2028-02-25,MAIN,250,250,2025-04-04,"Chana, Vaidya and Setty"
B000426,PR00097,25M1630,2023-09-21,2025-09-21,MAIN,100,0,2024-03-10,Khosla-Chaudry
B000427,PR00097,MOS22I257,2024-09-13,2026-03-13,SAT1,200,180,2024-11-10,Bera-Gopal
B000428,PR00098,GIL24G310,2024-11-02,2027-11-02,MAIN,500,432,2025-02-12,"Sarraf, Dara and Singh"
B000429,PR00098,GIL24B109,2024-08-18,2026-08-18,MAIN,250,227,2024-11-03,Bhatnagar Group
B000430,PR00098,GIL82050,2023-09-18,2025-09-18,MAIN,100,0,2024-01-01,"Kale, Issac and Savant"
B000431,PR00099,A1689572,2024-04-07,2026-04-07,MAIN,1000,981,2024-11-14,"Kalla, Grewal and Balakrishnan"
B000432,PR00099,A5176251,2024-06-28,2026-06-28,SAT1,200,197,2025-01-23,Gopal-Gera
B000433,PR00099,AD23-296,2024-07-22,2026-07-22,MAIN,250,243,2025-03-02,Kala Ltd
B000434,PR00099,25A7806,2024-05-07,2025-11-07,SAT1,500,490,2024-07-16,Garg-Chaudhuri
B000435,PR00100,ME23-069,2023-07-04,2025-07-04,MAIN,250,0,2023-12-03,"Sane, Narain and Borra"
B000436,PR00100,22M5366,2024-05-20,2026-05-20,MAIN,500,448,2024-10-01,"Mitter, Keer and Dhawan"
B000437,PR00100,MED88175,2024-09-09,2027-09-09,MAIN,1000,997,2025-03-29,Ganesan LLC
B000438,PR00100,ME24-545,2024-08-14,2026-08-14,MAIN,250,199,2025-01-10,"Patla, Konda and Zachariah"
B000439,PR00101,AE24-824,2024-10-02,2026-04-02,SAT2,250,244,2024-11-26,Nagarajan PLC
B000440,PR00101,AER64763,2023-07-20,2025-07-20,SAT1,500,387,2023-12-03,Loke-Sahni
B000441,PR00101,AER23L217,2024-11-10,2027-11-10,MAIN,1000,939,2025-01-22,Suresh Ltd
B000442,PR00101,A6870105,2023-11-09,2025-11-09,SAT1,500,475,2024-03-04,"Sheth, Tailor and Kanda"
B000443,PR00102,ELI24G352,2024-05-10,2025-11-10,MAIN,500,485,2024-10-07,Ramaswamy LLC
B000444,PR00102,EL24-268,2024-02-20,2026-02-20,MAIN,1000,982,2024-10-11,Bahri PLC
B000445,PR00102,23E6682,2023-03-24,2025-03-24,SAT2,250,227,2023-11-04,Lal-Kulkarni
B000446,PR00102,25E1818,2023-06-22,2026-06-22,MAIN,500,436,2023-12-13,"Tara, Dada and Gole"
B000447,PR00102,EL23-833,2023-08-23,2026-08-23,MAIN,250,189,2023-12-25,Sarna-Agate
B000448,PR00103,SKY23F186,2025-03-20,2026-09-20,SAT2,500,496,2025-04-29,Ghosh Group
B000449,PR00103,23S4577,2024-10-07,2027-10-07,SAT1,500,494,2024-12-27,Edwin Inc
B000450,PR00103,S8420707,2023-12-29,2026-12-29,MAIN,100,57,2024-03-09,Koshy-Sidhu
B000451,PR00103,SK23-714,2023-12-12,2026-12-12,SAT2,250,239,2024-08-05,"Tank, Chowdhury and Kala"
B000452,PR00104,S2858538,2024-12-24,2027-12-24,SAT2,200,193,2025-04-28,Narain-Devi
B000453,PR00104,S5339949,2024-02-06,2025-08-06,MAIN,1000,807,2024-04-17,"Venkataraman, Kibe and De"
B000454,PR00104,22S4544,2024-01-07,2026-01-07,SAT1,500,494,2024-08-19,Bala Ltd
B000455,PR00105,23O9106,2023-11-11,2025-11-11,MAIN,200,48,2024-06-27,Desai LLC
B000456,PR00105,OSW22J084,2024-05-06,2026-05-06,MAIN,100,60,2024-11-20,Bhagat-Guha
B000457,PR00105,OSW23E251,2024-11-28,2027-11-28,MAIN,500,376,2025-03-03,Barad Inc
B000458,PR00105,OSW22L261,2023-06-20,2024-12-20,SAT2,250,8,2023-12-09,Suresh-Shroff
B000459,PR00105,OS24-151,2023-12-01,2026-12-01,MAIN,250,130,2024-06-30,"Thakur, Toor and Sarma"
B000460,PR00106,MA22-067,2024-07-04,2026-01-04,MAIN,500,388,2025-02-09,Kade-Pradhan
B000461,PR00106,24M7247,2024-05-24,2025-11-24,MAIN,200,0,2024-12-22,"Varkey, Parikh and Goyal"
B000462,PR00106,25M4660,2024-09-26,2026-03-26,SAT2,500,499,2025-03-04,Warrior Group
B000463,PR00107,OL22-691,2024-06-27,2026-06-27,MAIN,250,196,2024-12-31,Baria and Sons
B000464,PR00107,OL25-958,2024-04-11,2026-04-11,SAT2,250,176,2024-07-31,Mall LLC
B000465,PR00107,OL25-930,2024-03-03,2025-09-03,SAT1,500,497,2024-05-29,Rama Ltd
B000466,PR00108,S3994708,2025-01-23,2027-01-23,SAT1,1000,986,2025-05-15,Nagi Inc
B000467,PR00108,24S9739,2023-09-28,2025-09-28,SAT1,100,0,2024-01-16,Bhavsar-Palan
B000468,PR00108,S4365348,2023-10-24,2025-10-24,MAIN,250,0,2024-05-20,Kade Ltd
B000469,PR00108,SO24-234,2024-11-17,2027-11-17,MAIN,200,193,2025-04-13,"Chander, Bajaj and Dixit"
B000470,PR00108,23S6696,2024-02-22,2026-02-22,SAT2,1000,944,2024-08-27,"Ganesh, Pall and Bajwa"
B000471,PR00109,ANU22F186,2024-01-02,2025-07-02,MAIN,200,180,2024-08-05,Mitter and Sons
B000472,PR00109,25A1085,2024-06-27,2026-06-27,MAIN,500,490,2024-12-17,Malhotra-Vaidya
B000473,PR00109,ANU24E256,2025-03-09,2027-03-09,MAIN,250,242,2025-05-27,Bhandari PLC
B000474,PR00110,HUM74491,2024-02-09,2027-02-09,MAIN,200,162,2024-09-07,Ahluwalia PLC
B000475,PR00110,23H1411,2023-11-14,2026-11-14,MAIN,500,299,2024-06-05,Singhal-Butala
B000476,PR00110,24H3920,2024-04-10,2025-10-10,MAIN,250,140,2024-05-17,Tata Inc
B000477,PR00110,HUM21176,2024-03-21,2027-03-21,SAT1,200,146,2024-07-28,"Contractor, Dhillon and Rao"
B000478,PR00110,HU23-610,2024-04-20,2025-10-20,MAIN,1000,834,2024-07-25,Dora Ltd
B000479,PR00110,HU22-036,2024-08-01,2026-08-01,MAIN,1000,974,2025-03-22,D’Alia and Sons
B000480,PR00111,ELI23I139,2025-01-18,2027-01-18,SAT1,100,100,2025-05-10,Dalal Ltd
B000481,PR00111,ELI24I206,2023-12-03,2026-12-03,SAT1,250,231,2024-03-09,"Sharma, Rout and Shukla"
B000482,PR00111,ELI25L142,2023-11-01,2025-11-01,MAIN,1000,937,2024-01-08,"Dewan, Bera and Contractor"
B000483,PR00111,ELI68417,2024-07-16,2027-07-16,MAIN,500,483,2024-11-30,"Chakraborty, D’Alia and Chowdhury"
B000484,PR00112,REN59161,2024-10-28,2026-04-28,SAT1,200,194,2025-05-16,Rau-Cheema
B000485,PR00112,RE23-250,2023-10-17,2025-04-17,MAIN,500,452,2024-03-12,Golla Inc
B000486,PR00112,25R2950,2024-02-21,2026-02-21,MAIN,250,215,2024-05-26,Balay Group
B000487,PR00112,RE23-889,2024-04-16,2027-04-16,MAIN,250,239,2024-12-08,Oza Ltd
B000488,PR00112,RE23-184,2023-05-13,2024-11-13,MAIN,1000,958,2023-11-06,"Wadhwa, Sarma and Kothari"
B000489,PR00113,24I5823,2024-05-13,2026-05-13,MAIN,250,89,2024-07-30,Kala Inc
B000490,PR00113,IND83159,2023-10-05,2026-10-05,MAIN,100,0,2023-11-08,Hans-Sankar
B000491,PR00113,23I9921,2023-12-24,2026-12-24,MAIN,250,40,2024-02-23,Nazareth-Joshi
B000492,PR00113,I2943681,2025-01-22,2028-01-22,MAIN,250,212,2025-02-21,"Arya, Gola and Shah"
B000493,PR00113,IND23C381,2023-10-28,2025-10-28,MAIN,200,141,2024-05-05,"Mitra, Verma and Chawla"
B000494,PR00114,FI22-261,2024-03-11,2027-03-11,SAT2,500,388,2024-05-08,Manda and Sons
B000495,PR00114,FIT3833,2024-08-21,2026-02-21,MAIN,500,427,2025-02-18,Chana LLC
B000496,PR00114,F9716911,2023-10-03,2025-10-03,SAT1,1000,926,2023-12-22,Rana Ltd
B000497,PR00114,FIT24A235,2023-10-26,2026-10-26,MAIN,1000,557,2024-01-04,"Dey, Nazareth and Anand"
B000498,PR00115,Z6181669,2024-03-14,2027-03-14,MAIN,200,170,2024-05-12,"Narain, Desai and Doctor"
B000499,PR00115,ZI24-114,2024-02-06,2026-02-06,MAIN,250,232,2024-09-06,"Mangat, Prashad and Dave"
B000500,PR00115,24Z6575,2024-04-25,2027-04-25,MAIN,500,463,2024-06-27,Hari Ltd
B000501,PR00116,PA25-949,2024-05-16,2025-11-16,MAIN,1000,975,2024-09-25,Palla-Rai
B000502,PR00116,PA24-048,2023-12-05,2025-06-05,SAT1,500,462,2024-01-06,Agarwal and Sons
B000503,PR00116,PAR25B271,2024-11-27,2026-11-27,SAT2,100,99,2025-04-03,"Pai, Dave and Taneja"
B000504,PR00117,CA23-495,2024-03-02,2025-09-02,MAIN,200,52,2024-08-02,Chatterjee and Sons
B000505,PR00117,CAD11675,2024-05-18,2025-11-18,MAIN,250,113,2024-11-06,Dani-Dhar
B000506,PR00117,24C7688,2024-07-22,2027-07-22,MAIN,200,52,2024-09-22,Halder-Samra
B000507,PR00117,CAD36352,2023-09-24,2026-09-24,MAIN,100,0,2024-02-23,Narain-Zacharia
B000508,PR00117,CA25-534,2023-12-26,2025-12-26,SAT1,500,436,2024-02-27,Ram-Mohanty
B000509,PR00117,23C4232,2023-05-29,2025-05-29,MAIN,100,0,2023-11-21,Kala Inc
B000510,PR00118,23A5531,2025-04-02,2028-04-02,MAIN,1000,1000,2025-05-23,Borde-Dugal
B000511,PR00118,AST37422,2023-11-10,2025-11-10,MAIN,500,178,2023-12-16,Dhaliwal Group
B000512,PR00118,AST98460,2024-04-14,2025-10-14,SAT2,200,188,2024-11-19,Sami Inc
B000513,PR00118,AST13897,2023-07-02,2025-07-02,MAIN,500,306,2024-02-25,Edwin-Srinivas
B000514,PR00118,AST23L114,2023-05-31,2025-05-31,MAIN,1000,642,2023-12-14,Talwar LLC
B000515,PR00119,M4440266,2024-07-24,2026-01-24,SAT2,1000,946,2025-02-14,Ganesan PLC
B000516,PR00119,M6263741,2024-10-08,2027-10-08,MAIN,250,202,2024-11-15,"Bhat, Savant and Chada"
B000517,PR00119,24M127,2023-06-12,2026-06-12,MAIN,200,0,2023-11-26,Sandhu-Bains
B000518,PR00119,25M5605,2023-12-23,2026-12-23,MAIN,250,0,2024-06-02,Kari-De
B000519,PR00119,MAT39719,2024-10-23,2026-04-23,SAT2,500,490,2025-03-23,Manda PLC
B000520,PR00120,ABI72662,2024-07-25,2026-01-25,SAT1,250,200,2024-09-23,"Chhabra, Oommen and Nagarajan"
B000521,PR00120,AB25-713,2024-05-15,2026-05-15,MAIN,500,480,2024-10-28,Dutt-Amble
B000522,PR00120,ABI20216,2023-07-11,2025-07-11,MAIN,100,45,2024-01-22,Mangal Inc
B000523,PR00121,ZYD1626,2024-09-21,2026-09-21,MAIN,200,190,2025-02-02,Bhargava Inc
B000524,PR00121,ZYD25J127,2023-06-24,2026-06-24,MAIN,500,457,2024-01-31,Patil Group
B000525,PR00121,24Z8743,2024-07-06,2027-07-06,SAT2,500,492,2024-08-08,Seth-Pillay
B000526,PR00121,Z8290988,2024-12-12,2027-12-12,SAT2,1000,998,2025-02-11,Morar-Bhattacharyya
B000527,PR00122,IDE80062,2024-07-14,2026-01-14,SAT1,1000,972,2025-01-27,Savant-Pall
B000528,PR00122,22I8799,2023-05-31,2024-11-30,MAIN,100,0,2024-01-06,Mane-Sandal
B000529,PR00122,I5131893,2024-08-03,2026-02-03,MAIN,1000,777,2025-01-10,Koshy LLC
B000530,PR00122,I8011552,2024-11-13,2026-11-13,MAIN,250,187,2025-04-21,Cherian-Devan
B000531,PR00122,IDE25B274,2024-09-23,2026-03-23,MAIN,200,190,2025-04-16,Shenoy-Saraf
B000532,PR00122,I4328090,2023-05-19,2025-05-19,MAIN,500,161,2024-01-08,Choudhry Inc
B000533,PR00123,MAC22K003,2024-02-27,2027-02-27,SAT1,250,240,2024-10-19,"Bhargava, Dani and Varkey"
B000534,PR00123,MAC22L152,2023-08-24,2025-08-24,SAT1,250,228,2024-02-24,Barad and Sons
B000535,PR00123,25M7005,2024-08-28,2027-08-28,SAT2,250,214,2025-01-22,Sachar PLC
B000536,PR00123,MA24-696,2024-11-30,2027-11-30,MAIN,250,214,2025-05-09,Chaudhry Group
B000537,PR00124,MER22K078,2025-01-09,2028-01-09,MAIN,200,195,2025-03-22,Majumdar-Chana
B000538,PR00124,25M2056,2024-01-24,2025-07-24,MAIN,1000,977,2024-06-18,Edwin-Sampath
B000539,PR00124,M4333548,2023-07-29,2025-07-29,SAT2,500,478,2023-12-24,"Basak, Arya and Varughese"
B000540,PR00125,G1372797,2024-10-12,2026-04-12,MAIN,100,40,2024-12-22,Peri Group
B000541,PR00125,GLO25K394,2023-10-20,2026-10-20,MAIN,200,0,2024-05-13,Divan PLC
B000542,PR00125,GL24-504,2024-11-22,2026-05-22,SAT2,200,195,2025-05-03,Chokshi LLC
B000543,PR00125,GLO23K092,2024-08-13,2026-02-13,MAIN,1000,926,2025-02-04,"Bhat, Sheth and Chad"
B000544,PR00125,GLO48485,2024-10-11,2026-04-11,MAIN,200,82,2024-12-08,Trivedi Inc
B000545,PR00125,G6981316,2023-12-10,2026-12-10,SAT1,250,231,2024-02-18,Sethi-Chaudry
B000546,PR00126,NEO37562,2023-11-02,2026-11-02,MAIN,500,241,2024-05-05,Bhagat Group
B000547,PR00126,NEO23L169,2024-10-06,2026-10-06,MAIN,100,74,2025-03-05,"Karnik, Natarajan and Buch"
B000548,PR00126,NEO12978,2023-07-15,2025-01-15,MAIN,200,0,2023-11-07,Mani LLC
B000549,PR00126,NEO1120,2024-04-15,2026-04-15,SAT1,500,491,2024-07-30,"Majumdar, Swamy and Mital"
B000550,PR00127,WI23-028,2024-07-29,2026-07-29,MAIN,250,7,2024-11-12,Rattan and Sons
B000551,PR00127,W6479551,2024-11-11,2026-11-11,MAIN,250,217,2025-04-30,Hegde Inc
B000552,PR00127,W7412870,2025-03-22,2026-09-22,MAIN,200,163,2025-05-02,Saran and Sons
B000553,PR00128,NEX42617,2024-01-21,2026-01-21,SAT1,100,0,2024-02-23,Wali-Wable
B000554,PR00128,N4140508,2024-02-03,2025-08-03,SAT1,1000,939,2024-03-20,"Pant, Sekhon and Sandhu"
B000555,PR00128,NE22-542,2023-11-09,2025-11-09,MAIN,1000,699,2024-03-17,"Sanghvi, Kulkarni and Taneja"
B000556,PR00128,N1833581,2024-02-17,2027-02-17,MAIN,200,104,2024-06-13,Jayaraman Inc
B000557,PR00128,NEX81494,2024-02-25,2026-02-25,SAT1,200,179,2024-05-14,"Ahluwalia, Nath and Issac"
B000558,PR00129,JAG25H091,2023-06-14,2026-06-14,SAT1,1000,872,2024-01-26,"Iyer, Rau and Dugar"
B000559,PR00129,JA24-066,2023-12-08,2025-12-08,MAIN,500,478,2024-05-25,Kumar-Sarkar
B000560,PR00129,J6759901,2025-01-19,2028-01-19,MAIN,100,94,2025-04-17,Sarkar-Dixit
B000561,PR00129,J4813661,2024-03-10,2027-03-10,SAT1,200,136,2024-08-14,Pandit PLC
B000562,PR00129,J5969664,2024-01-15,2027-01-15,MAIN,500,461,2024-02-24,Vohra and Sons
B000563,PR00130,DOR7582,2024-07-17,2027-07-17,SAT1,1000,972,2025-01-03,Soman Inc
B000564,PR00130,DOR92981,2024-07-29,2026-07-29,SAT1,200,165,2024-09-15,Bhandari LLC
B000565,PR00130,DOR22A274,2023-06-06,2026-06-06,MAIN,500,14,2023-12-01,Sachdeva-Sandal
B000566,PR00130,24D4780,2023-10-26,2025-04-26,MAIN,100,0,2024-02-29,Mukhopadhyay LLC
B000567,PR00131,M2109650,2024-07-02,2026-01-02,SAT1,500,496,2025-02-22,"Bakshi, Bir and Dada"
B000568,PR00131,M1374256,2025-01-16,2027-01-16,SAT1,500,500,2025-05-07,Sekhon PLC
B000569,PR00131,MY24-148,2024-04-02,2026-04-02,MAIN,200,180,2024-10-05,Sibal-Dash
B000570,PR00131,MYL25I227,2024-03-10,2027-03-10,MAIN,100,83,2024-10-20,Barad-Bahri
B000571,PR00132,DUK57499,2024-06-23,2026-06-23,MAIN,250,139,2024-10-08,"Lala, Keer and Bir"
B000572,PR00132,DUK24508,2024-10-11,2026-10-11,SAT1,500,489,2025-04-10,"Madan, Aggarwal and Murty"
B000573,PR00132,22D3153,2024-07-14,2027-07-14,MAIN,100,0,2024-08-27,Bhatti LLC
B000574,PR00132,D7035107,2023-07-03,2025-07-03,MAIN,100,0,2024-02-10,Basak LLC
B000575,PR00132,DUK52354,2024-02-26,2027-02-26,MAIN,100,0,2024-04-13,"Thaker, Barad and Mishra"
B000576,PR00132,DUK22F109,2023-06-17,2026-06-17,MAIN,500,148,2023-12-30,"Taneja, Rana and Wadhwa"
B000577,PR00133,HOR22H278,2024-01-24,2025-07-24,MAIN,500,332,2024-07-03,Kapur-Bhattacharyya
B000578,PR00133,H4932695,2024-12-08,2027-12-08,SAT1,1000,990,2025-05-24,Sheth PLC
B000579,PR00133,H3113357,2023-10-06,2025-10-06,MAIN,100,0,2024-04-08,Dara-Sachdeva
B000580,PR00134,PRG22B020,2025-01-10,2028-01-10,MAIN,500,495,2025-04-15,Master-Chaudry
B000581,PR00134,PRG24C091,2024-09-25,2026-09-25,MAIN,1000,988,2024-11-13,Raja-Chaudhary
B000582,PR00134,P4747004,2024-08-25,2026-02-25,MAIN,1000,991,2024-11-18,Kalita Group
B000583,PR00134,PRG4909,2024-09-25,2026-03-25,MAIN,100,98,2025-03-26,Bawa-Sundaram
B000584,PR00134,PR22-074,2024-11-25,2026-05-25,MAIN,100,88,2025-02-19,Lata-Kothari
B000585,PR00135,EKA25F123,2024-01-16,2027-01-16,MAIN,1000,967,2024-03-10,Ghosh LLC
B000586,PR00135,EK22-867,2024-09-08,2027-09-08,MAIN,200,188,2025-01-16,Goswami-Kade
B000587,PR00135,24E5775,2023-06-10,2024-12-10,MAIN,100,49,2024-01-10,"Varma, Mann and Comar"
B000588,PR00135,EKA25A372,2023-04-23,2024-10-23,SAT2,250,232,2023-11-14,"Sehgal, Aurora and Bhavsar"
B000589,PR00135,E8915534,2023-09-15,2026-09-15,MAIN,100,44,2024-01-30,"Lalla, Gandhi and Sankar"
B000590,PR00136,23A8609,2023-11-01,2025-05-01,MAIN,200,162,2023-12-06,"Dewan, Bal and Kala"
B000591,PR00136,ALM24L055,2024-07-05,2027-07-05,MAIN,200,185,2025-01-08,Behl-Varma
B000592,PR00136,A7982788,2023-12-29,2026-12-29,SAT2,1000,995,2024-08-15,Zachariah-Garg
B000593,PR00136,AL23-314,2025-03-16,2026-09-16,MAIN,1000,994,2025-04-18,Chakraborty Group
B000594,PR00136,A2270842,2023-11-20,2025-05-20,SAT1,100,11,2024-05-07,Dutt Ltd
B000595,PR00137,24A1220,2024-08-18,2027-08-18,MAIN,250,82,2024-11-23,"Bala, Lad and Chandran"
B000596,PR00137,AVE25I353,2024-05-20,2025-11-20,MAIN,100,47,2024-08-01,"Chacko, Keer and Pingle"
B000597,PR00137,AVE24F115,2024-03-13,2026-03-13,MAIN,500,415,2024-07-01,"Varghese, Thaman and Sen"
B000598,PR00137,AVE37569,2023-09-09,2025-09-09,MAIN,1000,417,2024-01-11,Choudhury Inc
B000599,PR00138,24W8064,2024-08-10,2026-08-10,MAIN,200,126,2024-12-11,Bains-Yogi
B000600,PR00138,WEL17950,2023-11-29,2025-11-29,SAT2,250,143,2024-02-06,"Mann, Trivedi and Balasubramanian"
B000601,PR00138,W3782570,2024-08-30,2026-02-28,MAIN,1000,902,2025-04-04,Rastogi LLC
B000602,PR00138,W3940396,2024-01-04,2025-07-04,MAIN,250,138,2024-07-23,Warrior-Devi
B000603,PR00139,VI22-728,2024-05-08,2026-05-08,SAT2,100,31,2024-07-03,Dara Group
B000604,PR00139,VIN12109,2023-08-17,2026-08-17,MAIN,1000,567,2024-01-14,Vig-Varghese
B000605,PR00139,V2214221,2024-02-03,2027-02-03,SAT2,100,23,2024-05-03,"Kaul, Sarraf and Tripathi"
B000606,PR00139,VI23-295,2024-02-25,2025-08-25,MAIN,100,14,2024-09-01,Sarma-Apte
B000607,PR00140,BAM23J301,2024-04-30,2025-10-30,SAT1,200,178,2024-10-16,"Gera, Bhatia and Bal"
B000608,PR00140,BAM25A200,2023-09-26,2025-03-26,MAIN,100,0,2023-11-28,Zachariah-Batra
B000609,PR00140,B5264690,2024-01-08,2027-01-08,MAIN,200,77,2024-05-16,Som-Nagarajan
B000610,PR00141,S6985577,2024-02-13,2025-08-13,MAIN,250,231,2024-07-26,Chander-Gole
B000611,PR00141,SUN23J238,2024-05-07,2026-05-07,MAIN,100,93,2024-12-06,Rai PLC
B000612,PR00141,SUN41304,2024-12-28,2027-12-28,MAIN,200,193,2025-03-17,Mistry PLC
B000613,PR00141,SU22-074,2023-03-18,2025-03-18,SAT2,250,212,2023-11-05,Chand-Chad
B000614,PR00141,S5163308,2023-10-26,2025-10-26,SAT2,500,471,2023-12-30,Vaidya Group
B000615,PR00142,SUN22G075,2024-08-09,2027-08-09,SAT2,200,134,2024-11-09,"Madan, Gandhi and Sampath"
B000616,PR00142,SUN58880,2023-06-04,2025-06-04,MAIN,200,0,2023-12-04,"Thaman, Dora and Sheth"
B000617,PR00142,SU22-085,2024-03-29,2027-03-29,SAT1,100,63,2024-07-10,"Ramanathan, Sood and Bedi"
B000618,PR00142,SU25-970,2024-05-30,2026-05-30,SAT1,200,70,2024-09-03,Bassi-Pant
B000619,PR00143,VA24-400,2024-06-16,2026-06-16,SAT1,500,500,2024-11-16,Dalal LLC
B000620,PR00143,V4192327,2025-02-12,2026-08-12,MAIN,250,244,2025-05-06,Sampath Inc
B000621,PR00143,VAT22G389,2024-08-20,2027-08-20,SAT2,500,500,2025-02-14,Sane-Basu
B000622,PR00143,VA22-057,2023-11-30,2026-11-30,MAIN,1000,882,2024-06-17,Kothari-Goel
B000623,PR00143,V4950498,2023-05-16,2024-11-16,SAT2,200,50,2023-12-30,Mander-Kapur
B000624,PR00143,VA24-494,2024-12-09,2027-12-09,SAT1,1000,960,2025-04-06,Purohit-Pandya
B000625,PR00144,VO25-885,2024-07-20,2027-07-20,MAIN,100,80,2024-12-01,Sharma PLC
B000626,PR00144,V3429271,2023-08-24,2026-08-24,SAT1,200,175,2024-04-16,"Rao, Gopal and Master"
B000627,PR00144,V9026851,2023-12-30,2025-12-30,MAIN,100,0,2024-04-14,"Bath, Sama and Mandal"
B000628,PR00144,VON19016,2024-07-29,2027-07-29,MAIN,250,117,2024-11-02,"Puri, Rajagopal and Kothari"
B000629,PR00144,VON22B079,2024-07-16,2026-01-16,SAT1,1000,963,2025-02-13,"Lanka, Sanghvi and Bal"
B000630,PR00145,SA24-248,2024-10-17,2027-10-17,MAIN,100,47,2024-12-14,Sethi-Vaidya
B000631,PR00145,SAN23G231,2023-11-01,2026-11-01,MAIN,1000,754,2024-01-18,Doshi-Bhattacharyya
B000632,PR00145,S9599448,2024-07-21,2026-01-21,MAIN,200,166,2025-01-22,Apte-Dua
B000633,PR00145,SAN24865,2023-07-17,2026-07-17,MAIN,100,0,2024-03-09,"Nigam, Chaudry and Raju"
B000634,PR00146,TA25-482,2023-08-20,2025-02-20,SAT2,200,172,2024-02-23,Dutta LLC
B000635,PR00146,23T9512,2025-02-20,2026-08-20,MAIN,500,486,2025-04-08,"Kibe, Ray and Maharaj"
B000636,PR00146,24T1667,2023-08-02,2026-08-02,SAT2,250,0,2023-12-04,"Dass, Acharya and Thakkar"
B000637,PR00146,25T904,2023-11-02,2025-05-02,MAIN,200,0,2024-03-02,"Kapadia, Lata and Warrior"
B000638,PR00146,TA25-564,2023-04-18,2024-10-18,SAT2,1000,812,2023-11-15,Walia-Thaker
B000639,PR00146,25T979,2023-05-02,2026-05-02,MAIN,1000,760,2023-11-03,Barman Group
B000640,PR00147,B4592503,2024-04-24,2025-10-24,MAIN,200,59,2024-06-18,Kuruvilla Group
B000641,PR00147,BIO24K343,2025-02-06,2026-08-06,SAT2,500,500,2025-03-31,Dora-Vyas
B000642,PR00147,BI22-420,2025-01-30,2028-01-30,SAT1,200,110,2025-03-07,Bir-Sandal
B000643,PR00147,BI24-994,2024-09-22,2026-09-22,MAIN,100,78,2025-03-04,Bhatnagar Inc
B000644,PR00148,24P1560,2024-06-14,2027-06-14,MAIN,250,194,2024-10-02,Borah-Kala
B000645,PR00148,PSY3199,2024-06-24,2026-06-24,MAIN,200,129,2024-11-22,Kothari LLC
B000646,PR00148,PSY35926,2024-07-28,2026-01-28,MAIN,500,468,2024-09-24,"Gade, Jayaraman and Reddy"
B000647,PR00148,P1162253,2023-11-13,2025-05-13,MAIN,250,166,2024-05-07,Kaul and Sons
B000648,PR00148,PSY7170,2024-07-04,2026-07-04,SAT2,250,240,2025-01-29,Reddy-Acharya
B000649,PR00148,PSY25D022,2023-06-22,2026-06-22,SAT1,1000,927,2024-01-23,Grover-Kothari
B000650,PR00149,OM24-759,2024-12-14,2026-06-14,MAIN,250,223,2025-03-30,Kumar LLC
B000651,PR00149,OMN81132,2024-01-13,2025-07-13,SAT2,250,107,2024-05-21,"Vaidya, Chandra and Rattan"
B000652,PR00149,O3982425,2024-04-07,2026-04-07,SAT1,500,486,2024-05-14,Bains-Gandhi
B000653,PR00149,OMN23I211,2024-01-15,2026-01-15,SAT1,200,134,2024-06-25,Mallick-Mittal
B000654,PR00149,OMN25G222,2024-06-13,2025-12-13,MAIN,200,110,2024-12-08,Dhillon-Lala
B000655,PR00149,22O2452,2024-04-08,2025-10-08,MAIN,1000,823,2024-11-22,Chatterjee Group
B000656,PR00150,AMB99524,2024-11-16,2026-05-16,MAIN,100,63,2025-01-15,Balay-Hans
B000657,PR00150,A6142727,2024-04-29,2027-04-29,SAT1,100,62,2024-07-16,"Mann, Mahal and Bala"
B000658,PR00150,A6723254,2025-01-05,2027-01-05,SAT1,1000,1000,2025-03-21,"Saha, Ratti and Bhatnagar"
B000659,PR00150,AMB82911,2024-03-20,2026-03-20,MAIN,500,326,2024-09-18,Sule-Bhattacharyya
B000660,PR00150,23A8288,2024-02-24,2026-02-24,SAT2,100,0,2024-07-06,"Date, Kuruvilla and Yohannan"
B000661,PR00151,RON67740,2024-10-21,2027-10-21,SAT2,200,105,2025-05-22,"Barman, Agate and Rattan"
B000662,PR00151,24R2942,2023-07-13,2026-07-13,MAIN,100,0,2024-01-12,Dhillon-Chatterjee
B000663,PR00151,R7301861,2024-07-24,2026-07-24,SAT1,1000,976,2024-09-03,Buch-Savant
B000664,PR00151,24R6041,2023-09-18,2026-09-18,SAT1,200,157,2023-12-05,Sachdev-Varughese
B000665,PR00151,RO23-381,2024-05-01,2026-05-01,SAT1,200,188,2024-07-23,Kara LLC
B000666,PR00151,RON22E180,2023-10-19,2026-10-19,SAT2,200,50,2024-03-18,"Goyal, Ramesh and Puri"
B000667,PR00152,ZEN78537,2024-05-31,2027-05-31,MAIN,100,48,2024-12-02,Sami-Yohannan
B000668,PR00152,ZE22-993,2024-07-05,2026-01-05,MAIN,100,26,2024-08-15,"Kothari, Randhawa and Sarraf"
B000669,PR00152,Z1514791,2024-12-15,2026-12-15,MAIN,200,167,2025-04-13,Toor-Raj
B000670,PR00152,Z7260768,2024-05-19,2025-11-19,SAT1,100,65,2024-08-25,"Muni, Chana and Narang"
B000671,PR00152,ZE25-720,2023-08-16,2025-02-16,MAIN,500,238,2024-01-31,Lal-Murthy
B000672,PR00153,ELF25536,2023-08-15,2026-08-15,MAIN,250,185,2023-11-13,"Bawa, Choudhry and Dash"
B000673,PR00153,22E4284,2025-01-20,2026-07-20,SAT1,100,100,2025-04-28,"Deshmukh, Gole and Bhardwaj"
B000674,PR00153,EL24-239,2024-11-03,2026-11-03,MAIN,200,195,2025-02-27,"Sridhar, Patel and Koshy"
B000675,PR00153,EL24-735,2023-09-26,2025-03-26,MAIN,1000,948,2023-11-18,"Raj, Basu and Panchal"
B000676,PR00153,EL23-234,2024-01-21,2027-01-21,MAIN,250,227,2024-08-28,Bobal Group
B000677,PR00154,25J548,2024-05-15,2026-05-15,MAIN,250,232,2025-01-08,Sami Ltd
B000678,PR00154,25J2614,2023-10-08,2025-10-08,MAIN,1000,910,2023-12-25,"Bhatia, Karan and Yogi"
B000679,PR00154,JU22-764,2023-12-19,2025-06-19,SAT1,100,23,2024-07-14,"Rana, Johal and Sama"
B000680,PR00154,JUG29111,2023-08-18,2025-02-18,SAT1,200,84,2023-11-11,Kothari-Roy
B000681,PR00154,J6932437,2024-02-27,2025-08-27,SAT2,1000,991,2024-06-16,"Dass, Chaudhry and Varma"
B000682,PR00154,JU23-151,2024-06-20,2027-06-20,MAIN,500,497,2025-01-24,"Lad, Narang and Pradhan"
B000683,PR00155,23H3211,2024-03-07,2026-03-07,MAIN,200,174,2024-08-06,"Bhalla, Raghavan and Sunder"
B000684,PR00155,HIT24E252,2024-09-22,2026-03-22,MAIN,500,488,2025-04-20,Bawa Inc
B000685,PR00155,25H7380,2024-05-16,2026-05-16,MAIN,200,183,2024-07-13,"Mitra, Deshpande and Misra"
B000686,PR00155,H4911320,2023-07-24,2026-07-24,SAT1,100,0,2024-01-27,"Krishna, Gola and Batta"
B000687,PR00155,22H7364,2024-01-08,2026-01-08,MAIN,1000,969,2024-04-28,Puri-Prashad
B000688,PR00156,MOL10826,2025-01-14,2027-01-14,MAIN,500,401,2025-04-22,"Mahal, Saran and Sankar"
B000689,PR00156,MO22-707,2024-03-18,2025-09-18,SAT1,1000,980,2024-11-05,Roy-Bedi
B000690,PR00156,MO22-161,2024-05-12,2027-05-12,SAT2,100,57,2024-08-22,Sarin-Lala
B000691,PR00156,M9266283,2024-07-08,2026-01-08,SAT2,250,186,2024-10-08,Atwal LLC
B000692,PR00156,MOL31707,2024-01-03,2025-07-03,SAT2,100,0,2024-03-20,Sampath-Patla
B000693,PR00156,M2614970,2023-11-13,2026-11-13,SAT1,200,158,2024-03-18,Savant-Oak
B000694,PR00157,BIO24G216,2023-11-03,2025-05-03,MAIN,1000,862,2024-04-08,"Balakrishnan, Seshadri and Morar"
B000695,PR00157,B5187734,2024-07-19,2027-07-19,MAIN,100,23,2024-09-12,Kant-Handa
B000696,PR00157,BIO24D265,2024-07-05,2026-07-05,SAT1,500,445,2024-10-09,"Balakrishnan, Sandal and De"
B000697,PR00157,BIO24L297,2023-11-01,2025-11-01,MAIN,200,0,2024-04-23,Pingle LLC
B000698,PR00157,BI25-369,2023-07-19,2025-07-19,MAIN,1000,630,2024-02-09,Raj-De
B000699,PR00157,24B901,2024-10-16,2027-10-16,SAT2,100,10,2024-12-07,"Gour, Sahota and Nayar"
B000700,PR00158,CIP25A184,2023-08-13,2026-08-13,MAIN,100,71,2024-02-13,"Mann, Bhagat and Chopra"
B000701,PR00158,CIP23921,2023-06-09,2025-06-09,MAIN,500,440,2023-11-08,Natt-Palan
B000702,PR00158,CIP22J067,2024-10-17,2027-10-17,MAIN,500,489,2024-11-21,Bera Inc
B000703,PR00159,AJA45232,2024-07-12,2027-07-12,MAIN,1000,914,2024-12-20,"Sandal, Dyal and Grover"
B000704,PR00159,A9835421,2024-10-01,2026-10-01,MAIN,500,377,2025-04-15,Gill and Sons
B000705,PR00159,A1256453,2024-04-22,2025-10-22,MAIN,100,9,2024-07-04,Golla-Seth
B000706,PR00160,CO25-353,2023-06-19,2026-06-19,SAT1,250,140,2023-12-04,Sridhar-Som
B000707,PR00160,CO22-458,2024-02-22,2025-08-22,SAT2,1000,964,2024-07-10,Rattan-Desai
B000708,PR00160,C6325214,2024-07-20,2027-07-20,MAIN,100,40,2025-01-30,Bhavsar-Ramakrishnan
B000709,PR00161,JUN25A382,2023-08-29,2025-08-29,MAIN,100,36,2023-12-29,Chawla Inc
B000710,PR00161,JUN22C078,2024-05-29,2027-05-29,MAIN,200,193,2025-01-17,Mand Ltd
B000711,PR00161,JUN24E073,2024-10-24,2027-10-24,MAIN,1000,995,2025-05-29,Chanda LLC
B000712,PR00162,NUM22E184,2023-06-17,2026-06-17,SAT1,200,47,2023-12-24,"Krishnamurthy, Walla and Varughese"
B000713,PR00162,N1239970,2024-03-24,2026-03-24,MAIN,200,4,2024-07-25,"Rama, Bhasin and Ahuja"
B000714,PR00162,NUM23C194,2024-12-18,2026-06-18,MAIN,100,80,2025-05-27,"Aurora, Chokshi and Som"
B000715,PR00162,NUM43499,2023-05-22,2025-05-22,MAIN,250,0,2023-11-10,"Varty, Randhawa and Srivastava"
B000716,PR00162,23N3142,2023-11-24,2025-11-24,MAIN,250,65,2024-04-30,"Talwar, Datta and Hayre"
B000717,PR00163,HOM22F322,2024-03-23,2027-03-23,SAT2,500,470,2024-06-24,Ghose PLC
B000718,PR00163,24H7686,2025-01-16,2026-07-16,MAIN,200,160,2025-02-17,"Parmar, Sawhney and Arya"
B000719,PR00163,HOM96010,2023-06-20,2025-06-20,MAIN,1000,418,2024-01-14,Sehgal-Deshmukh
B000720,PR00163,23H2802,2023-09-26,2026-09-26,SAT2,1000,926,2024-05-06,"Rege, Lall and Gala"
B000721,PR00163,H4437719,2024-01-14,2026-01-14,MAIN,200,0,2024-05-15,"Sandal, Borra and Din"
B000722,PR00164,AL23-021,2023-12-21,2025-06-21,MAIN,250,73,2024-03-22,"Choudhry, Gala and Bera"
B000723,PR00164,ALL23L010,2024-03-12,2025-09-12,SAT2,250,118,2024-07-02,Wadhwa LLC
B000724,PR00164,ALL64636,2023-08-27,2025-02-27,MAIN,100,0,2024-03-25,Srinivas LLC
B000725,PR00164,24A5826,2023-09-10,2026-09-10,MAIN,200,14,2024-02-19,Sani LLC
B000726,PR00164,25A5498,2024-07-04,2026-01-04,MAIN,200,161,2025-01-04,"Raju, Walia and Bava"
B000727,PR00164,AL25-927,2023-11-16,2025-11-16,MAIN,250,29,2024-07-07,Palla-Ganguly
B000728,PR00165,DI22-153,2024-02-27,2025-08-27,MAIN,1000,914,2024-09-14,Lanka-Varkey
B000729,PR00165,DIY63975,2023-12-20,2025-12-20,SAT2,100,0,2024-03-21,Mukherjee and Sons
B000730,PR00165,DI24-593,2024-03-29,2027-03-29,SAT1,1000,985,2024-06-28,Kaul PLC
B000731,PR00165,DIY67299,2023-11-15,2025-11-15,SAT2,200,78,2024-01-31,Kulkarni-Pathak
B000732,PR00165,DIY67302,2024-03-26,2026-03-26,SAT1,200,165,2024-10-29,Batta-Balay
B000733,PR00165,DI25-933,2024-09-12,2026-09-12,MAIN,1000,890,2024-11-26,"Sanghvi, Kumar and Mody"
B000734,PR00166,25D2068,2024-01-17,2027-01-17,MAIN,250,0,2024-04-11,"Pillai, Mangal and Sibal"
B000735,PR00166,D3022965,2024-07-16,2026-07-16,MAIN,500,420,2024-11-04,Dhingra-Hegde
B000736,PR00166,DI22-399,2025-01-30,2026-07-30,SAT1,200,200,2025-05-16,Choudhury and Sons
B000737,PR00166,DI25-853,2024-07-06,2026-01-06,MAIN,1000,981,2024-12-04,Dube Ltd
B000738,PR00167,25C3018,2024-07-02,2026-07-02,SAT1,200,200,2024-11-08,Mangal-Yogi
B000739,PR00167,COR72949,2024-06-05,2027-06-05,SAT2,100,67,2025-01-22,"Swamy, Chad and Seshadri"
B000740,PR00167,COR20438,2023-06-08,2025-06-08,SAT2,200,9,2023-11-10,Rao-Jhaveri
B000741,PR00168,25A1263,2023-06-17,2024-12-17,SAT2,1000,964,2023-12-20,Memon Ltd
B000742,PR00168,AP25-862,2023-06-16,2024-12-16,SAT1,500,401,2023-12-30,"Ganesan, Suri and Gara"
B000743,PR00168,AP23-776,2023-08-08,2025-02-08,MAIN,500,463,2024-03-24,Handa PLC
B000744,PR00169,23R2960,2024-09-10,2027-09-10,SAT2,200,193,2025-02-14,"Raghavan, Gara and Bora"
B000745,PR00169,24R9560,2023-10-12,2025-10-12,MAIN,1000,918,2024-01-05,Pandya-Arora
B000746,PR00169,RI24-910,2024-01-28,2026-01-28,SAT2,200,176,2024-04-30,"Bhat, Bhavsar and Ram"
B000747,PR00169,RID4462,2024-02-09,2026-02-09,SAT1,250,117,2024-03-25,Barman LLC
B000748,PR00170,24B9252,2024-09-19,2027-09-19,MAIN,250,245,2025-03-19,Hayer-Bali
B000749,PR00170,23B8237,2023-06-14,2024-12-14,SAT2,100,74,2023-11-25,Karpe-Nair
B000750,PR00170,23B210,2025-02-27,2026-08-27,SAT2,1000,1000,2025-05-22,"Thakur, Dhillon and Loke"
B000751,PR00171,H6133293,2024-08-13,2027-08-13,MAIN,250,150,2025-04-07,"Karnik, Narayanan and Karpe"
B000752,PR00171,HU23-460,2024-07-07,2026-07-07,MAIN,1000,825,2024-08-13,Arora-Banik
B000753,PR00171,HUM28833,2023-06-10,2026-06-10,SAT2,200,30,2023-11-11,"Chawla, Varma and Biswas"
B000754,PR00171,HUM23L224,2024-01-21,2026-01-21,MAIN,250,124,2024-06-11,"Randhawa, Sastry and Som"
B000755,PR00171,H7555506,2024-03-28,2026-03-28,MAIN,200,134,2024-10-18,"Mangat, Varkey and Bhavsar"
B000756,PR00171,H7578450,2023-09-25,2026-09-25,MAIN,250,0,2023-12-09,Pai-Gera
B000757,PR00172,T4326912,2024-01-04,2027-01-04,MAIN,100,0,2024-06-10,Kumar-Kumar
B000758,PR00172,T2911531,2023-09-14,2025-03-14,SAT1,200,101,2024-02-20,"Parsa, Lal and Lala"
B000759,PR00172,TI24-602,2023-06-29,2026-06-29,SAT1,100,0,2023-12-28,Bera-Wali
B000760,PR00173,HU25-991,2024-03-30,2026-03-30,MAIN,1000,825,2024-08-10,Warrior LLC
B000761,PR00173,HUA23E065,2024-03-05,2027-03-05,SAT1,1000,973,2024-08-31,"Bhatti, Soman and Kalla"
B000762,PR00173,HUA19732,2023-04-05,2024-10-05,MAIN,200,0,2023-11-23,Chhabra-Aurora
B000763,PR00173,HU22-314,2023-12-05,2025-06-05,SAT1,1000,954,2024-01-07,"Nagi, Khosla and Dasgupta"
B000764,PR00173,HU23-827,2024-12-16,2026-06-16,SAT2,1000,990,2025-05-11,Yadav Group
B000765,PR00174,25C5353,2024-06-16,2025-12-16,MAIN,1000,988,2025-02-10,"Vala, Kumer and Yohannan"
B000766,PR00174,24C319,2023-10-27,2026-10-27,MAIN,100,64,2024-03-28,"Raju, Sandal and Wable"
B000767,PR00174,CEN23L145,2023-08-12,2026-08-12,MAIN,100,58,2024-03-18,"Dubey, Bhat and Mohan"
B000768,PR00174,CEN25G073,2024-03-31,2026-03-31,SAT1,100,65,2024-10-16,Srivastava-Deol
B000769,PR00174,CE24-456,2023-11-06,2025-11-06,SAT2,500,485,2024-03-22,Cheema-Mahal
B000770,PR00175,UNI23F318,2024-05-12,2025-11-12,MAIN,100,43,2024-11-11,Devan-Kulkarni
B000771,PR00175,25U6606,2024-02-13,2025-08-13,MAIN,100,0,2024-05-12,Kaul-Bansal
B000772,PR00175,U5746671,2023-12-19,2025-06-19,MAIN,100,0,2024-06-29,Zachariah Ltd
B000773,PR00175,UN22-686,2024-02-05,2026-02-05,MAIN,200,112,2024-09-14,Krishnan-Gill
B000774,PR00175,U5914006,2024-05-16,2026-05-16,SAT1,1000,982,2024-07-19,Deo-Jani
B000775,PR00176,I3300060,2023-10-15,2026-10-15,MAIN,500,437,2023-12-10,"Kara, Sengupta and Gaba"
B000776,PR00176,23I7855,2023-09-02,2025-09-02,MAIN,250,207,2024-02-12,"Keer, Khanna and Chauhan"
B000777,PR00176,25I4133,2024-12-16,2026-12-16,SAT2,200,193,2025-03-31,Chowdhury Ltd
B000778,PR00176,IND89749,2024-11-16,2026-11-16,MAIN,1000,998,2025-03-25,"Tata, Balan and Ramanathan"
B000779,PR00177,BES54645,2024-08-03,2026-08-03,MAIN,1000,981,2024-10-29,Kade and Sons
B000780,PR00177,BE23-709,2024-02-04,2027-02-04,SAT2,250,126,2024-04-24,"Varma, Bawa and Kala"
B000781,PR00177,23B7375,2024-10-05,2026-04-05,SAT2,100,100,2025-04-24,Dhingra Inc
B000782,PR00177,BES4314,2024-02-08,2027-02-08,MAIN,500,455,2024-09-26,Dada Inc
B000783,PR00177,25B6537,2024-02-04,2026-02-04,MAIN,200,0,2024-07-18,Karpe and Sons
B000784,PR00178,THE25F048,2024-12-20,2026-06-20,MAIN,200,193,2025-04-22,Babu Inc
B000785,PR00178,TH22-920,2023-08-06,2026-08-06,SAT1,200,173,2023-11-17,"Vig, Raju and Shenoy"
B000786,PR00178,THE90712,2023-09-30,2025-03-30,MAIN,1000,969,2024-03-10,Raghavan-Contractor
B000787,PR00178,T3937154,2023-07-12,2025-01-12,SAT1,250,225,2023-11-29,Balan PLC
B000788,PR00178,THE4589,2024-12-15,2026-06-15,MAIN,250,244,2025-04-24,"Srivastava, Raju and Dara"
B000789,PR00178,THE24F328,2023-10-30,2025-04-30,SAT2,100,76,2024-03-07,Chacko LLC
B000790,PR00179,AIS72187,2024-06-21,2027-06-21,SAT1,500,479,2024-08-17,Pradhan Group
B000791,PR00179,AIS24B068,2023-06-01,2026-06-01,MAIN,500,103,2023-12-21,Mani Inc
B000792,PR00179,AIS99197,2025-01-24,2026-07-24,SAT2,1000,976,2025-03-05,"Keer, Mann and Nagar"
B000793,PR00180,24M9817,2024-03-06,2027-03-06,MAIN,100,78,2024-08-15,"Kohli, Chada and Uppal"
B000794,PR00180,24M4700,2024-08-26,2026-02-26,MAIN,500,495,2025-02-27,Subramanian LLC
B000795,PR00180,MER25I315,2024-06-09,2027-06-09,SAT1,100,80,2024-07-31,Devi-Hayer
B000796,PR00180,ME25-703,2024-04-14,2025-10-14,MAIN,1000,987,2024-10-05,More-Rege
B000797,PR00181,SY25-783,2024-01-14,2025-07-14,SAT1,500,467,2024-02-26,"Mutti, Chaudhari and Banerjee"
B000798,PR00181,S9755456,2024-05-30,2026-05-30,SAT1,200,153,2024-09-06,Issac Ltd
B000799,PR00181,S9509932,2024-07-27,2027-07-27,MAIN,1000,931,2024-12-26,Shankar Group
B000800,PR00181,SYM11517,2023-12-03,2025-06-03,SAT2,200,111,2024-04-02,Aggarwal LLC
B000801,PR00181,S9031086,2023-11-24,2025-05-24,MAIN,1000,752,2024-06-23,Narayan-Raghavan
B000802,PR00181,SYM22C312,2024-03-31,2027-03-31,MAIN,250,187,2024-08-29,Borde-Narula
B000803,PR00182,KA23-419,2024-02-25,2025-08-25,SAT2,200,140,2024-09-29,Batra Group
B000804,PR00182,K3547031,2024-08-29,2027-08-29,MAIN,250,245,2025-03-24,Ramakrishnan-Sami
B000805,PR00182,KAT33703,2024-04-30,2025-10-30,MAIN,1000,956,2024-11-16,Chanda-Borah
B000806,PR00183,SAN43230,2023-10-26,2025-04-26,MAIN,1000,878,2024-04-11,Ramaswamy LLC
B000807,PR00183,SAN23F172,2023-08-14,2025-02-14,MAIN,200,0,2024-04-05,Chadha-Chana
B000808,PR00183,23S6285,2024-08-16,2027-08-16,SAT2,200,180,2024-11-24,"Kar, Manda and Agarwal"
B000809,PR00184,W5195717,2024-10-19,2027-10-19,SAT2,100,98,2025-02-19,Naik-Chaudhry
B000810,PR00184,W5673345,2024-01-23,2027-01-23,SAT1,100,39,2024-06-23,Luthra-Singh
B000811,PR00184,W7360218,2024-03-22,2027-03-22,MAIN,200,169,2024-05-08,Virk PLC
B000812,PR00185,NO25-853,2024-09-22,2027-09-22,MAIN,500,439,2025-01-09,Pillai PLC
B000813,PR00185,NO25-244,2024-06-10,2025-12-10,MAIN,1000,907,2024-12-02,Sani Group
B000814,PR00185,NO22-076,2023-05-31,2025-05-31,MAIN,1000,728,2023-12-01,"Jain, Menon and Dhaliwal"
B000815,PR00185,N7585539,2024-01-25,2025-07-25,MAIN,250,0,2024-03-13,Warrior-Ravel
B000816,PR00185,25N7539,2023-12-24,2026-12-24,MAIN,200,6,2024-08-10,Rama PLC
B000817,PR00186,BI25-836,2024-10-24,2027-10-24,SAT2,200,191,2025-05-10,Aurora-Wable
B000818,PR00186,B4486601,2024-04-03,2025-10-03,SAT1,100,78,2024-09-04,Zacharia Group
B000819,PR00186,B3119592,2024-01-17,2025-07-17,MAIN,250,0,2024-05-19,"Venkatesh, Dani and Sodhi"
B000820,PR00186,BIO22C232,2024-09-19,2027-09-19,SAT1,1000,901,2024-12-17,"Sundaram, Bora and Patla"
B000821,PR00186,BIO24D129,2024-09-05,2026-03-05,MAIN,1000,845,2024-12-19,Prabhakar PLC
B000822,PR00186,BIO23D208,2023-10-30,2025-10-30,MAIN,200,48,2024-03-24,Gole-Patil
B000823,PR00187,VIB22L261,2024-06-16,2025-12-16,MAIN,1000,985,2024-12-05,Brahmbhatt-Sha
B000824,PR00187,VIB35974,2024-09-15,2026-09-15,SAT2,1000,986,2025-04-21,Bajaj-Khalsa
B000825,PR00187,25V1986,2023-09-29,2025-09-29,SAT2,200,0,2024-04-30,Bains Inc
B000826,PR00187,VIB24B388,2025-03-10,2027-03-10,MAIN,250,171,2025-05-08,Sankar Ltd
B000827,PR00187,V3247800,2023-11-16,2025-05-16,MAIN,250,159,2024-06-30,Sha-Vig
B000828,PR00187,VIB91252,2023-04-28,2024-10-28,SAT1,250,182,2023-11-22,"Grover, Rai and Aurora"
B000829,PR00188,B9569389,2023-10-15,2025-10-15,MAIN,500,441,2024-03-08,Brar-Ahluwalia
B000830,PR00188,BRI82681,2024-08-05,2026-02-05,SAT2,250,241,2024-09-17,"Pillay, Dewan and Bora"
B000831,PR00188,BRI58445,2024-08-02,2026-02-02,MAIN,250,226,2024-10-08,Patel-Nayak
B000832,PR00188,BRI22B357,2023-11-19,2025-05-19,SAT1,500,380,2023-12-24,"Murthy, Dalal and Sharma"
B000833,PR00189,GOD33099,2024-02-07,2025-08-07,MAIN,250,219,2024-05-13,Shan-Mannan
B000834,PR00189,23G5470,2023-09-19,2025-09-19,MAIN,500,480,2024-05-06,"Chana, Devi and Sura"
B000835,PR00189,GO24-317,2023-08-11,2026-08-11,SAT2,1000,962,2023-12-31,Rajan-Goyal
B000836,PR00189,24G5868,2024-03-15,2025-09-15,SAT1,1000,997,2024-11-01,Char PLC
B000837,PR00189,GOD97396,2024-11-14,2026-11-14,SAT1,500,497,2025-04-07,"Dhillon, Mand and Chanda"
B000838,PR00190,EVI8961,2023-07-26,2025-07-26,MAIN,500,443,2024-03-01,"Rau, Devi and Sarin"
B000839,PR00190,EVI91810,2024-06-22,2026-06-22,MAIN,100,88,2024-10-21,Goel-Gaba
B000840,PR00190,24E3752,2023-12-16,2025-12-16,SAT2,250,245,2024-07-27,Sood LLC
B000841,PR00190,EV24-517,2024-05-19,2027-05-19,MAIN,500,490,2025-01-09,"Borde, Sengupta and Bera"
B000842,PR00190,EVI24D376,2024-04-05,2025-10-05,MAIN,500,467,2024-07-05,"Lalla, Peri and Lata"
B000843,PR00190,EVI22B355,2023-11-29,2025-05-29,SAT2,250,216,2024-01-15,Cheema PLC
B000844,PR00191,DIS3355,2024-12-15,2026-12-15,MAIN,100,33,2025-03-31,Memon-Pradhan
B000845,PR00191,DI24-915,2024-01-04,2026-01-04,MAIN,1000,901,2024-07-02,Bath-Nagar
B000846,PR00191,D5735479,2024-03-15,2025-09-15,MAIN,1000,920,2024-10-27,Tiwari-Date
B000847,PR00191,22D1742,2024-04-14,2027-04-14,MAIN,1000,970,2024-09-20,Dhaliwal and Sons
B000848,PR00191,D4762236,2023-11-14,2026-11-14,MAIN,100,0,2024-01-26,Taneja-Acharya
B000849,PR00192,FDC24K138,2025-01-17,2027-01-17,SAT2,100,85,2025-03-31,"Badami, Bawa and Bhatnagar"
B000850,PR00192,FD24-839,2024-10-29,2026-10-29,MAIN,250,222,2025-05-22,"Rastogi, Kanda and Oommen"
B000851,PR00192,FD25-147,2023-12-24,2025-12-24,SAT1,200,166,2024-06-28,Maharaj-Bera
B000852,PR00192,FDC33035,2023-06-16,2026-06-16,SAT1,500,430,2023-11-25,Garg-Kakar
B000853,PR00192,23F3972,2025-01-05,2027-01-05,MAIN,500,454,2025-02-26,Mallick Group
B000854,PR00192,F2771635,2023-10-27,2026-10-27,SAT1,1000,938,2024-03-21,Thakur and Sons
B000855,PR00193,INS23B204,2023-06-12,2026-06-12,MAIN,100,0,2024-02-01,"Narang, Mammen and Ahluwalia"
B000856,PR00193,INS23F173,2023-12-05,2025-06-05,MAIN,100,0,2024-05-17,Chakraborty Group
B000857,PR00193,22I6755,2023-12-24,2025-12-24,MAIN,100,0,2024-08-15,"Varughese, Goswami and Dyal"
B000858,PR00193,INS80813,2024-12-24,2026-06-24,MAIN,200,191,2025-05-01,"Lala, Sethi and Khosla"
B000859,PR00194,U6962996,2023-11-20,2025-05-20,SAT1,250,233,2024-02-05,Deshpande Group
B000860,PR00194,UN22-121,2024-02-04,2026-02-04,MAIN,500,359,2024-05-07,Ramachandran PLC
B000861,PR00194,UN23-203,2024-07-14,2026-01-14,MAIN,200,187,2025-01-10,Ahuja-Subramaniam
B000862,PR00194,UNI5447,2023-05-05,2026-05-05,MAIN,1000,676,2023-12-15,Bhargava LLC
B000863,PR00195,FON51189,2025-01-23,2027-01-23,SAT1,200,200,2025-02-23,"Bhargava, Chand and D’Alia"
B000864,PR00195,25F9971,2023-11-11,2025-05-11,SAT2,500,317,2024-05-13,"Prabhu, Agarwal and Gokhale"
B000865,PR00195,FO22-546,2024-07-16,2027-07-16,SAT2,200,187,2025-01-16,Chopra-Chadha
B000866,PR00195,F8597267,2024-02-25,2026-02-25,SAT1,250,250,2024-08-17,Grewal-Sane
B000867,PR00195,FON67346,2023-05-31,2025-05-31,MAIN,100,0,2023-11-24,Bassi Ltd
B000868,PR00196,O1422150,2024-02-13,2027-02-13,SAT1,100,22,2024-04-10,Karan-Sastry
B000869,PR00196,ORI84008,2024-07-04,2026-01-04,MAIN,200,95,2025-01-06,Deshpande and Sons
B000870,PR00196,OR25-754,2023-07-04,2026-07-04,MAIN,100,0,2024-02-04,Bali Group
B000871,PR00196,OR24-034,2023-08-09,2025-08-09,SAT1,100,2,2023-11-04,Sani PLC
B000872,PR00196,22O5314,2024-08-23,2026-02-23,SAT1,250,237,2025-02-07,Aurora-Agrawal
B000873,PR00197,LA25-236,2024-01-01,2026-01-01,SAT2,1000,831,2024-02-06,Kunda-Chadha
B000874,PR00197,LA24-222,2024-09-11,2027-09-11,MAIN,1000,982,2025-03-03,"Muni, Narang and Memon"
B000875,PR00197,23L5395,2023-04-03,2025-04-03,MAIN,200,0,2023-11-16,Dhaliwal PLC
B000876,PR00198,ZOT14603,2024-02-01,2027-02-01,MAIN,100,24,2024-06-27,"Sidhu, Sachdev and Kala"
B000877,PR00198,ZO24-626,2024-01-14,2026-01-14,SAT2,200,119,2024-04-12,Padmanabhan-Deep
B000878,PR00198,ZOT3000,2024-11-26,2026-11-26,SAT1,200,200,2025-03-19,"Kurian, Mallick and Sodhi"
B000879,PR00198,ZOT82849,2024-02-24,2026-02-24,MAIN,100,3,2024-09-30,Sachdev Ltd
B000880,PR00198,ZOT25F252,2024-06-29,2026-06-29,SAT1,250,231,2024-10-22,Varma and Sons
B000881,PR00199,ACI37497,2024-12-27,2027-12-27,SAT1,1000,987,2025-02-12,Jain-Mukhopadhyay
B000882,PR00199,ACI35400,2024-05-04,2026-05-04,SAT2,200,197,2024-09-21,"Butala, Kala and Bobal"
B000883,PR00199,AC23-106,2025-03-20,2027-03-20,MAIN,1000,1000,2025-05-29,Kuruvilla LLC
B000884,PR00199,A7633727,2023-06-27,2026-06-27,SAT1,500,473,2023-11-09,Dube LLC
B000885,PR00199,AC23-418,2024-05-14,2027-05-14,MAIN,100,82,2024-07-24,"Rau, Kapadia and Goswami"
B000886,PR00200,PRO50388,2024-06-09,2027-06-09,SAT2,500,483,2024-09-14,Sidhu LLC
B000887,PR00200,PRO22A097,2024-08-18,2026-02-18,MAIN,1000,992,2024-10-26,Parsa Group
B000888,PR00200,P3927877,2024-12-14,2026-06-14,MAIN,500,495,2025-03-07,Viswanathan-Khurana
B000889,PR00200,PR24-460,2024-06-19,2027-06-19,SAT2,250,240,2024-11-16,Doshi-Salvi
B000890,PR00200,P7508878,2023-06-24,2025-06-24,SAT2,1000,978,2023-12-17,"Bhasin, Ravi and Mahajan"
B000891,PR00200,22P6940,2023-06-19,2026-06-19,SAT2,200,169,2023-11-28,"Saran, Barad and Sanghvi"
B000892,PR00201,GLO59876,2024-02-02,2027-02-02,MAIN,500,206,2024-04-02,Hari-Kanda
B000893,PR00201,G9698990,2024-12-17,2026-12-17,SAT2,100,100,2025-05-16,"Krishnamurthy, Mistry and Thakur"
B000894,PR00201,GLO23K043,2023-08-18,2025-02-18,MAIN,500,274,2023-12-31,Mitter and Sons
B000895,PR00202,SUN62932,2025-01-29,2028-01-29,SAT2,500,495,2025-03-14,Kari-Raja
B000896,PR00202,23S8654,2023-10-27,2025-04-27,SAT2,1000,977,2023-12-13,"Misra, Ravi and Devi"
B000897,PR00202,SU24-018,2024-06-26,2025-12-26,MAIN,250,224,2024-11-03,"Batta, Narayanan and Natt"
B000898,PR00203,23E5751,2023-10-14,2025-04-14,MAIN,250,209,2024-05-10,Sehgal Group
B000899,PR00203,ELG22B072,2023-09-04,2026-09-04,SAT2,100,82,2024-02-24,Bedi-Ramaswamy
B000900,PR00203,ELG22L230,2024-08-22,2026-02-22,MAIN,1000,990,2024-11-02,Sen-Nayak
B000901,PR00203,ELG50833,2024-01-17,2027-01-17,MAIN,500,478,2024-07-27,Buch-Patla
B000902,PR00203,ELG14817,2024-08-22,2026-02-22,MAIN,250,229,2024-10-07,Dutta-Jha
B000903,PR00203,EL25-282,2023-11-03,2025-11-03,MAIN,1000,944,2023-12-23,"Goswami, Andra and Bandi"
B000904,PR00204,M2020607,2024-01-23,2025-07-23,MAIN,250,80,2024-07-29,"Nath, Nair and Chhabra"
B000905,PR00204,M2719768,2024-01-16,2025-07-16,SAT1,500,494,2024-04-01,Tak Ltd
B000906,PR00204,MED24E302,2024-06-17,2027-06-17,MAIN,1000,921,2024-08-01,"More, Bala and Chaudry"
B000907,PR00204,MED22B369,2024-03-03,2026-03-03,SAT2,1000,990,2024-08-19,Chaudhry Inc
B000908,PR00205,H8357597,2024-09-25,2026-09-25,MAIN,100,44,2025-04-14,Shere PLC
B000909,PR00205,23H9322,2023-09-03,2025-09-03,MAIN,200,0,2023-12-25,Chandran-Bahl
B000910,PR00205,23H231,2023-05-11,2024-11-11,SAT2,500,385,2023-12-25,Narasimhan LLC
B000911,PR00206,I4248180,2023-11-07,2025-05-07,MAIN,500,478,2024-03-14,"Saxena, Ramachandran and Bhagat"
B000912,PR00206,IND88183,2024-04-19,2025-10-19,MAIN,500,481,2024-08-02,"Goel, Ganguly and Bajwa"
B000913,PR00206,IND3904,2023-09-18,2025-03-18,MAIN,250,218,2024-03-28,Prabhakar-Kaur
B000914,PR00206,I8844214,2023-09-22,2025-09-22,MAIN,1000,940,2024-02-11,Loyal-Chacko
B000915,PR00206,IND22E360,2024-03-17,2025-09-17,MAIN,500,482,2024-04-20,"Goel, Acharya and Butala"
B000916,PR00207,CEN43576,2024-01-27,2027-01-27,SAT2,200,87,2024-04-01,"Deshmukh, Gopal and Sarma"
B000917,PR00207,CEN7433,2024-10-10,2026-10-10,MAIN,1000,980,2025-04-30,Parikh-Bhargava
B000918,PR00207,CEN37961,2024-01-31,2027-01-31,SAT1,100,69,2024-08-27,Dugar Group
B000919,PR00207,CEN19641,2024-09-29,2027-09-29,SAT1,200,193,2025-02-27,"Bedi, Brar and Nagarajan"
B000920,PR00207,CEN12615,2023-11-14,2026-11-14,MAIN,1000,611,2024-03-25,Nazareth and Sons
B000921,PR00208,PAN19209,2024-08-07,2026-08-07,MAIN,500,494,2025-02-11,"Goswami, Palan and Lad"
B000922,PR00208,PAN25D368,2023-08-11,2026-08-11,MAIN,200,146,2023-11-12,Nori-Balay
B000923,PR00208,P2023623,2023-12-26,2026-12-26,SAT2,500,472,2024-06-17,Mandal-Bassi
B000924,PR00209,C1434581,2023-12-21,2026-12-21,MAIN,200,87,2024-07-08,Chaudhry-Savant
B000925,PR00209,CAR87109,2023-11-29,2026-11-29,MAIN,200,69,2024-06-17,"Halder, Dayal and Sheth"
B000926,PR00209,CAR24F149,2023-12-18,2026-12-18,MAIN,100,0,2024-06-06,"Bawa, Pandya and Pau"
B000927,PR00209,C5635790,2024-12-06,2026-06-06,SAT2,500,500,2025-03-29,"Bala, Kashyap and Bhatti"
B000928,PR00209,CAR22I355,2024-05-15,2026-05-15,MAIN,500,456,2024-09-20,Andra Group
B000929,PR00209,CA25-330,2024-12-16,2026-12-16,MAIN,100,100,2025-04-11,Kalita-Modi
B000930,PR00210,G6275967,2023-07-01,2025-07-01,SAT1,1000,881,2024-02-06,"Arora, Jani and Dani"
B000931,PR00210,GEN37004,2025-02-13,2027-02-13,MAIN,500,495,2025-05-04,Mall LLC
B000932,PR00210,GEN26926,2024-10-27,2026-10-27,MAIN,500,488,2025-04-06,Balay and Sons
B000933,PR00210,GE25-898,2024-03-21,2025-09-21,MAIN,500,480,2024-09-22,Bath-Toor
B000934,PR00210,G5233816,2024-11-06,2027-11-06,MAIN,250,249,2025-05-25,"Mane, Bhatt and Bora"
B000935,PR00210,GEN34582,2024-01-02,2026-01-02,SAT1,250,154,2024-02-24,"Mital, Chandra and Kant"
B000936,PR00211,BRO70320,2024-08-09,2026-08-09,SAT2,1000,994,2025-03-04,"Nayar, Ghosh and Parmer"
B000937,PR00211,24B8505,2025-01-04,2028-01-04,MAIN,1000,986,2025-02-19,Kohli-Prakash
B000938,PR00211,BRO71498,2023-11-21,2025-05-21,MAIN,500,470,2024-01-24,"Oak, Din and Bath"
B000939,PR00211,BR25-252,2024-05-11,2027-05-11,SAT1,100,58,2024-10-18,Rama-Bobal
B000940,PR00211,BRO25D009,2023-10-17,2025-04-17,SAT2,100,60,2023-12-27,Bhargava Group
B000941,PR00212,BO25-863,2024-03-04,2026-03-04,MAIN,1000,990,2024-10-27,Arya-Bahl
B000942,PR00212,BON22F067,2023-12-10,2025-06-10,SAT1,250,176,2024-04-25,Sangha-Bhargava
B000943,PR00212,BON23B019,2024-03-31,2027-03-31,MAIN,200,187,2024-11-16,Ram Ltd
B000944,PR00212,BON71304,2023-07-13,2025-01-13,SAT1,1000,873,2023-12-10,Sood-Lall
B000945,PR00212,22B6921,2025-01-25,2026-07-25,MAIN,250,247,2025-05-09,Khurana Group
B000946,PR00212,22B2667,2024-07-12,2026-01-12,MAIN,100,83,2025-01-26,"Loke, Dass and Kamdar"
B000947,PR00213,A4443763,2024-07-17,2027-07-17,MAIN,200,190,2024-11-17,"Hari, Mani and Mohanty"
B000948,PR00213,ANI23E294,2023-09-04,2025-09-04,MAIN,100,39,2024-04-03,"Prasad, Kar and Bail"
B000949,PR00213,AN22-267,2025-01-06,2027-01-06,MAIN,200,191,2025-03-22,Ramaswamy Group
B000950,PR00214,APE72577,2024-02-25,2026-02-25,MAIN,1000,871,2024-04-16,Purohit-Dugar
B000951,PR00214,APE25D200,2023-08-18,2025-02-18,MAIN,250,0,2023-12-18,Narang-Anand
B000952,PR00214,APE47132,2024-11-12,2027-11-12,SAT1,200,200,2025-04-21,Dyal Ltd
B000953,PR00214,A3438725,2023-09-15,2025-09-15,MAIN,500,236,2024-02-17,Apte-Bora
B000954,PR00214,A5025810,2024-01-21,2027-01-21,MAIN,100,0,2024-03-08,Kala-Raghavan
B000955,PR00214,APE73725,2024-05-16,2026-05-16,MAIN,100,0,2024-07-19,Kumer-De
B000956,PR00215,25R5584,2024-01-29,2027-01-29,SAT2,250,250,2024-07-09,Gour-Mangal
B000957,PR00215,RE24-665,2024-04-10,2026-04-10,MAIN,250,0,2024-06-08,Sharaf PLC
B000958,PR00215,R8075892,2024-12-15,2026-06-15,MAIN,200,126,2025-01-28,Gour-Bhat
B000959,PR00216,HE22-043,2024-06-22,2026-06-22,MAIN,1000,856,2024-12-27,"Grover, Doctor and Kanda"
B000960,PR00216,H7017760,2024-07-01,2026-07-01,SAT2,100,45,2024-11-23,Morar LLC
B000961,PR00216,H2568369,2024-05-25,2027-05-25,MAIN,250,226,2025-01-03,Boase Inc
B000962,PR00217,I1641680,2024-12-30,2026-12-30,SAT1,250,250,2025-02-05,"Balay, Baral and Sama"
B000963,PR00217,I1934394,2023-05-27,2026-05-27,MAIN,200,0,2023-12-29,"Batra, Parekh and Konda"
B000964,PR00217,IND72914,2024-11-15,2026-11-15,SAT1,250,239,2025-01-05,Zachariah PLC
B000965,PR00217,IN22-590,2024-01-23,2026-01-23,SAT2,500,487,2024-08-08,Uppal-Kulkarni
B000966,PR00218,BLI22G061,2023-10-24,2025-10-24,MAIN,250,0,2023-12-02,Atwal and Sons
B000967,PR00218,B4559694,2024-04-17,2027-04-17,SAT1,500,453,2024-05-17,Chakrabarti Group
B000968,PR00218,B1824113,2024-01-28,2026-01-28,MAIN,200,48,2024-09-12,Sawhney-Kannan
B000969,PR00218,BLI24H072,2023-12-07,2025-12-07,MAIN,500,326,2024-05-09,Ahuja LLC
B000970,PR00219,MA23-804,2024-07-13,2026-01-13,MAIN,250,200,2025-03-07,"Natt, Shan and Natt"
B000971,PR00219,24M8880,2024-12-17,2027-12-17,MAIN,1000,962,2025-02-15,"Seshadri, Naik and Grewal"
B000972,PR00219,MA24-543,2023-08-31,2026-08-31,MAIN,500,251,2023-12-01,Garg PLC
B000973,PR00220,EMC68851,2023-11-13,2025-11-13,SAT2,200,172,2024-05-10,"Sampath, Muni and Ganesh"
B000974,PR00220,EM22-629,2024-02-12,2026-02-12,MAIN,500,386,2024-08-10,Batra-Kashyap
B000975,PR00220,EMC23I074,2024-03-29,2025-09-29,MAIN,250,167,2024-11-01,Saini Ltd
B000976,PR00220,EMC22H149,2024-07-08,2026-01-08,SAT1,500,481,2024-08-30,Anand Ltd
B000977,PR00221,22U3757,2023-07-30,2025-07-30,MAIN,100,23,2023-12-20,Shankar LLC
B000978,PR00221,23U7854,2023-05-24,2025-05-24,SAT1,500,472,2023-11-16,Verma-Grover
B000979,PR00221,UN25-119,2024-01-05,2025-07-05,MAIN,200,194,2024-08-29,Kumer Group
B000980,PR00221,22U5751,2023-06-24,2026-06-24,MAIN,100,43,2024-01-19,Bakshi-Date
B000981,PR00222,LE22-595,2023-08-29,2026-08-29,SAT1,500,495,2024-04-16,Saxena Inc
B000982,PR00222,LEX95980,2024-05-13,2025-11-13,SAT1,500,500,2024-11-04,Padmanabhan and Sons
B000983,PR00222,LE23-695,2023-07-14,2025-07-14,MAIN,500,130,2023-12-12,Ahuja and Sons
B000984,PR00222,L7051835,2023-08-30,2026-08-30,MAIN,200,0,2024-01-23,Sankar Ltd
B000985,PR00222,LEX84904,2024-05-30,2026-05-30,SAT2,200,173,2024-11-12,Chaudhary Ltd
B000986,PR00222,LE24-305,2024-10-13,2026-10-13,MAIN,100,0,2024-12-23,"Garg, Bir and Pandit"
B000987,PR00223,IND6766,2024-06-28,2027-06-28,SAT2,250,244,2024-12-27,"Dash, Vig and Suresh"
B000988,PR00223,IN25-509,2024-09-17,2026-09-17,MAIN,250,173,2024-12-04,"Agrawal, Pau and Chandra"
B000989,PR00223,23I7884,2023-12-28,2026-12-28,MAIN,100,0,2024-01-31,Cherian-Choudhury
B000990,PR00223,IND70706,2024-07-31,2026-01-31,SAT1,200,190,2024-12-15,"Sarkar, Kakar and Wason"
B000991,PR00224,GU23-183,2023-10-31,2026-10-31,MAIN,500,422,2024-06-25,Natarajan-Bumb
B000992,PR00224,GUF24D018,2024-06-26,2026-06-26,SAT1,200,171,2024-09-11,"Munshi, Sheth and Singhal"
B000993,PR00224,25G953,2024-08-26,2027-08-26,MAIN,1000,950,2025-02-22,Chandra Group
B000994,PR00224,GU25-109,2023-09-11,2026-09-11,SAT1,250,150,2024-01-26,"Varughese, Basu and Bedi"
B000995,PR00224,G6699709,2024-08-18,2026-08-18,MAIN,500,445,2024-12-19,Khalsa-Srinivas
B000996,PR00225,23G705,2024-10-19,2026-04-19,SAT1,1000,995,2025-05-12,"Kalita, Bhavsar and Prashad"
B000997,PR00225,22G7854,2025-01-13,2027-01-13,SAT2,200,199,2025-03-08,"Dubey, Trivedi and Srinivasan"
B000998,PR00225,GO22-284,2024-03-14,2026-03-14,SAT1,250,239,2024-09-11,Upadhyay LLC
B000999,PR00225,22G9690,2025-02-07,2028-02-07,MAIN,1000,995,2025-04-24,Mukhopadhyay-Bera
B001000,PR00226,H3879677,2024-08-31,2026-08-31,SAT1,250,238,2024-10-29,"Char, Varkey and Devi"
B001001,PR00226,22H8782,2023-10-16,2025-04-16,MAIN,500,253,2023-12-26,Sood and Sons
B001002,PR00226,HE22-081,2024-10-14,2026-04-14,MAIN,250,151,2024-12-31,Bhagat and Sons
B001003,PR00226,HE23-354,2024-02-23,2026-02-23,MAIN,250,16,2024-04-08,"Kala, Menon and Yadav"
B001004,PR00226,HEA24J276,2023-09-09,2026-09-09,MAIN,500,104,2023-11-15,Karnik and Sons
B001005,PR00226,HE25-557,2024-06-02,2027-06-02,SAT2,200,174,2024-12-21,"Dugal, Bhargava and Krishnan"
B001006,PR00227,BIG59656,2024-09-21,2026-09-21,MAIN,500,490,2025-02-13,Mall LLC
B001007,PR00227,BI23-458,2024-09-15,2027-09-15,SAT1,200,66,2025-01-15,Mallick-Kakar
B001008,PR00227,BIG24F051,2024-03-25,2026-03-25,MAIN,200,90,2024-07-24,"Deep, Vohra and Choudhary"
B001009,PR00227,22B4758,2023-12-21,2025-12-21,SAT1,100,87,2024-06-18,Sama LLC
B001010,PR00227,B4369013,2024-05-02,2027-05-02,SAT1,250,234,2024-09-05,"Hayre, Anne and Date"
B001011,PR00228,RIO37131,2024-07-23,2026-07-23,SAT2,500,500,2025-02-21,"Arya, Datta and Banik"
B001012,PR00228,RI24-667,2024-06-12,2026-06-12,MAIN,500,377,2024-10-29,"Johal, Bedi and Malhotra"
B001013,PR00228,RIO53157,2024-11-22,2027-11-22,MAIN,200,123,2025-03-06,"Dixit, Kanda and Deep"
B001014,PR00228,RIO23686,2024-08-04,2026-08-04,MAIN,250,172,2024-10-24,Sarna Group
B001015,PR00229,WAL27189,2024-03-05,2027-03-05,SAT2,1000,947,2024-05-12,Datta-Chauhan
B001016,PR00229,WAL24G351,2025-01-18,2026-07-18,SAT1,250,245,2025-05-07,Pradhan Ltd
B001017,PR00229,WAL92133,2024-01-13,2026-01-13,MAIN,200,0,2024-03-29,Barman and Sons
B001018,PR00229,WAL17030,2024-06-05,2025-12-05,MAIN,1000,893,2024-09-15,"Chander, Sahni and Nayak"
B001019,PR00230,25A507,2024-02-06,2027-02-06,SAT1,1000,943,2024-03-09,Ray LLC
B001020,PR00230,ADO22H365,2025-03-08,2028-03-08,MAIN,250,147,2025-04-19,Hegde-Agate
B001021,PR00230,AD22-082,2025-01-03,2028-01-03,MAIN,250,240,2025-04-10,"Bhandari, Padmanabhan and Kashyap"
B001022,PR00230,AD25-915,2025-01-08,2026-07-08,MAIN,250,236,2025-03-09,Shan-Sharaf
B001023,PR00231,SUN23G327,2024-08-03,2027-08-03,MAIN,100,68,2024-12-15,Rao-Char
B001024,PR00231,SUN25J060,2024-05-28,2025-11-28,SAT2,100,90,2025-01-05,"Yogi, Kapur and Deo"
B001025,PR00231,SUN84257,2023-08-19,2025-08-19,SAT1,1000,939,2023-11-26,Bajaj Ltd
B001026,PR00232,A2960587,2025-01-19,2026-07-19,MAIN,500,496,2025-04-10,Chakraborty Group
B001027,PR00232,A1835948,2024-09-23,2026-03-23,SAT2,1000,997,2025-01-31,"Borah, Singh and Misra"
B001028,PR00232,23A8611,2024-06-25,2025-12-25,SAT2,200,200,2024-12-22,Baria-Dutt
B001029,PR00232,AXO23F158,2024-12-30,2026-06-30,MAIN,200,199,2025-03-11,"Wali, Kamdar and Dar"
B001030,PR00232,AX25-868,2024-07-15,2027-07-15,MAIN,200,172,2024-10-23,Lall and Sons
B001031,PR00232,AXO24D070,2023-12-15,2026-12-15,MAIN,250,216,2024-05-18,"Majumdar, Bhavsar and Ram"
B001032,PR00233,SIA92527,2023-12-12,2025-06-12,MAIN,200,122,2024-06-27,Gaba-Dora
B001033,PR00233,S5473798,2024-07-13,2026-07-13,SAT1,1000,990,2024-10-30,"Bumb, Jain and Dani"
B001034,PR00233,22S4501,2025-01-07,2026-07-07,MAIN,250,168,2025-03-13,Sur-Atwal
B001035,PR00233,S5382212,2023-05-09,2026-05-09,MAIN,100,0,2023-12-19,"Bhalla, Peri and Ravi"
B001036,PR00234,25E5531,2024-02-01,2025-08-01,SAT2,1000,924,2024-08-20,"Pillay, Sahni and Ramaswamy"
B001037,PR00234,E2723098,2023-11-25,2025-11-25,MAIN,500,403,2024-05-03,Baria-Rajagopal
B001038,PR00234,E6828612,2024-04-27,2027-04-27,SAT2,500,487,2024-11-26,Ramesh and Sons
B001039,PR00234,ENR25782,2023-12-26,2026-12-26,MAIN,500,411,2024-03-12,Vala Group
B001040,PR00234,E9791493,2023-07-27,2025-07-27,SAT1,1000,917,2024-02-18,Pathak-Bhasin
B001041,PR00234,ENR40034,2023-08-08,2025-02-08,MAIN,1000,788,2024-03-01,Mangat-Kumar
B001042,PR00235,N9120090,2023-07-01,2025-01-01,SAT2,250,61,2023-12-24,Bansal-Sastry
B001043,PR00235,NEI6867,2024-08-12,2027-08-12,SAT1,500,444,2024-11-23,Raman-Hegde
B001044,PR00235,N2044509,2024-04-21,2027-04-21,MAIN,1000,880,2024-05-24,"Mohan, Gulati and Kar"
B001045,PR00235,NEI23E127,2024-11-26,2026-05-26,SAT2,250,229,2025-01-31,"Saha, Padmanabhan and Anand"
B001046,PR00236,22U9969,2024-01-18,2025-07-18,MAIN,100,0,2024-06-13,Puri-Ganesh
B001047,PR00236,24U9966,2023-08-11,2026-08-11,SAT2,200,124,2024-03-03,Gupta-Dayal
B001048,PR00236,22U4576,2023-12-04,2026-12-04,MAIN,250,119,2024-04-05,Rajan and Sons
B001049,PR00236,U4814283,2023-10-25,2025-10-25,MAIN,500,331,2024-01-22,Dalal-Chakrabarti
B001050,PR00236,UN22-307,2024-01-19,2027-01-19,SAT2,200,111,2024-05-28,Din-Kumer
B001051,PR00236,22U9466,2024-03-03,2027-03-03,MAIN,100,0,2024-09-13,Roy Ltd
B001052,PR00237,FU25-987,2024-11-13,2027-11-13,MAIN,250,220,2025-04-19,Oza Ltd
B001053,PR00237,FU23-658,2023-09-22,2025-09-22,MAIN,250,0,2024-01-21,"Nagi, Lata and Dora"
B001054,PR00237,FU22-714,2024-09-01,2026-09-01,SAT2,250,241,2025-03-31,Varma PLC
B001055,PR00237,FU24-456,2023-09-10,2026-09-10,MAIN,500,305,2024-02-22,"Baral, Walla and Tailor"
B001056,PR00237,FUT16848,2023-05-25,2026-05-25,SAT2,1000,830,2023-11-15,"Chaudhari, Reddy and Divan"
B001057,PR00237,F9999009,2024-05-12,2025-11-12,MAIN,100,10,2024-08-05,"Khatri, Mukhopadhyay and Chad"
B001058,PR00238,LA23-683,2023-09-10,2025-09-10,SAT1,1000,886,2024-03-11,"Rai, Lall and Kannan"
B001059,PR00238,LAM23A297,2023-11-22,2025-05-22,MAIN,1000,930,2024-05-20,Nigam and Sons
B001060,PR00238,LA25-404,2024-08-24,2026-02-24,MAIN,250,148,2024-11-19,Manda Group
B001061,PR00238,24L5755,2023-11-27,2025-11-27,MAIN,100,0,2024-05-06,Pau Ltd
B001062,PR00239,AVI24B033,2024-08-31,2027-08-31,SAT1,500,496,2025-02-02,Patla PLC
B001063,PR00239,25A6685,2024-04-28,2026-04-28,MAIN,100,83,2024-08-16,Kar and Sons
B001064,PR00239,AV24-087,2024-05-20,2025-11-20,MAIN,500,484,2024-12-09,Jain-Banerjee
B001065,PR00239,AVI23D086,2023-09-17,2025-09-17,MAIN,500,446,2024-02-09,"Khosla, Brahmbhatt and Brar"
B001066,PR00239,AV22-554,2023-12-28,2025-06-28,MAIN,500,477,2024-05-14,"Pau, Wadhwa and Tata"
B001067,PR00240,22T8794,2024-05-11,2027-05-11,SAT1,500,437,2024-10-27,Bala-Prakash
B001068,PR00240,TA24-534,2024-12-11,2026-06-11,MAIN,100,71,2025-02-25,"Loke, Pingle and Sibal"
B001069,PR00240,TAL25B064,2023-07-04,2025-07-04,MAIN,500,221,2023-11-28,"Ramakrishnan, Luthra and Tata"
B001070,PR00240,TAL22D176,2023-06-16,2024-12-16,MAIN,500,267,2023-12-04,Setty-Ratti
B001071,PR00240,TA24-048,2025-01-18,2028-01-18,SAT2,200,190,2025-05-09,"Loyal, Nayak and Iyengar"
B001072,PR00241,24S7017,2024-07-02,2027-07-02,MAIN,200,187,2024-11-08,Khatri-Sarkar
B001073,PR00241,SAM23I363,2023-11-01,2025-11-01,SAT1,200,182,2024-04-15,Sodhi-Madan
B001074,PR00241,S9951791,2024-01-25,2027-01-25,MAIN,200,167,2024-04-07,Raju-Thakkar
B001075,PR00242,SPP25D237,2024-10-19,2026-10-19,MAIN,200,173,2025-02-23,Bhatt-Sankar
B001076,PR00242,SPP24I092,2023-11-28,2025-05-28,MAIN,1000,797,2024-04-20,Mand and Sons
B001077,PR00242,SPP75154,2024-06-28,2026-06-28,SAT2,100,94,2024-10-02,Goel LLC
B001078,PR00242,SPP23F150,2024-12-31,2026-06-30,MAIN,200,177,2025-03-22,Pingle-Bains
B001079,PR00243,A1405238,2024-11-10,2026-11-10,SAT2,500,500,2025-04-19,"Anand, Natarajan and Mohan"
B001080,PR00243,ALP37422,2023-12-22,2025-12-22,MAIN,100,66,2024-02-10,"Chahal, Om and Goyal"
B001081,PR00243,ALP17705,2025-01-07,2028-01-07,SAT1,100,80,2025-04-19,Dhar-Naidu
B001082,PR00243,22A160,2024-09-10,2027-09-10,MAIN,500,498,2025-01-19,Raj-Ranganathan
B001083,PR00243,25A5159,2024-11-04,2027-11-04,MAIN,200,196,2025-03-29,Sekhon-Gopal
B001084,PR00244,25A3505,2023-05-18,2025-05-18,MAIN,100,50,2023-11-16,Khatri Inc
B001085,PR00244,25A5221,2024-02-27,2026-02-27,SAT2,100,85,2024-05-21,Majumdar-Deshpande
B001086,PR00244,AVA55869,2023-06-25,2025-06-25,MAIN,250,182,2023-11-20,Pillai Ltd
B001087,PR00244,A7169427,2023-08-17,2025-02-17,MAIN,100,41,2023-12-10,"Dani, Lata and Golla"
B001088,PR00244,AVA22G100,2023-08-31,2025-02-28,MAIN,100,82,2024-04-04,Das-Mangal
B001089,PR00244,A1461335,2025-03-23,2028-03-23,MAIN,200,198,2025-05-06,Lanka Ltd
B001090,PR00245,MED20494,2024-02-10,2027-02-10,MAIN,200,0,2024-04-06,"Hayre, Kota and Dugar"
B001091,PR00245,22M6882,2024-06-28,2027-06-28,MAIN,500,438,2025-01-06,Dada-Mitra
B001092,PR00245,M8495896,2024-05-21,2025-11-21,MAIN,250,138,2024-11-20,More-Kala
B001093,PR00245,ME22-649,2023-12-01,2025-12-01,MAIN,200,91,2024-06-26,"Bhalla, Sethi and Sachar"
B001094,PR00246,25C4196,2024-04-04,2025-10-04,MAIN,500,489,2024-11-03,Shankar and Sons
B001095,PR00246,CIP22A143,2024-05-28,2026-05-28,SAT1,250,236,2024-07-05,Badami Inc
B001096,PR00246,24C7734,2024-09-26,2026-03-26,MAIN,250,242,2024-11-26,"Dara, Tandon and Wali"
B001097,PR00246,CIP23B345,2024-08-23,2027-08-23,SAT2,250,247,2025-04-01,Ganesh-Dhar
B001098,PR00247,25K9188,2023-09-17,2025-03-17,SAT2,100,0,2024-05-07,Buch LLC
B001099,PR00247,25K1245,2024-09-07,2026-03-07,SAT2,500,500,2025-05-03,"Sekhon, Chanda and Mand"
B001100,PR00247,KRI34429,2024-09-23,2026-03-23,SAT1,500,472,2025-04-16,Dugar-Kadakia
B001101,PR00247,KRI25B198,2024-10-12,2026-04-12,SAT2,1000,973,2025-01-20,Mammen-Goda
B001102,PR00247,KR22-322,2023-10-09,2025-10-09,SAT1,500,418,2024-01-17,Tiwari-Sharma
B001103,PR00248,PRI90527,2025-01-11,2028-01-11,MAIN,500,500,2025-05-24,Loke-Tara
B001104,PR00248,P3215668,2024-08-03,2026-08-03,MAIN,1000,977,2025-02-11,Chowdhury Group
B001105,PR00248,PRI71691,2024-06-25,2026-06-25,MAIN,100,0,2024-11-04,Gade Ltd
B001106,PR00249,ES24-037,2023-12-17,2025-12-17,MAIN,100,62,2024-06-18,"Bakshi, Wadhwa and Roy"
B001107,PR00249,ES25-299,2024-12-27,2026-12-27,SAT1,250,240,2025-05-07,Divan-Kapadia
B001108,PR00249,ES25-839,2024-07-26,2027-07-26,MAIN,500,485,2024-12-09,Shere-Sethi
B001109,PR00250,22S7523,2024-03-19,2027-03-19,MAIN,100,48,2024-09-11,Sani Group
B001110,PR00250,S2882216,2023-11-29,2026-11-29,MAIN,200,0,2023-12-29,"Naik, Ray and Guha"
B001111,PR00250,S7351981,2024-07-28,2026-01-28,MAIN,1000,963,2024-10-17,Sidhu Inc
B001112,PR00250,SIN25H266,2024-10-08,2027-10-08,MAIN,100,13,2024-12-10,Mallick Inc
B001113,PR00251,NEI97553,2024-05-31,2027-05-31,SAT1,200,160,2024-09-15,"Batra, Parikh and Dua"
B001114,PR00251,NEI28304,2024-06-04,2027-06-04,MAIN,1000,952,2024-11-12,Yadav-Bhatnagar
B001115,PR00251,NE24-342,2023-08-08,2026-08-08,MAIN,1000,545,2023-12-31,Pillai LLC
B001116,PR00252,C2548201,2024-08-02,2027-08-02,MAIN,250,241,2025-01-09,"Venkataraman, Bath and Bansal"
B001117,PR00252,CAD22L165,2023-10-12,2025-04-12,SAT2,1000,917,2023-12-02,Doshi Group
B001118,PR00252,C8816590,2024-07-08,2026-01-08,MAIN,100,25,2024-10-19,"Gokhale, Dave and Bhatti"
B001119,PR00252,C2202613,2025-03-14,2026-09-14,MAIN,200,183,2025-04-13,Grewal-Nagarajan
B001120,PR00252,25C7632,2023-11-20,2025-11-20,MAIN,200,0,2024-05-05,Hayer-Dar
B001121,PR00252,25C3089,2024-04-21,2025-10-21,MAIN,100,0,2024-10-01,Bala-Mitra
B001122,PR00253,MEL24A038,2023-11-08,2025-11-08,MAIN,1000,667,2024-04-11,Dasgupta and Sons
B001123,PR00253,ME25-537,2023-08-25,2025-02-25,SAT2,1000,901,2024-01-06,Wadhwa-Chadha
B001124,PR00253,M2232248,2025-01-16,2027-01-16,MAIN,500,458,2025-03-01,Gala-Banerjee
B001125,PR00253,22M4390,2023-04-16,2024-10-16,SAT2,200,90,2023-11-22,Dara and Sons
B001126,PR00253,23M594,2024-09-01,2026-09-01,SAT2,500,463,2024-10-07,Pal-Panchal
B001127,PR00253,M4059170,2024-02-03,2026-02-03,MAIN,1000,707,2024-04-15,"Dube, Vasa and Raman"
B001128,PR00254,SUN53792,2024-07-05,2027-07-05,MAIN,500,485,2024-10-21,Bala PLC
B001129,PR00254,SU25-152,2024-05-05,2027-05-05,MAIN,250,233,2024-10-18,"Grewal, Sundaram and Koshy"
B001130,PR00254,SU24-061,2023-12-01,2025-06-01,MAIN,500,480,2024-07-11,Datta-Prakash
B001131,PR00255,EVE22B173,2024-07-05,2027-07-05,MAIN,200,178,2024-12-07,"Pandey, Kala and Keer"
B001132,PR00255,EVE23D248,2023-12-03,2025-12-03,MAIN,1000,943,2024-03-30,Gara and Sons
B001133,PR00255,EVE49985,2024-04-25,2027-04-25,MAIN,500,474,2024-08-03,"Savant, Karan and Gupta"
B001134,PR00255,22E7069,2024-09-13,2027-09-13,SAT2,200,197,2024-11-20,"Ghosh, Agarwal and Mani"
B001135,PR00256,22E800,2023-07-07,2026-07-07,SAT2,500,474,2024-02-27,Som-Kapadia
B001136,PR00256,E6876152,2023-11-21,2025-05-21,SAT1,200,179,2024-07-02,Kar-Dayal
B001137,PR00256,EDM15648,2024-12-04,2027-12-04,SAT2,200,193,2025-02-13,Sampath Group
B001138,PR00256,ED22-995,2023-05-15,2024-11-15,MAIN,200,136,2024-01-03,Tripathi LLC
B001139,PR00256,ED25-105,2024-03-08,2027-03-08,SAT2,200,184,2024-06-13,Singh Group
B001140,PR00257,M7009738,2023-08-09,2025-02-09,MAIN,200,0,2023-11-09,Bawa PLC
B001141,PR00257,M5699360,2023-05-15,2025-05-15,SAT1,1000,954,2023-12-29,Bath-Vaidya
B001142,PR00257,24M8715,2024-12-12,2026-06-12,SAT2,200,200,2025-05-21,Ramachandran PLC
B001143,PR00257,MAC24B270,2024-05-17,2026-05-17,SAT1,1000,922,2024-09-09,Dara-Tiwari
B001144,PR00257,23M840,2024-09-28,2026-03-28,SAT2,1000,997,2025-04-02,Iyengar Group
B001145,PR00257,MA22-637,2023-05-02,2024-11-02,MAIN,200,0,2023-11-18,Chaudhary Inc
B001146,PR00258,AS22-202,2024-10-25,2026-10-25,MAIN,1000,987,2025-02-12,Dash-Dugal
B001147,PR00258,AS22-984,2024-08-13,2027-08-13,MAIN,250,236,2025-02-08,Chaudhry-Pandya
B001148,PR00258,ASI40906,2023-10-01,2026-10-01,MAIN,500,435,2023-11-16,"Kapadia, Goswami and Chakraborty"
B001149,PR00258,ASI25G232,2023-08-21,2026-08-21,MAIN,1000,939,2023-12-06,Saran-Lala
B001150,PR00258,ASI25F025,2023-05-30,2025-05-30,MAIN,1000,940,2023-11-21,"Kuruvilla, Rau and Sridhar"
B001151,PR00258,A6960539,2024-06-19,2025-12-19,MAIN,500,490,2024-08-21,Nair Group
B001152,PR00259,C4332151,2024-05-30,2027-05-30,SAT2,500,444,2024-09-17,Deep-Dhillon
B001153,PR00259,C2495240,2025-02-22,2027-02-22,MAIN,100,91,2025-05-25,Kalita Ltd
B001154,PR00259,23C1242,2024-12-19,2027-12-19,MAIN,100,95,2025-05-16,Dhar and Sons
B001155,PR00259,CIP23G366,2024-12-29,2027-12-29,MAIN,100,85,2025-02-10,"Trivedi, Badal and Cherian"
B001156,PR00260,HEA23C048,2024-01-20,2025-07-20,MAIN,200,101,2024-09-03,"Master, Kulkarni and Dube"
B001157,PR00260,H2495155,2023-09-05,2026-09-05,MAIN,500,255,2024-02-19,Dube-Gour
B001158,PR00260,HE23-911,2023-12-27,2025-06-27,MAIN,1000,724,2024-01-29,Pandya Group
B001159,PR00261,25W340,2024-08-19,2027-08-19,MAIN,100,0,2024-09-27,Purohit and Sons
B001160,PR00261,WEN25C073,2023-05-03,2026-05-03,SAT2,100,0,2023-11-15,"Nazareth, Kakar and Prabhu"
B001161,PR00261,WE23-276,2023-09-20,2025-09-20,MAIN,100,0,2023-12-02,"Bawa, Ramachandran and Kibe"
B001162,PR00261,WE24-010,2023-12-25,2025-12-25,SAT2,1000,812,2024-05-09,"Srinivas, Konda and Bhavsar"
B001163,PR00261,WEN23G377,2024-05-27,2025-11-27,MAIN,100,0,2024-07-30,"Contractor, Wali and Bhakta"
B001164,PR00262,25V9506,2024-05-25,2026-05-25,MAIN,200,190,2025-01-10,Ranganathan-Swamy
B001165,PR00262,VA22-070,2024-06-22,2027-06-22,MAIN,500,497,2025-02-14,Cheema-Keer
B001166,PR00262,24V6837,2024-02-19,2027-02-19,SAT1,100,19,2024-06-07,Sunder Ltd
B001167,PR00262,V1651047,2023-12-03,2025-06-03,SAT1,100,9,2024-02-22,Karnik-Mody
B001168,PR00263,M7297353,2024-02-21,2025-08-21,MAIN,1000,867,2024-06-03,Naik and Sons
B001169,PR00263,ME24-620,2023-10-11,2025-04-11,MAIN,200,39,2024-03-11,Bora and Sons
B001170,PR00263,23M4509,2024-03-31,2025-09-30,MAIN,250,53,2024-06-20,Ghosh-Rattan
B001171,PR00264,DEW25L209,2023-07-30,2025-07-30,MAIN,100,0,2023-12-06,"Bhandari, Trivedi and Mangat"
B001172,PR00264,DEW3964,2024-07-02,2026-01-02,MAIN,250,151,2024-09-20,"Rastogi, Karnik and Solanki"
B001173,PR00264,24D2662,2024-03-10,2027-03-10,SAT1,500,495,2024-10-02,"Pau, Raju and Bhatnagar"
B001174,PR00264,DE25-686,2024-01-30,2025-07-30,MAIN,500,392,2024-08-18,Malhotra-Soni
B001175,PR00264,22D2960,2024-05-31,2026-05-31,SAT2,500,439,2024-10-04,Pathak LLC
B001176,PR00264,DEW22G004,2024-08-17,2026-02-17,SAT1,250,250,2025-02-04,Bora-Ghosh
B001177,PR00265,25B1041,2023-12-01,2025-12-01,MAIN,1000,571,2024-01-12,"Bhavsar, Pillay and Chadha"
B001178,PR00265,25B6682,2023-07-01,2025-01-01,MAIN,500,185,2024-01-10,Loyal-Bora
B001179,PR00265,BI25-664,2023-04-16,2026-04-16,MAIN,250,0,2023-12-10,Oommen LLC
B001180,PR00266,AR22-154,2025-01-20,2028-01-20,MAIN,250,250,2025-05-22,Magar-Badal
B001181,PR00266,AR24-044,2024-04-20,2026-04-20,MAIN,250,224,2024-11-16,"Chand, Prashad and Kakar"
B001182,PR00266,A3109024,2024-09-02,2026-03-02,MAIN,250,247,2025-03-10,"Nagi, Seshadri and Taneja"
B001183,PR00267,SHI25G083,2024-07-09,2026-01-09,SAT2,100,93,2024-09-01,Goyal-Bhasin
B001184,PR00267,SHI23F338,2024-02-03,2026-02-03,MAIN,100,60,2024-03-23,Acharya-Devan
B001185,PR00267,SHI66510,2024-05-29,2026-05-29,SAT2,200,196,2024-09-20,Kulkarni and Sons
B001186,PR00267,SHI69115,2024-01-15,2026-01-15,SAT1,200,181,2024-05-25,Dutt-Aurora
B001187,PR00268,KEL24G021,2024-09-12,2027-09-12,SAT2,250,250,2025-03-22,Taneja Inc
B001188,PR00268,24K1502,2023-04-20,2026-04-20,MAIN,1000,639,2023-12-10,Chakraborty and Sons
B001189,PR00268,KE24-787,2024-12-12,2027-12-12,MAIN,500,491,2025-05-15,Borah-Jaggi
B001190,PR00268,KEL25F358,2023-05-27,2025-05-27,SAT2,1000,923,2024-01-02,"Kohli, Sani and Raval"
B001191,PR00268,KEL23I227,2023-09-16,2025-09-16,SAT1,200,94,2023-11-23,Wali-Setty
B001192,PR00269,VER25C052,2023-12-11,2025-12-11,SAT2,500,489,2024-05-24,Bansal-Virk
B001193,PR00269,VE22-755,2024-07-27,2026-01-27,MAIN,100,82,2024-10-15,Kale-Borah
B001194,PR00269,25V7882,2023-10-12,2026-10-12,MAIN,200,147,2024-01-12,Sandhu Group
B001195,PR00269,VE24-880,2024-08-09,2027-08-09,SAT1,500,496,2025-03-10,Kashyap-Buch
B001196,PR00270,CUB4015,2023-07-18,2026-07-18,MAIN,250,0,2024-03-01,"Goyal, Deo and Sarma"
B001197,PR00270,CUB23H345,2024-06-09,2026-06-09,MAIN,100,34,2024-10-29,"Ramachandran, Bala and Sharma"
B001198,PR00270,C4543507,2024-09-17,2026-09-17,SAT2,100,100,2025-02-15,Wali-Warrior
B001199,PR00271,AGR23E016,2023-09-17,2025-03-17,MAIN,500,365,2024-04-16,"Soman, Salvi and Pandey"
B001200,PR00271,24A6383,2024-10-31,2027-10-31,SAT1,250,245,2025-01-18,Johal Ltd
B001201,PR00271,24A8990,2024-03-11,2026-03-11,SAT2,100,53,2024-10-26,"More, Jain and D’Alia"
B001202,PR00271,AGR25B313,2023-10-14,2025-10-14,SAT1,100,32,2024-02-11,"Chand, Raja and Narasimhan"
B001203,PR00272,TOR36868,2023-11-25,2026-11-25,SAT1,100,73,2024-07-11,Guha-Balasubramanian
B001204,PR00272,TO25-462,2024-01-27,2025-07-27,MAIN,500,255,2024-05-31,"Natt, Gopal and Kaul"
B001205,PR00272,24T4783,2023-10-08,2025-04-08,SAT2,200,90,2024-03-25,Dhillon Inc
B001206,PR00272,T2308668,2023-10-28,2025-10-28,MAIN,250,59,2024-04-24,Dara PLC
B001207,PR00272,TO24-090,2023-04-20,2024-10-20,MAIN,250,0,2023-12-08,Pandey Inc
B001208,PR00272,TO24-318,2025-01-06,2027-01-06,MAIN,200,154,2025-02-26,Sunder-Radhakrishnan
B001209,PR00273,J2220425,2024-01-19,2027-01-19,MAIN,500,426,2024-07-19,Mandal-Shan
B001210,PR00273,JOH36737,2023-07-21,2026-07-21,SAT1,1000,976,2024-03-15,Srinivasan-Amble
B001211,PR00273,J3407941,2024-06-04,2026-06-04,SAT1,1000,982,2024-09-04,"Bedi, Agarwal and Dey"
B001212,PR00273,25J6220,2023-08-01,2025-08-01,SAT1,250,102,2023-12-29,Shetty-Randhawa
B001213,PR00273,JOH72776,2023-09-18,2025-03-18,SAT2,200,77,2024-02-19,More-Saran
B001214,PR00273,JOH54170,2024-05-22,2025-11-22,SAT1,250,222,2024-12-31,Rattan-Mishra
B001215,PR00274,EMC30788,2025-01-02,2027-01-02,MAIN,200,194,2025-03-28,"Sem, Sengupta and More"
B001216,PR00274,EM23-890,2023-08-11,2025-02-11,SAT1,1000,968,2024-02-10,Saini and Sons
B001217,PR00274,E8765550,2025-02-19,2028-02-19,MAIN,500,497,2025-04-26,Palan-Sandhu
B001218,PR00274,EM23-826,2024-10-13,2026-10-13,SAT2,250,245,2024-12-21,"Bandi, Kurian and Narayanan"
B001219,PR00274,EM23-473,2024-04-12,2025-10-12,SAT2,250,233,2024-05-28,Bajaj Group
B001220,PR00275,UNI22410,2025-01-19,2026-07-19,SAT1,1000,995,2025-04-19,Pandit LLC
B001221,PR00275,UN23-253,2024-10-26,2026-10-26,SAT1,200,200,2025-05-21,"Kannan, Singhal and Issac"
B001222,PR00275,UNI24I093,2024-04-29,2026-04-29,MAIN,1000,808,2024-11-12,Raju LLC
B001223,PR00275,UNI47346,2024-02-16,2027-02-16,SAT2,1000,904,2024-04-01,"Sandhu, Grewal and Shetty"
B001224,PR00275,25U6011,2024-12-10,2027-12-10,MAIN,250,231,2025-01-31,Brar-Choudhary
B001225,PR00275,UNI19670,2024-02-25,2027-02-25,MAIN,250,34,2024-07-24,"Parmar, Devan and Rai"
B001226,PR00276,24D5684,2024-12-31,2026-06-30,MAIN,1000,960,2025-04-10,Nagi and Sons
B001227,PR00276,DDP25176,2023-12-19,2025-06-19,SAT2,200,0,2024-06-13,Prabhakar PLC
B001228,PR00276,D4958779,2023-12-24,2025-06-24,MAIN,1000,703,2024-02-26,Anand-Gola
B001229,PR00277,Z5780486,2024-06-09,2025-12-09,SAT2,500,396,2024-07-18,Palla-Choudhary
B001230,PR00277,ZH22-175,2023-07-22,2025-01-22,MAIN,100,0,2023-11-03,Wadhwa and Sons
B001231,PR00277,ZHE25F265,2024-04-25,2025-10-25,MAIN,200,160,2024-09-16,Sachdev-Jhaveri
B001232,PR00277,22Z8481,2024-01-08,2026-01-08,MAIN,1000,755,2024-02-21,Mistry-Keer
B001233,PR00277,Z2499242,2024-03-14,2026-03-14,MAIN,200,33,2024-10-21,Murthy PLC
B001234,PR00278,FRA87678,2023-11-05,2025-05-05,MAIN,500,387,2024-04-01,Vohra-Nayak
B001235,PR00278,FR24-009,2023-09-23,2026-09-23,MAIN,1000,786,2024-04-10,"Ramaswamy, Palla and Manda"
B001236,PR00278,F4063241,2025-01-15,2026-07-15,MAIN,200,175,2025-02-14,Saran-Kota
B001237,PR00278,FRA21706,2024-07-19,2026-07-19,SAT1,1000,969,2024-08-26,Narayanan-Lala
B001238,PR00278,F6476399,2024-11-08,2026-05-08,MAIN,200,194,2025-05-22,Kant-Mohanty
B001239,PR00278,FRA70906,2023-11-03,2025-05-03,SAT1,250,91,2024-01-07,"Kurian, Bora and Mody"
B001240,PR00279,PRO70448,2024-01-30,2027-01-30,MAIN,500,419,2024-07-30,"Dara, Randhawa and Konda"
B001241,PR00279,P7581109,2024-09-07,2026-09-07,MAIN,100,86,2025-03-21,"Kibe, Kuruvilla and Majumdar"
B001242,PR00279,22P2929,2024-04-04,2026-04-04,SAT1,100,85,2024-11-22,"Seshadri, Mane and Kara"
B001243,PR00279,PR25-348,2024-06-25,2025-12-25,MAIN,250,34,2024-08-10,"Madan, Rout and Lalla"
B001244,PR00279,PR25-521,2024-01-26,2025-07-26,MAIN,500,393,2024-08-04,Vora Ltd
B001245,PR00280,CIP28604,2024-10-15,2027-10-15,SAT1,250,244,2024-12-09,"Garg, Dhingra and Kapur"
B001246,PR00280,23C4793,2024-11-28,2026-05-28,SAT1,500,490,2025-04-29,Narasimhan PLC
B001247,PR00280,CIP25F327,2024-01-10,2026-01-10,SAT2,100,74,2024-07-29,Dave-Sood
B001248,PR00281,NOV67209,2023-12-10,2025-12-10,MAIN,1000,670,2024-01-20,"Kamdar, Walia and Vig"
B001249,PR00281,25N9416,2024-12-06,2026-12-06,MAIN,200,190,2025-01-10,"Madan, Chaudhry and Krish"
B001250,PR00281,22N2895,2025-02-06,2027-02-06,MAIN,1000,941,2025-03-28,Chawla Inc
B001251,PR00281,NOV22J205,2024-04-12,2027-04-12,MAIN,250,140,2024-10-27,"Sehgal, Dayal and Bhat"
B001252,PR00281,NO25-073,2023-11-14,2025-05-14,MAIN,1000,747,2024-03-25,"Ghose, Contractor and Srinivas"
B001253,PR00281,NO23-577,2024-10-15,2027-10-15,MAIN,1000,881,2024-11-30,Srinivas LLC
B001254,PR00282,KEN22I226,2024-09-27,2026-03-27,MAIN,250,250,2025-02-21,Venkataraman-Pall
B001255,PR00282,KEN56029,2024-09-17,2026-09-17,SAT1,200,175,2024-11-27,Mangat Ltd
B001256,PR00282,KEN98908,2024-04-10,2027-04-10,SAT2,100,91,2024-10-17,"Sachar, Prabhakar and Nayar"
B001257,PR00282,KE22-852,2024-05-31,2027-05-31,MAIN,200,183,2024-12-07,Deo-Dass
B001258,PR00282,K6359465,2024-05-25,2027-05-25,MAIN,1000,979,2024-11-08,Konda Inc
B001259,PR00282,KE23-495,2024-07-03,2026-01-03,MAIN,500,496,2024-12-15,Mittal LLC
B001260,PR00283,HNF25E297,2024-10-10,2026-10-10,SAT2,1000,994,2025-04-15,"Sant, Modi and Raj"
B001261,PR00283,H9661529,2024-08-27,2026-08-27,MAIN,250,177,2024-12-08,Divan Ltd
B001262,PR00283,H1647567,2024-05-26,2025-11-26,SAT2,250,240,2024-12-26,"Kapoor, Bhagat and Bala"
B001263,PR00283,H6446744,2025-03-29,2026-09-29,SAT1,250,250,2025-05-20,Parekh Inc
B001264,PR00284,WE25-972,2024-08-16,2026-02-16,SAT2,250,242,2025-02-09,Contractor and Sons
B001265,PR00284,W7682997,2024-06-11,2025-12-11,MAIN,200,173,2024-07-17,"Shenoy, Nath and Ramaswamy"
B001266,PR00284,WE24-002,2024-12-10,2027-12-10,MAIN,1000,990,2025-03-12,Wadhwa-Ramanathan
B001267,PR00284,W2833939,2024-07-16,2026-01-16,MAIN,250,227,2024-09-23,Narayanan PLC
B001268,PR00284,WEL24F046,2023-08-07,2025-08-07,MAIN,1000,941,2024-01-26,Sinha-Agate
B001269,PR00285,22C6357,2024-09-05,2027-09-05,SAT2,200,112,2025-01-25,"Sani, Brar and Kamdar"
B001270,PR00285,CAP25J088,2024-01-12,2026-01-12,SAT2,1000,975,2024-06-19,Lal Ltd
B001271,PR00285,CAP78582,2024-08-01,2027-08-01,SAT2,100,56,2025-03-28,Misra-Gulati
B001272,PR00285,CA23-048,2024-03-29,2025-09-29,SAT2,500,440,2024-08-28,Narang-Ranganathan
B001273,PR00285,CAP31731,2023-09-11,2026-09-11,MAIN,100,0,2024-04-09,Kant-Chad
B001274,PR00286,25A8241,2023-08-09,2026-08-09,SAT1,1000,920,2023-11-20,Kapoor PLC
B001275,PR00286,ADC15837,2023-08-25,2025-08-25,MAIN,250,0,2024-01-13,"Prabhakar, Bava and Jayaraman"
B001276,PR00286,AD24-374,2023-09-07,2025-03-07,MAIN,200,0,2023-12-17,Goswami-Halder
B001277,PR00286,ADC24I386,2024-04-13,2026-04-13,MAIN,1000,747,2024-06-20,Dugar-Deshmukh
B001278,PR00286,ADC12828,2024-01-16,2026-01-16,SAT2,1000,979,2024-08-14,Kothari and Sons
B001279,PR00286,AD23-231,2024-01-22,2027-01-22,MAIN,1000,859,2024-06-30,Shankar-Master
B001280,PR00287,AZK7889,2024-02-08,2026-02-08,SAT2,200,134,2024-05-21,Lanka Group
B001281,PR00287,AZ22-390,2024-05-14,2025-11-14,SAT1,100,70,2024-09-17,Chokshi Inc
B001282,PR00287,AZK78288,2024-04-12,2027-04-12,SAT2,250,184,2024-07-23,Kata-Seshadri
B001283,PR00287,A8819259,2024-06-16,2025-12-16,MAIN,500,237,2024-07-25,"Sagar, Thaman and Randhawa"
B001284,PR00288,RAN31666,2024-08-20,2026-02-20,SAT2,250,240,2025-04-02,"Bala, Bali and Murthy"
B001285,PR00288,RA25-294,2024-03-01,2026-03-01,MAIN,250,87,2024-05-12,"Dhaliwal, Mand and Raj"
B001286,PR00288,RAN23C398,2024-10-01,2026-04-01,MAIN,1000,904,2024-12-17,"Bedi, Dua and Chakraborty"
B001287,PR00288,RAN41277,2024-03-02,2025-09-02,SAT2,1000,901,2024-08-13,"Sur, Sarma and Mangal"
B001288,PR00288,R8262598,2024-05-26,2027-05-26,MAIN,250,214,2024-11-23,Shroff LLC
B001289,PR00288,RAN24H392,2024-03-17,2025-09-17,MAIN,100,0,2024-05-26,Barad LLC
B001290,PR00289,M5031880,2024-08-04,2026-08-04,MAIN,100,59,2025-02-27,Nagar Inc
B001291,PR00289,23M3226,2024-09-15,2026-03-15,MAIN,200,184,2025-04-15,Kari PLC
B001292,PR00289,25M7401,2024-11-17,2026-11-17,SAT2,250,250,2025-04-17,Batta-Gade
B001293,PR00289,MAN12434,2024-02-08,2026-02-08,SAT2,1000,971,2024-06-27,Mand Group
B001294,PR00290,SHR45846,2023-07-20,2025-07-20,SAT1,100,68,2024-01-13,Nigam-Golla
B001295,PR00290,23S5630,2024-10-01,2026-10-01,MAIN,500,495,2025-04-29,Nayar-Dutta
B001296,PR00290,S3773715,2025-04-06,2028-04-06,MAIN,250,249,2025-05-27,Iyer and Sons
B001297,PR00290,SHR22L024,2023-04-07,2024-10-07,MAIN,100,51,2023-11-27,"Dua, Kaur and Andra"
B001298,PR00291,NA22-675,2024-12-12,2027-12-12,SAT2,1000,1000,2025-05-10,Babu and Sons
B001299,PR00291,NAT44998,2023-12-06,2025-12-06,MAIN,500,343,2024-06-22,Rattan-Chokshi
B001300,PR00291,NA22-350,2024-10-18,2027-10-18,MAIN,500,471,2025-04-06,Jayaraman Inc
B001301,PR00291,NAT23G030,2024-11-18,2026-11-18,MAIN,250,227,2025-03-14,Bains and Sons
B001302,PR00291,NA22-524,2024-05-05,2025-11-05,MAIN,200,154,2024-10-25,Kulkarni Group
B001303,PR00291,NAT24A003,2023-08-05,2025-08-05,MAIN,100,0,2023-12-29,Sastry-Bir
B001304,PR00292,PF22-252,2024-12-01,2026-06-01,SAT2,1000,995,2025-01-05,"Das, Sangha and Shan"
B001305,PR00292,PF23-406,2023-10-04,2025-04-04,MAIN,100,57,2023-11-12,Anne-Sarma
B001306,PR00292,PF22-375,2024-04-18,2027-04-18,MAIN,1000,984,2024-12-09,Dhar-Sridhar
B001307,PR00293,LIF55547,2025-01-12,2026-07-12,SAT2,1000,996,2025-05-21,"Palan, Murty and Krish"
B001308,PR00293,LI22-311,2023-05-01,2024-11-01,MAIN,250,211,2023-11-13,"Bhandari, Ghose and Mall"
B001309,PR00293,LI22-306,2023-06-22,2025-06-22,SAT2,250,226,2023-11-25,"Prabhakar, Kade and Bhalla"
B001310,PR00293,LIF25H039,2023-12-08,2025-06-08,MAIN,250,240,2024-06-29,Ghose and Sons
B001311,PR00293,LIF24A365,2023-11-17,2026-11-17,SAT2,250,230,2024-05-08,"Kuruvilla, Sura and Garde"
B001312,PR00294,LOR22K266,2024-01-18,2027-01-18,MAIN,1000,866,2024-08-01,Balakrishnan and Sons
B001313,PR00294,25L3396,2023-11-23,2026-11-23,MAIN,500,218,2024-04-25,Deep-Batra
B001314,PR00294,LOR10690,2024-03-21,2027-03-21,SAT2,500,481,2024-07-29,Zachariah LLC
B001315,PR00294,23L4859,2024-08-08,2026-02-08,SAT2,1000,1000,2025-03-07,Bir-Babu
B001316,PR00294,23L6780,2023-11-06,2025-05-06,MAIN,250,82,2024-04-09,Sha Ltd
B001317,PR00294,24L8858,2024-02-28,2025-08-28,SAT2,500,431,2024-08-29,Gade Ltd
B001318,PR00295,GUR62248,2024-03-28,2027-03-28,MAIN,1000,939,2024-11-18,Master Inc
B001319,PR00295,23G4865,2024-11-01,2027-11-01,MAIN,100,74,2025-04-11,Bhardwaj-Sarna
B001320,PR00295,22G6761,2023-10-29,2025-10-29,SAT2,500,414,2024-03-02,"Sachdev, Lad and Shere"
B001321,PR00295,25G9543,2024-06-21,2025-12-21,SAT1,1000,988,2025-02-10,"Chaudry, Soni and Tandon"
B001322,PR00295,GUR23G172,2023-08-13,2025-02-13,SAT1,100,37,2024-01-22,Lad-Sachdev
B001323,PR00295,G7454586,2024-04-10,2025-10-10,SAT2,250,235,2024-09-04,Goswami LLC
B001324,PR00296,23R6584,2024-11-01,2027-11-01,SAT1,500,476,2025-01-05,Raju LLC
B001325,PR00296,23R4194,2023-09-04,2025-09-04,MAIN,500,457,2024-04-30,"Karan, Yadav and Sastry"
B001326,PR00296,REA25B147,2023-12-22,2025-12-22,MAIN,1000,958,2024-04-08,Singh Ltd
B001327,PR00296,REA34352,2025-02-05,2026-08-05,SAT2,500,498,2025-05-01,Nori PLC
B001328,PR00296,REA23I161,2023-11-26,2025-05-26,MAIN,250,213,2024-05-21,Gole and Sons
B001329,PR00296,R9399538,2023-12-22,2026-12-22,MAIN,1000,946,2024-03-15,Baria-Oza
B001330,PR00297,MC23-057,2023-12-07,2026-12-07,MAIN,1000,979,2024-06-27,Ramesh-Walla
B001331,PR00297,24M3639,2023-11-15,2026-11-15,MAIN,1000,961,2024-07-07,Kumar-Tripathi
B001332,PR00297,M5223075,2023-12-27,2025-12-27,SAT2,250,240,2024-05-02,"Din, Kota and Sunder"
B001333,PR00297,23M2400,2024-05-02,2027-05-02,SAT2,250,248,2024-11-03,Guha Group
B001334,PR00297,M4930573,2024-08-28,2027-08-28,MAIN,1000,997,2025-02-24,"Bose, Grewal and Chaudhry"
B001335,PR00297,MCW24K297,2024-05-02,2025-11-02,MAIN,100,89,2024-09-23,Chad Inc
B001336,PR00298,CR23-850,2024-08-29,2027-08-29,MAIN,100,0,2025-01-01,Dar PLC
B001337,PR00298,CR25-953,2023-09-15,2025-09-15,SAT2,100,0,2024-01-09,Varghese-Barman
B001338,PR00298,CR24-401,2024-11-09,2026-05-09,SAT1,250,250,2025-03-08,Pal Ltd
B001339,PR00299,24S5104,2023-10-20,2025-10-20,MAIN,500,476,2024-03-16,"Sagar, Bedi and Borah"
B001340,PR00299,S6949632,2023-11-22,2025-05-22,SAT2,250,239,2024-07-01,Bawa-Sundaram
B001341,PR00299,SE25-174,2024-01-22,2025-07-22,MAIN,500,476,2024-08-05,Banik-Kar
B001342,PR00299,25S5476,2024-06-08,2027-06-08,MAIN,100,86,2024-11-14,"Dora, Pandey and Chawla"
B001343,PR00299,SEP22G390,2024-02-03,2025-08-03,SAT1,200,175,2024-04-03,"Krishnamurthy, Pant and Gokhale"
B001344,PR00299,S4519923,2024-08-17,2026-02-17,MAIN,500,489,2024-12-03,"Nadkarni, Choudhary and Tak"
B001345,PR00300,BIO38938,2024-02-02,2026-02-02,SAT1,1000,934,2024-07-10,Gera and Sons
B001346,PR00300,22B3798,2024-06-03,2026-06-03,SAT2,1000,996,2025-01-13,Tailor Group
B001347,PR00300,22B1319,2024-04-24,2027-04-24,MAIN,1000,978,2024-10-18,"Kumar, Krish and Kannan"
B001348,PR00300,B7411933,2023-10-05,2026-10-05,SAT2,1000,995,2024-04-30,"Sha, Gopal and Gade"
B001349,PR00301,AJ25-540,2024-08-05,2026-08-05,MAIN,500,436,2025-03-06,Patel LLC
B001350,PR00301,A7328230,2024-02-02,2025-08-02,MAIN,250,59,2024-03-14,Dhawan Inc
B001351,PR00301,25A5961,2023-07-17,2025-07-17,MAIN,100,0,2024-02-29,Goda-Puri
B001352,PR00301,AJA64610,2024-02-15,2027-02-15,MAIN,500,337,2024-04-14,"Nagi, Lad and Raja"
B001353,PR00301,AJA22H285,2024-04-15,2025-10-15,MAIN,200,55,2024-10-12,Hayer Ltd
B001354,PR00302,ELD20040,2024-11-26,2026-11-26,MAIN,200,178,2025-04-13,"Agarwal, Zacharia and Hayre"
B001355,PR00302,25E5559,2024-01-25,2026-01-25,SAT1,1000,968,2024-08-12,Mann LLC
B001356,PR00302,E8804672,2023-10-26,2026-10-26,MAIN,100,0,2024-01-23,Savant-Badami
B001357,PR00302,ELD47533,2023-09-10,2025-03-10,SAT2,1000,883,2024-01-23,Thakkar-Venkataraman
B001358,PR00303,A1747402,2024-07-25,2026-01-25,MAIN,200,196,2024-12-29,Trivedi-Narayanan
B001359,PR00303,ALK22G140,2023-12-25,2025-06-25,SAT1,1000,898,2024-05-08,Madan Group
B001360,PR00303,25A3910,2023-12-06,2026-12-06,SAT2,250,158,2024-06-11,Ganesan Inc
B001361,PR00303,22A6640,2024-07-08,2026-01-08,SAT1,1000,995,2024-10-27,Purohit-Tripathi
B001362,PR00304,A9121013,2025-01-02,2026-07-02,SAT2,100,100,2025-05-24,"Palla, Bora and Munshi"
B001363,PR00304,A8933358,2024-03-04,2027-03-04,SAT1,200,173,2024-08-24,Sem Group
B001364,PR00304,A2360490,2024-03-10,2025-09-10,MAIN,1000,977,2024-09-16,Gopal-Ranganathan
B001365,PR00304,23A5100,2024-01-31,2027-01-31,SAT1,200,188,2024-09-09,Kadakia-Dutta
B001366,PR00304,23A1649,2024-07-01,2027-07-01,MAIN,100,86,2025-01-30,"Nadig, Sachdeva and Kaul"
B001367,PR00304,A2865548,2023-07-08,2025-07-08,MAIN,1000,944,2023-11-24,Goyal-Sethi
B001368,PR00305,ED24-185,2024-03-05,2027-03-05,MAIN,1000,948,2024-08-28,Som-Nagar
B001369,PR00305,25E8753,2024-09-18,2026-09-18,SAT1,200,200,2025-03-26,Dutta LLC
B001370,PR00305,E8609309,2024-07-18,2026-07-18,MAIN,1000,934,2024-12-26,"Dube, Badal and Sahota"
B001371,PR00305,23E8957,2023-10-08,2026-10-08,MAIN,200,0,2024-02-16,Rastogi LLC
B001372,PR00306,VE24-383,2024-10-16,2027-10-16,SAT1,100,72,2025-02-05,"Chacko, Dhar and Desai"
B001373,PR00306,V3165133,2024-09-21,2026-03-21,SAT1,250,220,2025-02-12,Pillay PLC
B001374,PR00306,VEA84585,2024-04-20,2027-04-20,SAT2,100,100,2024-11-08,"Dugar, Dora and Mangal"
B001375,PR00307,P4930050,2024-05-13,2026-05-13,MAIN,1000,984,2024-07-17,Bora LLC
B001376,PR00307,P8898271,2024-02-19,2027-02-19,SAT1,200,188,2024-06-15,Kamdar-Basak
B001377,PR00307,23P2572,2024-03-29,2027-03-29,MAIN,200,193,2024-09-16,Nadkarni LLC
B001378,PR00308,HAU51168,2023-12-17,2025-12-17,SAT1,100,36,2024-03-13,"Ratti, Kaul and Sarin"
B001379,PR00308,HAU25C381,2024-03-06,2027-03-06,MAIN,200,51,2024-04-28,Sheth Ltd
B001380,PR00308,24H3814,2024-10-01,2027-10-01,SAT1,100,79,2025-05-22,"Dube, Rege and Gera"
B001381,PR00308,25H5347,2024-10-11,2026-10-11,SAT2,500,493,2025-03-19,"Minhas, Gole and Basak"
B001382,PR00308,H3391486,2024-01-06,2025-07-06,MAIN,100,0,2024-05-05,Purohit-Borra
B001383,PR00308,HA23-882,2024-10-01,2026-10-01,MAIN,250,141,2025-01-27,Lad-Varkey
B001384,PR00309,ROM24802,2024-09-20,2026-09-20,SAT2,1000,998,2024-12-25,Nori Inc
B001385,PR00309,R3423598,2024-04-03,2025-10-03,MAIN,500,465,2024-07-14,Jayaraman Ltd
B001386,PR00309,RO24-954,2024-04-25,2027-04-25,SAT2,1000,996,2024-09-05,Kapoor Ltd
B001387,PR00309,ROM89910,2024-06-28,2025-12-28,MAIN,500,481,2024-11-18,"Baria, Bassi and Mahajan"
B001388,PR00309,ROM25H125,2023-07-08,2025-01-08,SAT2,500,474,2023-12-01,"Warrior, Kapur and Dugar"
B001389,PR00310,TA23-288,2023-11-14,2026-11-14,SAT2,1000,936,2024-02-12,Chacko and Sons
B001390,PR00310,25T9444,2023-03-20,2025-03-20,SAT2,500,358,2023-11-08,Chandra and Sons
B001391,PR00310,TAL14540,2024-07-09,2027-07-09,MAIN,1000,840,2024-08-22,Pradhan Ltd
B001392,PR00310,T8146037,2024-11-18,2027-11-18,SAT2,100,97,2025-03-16,Vaidya-Chowdhury
B001393,PR00310,TA24-138,2024-06-22,2027-06-22,MAIN,1000,848,2024-08-03,"Pradhan, Yohannan and Dube"
B001394,PR00310,TA25-367,2023-05-17,2025-05-17,SAT2,250,97,2023-12-20,Sahni-Wason
B001395,PR00311,25C8402,2025-02-07,2028-02-07,MAIN,200,185,2025-04-12,Ratti-Misra
B001396,PR00311,C2353745,2023-11-25,2025-11-25,SAT2,250,111,2024-03-24,Chawla PLC
B001397,PR00311,COR71036,2025-02-12,2028-02-12,SAT2,100,100,2025-05-09,Wali LLC
B001398,PR00311,CO23-139,2024-07-03,2026-01-03,MAIN,100,86,2024-12-04,Yogi-Bhardwaj
B001399,PR00311,COR2768,2024-05-17,2026-05-17,MAIN,1000,967,2025-01-08,More-Mody
B001400,PR00312,LEV25C214,2023-04-14,2024-10-14,MAIN,500,205,2023-12-01,Acharya Inc
B001401,PR00312,25L6549,2024-01-12,2026-01-12,MAIN,250,5,2024-05-06,Goel-Thakkar
B001402,PR00312,LEV23F335,2024-02-17,2026-02-17,MAIN,1000,897,2024-10-13,Sathe-Vohra
B001403,PR00312,25L4672,2023-12-10,2025-12-10,SAT2,100,16,2024-05-17,Konda-Murthy
B001404,PR00313,B1949114,2024-06-09,2025-12-09,MAIN,500,464,2024-07-15,"Narang, Rama and Ratti"
B001405,PR00313,B6625566,2023-10-13,2026-10-13,SAT2,200,179,2024-04-10,Rastogi-Mukhopadhyay
B001406,PR00313,BIO5058,2023-07-30,2025-01-30,SAT1,1000,975,2024-01-10,"Dani, Saran and Dayal"
B001407,PR00313,BI22-231,2023-12-03,2025-12-03,SAT1,250,211,2024-02-12,Minhas Ltd
B001408,PR00313,24B4279,2024-11-16,2027-11-16,MAIN,1000,994,2025-02-27,Choudhury PLC
B001409,PR00313,BI25-564,2024-04-25,2027-04-25,MAIN,200,172,2024-08-02,Sarin and Sons
B001410,PR00314,23A2755,2024-06-28,2026-06-28,MAIN,100,0,2024-10-24,Borde and Sons
B001411,PR00314,AK25-229,2024-05-06,2027-05-06,MAIN,250,52,2024-08-08,Badal LLC
B001412,PR00314,A1024777,2024-01-07,2026-01-07,MAIN,250,48,2024-06-03,"Bhatt, Bath and Mane"
B001413,PR00315,S5381012,2024-08-21,2026-02-21,MAIN,500,490,2025-01-05,Kulkarni PLC
B001414,PR00315,S1677575,2024-09-20,2026-09-20,MAIN,200,196,2025-05-06,Chowdhury LLC
B001415,PR00315,24S8306,2024-07-16,2027-07-16,SAT2,500,497,2024-08-22,"Sunder, Vaidya and Choudhury"
B001416,PR00316,ISC81241,2023-06-30,2026-06-30,MAIN,200,0,2023-12-25,Sinha PLC
B001417,PR00316,I3062822,2025-01-30,2027-01-30,MAIN,500,477,2025-03-19,Dube-Ray
B001418,PR00316,ISC76333,2024-05-04,2026-05-04,MAIN,200,99,2024-07-08,"Mall, Vyas and Char"
B001419,PR00316,I6813167,2023-06-30,2026-06-30,MAIN,200,54,2024-02-23,"Dyal, Varkey and Issac"
B001420,PR00316,IS23-819,2023-08-06,2025-02-06,MAIN,500,306,2023-12-31,Bahri Inc
B001421,PR00316,ISC22G091,2023-11-12,2025-11-12,MAIN,1000,693,2024-01-11,Sankaran Group
B001422,PR00317,23N3756,2025-01-06,2026-07-06,MAIN,1000,994,2025-02-18,Bail-Ganguly
B001423,PR00317,NAT99358,2024-10-27,2026-04-27,MAIN,100,95,2025-04-15,"Agate, Bhatia and Ahluwalia"
B001424,PR00317,NAT15774,2023-12-08,2026-12-08,MAIN,250,213,2024-03-26,Hegde-Edwin
B001425,PR00317,NA24-846,2023-07-09,2026-07-09,SAT2,1000,988,2023-12-04,"Nayar, Hari and Randhawa"
B001426,PR00317,NAT24D262,2024-05-17,2027-05-17,MAIN,1000,968,2024-09-29,Char Inc
B001427,PR00318,Z1986551,2023-12-26,2026-12-26,MAIN,1000,968,2024-08-01,Batra-Narain
B001428,PR00318,ZI24-386,2023-12-29,2025-12-29,MAIN,200,149,2024-03-10,Madan and Sons
B001429,PR00318,23Z5880,2023-05-24,2025-05-24,MAIN,200,116,2023-12-26,"Keer, Agarwal and Pant"
B001430,PR00319,TT23-707,2025-01-16,2026-07-16,MAIN,100,35,2025-03-03,"Edwin, Sahni and Garg"
B001431,PR00319,TT25-205,2023-12-04,2025-12-04,SAT2,100,0,2024-01-11,"Bhatia, Bhasin and Seshadri"
B001432,PR00319,TTK25G026,2023-10-06,2025-10-06,SAT1,250,237,2024-02-08,Walla-Sankaran
B001433,PR00319,TTK75131,2024-03-30,2026-03-30,SAT2,200,36,2024-06-12,Shankar Group
B001434,PR00320,25M4497,2023-09-21,2025-09-21,MAIN,1000,539,2024-02-06,Karan and Sons
B001435,PR00320,24M3353,2023-12-11,2026-12-11,SAT1,100,62,2024-06-29,"Jhaveri, Thaker and Rajan"
B001436,PR00320,MIC96927,2024-07-08,2026-01-08,MAIN,250,202,2025-02-15,"Jani, Kala and Sule"
B001437,PR00320,22M2525,2024-05-21,2027-05-21,MAIN,100,61,2024-10-20,Chacko-Tiwari
B001438,PR00321,E4996243,2024-03-31,2027-03-31,MAIN,500,213,2024-07-31,Comar-Rau
B001439,PR00321,EBX18235,2023-07-17,2026-07-17,MAIN,200,0,2023-12-30,Rao Group
B001440,PR00321,E1592474,2024-05-06,2026-05-06,SAT1,1000,962,2024-09-24,Kota Group
B001441,PR00321,EBX24J399,2025-01-10,2026-07-10,SAT1,100,100,2025-03-20,"Mody, Chopra and Acharya"
B001442,PR00321,E7593814,2023-08-04,2025-08-04,MAIN,500,70,2023-11-26,Gupta and Sons
B001443,PR00322,25B7681,2024-06-23,2027-06-23,MAIN,250,136,2024-09-29,"Tiwari, Dugar and Iyer"
B001444,PR00322,22B729,2024-02-19,2026-02-19,SAT1,100,81,2024-09-17,Dua Inc
B001445,PR00322,B9172800,2024-06-14,2027-06-14,MAIN,1000,940,2024-07-17,"Zachariah, Trivedi and Kapur"
B001446,PR00322,BLU14182,2025-01-11,2028-01-11,MAIN,500,460,2025-04-12,Grover-Shenoy
B001447,PR00322,BL23-395,2024-04-15,2026-04-15,MAIN,200,0,2024-06-08,"Bhatnagar, Wadhwa and Sood"
B001448,PR00323,STA30460,2023-09-30,2025-03-30,SAT2,500,399,2024-05-01,Bahri-Ravi
B001449,PR00323,STA89383,2023-11-06,2025-05-06,MAIN,250,79,2024-03-14,Tailor-Rajan
B001450,PR00323,25S6418,2024-01-07,2026-01-07,MAIN,500,390,2024-06-11,Bassi Group
B001451,PR00323,S9839656,2024-05-31,2026-05-31,SAT2,250,163,2024-09-26,"Prabhakar, Ganesh and Ahuja"
B001452,PR00323,STA32777,2023-10-08,2025-10-08,SAT1,250,188,2024-05-21,"Yohannan, Virk and Chaudhry"
B001453,PR00324,23B3928,2025-01-31,2026-07-31,SAT1,1000,1000,2025-05-06,"Lata, Kota and Borde"
B001454,PR00324,BRI23C360,2024-06-23,2025-12-23,MAIN,200,128,2025-02-07,"Datta, Sibal and Saxena"
B001455,PR00324,BRI75790,2024-06-19,2026-06-19,SAT2,200,175,2024-08-15,Dada-Sharma
B001456,PR00324,B7659078,2024-06-22,2027-06-22,MAIN,500,209,2024-10-18,"Choudhry, Pandey and Saini"
B001457,PR00324,BRI4317,2023-12-11,2025-06-11,MAIN,100,0,2024-05-11,"Walla, Koshy and Mistry"
B001458,PR00324,BRI22D024,2024-02-10,2025-08-10,SAT1,100,7,2024-05-02,Tank-Gokhale
B001459,PR00325,OCT99738,2023-10-19,2026-10-19,MAIN,200,0,2023-11-20,"Badal, Dora and Raman"
B001460,PR00325,O9944604,2024-04-27,2025-10-27,SAT2,500,477,2024-08-06,Pillay-Rastogi
B001461,PR00325,24O491,2024-02-09,2027-02-09,SAT2,250,186,2024-05-15,"Rajagopalan, Garde and Pandya"
B001462,PR00325,OC25-636,2024-02-23,2027-02-23,SAT2,100,62,2024-06-11,"Chandra, Devi and Naik"
B001463,PR00325,OC24-069,2023-09-04,2025-09-04,SAT1,250,237,2024-04-07,Jayaraman-Morar
B001464,PR00326,WO22-832,2023-12-18,2025-06-18,MAIN,250,212,2024-05-11,"Tripathi, Gaba and Oza"
B001465,PR00326,WOC72544,2024-07-02,2026-07-02,SAT2,200,198,2025-02-11,Kapoor-Mahajan
B001466,PR00326,W8528740,2023-12-26,2025-06-26,SAT1,100,50,2024-08-13,"Saran, Andra and Saxena"
B001467,PR00327,ARI22J234,2024-03-19,2025-09-19,MAIN,1000,976,2024-07-20,"Misra, Deshpande and Bajaj"
B001468,PR00327,AR25-598,2023-08-13,2025-02-13,SAT2,100,86,2024-03-26,Loyal-Soman
B001469,PR00327,ARI59715,2024-06-23,2027-06-23,SAT1,200,170,2024-09-24,Sabharwal Group
B001470,PR00327,23A7524,2023-10-01,2026-10-01,MAIN,200,148,2023-12-10,"Modi, Bhatnagar and Sarma"
B001471,PR00327,24A4489,2024-01-22,2026-01-22,MAIN,500,480,2024-08-03,"Randhawa, Sundaram and Bains"
B001472,PR00328,25P9448,2024-01-09,2027-01-09,MAIN,100,0,2024-05-10,"Aggarwal, Shankar and Mohanty"
B001473,PR00328,PSY24A392,2024-05-11,2026-05-11,SAT1,1000,930,2024-08-06,"Tank, Kumer and Pandey"
B001474,PR00328,22P2606,2024-04-28,2027-04-28,SAT2,250,250,2024-11-30,"Mane, Ravi and Majumdar"
B001475,PR00329,CH22-512,2025-03-04,2028-03-04,SAT2,250,250,2025-05-28,Upadhyay and Sons
B001476,PR00329,CHE64931,2024-01-13,2027-01-13,MAIN,1000,802,2024-04-07,"Thaman, Mittal and Chowdhury"
B001477,PR00329,25C3548,2023-04-06,2026-04-06,MAIN,100,0,2023-11-08,Shere-Kibe
B001478,PR00329,22C8376,2024-03-27,2025-09-27,SAT1,500,485,2024-08-17,Shanker-Venkataraman
B001479,PR00329,CHE24A075,2025-02-16,2027-02-16,MAIN,500,487,2025-04-04,"Oza, Jhaveri and Rastogi"
B001480,PR00329,C8675804,2024-03-14,2025-09-14,MAIN,250,126,2024-10-28,"Yadav, Walla and Chhabra"
B001481,PR00330,REL72740,2023-12-20,2026-12-20,MAIN,200,50,2024-07-12,Master-Walla
B001482,PR00330,RE24-969,2024-05-05,2026-05-05,SAT1,200,200,2024-07-21,Lanka LLC
B001483,PR00330,REL52816,2024-04-05,2027-04-05,MAIN,100,80,2024-11-24,Anne-Ganesan
B001484,PR00331,ENT23C064,2024-06-02,2025-12-02,MAIN,500,401,2024-12-01,"Varma, Ramesh and Anne"
B001485,PR00331,22E1287,2023-07-02,2025-07-02,MAIN,200,0,2023-12-02,Garg-Dani
B001486,PR00331,EN23-313,2023-08-27,2025-08-27,MAIN,250,0,2024-01-17,Gade Group
B001487,PR00331,EN22-891,2023-10-22,2025-10-22,SAT1,100,4,2024-01-04,Shanker Inc
B001488,PR00331,ENT23I144,2024-03-22,2026-03-22,MAIN,500,201,2024-08-24,Ratta-Mann
B001489,PR00332,CHE42644,2023-07-27,2026-07-27,MAIN,250,0,2024-03-20,"Bhat, Badami and Gola"
B001490,PR00332,CH22-205,2024-06-02,2026-06-02,SAT2,100,0,2024-07-31,Warrior-Krishnan
B001491,PR00332,C7638751,2024-01-16,2025-07-16,SAT2,500,469,2024-06-16,Venkatesh-Chawla
B001492,PR00332,CHE69577,2024-01-06,2027-01-06,SAT1,250,223,2024-08-02,Acharya PLC
B001493,PR00332,CHE24I349,2025-04-14,2026-10-14,SAT2,500,488,2025-05-25,"Gupta, Barman and Narayan"
B001494,PR00333,MED55477,2024-01-27,2027-01-27,MAIN,250,0,2024-07-19,Mody-Zachariah
B001495,PR00333,MED23K318,2024-06-03,2027-06-03,SAT1,200,183,2024-09-08,"Khalsa, Som and Lala"
B001496,PR00333,23M4907,2024-05-27,2027-05-27,SAT1,100,93,2024-11-28,"Cherian, Palan and Sagar"
B001497,PR00333,MED1896,2023-06-09,2026-06-09,MAIN,1000,812,2023-11-18,Atwal and Sons
B001498,PR00333,MED25D030,2023-06-28,2024-12-28,SAT2,200,78,2023-12-16,Prabhakar-Arya
B001499,PR00334,ARI23A341,2023-11-11,2026-11-11,MAIN,100,0,2024-03-31,Acharya and Sons
B001500,PR00334,ARI23G173,2024-08-23,2026-02-23,MAIN,1000,986,2025-03-05,Pai Ltd
B001501,PR00334,25A2420,2024-10-08,2026-04-08,MAIN,250,223,2024-11-08,Rau-Chaudry
B001502,PR00334,A1840820,2024-11-22,2027-11-22,MAIN,100,24,2025-02-02,"Parekh, Jani and Badal"
B001503,PR00334,ARI67329,2023-10-21,2025-04-21,MAIN,500,341,2024-03-19,Ram-Master
B001504,PR00334,AR24-825,2023-11-28,2026-11-28,MAIN,200,37,2024-04-07,Lal PLC
B001505,PR00335,T8254331,2024-08-09,2026-08-09,MAIN,250,149,2025-02-08,Sarma PLC
B001506,PR00335,TO24-130,2024-07-07,2026-01-07,MAIN,200,166,2024-12-17,"Menon, Sankaran and Sen"
B001507,PR00335,TO24-981,2023-10-27,2026-10-27,MAIN,500,401,2024-06-16,"Ben, Thakkar and Srinivasan"
B001508,PR00335,TO23-924,2024-02-07,2026-02-07,MAIN,100,0,2024-07-31,"Bahl, Dani and Wali"
B001509,PR00335,TO24-440,2024-10-22,2027-10-22,SAT1,250,247,2025-02-28,Edwin-Sachdeva
B001510,PR00335,T1859334,2024-10-12,2026-04-12,SAT1,100,83,2024-11-16,"Banerjee, Balasubramanian and Chowdhury"
B001511,PR00336,ALE16606,2023-08-25,2025-02-25,MAIN,500,454,2024-03-12,"Jani, Sane and Pradhan"
B001512,PR00336,ALE25H014,2024-05-30,2025-11-30,MAIN,500,490,2025-01-15,"Das, Batta and Kashyap"
B001513,PR00336,ALE99252,2025-02-18,2026-08-18,SAT2,250,244,2025-04-03,Merchant-Mitter
B001514,PR00336,A7558181,2023-10-15,2025-10-15,SAT2,1000,969,2023-12-24,Deep-Bassi
B001515,PR00337,23B9303,2024-12-23,2027-12-23,MAIN,100,0,2025-01-29,Sule-Mahal
B001516,PR00337,BRO22C142,2023-07-15,2025-01-15,MAIN,100,0,2023-11-26,"Oza, Sami and Rattan"
B001517,PR00337,23B5894,2024-10-26,2026-10-26,MAIN,1000,820,2024-12-06,Gala-Mitra
B001518,PR00337,BR24-996,2024-05-25,2027-05-25,SAT1,200,197,2024-10-29,Purohit and Sons
B001519,PR00337,BRO8975,2024-07-09,2026-07-09,SAT1,1000,987,2024-11-01,Dada LLC
B001520,PR00337,B2806047,2023-07-28,2025-07-28,SAT1,1000,940,2023-12-22,Sarin-Sridhar
B001521,PR00338,AL23-725,2023-11-16,2025-05-16,SAT2,1000,986,2024-04-03,Murty Group
B001522,PR00338,ALL4520,2024-02-20,2025-08-20,MAIN,500,489,2024-10-11,Gour and Sons
B001523,PR00338,A8318997,2025-02-21,2028-02-21,MAIN,200,200,2025-04-18,Anand LLC
B001524,PR00338,24A9617,2023-07-07,2025-07-07,MAIN,100,34,2024-01-04,Kale Ltd
B001525,PR00338,ALL70869,2023-09-07,2026-09-07,MAIN,1000,973,2024-01-31,"Menon, Sarraf and Balan"
B001526,PR00339,HA23-471,2024-05-30,2025-11-30,MAIN,1000,661,2024-07-12,Tara-Mohanty
B001527,PR00339,HAU43487,2024-06-24,2026-06-24,SAT2,200,149,2024-08-20,Ramachandran-Mitter
B001528,PR00339,HAU74869,2024-04-20,2025-10-20,MAIN,1000,971,2024-11-26,"Mani, Nanda and Pradhan"
B001529,PR00339,23H6351,2023-05-23,2025-05-23,SAT2,100,0,2024-01-05,"Kapoor, Sarkar and Narain"
B001530,PR00340,P4980718,2024-08-07,2026-02-07,MAIN,250,108,2024-12-19,Char and Sons
B001531,PR00340,PSY75490,2023-06-06,2025-06-06,MAIN,1000,623,2024-01-21,"Kar, Munshi and Ahuja"
B001532,PR00340,PS25-239,2024-07-16,2027-07-16,SAT1,1000,960,2025-01-16,Bumb-Devan
B001533,PR00341,SYM23G049,2024-01-27,2027-01-27,MAIN,100,18,2024-06-01,Nath-Pall
B001534,PR00341,SY25-961,2023-12-30,2025-12-30,SAT1,250,250,2024-08-18,Chaudry and Sons
B001535,PR00341,SYM79587,2023-12-22,2025-06-22,MAIN,250,179,2024-07-05,"Bhalla, Aggarwal and Krish"
B001536,PR00341,S3902171,2023-08-26,2025-02-26,SAT2,100,0,2023-12-27,Datta-Goyal
B001537,PR00341,SY22-379,2024-10-29,2026-04-29,MAIN,1000,972,2025-02-09,Bir Ltd
B001538,PR00341,SYM81933,2024-06-27,2026-06-27,MAIN,500,364,2024-09-23,Khalsa-Dhar
B001539,PR00342,LIV44264,2023-11-07,2025-11-07,MAIN,1000,807,2024-01-18,"Sheth, Talwar and Dugar"
B001540,PR00342,LI25-924,2023-10-13,2026-10-13,SAT1,1000,990,2024-05-15,Madan-Wason
B001541,PR00342,LIV25B068,2024-07-18,2026-07-18,MAIN,250,158,2024-10-20,"Koshy, Pal and Nagi"
B001542,PR00342,L5532420,2023-10-12,2025-04-12,MAIN,500,275,2024-02-01,"Nagi, Nair and Garg"
B001543,PR00343,22L887,2024-05-24,2026-05-24,MAIN,1000,909,2024-09-24,Mody and Sons
B001544,PR00343,25L1797,2024-02-07,2027-02-07,MAIN,200,41,2024-03-19,"Pal, Dey and Munshi"
B001545,PR00343,LU25-026,2023-03-27,2025-03-27,MAIN,250,0,2023-11-05,Ravi Inc
B001546,PR00343,LU23-960,2023-03-30,2026-03-30,MAIN,500,305,2023-11-09,"Narang, Suresh and Pillay"
B001547,PR00344,MED23I237,2024-06-15,2025-12-15,SAT1,250,246,2024-08-28,"Chad, Sen and Bhavsar"
B001548,PR00344,24M4073,2024-07-02,2027-07-02,MAIN,250,64,2024-10-26,Nayar Inc
B001549,PR00344,M2456909,2024-08-09,2026-08-09,MAIN,500,480,2025-02-02,"Batta, Patil and Morar"
B001550,PR00344,22M9375,2024-01-02,2026-01-02,MAIN,100,0,2024-07-28,"Chanda, Kuruvilla and Sem"
B001551,PR00344,MED45040,2023-12-24,2025-12-24,SAT2,1000,889,2024-04-01,Mohanty-Luthra
B001552,PR00345,JAB94464,2023-06-12,2026-06-12,MAIN,500,437,2024-01-19,Karpe-Pau
B001553,PR00345,J7834423,2025-02-20,2027-02-20,MAIN,500,499,2025-05-02,"Kala, Parikh and Dhaliwal"
B001554,PR00345,JAB22D065,2024-04-02,2025-10-02,MAIN,1000,963,2024-06-20,Sarma-Wadhwa
B001555,PR00345,JA25-136,2023-10-01,2025-10-01,MAIN,250,184,2023-11-27,"Merchant, Choudhury and Shenoy"
B001556,PR00345,JAB24D296,2023-10-23,2026-10-23,MAIN,200,139,2023-12-31,Parekh PLC
B001557,PR00345,J6675826,2024-08-05,2026-02-05,MAIN,1000,978,2024-10-12,Sharaf-Iyengar
B001558,PR00346,ANA96861,2024-04-01,2026-04-01,MAIN,500,433,2024-11-15,Mann-Jani
B001559,PR00346,ANA25K260,2024-12-17,2027-12-17,MAIN,1000,969,2025-02-05,Nath and Sons
B001560,PR00346,A4770444,2024-09-29,2026-03-29,MAIN,250,193,2024-12-28,Uppal-Warrior
B001561,PR00346,ANA55919,2023-10-09,2025-04-09,MAIN,500,338,2024-04-16,Kapadia and Sons
B001562,PR00347,AME44973,2024-08-11,2026-02-11,MAIN,100,0,2024-12-13,Wagle and Sons
B001563,PR00347,25A2404,2024-08-12,2026-08-12,MAIN,500,469,2024-12-01,Chacko-Biswas
B001564,PR00347,23A1966,2023-06-16,2024-12-16,MAIN,100,0,2024-02-08,"Iyer, Khatri and Verma"
B001565,PR00347,AM24-015,2023-07-23,2026-07-23,MAIN,250,0,2023-11-06,"Gopal, Sane and Barad"
B001566,PR00348,CO24-628,2023-08-22,2026-08-22,SAT1,200,161,2024-01-08,"Som, Toor and Warrior"
B001567,PR00348,CON22I092,2023-12-01,2025-12-01,MAIN,1000,639,2024-01-05,Bir LLC
B001568,PR00348,CON22E171,2024-10-05,2026-10-05,MAIN,200,148,2025-02-26,Srinivasan PLC
B001569,PR00348,CON25H059,2024-07-08,2027-07-08,MAIN,500,372,2024-09-01,Hegde-Andra
B001570,PR00348,CON23L070,2024-12-20,2026-12-20,SAT2,100,97,2025-03-17,Saran-Gour
B001571,PR00349,TOP23K044,2024-11-05,2026-11-05,MAIN,1000,993,2025-04-12,Bhatnagar-Munshi
B001572,PR00349,TOP13824,2024-01-10,2026-01-10,MAIN,1000,715,2024-04-23,Das Group
B001573,PR00349,TO24-234,2023-11-07,2025-05-07,MAIN,200,121,2024-06-09,"Mohan, Rege and Narain"
B001574,PR00349,TO23-540,2024-03-28,2025-09-28,MAIN,500,192,2024-07-16,"Kala, Narang and Kara"
B001575,PR00350,25O8709,2024-11-01,2026-05-01,SAT1,1000,996,2025-03-18,Vala-Bedi
B001576,PR00350,23O474,2023-07-24,2026-07-24,MAIN,250,186,2023-11-17,Vala PLC
B001577,PR00350,23O9392,2023-09-20,2026-09-20,MAIN,200,165,2024-04-02,Parekh Group
B001578,PR00350,OSV24J363,2023-09-21,2026-09-21,SAT1,500,459,2023-12-31,"Sridhar, Guha and Master"
B001579,PR00351,SHI24C168,2024-03-24,2025-09-24,MAIN,100,0,2024-05-14,Raj-Taneja
B001580,PR00351,24S6945,2024-10-28,2026-10-28,MAIN,250,217,2025-02-26,Srinivas Group
B001581,PR00351,25S6587,2024-05-30,2025-11-30,SAT2,250,199,2024-09-18,"Radhakrishnan, Gaba and Rao"
B001582,PR00352,S2222083,2024-01-27,2027-01-27,SAT1,500,473,2024-07-22,"Bhattacharyya, Mukherjee and Kapur"
B001583,PR00352,S5295763,2023-11-13,2025-05-13,MAIN,1000,772,2024-06-23,Randhawa and Sons
B001584,PR00352,23S1160,2023-09-22,2025-03-22,MAIN,100,20,2024-05-15,"Kurian, Puri and Sani"
B001585,PR00352,S4553943,2024-03-13,2027-03-13,MAIN,200,0,2024-04-19,Om-Ben
B001586,PR00352,STE82701,2024-12-08,2026-12-08,MAIN,100,87,2025-04-28,"Balakrishnan, Bansal and Choudhury"
B001587,PR00353,AXI24B030,2023-07-07,2025-01-07,MAIN,100,70,2024-02-20,Walia PLC
B001588,PR00353,AX22-365,2024-08-16,2026-08-16,MAIN,1000,984,2024-11-09,"Oak, Srinivasan and Kari"
B001589,PR00353,22A4135,2024-12-04,2026-12-04,SAT2,100,97,2025-04-17,"Badal, Wali and Kaur"
B001590,PR00354,CAD35599,2024-06-20,2026-06-20,SAT2,1000,984,2024-08-10,"Oak, Gade and Chandran"
B001591,PR00354,CAD35517,2024-09-02,2027-09-02,MAIN,100,93,2025-03-24,"Chada, Zachariah and Rout"
B001592,PR00354,CAD23I117,2024-03-18,2025-09-18,MAIN,500,476,2024-10-09,"Vig, Mannan and Mani"
B001593,PR00354,C2349514,2023-10-30,2025-10-30,MAIN,1000,980,2024-05-07,Menon Group
B001594,PR00355,S5983706,2023-04-12,2025-04-12,SAT2,1000,973,2023-11-20,Varkey-Varughese
B001595,PR00355,SA25-025,2023-05-28,2024-11-28,SAT2,1000,989,2023-12-01,Shankar-Prabhakar
B001596,PR00355,SAF18177,2024-11-14,2026-05-14,SAT2,500,500,2025-03-10,Garde-Prabhakar
B001597,PR00355,S2029610,2023-10-16,2025-04-16,SAT1,200,185,2024-06-09,Narasimhan-Pall
B001598,PR00355,24S3624,2024-11-02,2027-11-02,MAIN,500,492,2025-01-16,"Date, Vasa and Choudhry"
B001599,PR00355,SAF25C223,2023-11-27,2025-11-27,SAT2,200,172,2024-03-20,"Behl, Gola and Dhar"
B001600,PR00356,ZYD23B165,2024-04-18,2027-04-18,MAIN,100,84,2024-08-16,Sastry Ltd
B001601,PR00356,ZYD22E239,2023-11-28,2026-11-28,MAIN,200,120,2024-01-17,"Shere, Yohannan and Borah"
B001602,PR00356,ZYD79717,2024-09-22,2026-03-22,MAIN,500,499,2025-05-12,Mistry PLC
B001603,PR00356,ZYD22H216,2023-10-04,2025-04-04,MAIN,500,449,2023-12-31,"Guha, Seth and Bumb"
B001604,PR00356,Z9325898,2024-05-08,2027-05-08,MAIN,1000,976,2024-09-05,Atwal-Narasimhan
B001605,PR00356,ZY25-306,2024-09-13,2026-03-13,MAIN,500,491,2025-05-09,"Wadhwa, Mistry and Lala"
B001606,PR00357,TA25-540,2023-09-10,2026-09-10,SAT2,500,182,2023-12-17,Chaudhary-Lata
B001607,PR00357,T7439336,2024-03-16,2027-03-16,MAIN,200,56,2024-08-15,Sandal Group
B001608,PR00357,TAU84911,2023-10-22,2026-10-22,SAT1,100,74,2024-02-02,Virk Group
B001609,PR00358,RAI67924,2023-07-26,2025-01-26,SAT1,500,471,2024-02-29,"Cheema, Butala and Gopal"
B001610,PR00358,RAI59705,2024-04-15,2027-04-15,MAIN,500,496,2024-12-06,"Kalla, Balan and Kadakia"
B001611,PR00358,RAI24I370,2024-12-09,2026-06-09,MAIN,100,96,2025-03-30,"Thakkar, Om and Saraf"
B001612,PR00358,R3008199,2024-09-25,2026-09-25,SAT2,200,195,2025-02-13,"Comar, Bumb and Korpal"
B001613,PR00358,RAI23B032,2024-10-31,2026-04-30,SAT1,1000,998,2025-05-06,"Swamy, Yohannan and Buch"
B001614,PR00359,RH24-246,2024-04-23,2025-10-23,SAT2,1000,836,2024-07-26,Nayar-Apte
B001615,PR00359,RHO23B335,2023-09-28,2026-09-28,SAT1,500,485,2024-02-22,Ganesan Inc
B001616,PR00359,RH24-608,2023-07-23,2025-01-23,SAT1,100,80,2024-02-15,Sidhu-Batta
B001617,PR00359,R8751442,2023-08-27,2025-08-27,SAT1,200,124,2023-11-17,Mutti-Divan
B001618,PR00359,RHO24E349,2024-06-05,2027-06-05,SAT2,500,485,2024-10-06,"Sandal, Sampath and Johal"
B001619,PR00359,22R9210,2024-11-18,2027-11-18,MAIN,250,250,2025-05-09,Prakash Inc
B001620,PR00360,ORA64635,2023-12-24,2025-12-24,SAT1,500,487,2024-01-27,"Munshi, Thaman and Yohannan"
B001621,PR00360,ORA23C251,2024-04-21,2027-04-21,MAIN,250,180,2024-12-11,Shetty Ltd
B001622,PR00360,OR23-166,2023-10-22,2025-04-22,MAIN,200,27,2024-03-11,Nagar and Sons
B001623,PR00360,ORA75880,2024-06-11,2025-12-11,SAT2,500,455,2024-11-15,Rana Inc
B001624,PR00360,O5549380,2024-08-13,2027-08-13,SAT1,500,423,2024-09-30,"Dara, Dara and Khosla"
B001625,PR00360,ORA17604,2024-02-14,2026-02-14,MAIN,200,162,2024-09-01,"Buch, Anne and Kothari"
B001626,PR00361,24E4164,2023-06-12,2024-12-12,SAT1,250,206,2024-01-04,"Dass, Som and Mohanty"
B001627,PR00361,ED22-591,2023-10-13,2025-04-13,MAIN,200,0,2024-01-31,Murty LLC
B001628,PR00361,22E3805,2023-11-02,2025-05-02,MAIN,200,2,2024-04-25,Kohli Ltd
B001629,PR00361,E1317079,2024-05-18,2025-11-18,MAIN,250,191,2024-12-15,Basak-Bhargava
B001630,PR00361,ED22-380,2025-01-03,2027-01-03,MAIN,500,459,2025-03-29,"Wali, Narang and Warrior"
B001631,PR00361,ED24-082,2023-08-16,2025-08-16,SAT2,250,144,2023-11-20,Thakkar Ltd
B001632,PR00362,REB23C396,2023-09-17,2026-09-17,MAIN,200,0,2024-04-06,Basak LLC
B001633,PR00362,RE24-257,2024-08-17,2026-08-17,MAIN,200,159,2025-03-30,Bhat-Deshmukh
B001634,PR00362,R2087085,2023-07-07,2025-07-07,MAIN,500,317,2024-02-27,Kala-Shenoy
B001635,PR00362,R5144290,2024-07-09,2027-07-09,MAIN,100,0,2024-09-18,Rattan Inc
B001636,PR00363,BI24-982,2023-05-15,2025-05-15,SAT2,100,69,2023-12-08,Wali-Taneja
B001637,PR00363,BIO11896,2024-03-08,2027-03-08,MAIN,250,221,2024-07-12,Raghavan Group
B001638,PR00363,BIO88712,2023-10-20,2025-04-20,SAT2,200,189,2024-05-12,Sarraf Inc
B001639,PR00364,NAN14287,2023-10-02,2025-10-02,MAIN,100,75,2024-04-24,Palla PLC
B001640,PR00364,NAN25C282,2024-06-20,2026-06-20,SAT1,100,91,2024-10-13,"Rattan, Korpal and Kadakia"
B001641,PR00364,24N5331,2024-04-28,2025-10-28,MAIN,100,78,2024-08-14,Khurana-Bhasin
B001642,PR00364,NAN24E179,2024-02-20,2027-02-20,MAIN,100,73,2024-07-02,"Amble, Nath and Nagy"
B001643,PR00365,VER24H032,2024-09-07,2027-09-07,SAT2,100,83,2024-11-28,Chana-Peri
B001644,PR00365,VE24-194,2023-07-16,2025-01-16,SAT2,200,59,2023-11-21,"Manne, Seshadri and Koshy"
B001645,PR00365,VER24K213,2024-03-14,2027-03-14,SAT2,100,16,2024-05-17,Natt Group
B001646,PR00365,V7666076,2024-05-25,2027-05-25,SAT2,500,496,2025-01-10,Khatri-Sura
B001647,PR00365,V5108200,2024-03-13,2026-03-13,MAIN,500,425,2024-07-21,"Grewal, Parikh and Palan"
B001648,PR00366,ZE24-637,2024-11-02,2026-11-02,MAIN,200,166,2024-12-19,Chaudhuri Group
B001649,PR00366,ZEE97627,2024-08-24,2026-02-24,SAT2,100,100,2025-02-16,Koshy-Ramaswamy
B001650,PR00366,Z3757515,2023-11-22,2026-11-22,MAIN,1000,547,2023-12-27,"Basak, Desai and Trivedi"
B001651,PR00366,ZEE25A111,2024-03-05,2025-09-05,SAT1,1000,971,2024-07-26,Sinha Group
B001652,PR00367,CAS22C390,2024-03-23,2025-09-23,SAT2,1000,993,2024-10-19,Shan Inc
B001653,PR00367,24C6264,2024-04-07,2025-10-07,MAIN,100,75,2024-05-11,Sama Ltd
B001654,PR00367,22C3566,2024-05-24,2026-05-24,SAT1,500,491,2024-08-30,Rout-Agrawal
B001655,PR00367,CAS23D201,2023-07-14,2026-07-14,MAIN,200,141,2023-12-11,Krish-Merchant
B001656,PR00367,C9386212,2023-06-22,2025-06-22,MAIN,1000,920,2023-11-17,Verma Inc
B001657,PR00367,23C7814,2024-09-29,2026-03-29,SAT2,500,500,2025-04-10,Kumer-Kunda
B001658,PR00368,IND13480,2023-12-07,2025-06-07,SAT2,250,154,2024-06-23,Sachar Inc
B001659,PR00368,IND20511,2024-09-18,2026-09-18,MAIN,200,179,2024-11-13,Cheema PLC
B001660,PR00368,IN24-679,2025-01-13,2028-01-13,MAIN,1000,971,2025-02-26,"Shenoy, Naik and Jayaraman"
B001661,PR00368,I6667567,2023-04-14,2024-10-14,SAT1,200,127,2023-11-27,Wason-Mistry
B001662,PR00369,N7934073,2024-08-04,2026-02-04,MAIN,100,56,2024-09-26,Lanka-Basak
B001663,PR00369,N4295561,2024-01-16,2026-01-16,MAIN,250,36,2024-07-24,Dash-Barad
B001664,PR00369,NID22837,2023-11-18,2025-11-18,MAIN,1000,765,2024-05-04,Agarwal and Sons
B001665,PR00370,22C5732,2024-11-23,2026-05-23,SAT1,250,250,2025-03-03,Kala-Anand
B001666,PR00370,CUR22D254,2024-06-24,2025-12-24,MAIN,100,55,2025-01-15,Dhar-Sur
B001667,PR00370,CU22-908,2024-08-18,2026-02-18,SAT2,250,151,2024-10-24,Joshi-Sami
B001668,PR00370,25C8137,2023-06-19,2025-06-19,SAT1,1000,928,2023-11-12,Upadhyay Inc
B001669,PR00371,A7210592,2024-07-18,2026-07-18,SAT1,500,485,2024-11-03,Lad-Madan
B001670,PR00371,22A5151,2024-03-18,2026-03-18,MAIN,100,23,2024-08-24,D’Alia-Wadhwa
B001671,PR00371,ALK83685,2024-06-06,2027-06-06,SAT1,500,500,2024-12-28,"Karpe, Nadig and Kakar"
B001672,PR00371,AL22-631,2024-06-01,2025-12-01,SAT1,1000,999,2024-11-15,Sabharwal PLC
B001673,PR00372,CA23-175,2024-07-11,2026-01-11,MAIN,500,297,2024-08-24,Sahota Group
B001674,PR00372,CA24-521,2023-08-11,2025-02-11,MAIN,1000,749,2024-03-13,Lad-Aggarwal
B001675,PR00372,23C7211,2023-09-07,2025-09-07,MAIN,200,0,2023-11-24,"Ghose, Ghose and Tiwari"
B001676,PR00373,A5939043,2023-04-14,2025-04-14,MAIN,500,271,2023-11-05,"Mall, Upadhyay and Sha"
B001677,PR00373,AST23E001,2024-08-20,2026-02-20,SAT2,500,497,2025-01-09,Nagarajan-Panchal
B001678,PR00373,22A675,2024-10-11,2026-04-11,SAT2,1000,988,2025-05-01,Khalsa LLC
B001679,PR00374,MED95403,2023-11-27,2026-11-27,MAIN,200,0,2024-01-02,"Setty, Deshpande and Swaminathan"
B001680,PR00374,M6861070,2025-02-01,2028-02-01,MAIN,250,173,2025-03-14,Setty LLC
B001681,PR00374,MED23L260,2024-05-12,2026-05-12,MAIN,500,328,2024-10-05,Bail Ltd
B001682,PR00375,22S4980,2024-08-02,2026-08-02,MAIN,100,70,2025-03-22,Dar-Cherian
B001683,PR00375,SAR67221,2024-01-28,2026-01-28,MAIN,1000,826,2024-05-26,Madan-Banerjee
B001684,PR00375,SAR71067,2024-09-02,2026-09-02,MAIN,1000,979,2025-04-05,Mody and Sons
B001685,PR00375,SA23-300,2024-08-11,2027-08-11,MAIN,500,471,2025-02-09,"Thakur, Virk and Bhattacharyya"
B001686,PR00376,MED19517,2024-06-28,2027-06-28,MAIN,1000,985,2024-08-14,"Tak, Jha and Singhal"
B001687,PR00376,MED22L097,2023-08-29,2025-08-29,MAIN,100,71,2024-02-26,Parmer-Vala
B001688,PR00376,MED91670,2023-10-13,2026-10-13,MAIN,1000,947,2023-12-05,Kaur and Sons
B001689,PR00376,ME23-660,2024-10-13,2026-10-13,MAIN,250,240,2025-02-17,Mander-Soman
B001690,PR00376,MED32303,2024-04-23,2027-04-23,MAIN,100,83,2024-08-25,Atwal-Krishnamurthy
B001691,PR00377,A1704872,2024-01-12,2027-01-12,SAT1,1000,965,2024-05-01,Kaul Ltd
B001692,PR00377,AXI22H394,2024-02-08,2027-02-08,MAIN,1000,945,2024-03-26,Arora PLC
B001693,PR00377,AXI24J246,2024-01-30,2027-01-30,SAT2,200,187,2024-08-22,Palla and Sons
B001694,PR00378,MMC67396,2024-06-08,2026-06-08,MAIN,100,79,2024-10-21,"Saini, Bajaj and Grewal"
B001695,PR00378,MMC22K316,2024-06-23,2025-12-23,SAT2,100,100,2025-02-12,"Datta, Randhawa and Deol"
B001696,PR00378,MM23-933,2023-10-06,2025-04-06,MAIN,500,315,2024-03-28,Lalla-Ganesan
B001697,PR00378,MMC73447,2023-09-20,2026-09-20,MAIN,100,0,2024-03-31,Lala Inc
B001698,PR00379,OVE24E183,2023-08-21,2025-08-21,SAT1,250,115,2023-11-14,"Garde, Kaul and Chada"
B001699,PR00379,OV24-706,2023-10-31,2025-04-30,SAT1,200,71,2023-12-18,"Banerjee, Parekh and Seshadri"
B001700,PR00379,OVE22D228,2023-07-24,2025-01-24,MAIN,200,146,2023-11-14,Desai-Amble
B001701,PR00379,OV22-374,2024-11-13,2027-11-13,SAT2,500,500,2025-05-23,Mammen-Bhatti
B001702,PR00380,M3883821,2024-09-10,2026-09-10,MAIN,200,173,2025-03-24,Bhalla Ltd
B001703,PR00380,MI23-692,2024-08-08,2026-08-08,MAIN,200,149,2025-03-13,"Talwar, Magar and Chaudhry"
B001704,PR00380,23M706,2024-11-21,2027-11-21,MAIN,1000,997,2025-03-05,"Kale, Dutta and Madan"
B001705,PR00380,MIC24F130,2024-11-17,2026-11-17,MAIN,200,126,2025-01-07,Khatri-Borra
B001706,PR00380,MIC24I020,2024-10-11,2027-10-11,MAIN,250,232,2025-04-19,Subramanian Ltd
B001707,PR00381,CHA24A005,2023-07-27,2025-01-27,MAIN,100,26,2023-12-19,"More, Chaudhary and Dhawan"
B001708,PR00381,24C9133,2024-09-07,2027-09-07,MAIN,250,237,2024-12-13,Malhotra PLC
B001709,PR00381,CH23-399,2024-10-28,2026-04-28,MAIN,1000,998,2025-05-24,Bala-Soman
B001710,PR00381,CHA99236,2023-07-25,2025-07-25,SAT1,250,153,2024-03-08,Ramakrishnan LLC
B001711,PR00382,25A270,2024-12-24,2027-12-24,SAT1,200,194,2025-05-22,"Ray, Jayaraman and Goswami"
B001712,PR00382,AL23-243,2024-03-19,2027-03-19,MAIN,500,482,2024-06-26,Prakash Inc
B001713,PR00382,25A5079,2024-12-31,2026-06-30,MAIN,1000,999,2025-03-26,Misra-Dhawan
B001714,PR00382,22A7093,2024-02-12,2025-08-12,MAIN,1000,989,2024-07-12,Mann Inc
B001715,PR00383,G1801231,2025-01-27,2027-01-27,MAIN,500,495,2025-04-07,Kala-Gera
B001716,PR00383,GE23-625,2023-09-02,2025-03-02,MAIN,500,185,2024-02-04,Chaudhry-Chokshi
B001717,PR00383,25G7957,2023-08-24,2025-02-24,MAIN,1000,494,2023-12-10,"Behl, Banik and Hans"
B001718,PR00383,GEN23363,2023-12-12,2025-12-12,MAIN,200,77,2024-05-10,Raja-Vora
B001719,PR00383,GEN24I265,2023-09-12,2025-03-12,MAIN,100,0,2024-04-13,Chaudhary-Raj
B001720,PR00384,E4422369,2024-11-15,2026-11-15,MAIN,100,89,2025-02-10,Bedi Group
B001721,PR00384,25E4287,2023-07-08,2025-07-08,MAIN,250,202,2023-12-27,Dixit PLC
B001722,PR00384,ESS24L360,2025-03-03,2028-03-03,SAT1,250,240,2025-05-11,Sen-Gara
B001723,PR00384,ESS65533,2023-11-03,2025-05-03,SAT1,200,81,2024-01-09,Doshi Inc
B001724,PR00384,23E7991,2025-02-21,2027-02-21,MAIN,500,498,2025-04-22,Nayak and Sons
B001725,PR00385,24H5333,2024-11-02,2027-11-02,MAIN,200,191,2025-03-11,Sachdeva-Deshmukh
B001726,PR00385,HIN23A338,2025-03-08,2026-09-08,MAIN,200,194,2025-04-20,Patel and Sons
B001727,PR00385,HIN25D009,2023-12-15,2025-06-15,MAIN,500,476,2024-07-22,Balasubramanian-Anne
B001728,PR00386,PAC82615,2023-10-30,2026-10-30,MAIN,250,55,2024-04-27,Shroff-Soni
B001729,PR00386,PAC25D175,2023-09-17,2025-03-17,SAT1,250,200,2024-04-21,"Munshi, Balan and Bhasin"
B001730,PR00386,PAC94161,2024-06-02,2027-06-02,SAT2,500,424,2025-01-04,Talwar and Sons
B001731,PR00387,MER79576,2023-10-08,2025-10-08,MAIN,500,440,2023-11-09,Nath PLC
B001732,PR00387,22M4223,2023-11-03,2026-11-03,MAIN,500,445,2024-03-25,Bal Group
B001733,PR00387,22M2468,2023-12-29,2026-12-29,SAT2,200,196,2024-03-06,Shenoy Inc
B001734,PR00387,M3274588,2023-11-07,2026-11-07,MAIN,250,195,2024-02-01,Banerjee Ltd
B001735,PR00387,MER2413,2024-02-13,2026-02-13,MAIN,250,210,2024-06-07,Garg-Dyal
B001736,PR00388,DRU38653,2023-09-16,2025-03-16,MAIN,250,0,2023-11-25,Chopra and Sons
B001737,PR00388,DRU32488,2024-07-19,2026-01-19,SAT2,200,163,2024-11-21,"Rai, Barman and Upadhyay"
B001738,PR00388,DRU22L312,2024-05-15,2026-05-15,MAIN,100,0,2024-07-09,Borra-Ramakrishnan
B001739,PR00388,23D8078,2024-08-21,2026-02-21,MAIN,1000,952,2024-12-26,Dhar-Grewal
B001740,PR00388,DRU22D008,2024-03-20,2027-03-20,SAT1,200,136,2024-05-04,Bakshi LLC
B001741,PR00389,TN24-684,2024-11-08,2026-11-08,MAIN,500,440,2025-01-05,Mammen-Reddy
B001742,PR00389,TN24-388,2024-05-19,2025-11-19,SAT2,100,58,2024-07-05,Tandon Inc
B001743,PR00389,TN23-787,2023-10-27,2026-10-27,SAT1,250,200,2024-03-26,"Ganesh, Biswas and Som"
B001744,PR00389,T8940092,2024-07-09,2026-07-09,SAT2,500,395,2024-12-07,Sha LLC
B001745,PR00389,25T6993,2023-10-16,2025-10-16,SAT1,200,118,2024-04-22,Konda-Ray
B001746,PR00389,25T7281,2023-11-05,2025-05-05,MAIN,250,56,2024-05-01,Dhillon and Sons
B001747,PR00390,SHI41479,2024-07-16,2026-07-16,MAIN,1000,862,2024-08-17,Memon-Deep
B001748,PR00390,25S7401,2024-05-30,2026-05-30,SAT1,500,470,2025-01-19,Patel and Sons
B001749,PR00390,SHI2876,2025-02-13,2028-02-13,MAIN,1000,1000,2025-05-08,Ranganathan Inc
B001750,PR00391,ZOT24H124,2024-05-29,2025-11-29,MAIN,500,393,2024-10-13,Oommen and Sons
B001751,PR00391,ZO22-104,2025-01-04,2027-01-04,MAIN,250,169,2025-03-29,Madan Inc
B001752,PR00391,Z3219713,2024-07-13,2027-07-13,MAIN,250,217,2024-12-22,Badal PLC
B001753,PR00391,23Z1346,2024-04-01,2026-04-01,MAIN,200,107,2024-08-15,Mody-Sehgal
B001754,PR00392,MIC24H037,2024-05-21,2025-11-21,MAIN,250,234,2024-07-22,Gole-Prashad
B001755,PR00392,MIC23L048,2024-01-16,2027-01-16,SAT1,100,67,2024-03-13,"Bajaj, Joshi and Goswami"
B001756,PR00392,MIC12488,2024-12-29,2026-06-29,MAIN,200,200,2025-04-10,Pandit-Mutti
B001757,PR00393,25L9876,2024-06-22,2025-12-22,MAIN,250,80,2025-02-01,Kar and Sons
B001758,PR00393,22L5767,2024-01-23,2027-01-23,MAIN,250,68,2024-04-04,Rege-Brar
B001759,PR00393,LI23-128,2024-01-07,2025-07-07,SAT1,100,76,2024-08-21,"Shroff, Mital and Bajwa"
B001760,PR00393,LIF14402,2023-11-14,2025-11-14,SAT2,250,9,2024-05-26,"Desai, Madan and Pai"
B001761,PR00394,JO22-642,2025-01-02,2028-01-02,MAIN,250,233,2025-02-20,"Parmer, Zachariah and Panchal"
B001762,PR00394,JOH46369,2023-09-18,2025-09-18,SAT2,500,363,2024-02-17,Raja Inc
B001763,PR00394,JOH71193,2024-01-09,2027-01-09,MAIN,1000,780,2024-06-19,Cherian Inc
B001764,PR00394,23J6137,2024-08-26,2026-08-26,SAT1,250,221,2024-12-06,"Choudhry, Nagarajan and Yadav"
B001765,PR00395,MA23-760,2024-03-06,2025-09-06,MAIN,250,180,2024-05-02,"Chand, Garde and Sani"
B001766,PR00395,M8635955,2024-07-23,2027-07-23,MAIN,500,459,2025-01-11,"Ravel, Mangal and Wason"
B001767,PR00395,M3330949,2023-09-07,2025-03-07,SAT1,500,492,2024-04-08,Kumer-Srinivas
B001768,PR00396,DOC25K279,2024-10-07,2026-04-07,MAIN,1000,811,2024-11-22,"Sangha, Varkey and Sama"
B001769,PR00396,D5096260,2025-01-02,2027-01-02,MAIN,100,87,2025-02-03,Kala Group
B001770,PR00396,DO25-229,2023-09-25,2026-09-25,SAT2,250,63,2024-02-12,Bhargava-Andra
B001771,PR00396,DO23-550,2024-04-13,2025-10-13,SAT2,500,461,2024-09-18,"Vora, Luthra and Muni"
B001772,PR00397,CI23-591,2024-03-16,2027-03-16,SAT1,250,190,2024-07-18,Lad-Bajwa
B001773,PR00397,CI24-948,2024-08-30,2026-02-28,SAT2,200,193,2025-01-13,"Kashyap, Sarma and Chakrabarti"
B001774,PR00397,C3666499,2023-08-08,2026-08-08,MAIN,250,222,2024-03-20,"Choudhary, Bali and Swaminathan"
B001775,PR00397,C9950169,2024-03-22,2027-03-22,MAIN,1000,974,2024-05-02,De-Chada
B001776,PR00397,CIR44810,2023-09-12,2025-09-12,SAT1,100,0,2023-12-20,Mital-Bassi
B001777,PR00397,CIR23G290,2024-09-08,2027-09-08,SAT1,250,225,2025-01-27,Raval PLC
B001778,PR00398,SAT25I390,2023-10-10,2025-04-10,MAIN,250,201,2024-01-04,"Wadhwa, Jaggi and Ramaswamy"
B001779,PR00398,SAT23A190,2024-02-11,2025-08-11,SAT1,200,129,2024-09-10,"Datta, Hora and Nanda"
B001780,PR00398,23S9336,2024-04-15,2025-10-15,MAIN,1000,970,2024-10-09,Mallick PLC
B001781,PR00398,SA25-175,2024-11-07,2026-05-07,MAIN,1000,994,2025-05-24,Uppal-Sarkar
B001782,PR00398,SAT25A224,2023-06-23,2026-06-23,SAT2,250,227,2024-02-14,Sen-Baral
B001783,PR00399,SO22-513,2023-10-02,2025-10-02,SAT1,200,169,2024-03-16,"Dugar, Dalal and Kapur"
B001784,PR00399,SO25-540,2024-11-10,2027-11-10,SAT2,500,412,2025-01-16,"Wable, Roy and Nagar"
B001785,PR00399,SO25-328,2024-11-30,2026-11-30,MAIN,1000,933,2025-04-04,Sankaran-Grover
B001786,PR00399,S2367701,2024-01-13,2027-01-13,MAIN,250,23,2024-07-10,Andra and Sons
B001787,PR00399,SOL41523,2023-06-21,2026-06-21,MAIN,100,0,2023-11-10,Ganesan and Sons
B001788,PR00400,AAN26862,2023-12-12,2025-12-12,SAT2,500,441,2024-07-27,"Swamy, Divan and Atwal"
B001789,PR00400,23A5954,2024-11-04,2026-11-04,MAIN,100,91,2025-05-12,Narasimhan-Agarwal
B001790,PR00400,23A1109,2025-01-04,2026-07-04,SAT1,200,200,2025-03-17,Kamdar Inc
B001791,PR00400,AA23-641,2024-09-04,2027-09-04,MAIN,1000,985,2025-03-14,Bail Inc
B001792,PR00401,EN23-686,2023-10-12,2025-04-12,SAT1,250,243,2024-02-05,"Venkataraman, Puri and Kothari"
B001793,PR00401,24E6074,2024-05-25,2025-11-25,SAT1,1000,978,2024-09-14,Rau-Setty
B001794,PR00401,END24E080,2023-08-20,2025-02-20,MAIN,500,107,2023-12-23,Choudhry PLC
B001795,PR00402,Z1819113,2024-10-11,2026-04-11,SAT1,250,229,2025-05-20,Aggarwal PLC
B001796,PR00402,ZEC23J305,2024-08-31,2026-08-31,MAIN,1000,930,2024-10-07,"Chana, Dara and Krishnan"
B001797,PR00402,23Z7468,2023-10-09,2025-10-09,MAIN,100,0,2024-03-11,Ravi Inc
B001798,PR00402,ZEC32328,2024-03-25,2026-03-25,MAIN,1000,934,2024-08-18,Chanda Group
B001799,PR00402,ZEC23C200,2024-01-02,2026-01-02,MAIN,200,88,2024-05-24,"Doshi, Keer and Dewan"
B001800,PR00402,ZEC7496,2024-03-24,2025-09-24,SAT2,1000,902,2024-11-17,"Talwar, Jaggi and Shan"
B001801,PR00403,B1152539,2023-07-09,2026-07-09,SAT1,1000,865,2023-11-03,"Wali, Sharaf and Basu"
B001802,PR00403,BAL83896,2023-11-30,2025-05-30,SAT2,500,440,2024-04-08,Andra-Nayar
B001803,PR00403,BAL69203,2023-04-16,2026-04-16,MAIN,1000,800,2023-11-25,Butala-Sandal
B001804,PR00404,S8473488,2024-03-31,2025-09-30,MAIN,500,375,2024-11-03,Kuruvilla-Rama
B001805,PR00404,S3205346,2024-12-09,2026-12-09,MAIN,200,76,2025-03-22,Baria Inc
B001806,PR00404,22S680,2024-02-09,2025-08-09,MAIN,250,157,2024-06-01,Varma LLC
B001807,PR00404,SA25-833,2024-03-27,2027-03-27,MAIN,200,185,2024-10-07,"Kanda, Krish and Saraf"
B001808,PR00405,SY23-431,2024-09-17,2026-09-17,MAIN,500,416,2024-12-17,Chatterjee Ltd
B001809,PR00405,SYS25H121,2025-03-19,2027-03-19,SAT2,200,186,2025-05-29,Sehgal Inc
B001810,PR00405,SY23-123,2024-07-27,2026-07-27,MAIN,500,432,2024-11-21,Virk Inc
B001811,PR00405,24S8659,2023-11-15,2026-11-15,SAT2,200,136,2024-02-21,Chanda-Pingle
B001812,PR00405,SY24-937,2024-12-16,2026-12-16,MAIN,500,447,2025-04-15,"Lad, Narayan and Thaker"
B001813,PR00405,25S6405,2023-08-07,2025-08-07,SAT2,200,70,2023-11-29,More and Sons
B001814,PR00406,PL25-521,2024-08-01,2027-08-01,SAT2,100,95,2024-10-09,Gulati Ltd
B001815,PR00406,PLE23I076,2023-08-05,2026-08-05,SAT1,500,459,2023-12-29,Arora-Biswas
B001816,PR00406,PLE56215,2023-08-25,2025-02-25,SAT2,1000,979,2024-01-02,Jani-Naik
B001817,PR00406,PL25-479,2023-12-22,2025-06-22,MAIN,1000,962,2024-02-28,Mall Group
B001818,PR00406,P4606441,2023-09-23,2025-09-23,MAIN,500,466,2024-05-08,Balan-Sekhon
B001819,PR00407,SCO72407,2024-02-20,2026-02-20,MAIN,200,60,2024-04-20,Prashad-Krishna
B001820,PR00407,S8861208,2024-03-02,2026-03-02,SAT2,100,46,2024-07-28,Mahajan-Ravel
B001821,PR00407,SCO23I328,2023-09-08,2025-03-08,MAIN,500,350,2024-04-20,Sathe-Divan
B001822,PR00407,25S1363,2023-11-18,2025-05-18,SAT2,100,0,2024-02-14,"Bera, Chandran and Bhardwaj"
B001823,PR00408,J3878490,2023-10-26,2025-10-26,SAT1,100,12,2024-03-01,"Devi, Loke and Babu"
B001824,PR00408,JE22-248,2023-11-27,2025-11-27,MAIN,1000,744,2024-05-12,Zacharia Inc
B001825,PR00408,25J9325,2023-07-18,2025-01-18,MAIN,1000,720,2023-12-01,"Tripathi, Doshi and Devi"
B001826,PR00408,JE25-382,2024-01-13,2026-01-13,MAIN,250,168,2024-04-24,"Kapadia, Varghese and Sekhon"
B001827,PR00408,JE23-864,2023-10-11,2025-10-11,MAIN,100,0,2024-01-06,"Mani, Agarwal and Dixit"
B001828,PR00408,J6984954,2024-10-02,2026-10-02,SAT1,250,250,2025-03-07,Dhaliwal-Bandi
B001829,PR00409,D9478483,2023-10-19,2025-10-19,MAIN,1000,732,2023-11-23,"Pal, Tella and Boase"
B001830,PR00409,D9270627,2023-05-31,2026-05-31,MAIN,200,0,2023-11-13,Lala-Nair
B001831,PR00409,DYN24C018,2023-12-02,2026-12-02,MAIN,1000,791,2024-05-31,Sibal and Sons
B001832,PR00409,DYN11365,2025-01-18,2026-07-18,SAT2,1000,995,2025-05-05,Hans-Sabharwal
B001833,PR00409,D2094983,2024-02-20,2027-02-20,MAIN,100,0,2024-06-25,Dutta-Kapadia
B001834,PR00410,INT66738,2023-08-08,2026-08-08,SAT1,500,368,2024-02-13,Sha-Badal
B001835,PR00410,INT23I050,2024-12-19,2026-06-19,MAIN,200,194,2025-02-10,Menon Inc
B001836,PR00410,IN24-581,2024-06-13,2025-12-13,SAT1,500,450,2024-08-06,Chandra PLC
B001837,PR00410,INT62726,2024-04-27,2025-10-27,MAIN,200,184,2024-09-22,Narula Inc
B001838,PR00410,INT25H323,2024-12-13,2027-12-13,SAT2,500,497,2025-05-11,"D’Alia, Sahota and Boase"
B001839,PR00410,INT22566,2024-08-01,2026-08-01,MAIN,200,191,2024-11-01,"Goda, Narang and Pal"
B001840,PR00411,EAS23B079,2024-02-22,2026-02-22,MAIN,1000,851,2024-08-04,"Badami, Mangat and Rao"
B001841,PR00411,E1407858,2024-10-25,2026-10-25,MAIN,1000,928,2024-12-30,Balay Inc
B001842,PR00411,EA25-986,2025-02-15,2026-08-15,SAT1,100,100,2025-04-15,Ghose-Kanda
B001843,PR00411,EA25-182,2023-09-12,2026-09-12,SAT2,500,228,2024-03-03,Lalla Group
B001844,PR00412,HE23-417,2023-12-21,2026-12-21,SAT2,250,85,2024-05-17,Bajwa-Bhagat
B001845,PR00412,H3656779,2023-07-07,2026-07-07,MAIN,500,76,2023-12-31,Datta PLC
B001846,PR00412,H8711998,2024-10-10,2026-10-10,MAIN,1000,960,2025-03-04,Vig and Sons
B001847,PR00412,HET17014,2024-09-29,2026-09-29,SAT2,500,470,2025-02-12,Chadha-Balan
B001848,PR00412,HET23F182,2025-01-19,2028-01-19,MAIN,500,294,2025-03-04,Gill and Sons
B001849,PR00413,TRI63943,2024-01-18,2027-01-18,MAIN,200,137,2024-08-23,Sane Inc
B001850,PR00413,T2591830,2024-03-26,2025-09-26,MAIN,500,403,2024-08-29,Chakraborty-Dass
B001851,PR00413,TRI24K093,2024-01-15,2027-01-15,MAIN,500,251,2024-05-05,Lalla PLC
B001852,PR00414,G2116892,2024-08-09,2026-02-09,SAT1,100,97,2025-03-15,"Prasad, Apte and Tank"
B001853,PR00414,G2242076,2024-12-02,2027-12-02,MAIN,100,62,2025-05-27,"Sanghvi, Saran and Nair"
B001854,PR00414,GEN66890,2023-12-21,2025-12-21,MAIN,1000,715,2024-02-06,Kuruvilla LLC
B001855,PR00414,GE23-015,2024-04-09,2025-10-09,SAT2,1000,964,2024-11-06,Batra-Mody
B001856,PR00414,GE23-023,2024-11-01,2027-11-01,MAIN,1000,993,2025-02-03,"Goel, Dhawan and Sarraf"
B001857,PR00414,GEN23L279,2023-09-25,2026-09-25,SAT1,250,237,2023-11-10,Kanda-Mital
B001858,PR00415,23P8878,2023-10-20,2025-10-20,SAT2,1000,971,2023-12-24,Bakshi-Chhabra
B001859,PR00415,PE24-537,2024-01-10,2026-01-10,MAIN,500,458,2024-06-12,"Chakrabarti, Natarajan and Khalsa"
B001860,PR00415,22P9052,2024-02-24,2025-08-24,MAIN,100,64,2024-05-10,Pau Group
B001861,PR00415,P4023161,2024-12-31,2026-12-31,MAIN,100,91,2025-03-12,"Jayaraman, More and Swamy"
B001862,PR00416,SU22-223,2024-06-10,2027-06-10,MAIN,500,460,2024-12-12,Lad and Sons
B001863,PR00416,24S5910,2023-11-01,2025-11-01,SAT2,250,182,2024-06-18,Sama-Chacko
B001864,PR00416,SU22-678,2024-05-02,2027-05-02,MAIN,1000,860,2024-08-23,Rout-Warrior
B001865,PR00416,SUN25G253,2024-03-17,2026-03-17,MAIN,500,381,2024-08-18,Gade LLC
B001866,PR00416,S1005454,2024-07-31,2026-07-31,SAT2,500,471,2024-09-19,Date Group
B001867,PR00417,24K880,2024-11-30,2026-11-30,SAT1,500,474,2025-04-13,"Goswami, Ramesh and Sethi"
B001868,PR00417,KEP67606,2024-07-28,2026-01-28,MAIN,200,192,2025-01-27,Upadhyay Group
B001869,PR00417,KEP23F232,2024-04-05,2026-04-05,MAIN,1000,988,2024-11-18,Ram-Panchal
B001870,PR00417,25K640,2024-07-25,2026-01-25,MAIN,100,77,2024-09-17,"Ratta, Dua and De"
B001871,PR00417,KE25-457,2024-05-12,2025-11-12,SAT2,500,494,2024-10-28,Bose-Sathe
B001872,PR00418,AM25-010,2024-05-30,2026-05-30,SAT1,100,90,2024-11-01,Sathe-Uppal
B001873,PR00418,AM25-451,2025-03-28,2028-03-28,SAT1,100,80,2025-05-13,Memon-Solanki
B001874,PR00418,A8318302,2023-05-15,2025-05-15,SAT2,250,0,2023-11-28,Buch-Dutta
B001875,PR00418,AMO22I164,2024-05-17,2025-11-17,MAIN,500,442,2024-07-27,"Bhasin, Johal and Pathak"
B001876,PR00418,AM24-898,2024-05-12,2026-05-12,SAT2,100,50,2024-12-15,Bansal Group
B001877,PR00419,SAR22A232,2023-10-13,2025-04-13,MAIN,1000,550,2024-01-05,Uppal LLC
B001878,PR00419,SAR25C122,2024-09-07,2027-09-07,SAT2,100,95,2024-12-05,"Subramanian, Mitra and Dhingra"
B001879,PR00419,24S9367,2024-10-13,2027-10-13,SAT2,250,204,2025-01-25,Keer LLC
B001880,PR00419,23S2422,2023-10-24,2026-10-24,MAIN,250,25,2024-05-20,Kadakia-Mohanty
B001881,PR00419,23S3622,2024-05-06,2026-05-06,SAT2,500,485,2024-08-29,Mohanty Ltd
B001882,PR00419,S8671921,2024-08-12,2026-02-12,MAIN,1000,873,2024-10-15,Radhakrishnan-Dua
B001883,PR00420,BEI66328,2023-11-21,2025-11-21,MAIN,500,296,2024-06-25,Dora Inc
B001884,PR00420,BE25-710,2023-12-21,2026-12-21,SAT1,100,70,2024-04-02,Sant-Krishnan
B001885,PR00420,B2745804,2023-08-19,2026-08-19,SAT1,500,461,2023-11-10,"Parekh, Gade and Parikh"
B001886,PR00420,25B2940,2024-11-22,2026-05-22,SAT1,200,200,2025-02-19,Gera-Badal
B001887,PR00420,BEI10681,2024-05-13,2027-05-13,MAIN,1000,948,2024-10-25,Malhotra-Mandal
B001888,PR00421,AJ25-229,2024-06-19,2027-06-19,MAIN,250,225,2024-07-30,"Chakrabarti, Dasgupta and Chaudhuri"
B001889,PR00421,AJ24-308,2023-07-20,2025-07-20,SAT2,500,472,2024-03-02,"Tailor, Hayre and Buch"
B001890,PR00421,A8110952,2024-11-09,2027-11-09,MAIN,200,189,2025-03-11,"Din, Sheth and Krish"
B001891,PR00421,AJ23-974,2023-09-25,2025-03-25,MAIN,200,177,2024-02-19,Sanghvi and Sons
B001892,PR00421,AJU23I027,2023-09-30,2025-03-30,SAT2,250,209,2023-11-13,Kar-Nazareth
B001893,PR00421,AJU59881,2024-10-05,2026-04-05,SAT2,100,98,2025-03-02,"Mani, Tella and Thakkar"
B001894,PR00422,ER23-123,2024-02-22,2027-02-22,MAIN,200,0,2024-03-29,Bhattacharyya PLC
B001895,PR00422,ER25-325,2024-05-09,2027-05-09,MAIN,250,246,2024-10-28,"Malhotra, Saini and Yadav"
B001896,PR00422,25E9487,2023-08-15,2025-02-15,SAT1,1000,911,2024-02-14,Ravel Group
B001897,PR00423,GR25-649,2024-07-01,2026-07-01,MAIN,250,151,2024-10-26,Badami-Palan
B001898,PR00423,G3259417,2023-10-22,2026-10-22,MAIN,250,65,2024-03-23,Chaudhuri Inc
B001899,PR00423,GRA24G016,2025-01-27,2028-01-27,MAIN,250,232,2025-04-16,Chand and Sons
B001900,PR00423,23G2824,2024-09-23,2026-09-23,SAT2,500,447,2025-01-11,Mukhopadhyay-Hayre
B001901,PR00423,22G4386,2024-01-16,2026-01-16,MAIN,500,210,2024-06-02,"Mallick, Butala and Grewal"
B001902,PR00424,23A593,2024-07-16,2027-07-16,MAIN,200,182,2025-01-08,Balan Inc
B001903,PR00424,AS24-902,2024-11-04,2027-11-04,MAIN,200,199,2025-05-19,"Ratti, Behl and Mukhopadhyay"
B001904,PR00424,23A7298,2024-11-28,2027-11-28,MAIN,1000,993,2025-03-09,"Wable, Samra and Agrawal"
B001905,PR00425,THR24K199,2024-02-20,2026-02-20,MAIN,500,322,2024-07-27,Taneja and Sons
B001906,PR00425,THR15676,2024-02-16,2026-02-16,MAIN,250,82,2024-10-08,Tiwari Group
B001907,PR00425,THR57880,2024-01-25,2027-01-25,SAT1,250,135,2024-03-11,Bhardwaj and Sons
B001908,PR00425,THR97127,2024-09-05,2026-03-05,MAIN,1000,887,2024-12-22,Bhatia Ltd
B001909,PR00425,THR79158,2024-03-01,2025-09-01,MAIN,500,150,2024-05-21,Cheema PLC
B001910,PR00425,THR54949,2023-08-28,2026-08-28,MAIN,200,0,2023-11-16,Bawa-Buch
B001911,PR00426,22T7586,2024-08-02,2027-08-02,MAIN,1000,970,2025-03-06,Majumdar Inc
B001912,PR00426,TRI62897,2024-12-06,2026-06-06,SAT2,500,486,2025-03-23,Kadakia LLC
B001913,PR00426,T2228144,2023-10-23,2025-10-23,MAIN,100,0,2023-12-10,Dada-Khosla
B001914,PR00426,TR25-455,2024-09-16,2026-09-16,MAIN,200,40,2024-11-01,Taneja Ltd
B001915,PR00427,WI24-877,2024-02-20,2026-02-20,SAT1,1000,891,2024-08-31,Shukla Ltd
B001916,PR00427,WID22A165,2023-12-13,2026-12-13,MAIN,100,0,2024-04-18,"Sachdeva, Bath and Cheema"
B001917,PR00427,WID22G291,2024-10-21,2026-10-21,SAT1,1000,993,2025-01-07,"Rama, Dugal and Pant"
B001918,PR00427,W3309737,2023-07-10,2025-01-10,MAIN,250,0,2023-11-29,"Behl, Tripathi and Kuruvilla"
B001919,PR00428,25N353,2024-02-25,2026-02-25,SAT2,250,230,2024-04-19,Mane Ltd
B001920,PR00428,23N8038,2023-10-14,2025-04-14,SAT2,100,64,2024-02-17,Viswanathan-Narasimhan
B001921,PR00428,NI23-798,2025-01-15,2027-01-15,MAIN,1000,1000,2025-04-23,Andra-Dara
B001922,PR00429,TOR25K171,2024-03-01,2025-09-01,MAIN,250,143,2024-07-24,Jha Group
B001923,PR00429,T2167269,2024-04-20,2026-04-20,MAIN,100,0,2024-06-03,Kapoor-Nazareth
B001924,PR00429,25T2843,2024-08-31,2026-02-28,MAIN,500,359,2025-03-09,"Gandhi, Dar and Bajaj"
B001925,PR00429,TOR52074,2024-07-25,2027-07-25,SAT1,500,444,2024-10-19,Ganesan-Wadhwa
B001926,PR00430,CI22-979,2025-01-20,2027-01-20,MAIN,500,486,2025-03-11,"Sawhney, Virk and Aggarwal"
B001927,PR00430,CIA87511,2023-11-12,2025-11-12,MAIN,250,0,2024-02-09,Devan-Sidhu
B001928,PR00430,24C7127,2024-09-30,2026-09-30,MAIN,500,494,2025-04-30,"Bhalla, Karan and Sidhu"
B001929,PR00430,CI22-973,2025-03-01,2027-03-01,MAIN,200,200,2025-05-29,Sagar Inc
B001930,PR00431,SID28661,2024-04-09,2025-10-09,SAT1,250,232,2024-10-07,Bala-Vala
B001931,PR00431,SID23B139,2024-01-19,2027-01-19,SAT1,500,485,2024-06-13,Singhal and Sons
B001932,PR00431,S2203832,2023-05-31,2026-05-31,MAIN,1000,456,2023-11-25,Jain Ltd
B001933,PR00431,SID71882,2024-01-04,2027-01-04,MAIN,250,65,2024-06-16,"Rajagopalan, Krishnamurthy and Srivastava"
B001934,PR00431,SID22H283,2023-04-24,2025-04-24,MAIN,500,255,2023-12-06,Dara-Wason
B001935,PR00431,SI24-507,2023-06-17,2024-12-17,MAIN,250,0,2023-11-06,Sundaram LLC
B001936,PR00432,AST91859,2023-11-27,2025-11-27,MAIN,100,0,2024-05-17,Baria Group
B001937,PR00432,AS25-482,2023-04-03,2025-04-03,MAIN,250,0,2023-11-23,Cherian-Amble
B001938,PR00432,AST43836,2024-11-14,2027-11-14,SAT2,1000,980,2025-02-15,Mangat PLC
B001939,PR00432,A3833351,2023-10-14,2025-04-14,SAT1,1000,976,2024-05-16,Peri LLC
B001940,PR00433,ZYD77994,2023-10-07,2026-10-07,MAIN,1000,690,2024-01-19,Tella-Balay
B001941,PR00433,25Z3142,2025-01-27,2026-07-27,MAIN,1000,937,2025-05-13,Gara Ltd
B001942,PR00433,24Z7433,2023-09-13,2025-09-13,MAIN,200,0,2024-02-01,Memon-Hari
B001943,PR00433,23Z2206,2024-04-13,2025-10-13,MAIN,100,51,2024-11-14,Kala Group
B001944,PR00433,ZYD31798,2024-06-15,2025-12-15,MAIN,500,358,2024-12-15,Gaba Inc
B001945,PR00434,B6286514,2023-10-10,2025-10-10,SAT1,200,170,2024-03-27,Barad-Rajagopalan
B001946,PR00434,BIO86661,2024-11-16,2026-05-16,MAIN,200,130,2025-05-05,"Raja, Pandey and Shah"
B001947,PR00434,BIO24G156,2024-06-02,2025-12-02,SAT2,200,118,2024-08-11,Rao-Sodhi
B001948,PR00434,BI23-661,2023-08-26,2025-02-26,MAIN,100,0,2024-04-03,Ramachandran Group
B001949,PR00435,22G8862,2024-08-14,2026-02-14,MAIN,1000,915,2024-11-09,"Parikh, Bhatti and Sarkar"
B001950,PR00435,G5284359,2024-08-04,2026-02-04,SAT1,250,249,2024-11-25,"Dani, Korpal and Patla"
B001951,PR00435,GR24-149,2024-02-26,2026-02-26,MAIN,100,0,2024-04-29,"Dhar, Chakraborty and Nagy"
B001952,PR00436,SHR23E316,2023-11-10,2025-11-10,MAIN,100,0,2024-06-09,D’Alia Group
B001953,PR00436,SHR90110,2024-04-18,2026-04-18,MAIN,250,117,2024-08-17,Dhillon-Rama
B001954,PR00436,25S8053,2024-03-15,2027-03-15,SAT1,1000,924,2024-07-25,Agrawal Group
B001955,PR00436,SH23-846,2023-10-03,2025-04-03,MAIN,250,0,2023-12-01,Kalla and Sons
B001956,PR00436,SHR83377,2024-07-03,2026-07-03,MAIN,100,37,2024-12-13,Batra-Virk
B001957,PR00437,HYE46613,2025-01-11,2027-01-11,SAT2,1000,1000,2025-03-10,Dugar-Manda
B001958,PR00437,HYE24E199,2023-07-08,2026-07-08,MAIN,200,0,2024-02-27,Chowdhury PLC
B001959,PR00437,HY24-293,2024-12-24,2027-12-24,SAT2,250,220,2025-02-20,"Kapadia, Devan and Mani"
B001960,PR00437,H4523785,2023-07-15,2026-07-15,SAT1,250,183,2024-02-10,"Master, Thakur and Bhatti"
B001961,PR00437,HYE25G183,2024-07-20,2026-01-20,MAIN,200,141,2024-11-13,Bajwa Inc
B001962,PR00437,HY25-317,2023-11-02,2025-05-02,MAIN,500,335,2024-06-04,Chhabra-Sandal
B001963,PR00438,UNI23E312,2024-10-04,2026-10-04,MAIN,500,468,2025-01-06,"Borde, Aurora and Mutti"
B001964,PR00438,22U6635,2023-11-24,2025-11-24,SAT2,100,0,2024-01-02,Batra and Sons
B001965,PR00438,UNI24A318,2023-10-16,2025-10-16,MAIN,500,183,2024-03-14,Pillay Inc
B001966,PR00438,U1143595,2024-12-26,2026-06-26,MAIN,1000,939,2025-04-06,Soni-Patla
B001967,PR00438,24U717,2024-10-19,2027-10-19,SAT1,250,247,2024-12-29,"Rama, Mannan and Raval"
B001968,PR00439,RA24-751,2024-02-14,2025-08-14,SAT1,100,49,2024-07-30,"Konda, Kashyap and Narayan"
B001969,PR00439,RA25-714,2024-11-26,2026-11-26,MAIN,1000,991,2025-02-17,Mukherjee PLC
B001970,PR00439,R8886418,2024-11-28,2026-05-28,MAIN,200,199,2025-02-08,Chander Inc
B001971,PR00439,RAJ24E294,2023-05-02,2025-05-02,SAT2,100,64,2023-12-24,Badal-Dani
B001972,PR00440,L8361899,2023-06-28,2025-06-28,MAIN,100,42,2023-11-13,Tara-Salvi
B001973,PR00440,L2408162,2024-02-24,2027-02-24,MAIN,500,486,2024-07-20,Dugal-Swaminathan
B001974,PR00440,L3031771,2024-08-06,2026-02-06,MAIN,250,249,2025-03-29,"Samra, Das and Nagarajan"
B001975,PR00441,TA22-844,2024-05-09,2027-05-09,SAT2,500,478,2024-07-06,Koshy-Nazareth
B001976,PR00441,24T1390,2024-10-28,2026-10-28,MAIN,250,247,2025-03-22,Choudhry-Devan
B001977,PR00441,TA25-409,2025-01-18,2026-07-18,MAIN,250,246,2025-03-09,"Bose, Sen and Tailor"
B001978,PR00441,TAN24L323,2024-04-22,2027-04-22,SAT1,200,172,2024-10-30,Chaudhari-Desai
B001979,PR00442,MED19129,2023-09-14,2025-03-14,SAT1,200,129,2024-02-27,Pradhan PLC
B001980,PR00442,MED83000,2024-06-24,2025-12-24,MAIN,200,150,2024-12-01,Toor-Chaudhari
B001981,PR00442,ME24-975,2023-07-16,2026-07-16,SAT1,250,115,2024-01-03,Pathak-Lad
B001982,PR00442,ME25-425,2024-05-12,2026-05-12,MAIN,200,118,2024-11-21,Puri Ltd
B001983,PR00442,M3091336,2024-05-01,2025-11-01,SAT1,500,420,2024-08-31,Shenoy and Sons
B001984,PR00442,ME25-865,2024-07-19,2027-07-19,MAIN,200,91,2024-11-09,Rajagopal Inc
B001985,PR00443,SB24-343,2024-09-04,2026-03-04,MAIN,1000,910,2024-11-02,Merchant LLC
B001986,PR00443,SB23-493,2024-03-28,2025-09-28,SAT2,100,97,2024-11-12,Pingle-Mammen
B001987,PR00443,SBL61490,2024-12-10,2027-12-10,MAIN,200,132,2025-02-04,Shere-Sidhu
B001988,PR00444,M1160168,2024-02-16,2025-08-16,MAIN,250,83,2024-07-27,Bansal LLC
B001989,PR00444,MOR24F300,2024-10-07,2027-10-07,SAT1,200,200,2024-11-20,Sathe Inc
B001990,PR00444,MO25-436,2023-12-25,2025-06-25,MAIN,1000,654,2024-02-19,Sharma and Sons
B001991,PR00445,SI24-402,2023-07-29,2025-01-29,SAT2,250,39,2024-01-03,Tella Group
B001992,PR00445,SID23D279,2024-04-02,2027-04-02,MAIN,1000,943,2024-09-18,Pathak Group
B001993,PR00445,S2799926,2024-04-05,2026-04-05,SAT1,500,441,2024-09-28,Srivastava-Wali
B001994,PR00445,SID23E351,2024-01-07,2026-01-07,MAIN,100,0,2024-05-19,"Karpe, Srivastava and Bhat"
B001995,PR00445,SI25-179,2024-05-05,2026-05-05,SAT2,250,250,2024-10-06,Chaudhari Group
B001996,PR00446,B6091967,2024-04-23,2026-04-23,SAT2,250,198,2024-08-10,Mohanty-Kari
B001997,PR00446,BON63505,2023-12-11,2025-06-11,MAIN,100,0,2024-05-02,"Babu, Grewal and Sathe"
B001998,PR00446,25B8300,2025-02-24,2026-08-24,MAIN,500,470,2025-05-25,Bora-Mitra
B001999,PR00446,23B4209,2023-07-13,2026-07-13,MAIN,1000,682,2023-12-10,"Nair, Sharaf and Golla"
B002000,PR00446,BO24-095,2023-10-03,2026-10-03,SAT1,250,228,2024-04-25,Bedi-Edwin
B002001,PR00446,B7540338,2023-06-17,2025-06-17,MAIN,200,0,2023-12-13,"Gera, Natarajan and Lad"
B002002,PR00447,24A104,2024-05-11,2027-05-11,SAT1,250,226,2024-07-14,Wable-Rau
B002003,PR00447,AG25-763,2024-07-04,2026-07-04,SAT1,100,70,2024-12-01,Seshadri and Sons
B002004,PR00447,AG23-409,2023-08-13,2026-08-13,SAT1,100,43,2024-01-28,"Varty, Mital and Bath"
B002005,PR00447,25A1425,2024-05-10,2026-05-10,MAIN,500,344,2024-08-21,Saha-Sangha
B002006,PR00447,A6125867,2024-09-14,2027-09-14,MAIN,100,20,2025-04-14,Deshpande-Anne
B002007,PR00447,AG23-332,2023-08-19,2026-08-19,SAT2,1000,870,2024-04-07,Purohit-Jhaveri
B002008,PR00448,IND24I357,2025-01-18,2026-07-18,SAT1,1000,998,2025-02-22,Sridhar Inc
B002009,PR00448,IN25-135,2023-10-05,2026-10-05,MAIN,1000,965,2024-03-03,"Jhaveri, Nigam and Joshi"
B002010,PR00448,22I5310,2023-10-20,2025-10-20,MAIN,100,53,2024-02-23,"Rattan, Soni and Sahni"
B002011,PR00449,E4536643,2024-06-30,2027-06-30,SAT1,100,80,2024-07-31,"Devi, Parmar and Dass"
B002012,PR00449,EMB24E290,2024-08-31,2026-02-28,MAIN,200,185,2025-01-02,Wadhwa Group
B002013,PR00449,EMB45273,2024-12-10,2026-06-10,MAIN,1000,994,2025-04-10,"Thaman, Soman and Ben"
B002014,PR00449,E7120318,2024-03-16,2027-03-16,MAIN,250,18,2024-04-30,Balan-Lall
B002015,PR00449,EM22-030,2024-10-23,2027-10-23,SAT2,200,173,2024-12-05,"Virk, Ramaswamy and Kaur"
B002016,PR00450,PSY99634,2024-05-17,2025-11-17,MAIN,250,230,2024-12-02,Bhandari Ltd
B002017,PR00450,P5140650,2024-09-07,2026-03-07,MAIN,100,41,2024-11-05,Prabhakar-Keer
B002018,PR00450,24P1384,2024-01-09,2026-01-09,MAIN,500,334,2024-03-21,Ahuja-Palan
B002019,PR00451,K4507757,2024-09-24,2026-09-24,SAT1,200,149,2024-11-26,Vohra PLC
B002020,PR00451,22K4904,2023-10-19,2025-04-19,MAIN,100,0,2023-12-30,Som and Sons
B002021,PR00451,24K6985,2024-08-12,2027-08-12,MAIN,200,61,2024-10-16,"Sahota, Chacko and Narang"
B002022,PR00451,KHA42298,2024-12-31,2026-12-31,MAIN,250,196,2025-04-12,"Sengupta, Sanghvi and Kurian"
B002023,PR00451,KHA73149,2024-06-21,2027-06-21,MAIN,200,27,2024-11-23,Murthy and Sons
B002024,PR00452,RHI23C201,2024-01-12,2025-07-12,MAIN,1000,780,2024-04-18,"Nagy, Sabharwal and Seshadri"
B002025,PR00452,24R8994,2024-12-19,2027-12-19,MAIN,200,140,2025-04-13,Som PLC
B002026,PR00452,RH25-296,2024-03-23,2026-03-23,MAIN,1000,956,2024-11-10,"Sheth, Tata and Nori"
B002027,PR00452,R3174455,2023-12-16,2025-12-16,MAIN,250,191,2024-08-09,Kumar-Dutt
B002028,PR00452,RHI23C192,2024-09-22,2026-09-22,SAT2,200,152,2025-02-18,Bose-Bala
B002029,PR00452,RHI1101,2024-05-20,2026-05-20,MAIN,250,201,2024-11-11,Vyas LLC
B002030,PR00453,CEE64706,2024-12-26,2026-06-26,MAIN,200,198,2025-03-14,Golla Group
B002031,PR00453,CEE3067,2023-08-01,2025-08-01,MAIN,250,207,2023-11-21,Rau Ltd
B002032,PR00453,CE23-866,2024-02-08,2026-02-08,MAIN,250,244,2024-09-01,Shah Ltd
B002033,PR00454,KOS23D096,2024-07-09,2026-01-09,MAIN,500,408,2024-11-10,Gole Inc
B002034,PR00454,KOS25K036,2023-09-24,2025-09-24,MAIN,500,186,2024-01-07,"Goda, Gill and Din"
B002035,PR00454,KOS24C171,2023-08-22,2026-08-22,MAIN,1000,661,2023-12-29,Chauhan-Cherian
B002036,PR00454,KOS76321,2023-10-21,2025-10-21,MAIN,1000,784,2024-05-27,Shetty LLC
B002037,PR00454,KO23-898,2024-05-01,2027-05-01,MAIN,1000,724,2024-10-18,"Suri, Sandhu and Dara"
B002038,PR00454,KOS24K186,2024-08-19,2026-02-19,MAIN,1000,931,2024-12-02,Chhabra-Sampath
B002039,PR00455,TAL47688,2024-05-30,2026-05-30,MAIN,500,459,2024-09-23,Bhandari LLC
B002040,PR00455,24T5134,2024-08-07,2026-02-07,MAIN,200,73,2024-09-27,Prabhu Inc
B002041,PR00455,T9624076,2023-08-03,2025-02-03,MAIN,200,0,2024-03-15,Loyal-Raval
B002042,PR00456,A3862593,2024-02-13,2025-08-13,SAT2,250,243,2024-10-08,"Kaul, Bali and Prasad"
B002043,PR00456,22A7428,2024-12-03,2026-12-03,MAIN,250,243,2025-02-08,Chawla Group
B002044,PR00456,ALK24J175,2023-12-13,2025-06-13,SAT2,500,480,2024-05-21,"Anand, Johal and Gola"
B002045,PR00456,AL25-688,2024-09-18,2027-09-18,MAIN,200,189,2025-02-10,Balan and Sons
B002046,PR00456,ALK11023,2024-11-17,2027-11-17,MAIN,1000,993,2025-03-31,"Sachdev, Atwal and Chandran"
B002047,PR00457,GOO22D213,2023-12-02,2026-12-02,MAIN,200,171,2024-05-10,Gour-Rao
B002048,PR00457,GO22-702,2023-10-09,2025-10-09,SAT1,100,12,2024-03-24,Tandon-Brahmbhatt
B002049,PR00457,G3250928,2024-02-20,2026-02-20,MAIN,200,160,2024-04-24,Sami PLC
B002050,PR00457,GOO97939,2023-04-28,2026-04-28,MAIN,1000,934,2023-12-12,Bora Group
B002051,PR00458,WIL68825,2023-12-17,2026-12-17,SAT2,1000,978,2024-02-11,Bahl-Kalita
B002052,PR00458,24W3512,2023-10-08,2025-04-08,MAIN,100,70,2024-05-25,Ratta and Sons
B002053,PR00458,WIL85240,2024-06-04,2027-06-04,MAIN,500,485,2024-11-12,Baral-Oommen
B002054,PR00459,LAR11363,2025-04-10,2027-04-10,MAIN,1000,1000,2025-05-21,"Apte, Bali and Manne"
B002055,PR00459,LAR19625,2023-09-18,2025-09-18,SAT2,500,321,2024-02-18,"Issac, Joshi and Goyal"
B002056,PR00459,23L5021,2024-09-28,2026-03-28,MAIN,200,185,2025-02-01,Shanker-Goswami
B002057,PR00459,LAR73299,2024-05-30,2025-11-30,MAIN,250,4,2024-11-02,Mammen-Puri
B002058,PR00459,LAR25H324,2024-10-15,2027-10-15,MAIN,250,226,2024-12-16,"Kapur, Chowdhury and Sastry"
B002059,PR00460,ME25-120,2025-01-09,2026-07-09,MAIN,500,484,2025-05-11,Mallick Group
B002060,PR00460,MED79237,2024-02-03,2026-02-03,MAIN,200,15,2024-03-17,Khurana-Ahluwalia
B002061,PR00460,M1962582,2023-12-02,2026-12-02,SAT2,200,139,2024-05-31,"Kapadia, Bali and Rao"
B002062,PR00460,MED20748,2024-07-04,2026-07-04,MAIN,250,215,2024-12-12,Lad-Bhat
B002063,PR00460,ME24-849,2023-08-05,2025-02-05,MAIN,200,0,2023-11-19,Palla PLC
B002064,PR00460,MED23J307,2024-07-07,2026-01-07,MAIN,250,168,2024-12-01,"Nair, Chopra and Kanda"
B002065,PR00461,25J1053,2023-12-15,2026-12-15,SAT1,1000,862,2024-02-27,"Kar, Datta and Shere"
B002066,PR00461,JUN23L068,2023-08-23,2026-08-23,MAIN,200,97,2024-01-05,"Dugar, Tak and Gole"
B002067,PR00461,23J2783,2024-06-22,2025-12-22,SAT1,100,64,2024-12-16,"Chahal, Dutta and Dalal"
B002068,PR00461,23J1641,2024-05-07,2027-05-07,SAT2,1000,978,2024-10-03,Kapadia-Pall
B002069,PR00461,J3386306,2024-01-18,2026-01-18,SAT1,500,460,2024-05-29,"Batta, Misra and Sanghvi"
B002070,PR00462,AGL22G024,2024-07-20,2027-07-20,SAT2,250,235,2025-01-14,Dass Group
B002071,PR00462,AGL24H221,2023-10-23,2026-10-23,MAIN,100,0,2024-01-18,"Saini, Sethi and Rana"
B002072,PR00462,25A5563,2025-01-16,2027-01-16,MAIN,250,243,2025-04-04,"Narula, Garg and Setty"
B002073,PR00462,A7936826,2023-11-25,2026-11-25,MAIN,200,0,2024-05-29,Modi LLC
B002074,PR00462,AGL22F362,2023-09-02,2026-09-02,MAIN,200,106,2024-03-21,Suresh LLC
B002075,PR00462,A5032865,2024-01-17,2027-01-17,MAIN,500,356,2024-05-19,"Prakash, Bajaj and Sethi"
B002076,PR00463,VAS25F094,2024-11-07,2026-05-07,MAIN,250,197,2025-02-27,"Acharya, Tiwari and Saran"
B002077,PR00463,VAS22C181,2024-10-22,2026-04-22,SAT2,250,227,2024-12-09,Agate-Sahota
B002078,PR00463,VAS52346,2023-10-30,2026-10-30,SAT1,100,43,2024-04-02,"Tandon, Patla and Sachar"
B002079,PR00463,VAS10301,2024-01-21,2025-07-21,SAT1,250,188,2024-03-08,Gara Inc
B002080,PR00463,VAS52595,2024-12-02,2026-12-02,SAT2,1000,978,2025-01-17,"Anne, Chauhan and Garg"
B002081,PR00464,AA22-870,2023-11-25,2025-11-25,MAIN,500,194,2024-02-08,"Batra, Gandhi and Grewal"
B002082,PR00464,AAR72757,2024-10-13,2026-04-13,MAIN,200,146,2025-02-10,Prabhu LLC
B002083,PR00464,A7044788,2023-12-17,2025-06-17,MAIN,100,0,2024-04-19,Bali LLC
B002084,PR00464,22A3143,2024-08-02,2026-02-02,MAIN,100,18,2024-12-17,Banerjee-Kar
B002085,PR00465,INJ46122,2023-07-22,2025-07-22,MAIN,250,49,2024-03-01,Dugar LLC
B002086,PR00465,INJ25L134,2024-10-12,2026-10-12,MAIN,100,90,2025-04-22,Kota and Sons
B002087,PR00465,I3937781,2023-06-26,2024-12-26,MAIN,1000,631,2024-01-19,Ahuja and Sons
B002088,PR00465,INJ32703,2024-05-10,2026-05-10,SAT2,1000,929,2024-07-09,Parmar Inc
B002089,PR00465,INJ85578,2024-03-04,2025-09-04,MAIN,200,71,2024-05-30,Dube LLC
B002090,PR00466,NO25-211,2024-02-01,2025-08-01,MAIN,250,99,2024-08-24,"Narula, Padmanabhan and Bhargava"
B002091,PR00466,NOE93555,2023-09-07,2025-03-07,MAIN,200,0,2024-01-01,Kara LLC
B002092,PR00466,N5630314,2025-01-01,2026-07-01,SAT2,250,236,2025-04-25,Narasimhan-Bandi
B002093,PR00466,23N5723,2024-10-04,2026-10-04,MAIN,100,1,2024-11-15,Ravel PLC
B002094,PR00466,N7757748,2023-08-02,2025-02-02,MAIN,250,0,2024-02-17,"Mane, Joshi and Hari"
B002095,PR00467,A4988738,2023-12-08,2026-12-08,SAT2,500,487,2024-02-23,Hans and Sons
B002096,PR00467,AXA22K134,2024-06-13,2026-06-13,MAIN,500,485,2024-09-29,Koshy-Ramesh
B002097,PR00467,AXA24D328,2024-05-18,2026-05-18,MAIN,250,240,2024-11-27,Sandhu and Sons
B002098,PR00468,CO23-080,2023-10-26,2026-10-26,MAIN,100,0,2024-05-02,Yogi Inc
B002099,PR00468,22C7362,2023-09-28,2025-03-28,MAIN,100,0,2024-02-22,Yohannan-Kashyap
B002100,PR00468,CO25-513,2024-01-03,2025-07-03,SAT1,500,492,2024-06-11,Date LLC
B002101,PR00468,CO23-800,2024-02-05,2026-02-05,MAIN,250,161,2024-07-02,Chana-Edwin
B002102,PR00468,CO25-466,2023-11-01,2026-11-01,MAIN,1000,609,2024-03-04,"Bhandari, Sawhney and Nath"
B002103,PR00469,SAF18977,2024-08-10,2026-08-10,MAIN,200,191,2024-10-30,"Ramaswamy, Munshi and Desai"
B002104,PR00469,SAF24J099,2023-09-26,2025-03-26,MAIN,200,168,2024-04-09,Dalal and Sons
B002105,PR00469,25S1096,2024-02-01,2026-02-01,SAT1,200,123,2024-06-21,Taneja Group
B002106,PR00470,SYM22L301,2024-12-21,2026-12-21,SAT2,500,479,2025-05-26,Borra Group
B002107,PR00470,25S9267,2024-03-08,2025-09-08,MAIN,200,86,2024-05-07,More-Prabhu
B002108,PR00470,SYM60067,2023-08-28,2026-08-28,SAT1,1000,846,2024-02-20,Dutta-Bhatti
B002109,PR00470,SY22-889,2024-03-26,2025-09-26,MAIN,200,82,2024-11-11,Rajagopalan and Sons
B002110,PR00470,SYM38233,2024-07-15,2027-07-15,MAIN,100,59,2024-10-29,"Loyal, Chander and Jani"
B002111,PR00470,25S2556,2024-11-16,2026-05-16,MAIN,250,103,2025-04-07,Oommen-Chaudhari
B002112,PR00471,SY25-090,2023-11-14,2025-05-14,MAIN,1000,956,2024-03-24,"Deo, Golla and Randhawa"
B002113,PR00471,S5931078,2024-10-26,2026-04-26,SAT2,100,95,2025-05-02,Borra-Karnik
B002114,PR00471,S8922163,2024-07-06,2027-07-06,SAT1,100,49,2024-08-22,Subramaniam LLC
B002115,PR00472,23C1014,2024-01-19,2027-01-19,MAIN,200,164,2024-08-04,Rattan and Sons
B002116,PR00472,CAD91821,2023-10-12,2025-10-12,MAIN,200,0,2024-01-07,Mahal-Solanki
B002117,PR00472,CAD24I231,2023-09-27,2025-09-27,MAIN,1000,746,2024-02-08,Dora-Trivedi
B002118,PR00472,C6709735,2024-07-22,2026-01-22,SAT1,1000,987,2024-10-16,"Rastogi, Krishnamurthy and Rajagopal"
B002119,PR00473,22N972,2024-06-05,2026-06-05,SAT1,200,158,2024-07-26,Dhar Ltd
B002120,PR00473,NE24-302,2023-08-26,2025-08-26,SAT1,500,377,2024-02-28,Sandal Inc
B002121,PR00473,NE24-335,2024-02-25,2026-02-25,SAT2,250,229,2024-05-11,Karnik-Bala
B002122,PR00473,NEM24680,2024-01-08,2026-01-08,MAIN,200,191,2024-07-18,Dutt Ltd
B002123,PR00473,24N5037,2023-12-16,2025-06-16,SAT1,100,0,2024-02-08,"Walia, Luthra and Murty"
B002124,PR00473,NE22-869,2024-11-26,2026-05-26,SAT2,500,492,2025-02-20,Madan Inc
B002125,PR00474,YE22-711,2024-11-21,2027-11-21,SAT1,500,500,2025-05-17,Ganesan Ltd
B002126,PR00474,22Y7587,2024-02-16,2027-02-16,MAIN,100,0,2024-09-25,Bhatnagar LLC
B002127,PR00474,YES41946,2024-03-27,2025-09-27,MAIN,1000,886,2024-08-26,"Karpe, Narula and Pant"
B002128,PR00474,YES22C046,2024-09-14,2027-09-14,MAIN,500,492,2025-03-27,Nadkarni Inc
B002129,PR00475,TAJ53330,2023-12-04,2026-12-04,SAT2,200,41,2024-03-23,Kadakia-Dewan
B002130,PR00475,TAJ24J221,2024-11-03,2026-11-03,MAIN,100,9,2025-01-09,Cheema LLC
B002131,PR00475,22T5561,2024-12-31,2027-12-31,SAT1,200,172,2025-03-30,Bawa PLC
B002132,PR00476,S8768001,2024-10-04,2026-10-04,MAIN,100,82,2025-04-20,Sundaram-Shenoy
B002133,PR00476,ST24-170,2023-08-30,2025-08-30,MAIN,100,0,2024-01-04,"Dey, Lal and Shukla"
B002134,PR00476,STA22H285,2024-06-09,2026-06-09,SAT1,250,243,2024-11-15,"Date, Prasad and Krishnamurthy"
B002135,PR00476,23S3036,2024-02-25,2027-02-25,SAT1,500,500,2024-09-13,Dube Inc
B002136,PR00477,SAR24F260,2024-08-09,2026-08-09,SAT2,100,51,2024-11-14,"Keer, Kumar and Nagy"
B002137,PR00477,SAR23F262,2024-04-23,2025-10-23,MAIN,500,339,2024-10-28,"Zacharia, Choudhary and Gole"
B002138,PR00477,SAR23H330,2025-03-31,2028-03-31,MAIN,100,100,2025-05-21,"Amble, Mittal and Subramanian"
B002139,PR00477,SAR22L202,2024-03-31,2026-03-31,MAIN,200,105,2024-06-08,Barman-Sankar
B002140,PR00477,SAR59649,2023-10-24,2026-10-24,MAIN,250,0,2024-02-06,Raja-Issac
B002141,PR00478,SIG26863,2025-03-19,2028-03-19,SAT2,250,236,2025-05-08,Keer and Sons
B002142,PR00478,SIG22D389,2024-03-20,2027-03-20,SAT2,500,456,2024-06-14,"Sani, Pandya and Chandran"
B002143,PR00478,SI24-483,2023-12-16,2026-12-16,MAIN,200,0,2024-08-01,Bhandari-Gandhi
B002144,PR00479,KA25-821,2024-01-21,2026-01-21,MAIN,500,189,2024-04-19,Sibal-Mann
B002145,PR00479,KAY9714,2024-09-28,2027-09-28,MAIN,500,477,2025-05-20,Maharaj-Bhandari
B002146,PR00479,KA24-447,2024-07-06,2026-01-06,SAT2,1000,967,2024-11-14,"Nath, Thakur and Parmer"
B002147,PR00479,K1346445,2024-04-21,2025-10-21,SAT2,200,191,2024-12-12,"Vyas, Wali and Handa"
B002148,PR00479,22K5387,2024-07-28,2027-07-28,MAIN,200,115,2024-11-08,"Garg, Nagi and Sarkar"
B002149,PR00480,TOR83508,2023-10-25,2025-10-25,MAIN,1000,623,2024-02-06,"Sridhar, Deshmukh and Ravel"
B002150,PR00480,23T1201,2024-06-21,2025-12-21,MAIN,250,68,2024-09-13,Badami Ltd
B002151,PR00480,T6981105,2024-07-01,2026-07-01,SAT1,100,77,2024-08-15,"Lata, Rao and Subramaniam"
B002152,PR00480,22T9362,2024-05-06,2025-11-06,MAIN,250,20,2024-06-07,Ganguly LLC
B002153,PR00480,TOR13660,2024-05-31,2026-05-31,SAT1,250,118,2024-07-19,Kalita-Nagar
B002154,PR00481,S9600719,2024-08-19,2026-08-19,SAT2,100,95,2025-01-16,"Prakash, Buch and Ramanathan"
B002155,PR00481,SEN22L050,2025-01-10,2028-01-10,MAIN,1000,994,2025-05-15,Dutt and Sons
B002156,PR00481,S6649202,2025-02-17,2027-02-17,SAT1,500,492,2025-04-30,Palla Inc
B002157,PR00481,SE25-501,2024-04-08,2025-10-08,MAIN,500,474,2024-09-21,Walla and Sons
B002158,PR00481,S6486096,2024-09-15,2027-09-15,SAT2,200,192,2025-01-08,Ravi-Ganguly
B002159,PR00481,S5166899,2024-11-11,2026-05-11,MAIN,1000,984,2025-01-02,Sekhon-Gera
B002160,PR00482,N4800666,2024-05-20,2027-05-20,SAT2,1000,895,2024-12-01,"Sabharwal, Gulati and Krishnamurthy"
B002161,PR00482,N4959185,2024-10-31,2026-10-31,SAT2,1000,969,2025-03-07,Arya Inc
B002162,PR00482,N6647565,2024-02-17,2025-08-17,MAIN,250,127,2024-05-10,Gaba and Sons
B002163,PR00482,N4572927,2024-09-24,2027-09-24,SAT2,200,200,2025-05-20,Chahal-Mani
B002164,PR00482,N8548753,2024-05-14,2027-05-14,MAIN,250,101,2024-09-25,"Gill, Apte and Arya"
B002165,PR00483,NEC25B228,2024-05-21,2025-11-21,SAT1,1000,986,2024-09-19,"Sahni, Ramesh and Garde"
B002166,PR00483,N8959722,2025-03-02,2026-09-02,MAIN,500,497,2025-05-28,"Sawhney, Baral and Desai"
B002167,PR00483,NEC24L337,2024-01-19,2025-07-19,MAIN,1000,969,2024-07-21,Rastogi-Acharya
B002168,PR00483,NE24-757,2024-11-17,2026-05-17,SAT2,1000,997,2025-02-23,Oommen-Ben
B002169,PR00483,24N3485,2023-11-13,2025-11-13,MAIN,1000,946,2024-01-10,"Patel, Sani and Hari"
B002170,PR00483,NEC25E086,2024-02-11,2027-02-11,MAIN,200,176,2024-04-28,Bhavsar Group
B002171,PR00484,Z7658928,2025-01-23,2027-01-23,SAT1,1000,1000,2025-05-26,Baral-Bahl
B002172,PR00484,ZEN25A318,2024-04-28,2027-04-28,MAIN,200,139,2024-09-26,"Kata, Borde and Bedi"
B002173,PR00484,ZEN40730,2024-02-07,2025-08-07,MAIN,1000,892,2024-08-14,"Chad, Kanda and Korpal"
B002174,PR00484,ZE25-248,2024-06-01,2027-06-01,SAT1,250,234,2024-08-09,Iyer-Yohannan
B002175,PR00485,24E4963,2024-04-06,2026-04-06,MAIN,500,426,2024-06-05,"Goel, Desai and Dyal"
B002176,PR00485,25E5021,2024-06-20,2026-06-20,MAIN,1000,934,2024-11-26,Sheth-Chander
B002177,PR00485,25E378,2023-12-29,2025-12-29,MAIN,1000,760,2024-04-07,Kapadia Group
B002178,PR00485,22E9364,2024-08-27,2027-08-27,MAIN,100,100,2025-04-18,Batra Group
B002179,PR00486,23S6207,2024-02-27,2025-08-27,MAIN,200,172,2024-07-15,Wadhwa and Sons
B002180,PR00486,S1086178,2025-01-05,2027-01-05,MAIN,200,198,2025-03-06,Sunder-Barad
B002181,PR00486,SA22-422,2024-06-04,2026-06-04,SAT2,1000,988,2025-01-04,Ratta-Mand
B002182,PR00486,24S4602,2024-04-15,2027-04-15,MAIN,250,246,2024-10-16,Choudhry-Sahota
B002183,PR00486,SAR58015,2024-11-26,2026-05-26,SAT2,250,250,2025-03-28,Som Group
B002184,PR00487,23S6377,2024-04-24,2027-04-24,MAIN,250,124,2024-07-06,Raman LLC
B002185,PR00487,SHR23K388,2024-07-08,2026-01-08,SAT2,250,176,2024-11-18,Vora Ltd
B002186,PR00487,S2321483,2024-03-14,2027-03-14,SAT1,100,90,2024-06-06,Anne-Aurora
B002187,PR00487,SH24-888,2024-12-03,2027-12-03,MAIN,500,455,2025-04-14,"Nanda, Kari and Sheth"
B002188,PR00487,SHR14671,2024-07-18,2026-01-18,SAT1,100,93,2024-11-17,Iyengar LLC
B002189,PR00488,25H7325,2023-12-10,2025-06-10,MAIN,1000,935,2024-07-24,Chana-Saxena
B002190,PR00488,HA24-774,2024-03-14,2027-03-14,SAT2,1000,978,2024-08-27,Din-Kapoor
B002191,PR00488,HAU80003,2023-06-30,2026-06-30,MAIN,250,0,2024-01-03,"Choudhry, Jha and Hora"
B002192,PR00488,HAU72307,2023-11-12,2025-05-12,MAIN,200,0,2024-03-01,Contractor-Arora
B002193,PR00488,HAU46055,2024-06-03,2025-12-03,SAT2,1000,976,2024-12-05,"Lad, Mandal and Chander"
B002194,PR00489,AL24-103,2023-09-11,2025-09-11,SAT1,200,120,2024-03-31,Mistry-Devan
B002195,PR00489,A2654981,2023-10-10,2026-10-10,MAIN,1000,678,2024-02-01,Chaudhary Group
B002196,PR00489,A3544658,2023-09-19,2025-03-19,MAIN,100,0,2024-04-24,Majumdar-Mani
B002197,PR00489,A4710485,2024-08-19,2027-08-19,SAT2,100,38,2025-01-01,Hegde Group
B002198,PR00489,ALG23G182,2024-12-28,2026-06-28,MAIN,500,494,2025-04-18,Shetty Group
B002199,PR00490,NE25-236,2023-06-18,2024-12-18,MAIN,250,0,2023-12-30,"Rama, Virk and Pathak"
B002200,PR00490,22N4052,2023-12-17,2025-12-17,MAIN,500,447,2024-04-23,Salvi-Balay
B002201,PR00490,24N6586,2024-12-17,2026-06-17,MAIN,1000,973,2025-02-25,Joshi-Krishnamurthy
B002202,PR00490,NEU40070,2025-02-08,2026-08-08,MAIN,1000,937,2025-03-24,"Master, Gole and Bath"
B002203,PR00490,NE25-516,2023-09-20,2025-03-20,SAT2,200,56,2024-01-31,Sangha-Boase
B002204,PR00491,25W5024,2025-01-01,2027-01-01,MAIN,100,52,2025-04-11,Narang-Oak
B002205,PR00491,WAN94850,2024-04-27,2026-04-27,MAIN,250,208,2024-09-29,Vaidya PLC
B002206,PR00491,WAN23I042,2024-12-31,2026-12-31,SAT2,200,200,2025-05-26,Bahri-Chadha
B002207,PR00491,WAN95671,2023-06-27,2026-06-27,MAIN,1000,660,2024-01-12,Gulati-Gera
B002208,PR00491,24W860,2023-09-12,2026-09-12,SAT1,200,177,2024-04-17,Goswami-Barman
B002209,PR00492,ANI97639,2024-03-13,2026-03-13,SAT2,100,0,2024-06-13,Mangat PLC
B002210,PR00492,ANI24J200,2023-07-31,2025-01-31,MAIN,250,0,2024-03-25,Saxena LLC
B002211,PR00492,ANI25H195,2024-04-21,2026-04-21,MAIN,500,340,2024-07-05,Loke-Brahmbhatt
B002212,PR00493,BI23-310,2024-05-22,2026-05-22,SAT2,200,168,2024-12-28,Ganguly-Kanda
B002213,PR00493,23B3428,2024-02-11,2025-08-11,MAIN,200,0,2024-07-14,Pai-Sangha
B002214,PR00493,BIO24I175,2023-06-09,2026-06-09,SAT1,200,139,2023-11-19,Hegde-Thaker
B002215,PR00493,BI23-253,2023-06-01,2024-12-01,MAIN,250,0,2023-12-03,Kumer-Sen
B002216,PR00494,GER25K279,2025-01-11,2028-01-11,MAIN,200,193,2025-04-21,"Apte, Gandhi and Parmer"
B002217,PR00494,GER20782,2023-11-10,2026-11-10,MAIN,250,208,2024-03-10,Wason-Pingle
B002218,PR00494,GE24-417,2024-03-19,2025-09-19,MAIN,250,241,2024-10-17,"Kar, Radhakrishnan and Devan"
B002219,PR00494,GE23-934,2023-09-20,2025-03-20,MAIN,1000,967,2024-02-29,Barman-Mand
B002220,PR00495,MIR90559,2024-08-09,2027-08-09,MAIN,500,491,2025-03-25,"Sibal, Ghose and Hora"
B002221,PR00495,MIR78757,2023-10-15,2026-10-15,MAIN,500,455,2024-04-28,"Saraf, Lata and Bhatnagar"
B002222,PR00495,M4091499,2023-11-18,2026-11-18,MAIN,100,80,2024-04-23,"Arora, Aggarwal and Nori"
B002223,PR00495,MIR25J194,2023-09-02,2026-09-02,MAIN,200,129,2023-12-22,Tella LLC
B002224,PR00495,24M3563,2024-07-29,2026-01-29,MAIN,500,477,2024-11-20,"Munshi, Subramaniam and Loyal"
B002225,PR00495,24M1529,2023-08-06,2026-08-06,MAIN,250,171,2023-12-19,Chand Group
B002226,PR00496,N9572092,2024-05-28,2025-11-28,SAT2,250,229,2024-11-14,"Mallick, Keer and Nagi"
B002227,PR00496,NEU22G293,2023-07-01,2025-01-01,MAIN,500,294,2023-11-09,"Babu, Bali and Kannan"
B002228,PR00496,NEU67313,2024-10-06,2027-10-06,MAIN,250,225,2025-04-15,Walla-Brahmbhatt
B002229,PR00496,25N8511,2023-07-21,2026-07-21,MAIN,100,0,2024-01-18,Sane-Bedi
B002230,PR00496,N6362373,2024-11-23,2027-11-23,MAIN,100,94,2025-03-13,Suresh-Roy
B002231,PR00496,22N6665,2023-06-27,2024-12-27,MAIN,100,0,2024-02-18,"Chandra, Memon and Kapadia"
B002232,PR00497,ABO42219,2025-02-13,2028-02-13,MAIN,500,497,2025-05-23,Tiwari-Virk
B002233,PR00497,25A729,2024-11-07,2026-05-07,MAIN,200,167,2025-04-25,Majumdar-Kala
B002234,PR00497,ABO24F250,2024-09-04,2027-09-04,SAT1,100,100,2025-04-16,Behl-Randhawa
B002235,PR00497,A5832986,2023-08-28,2025-02-28,MAIN,200,0,2023-12-31,"Prashad, Butala and Seth"
B002236,PR00497,AB23-329,2023-10-07,2025-10-07,SAT1,250,191,2023-11-08,"Panchal, Sagar and Kunda"
B002237,PR00498,BAX23B142,2024-05-19,2025-11-19,MAIN,250,225,2024-09-08,Sibal-Deep
B002238,PR00498,BAX24B366,2023-07-16,2026-07-16,MAIN,250,217,2024-02-26,"Rama, Kaur and Raval"
B002239,PR00498,BAX22K242,2025-01-05,2028-01-05,MAIN,250,245,2025-04-16,"Bhavsar, Pillai and Mishra"
B002240,PR00498,BAX25D182,2024-06-05,2027-06-05,MAIN,1000,976,2024-09-29,"Chahal, Venkataraman and Pradhan"
B002241,PR00499,L3977565,2024-01-27,2027-01-27,MAIN,500,350,2024-04-30,"Bandi, Bhasin and Dixit"
B002242,PR00499,LEE24J269,2023-06-24,2024-12-24,MAIN,250,133,2024-02-13,Soman-Ganesan
B002243,PR00499,LEE33360,2024-08-07,2026-08-07,MAIN,100,51,2024-10-09,"Choudhary, Apte and Varughese"
B002244,PR00499,24L1963,2023-11-26,2025-05-26,MAIN,1000,879,2024-06-23,Natt-Baria
B002245,PR00499,LEE24C286,2024-11-16,2027-11-16,MAIN,500,459,2025-02-22,"Sha, Rajan and Bahri"
B002246,PR00500,UN23-609,2024-01-24,2025-07-24,MAIN,500,333,2024-05-23,Keer-Patla
B002247,PR00500,U7918610,2024-03-23,2026-03-23,MAIN,1000,884,2024-10-31,Sangha-Bandi
B002248,PR00500,UNI26867,2023-11-12,2026-11-12,MAIN,1000,684,2023-12-18,Bansal-Kari
B002249,PR00501,ELW24K043,2023-06-28,2026-06-28,MAIN,1000,929,2024-02-17,"Kota, Sawhney and Loke"
B002250,PR00501,E7006873,2024-06-18,2027-06-18,SAT2,200,200,2024-12-24,Upadhyay-Korpal
B002251,PR00501,ELW30763,2024-11-09,2026-05-09,MAIN,250,244,2025-05-03,Bala Group
B002252,PR00501,ELW46692,2024-01-30,2026-01-30,SAT1,500,429,2024-05-22,Sarraf-Kakar
B002253,PR00501,ELW2474,2023-11-20,2026-11-20,SAT2,500,481,2024-06-17,Ravel Group
B002254,PR00502,TRO23L320,2023-12-25,2025-06-25,SAT1,100,72,2024-03-15,"Dara, Deshmukh and Goswami"
B002255,PR00502,T7599158,2024-07-23,2027-07-23,SAT2,250,243,2025-01-19,"Goswami, Salvi and Roy"
B002256,PR00502,TR24-714,2023-07-15,2025-01-15,MAIN,100,61,2024-02-06,Mand-Bumb
B002257,PR00502,TR22-545,2023-06-02,2024-12-02,MAIN,200,145,2024-01-26,"Babu, Vala and Seth"
B002258,PR00503,M3828108,2024-10-23,2027-10-23,SAT2,1000,968,2025-01-06,"Tripathi, Sankar and Narasimhan"
B002259,PR00503,MED24G324,2023-09-14,2025-09-14,SAT1,200,97,2024-01-19,Thakkar LLC
B002260,PR00503,ME25-996,2024-08-24,2026-02-24,MAIN,250,216,2024-12-05,"Batra, Ram and Sinha"
B002261,PR00503,MED24L029,2024-05-30,2025-11-30,MAIN,500,401,2024-09-07,Sachdeva and Sons
B002262,PR00503,23M9597,2024-05-23,2025-11-23,MAIN,500,288,2024-11-25,Gara-Varma
B002263,PR00504,SUN28250,2025-01-03,2027-01-03,MAIN,1000,994,2025-04-15,"Thakur, Subramaniam and Ratta"
B002264,PR00504,SUN23C069,2024-12-18,2027-12-18,MAIN,100,96,2025-02-22,Murty Ltd
B002265,PR00504,SUN70332,2024-09-23,2026-09-23,MAIN,500,491,2025-03-02,Bains-Mittal
B002266,PR00504,SU25-604,2024-02-21,2026-02-21,MAIN,250,233,2024-09-25,"Devi, Dewan and Dalal"
B002267,PR00505,S8839902,2024-11-24,2026-05-24,MAIN,500,417,2025-01-15,"Shah, Bhargava and Lala"
B002268,PR00505,SYC24A367,2023-09-27,2025-03-27,MAIN,1000,621,2024-04-20,"Sami, Brahmbhatt and Ratti"
B002269,PR00505,SYC24G056,2025-01-26,2027-01-26,SAT2,500,500,2025-05-23,"Savant, Balan and Ray"
B002270,PR00506,HEA27892,2023-06-16,2026-06-16,MAIN,200,143,2023-12-12,Jha-Grover
B002271,PR00506,HEA33727,2024-03-16,2025-09-16,SAT1,500,425,2024-05-15,Boase Group
B002272,PR00506,HE24-696,2024-05-26,2025-11-26,SAT2,100,92,2024-12-13,Aurora Group
B002273,PR00506,HEA29472,2024-10-22,2026-10-22,SAT1,500,467,2025-01-07,Goel PLC
B002274,PR00506,HEA47508,2024-07-04,2026-07-04,MAIN,1000,983,2024-09-10,"Buch, Yadav and Dutta"
B002275,PR00507,PAR24E123,2023-10-21,2025-04-21,SAT1,200,85,2023-11-21,Dar-Dube
B002276,PR00507,23P6273,2023-07-08,2026-07-08,MAIN,1000,678,2024-02-01,Naidu-Jani
B002277,PR00507,PAR24C142,2024-11-11,2026-11-11,SAT2,1000,962,2025-01-17,Sheth Inc
B002278,PR00507,P4080255,2023-11-20,2025-11-20,MAIN,200,4,2024-01-09,Ahuja-Walla
B002279,PR00507,PAR93577,2023-10-01,2025-10-01,SAT2,100,0,2024-01-05,Morar-Lala
B002280,PR00507,PA24-358,2024-06-17,2027-06-17,SAT2,500,477,2024-10-22,Ravel PLC
B002281,PR00508,24P768,2024-03-11,2027-03-11,SAT1,250,244,2024-07-24,Dugar-Balan
B002282,PR00508,23P2348,2023-11-21,2026-11-21,MAIN,250,0,2024-07-11,Wason Ltd
B002283,PR00508,PIN25J146,2024-02-12,2025-08-12,MAIN,200,55,2024-05-31,"Keer, Chahal and Khanna"
B002284,PR00509,VAT24I390,2024-05-11,2027-05-11,MAIN,100,18,2024-12-02,Mittal-Bahl
B002285,PR00509,VA25-644,2023-11-03,2025-11-03,MAIN,500,304,2024-04-03,Mandal LLC
B002286,PR00509,VAT23K158,2025-01-09,2026-07-09,MAIN,200,191,2025-04-22,"Sahota, Sengupta and Bala"
B002287,PR00510,MAT24E352,2024-08-25,2026-02-25,MAIN,250,159,2025-04-11,Gola-Bhatt
B002288,PR00510,MAT25H311,2023-09-26,2026-09-26,MAIN,100,0,2024-02-16,"Oak, Yohannan and Sarna"
B002289,PR00510,MAT31828,2024-12-09,2026-12-09,MAIN,200,197,2025-05-24,Agate LLC
B002290,PR00510,MAT25I280,2023-08-01,2026-08-01,SAT1,500,426,2024-02-06,Wali-Gaba
B002291,PR00511,TO25-269,2024-09-02,2026-03-02,SAT1,1000,997,2024-10-13,Kata-Vala
B002292,PR00511,TOR70856,2024-02-28,2025-08-28,SAT2,500,474,2024-09-27,"Mall, Korpal and Bhagat"
B002293,PR00511,TO25-475,2024-01-20,2027-01-20,MAIN,100,0,2024-09-13,"Din, Borra and Shukla"
B002294,PR00512,MED34344,2024-09-12,2026-03-12,MAIN,250,237,2024-10-22,"Yohannan, Choudhury and Sachdeva"
B002295,PR00512,22M7434,2024-01-10,2027-01-10,MAIN,500,476,2024-08-05,Thakkar-Ahluwalia
B002296,PR00512,MED22C146,2023-08-02,2025-02-02,MAIN,100,60,2023-11-25,Puri-Madan
B002297,PR00512,MED52787,2024-10-25,2027-10-25,MAIN,500,495,2025-01-18,"Kapadia, Comar and Oza"
B002298,PR00512,22M6500,2024-03-20,2025-09-20,SAT2,100,91,2024-10-17,"Wable, Ben and Chauhan"
B002299,PR00513,WO24-053,2023-10-04,2026-10-04,SAT1,200,140,2024-02-16,Krishnan-Dhar
B002300,PR00513,WO22-338,2023-09-11,2026-09-11,MAIN,100,0,2024-03-13,"Vaidya, Chander and Narasimhan"
B002301,PR00513,25W7094,2024-09-04,2026-03-04,MAIN,1000,912,2025-01-22,Iyengar Group
B002302,PR00514,25U7862,2025-01-01,2028-01-01,SAT2,100,100,2025-03-09,Contractor Group
B002303,PR00514,U3088198,2024-08-14,2027-08-14,MAIN,1000,987,2024-12-25,Dugal Group
B002304,PR00514,UN23-355,2023-06-15,2024-12-15,SAT1,1000,834,2023-11-11,"Misra, Basak and Sehgal"
B002305,PR00515,22S9739,2025-01-03,2027-01-03,MAIN,200,109,2025-03-29,Jani Inc
B002306,PR00515,STA69761,2024-09-07,2026-09-07,SAT1,200,200,2024-11-09,"Zacharia, Balay and Vasa"
B002307,PR00515,ST23-068,2025-01-09,2028-01-09,SAT2,200,200,2025-03-21,"Bhatti, Sha and Dutta"
B002308,PR00516,23V5273,2025-03-19,2028-03-19,MAIN,250,247,2025-04-20,Doctor-Wadhwa
B002309,PR00516,VEN76358,2024-09-27,2027-09-27,SAT2,1000,991,2024-10-28,Sachdeva PLC
B002310,PR00516,VE24-338,2023-10-05,2026-10-05,SAT1,500,483,2024-05-04,Minhas LLC
B002311,PR00516,VEN9618,2024-05-05,2026-05-05,MAIN,500,483,2024-07-13,"Narain, Balan and Bahl"
B002312,PR00517,T4615415,2024-06-26,2025-12-26,SAT2,500,451,2024-11-15,Din-Varty
B002313,PR00517,TR24-891,2024-01-06,2026-01-06,MAIN,250,18,2024-04-13,"Nori, Gour and Sibal"
B002314,PR00517,T8382735,2023-08-25,2025-08-25,MAIN,100,0,2024-01-26,"Majumdar, Chakrabarti and Borra"
B002315,PR00517,TRI25E250,2023-11-12,2025-05-12,MAIN,100,0,2024-02-26,Zacharia-Agate
B002316,PR00518,CA22-488,2024-08-09,2026-02-09,SAT1,200,200,2025-03-09,Chowdhury-Rajan
B002317,PR00518,24C6698,2024-11-20,2027-11-20,SAT2,100,92,2025-02-28,Garg Group
B002318,PR00518,CAP22E072,2024-01-08,2025-07-08,MAIN,200,4,2024-05-14,Ramanathan-Deo
B002319,PR00519,KI22-668,2023-09-18,2025-03-18,MAIN,100,0,2023-12-07,Bali PLC
B002320,PR00519,K6561466,2024-10-07,2026-10-07,SAT1,200,200,2024-12-19,Badal and Sons
B002321,PR00519,KI23-244,2024-04-11,2027-04-11,MAIN,250,18,2024-07-10,"Dar, Shan and Bhandari"
B002322,PR00519,22K9379,2024-10-09,2026-10-09,SAT2,500,445,2024-11-13,"Gill, Sama and Hayer"
B002323,PR00520,MI23-906,2023-10-13,2025-10-13,MAIN,200,154,2024-02-26,"Lalla, Mand and Luthra"
B002324,PR00520,MIC23K365,2024-06-14,2026-06-14,SAT1,500,434,2024-08-16,Nanda PLC
B002325,PR00520,MIC18748,2024-03-28,2025-09-28,MAIN,250,226,2024-09-12,Gour-Kulkarni
B002326,PR00520,MIC24C079,2024-10-28,2027-10-28,MAIN,200,197,2025-01-22,Vig-Sundaram
B002327,PR00521,AS25-448,2023-11-21,2025-11-21,MAIN,500,426,2024-05-23,Bumb and Sons
B002328,PR00521,A8533708,2023-08-20,2025-08-20,MAIN,100,0,2024-02-27,Merchant Ltd
B002329,PR00521,25A1241,2024-08-30,2026-02-28,MAIN,200,175,2024-11-20,"Dhar, Misra and Gaba"
B002330,PR00521,ASV23A078,2023-12-25,2025-06-25,MAIN,200,164,2024-08-10,"Prakash, Kale and Reddy"
B002331,PR00521,ASV1055,2023-10-01,2026-10-01,MAIN,500,202,2024-04-19,"Bahl, Chana and Dugal"
B002332,PR00522,ORA1484,2023-12-04,2025-06-04,SAT2,1000,967,2024-01-06,Shanker LLC
B002333,PR00522,OR22-697,2024-05-02,2026-05-02,SAT2,500,491,2024-10-06,Andra and Sons
B002334,PR00522,ORA78321,2023-08-14,2025-02-14,MAIN,100,57,2023-12-12,"Lata, Seth and Ravel"
B002335,PR00522,O4529365,2024-07-22,2026-01-22,MAIN,250,228,2024-10-18,"Bhargava, Krish and Puri"
B002336,PR00522,OR24-335,2024-06-25,2025-12-25,SAT1,1000,994,2024-12-11,"Sen, Acharya and Deo"
B002337,PR00522,ORA22K389,2024-08-05,2026-08-05,MAIN,250,239,2025-01-08,Kibe-Prashad
B002338,PR00523,OLA78757,2023-11-13,2026-11-13,SAT1,500,421,2024-04-20,Deol-Morar
B002339,PR00523,OLA47547,2023-07-17,2025-01-17,MAIN,100,63,2024-03-12,Pandey LLC
B002340,PR00523,23O9578,2023-11-10,2025-05-10,MAIN,250,243,2024-06-24,Sandal LLC
B002341,PR00523,OLA24F113,2024-07-12,2026-07-12,MAIN,200,192,2025-01-01,"Buch, Walia and Sarraf"
B002342,PR00524,ME22-576,2024-11-18,2027-11-18,MAIN,100,97,2025-05-25,Mallick-Babu
B002343,PR00524,22M8349,2024-04-22,2027-04-22,MAIN,200,170,2024-06-24,Ratta Ltd
B002344,PR00524,23M8389,2024-02-28,2027-02-28,SAT1,250,241,2024-08-30,Uppal-Din
B002345,PR00524,ME23-688,2024-08-01,2026-08-01,MAIN,500,484,2025-01-20,Pandey Ltd
B002346,PR00524,M9586132,2023-08-29,2025-02-28,MAIN,1000,973,2024-03-20,"Seth, Tara and Kothari"
B002347,PR00525,C4934460,2024-07-22,2026-07-22,MAIN,200,187,2024-08-22,"Pingle, Malhotra and Ratta"
B002348,PR00525,CF23-509,2023-10-12,2026-10-12,SAT2,500,490,2024-03-30,Doshi-Hora
B002349,PR00525,CFL99991,2024-03-01,2026-03-01,SAT1,100,39,2024-07-28,Kashyap Group
B002350,PR00526,ALE37359,2023-09-26,2026-09-26,MAIN,100,0,2024-05-07,Raj Group
B002351,PR00526,A4168911,2024-02-12,2026-02-12,MAIN,250,204,2024-07-15,Wadhwa-Reddy
B002352,PR00526,AL23-584,2025-02-09,2028-02-09,MAIN,1000,978,2025-04-09,Borah-Dayal
B002353,PR00526,A6484620,2025-01-14,2026-07-14,SAT2,250,247,2025-04-27,Mukherjee-Sundaram
B002354,PR00526,22A8502,2023-06-10,2026-06-10,MAIN,250,0,2023-11-20,"Ghosh, Deshmukh and Bedi"
B002355,PR00527,Z6124608,2024-11-17,2026-11-17,SAT1,250,198,2025-02-05,Grewal-Vohra
B002356,PR00527,24Z9250,2024-11-28,2027-11-28,MAIN,500,500,2025-05-08,Gour-Gandhi
B002357,PR00527,ZIO24B287,2023-10-03,2025-04-03,MAIN,500,417,2024-05-02,Dave-Apte
B002358,PR00527,Z6496139,2024-11-12,2026-11-12,MAIN,200,162,2025-03-14,Saha-Rao
B002359,PR00527,Z8028036,2024-12-27,2026-06-27,SAT2,100,75,2025-02-15,Setty PLC
B002360,PR00528,B2726586,2024-02-17,2025-08-17,SAT1,250,243,2024-07-03,"Reddy, Goel and Gulati"
B002361,PR00528,BI22-045,2024-09-17,2026-03-17,MAIN,500,367,2025-03-01,Purohit-Dubey
B002362,PR00528,24B9671,2024-10-24,2026-04-24,SAT2,500,443,2024-12-31,"Kota, Kale and Nagi"
B002363,PR00528,BIO22C381,2024-07-07,2026-01-07,MAIN,200,115,2025-01-05,"Sood, Ratta and Varma"
B002364,PR00528,B9852202,2023-06-19,2024-12-19,SAT1,250,163,2024-01-11,Tandon-Seshadri
B002365,PR00528,25B311,2024-01-14,2025-07-14,SAT2,250,114,2024-04-29,"Grover, Pradhan and Saraf"
B002366,PR00529,AB22-058,2023-12-02,2026-12-02,SAT1,500,430,2024-06-25,Mitra Inc
B002367,PR00529,ABB24E078,2024-06-19,2026-06-19,MAIN,500,464,2024-12-26,Kumar PLC
B002368,PR00529,ABB23J345,2024-02-23,2027-02-23,MAIN,250,41,2024-05-14,Bawa PLC
B002369,PR00529,A6022365,2024-05-03,2027-05-03,SAT1,250,199,2024-08-06,Koshy-Chandran
B002370,PR00529,AB25-691,2024-05-07,2026-05-07,MAIN,100,29,2024-11-22,Iyengar-Wable
B002371,PR00530,BAJ23F232,2024-01-08,2027-01-08,MAIN,200,0,2024-07-30,"Gupta, Chad and Dubey"
B002372,PR00530,BAJ22K070,2023-11-20,2025-11-20,SAT2,500,401,2024-02-12,Rau Inc
B002373,PR00530,B4376856,2023-11-23,2025-11-23,MAIN,100,0,2024-01-22,Agrawal Inc
B002374,PR00531,24A8889,2023-10-26,2026-10-26,SAT1,100,0,2024-01-11,Mishra-Bawa
B002375,PR00531,ALE22D385,2024-09-06,2026-09-06,MAIN,500,481,2024-10-17,"Shukla, Rastogi and Din"
B002376,PR00531,25A7631,2024-09-16,2026-03-16,SAT1,1000,967,2024-10-30,"Bhavsar, Mody and Karan"
B002377,PR00531,AL23-315,2024-04-10,2027-04-10,SAT1,250,195,2024-10-03,Mane Ltd
B002378,PR00531,ALE51739,2023-10-12,2025-10-12,SAT2,100,77,2023-12-21,"Bobal, Kalla and Mital"
B002379,PR00531,24A3074,2024-02-12,2026-02-12,MAIN,500,473,2024-06-26,Badal and Sons
B002380,PR00532,CIP93447,2024-09-13,2026-03-13,SAT2,100,62,2024-11-23,"Tandon, Nagy and Doshi"
B002381,PR00532,C3318856,2025-02-16,2028-02-16,MAIN,500,468,2025-04-02,"Singhal, Deo and Bali"
B002382,PR00532,CIP22I339,2023-12-18,2026-12-18,MAIN,100,0,2024-08-01,"Zachariah, Saran and Narang"
B002383,PR00532,CIP67307,2023-06-24,2026-06-24,MAIN,100,0,2024-02-17,"Rajagopal, Mishra and Dutta"
B002384,PR00532,CI25-619,2024-09-07,2026-03-07,SAT1,500,495,2024-11-08,"Deshmukh, Minhas and Apte"
B002385,PR00533,N2683517,2024-02-23,2027-02-23,MAIN,100,0,2024-07-24,Dora-Bhakta
B002386,PR00533,NA22-173,2024-05-01,2025-11-01,SAT1,500,445,2024-10-03,"Goswami, Kaur and Nayar"
B002387,PR00533,NA22-586,2023-06-03,2024-12-03,SAT1,200,121,2023-12-25,Balasubramanian PLC
B002388,PR00533,NAT23C335,2024-03-25,2025-09-25,MAIN,100,84,2024-11-18,Sandhu-Sangha
B002389,PR00534,22W8668,2023-06-16,2025-06-16,SAT1,1000,910,2023-12-20,"Chaudry, Lal and Rattan"
B002390,PR00534,W7740346,2024-05-26,2027-05-26,MAIN,250,212,2024-11-03,Bandi Ltd
B002391,PR00534,WEL22H121,2024-04-19,2026-04-19,SAT2,100,15,2024-05-20,Ratti-Walla
B002392,PR00534,WEL25D219,2024-04-03,2026-04-03,MAIN,100,0,2024-08-30,Agrawal Inc
B002393,PR00534,23W2487,2024-09-21,2026-09-21,SAT1,200,200,2025-01-20,Patla-Korpal
B002394,PR00534,W7488005,2024-09-20,2026-03-20,MAIN,100,43,2024-12-03,"Agate, Sen and Rege"
B002395,PR00535,22Y8613,2023-12-06,2026-12-06,MAIN,1000,699,2024-01-13,Chaudhry-Vora
B002396,PR00535,YAX44223,2024-11-18,2026-11-18,SAT2,500,484,2024-12-26,Nath-Srinivasan
B002397,PR00535,YAX29500,2023-08-14,2025-08-14,MAIN,100,0,2023-11-28,Mannan Inc
B002398,PR00536,SUN22G284,2023-10-30,2026-10-30,MAIN,200,0,2024-01-12,Kota-Mohanty
B002399,PR00536,SU23-945,2023-09-09,2025-03-09,MAIN,1000,784,2023-11-02,Kurian-Dara
B002400,PR00536,SU24-130,2024-08-11,2026-08-11,SAT1,500,500,2024-11-01,"Gade, Nadkarni and Kar"
B002401,PR00536,23S8190,2024-06-13,2025-12-13,SAT1,1000,986,2024-12-31,Hari Group
B002402,PR00536,SUN2685,2024-07-23,2026-01-23,SAT2,1000,980,2025-02-10,"Mutti, Ravel and Chatterjee"
B002403,PR00536,S6742258,2023-08-05,2025-02-05,MAIN,100,0,2023-12-24,Ben Group
B002404,PR00537,ME24-085,2024-11-03,2026-05-03,SAT1,1000,1000,2025-03-03,Tandon-Hegde
B002405,PR00537,ME22-431,2023-08-16,2025-08-16,SAT2,100,0,2024-02-08,"Gara, Borah and Taneja"
B002406,PR00537,25M5303,2024-04-20,2026-04-20,MAIN,200,67,2024-06-18,Bhatia-Kara
B002407,PR00537,25M6538,2024-10-28,2026-10-28,MAIN,500,232,2024-12-08,Chadha-Gola
B002408,PR00538,22M8479,2024-08-04,2027-08-04,MAIN,200,118,2025-03-15,Din Ltd
B002409,PR00538,MSN87783,2024-07-12,2026-01-12,SAT2,250,220,2024-10-04,Bobal-Issac
B002410,PR00538,23M9981,2023-11-05,2025-05-05,SAT1,1000,933,2024-01-05,"Sule, Hari and Kade"
B002411,PR00538,24M482,2024-10-07,2026-10-07,MAIN,200,135,2025-04-15,Baria-Gupta
B002412,PR00538,24M3768,2023-10-21,2025-10-21,MAIN,500,0,2024-03-23,Gour-Memon
B002413,PR00538,M2676439,2023-09-17,2026-09-17,MAIN,100,0,2023-11-07,Maharaj-Sen
B002414,PR00539,KAR24G063,2024-02-07,2025-08-07,MAIN,250,225,2024-07-11,Acharya-Madan
B002415,PR00539,KAR23L110,2025-01-04,2028-01-04,SAT1,250,250,2025-04-14,Sankar-Bal
B002416,PR00539,KAR6951,2023-08-03,2025-02-03,MAIN,1000,939,2023-11-12,Warrior-Sagar
B002417,PR00539,KAR22G294,2024-10-27,2026-10-27,MAIN,1000,991,2025-03-09,Kar LLC
B002418,PR00539,25K3873,2024-10-01,2027-10-01,SAT2,100,96,2024-10-31,Ahluwalia Ltd
B002419,PR00540,EL24-728,2023-10-10,2025-04-10,MAIN,200,48,2024-05-28,Sachdev-Nagy
B002420,PR00540,EL24-801,2024-07-11,2026-07-11,MAIN,250,167,2024-09-18,Bora Group
B002421,PR00540,EL23-177,2024-07-20,2027-07-20,SAT2,500,443,2025-03-06,"Bandi, Parikh and Chakraborty"
B002422,PR00540,EL24-888,2024-07-02,2026-07-02,MAIN,250,180,2025-02-18,Khare-Ganesan
B002423,PR00540,EL25-418,2024-09-21,2027-09-21,MAIN,100,50,2024-12-05,"Palan, Brar and Loyal"
B002424,PR00540,ELL25C223,2024-11-04,2026-11-04,MAIN,100,2,2025-02-23,Rajagopal-Hans
B002425,PR00541,CH22-763,2023-07-23,2025-01-23,SAT1,1000,924,2024-01-11,Bansal-Borah
B002426,PR00541,CH23-909,2024-09-30,2026-09-30,MAIN,200,41,2024-11-10,"Pandya, Upadhyay and Agarwal"
B002427,PR00541,CHE73175,2023-08-24,2025-02-24,MAIN,250,53,2023-12-09,Pal-Brar
B002428,PR00541,CH24-118,2024-10-11,2026-10-11,SAT2,500,453,2025-01-01,"Chandran, Nagi and Seth"
B002429,PR00541,CH23-296,2024-12-06,2026-12-06,MAIN,100,59,2025-02-16,Madan-Ramanathan
B002430,PR00542,S4016232,2023-10-02,2026-10-02,MAIN,100,30,2023-12-21,"Pau, Kothari and Dada"
B002431,PR00542,SOI46489,2024-04-12,2027-04-12,MAIN,1000,962,2024-05-20,Batta-Swamy
B002432,PR00542,SO22-574,2023-09-23,2025-03-23,MAIN,1000,949,2024-02-06,Agate-Bedi
B002433,PR00542,S6966654,2023-07-15,2025-01-15,MAIN,500,462,2024-03-10,Apte-Korpal
B002434,PR00542,S9055476,2023-08-08,2025-02-08,SAT2,200,160,2023-12-26,Mukhopadhyay LLC
B002435,PR00542,SO23-231,2024-03-07,2026-03-07,MAIN,100,85,2024-09-30,Dalal-Zacharia
B002436,PR00543,BAG93184,2023-09-15,2025-09-15,SAT2,250,94,2024-01-14,Badami-Kothari
B002437,PR00543,24B1878,2023-05-17,2025-05-17,MAIN,1000,600,2023-12-02,"Doctor, Gokhale and Bumb"
B002438,PR00543,24B9804,2023-04-02,2024-10-02,MAIN,100,0,2023-11-13,"Bajwa, Kadakia and Raja"
B002439,PR00543,23B1992,2024-04-14,2026-04-14,MAIN,250,49,2024-10-24,Dyal-Baral
B002440,PR00543,B3936573,2023-08-14,2026-08-14,MAIN,500,101,2024-02-02,Varkey LLC
B002441,PR00543,BAG74180,2023-07-17,2026-07-17,MAIN,500,69,2023-12-11,"Rastogi, Mallick and Bail"
B002442,PR00544,JAS22G383,2023-12-10,2026-12-10,SAT1,500,383,2024-01-27,"Saxena, Walla and Zachariah"
B002443,PR00544,22J3907,2024-01-27,2026-01-27,SAT2,1000,972,2024-08-03,Doshi Group
B002444,PR00544,JAS63659,2024-03-03,2025-09-03,MAIN,100,37,2024-10-24,Dugar-Nigam
B002445,PR00545,23M6567,2024-04-26,2025-10-26,MAIN,200,59,2024-10-06,Raja LLC
B002446,PR00545,MMC23L045,2023-08-07,2026-08-07,MAIN,500,155,2024-02-29,"Sarkar, Jhaveri and Jani"
B002447,PR00545,M9326320,2023-11-24,2025-11-24,MAIN,500,251,2024-06-16,"Khalsa, Oommen and Sahni"
B002448,PR00545,MM23-931,2024-07-17,2027-07-17,SAT2,250,250,2025-02-14,Iyengar Inc
B002449,PR00545,22M1440,2023-09-03,2025-09-03,MAIN,100,0,2023-12-24,Sidhu LLC
B002450,PR00546,IND23K124,2024-01-25,2027-01-25,MAIN,250,175,2024-09-08,Bail-Thakur
B002451,PR00546,23I9538,2024-12-05,2026-12-05,SAT1,100,100,2025-02-28,"Bera, Sankaran and Sura"
B002452,PR00546,23I5893,2023-11-25,2025-11-25,SAT1,100,0,2024-01-13,Tiwari Ltd
B002453,PR00546,25I4095,2024-03-13,2026-03-13,MAIN,250,0,2024-04-14,"Subramanian, Basak and Ganguly"
B002454,PR00547,25H9563,2023-08-11,2025-08-11,SAT2,500,479,2024-01-17,Dalal PLC
B002455,PR00547,HEA90556,2023-05-25,2024-11-25,MAIN,500,468,2023-12-19,"Chanda, Zachariah and Manda"
B002456,PR00547,22H2904,2023-11-05,2025-11-05,MAIN,100,67,2024-04-23,Brar Inc
B002457,PR00547,22H3559,2024-01-01,2026-01-01,MAIN,200,175,2024-05-04,Dhillon Group
B002458,PR00548,ALB26697,2024-02-10,2027-02-10,MAIN,250,164,2024-09-20,Chaudhry-Char
B002459,PR00548,A4843030,2023-12-04,2025-12-04,MAIN,100,0,2024-03-16,Yogi-Majumdar
B002460,PR00548,ALB81030,2024-03-12,2025-09-12,MAIN,200,84,2024-10-18,"Nigam, Batta and Oza"
B002461,PR00549,SMA50450,2024-11-28,2026-05-28,MAIN,100,84,2025-01-02,Rastogi and Sons
B002462,PR00549,SMA23H238,2023-11-02,2026-11-02,MAIN,250,197,2024-02-08,Dar Inc
B002463,PR00549,SM22-466,2023-08-26,2026-08-26,MAIN,200,141,2024-01-24,"Rau, Bali and Merchant"
B002464,PR00549,22S7574,2024-01-01,2025-07-01,MAIN,250,208,2024-05-29,Dutt-Din
B002465,PR00549,SMA79183,2023-05-21,2024-11-21,MAIN,100,66,2024-01-12,Murthy and Sons
B002466,PR00549,SMA37361,2023-08-23,2025-02-23,MAIN,100,45,2023-11-28,"Singhal, Amble and Soni"
B002467,PR00550,ED23-418,2024-10-28,2027-10-28,SAT2,250,245,2025-02-06,Mahajan-Patla
B002468,PR00550,ED23-846,2023-05-05,2026-05-05,MAIN,500,121,2023-12-25,"Mallick, Minhas and Srinivasan"
B002469,PR00550,ED24-774,2025-03-09,2028-03-09,SAT1,1000,990,2025-05-13,"Bhandari, Wali and Devan"
B002470,PR00551,OTS25J369,2024-10-07,2027-10-07,MAIN,250,250,2025-05-22,"Hegde, Buch and Sawhney"
B002471,PR00551,OTS23B057,2024-05-28,2026-05-28,SAT1,500,481,2024-08-05,Mann Group
B002472,PR00551,23O8288,2025-01-28,2027-01-28,MAIN,500,498,2025-04-20,"Borah, Nori and Kohli"
B002473,PR00551,O8913251,2024-08-14,2026-08-14,SAT2,250,248,2025-03-29,"Magar, Sama and Sunder"
B002474,PR00552,RIS22C378,2024-04-15,2027-04-15,MAIN,250,239,2024-07-21,Reddy-Deo
B002475,PR00552,25R5380,2023-11-28,2025-11-28,MAIN,250,219,2024-02-21,Gole-Kothari
B002476,PR00552,RIS25C281,2024-12-17,2026-06-17,MAIN,100,94,2025-03-19,Prashad-Agate
B002477,PR00553,KAV25A280,2024-01-20,2027-01-20,SAT2,1000,940,2024-08-09,Kata-Arya
B002478,PR00553,K7495761,2024-01-26,2025-07-26,MAIN,500,390,2024-09-05,Rajagopalan Inc
B002479,PR00553,KA24-505,2024-06-25,2026-06-25,MAIN,500,335,2025-01-14,"Warrior, Mitra and Babu"
B002480,PR00553,25K761,2024-04-06,2026-04-06,MAIN,1000,796,2024-08-16,Prakash Group
B002481,PR00553,KAV22L197,2024-05-16,2025-11-16,MAIN,200,9,2024-11-25,"Sen, Ahuja and Kalita"
B002482,PR00554,NEL23H183,2023-11-26,2025-05-26,SAT2,250,188,2024-03-17,Varughese-Rattan
B002483,PR00554,NEL25L005,2024-06-04,2025-12-04,MAIN,100,0,2024-07-28,Narayanan Inc
B002484,PR00554,N9357975,2024-04-23,2026-04-23,MAIN,250,10,2024-10-14,Khalsa-Barman
B002485,PR00554,23N2464,2025-03-20,2026-09-20,SAT1,500,500,2025-05-09,Randhawa-Khare
B002486,PR00555,KRI25L075,2023-07-18,2025-07-18,SAT1,1000,950,2023-11-25,Anand-Prabhakar
B002487,PR00555,KR25-622,2024-02-14,2026-02-14,MAIN,100,0,2024-08-18,Dayal Ltd
B002488,PR00555,KRI23C265,2023-07-22,2025-07-22,MAIN,100,0,2023-11-08,"Chahal, Sanghvi and Lata"
B002489,PR00555,KRI3989,2024-09-02,2026-03-02,MAIN,250,155,2025-01-19,Dara Inc
B002490,PR00556,SCO58202,2024-03-29,2026-03-29,MAIN,1000,889,2024-10-19,Bassi PLC
B002491,PR00556,SCO21146,2024-03-30,2025-09-30,MAIN,1000,887,2024-05-21,Gala Inc
B002492,PR00556,SCO55567,2024-06-10,2025-12-10,MAIN,100,50,2024-12-12,"Khalsa, Balakrishnan and Dhar"
B002493,PR00556,SCO24A288,2024-05-13,2027-05-13,SAT2,500,444,2024-06-16,Deshmukh-Bajaj
B002494,PR00556,S6742930,2024-11-26,2026-05-26,SAT2,500,494,2025-02-07,"Lala, Nori and Dugar"
B002495,PR00556,S8653962,2023-11-28,2025-11-28,MAIN,200,121,2024-07-06,"Iyengar, Sharma and Prabhakar"
B002496,PR00557,C4009599,2024-01-22,2025-07-22,SAT2,100,0,2024-05-22,"Sibal, Peri and Kashyap"
B002497,PR00557,22C4143,2023-09-30,2025-03-30,MAIN,500,281,2024-03-02,Grover Group
B002498,PR00557,CLA23G092,2023-12-19,2025-06-19,SAT1,250,240,2024-07-23,Bawa PLC
B002499,PR00558,V5931637,2025-01-11,2028-01-11,MAIN,1000,986,2025-02-14,"Walla, Sani and Bassi"
B002500,PR00558,V9588328,2023-11-05,2026-11-05,MAIN,100,57,2024-04-03,Sheth LLC
B002501,PR00558,VEN38397,2023-03-13,2024-09-13,MAIN,100,61,2023-11-03,Merchant-Nagy
B002502,PR00558,25V3451,2024-04-26,2026-04-26,MAIN,500,480,2024-10-23,Mahajan-Devan
B002503,PR00558,VEN61343,2024-08-23,2027-08-23,MAIN,100,88,2025-01-04,Nagar LLC
B002504,PR00559,23S1731,2023-04-24,2026-04-24,SAT2,100,0,2023-12-08,"Manda, Mangal and Narayan"
B002505,PR00559,22S3379,2023-12-27,2025-06-27,MAIN,1000,831,2024-04-05,Varkey Inc
B002506,PR00559,23S3384,2025-01-24,2026-07-24,SAT1,100,100,2025-05-17,Babu Ltd
B002507,PR00559,S3601263,2024-07-27,2026-07-27,MAIN,1000,983,2024-12-17,"Dara, Ramachandran and Pall"
B002508,PR00560,23S5577,2024-01-18,2025-07-18,MAIN,200,73,2024-08-18,"Palla, Wagle and Kakar"
B002509,PR00560,SAL24K175,2023-10-09,2025-04-09,MAIN,500,443,2024-05-18,Mandal-Narayanan
B002510,PR00560,S7213573,2025-02-15,2026-08-15,MAIN,200,170,2025-04-07,Ravi-Dugar
B002511,PR00560,SAL25A246,2024-05-24,2026-05-24,MAIN,200,114,2024-09-30,Prabhakar and Sons
B002512,PR00560,SAL24H207,2025-02-07,2026-08-07,MAIN,1000,974,2025-04-09,Tak PLC
B002513,PR00560,24S5535,2024-09-09,2026-09-09,MAIN,100,19,2024-11-01,Ben-Murty
B002514,PR00561,23F6149,2024-11-08,2026-11-08,SAT1,1000,1000,2025-02-18,"Reddy, Rai and Arora"
B002515,PR00561,FI25-218,2024-08-22,2027-08-22,MAIN,250,184,2024-10-30,Rege Inc
B002516,PR00561,FI24-024,2023-12-10,2026-12-10,MAIN,500,324,2024-06-13,Dewan-Mukherjee
B002517,PR00562,GET23F321,2024-10-30,2026-04-30,MAIN,500,489,2025-01-16,"Sampath, Balasubramanian and Sem"
B002518,PR00562,G2792303,2024-09-18,2027-09-18,MAIN,100,91,2024-11-24,Minhas Group
B002519,PR00562,GET23F186,2024-03-31,2026-03-31,SAT2,200,195,2024-08-19,"Dube, Sama and Ravi"
B002520,PR00563,22E1664,2024-03-11,2026-03-11,SAT2,100,44,2024-07-17,Deep and Sons
B002521,PR00563,EVE94829,2024-12-27,2027-12-27,SAT2,250,207,2025-02-16,Bhatnagar-Pau
B002522,PR00563,E2103530,2024-10-09,2027-10-09,MAIN,250,183,2025-01-20,"Patla, Bala and Bobal"
B002523,PR00564,23N9257,2023-12-01,2026-12-01,SAT1,200,152,2024-04-20,Issac-Agrawal
B002524,PR00564,N9763354,2023-05-23,2026-05-23,SAT1,500,245,2023-11-23,Sastry and Sons
B002525,PR00564,NEU22K257,2023-06-05,2025-06-05,MAIN,500,0,2023-11-03,"Chana, Sampath and Taneja"
B002526,PR00564,23N2732,2024-10-05,2026-10-05,SAT1,1000,990,2025-04-06,Mutti Group
B002527,PR00565,BLU90032,2025-01-11,2026-07-11,MAIN,100,99,2025-05-05,Palan PLC
B002528,PR00565,BLU5342,2024-03-27,2027-03-27,SAT1,200,188,2024-05-09,Bhatia-Prakash
B002529,PR00565,BL24-123,2024-09-25,2027-09-25,MAIN,250,238,2025-01-05,Gola LLC
B002530,PR00565,22B3284,2024-05-11,2025-11-11,MAIN,100,69,2024-06-18,Borde-Kadakia
B002531,PR00565,B6249132,2025-01-07,2027-01-07,MAIN,1000,997,2025-04-18,Narain LLC
B002532,PR00566,NIT24A277,2024-05-10,2027-05-10,SAT2,250,242,2024-08-28,Lanka-Bhalla
B002533,PR00566,NI25-700,2024-03-08,2027-03-08,MAIN,1000,981,2024-10-25,"Prashad, Lalla and Pau"
B002534,PR00566,NIT77548,2023-08-30,2026-08-30,MAIN,1000,954,2023-12-14,Chatterjee Ltd
B002535,PR00566,N5820271,2024-08-13,2026-08-13,MAIN,500,482,2024-09-15,Sibal-Bhagat
B002536,PR00567,BI24-734,2023-11-24,2026-11-24,MAIN,200,147,2024-02-13,Sharma-Dasgupta
B002537,PR00567,23B2798,2023-09-27,2025-09-27,MAIN,100,55,2024-01-24,"Buch, Vohra and Wali"
B002538,PR00567,BIP23C181,2023-11-29,2025-05-29,MAIN,100,86,2024-05-22,Saran-Mital
B002539,PR00567,BIP94041,2023-06-30,2025-06-30,SAT2,200,169,2023-12-10,"Ravel, Kala and Sanghvi"
B002540,PR00567,BIP24H243,2024-04-15,2025-10-15,MAIN,200,174,2024-09-11,Rama-Dasgupta
B002541,PR00567,B1012529,2024-12-21,2026-12-21,MAIN,1000,992,2025-03-19,"Keer, Hayer and Naidu"
B002542,PR00568,22P7971,2023-10-03,2025-04-03,MAIN,1000,967,2024-05-22,"Talwar, Lalla and Sharma"
B002543,PR00568,PHE56281,2023-12-14,2026-12-14,MAIN,200,182,2024-07-10,Amble-Prasad
B002544,PR00568,PHE24D060,2024-08-07,2027-08-07,MAIN,200,184,2024-11-18,"Sidhu, Bawa and Grewal"
B002545,PR00569,A2431318,2023-11-21,2025-05-21,SAT2,100,0,2024-01-31,Sridhar Group
B002546,PR00569,A3993396,2023-05-29,2026-05-29,SAT2,200,0,2023-11-21,"Chakrabarti, Lanka and Konda"
B002547,PR00569,A4374640,2024-02-04,2027-02-04,MAIN,1000,779,2024-08-12,Chaudhry PLC
B002548,PR00570,ES22-962,2023-10-24,2025-04-24,MAIN,250,0,2024-01-10,Gade Inc
B002549,PR00570,ESP24B159,2024-03-10,2026-03-10,MAIN,250,151,2024-09-06,"Parsa, Sankaran and Suresh"
B002550,PR00570,23E2508,2025-01-06,2026-07-06,MAIN,250,97,2025-03-14,Kalla and Sons
B002551,PR00571,C3142993,2024-05-05,2027-05-05,SAT2,1000,989,2024-06-18,Srinivas and Sons
B002552,PR00571,24C6955,2023-10-17,2025-04-17,MAIN,250,217,2024-02-29,"Deol, Kade and Ravel"
B002553,PR00571,CAR24I364,2024-03-20,2025-09-20,SAT1,200,185,2024-07-02,Lad-Baral
B002554,PR00571,24C6712,2023-08-09,2026-08-09,MAIN,250,181,2023-11-17,Deol LLC
B002555,PR00572,I9949437,2024-10-07,2027-10-07,SAT1,100,100,2025-05-29,Gade Group
B002556,PR00572,I4056607,2024-08-13,2027-08-13,SAT2,500,449,2025-03-29,Puri-Grover
B002557,PR00572,IND22F300,2023-08-18,2026-08-18,SAT2,100,2,2023-11-29,Gandhi-Sarna
B002558,PR00573,DEL23F228,2023-08-16,2025-08-16,SAT1,500,349,2023-11-23,Khalsa-Dutta
B002559,PR00573,DE25-140,2023-07-09,2025-01-09,MAIN,200,0,2023-12-19,Warrior LLC
B002560,PR00573,DE22-578,2024-06-08,2026-06-08,MAIN,500,439,2024-10-15,"Dhaliwal, Batra and Deshpande"
B002561,PR00573,DEL70058,2024-06-12,2025-12-12,SAT1,500,417,2024-11-18,Gopal Inc
B002562,PR00574,SC23-535,2023-08-08,2025-02-08,MAIN,250,173,2023-12-10,"Chandra, Krishnamurthy and Acharya"
B002563,PR00574,SCO24C324,2024-08-22,2026-08-22,MAIN,200,178,2024-10-12,Sampath PLC
B002564,PR00574,S1560522,2024-03-27,2027-03-27,MAIN,100,87,2024-07-11,Kari and Sons
B002565,PR00574,S6333854,2024-09-05,2026-09-05,SAT1,250,226,2024-11-08,"Mallick, Memon and Devi"
B002566,PR00575,OLC25F233,2024-05-18,2025-11-18,SAT1,100,85,2024-10-30,Mishra Group
B002567,PR00575,O2518675,2024-06-13,2027-06-13,MAIN,100,88,2025-01-29,"Bobal, Vohra and Dixit"
B002568,PR00575,O3768467,2025-01-06,2027-01-06,MAIN,200,151,2025-04-07,"Andra, Subramanian and Narula"
B002569,PR00575,O5967731,2024-03-23,2026-03-23,SAT1,1000,889,2024-05-07,Chad-Narasimhan
B002570,PR00575,OL24-098,2025-03-16,2026-09-16,SAT1,250,250,2025-05-01,Oommen-Date
B002571,PR00575,OLC23C368,2023-12-16,2025-12-16,MAIN,200,0,2024-02-29,Bhandari-Savant
B002572,PR00576,22A9538,2024-04-03,2027-04-03,MAIN,500,307,2024-05-03,Sarin-Boase
B002573,PR00576,ASS29867,2024-01-29,2026-01-29,MAIN,250,0,2024-06-21,Kant Inc
B002574,PR00576,ASS25I119,2024-04-03,2027-04-03,MAIN,100,0,2024-05-23,Aggarwal Ltd
B002575,PR00577,M9525303,2025-03-09,2026-09-09,SAT1,1000,995,2025-05-21,Mane-Korpal
B002576,PR00577,MET23I226,2023-10-05,2026-10-05,MAIN,200,180,2024-05-20,Dubey and Sons
B002577,PR00577,22M1567,2024-01-18,2025-07-18,MAIN,200,192,2024-08-02,Dora-Dave
B002578,PR00577,ME24-665,2024-09-14,2026-09-14,SAT1,500,492,2025-05-08,Sengupta-Sibal
B002579,PR00577,MET60779,2024-02-02,2026-02-02,MAIN,100,80,2024-03-03,Kamdar-Jani
B002580,PR00577,MET25F033,2024-02-27,2026-02-27,SAT2,250,238,2024-09-07,Sachdeva Ltd
B002581,PR00578,A6811679,2024-07-04,2027-07-04,SAT2,100,88,2025-01-10,"Bandi, Rao and Ratti"
B002582,PR00578,AXA75744,2024-02-22,2026-02-22,MAIN,100,69,2024-05-09,Sridhar-Bala
B002583,PR00578,AXA56139,2023-09-23,2025-03-23,MAIN,500,459,2024-01-09,Aggarwal-Johal
B002584,PR00579,NO24-918,2024-11-24,2026-11-24,MAIN,500,490,2025-04-15,"Pathak, Ben and Khanna"
B002585,PR00579,NOV25A057,2024-04-20,2027-04-20,SAT2,200,52,2024-09-30,Banerjee-Nayak
B002586,PR00579,N5279630,2023-07-10,2025-01-10,SAT2,100,0,2024-02-08,"Munshi, Gara and Thakur"
B002587,PR00579,NOV52674,2024-01-06,2025-07-06,MAIN,200,29,2024-07-16,Deshmukh-Mani
B002588,PR00580,BIO36455,2024-01-09,2025-07-09,SAT2,1000,966,2024-04-14,Barad Ltd
B002589,PR00580,BIO71153,2023-10-25,2026-10-25,MAIN,100,72,2024-06-10,Mishra-Bera
B002590,PR00580,BIO68525,2023-11-08,2026-11-08,MAIN,100,50,2024-03-10,Tandon LLC
B002591,PR00580,BIO23J062,2023-11-13,2026-11-13,SAT2,250,236,2024-04-04,Saraf Group
B002592,PR00580,BIO89883,2024-08-01,2026-02-01,MAIN,100,99,2025-01-29,Toor-Ganesh
B002593,PR00581,RAD51021,2024-07-17,2026-01-17,SAT1,200,199,2024-09-28,Setty-Salvi
B002594,PR00581,RA23-020,2023-08-29,2025-02-28,MAIN,100,0,2024-01-25,Prabhu PLC
B002595,PR00581,RA23-694,2024-09-05,2026-09-05,MAIN,200,101,2024-10-26,Sani and Sons
B002596,PR00582,22E3238,2024-05-15,2027-05-15,MAIN,1000,970,2024-12-25,Baral and Sons
B002597,PR00582,E2855140,2023-12-14,2025-12-14,MAIN,500,260,2024-02-18,"Ravel, Halder and Trivedi"
B002598,PR00582,ELI80414,2024-12-03,2027-12-03,MAIN,100,76,2025-03-26,"Parikh, Raval and Lala"
B002599,PR00583,22L2704,2023-06-18,2025-06-18,SAT2,250,0,2023-11-09,Bobal-Mandal
B002600,PR00583,25L8068,2023-06-14,2025-06-14,MAIN,100,0,2023-12-01,"Sem, Loke and Murty"
B002601,PR00583,LE24-080,2024-11-26,2026-11-26,MAIN,500,483,2025-03-15,"Sunder, Joshi and Chawla"
B002602,PR00583,LEE62668,2024-08-09,2026-02-09,MAIN,1000,938,2024-11-21,"Kalla, Sundaram and Mall"
B002603,PR00583,L2230938,2023-09-09,2025-03-09,MAIN,500,322,2024-03-30,"Brahmbhatt, Kurian and Toor"
B002604,PR00583,LEE25B041,2023-12-20,2025-06-20,SAT2,200,35,2024-03-19,Banerjee-Murty
B002605,PR00584,WE23-503,2024-04-23,2025-10-23,MAIN,1000,990,2024-12-10,Atwal-Manda
B002606,PR00584,WEL24F332,2024-03-03,2025-09-03,SAT1,200,170,2024-10-14,"Johal, Dhar and Saha"
B002607,PR00584,24W132,2024-07-17,2026-01-17,MAIN,1000,988,2025-01-09,Minhas-Kalita
B002608,PR00585,AVI85599,2023-08-07,2025-08-07,MAIN,1000,599,2023-11-22,Deep Ltd
B002609,PR00585,AV22-727,2024-04-22,2025-10-22,MAIN,500,425,2024-09-15,Kurian Group
B002610,PR00585,AV23-314,2025-01-31,2026-07-31,MAIN,1000,976,2025-05-20,De Inc
B002611,PR00585,AV25-692,2024-12-16,2026-06-16,MAIN,250,230,2025-04-07,Walla Ltd
B002612,PR00586,S4832440,2023-07-07,2026-07-07,MAIN,200,0,2024-01-02,Chawla LLC
B002613,PR00586,STA16086,2024-04-04,2025-10-04,MAIN,250,126,2024-05-30,"Mani, Nori and Kari"
B002614,PR00586,STA23I093,2024-01-01,2025-07-01,MAIN,100,0,2024-02-18,Babu-Agrawal
B002615,PR00586,S3163974,2024-04-19,2027-04-19,MAIN,500,405,2024-06-14,"Bora, Gopal and Seshadri"
B002616,PR00586,STA22H328,2024-08-18,2026-08-18,MAIN,100,44,2025-03-01,Gade-Devan
B002617,PR00586,STA17158,2024-02-25,2027-02-25,MAIN,250,99,2024-08-12,Wali Ltd
B002618,PR00587,VIT89089,2024-03-17,2027-03-17,MAIN,200,22,2024-05-12,Tank-Mital
B002619,PR00587,VIT24584,2024-09-16,2026-09-16,SAT1,200,195,2025-02-10,Edwin LLC
B002620,PR00587,VIT65438,2023-06-08,2026-06-08,SAT2,200,59,2024-02-02,Shenoy-Thaman
B002621,PR00587,23V4141,2024-06-08,2025-12-08,MAIN,1000,960,2024-12-20,"Swamy, Bhatt and Varghese"
B002622,PR00587,V2808378,2024-05-06,2026-05-06,MAIN,100,39,2024-12-19,"Vora, Dhaliwal and Dave"
B002623,PR00587,VIT22H348,2023-04-24,2025-04-24,MAIN,100,0,2023-11-28,Seshadri PLC
B002624,PR00588,A4829720,2024-02-18,2026-02-18,SAT2,500,420,2024-07-04,"Subramanian, Bhardwaj and Narayan"
B002625,PR00588,AJA23J234,2024-02-17,2026-02-17,MAIN,200,104,2024-07-03,"Mannan, Bir and Rama"
B002626,PR00588,AJ23-169,2023-08-04,2025-08-04,SAT1,250,119,2023-11-25,"Bawa, Rajagopalan and Bose"
B002627,PR00588,22A8544,2024-03-25,2025-09-25,MAIN,200,87,2024-07-23,"Iyengar, Kumer and Pingle"
B002628,PR00589,24A2403,2023-12-19,2025-12-19,MAIN,250,50,2024-04-02,Mohan-Sibal
B002629,PR00589,A9320438,2024-09-08,2027-09-08,SAT2,1000,866,2025-01-18,"Yadav, Madan and Raman"
B002630,PR00589,AAN30476,2024-07-02,2026-07-02,MAIN,250,112,2024-12-14,Nair PLC
B002631,PR00589,AA25-485,2024-10-08,2026-10-08,MAIN,200,64,2024-11-07,Sawhney-Luthra
B002632,PR00589,A6634281,2024-03-25,2027-03-25,SAT2,1000,764,2024-08-10,"Ram, Hans and Khurana"
B002633,PR00589,AAN22I138,2023-05-12,2024-11-12,SAT1,500,399,2023-12-09,Saxena and Sons
B002634,PR00590,MEN22J139,2025-02-17,2026-08-17,MAIN,100,97,2025-03-21,Rana Inc
B002635,PR00590,24M5497,2023-09-27,2025-09-27,MAIN,1000,921,2024-01-02,Bhargava PLC
B002636,PR00590,MEN41292,2024-07-05,2027-07-05,SAT1,200,180,2024-11-09,Sahni Inc
B002637,PR00590,ME25-801,2024-04-08,2025-10-08,MAIN,200,179,2024-10-30,Rattan-Deo
B002638,PR00590,ME24-466,2024-02-26,2025-08-26,MAIN,100,78,2024-07-10,Chaudhary Group
B002639,PR00590,ME24-537,2023-12-26,2025-12-26,MAIN,250,215,2024-06-07,Parekh-Nagar
B002640,PR00591,M5577403,2023-12-21,2025-12-21,MAIN,1000,700,2024-02-10,"Sengupta, Toor and Ray"
B002641,PR00591,MIC98206,2023-11-08,2025-05-08,SAT1,500,471,2024-04-08,Narayanan-Tata
B002642,PR00591,MI22-196,2024-02-05,2025-08-05,MAIN,100,0,2024-09-28,"Virk, Rastogi and Naidu"
B002643,PR00591,MI23-698,2024-05-01,2025-11-01,MAIN,100,0,2024-09-12,Parmer-Tak
B002644,PR00592,WYS23L081,2023-10-23,2025-10-23,MAIN,1000,710,2024-06-11,Chaudhry-Gera
B002645,PR00592,W7149493,2024-09-02,2026-03-02,SAT1,250,250,2025-04-24,Singhal-Sankar
B002646,PR00592,W1234763,2023-10-26,2026-10-26,MAIN,250,115,2024-05-11,Ahluwalia-Amble
B002647,PR00592,WY23-189,2023-06-25,2026-06-25,MAIN,200,0,2024-01-21,Raju PLC
B002648,PR00592,W8659592,2023-11-11,2025-05-11,MAIN,1000,859,2024-04-13,Nazareth-Verma
B002649,PR00593,ARI26285,2024-09-28,2026-09-28,SAT2,250,230,2025-03-25,Wali-Deo
B002650,PR00593,ARI5258,2024-07-04,2027-07-04,MAIN,250,105,2024-12-04,Bhandari-Parikh
B002651,PR00593,AR22-219,2023-12-13,2025-12-13,SAT2,1000,959,2024-08-01,Sachdeva Group
B002652,PR00593,ARI14177,2024-02-29,2026-02-28,MAIN,200,38,2024-05-03,Kumer-Nair
B002653,PR00594,AB23-901,2024-03-11,2025-09-11,SAT1,1000,914,2024-06-30,Dube and Sons
B002654,PR00594,A5584947,2023-04-10,2026-04-10,MAIN,250,177,2023-11-18,Mittal-Lad
B002655,PR00594,A5726342,2024-03-08,2027-03-08,SAT2,100,85,2024-07-31,Vala PLC
B002656,PR00595,AKM22G024,2023-12-23,2025-06-23,SAT2,100,91,2024-06-28,"Sodhi, Minhas and Ahluwalia"
B002657,PR00595,AK25-184,2024-01-27,2027-01-27,MAIN,100,71,2024-04-17,Jaggi and Sons
B002658,PR00595,AK25-519,2024-09-29,2026-09-29,MAIN,1000,976,2025-02-09,"Ray, Warrior and Sandhu"
B002659,PR00595,A5794027,2024-02-08,2027-02-08,MAIN,500,481,2024-07-10,Vala and Sons
B002660,PR00595,24A2779,2024-12-14,2027-12-14,MAIN,500,494,2025-03-30,Singhal-Barman
B002661,PR00596,PFI23G311,2023-05-20,2025-05-20,SAT1,200,73,2024-01-06,"Bhatt, Sethi and Bahri"
B002662,PR00596,PFI25D022,2024-10-30,2026-04-30,MAIN,250,243,2025-05-14,Rege and Sons
B002663,PR00596,25P6727,2024-12-08,2026-12-08,SAT1,200,186,2025-03-05,Misra LLC
B002664,PR00596,PFI24G172,2024-10-16,2027-10-16,MAIN,500,488,2025-03-08,Kala PLC
B002665,PR00597,A9414984,2024-12-30,2026-06-30,MAIN,200,160,2025-05-27,"Sabharwal, Bhat and Ghose"
B002666,PR00597,AST24E070,2024-05-11,2027-05-11,MAIN,1000,948,2024-08-27,Natarajan Ltd
B002667,PR00597,25A1473,2023-11-27,2025-11-27,MAIN,500,349,2024-07-06,Zachariah PLC
B002668,PR00597,A4288963,2024-02-03,2027-02-03,MAIN,100,4,2024-08-19,"Warrior, Kapoor and Balasubramanian"
B002669,PR00597,AS23-572,2024-09-13,2026-09-13,MAIN,250,142,2024-10-16,"Mall, Biswas and Kala"
B002670,PR00597,23A2329,2024-05-07,2027-05-07,SAT1,100,69,2024-07-11,Arora-Sant
B002671,PR00598,CYN24H221,2024-06-27,2027-06-27,MAIN,1000,922,2024-09-12,"Bhatti, Soni and Sundaram"
B002672,PR00598,23C2271,2024-05-22,2025-11-22,MAIN,250,8,2024-07-19,"Sur, Deshmukh and Mahajan"
B002673,PR00598,C7010564,2024-06-19,2026-06-19,MAIN,200,116,2024-12-03,Dua-Luthra
B002674,PR00598,C4221111,2024-05-09,2026-05-09,MAIN,100,0,2024-08-09,Kadakia LLC
B002675,PR00599,MO23-081,2024-05-17,2026-05-17,MAIN,200,115,2024-10-04,Madan-Vyas
B002676,PR00599,MOD22I381,2024-03-08,2027-03-08,SAT1,100,86,2024-07-04,Misra LLC
B002677,PR00599,M8242816,2023-06-18,2026-06-18,MAIN,1000,529,2023-11-21,Shetty and Sons
B002678,PR00600,YEW22E256,2024-06-04,2027-06-04,MAIN,100,79,2024-12-01,Purohit-Swamy
B002679,PR00600,23Y4574,2023-10-16,2025-04-16,MAIN,250,0,2023-11-16,Upadhyay-Atwal
B002680,PR00600,23Y9748,2023-08-03,2025-08-03,MAIN,500,134,2023-11-19,"Nagy, Tara and Kapoor"
B002681,PR00600,22Y6084,2025-01-27,2027-01-27,SAT1,1000,967,2025-03-16,"Krishnamurthy, Bahl and Nayar"
B002682,PR00600,YEW23A189,2025-04-17,2028-04-17,SAT1,250,249,2025-05-25,"Bath, Dey and Sankaran"
B002683,PR00601,NO22-171,2024-10-04,2026-04-04,MAIN,200,122,2024-11-20,Ganguly Ltd
B002684,PR00601,N2445512,2024-07-18,2026-01-18,MAIN,250,164,2024-09-12,"Krishna, Madan and Din"
B002685,PR00601,NO22-506,2023-09-03,2025-09-03,MAIN,1000,828,2024-04-29,"Basu, Kaul and Chana"
B002686,PR00602,SUN97865,2024-05-05,2026-05-05,MAIN,250,93,2024-08-23,Wali-Dey
B002687,PR00602,S4926410,2025-01-27,2028-01-27,MAIN,100,58,2025-05-26,Verma-Mand
B002688,PR00602,SU25-020,2024-01-02,2027-01-02,MAIN,200,0,2024-06-07,"Badal, Sidhu and Halder"
B002689,PR00602,SUN17286,2024-03-29,2027-03-29,MAIN,250,0,2024-05-02,Dube-Baria
B002690,PR00602,SUN22F009,2024-08-15,2026-08-15,SAT2,500,498,2024-12-07,Char PLC
B002691,PR00602,SUN25A323,2024-05-05,2025-11-05,MAIN,1000,935,2024-12-20,"Sarraf, Sharaf and Sinha"
B002692,PR00603,23A3854,2024-01-15,2027-01-15,SAT1,200,98,2024-04-01,Walia-Sarkar
B002693,PR00603,AAN31337,2024-06-21,2026-06-21,MAIN,250,177,2025-01-06,Patil-Pau
B002694,PR00603,AAN23F238,2025-02-23,2026-08-23,SAT2,500,500,2025-05-17,More Inc
B002695,PR00603,AAN25I015,2025-03-08,2027-03-08,SAT1,200,200,2025-05-06,"Sandal, Loke and Virk"
B002696,PR00604,SUN69356,2024-05-19,2027-05-19,SAT2,500,429,2024-10-07,"Dutt, Jaggi and Aggarwal"
B002697,PR00604,SUN22H099,2024-07-13,2026-01-13,MAIN,250,192,2024-11-21,"Vig, Dayal and Nagarajan"
B002698,PR00604,SU22-898,2024-07-21,2026-01-21,MAIN,1000,985,2025-01-08,"Venkatesh, Randhawa and Varkey"
B002699,PR00604,SU22-244,2024-04-15,2025-10-15,MAIN,250,140,2024-08-09,Cherian-Salvi
B002700,PR00605,TAN75022,2024-11-07,2026-11-07,SAT1,250,250,2025-01-29,Konda Ltd
B002701,PR00605,T5660879,2023-07-07,2025-01-07,MAIN,500,88,2024-01-25,Ganguly Group
B002702,PR00605,TAN22G278,2024-02-25,2026-02-25,MAIN,250,147,2024-08-14,Patel Ltd
B002703,PR00606,CUR24K220,2023-08-20,2025-02-20,SAT2,200,102,2024-01-16,"Puri, Mammen and Gandhi"
B002704,PR00606,CUR55360,2025-01-22,2026-07-22,MAIN,500,497,2025-03-30,Salvi-Srivastava
B002705,PR00606,C6484217,2024-12-15,2027-12-15,SAT1,250,250,2025-02-03,Varty-Kadakia
B002706,PR00606,CU24-342,2024-11-14,2027-11-14,MAIN,100,80,2025-05-04,Sawhney and Sons
B002707,PR00607,23L3978,2024-09-22,2027-09-22,MAIN,1000,994,2025-04-20,"Agate, Rajagopalan and Rau"
B002708,PR00607,LAR23954,2024-09-26,2026-09-26,SAT2,100,100,2025-01-01,Kala Ltd
B002709,PR00607,LAR23K208,2024-04-03,2027-04-03,MAIN,100,55,2024-05-05,"Chadha, Prabhu and Chanda"
B002710,PR00607,L7276950,2024-08-12,2026-02-12,MAIN,250,237,2024-12-11,"Chana, Sidhu and Zachariah"
B002711,PR00608,NOV22K046,2023-10-28,2025-10-28,SAT1,100,27,2024-05-22,"Doctor, Menon and Din"
B002712,PR00608,NOV34388,2024-05-03,2026-05-03,SAT2,1000,997,2024-12-05,Pathak-Oak
B002713,PR00608,NO23-988,2023-10-16,2026-10-16,MAIN,200,126,2024-01-01,"Muni, Sachdeva and Bajaj"
B002714,PR00609,V2368121,2024-07-17,2027-07-17,MAIN,100,55,2024-10-31,Dua-Keer
B002715,PR00609,V2608492,2023-11-02,2025-05-02,MAIN,200,0,2023-12-31,Sharma Ltd
B002716,PR00609,V2736389,2024-12-01,2027-12-01,MAIN,1000,890,2025-03-08,Kannan Ltd
B002717,PR00609,VI25-235,2024-10-13,2026-04-13,SAT2,100,97,2025-04-16,Dani-Seshadri
B002718,PR00610,COR13261,2024-03-20,2025-09-20,MAIN,200,188,2024-08-08,"Thakkar, Bala and Doshi"
B002719,PR00610,CO23-358,2024-10-02,2027-10-02,MAIN,100,85,2025-01-13,Kari Group
B002720,PR00610,CO22-969,2023-07-11,2025-07-11,SAT2,200,181,2024-02-09,"Bhalla, Banik and Sangha"
B002721,PR00610,COR25C098,2024-06-09,2025-12-09,SAT1,250,226,2025-01-14,Mahajan-Sem
B002722,PR00610,COR64137,2025-03-09,2028-03-09,SAT1,1000,995,2025-05-12,Mand Group
B002723,PR00610,COR19131,2023-09-11,2025-03-11,MAIN,200,139,2023-11-04,Naidu-Lad
B002724,PR00611,VAX25F169,2023-10-10,2025-10-10,MAIN,250,215,2024-03-03,Saxena Group
B002725,PR00611,VAX22L157,2023-10-04,2026-10-04,SAT1,200,85,2024-04-01,Murthy-Murthy
B002726,PR00611,VA23-625,2024-04-12,2026-04-12,MAIN,500,467,2024-06-15,Vohra Inc
B002727,PR00611,VAX25L133,2024-10-06,2026-04-06,MAIN,250,246,2025-01-24,"Zachariah, Baral and Sethi"
B002728,PR00611,VA23-578,2024-08-26,2026-08-26,MAIN,500,490,2024-12-12,"Kade, Shere and Varkey"
B002729,PR00611,V5530738,2024-07-24,2027-07-24,SAT2,250,240,2024-11-02,Pandit PLC
B002730,PR00612,A5042018,2024-07-24,2026-07-24,MAIN,200,176,2025-02-20,Nagi Group
B002731,PR00612,AVE14835,2023-06-07,2026-06-07,SAT2,100,0,2023-12-29,"Bhardwaj, Mittal and Pingle"
B002732,PR00612,AV23-204,2023-09-30,2025-09-30,MAIN,1000,706,2024-04-06,"Ramakrishnan, Ganesh and Ravel"
B002733,PR00612,AV24-850,2024-11-23,2026-05-23,SAT1,100,100,2025-01-08,"Kade, Tiwari and Lall"
B002734,PR00612,25A6049,2024-06-19,2027-06-19,SAT2,100,41,2024-09-19,"Vala, Savant and Roy"
B002735,PR00613,VIS40569,2024-05-27,2025-11-27,SAT2,500,491,2024-08-30,Vohra Inc
B002736,PR00613,VIS24G092,2024-03-05,2027-03-05,MAIN,500,482,2024-08-22,Badal Ltd
B002737,PR00613,VIS23B384,2023-07-22,2026-07-22,SAT1,500,362,2024-01-01,Rastogi-Buch
B002738,PR00614,22S1143,2024-12-25,2027-12-25,MAIN,500,497,2025-02-28,Khanna PLC
B002739,PR00614,SAC22I149,2024-12-04,2027-12-04,SAT2,100,100,2025-05-14,Chopra-Gole
B002740,PR00614,S4295865,2024-03-09,2025-09-09,MAIN,500,482,2024-09-24,Bala Ltd
B002741,PR00615,ALE25E085,2024-10-27,2026-10-27,MAIN,200,164,2025-05-09,Chakrabarti-Chaudhry
B002742,PR00615,ALE15536,2024-01-19,2025-07-19,MAIN,250,0,2024-05-01,Zacharia PLC
B002743,PR00615,ALE24B328,2024-03-19,2025-09-19,MAIN,200,43,2024-09-16,"Ram, Chaudhari and Vaidya"
B002744,PR00615,ALE97927,2023-08-15,2025-08-15,SAT2,100,0,2024-01-20,Bala Ltd
B002745,PR00615,25A350,2023-09-25,2026-09-25,SAT2,500,369,2024-04-05,Amble-Ratti
B002746,PR00616,KLA94775,2024-07-25,2026-01-25,MAIN,500,490,2025-01-26,Bansal-Dani
B002747,PR00616,KLA22D109,2024-09-13,2026-09-13,MAIN,500,497,2025-02-09,Sha PLC
B002748,PR00616,24K1096,2023-11-28,2025-05-28,MAIN,500,469,2024-02-23,Kanda Group
B002749,PR00616,KL24-662,2024-12-18,2026-12-18,MAIN,1000,993,2025-04-22,Dhawan Group
B002750,PR00616,K4641914,2024-09-23,2026-03-23,SAT2,200,200,2025-04-13,"Kashyap, Kapur and Maharaj"
B002751,PR00617,LXO23G263,2024-07-30,2027-07-30,MAIN,1000,961,2024-12-02,"Vaidya, Sarkar and Modi"
B002752,PR00617,24L5426,2024-10-26,2026-10-26,MAIN,100,70,2025-05-28,"Sha, Batra and Kibe"
B002753,PR00617,LXO91271,2024-06-19,2025-12-19,MAIN,100,50,2025-01-03,"Mutti, Basu and Salvi"
B002754,PR00617,LX25-059,2023-07-31,2025-07-31,MAIN,200,0,2024-02-24,Narang-Sharma
B002755,PR00617,L3291977,2023-12-18,2025-06-18,MAIN,100,0,2024-02-16,"Sachdev, Venkataraman and Kar"
B002756,PR00617,LXO26769,2023-10-16,2026-10-16,MAIN,1000,865,2024-05-10,Nigam LLC
B002757,PR00618,ORC22L182,2024-05-03,2026-05-03,MAIN,500,456,2024-08-05,"Sehgal, Arya and Sur"
B002758,PR00618,OR23-054,2024-10-28,2026-04-28,MAIN,200,142,2025-02-28,Keer-Chaudhuri
B002759,PR00618,OR23-129,2023-10-20,2026-10-20,MAIN,1000,531,2023-12-06,Kamdar Inc
B002760,PR00618,O2146634,2025-03-12,2027-03-12,SAT2,250,250,2025-05-14,Narayan-Oak
B002761,PR00618,OR22-936,2023-07-05,2025-07-05,MAIN,1000,650,2023-11-16,"Basak, Nadkarni and Sarraf"
B002762,PR00618,22O6065,2023-08-07,2025-08-07,MAIN,500,188,2024-02-14,"Bali, Parmar and Datta"
B002763,PR00619,A2859415,2024-10-08,2026-10-08,MAIN,1000,1000,2025-04-27,"Chander, Vohra and Sridhar"
B002764,PR00619,ANC22K212,2024-11-05,2027-11-05,MAIN,200,190,2025-04-26,"Kapadia, Varty and Mahal"
B002765,PR00619,A5894766,2024-06-08,2027-06-08,SAT2,500,495,2024-12-09,"Mammen, Lall and Basu"
B002766,PR00619,AN23-492,2024-01-06,2027-01-06,MAIN,200,158,2024-04-25,Pillai-Upadhyay
B002767,PR00620,ARI22I291,2024-03-15,2027-03-15,SAT1,100,95,2024-10-13,"Kadakia, Cheema and Bose"
B002768,PR00620,ARI22K231,2024-02-13,2027-02-13,MAIN,500,402,2024-08-04,Bhatt-Morar
B002769,PR00620,A7381749,2023-12-19,2026-12-19,SAT2,1000,892,2024-07-23,Behl-Chaudry
B002770,PR00620,ARI24I371,2023-08-16,2026-08-16,SAT1,250,189,2024-02-26,Karan Ltd
B002771,PR00620,AR24-362,2025-01-10,2027-01-10,SAT2,100,80,2025-03-18,Bawa-Issac
B002772,PR00620,ARI63645,2024-06-06,2025-12-06,MAIN,500,464,2024-10-27,Wason-Sawhney
B002773,PR00621,NIT24A136,2024-08-05,2027-08-05,MAIN,500,249,2024-09-15,Nair Ltd
B002774,PR00621,NIT23K018,2024-10-06,2026-04-06,SAT2,500,491,2025-03-25,Walla-Borde
B002775,PR00621,NIT23J168,2025-01-31,2026-07-31,SAT2,1000,994,2025-04-18,"Barad, Sarma and Seshadri"
B002776,PR00622,BE24-864,2024-07-14,2026-07-14,MAIN,500,442,2025-02-04,"Sekhon, Yogi and Bera"
B002777,PR00622,B7802617,2024-04-07,2026-04-07,MAIN,500,398,2024-11-30,Kata Ltd
B002778,PR00622,BEN58536,2023-10-26,2025-04-26,MAIN,200,0,2024-01-21,Loke-Parikh
B002779,PR00622,BEN23L084,2024-05-31,2026-05-31,MAIN,1000,970,2024-12-26,Vala-Manne
B002780,PR00622,BE22-320,2023-06-25,2026-06-25,MAIN,200,0,2023-12-04,Sabharwal-Solanki
B002781,PR00623,MAN22D224,2023-12-15,2025-06-15,SAT1,500,465,2024-01-25,"Memon, Bakshi and Kata"
B002782,PR00623,22M7816,2023-05-09,2025-05-09,MAIN,500,108,2023-11-09,Sane-Misra
B002783,PR00623,M1062329,2024-12-21,2027-12-21,MAIN,500,495,2025-03-19,Bhatti Group
B002784,PR00624,MO25-522,2024-07-05,2027-07-05,SAT1,200,200,2025-01-23,Desai PLC
B002785,PR00624,25M1549,2024-06-30,2026-06-30,MAIN,200,156,2024-12-24,Srinivasan-Kamdar
B002786,PR00624,22M7231,2024-06-04,2026-06-04,MAIN,500,460,2024-12-07,Toor-Joshi
B002787,PR00624,MO25-213,2024-06-18,2027-06-18,SAT2,1000,948,2024-08-23,Pant PLC
B002788,PR00624,M4446041,2023-09-09,2025-09-09,SAT1,100,22,2024-03-28,Pau-Sethi
B002789,PR00624,24M8408,2024-08-31,2027-08-31,MAIN,1000,932,2024-11-19,"Dyal, Din and Sarna"
B002790,PR00625,PRE25G097,2024-11-29,2027-11-29,SAT2,1000,995,2025-05-18,Chawla PLC
B002791,PR00625,24P2501,2024-03-04,2027-03-04,MAIN,100,0,2024-06-17,Joshi-Barad
B002792,PR00625,PR24-782,2024-08-22,2026-02-22,MAIN,100,64,2025-01-24,Chakrabarti LLC
B002793,PR00625,PR22-374,2025-04-16,2026-10-16,MAIN,500,500,2025-05-25,"Pillay, Modi and Gade"
B002794,PR00625,PR24-050,2024-03-17,2025-09-17,MAIN,500,451,2024-11-05,Karan and Sons
B002795,PR00625,PR24-041,2023-10-20,2025-04-20,MAIN,250,81,2024-03-03,Chana-Prashad
B002796,PR00626,23I6430,2023-10-21,2025-10-21,MAIN,1000,794,2024-03-07,"Pradhan, Biswas and Palan"
B002797,PR00626,I7116571,2024-07-15,2026-01-15,SAT1,250,240,2025-02-09,"Kumar, Yogi and Kota"
B002798,PR00626,IKO64195,2024-05-04,2025-11-04,SAT1,200,171,2024-06-13,"Sant, Ramachandran and Bajwa"
B002799,PR00626,22I7027,2023-08-03,2026-08-03,MAIN,100,0,2023-11-25,Johal-Mital
B002800,PR00626,I9831548,2023-05-03,2025-05-03,MAIN,100,0,2023-11-02,Rajagopalan-Sinha
B002801,PR00626,I9996385,2024-04-11,2025-10-11,MAIN,200,61,2024-05-31,"Kumar, Ramachandran and Goda"
B002802,PR00627,VEN96545,2024-12-13,2026-06-13,MAIN,100,69,2025-01-23,"Das, Pai and Parikh"
B002803,PR00627,23V8766,2023-09-03,2026-09-03,MAIN,500,343,2024-03-27,"Mander, Butala and Sur"
B002804,PR00627,VE22-223,2023-05-15,2024-11-15,SAT1,500,385,2023-11-17,Contractor-Samra
B002805,PR00627,VEN23J160,2024-12-27,2026-06-27,MAIN,500,485,2025-03-08,Sathe Inc
B002806,PR00627,VE24-519,2023-08-05,2025-02-05,MAIN,500,294,2024-01-12,Arya-Edwin
B002807,PR00628,GE25-794,2023-08-21,2026-08-21,MAIN,500,461,2024-03-08,Bose PLC
B002808,PR00628,G3429115,2024-07-13,2026-07-13,MAIN,100,90,2024-12-21,"Chandra, Ravel and Bora"
B002809,PR00628,25G5217,2023-10-22,2025-04-22,SAT1,250,227,2024-01-17,"Mangat, Chaudhary and Kari"
B002810,PR00629,N9633587,2023-12-10,2025-12-10,MAIN,1000,653,2024-02-24,Mahal-Srinivasan
B002811,PR00629,N7082649,2024-09-15,2026-09-15,MAIN,200,160,2025-03-08,Bhardwaj-Kumer
B002812,PR00629,NOV23D324,2023-07-24,2026-07-24,SAT1,250,228,2024-02-23,"Jani, Sur and Sengupta"
B002813,PR00629,N3746918,2023-12-18,2025-06-18,MAIN,200,0,2024-02-08,Bal-Dave
B002814,PR00630,23I1424,2024-09-12,2026-03-12,MAIN,1000,936,2024-11-16,"Dass, Wason and Ravel"
B002815,PR00630,INV18792,2023-09-03,2025-03-03,MAIN,250,66,2023-11-23,Khurana-Jaggi
B002816,PR00630,INV24715,2024-04-22,2026-04-22,MAIN,100,29,2024-10-11,Doshi Group
B002817,PR00630,25I4317,2025-03-03,2026-09-03,MAIN,1000,975,2025-05-17,"Pall, Balan and Rajagopalan"
B002818,PR00631,25M4921,2023-06-08,2024-12-08,SAT2,250,0,2023-11-25,"Grover, Dada and Gulati"
B002819,PR00631,M2781383,2023-08-30,2025-08-30,SAT1,250,206,2024-03-13,Purohit-Sethi
B002820,PR00631,ME22-120,2024-08-25,2026-08-25,MAIN,250,177,2025-02-14,Dasgupta-Purohit
B002821,PR00631,MED22K360,2024-07-30,2026-07-30,MAIN,200,186,2025-03-26,Sachdev-Saran
B002822,PR00631,ME24-661,2023-12-06,2025-12-06,MAIN,250,0,2024-03-01,Agarwal and Sons
B002823,PR00631,MED22F188,2023-09-08,2025-03-08,MAIN,200,0,2023-11-24,Ramesh-Khosla
B002824,PR00632,T9084453,2023-09-07,2026-09-07,SAT2,500,481,2024-03-25,Ghosh-Balay
B002825,PR00632,TY25-678,2023-06-30,2025-06-30,SAT1,250,118,2023-11-14,Dave and Sons
B002826,PR00632,TYR25G383,2024-01-28,2025-07-28,MAIN,200,161,2024-04-14,"Kannan, Luthra and Baral"
B002827,PR00633,A8859635,2024-04-29,2025-10-29,MAIN,500,296,2024-06-16,Joshi Ltd
B002828,PR00633,24A8473,2024-03-11,2027-03-11,SAT2,200,124,2024-05-17,Sampath-Kant
B002829,PR00633,AVI22B094,2025-02-05,2026-08-05,SAT2,1000,985,2025-03-19,Sura-Parmar
B002830,PR00634,R3408125,2024-05-04,2025-11-04,SAT1,1000,986,2024-12-21,"Babu, Chandra and Som"
B002831,PR00634,RAY94813,2024-11-01,2026-05-01,SAT1,1000,985,2024-12-13,Bora-Narang
B002832,PR00634,RA25-698,2024-03-15,2025-09-15,MAIN,1000,861,2024-08-21,Modi LLC
B002833,PR00634,22R3023,2023-07-18,2026-07-18,SAT2,200,0,2024-01-06,Dara-Mahal
B002834,PR00635,OZO25C173,2023-07-06,2026-07-06,MAIN,1000,584,2024-01-29,Bala-Gala
B002835,PR00635,OZO25J276,2025-02-27,2026-08-27,SAT2,500,500,2025-05-03,Korpal LLC
B002836,PR00635,O2631071,2023-07-17,2026-07-17,MAIN,250,48,2024-02-14,Shankar LLC
B002837,PR00636,24S4859,2023-11-22,2025-11-22,MAIN,200,19,2024-03-03,Patel-Saraf
B002838,PR00636,SCO74427,2025-02-22,2028-02-22,MAIN,200,197,2025-05-03,Dey-Puri
B002839,PR00636,22S1158,2024-12-08,2026-06-08,MAIN,250,0,2025-01-15,Choudhary PLC
B002840,PR00636,22S4845,2024-06-21,2026-06-21,MAIN,1000,894,2024-09-22,Koshy-Suri
B002841,PR00636,22S712,2024-04-19,2025-10-19,MAIN,200,67,2024-10-11,Raghavan and Sons
B002842,PR00637,Z6006392,2024-03-31,2027-03-31,MAIN,1000,973,2024-09-26,Parikh Ltd
B002843,PR00637,Z4776855,2024-03-04,2026-03-04,MAIN,100,66,2024-05-16,"Raj, Natt and Parekh"
B002844,PR00637,Z6424224,2024-12-17,2027-12-17,SAT1,200,185,2025-02-10,"Dugar, Goswami and Sunder"
B002845,PR00638,23D5939,2024-02-29,2025-08-29,SAT2,1000,948,2024-07-24,"Sarna, Prashad and Lall"
B002846,PR00638,DAG32786,2023-09-24,2026-09-24,MAIN,200,23,2024-03-28,Misra PLC
B002847,PR00638,D6918491,2024-04-21,2026-04-21,MAIN,100,0,2024-08-02,Bal and Sons
B002848,PR00638,23D5968,2023-11-20,2026-11-20,MAIN,500,321,2024-03-20,"Naik, Agate and Gola"
B002849,PR00638,DAG35469,2023-11-23,2025-05-23,MAIN,250,52,2024-03-03,"Natt, Oza and Bhatt"
B002850,PR00639,ERI22A062,2024-11-03,2026-05-03,MAIN,100,0,2025-01-20,"Joshi, Madan and Mani"
B002851,PR00639,ERI9675,2024-07-04,2026-01-04,SAT2,500,423,2024-10-04,"Kumer, Rastogi and Srivastava"
B002852,PR00639,ERI51947,2024-08-24,2026-08-24,MAIN,500,397,2024-11-29,Gole PLC
B002853,PR00639,ER24-885,2024-05-18,2026-05-18,MAIN,100,0,2024-09-08,"Karnik, Acharya and Mital"
B002854,PR00640,M2643408,2024-03-17,2025-09-17,MAIN,500,470,2024-05-18,Khosla-Kaur
B002855,PR00640,MA22-253,2024-01-13,2026-01-13,SAT2,200,183,2024-08-31,Krishnan LLC
B002856,PR00640,MAN24F148,2025-02-20,2026-08-20,SAT2,250,250,2025-04-30,Radhakrishnan-Chacko
B002857,PR00640,MAN40918,2024-09-30,2026-09-30,SAT1,250,243,2025-05-18,Subramaniam-Master
B002858,PR00641,EAS24J227,2024-08-08,2027-08-08,SAT2,200,195,2024-11-03,"Hora, Dixit and Parmar"
B002859,PR00641,EA25-258,2024-11-14,2027-11-14,SAT2,500,496,2025-04-16,Contractor LLC
B002860,PR00641,25E7336,2023-12-14,2025-12-14,MAIN,100,32,2024-01-20,"Shankar, Vora and Varughese"
B002861,PR00641,22E3114,2023-08-23,2025-02-23,MAIN,100,79,2024-03-16,Nadig-Kala
B002862,PR00642,SUN23H097,2025-03-04,2027-03-04,MAIN,500,500,2025-05-21,Desai Ltd
B002863,PR00642,SUN25F280,2024-12-03,2026-12-03,MAIN,100,98,2025-02-14,Mann Inc
B002864,PR00642,SUN8981,2024-08-21,2026-02-21,MAIN,250,228,2024-09-21,"Nagy, Mangal and Kohli"
B002865,PR00643,CAD22E148,2024-04-29,2025-10-29,MAIN,1000,883,2024-09-16,Tandon-Saran
B002866,PR00643,CAD5473,2023-10-09,2025-10-09,MAIN,100,0,2023-12-21,Chandran-Varkey
B002867,PR00643,C1266051,2023-03-22,2026-03-22,SAT1,100,10,2023-11-16,Ben Ltd
B002868,PR00643,22C6782,2024-11-14,2026-11-14,SAT2,500,451,2024-12-29,"Prakash, Thakkar and Behl"
B002869,PR00644,HE22-425,2024-08-15,2026-02-15,SAT2,200,130,2024-10-04,Chaudhry Ltd
B002870,PR00644,H8876128,2024-05-03,2026-05-03,SAT2,250,177,2024-08-04,"Wason, Srinivasan and Kohli"
B002871,PR00644,HEA22D079,2024-06-21,2027-06-21,MAIN,200,174,2024-12-05,Muni and Sons
B002872,PR00645,E4645438,2023-04-30,2026-04-30,SAT1,1000,942,2023-11-09,"Chad, Nair and Chanda"
B002873,PR00645,25E6683,2024-11-21,2026-05-21,SAT1,500,500,2025-04-30,Krishna and Sons
B002874,PR00645,EDE33812,2024-03-30,2025-09-30,SAT1,100,97,2024-09-17,Srivastava-Warrior
B002875,PR00645,EDE77914,2024-11-29,2026-11-29,MAIN,500,465,2025-04-24,Garde-Chawla
B002876,PR00645,EDE22K339,2024-06-15,2025-12-15,MAIN,1000,873,2024-08-12,Sunder PLC
B002877,PR00645,E5989705,2023-12-25,2025-06-25,SAT1,250,178,2024-03-26,Shan Inc
B002878,PR00646,SC22-546,2023-10-26,2025-10-26,SAT1,100,100,2024-06-20,Ravi Ltd
B002879,PR00646,SC24-495,2023-12-24,2025-06-24,MAIN,200,92,2024-08-02,"Nagarajan, Sampath and Mitra"
B002880,PR00646,SCO1620,2023-06-20,2025-06-20,MAIN,250,0,2023-12-19,Narayanan Group
B002881,PR00646,24S859,2024-06-23,2027-06-23,SAT2,100,0,2024-11-11,Ray Ltd
B002882,PR00646,23S4744,2023-12-16,2025-06-16,MAIN,200,97,2024-05-17,"Agate, Dhar and Sangha"
B002883,PR00647,SUN25D161,2024-03-23,2026-03-23,SAT2,100,90,2024-07-10,"Hora, Konda and Bora"
B002884,PR00647,SUN23I189,2023-07-29,2026-07-29,SAT1,1000,966,2023-12-25,Lall-Gola
B002885,PR00647,SUN29432,2023-04-30,2024-10-30,SAT2,250,0,2023-11-11,"Hayre, Arora and Raval"
B002886,PR00647,24S3922,2023-08-10,2025-02-10,MAIN,1000,790,2023-11-28,Bera and Sons
B002887,PR00647,25S7357,2023-05-22,2025-05-22,MAIN,200,0,2023-11-04,Bhagat and Sons
B002888,PR00648,ABR25J077,2024-02-07,2026-02-07,MAIN,250,231,2024-06-12,"Sankaran, Nayak and Nayak"
B002889,PR00648,AB24-649,2024-03-26,2027-03-26,MAIN,250,229,2024-10-12,"Bahl, Narain and Devi"
B002890,PR00648,A6246584,2023-08-01,2026-08-01,MAIN,500,443,2023-11-25,Mani Ltd
B002891,PR00649,24J8976,2024-02-09,2025-08-09,MAIN,1000,964,2024-07-01,Char LLC
B002892,PR00649,J2809963,2024-10-03,2026-10-03,SAT2,500,497,2025-03-27,Bala Group
B002893,PR00649,JO25-515,2024-07-31,2026-07-31,SAT1,100,96,2025-01-21,Srinivasan-Bansal
B002894,PR00650,CMG23G213,2023-09-14,2025-03-14,SAT2,250,121,2024-02-15,Murty Inc
B002895,PR00650,C7158812,2023-09-06,2026-09-06,SAT2,500,376,2024-01-04,Nagarajan-Dhar
B002896,PR00650,C1394525,2024-03-01,2027-03-01,MAIN,250,108,2024-04-05,Chandran Group
B002897,PR00650,C4422768,2023-06-11,2024-12-11,SAT1,500,388,2023-12-26,Krish-Jha
B002898,PR00651,UN22-927,2024-04-23,2027-04-23,SAT2,500,500,2024-11-05,"Venkataraman, Dhaliwal and Dave"
B002899,PR00651,U3249120,2024-01-29,2025-07-29,SAT2,100,29,2024-04-24,Deshpande LLC
B002900,PR00651,UNI23G067,2023-10-18,2025-04-18,MAIN,250,101,2024-03-14,Balay LLC
B002901,PR00651,U3527730,2024-07-17,2027-07-17,MAIN,100,55,2024-12-25,De and Sons
B002902,PR00651,UNI24A304,2024-06-22,2027-06-22,MAIN,250,183,2025-01-04,"Goda, Batta and Pradhan"
B002903,PR00651,UNI23I269,2024-06-13,2025-12-13,MAIN,200,0,2024-09-22,Dey-Bala
B002904,PR00652,N4943897,2024-03-02,2026-03-02,MAIN,250,0,2024-04-07,Batra Inc
B002905,PR00652,NU22-083,2024-03-22,2025-09-22,MAIN,200,138,2024-11-15,Johal LLC
B002906,PR00652,NUS24D349,2024-06-11,2026-06-11,MAIN,250,203,2025-01-20,"Mohanty, Kadakia and Kapoor"
B002907,PR00652,NUS23I027,2024-05-31,2025-11-30,SAT1,500,466,2024-12-27,"Chaudhuri, Hans and Kari"
B002908,PR00652,24N9014,2024-01-18,2027-01-18,SAT2,250,47,2024-04-08,"Ghosh, Patla and Golla"
B002909,PR00653,JOH25A398,2024-05-01,2027-05-01,SAT2,200,142,2024-11-19,"Radhakrishnan, Dada and Kala"
B002910,PR00653,JOH23F224,2025-02-24,2027-02-24,MAIN,500,499,2025-04-30,Kohli Ltd
B002911,PR00653,JO25-823,2023-08-13,2026-08-13,MAIN,100,0,2024-03-24,"Kumar, Nayak and Sabharwal"
B002912,PR00654,EL24-383,2023-09-25,2026-09-25,MAIN,200,0,2023-12-07,"Mander, Nath and Date"
B002913,PR00654,25E3010,2024-03-03,2025-09-03,MAIN,1000,896,2024-06-20,Modi and Sons
B002914,PR00654,E3754411,2023-11-07,2025-11-07,MAIN,250,0,2024-04-25,"Ratta, Misra and Misra"
B002915,PR00654,EL22-143,2024-06-20,2027-06-20,MAIN,1000,972,2025-01-17,"Savant, Sangha and Ahluwalia"
B002916,PR00655,DSV88415,2023-12-06,2025-12-06,SAT1,250,234,2024-03-14,Lalla PLC
B002917,PR00655,D2032481,2024-09-12,2026-09-12,MAIN,1000,966,2025-04-18,"Sani, Sanghvi and Hans"
B002918,PR00655,DS24-095,2023-12-16,2025-12-16,MAIN,200,34,2024-02-19,Ghosh-Bhagat
B002919,PR00655,24D2882,2024-07-30,2026-01-30,MAIN,1000,925,2025-01-27,"Parikh, Kota and Sarkar"
B002920,PR00655,DSV22L183,2024-12-07,2027-12-07,SAT2,200,197,2025-03-16,Solanki-Kibe
B002921,PR00656,NOV22E197,2023-04-30,2024-10-30,MAIN,500,390,2023-12-17,Patel-Goel
B002922,PR00656,NOV25J076,2024-06-23,2026-06-23,SAT2,1000,972,2024-11-20,"Sodhi, Kata and Parekh"
B002923,PR00656,23N8923,2024-11-14,2026-05-14,MAIN,250,208,2025-01-14,Chanda-Natt
B002924,PR00656,NO22-969,2023-08-01,2026-08-01,MAIN,250,0,2023-12-09,"Goel, Rajagopal and Raval"
B002925,PR00656,NOV95299,2024-07-15,2027-07-15,SAT2,100,51,2024-08-29,Natarajan-Bhatti
B002926,PR00656,N9967592,2023-08-27,2025-08-27,SAT1,500,425,2024-02-25,Sura-Ramakrishnan
B002927,PR00657,AST71087,2024-09-29,2027-09-29,SAT2,100,86,2025-03-08,Pingle and Sons
B002928,PR00657,24A9776,2024-02-09,2027-02-09,MAIN,200,0,2024-05-03,"Vaidya, Bhat and Saha"
B002929,PR00657,AS24-397,2023-06-15,2025-06-15,MAIN,100,0,2023-11-18,Mital-Cheema
B002930,PR00657,22A8642,2023-07-06,2025-07-06,SAT2,1000,717,2024-01-20,Solanki-Pingle
B002931,PR00658,HCA67156,2024-07-01,2026-01-01,MAIN,1000,887,2024-11-19,Krish Group
B002932,PR00658,H2530607,2024-07-15,2027-07-15,MAIN,250,179,2025-02-03,"Prabhakar, Dutta and Mani"
B002933,PR00658,HCA24I137,2023-09-13,2025-09-13,MAIN,100,0,2024-04-29,Madan-Ramesh
B002934,PR00658,HC24-729,2023-12-09,2025-12-09,SAT1,100,27,2024-04-25,Nadkarni-Kaul
B002935,PR00659,MOR23K173,2024-02-13,2025-08-13,SAT1,1000,962,2024-06-28,Joshi-Reddy
B002936,PR00659,MOR24D067,2024-02-05,2025-08-05,MAIN,100,18,2024-06-29,Nori Ltd
B002937,PR00659,22M9552,2024-03-11,2027-03-11,SAT1,200,181,2024-10-27,Dube LLC
B002938,PR00659,MO25-876,2024-07-09,2026-07-09,SAT2,1000,951,2024-09-12,Rama Group
B002939,PR00659,22M5379,2024-09-16,2027-09-16,MAIN,1000,972,2025-04-25,"Dora, Mishra and Chauhan"
B002940,PR00659,MO25-262,2024-10-07,2026-04-07,MAIN,500,431,2025-05-02,Soman-Bumb
B002941,PR00660,ME24-553,2024-01-15,2026-01-15,MAIN,100,29,2024-07-05,Shankar Ltd
B002942,PR00660,M2607644,2023-08-29,2025-02-28,SAT1,500,453,2024-02-07,"Sahota, Hegde and Kapur"
B002943,PR00660,MEX25250,2024-01-03,2027-01-03,MAIN,250,0,2024-03-27,Madan-Kala
B002944,PR00661,K4480811,2025-03-05,2028-03-05,SAT1,250,250,2025-05-03,"Mangat, Roy and Narasimhan"
B002945,PR00661,22K3664,2024-04-10,2025-10-10,SAT2,100,0,2024-06-12,"Sanghvi, Koshy and Bal"
B002946,PR00661,KI22-985,2024-05-18,2026-05-18,SAT2,250,209,2024-12-17,Chaudhuri-Ramaswamy
B002947,PR00661,KIA24J110,2023-08-25,2026-08-25,SAT2,1000,831,2024-02-17,"Yohannan, Din and Minhas"
B002948,PR00661,KIA24E350,2024-02-14,2026-02-14,SAT2,100,5,2024-05-21,"Singhal, Khalsa and Brahmbhatt"
B002949,PR00662,S5677262,2024-03-12,2025-09-12,MAIN,100,92,2024-09-03,Char-Pandya
B002950,PR00662,25S3211,2025-03-06,2028-03-06,SAT1,200,200,2025-04-15,Tella Inc
B002951,PR00662,SAF23I164,2023-06-08,2024-12-08,MAIN,1000,953,2023-11-06,Ramesh PLC
B002952,PR00662,S7775175,2024-09-01,2026-03-01,SAT2,200,200,2025-04-03,"Hegde, Shenoy and Chakrabarti"
B002953,PR00663,ME23-572,2024-06-21,2026-06-21,MAIN,1000,785,2024-12-03,Konda Inc
B002954,PR00663,23M8783,2024-07-29,2027-07-29,MAIN,100,46,2024-10-01,Joshi-Som
B002955,PR00663,M4178202,2024-06-28,2026-06-28,MAIN,100,100,2024-11-26,Raghavan Inc
B002956,PR00663,25M2109,2024-03-20,2026-03-20,MAIN,1000,921,2024-08-03,Ganesan-Agrawal
B002957,PR00663,24M2122,2024-10-28,2027-10-28,MAIN,200,144,2025-03-17,Mahal PLC
B002958,PR00663,ME23-940,2023-07-01,2025-07-01,SAT1,200,155,2024-01-15,"Sampath, Subramaniam and Bahl"
B002959,PR00664,23A7196,2024-01-08,2026-01-08,MAIN,250,212,2024-06-13,"Dey, Raju and Maharaj"
B002960,PR00664,22A3950,2024-11-07,2026-05-07,SAT2,500,497,2025-03-06,"Johal, Dalal and Deep"
B002961,PR00664,A8756862,2025-01-18,2028-01-18,MAIN,100,99,2025-03-31,Mangal Group
B002962,PR00664,AUS24K246,2023-12-29,2025-12-29,MAIN,1000,958,2024-03-23,Mishra Group
B002963,PR00664,25A3630,2024-08-06,2027-08-06,SAT1,250,227,2024-12-05,Gour-Naik
B002964,PR00665,IND22E373,2024-07-14,2026-07-14,MAIN,1000,969,2025-02-09,"Mall, Dhawan and Gala"
B002965,PR00665,25I6275,2023-05-07,2025-05-07,MAIN,1000,663,2023-12-25,Minhas-Padmanabhan
B002966,PR00665,IN25-466,2024-02-28,2027-02-28,MAIN,500,458,2024-09-24,Jha-Halder
B002967,PR00665,IN22-416,2024-09-28,2027-09-28,MAIN,200,197,2025-03-18,"Chopra, Sharma and Dewan"
B002968,PR00666,SHI44464,2024-04-29,2026-04-29,MAIN,250,75,2024-09-07,"Mital, Apte and Kale"
B002969,PR00666,SHI23L386,2024-05-05,2025-11-05,MAIN,200,0,2024-07-12,Lala-Tiwari
B002970,PR00666,SH23-759,2024-10-18,2026-04-18,MAIN,100,100,2025-05-26,"Buch, Choudhary and Golla"
B002971,PR00666,SHI24J350,2024-03-14,2025-09-14,MAIN,500,410,2024-06-07,"Sachdev, Rajagopal and Master"
B002972,PR00666,SHI20264,2025-04-03,2028-04-03,SAT2,250,160,2025-05-07,"Sharma, Chakrabarti and Rout"
B002973,PR00667,I3453298,2024-02-03,2026-02-03,MAIN,1000,851,2024-03-18,Bal-Sabharwal
B002974,PR00667,IG22-283,2024-05-31,2026-05-31,SAT1,500,488,2024-07-18,"Kapur, Kamdar and Narasimhan"
B002975,PR00667,I5447626,2024-10-11,2027-10-11,MAIN,200,200,2025-03-08,Choudhry Inc
B002976,PR00667,IGP40926,2023-11-20,2025-05-20,MAIN,200,0,2024-01-13,Ramachandran Inc
B002977,PR00667,IGP19747,2024-11-16,2026-11-16,SAT2,500,466,2025-02-13,Palla PLC
B002978,PR00668,LEE93017,2024-03-24,2025-09-24,MAIN,100,33,2024-06-10,Comar Group
B002979,PR00668,L5165854,2023-10-09,2025-04-09,SAT1,250,150,2024-02-15,"Koshy, Magar and Bandi"
B002980,PR00668,L5805169,2024-07-06,2027-07-06,SAT1,200,175,2025-02-17,Hayer and Sons
B002981,PR00668,23L941,2024-03-14,2025-09-14,SAT2,200,146,2024-06-22,Magar LLC
B002982,PR00668,LE24-688,2024-10-05,2026-04-05,SAT2,500,481,2025-04-23,Soni Ltd
B002983,PR00669,25H2020,2024-01-26,2025-07-26,SAT2,100,85,2024-06-14,Subramaniam-Jha
B002984,PR00669,HEA67039,2024-05-21,2025-11-21,SAT1,250,247,2025-01-02,"Mahal, Walla and Chaudhry"
B002985,PR00669,HE23-075,2024-07-15,2027-07-15,MAIN,100,83,2025-01-26,Bath-Lanka
B002986,PR00669,H7020797,2025-04-02,2028-04-02,MAIN,500,497,2025-05-09,Bhatia Inc
B002987,PR00669,HEA64935,2023-11-01,2025-05-01,MAIN,200,163,2024-04-19,Tak-Kalita
B002988,PR00670,OBS23L268,2023-12-31,2026-12-31,SAT1,250,149,2024-04-22,Borah LLC
B002989,PR00670,OBS23E218,2024-09-12,2027-09-12,MAIN,100,0,2024-10-29,"Chand, Chawla and Rattan"
B002990,PR00670,OBS23C276,2024-11-25,2026-05-25,MAIN,100,0,2025-02-28,Mandal PLC
B002991,PR00670,OBS24K318,2025-02-12,2027-02-12,SAT2,100,100,2025-05-15,"Chacko, Bakshi and Batta"
B002992,PR00670,OBS15173,2023-10-06,2025-04-06,MAIN,1000,825,2024-01-07,Edwin-Barad
B002993,PR00671,PAR25A236,2024-03-02,2026-03-02,SAT1,500,410,2024-04-06,Wagle PLC
B002994,PR00671,24P8573,2023-11-24,2025-11-24,MAIN,100,53,2024-01-07,Sahni-Dani
B002995,PR00671,23P5295,2024-10-23,2027-10-23,MAIN,200,199,2025-05-27,Bali-Bora
B002996,PR00672,MAC24D117,2024-04-28,2025-10-28,MAIN,250,43,2024-07-11,"Baral, Koshy and Manne"
B002997,PR00672,MAC84338,2023-11-12,2025-11-12,MAIN,500,418,2024-06-21,Dara and Sons
B002998,PR00672,M1835376,2023-04-22,2024-10-22,MAIN,200,0,2023-11-27,Thaker-Narayan
B002999,PR00672,MA24-446,2025-02-16,2028-02-16,MAIN,500,476,2025-04-16,Lal-Dugal
B003000,PR00672,M8612492,2023-09-23,2026-09-23,MAIN,1000,702,2024-04-04,Kadakia LLC
B003001,PR00673,DRD92472,2024-04-17,2025-10-17,MAIN,100,73,2024-06-16,Borde Group
B003002,PR00673,D2596109,2023-09-04,2026-09-04,MAIN,100,36,2023-11-04,Sridhar PLC
B003003,PR00673,D3718166,2023-06-29,2026-06-29,MAIN,100,14,2023-12-13,"Char, Sunder and Chaudhry"
B003004,PR00673,DRD64214,2025-01-08,2026-07-08,MAIN,500,490,2025-02-13,Raja Inc
B003005,PR00673,DRD72464,2024-10-08,2026-04-08,SAT1,200,172,2024-12-16,Naik Group
B003006,PR00674,A1843062,2024-10-21,2026-10-21,MAIN,500,433,2025-05-11,Chadha Group
B003007,PR00674,24A2947,2024-11-18,2026-11-18,MAIN,500,460,2025-01-27,Jani and Sons
B003008,PR00674,25A6891,2023-08-25,2026-08-25,SAT1,1000,889,2024-02-01,"Chaudhari, More and Babu"
B003009,PR00674,AKU11721,2024-11-14,2026-05-14,SAT2,1000,966,2025-01-08,Mitter Group
B003010,PR00675,S4689631,2023-04-19,2026-04-19,MAIN,500,258,2023-11-04,"Agrawal, Edwin and Verma"
B003011,PR00675,SAL37165,2025-02-24,2028-02-24,MAIN,200,194,2025-05-27,"Chakrabarti, Mann and Chanda"
B003012,PR00675,SA22-285,2024-05-04,2027-05-04,SAT1,250,190,2024-08-27,Deo PLC
B003013,PR00675,SAL73836,2023-06-14,2026-06-14,SAT2,250,49,2023-11-13,Mistry-Nadig
B003014,PR00676,SAN25C139,2024-01-16,2027-01-16,MAIN,200,0,2024-04-24,Sundaram Ltd
B003015,PR00676,22S8431,2023-11-15,2026-11-15,MAIN,100,0,2024-01-12,Kala Group
B003016,PR00676,S7919671,2024-01-09,2025-07-09,SAT2,1000,895,2024-05-01,Uppal-Pillay
B003017,PR00676,23S5681,2023-10-17,2025-04-17,MAIN,500,171,2024-03-30,Rai-Menon
B003018,PR00676,SAN12188,2024-01-31,2026-01-31,SAT1,500,488,2024-08-07,Guha-Bora
B003019,PR00677,24S3324,2024-06-15,2027-06-15,SAT1,200,183,2024-12-31,Buch Inc
B003020,PR00677,SH23-559,2023-12-05,2025-06-05,SAT1,1000,984,2024-03-29,"Tata, Mitra and Choudhry"
B003021,PR00677,SH23-636,2024-08-22,2026-08-22,SAT2,200,188,2025-03-17,"Raghavan, Das and Mangat"
B003022,PR00677,S6884349,2023-09-12,2026-09-12,SAT2,250,56,2024-01-04,Krish Ltd
B003023,PR00677,SHR22J382,2024-03-02,2025-09-02,SAT1,100,90,2024-09-02,Dani LLC
B003024,PR00677,S4200559,2024-05-15,2025-11-15,SAT2,250,227,2024-11-22,Bava-Borra
B003025,PR00678,VR25-192,2024-08-04,2026-02-04,MAIN,1000,953,2024-11-21,"Khanna, Butala and Nayak"
B003026,PR00678,VR24-045,2023-12-04,2025-06-04,SAT1,500,493,2024-05-05,Narula Inc
B003027,PR00678,24V788,2024-02-01,2027-02-01,SAT1,200,176,2024-05-06,Sant-Goyal
B003028,PR00679,Z2361640,2023-11-07,2025-05-07,SAT2,1000,835,2024-02-02,Bhavsar-Ray
B003029,PR00679,Z1476249,2024-11-10,2026-05-10,MAIN,500,465,2024-12-19,"Kulkarni, Padmanabhan and Nazareth"
B003030,PR00679,22Z5615,2023-08-19,2025-02-19,SAT1,250,210,2024-01-02,Naidu and Sons
B003031,PR00679,22Z5417,2024-06-26,2027-06-26,MAIN,500,484,2024-10-31,"Taneja, Muni and Borde"
B003032,PR00680,FAW4095,2023-04-03,2026-04-03,MAIN,100,0,2023-11-10,Dewan Ltd
B003033,PR00680,FA23-237,2024-07-12,2026-01-12,MAIN,1000,813,2024-08-27,Mandal-Sur
B003034,PR00680,F4204575,2024-11-17,2027-11-17,SAT1,200,200,2025-01-01,"Bhattacharyya, Shukla and Majumdar"
B003035,PR00680,F2960675,2024-02-13,2027-02-13,SAT1,250,207,2024-08-01,"Vora, Parmer and Sandhu"
B003036,PR00680,FAW59113,2024-08-08,2027-08-08,SAT2,100,70,2024-12-12,Mandal-Toor
B003037,PR00681,23S9633,2024-06-18,2027-06-18,MAIN,500,497,2024-12-27,"Kant, Bhardwaj and Balasubramanian"
B003038,PR00681,SO22-725,2024-03-26,2026-03-26,SAT1,200,185,2024-09-30,Cherian-Oak
B003039,PR00681,SOL25D291,2024-11-23,2026-05-23,SAT1,500,496,2025-02-14,Seth-Pall
B003040,PR00681,SOL22L010,2023-10-01,2025-04-01,MAIN,500,440,2024-01-07,"Ratti, Joshi and Pau"
B003041,PR00681,SOL23J089,2024-05-13,2025-11-13,MAIN,1000,984,2024-09-27,Thaman-Minhas
B003042,PR00681,SO22-691,2024-03-07,2026-03-07,MAIN,250,225,2024-09-06,Gour Group
B003043,PR00682,KON25A069,2023-09-12,2025-03-12,MAIN,250,0,2023-12-18,"Chadha, Shah and Dugal"
B003044,PR00682,24K4825,2024-12-01,2026-12-01,MAIN,200,182,2025-03-28,Raval-Deol
B003045,PR00682,KON52621,2024-05-05,2026-05-05,MAIN,250,177,2024-08-10,"Pathak, Ravel and Peri"
B003046,PR00682,KON24D133,2024-02-26,2027-02-26,MAIN,100,0,2024-07-07,Lad Group
B003047,PR00682,22K7211,2023-10-27,2025-04-27,MAIN,250,0,2024-05-15,Soni Inc
B003048,PR00683,MED55057,2024-12-05,2026-12-05,SAT2,100,94,2025-04-16,"Basak, Butala and Menon"
B003049,PR00683,MED25C180,2023-09-24,2026-09-24,SAT2,500,173,2023-12-12,"Maharaj, Choudhry and Kapadia"
B003050,PR00683,M6489336,2023-12-21,2025-12-21,MAIN,100,0,2024-05-05,Radhakrishnan PLC
B003051,PR00683,ME24-537,2024-09-23,2026-09-23,MAIN,200,140,2024-11-03,"Sama, Gole and Lad"
B003052,PR00683,ME25-964,2023-11-07,2026-11-07,SAT1,1000,938,2024-03-04,Vala Group
B003053,PR00684,GR23-997,2024-09-29,2026-03-29,MAIN,200,163,2025-01-23,Ahluwalia Inc
B003054,PR00684,GR22-674,2023-06-30,2025-06-30,MAIN,200,0,2024-01-05,"Sabharwal, Rege and Bhargava"
B003055,PR00684,GRA25I194,2024-07-24,2027-07-24,MAIN,200,118,2025-02-01,"Magar, Chaudhry and Sunder"
B003056,PR00684,G8091662,2023-05-25,2025-05-25,SAT1,1000,926,2024-01-05,Yadav and Sons
B003057,PR00684,G3525002,2024-09-29,2026-09-29,MAIN,200,181,2025-04-10,Sodhi Group
B003058,PR00684,G3889606,2024-02-20,2025-08-20,SAT1,200,190,2024-06-04,Handa PLC
B003059,PR00685,IKO24H109,2023-12-22,2025-06-22,SAT1,500,375,2024-03-02,"Choudhry, Dara and Panchal"
B003060,PR00685,IK25-065,2023-07-08,2025-01-08,SAT2,200,146,2024-01-06,"Edwin, Dey and Karnik"
B003061,PR00685,IKO40805,2025-02-27,2028-02-27,MAIN,1000,995,2025-04-21,Divan and Sons
B003062,PR00685,IKO42017,2024-11-02,2026-05-02,MAIN,1000,981,2025-04-16,Dubey LLC
B003063,PR00686,ZU25-371,2024-07-11,2026-07-11,SAT1,100,100,2024-10-04,Wason LLC
B003064,PR00686,Z2102201,2023-08-17,2025-02-17,SAT1,1000,941,2024-01-28,Narain-Dugal
B003065,PR00686,ZUV25D328,2024-11-04,2027-11-04,MAIN,200,149,2025-04-17,"Hans, Parmar and Mishra"
B003066,PR00686,22Z862,2024-01-05,2027-01-05,MAIN,250,148,2024-07-17,Agarwal LLC
B003067,PR00687,HUM70156,2023-06-18,2025-06-18,SAT2,100,69,2024-02-01,Barad Ltd
B003068,PR00687,HUM24B273,2024-07-21,2027-07-21,SAT2,250,245,2024-11-22,"Loyal, Sethi and D’Alia"
B003069,PR00687,HUM22C143,2024-01-17,2027-01-17,SAT1,200,178,2024-07-11,Pradhan Inc
B003070,PR00688,ELI23H131,2024-09-22,2026-09-22,MAIN,200,194,2024-12-06,"D’Alia, Koshy and Palan"
B003071,PR00688,ELI59398,2024-10-12,2027-10-12,SAT1,100,81,2025-01-18,"Balan, Murthy and Hari"
B003072,PR00688,24E4898,2024-06-27,2025-12-27,MAIN,100,97,2025-02-21,Savant-Dhingra
B003073,PR00689,SKY72385,2024-01-15,2026-01-15,MAIN,250,211,2024-03-21,Wali PLC
B003074,PR00689,S7815051,2023-07-26,2025-07-26,SAT1,100,76,2024-03-08,Amble Group
B003075,PR00689,SKY25F233,2024-01-05,2026-01-05,SAT1,1000,992,2024-07-24,Dalal-Parsa
B003076,PR00689,25S2604,2024-06-11,2025-12-11,SAT2,1000,996,2024-08-05,Baria-Shetty
B003077,PR00689,SK23-567,2025-03-31,2026-09-30,SAT2,100,98,2025-05-19,"Khosla, Balakrishnan and Datta"
B003078,PR00689,SKY40568,2024-01-24,2025-07-24,MAIN,500,488,2024-09-14,"Badal, Bora and Bajwa"
B003079,PR00690,SU23-640,2023-10-23,2026-10-23,SAT1,200,142,2024-03-07,Chaudry-Mani
B003080,PR00690,SUN96860,2023-09-21,2025-09-21,MAIN,200,0,2023-12-05,"Narayan, Kibe and Mitra"
B003081,PR00690,SUN80061,2023-11-16,2025-05-16,SAT2,200,120,2024-05-30,Natarajan and Sons
B003082,PR00690,SUN24587,2024-05-27,2025-11-27,MAIN,100,0,2024-09-23,"Chandran, Lala and Mani"
B003083,PR00690,SU23-095,2024-07-30,2027-07-30,MAIN,1000,944,2025-01-18,Rout-Sha
B003084,PR00691,M8650241,2024-05-06,2027-05-06,MAIN,250,215,2024-08-08,Dave-Bansal
B003085,PR00691,MED81046,2025-01-19,2028-01-19,MAIN,200,195,2025-03-12,Chada Ltd
B003086,PR00691,MED48108,2023-07-27,2025-01-27,SAT2,250,214,2023-12-08,"Kapoor, Bajaj and Rajan"
B003087,PR00692,S7767733,2023-10-20,2025-04-20,MAIN,1000,963,2024-03-24,Padmanabhan Group
B003088,PR00692,ST23-318,2024-06-11,2027-06-11,SAT1,500,467,2024-11-09,"Bakshi, Karan and Shetty"
B003089,PR00692,STE21797,2023-04-19,2024-10-19,MAIN,100,61,2023-11-22,"D’Alia, Dhingra and Chatterjee"
B003090,PR00692,23S6801,2024-05-19,2025-11-19,MAIN,100,69,2024-07-19,Saxena LLC
B003091,PR00693,22I8684,2024-07-23,2026-07-23,SAT1,500,447,2024-08-24,Rau PLC
B003092,PR00693,IND25B046,2024-11-09,2026-11-09,MAIN,100,90,2025-05-23,"Atwal, Nagar and Narula"
B003093,PR00693,IND87054,2024-07-25,2026-01-25,SAT1,1000,963,2024-09-01,"Naidu, Padmanabhan and Tailor"
B003094,PR00693,IN25-644,2024-08-15,2026-02-15,MAIN,100,71,2025-03-07,Mohan-Bail
B003095,PR00693,22I1770,2023-11-08,2025-11-08,SAT1,1000,944,2024-05-30,"Mall, Grover and Acharya"
B003096,PR00694,BIO53095,2024-05-17,2027-05-17,SAT2,100,32,2024-11-22,Sani-Bawa
B003097,PR00694,BIO4912,2024-10-27,2027-10-27,SAT2,250,250,2025-03-12,"Misra, Parmer and Dua"
B003098,PR00694,B1240928,2024-10-18,2026-10-18,MAIN,100,0,2025-03-04,"Sanghvi, Aurora and Purohit"
B003099,PR00695,DOL25I095,2024-09-24,2026-03-24,SAT2,100,100,2025-05-18,Bava Group
B003100,PR00695,D4069729,2024-04-06,2026-04-06,MAIN,500,473,2024-05-21,Salvi-Sharaf
B003101,PR00695,D3834172,2025-01-14,2026-07-14,MAIN,100,98,2025-04-12,Kaur Group
B003102,PR00695,D5991469,2024-11-30,2026-05-30,MAIN,100,94,2025-04-17,Prabhu-Sawhney
B003103,PR00695,DOL33182,2024-10-11,2027-10-11,SAT1,100,58,2024-11-23,Butala Group
B003104,PR00696,RE24-024,2023-12-30,2025-06-30,MAIN,250,75,2024-04-21,Dhawan-Sawhney
B003105,PR00696,REM25B119,2024-05-22,2025-11-22,MAIN,500,422,2024-08-31,Chander-Kapoor
B003106,PR00696,R1605374,2024-12-28,2026-12-28,MAIN,500,469,2025-04-11,Biswas-Mistry
B003107,PR00696,REM58868,2024-01-21,2025-07-21,MAIN,500,326,2024-03-27,"Bhardwaj, Dey and Parmar"
B003108,PR00696,REM87803,2024-10-23,2026-10-23,SAT2,200,158,2025-05-07,Bahri PLC
B003109,PR00697,24A9910,2023-06-04,2025-06-04,MAIN,1000,966,2024-01-25,Hayer-Srinivas
B003110,PR00697,23A5942,2024-12-12,2027-12-12,MAIN,1000,980,2025-02-24,"Rastogi, Dyal and Rao"
B003111,PR00697,A3182857,2024-02-29,2027-02-28,MAIN,200,176,2024-08-15,Luthra-Mitra
B003112,PR00697,AMB61939,2023-11-07,2025-05-07,MAIN,200,143,2024-01-08,Tara-Gole
B003113,PR00697,AM23-050,2023-08-05,2026-08-05,MAIN,200,144,2023-12-20,Andra-Wali
B003114,PR00698,STA70043,2024-07-16,2026-01-16,SAT2,500,500,2024-11-16,Gour-Khosla
B003115,PR00698,24S6165,2024-03-06,2025-09-06,SAT2,500,495,2024-10-26,"Dhaliwal, Krishna and Ghosh"
B003116,PR00698,S2600700,2024-01-22,2025-07-22,MAIN,500,485,2024-08-11,Mitra PLC
B003117,PR00698,22S2716,2024-05-17,2025-11-17,MAIN,250,236,2024-08-22,Balay LLC
B003118,PR00698,S2930795,2025-02-05,2028-02-05,MAIN,500,498,2025-05-17,Sha Ltd
B003119,PR00699,SA24-478,2024-07-03,2026-01-03,MAIN,1000,984,2024-08-06,Morar Inc
B003120,PR00699,25S425,2023-10-05,2025-10-05,MAIN,200,155,2024-02-29,"Narayanan, Oommen and Koshy"
B003121,PR00699,25S6750,2024-08-15,2026-08-15,SAT1,100,66,2024-10-02,Chokshi-Narang
B003122,PR00699,25S8614,2024-02-19,2025-08-19,SAT2,1000,982,2024-07-10,"Nigam, Murty and Shanker"
B003123,PR00700,HEC41577,2024-08-27,2027-08-27,SAT2,100,94,2024-10-06,Balakrishnan-Rajagopalan
B003124,PR00700,HE22-237,2024-05-31,2026-05-31,SAT1,100,53,2024-09-17,Tara PLC
B003125,PR00700,HEC24B001,2024-04-23,2026-04-23,MAIN,100,78,2024-10-21,Aurora-Gaba
B003126,PR00700,HEC30709,2023-10-13,2026-10-13,MAIN,100,73,2024-01-14,Gala-Pillay
B003127,PR00700,H6359799,2023-12-09,2026-12-09,SAT1,500,416,2024-06-04,Bhat-Khare
B003128,PR00701,24C3592,2023-08-13,2026-08-13,SAT1,1000,945,2024-04-08,Kant Ltd
B003129,PR00701,CIP25B396,2023-12-18,2026-12-18,SAT2,100,21,2024-03-04,Nigam Ltd
B003130,PR00701,C5024469,2023-10-29,2026-10-29,MAIN,250,0,2023-12-24,"Manne, Parmer and Golla"
B003131,PR00701,CIP22K083,2024-06-29,2026-06-29,SAT1,500,500,2024-12-29,Butala LLC
B003132,PR00702,MEP23K321,2023-12-08,2025-12-08,MAIN,100,0,2024-03-31,"Yogi, Dewan and Vohra"
B003133,PR00702,M2804536,2023-06-21,2024-12-21,MAIN,250,0,2024-01-26,Kara-Batra
B003134,PR00702,MEP77038,2023-04-28,2024-10-28,MAIN,250,0,2023-12-05,Bahri-Dey
B003135,PR00702,ME24-904,2023-12-18,2025-06-18,MAIN,200,0,2024-07-31,"Saran, Ramanathan and Gour"
B003136,PR00702,MEP23G324,2024-01-11,2025-07-11,SAT2,250,113,2024-02-18,"Chana, Savant and Dugar"
B003137,PR00703,D6161690,2024-05-28,2026-05-28,SAT1,200,170,2024-12-08,Sunder LLC
B003138,PR00703,DEN22L272,2024-07-02,2026-07-02,SAT1,200,186,2024-11-02,Dewan and Sons
B003139,PR00703,DE23-516,2024-08-09,2026-08-09,MAIN,500,415,2025-03-20,Mittal Inc
B003140,PR00703,25D7686,2024-08-24,2026-02-24,SAT2,200,165,2025-03-05,Shetty-Goel
B003141,PR00703,DEN5281,2024-09-11,2027-09-11,MAIN,500,297,2024-10-20,Parmer Ltd
B003142,PR00704,ZOD22I236,2023-10-07,2025-10-07,MAIN,100,34,2024-02-10,Goda Group
B003143,PR00704,ZOD96903,2024-03-20,2025-09-20,MAIN,200,172,2024-06-10,Kadakia-Soman
B003144,PR00704,Z2406750,2024-08-12,2026-08-12,SAT1,100,86,2024-12-13,Randhawa and Sons
B003145,PR00704,Z7911511,2024-06-30,2026-06-30,MAIN,200,187,2024-11-20,Pant Inc
B003146,PR00704,ZOD22A230,2024-07-03,2027-07-03,MAIN,1000,993,2024-11-26,Dara and Sons
B003147,PR00704,25Z6602,2023-12-28,2025-12-28,SAT2,100,86,2024-05-29,"Dugar, Tella and Bath"
B003148,PR00705,22A1519,2023-09-05,2025-09-05,SAT1,1000,878,2024-04-07,Wali-Parmar
B003149,PR00705,A1475529,2024-03-10,2027-03-10,SAT2,200,103,2024-06-25,Goyal and Sons
B003150,PR00705,AL25-465,2024-03-30,2026-03-30,MAIN,250,85,2024-08-07,Sahota Inc
B003151,PR00706,24F7717,2024-01-17,2026-01-17,SAT2,1000,846,2024-03-14,"Bava, Cherian and Khatri"
B003152,PR00706,FRE25I094,2023-04-17,2024-10-17,MAIN,250,107,2023-12-04,"Kohli, Kakar and Prakash"
B003153,PR00706,25F1867,2023-09-29,2025-03-29,SAT1,1000,906,2024-05-20,"Kara, Suri and Sur"
B003154,PR00706,FR25-454,2023-09-07,2025-09-07,MAIN,250,0,2024-02-25,Bhatia Inc
B003155,PR00706,23F9046,2024-04-20,2025-10-20,MAIN,1000,765,2024-06-01,Bains and Sons
B003156,PR00706,22F5723,2024-11-14,2027-11-14,MAIN,250,221,2025-05-17,"Om, Sani and Chaudhary"
B003157,PR00707,OR25-946,2023-10-03,2025-04-03,MAIN,500,372,2024-03-17,Dhingra-Gour
B003158,PR00707,25O2503,2024-05-28,2025-11-28,MAIN,100,32,2024-10-26,Puri-Mand
B003159,PR00707,O1221448,2024-12-17,2027-12-17,MAIN,500,470,2025-02-23,"Tailor, Bhatt and Varkey"
B003160,PR00707,ORD50418,2024-10-18,2026-04-18,SAT2,1000,972,2025-03-27,"Pillay, Pandya and More"
B003161,PR00707,ORD16163,2024-07-30,2026-07-30,MAIN,250,139,2024-12-26,Sengupta PLC
B003162,PR00707,O4403264,2023-10-11,2025-10-11,MAIN,1000,758,2024-01-30,"Dhar, Karan and Acharya"
B003163,PR00708,K5650409,2024-11-14,2027-11-14,MAIN,250,242,2025-03-08,Padmanabhan-Kalla
B003164,PR00708,K7151208,2023-11-24,2025-11-24,SAT2,250,213,2024-01-03,Kaur Inc
B003165,PR00708,KR23-801,2024-01-10,2026-01-10,MAIN,500,479,2024-07-20,Sidhu-Shroff
B003166,PR00708,KRY24G039,2024-02-29,2026-02-28,SAT2,250,242,2024-06-18,"Borra, Mane and Narula"
B003167,PR00709,MED24B042,2024-03-18,2026-03-18,MAIN,100,73,2024-10-06,Mann-Sastry
B003168,PR00709,ME24-640,2024-06-20,2025-12-20,SAT1,200,189,2024-10-11,"Mani, Konda and Sawhney"
B003169,PR00709,M3076796,2024-02-14,2025-08-14,SAT2,250,221,2024-04-09,Dani PLC
B003170,PR00709,MED24K077,2024-09-24,2026-09-24,SAT1,100,91,2025-01-03,Pandit-Hayre
B003171,PR00710,25Z7939,2023-06-02,2026-06-02,MAIN,500,432,2024-01-26,"Chawla, Buch and Seth"
B003172,PR00710,24Z1226,2024-01-05,2027-01-05,MAIN,100,91,2024-08-06,Sangha-Salvi
B003173,PR00710,ZE25-647,2024-01-26,2025-07-26,MAIN,250,225,2024-08-12,"Sangha, Oak and Bhardwaj"
B003174,PR00710,Z3019551,2024-01-12,2026-01-12,SAT1,250,146,2024-03-05,Goel-Sinha
B003175,PR00711,SOU24G251,2023-05-02,2025-05-02,SAT2,500,475,2023-11-02,"Sahota, Bhavsar and Dass"
B003176,PR00711,SOU22397,2024-07-03,2027-07-03,MAIN,1000,970,2024-08-19,Dutta PLC
B003177,PR00711,SO25-061,2024-02-22,2026-02-22,MAIN,100,68,2024-08-11,Nagi Group
B003178,PR00711,SOU95768,2024-04-25,2026-04-25,MAIN,500,486,2024-07-14,"Bhakta, Ray and Borah"
B003179,PR00711,23S6210,2024-07-17,2026-07-17,MAIN,250,242,2024-10-01,"Bhasin, Dugal and Deo"
B003180,PR00712,HIY97184,2024-06-14,2026-06-14,MAIN,100,94,2024-12-06,Biswas Ltd
B003181,PR00712,HIY23L195,2024-11-16,2026-11-16,MAIN,1000,985,2025-01-09,Raman Group
B003182,PR00712,H1995860,2023-12-13,2025-12-13,SAT2,500,474,2024-03-12,"Sathe, Bajwa and Raju"
B003183,PR00712,H8446496,2024-09-26,2026-03-26,SAT2,1000,995,2025-04-17,"Sridhar, Sane and Jayaraman"
B003184,PR00712,H8765566,2023-11-01,2025-05-01,MAIN,100,82,2024-04-30,Korpal-Deshmukh
B003185,PR00712,HIY68395,2023-09-09,2025-03-09,MAIN,250,218,2024-02-23,Issac Ltd
B003186,PR00713,24K275,2024-06-12,2027-06-12,SAT2,1000,989,2024-11-01,Dasgupta-Zacharia
B003187,PR00713,23K6883,2024-04-06,2026-04-06,SAT2,100,94,2024-10-22,Dugal-Bora
B003188,PR00713,K5009780,2024-03-21,2026-03-21,SAT2,250,241,2024-08-09,Radhakrishnan Ltd
B003189,PR00713,KI22-912,2023-10-21,2025-04-21,SAT2,500,491,2024-05-03,"Mane, Vala and Pillai"
B003190,PR00713,K4413921,2023-08-13,2026-08-13,MAIN,250,204,2024-03-03,Kannan-Tank
B003191,PR00714,PLU24E319,2023-10-31,2025-04-30,MAIN,1000,642,2023-12-02,Chacko LLC
B003192,PR00714,PLU57613,2024-05-24,2027-05-24,MAIN,200,93,2024-07-27,Muni and Sons
B003193,PR00714,PL24-190,2023-12-31,2025-06-30,MAIN,100,0,2024-02-17,Baria Inc
B003194,PR00715,23M5529,2024-10-19,2026-10-19,SAT2,500,451,2025-01-23,"Konda, Setty and Nayar"
B003195,PR00715,MA23-210,2024-09-21,2027-09-21,MAIN,100,58,2025-02-28,Yogi PLC
B003196,PR00715,MAR23D362,2023-09-01,2026-09-01,MAIN,100,0,2024-04-24,"Dixit, Kohli and Bora"
B003197,PR00716,24W4081,2023-05-14,2025-05-14,SAT2,250,221,2023-12-19,Dhar LLC
B003198,PR00716,W8551894,2023-10-06,2026-10-06,MAIN,1000,955,2024-04-09,Padmanabhan-Thakkar
B003199,PR00716,WIN62352,2023-11-30,2025-05-30,SAT1,1000,906,2024-02-12,Rai-Joshi
B003200,PR00717,OTI22H183,2024-05-19,2026-05-19,MAIN,250,214,2024-10-15,Srinivas PLC
B003201,PR00717,OTI83006,2023-10-06,2026-10-06,SAT2,200,12,2024-05-11,"Kuruvilla, Chauhan and Swaminathan"
B003202,PR00717,OTI25C010,2024-01-13,2025-07-13,MAIN,250,142,2024-05-06,"Jaggi, Taneja and Sachar"
B003203,PR00717,OTI24H389,2024-03-09,2025-09-09,MAIN,500,339,2024-09-20,Bora-Om
B003204,PR00717,O5747250,2024-09-25,2026-03-25,MAIN,1000,961,2024-12-20,Viswanathan and Sons
B003205,PR00718,M8606535,2024-10-30,2026-04-30,SAT2,250,250,2025-03-10,Chandra Inc
B003206,PR00718,MA23-901,2024-06-12,2026-06-12,SAT1,500,481,2024-09-19,Balasubramanian-Rama
B003207,PR00718,MAN25L212,2025-02-19,2027-02-19,MAIN,200,190,2025-05-19,Gade-Sangha
B003208,PR00718,MAN25B279,2024-04-29,2026-04-29,SAT2,200,156,2024-07-07,Master-Gour
B003209,PR00719,DIS99244,2023-06-12,2026-06-12,MAIN,100,35,2023-12-17,Saxena-Kannan
B003210,PR00719,D7453914,2024-02-28,2026-02-28,MAIN,250,241,2024-09-19,Bhatt-Dhawan
B003211,PR00719,DIS25A302,2024-05-27,2027-05-27,MAIN,100,85,2024-08-19,Goswami-Mammen
B003212,PR00719,DI24-880,2024-02-26,2025-08-26,MAIN,100,82,2024-09-21,Pai-Kannan
B003213,PR00719,DIS25F226,2023-04-26,2025-04-26,SAT1,200,174,2023-11-09,Suresh LLC
B003214,PR00720,ED22-023,2024-05-15,2025-11-15,MAIN,500,325,2024-09-11,"Ramanathan, Murthy and Raju"
B003215,PR00720,25E999,2024-08-19,2027-08-19,MAIN,200,20,2024-09-25,"Singh, Roy and Lad"
B003216,PR00720,EDN89195,2024-02-16,2025-08-16,MAIN,250,143,2024-07-23,"Sastry, Vaidya and Memon"
B003217,PR00720,23E5383,2024-07-18,2026-01-18,MAIN,200,117,2024-10-02,"Sandhu, Dutta and Gala"
B003218,PR00721,ZY24-507,2024-07-12,2026-07-12,MAIN,250,246,2025-02-17,Mani-Pillai
B003219,PR00721,ZYD11645,2023-08-10,2026-08-10,MAIN,500,442,2023-12-26,Bains LLC
B003220,PR00721,ZYD22F182,2023-08-10,2026-08-10,MAIN,1000,957,2024-03-18,Devi-Murty
B003221,PR00722,M1167398,2023-11-03,2025-11-03,MAIN,500,460,2024-05-11,Sachdev PLC
B003222,PR00722,MED24K109,2024-11-20,2027-11-20,SAT1,500,495,2025-03-31,Sahota LLC
B003223,PR00722,MED25H139,2023-11-26,2025-05-26,MAIN,500,441,2023-12-26,Walla-Nath
B003224,PR00723,ESK95517,2023-10-02,2025-10-02,SAT2,100,78,2024-04-15,Dhar Ltd
B003225,PR00723,ESK19497,2023-12-03,2026-12-03,MAIN,1000,949,2024-02-24,Sama and Sons
B003226,PR00723,ESK25B085,2023-12-04,2025-12-04,SAT2,100,78,2024-01-30,Sahni-Tailor
B003227,PR00724,LAP22263,2024-09-06,2026-03-06,SAT2,100,23,2024-10-16,Kashyap Ltd
B003228,PR00724,L4532005,2023-10-22,2025-04-22,SAT1,1000,967,2024-03-22,Bains-Sastry
B003229,PR00724,LA24-088,2025-03-26,2026-09-26,SAT2,100,97,2025-05-10,"Kale, Kurian and Luthra"
B003230,PR00724,LA24-334,2024-12-18,2026-06-18,SAT1,250,235,2025-01-27,Bora and Sons
B003231,PR00724,L2058993,2024-03-29,2026-03-29,MAIN,200,133,2024-09-21,"Choudhary, Mitra and Sarkar"
B003232,PR00725,ARE14345,2024-09-11,2026-03-11,MAIN,500,493,2025-04-08,"Prabhu, Agrawal and Grewal"
B003233,PR00725,AR22-017,2024-02-26,2026-02-26,MAIN,200,173,2024-06-03,Hayre LLC
B003234,PR00725,A2941311,2024-06-28,2027-06-28,MAIN,250,246,2025-02-01,Shenoy-Ahuja
B003235,PR00725,ARE19783,2024-08-04,2026-02-04,SAT2,1000,997,2024-12-16,Pai-Tailor
B003236,PR00725,A5252712,2023-10-14,2025-10-14,SAT2,200,196,2024-02-26,"Sheth, Devan and Prakash"
B003237,PR00726,ST23-838,2023-06-30,2024-12-30,MAIN,200,136,2023-12-17,Venkatesh LLC
B003238,PR00726,STE69642,2024-02-12,2027-02-12,MAIN,100,85,2024-08-15,"Ben, Shanker and Bajwa"
B003239,PR00726,STE22L049,2023-04-28,2024-10-28,MAIN,1000,951,2023-11-15,Karpe Ltd
B003240,PR00727,AFI53517,2023-10-11,2025-10-11,MAIN,100,0,2024-05-21,"Wagle, Desai and Chander"
B003241,PR00727,AFI25I090,2023-10-22,2026-10-22,SAT2,100,0,2024-02-25,Sethi-Dhawan
B003242,PR00727,AFI10393,2024-12-27,2026-12-27,MAIN,1000,941,2025-03-05,Hans Group
B003243,PR00727,AFI90044,2023-09-25,2025-03-25,MAIN,1000,834,2024-01-28,"Dugal, Bhalla and Madan"
B003244,PR00727,AFI21551,2024-01-16,2025-07-16,MAIN,200,0,2024-04-11,Bhatt-Rana
B003245,PR00727,25A3916,2024-05-19,2027-05-19,SAT1,500,483,2024-07-04,Ratta-Saxena
B003246,PR00728,NEO90420,2023-12-09,2025-06-09,MAIN,1000,970,2024-07-20,Rana and Sons
B003247,PR00728,NEO25L005,2024-11-01,2026-11-01,MAIN,250,209,2025-03-13,Kanda-Dey
B003248,PR00728,22N7293,2024-08-20,2026-08-20,MAIN,500,473,2024-12-06,"Sandhu, Iyer and Agrawal"
B003249,PR00728,NEO22E148,2024-01-23,2026-01-23,MAIN,500,365,2024-09-07,Bhavsar and Sons
B003250,PR00728,NEO25E373,2024-12-13,2026-06-13,MAIN,500,488,2025-05-10,Bala Inc
B003251,PR00729,HOM54507,2023-11-02,2025-05-02,MAIN,250,37,2024-06-05,"Vasa, Master and Thakur"
B003252,PR00729,HOM24H163,2024-10-22,2027-10-22,MAIN,250,208,2025-04-14,Date-Rama
B003253,PR00729,HO23-068,2024-07-20,2027-07-20,SAT2,1000,970,2024-09-28,Jani-Jayaraman
B003254,PR00729,HO22-855,2023-07-09,2025-07-09,MAIN,1000,627,2023-11-15,Sampath Group
B003255,PR00729,H5028349,2023-11-14,2025-11-14,SAT2,100,0,2024-05-13,"Raj, Bajaj and Upadhyay"
B003256,PR00730,WOC23L132,2023-10-07,2026-10-07,MAIN,200,0,2023-12-16,Zachariah PLC
B003257,PR00730,22W906,2023-09-05,2026-09-05,SAT2,500,266,2023-12-19,Tara-Chada
B003258,PR00730,W8227034,2024-07-28,2026-01-28,MAIN,1000,976,2025-02-08,"Jhaveri, Raj and Anand"
B003259,PR00731,W7033122,2023-10-26,2025-04-26,SAT2,200,112,2023-12-14,Kulkarni-Mangal
B003260,PR00731,24W3594,2024-06-26,2026-06-26,SAT1,250,250,2024-11-29,Deol-Bajwa
B003261,PR00731,23W6908,2023-05-08,2025-05-08,MAIN,100,0,2023-11-06,"Prabhakar, Saini and Mammen"
B003262,PR00731,22W8419,2024-09-06,2027-09-06,MAIN,100,92,2025-01-09,"Ben, Comar and Guha"
B003263,PR00731,WE24-622,2024-04-22,2027-04-22,MAIN,200,73,2024-09-11,Lal PLC
B003264,PR00732,CF25-556,2023-08-07,2025-02-07,SAT1,500,447,2024-02-09,Chander-Kale
B003265,PR00732,CFL43301,2023-06-15,2024-12-15,SAT1,1000,970,2024-01-30,Bedi-Acharya
B003266,PR00732,C9972053,2024-03-07,2026-03-07,MAIN,1000,917,2024-07-20,Chokshi LLC
B003267,PR00733,24W211,2023-08-06,2025-08-06,SAT2,1000,663,2023-11-14,Raman-Choudhary
B003268,PR00733,WE24-663,2024-09-18,2026-09-18,MAIN,250,153,2025-01-20,Pai-Wali
B003269,PR00733,WER22C256,2024-02-05,2026-02-05,SAT1,100,0,2024-07-07,"Bhasin, Zachariah and Bava"
B003270,PR00734,REL25399,2024-08-01,2026-02-01,MAIN,100,61,2024-10-17,Viswanathan Ltd
B003271,PR00734,RE22-374,2024-04-23,2027-04-23,SAT1,250,243,2024-09-18,"Banik, Mangal and Kumer"
B003272,PR00734,RE24-421,2024-03-24,2025-09-24,SAT1,1000,989,2024-06-08,"Bir, Bhat and Manda"
B003273,PR00735,T3938604,2024-12-03,2026-06-03,MAIN,200,190,2025-01-26,Magar and Sons
B003274,PR00735,22T7362,2023-09-11,2025-03-11,SAT1,500,413,2024-02-29,Pall Group
B003275,PR00735,T5183542,2023-11-09,2026-11-09,SAT1,250,145,2024-02-07,Upadhyay-Oak
B003276,PR00735,TR23-784,2024-04-13,2026-04-13,MAIN,200,170,2024-09-03,Kala LLC
B003277,PR00736,S5298985,2023-06-27,2026-06-27,MAIN,100,0,2023-11-21,Vig Ltd
B003278,PR00736,25S6425,2024-10-10,2026-04-10,MAIN,1000,941,2025-03-26,"Chauhan, Maharaj and Varma"
B003279,PR00736,STA23I338,2023-08-15,2025-08-15,MAIN,250,0,2023-11-11,"Kalla, Sood and Mukherjee"
B003280,PR00737,INN23E015,2024-03-30,2025-09-30,SAT1,500,463,2024-06-14,Nagarajan-Pandey
B003281,PR00737,24I8317,2024-11-18,2026-05-18,MAIN,1000,948,2025-01-17,"Bedi, Hegde and Basak"
B003282,PR00737,24I3914,2023-11-02,2025-11-02,MAIN,1000,716,2024-02-14,"Arora, Chauhan and Rau"
B003283,PR00737,IN22-619,2024-03-22,2026-03-22,MAIN,1000,870,2024-05-03,"Nadkarni, Raj and Manda"
B003284,PR00737,IN23-969,2023-07-20,2025-07-20,SAT1,200,80,2024-03-06,Choudhary-Sur
B003285,PR00738,23B9246,2023-05-01,2024-11-01,MAIN,250,189,2023-12-26,Lala-Banik
B003286,PR00738,B3179686,2024-01-27,2025-07-27,MAIN,250,209,2024-03-23,Barad and Sons
B003287,PR00738,BIO51530,2023-12-20,2025-12-20,SAT2,200,175,2024-02-24,Chauhan-Ravel
B003288,PR00738,BIO25G164,2024-01-12,2026-01-12,SAT2,250,244,2024-07-12,"Vyas, Jayaraman and Sule"
B003289,PR00738,BI24-757,2024-05-27,2027-05-27,MAIN,500,474,2024-07-19,"Chauhan, Sarin and Chander"
B003290,PR00739,HBC82567,2024-04-11,2026-04-11,SAT2,500,447,2024-07-30,Pau PLC
B003291,PR00739,HBC24B093,2024-07-09,2027-07-09,MAIN,100,58,2024-10-16,Samra-Varughese
B003292,PR00739,HBC51488,2023-12-04,2025-12-04,MAIN,200,16,2024-05-14,Chowdhury-Chada
B003293,PR00739,HBC1036,2024-01-23,2026-01-23,MAIN,500,330,2024-05-12,"Singhal, Rajan and Sarna"
B003294,PR00740,ST23-234,2025-02-16,2027-02-16,MAIN,250,238,2025-05-25,Verma-Jaggi
B003295,PR00740,STA38251,2023-11-29,2025-05-29,MAIN,250,0,2023-12-29,"Issac, Dutta and Sachdev"
B003296,PR00740,STA41202,2024-07-23,2026-01-23,MAIN,500,433,2024-11-11,Soni Inc
B003297,PR00740,ST22-080,2024-02-18,2027-02-18,MAIN,1000,947,2024-09-10,"Nagi, Bala and Natarajan"
B003298,PR00741,PBP25I297,2024-03-27,2026-03-27,SAT1,200,170,2024-06-03,"Johal, Prasad and Gupta"
B003299,PR00741,24P9302,2023-09-08,2026-09-08,MAIN,1000,598,2023-11-12,Parikh-Zacharia
B003300,PR00741,22P1612,2023-10-07,2025-10-07,SAT1,1000,941,2023-11-07,Pall Group
B003301,PR00741,P3696687,2024-03-08,2026-03-08,MAIN,1000,910,2024-09-20,Sarraf-Doctor
B003302,PR00741,PB22-371,2024-04-15,2026-04-15,SAT2,200,124,2024-08-24,"Pingle, Koshy and Patla"
B003303,PR00741,PBP24I119,2023-06-10,2026-06-10,MAIN,500,15,2024-01-28,Kota PLC
B003304,PR00742,24S725,2024-04-03,2025-10-03,MAIN,200,176,2024-05-24,"Upadhyay, Gade and Mandal"
B003305,PR00742,SMA25C385,2025-01-21,2028-01-21,SAT2,500,498,2025-03-13,Rama Group
B003306,PR00742,S4929589,2024-02-25,2027-02-25,MAIN,250,213,2024-05-05,"Dhar, Chandra and Sidhu"
B003307,PR00743,24N4452,2023-08-28,2025-02-28,MAIN,100,88,2024-03-30,"Subramaniam, Nayak and Bassi"
B003308,PR00743,NU22-283,2024-04-09,2026-04-09,MAIN,100,82,2024-09-15,Narayanan PLC
B003309,PR00743,N8287124,2024-12-02,2026-06-02,MAIN,100,86,2025-01-27,Sandal-Sangha
B003310,PR00743,NU24-894,2024-08-05,2026-02-05,MAIN,1000,993,2025-03-04,"Sundaram, Joshi and Agrawal"
B003311,PR00743,N8327526,2024-07-28,2026-07-28,SAT2,1000,990,2024-11-23,Ahuja and Sons
B003312,PR00744,NE25-042,2024-10-10,2026-10-10,SAT2,1000,993,2025-01-06,"Om, Jayaraman and Dugar"
B003313,PR00744,NE24-728,2024-06-01,2026-06-01,SAT1,500,482,2024-12-22,Gola-Srinivas
B003314,PR00744,NEO23H243,2024-08-12,2027-08-12,MAIN,200,176,2024-11-25,Sani-Kapadia
B003315,PR00744,23N8796,2023-11-09,2025-05-09,SAT1,1000,990,2024-05-01,Nadig-Boase
B003316,PR00745,E6230296,2023-12-13,2026-12-13,MAIN,250,192,2024-02-29,"Prabhakar, Bhat and Gala"
B003317,PR00745,E1017056,2023-10-04,2025-04-04,MAIN,500,454,2024-02-20,Dass-Vasa
B003318,PR00745,E9226733,2024-10-02,2027-10-02,SAT2,200,195,2024-12-25,Mital-Sandhu
B003319,PR00745,E9703812,2023-09-05,2026-09-05,MAIN,100,50,2024-02-29,Khare Inc
B003320,PR00745,22E3327,2024-11-19,2027-11-19,MAIN,500,495,2025-04-06,"Sibal, Halder and Amble"
B003321,PR00746,23S2023,2023-07-31,2025-01-31,SAT1,250,62,2024-02-17,"Sodhi, Dass and Anand"
B003322,PR00746,SA24-809,2024-07-23,2026-07-23,MAIN,200,189,2025-01-13,"Shan, Kapur and Ganesan"
B003323,PR00746,SAR25J203,2023-07-08,2025-07-08,MAIN,200,0,2023-12-08,Soman-Singh
B003324,PR00746,SAR25K148,2023-12-02,2025-12-02,MAIN,200,0,2024-06-24,D’Alia-Dara
B003325,PR00746,SA23-822,2023-06-24,2024-12-24,MAIN,500,0,2023-12-07,"Master, Dey and Nagar"
B003326,PR00746,SA23-751,2025-03-08,2028-03-08,MAIN,250,198,2025-05-20,Srivastava Ltd
B003327,PR00747,UNI24H343,2024-04-30,2026-04-30,SAT2,250,179,2024-09-28,"Ramakrishnan, Issac and Agarwal"
B003328,PR00747,24U6810,2023-06-16,2024-12-16,SAT1,500,464,2024-02-04,"Bhat, Anand and Savant"
B003329,PR00747,24U6384,2024-09-24,2026-09-24,MAIN,200,188,2025-03-08,Dhingra Inc
B003330,PR00747,UNI55288,2023-11-21,2025-11-21,SAT2,250,183,2024-06-17,Dhaliwal Ltd
B003331,PR00747,UNI25B330,2025-01-22,2027-01-22,SAT1,250,250,2025-03-08,Dhaliwal-Hari
B003332,PR00747,UNI23K317,2023-07-14,2025-01-14,MAIN,200,0,2023-12-12,Mannan-Suresh
B003333,PR00748,22O1167,2023-12-28,2025-12-28,SAT2,200,94,2024-03-22,Ben LLC
B003334,PR00748,OAK25B114,2024-05-17,2025-11-17,MAIN,100,73,2024-12-29,"Sule, Sekhon and Singh"
B003335,PR00748,O8502456,2023-10-26,2026-10-26,MAIN,500,0,2023-12-27,Sane Inc
B003336,PR00749,M8726709,2024-11-08,2026-05-08,MAIN,250,240,2025-05-22,"Soman, Chokshi and Puri"
B003337,PR00749,M2346930,2024-02-27,2025-08-27,MAIN,1000,849,2024-08-16,Saraf-Palla
B003338,PR00749,24M348,2024-10-11,2026-10-11,SAT1,500,500,2025-03-20,Rau-Shah
B003339,PR00750,INT22K297,2023-10-29,2025-04-29,MAIN,500,357,2024-04-16,Minhas-Baria
B003340,PR00750,INT24672,2024-01-03,2026-01-03,SAT2,100,0,2024-04-08,"Purohit, Viswanathan and Keer"
B003341,PR00750,INT23L211,2024-06-30,2026-06-30,SAT2,250,152,2024-08-23,Mani LLC
B003342,PR00751,ARI24K205,2024-10-10,2026-10-10,MAIN,500,487,2025-01-01,Badal PLC
B003343,PR00751,AR22-012,2023-10-09,2025-04-09,MAIN,250,219,2024-04-09,"Peri, Doshi and Edwin"
B003344,PR00751,AR25-918,2024-10-20,2026-10-20,MAIN,100,96,2025-03-14,Devi-Raghavan
B003345,PR00751,ARI43773,2024-02-09,2025-08-09,MAIN,250,228,2024-05-21,"Patla, Hayre and Shanker"
B003346,PR00752,JA22-571,2024-06-24,2025-12-24,MAIN,100,27,2024-11-20,"Iyer, Gopal and Datta"
B003347,PR00752,J6995213,2023-06-26,2024-12-26,SAT1,500,491,2024-01-18,Borra LLC
B003348,PR00752,JAC99273,2023-10-06,2026-10-06,MAIN,100,0,2023-12-25,Arya Group
B003349,PR00753,23S839,2024-11-27,2027-11-27,SAT2,1000,993,2025-03-11,Pathak Ltd
B003350,PR00753,24S1653,2023-08-23,2025-02-23,MAIN,200,0,2024-01-19,Sridhar-Kohli
B003351,PR00753,SUN43958,2024-12-11,2026-12-11,MAIN,200,122,2025-02-22,Bedi-Comar
B003352,PR00753,SUN4299,2024-03-02,2026-03-02,MAIN,200,135,2024-05-22,Tailor-Contractor
B003353,PR00754,MAN36919,2024-01-28,2026-01-28,SAT1,500,491,2024-03-31,Narasimhan Inc
B003354,PR00754,MAN31710,2024-02-01,2025-08-01,MAIN,500,451,2024-08-22,"Char, Bassi and Biswas"
B003355,PR00754,MAN30131,2023-12-14,2026-12-14,SAT1,250,215,2024-07-26,Doshi-Saini
B003356,PR00754,MA24-047,2025-01-04,2026-07-04,MAIN,1000,980,2025-04-09,Balasubramanian PLC
B003357,PR00754,M7813570,2024-02-16,2027-02-16,MAIN,100,39,2024-09-20,Desai Group
B003358,PR00755,DIV57189,2024-01-26,2026-01-26,MAIN,500,308,2024-04-20,Joshi-Lal
B003359,PR00755,D3424740,2024-12-02,2026-12-02,MAIN,1000,985,2025-05-21,Nayar-Shah
B003360,PR00755,DIV23G336,2025-01-21,2027-01-21,MAIN,200,144,2025-04-02,"Jani, Kannan and Nagar"
B003361,PR00755,DIV76259,2023-07-29,2025-07-29,MAIN,500,189,2023-11-06,Tripathi-Tella
B003362,PR00756,U9356737,2025-01-01,2028-01-01,MAIN,200,198,2025-02-17,"Jhaveri, Parmar and Swamy"
B003363,PR00756,22U6736,2023-08-09,2025-02-09,MAIN,1000,952,2023-12-14,Grover Inc
B003364,PR00756,UNI23G328,2024-05-22,2025-11-22,MAIN,200,181,2024-11-08,Rau-Sodhi
B003365,PR00756,UNI24I217,2023-12-11,2025-12-11,SAT2,500,481,2024-06-12,"Chand, Krishnan and Rajagopalan"
B003366,PR00757,JCH23C049,2024-01-17,2026-01-17,MAIN,1000,957,2024-03-05,Tiwari Group
B003367,PR00757,23J4143,2024-08-05,2026-08-05,SAT1,500,470,2024-10-31,"Ram, Mander and Khatri"
B003368,PR00757,JCH97875,2023-09-18,2025-03-18,MAIN,200,117,2023-11-23,Bajaj and Sons
B003369,PR00757,22J6852,2024-12-17,2026-06-17,SAT1,500,499,2025-05-01,Talwar Ltd
B003370,PR00757,JCH25F068,2024-10-03,2027-10-03,MAIN,1000,990,2025-04-21,Reddy Group
B003371,PR00757,JC22-477,2023-06-02,2024-12-02,SAT2,250,227,2024-01-18,Dhingra-Vasa
B003372,PR00758,C5056601,2024-06-26,2025-12-26,SAT2,250,245,2025-01-22,Mukherjee Group
B003373,PR00758,CIP14926,2023-03-28,2025-03-28,SAT2,250,230,2023-11-12,"Nath, Lalla and Ganesan"
B003374,PR00758,CIP22G331,2024-02-16,2026-02-16,MAIN,100,65,2024-07-05,"Tara, Dave and Mannan"
B003375,PR00758,C6417545,2024-08-12,2027-08-12,MAIN,250,241,2024-10-28,Baral Inc
B003376,PR00758,CIP25K260,2024-06-05,2027-06-05,MAIN,500,494,2024-11-07,"Dhaliwal, Bail and Raman"
B003377,PR00758,C1734806,2023-09-27,2025-09-27,SAT1,100,0,2024-01-07,"Bawa, Chadha and Modi"
B003378,PR00759,LE23-442,2024-07-10,2027-07-10,MAIN,200,169,2024-09-05,"Purohit, Badal and Nagarajan"
B003379,PR00759,LEE22I355,2024-08-04,2026-02-04,MAIN,1000,981,2024-10-20,Bajwa PLC
B003380,PR00759,LE22-571,2024-01-14,2025-07-14,SAT2,1000,989,2024-08-12,Mammen-Joshi
B003381,PR00759,25L8706,2024-08-26,2026-02-26,SAT1,100,73,2024-12-30,Tandon Inc
B003382,PR00759,LEE97975,2024-01-31,2025-07-31,MAIN,100,56,2024-04-12,Jain-Bhandari
B003383,PR00760,B1436682,2023-12-16,2026-12-16,MAIN,1000,799,2024-05-24,"Hora, Keer and Nagarajan"
B003384,PR00760,BIO92685,2023-07-29,2026-07-29,SAT1,1000,967,2023-11-15,Kalla-Raj
B003385,PR00760,BIO3125,2023-05-22,2026-05-22,SAT1,1000,955,2024-01-08,"Iyer, Arya and Chakraborty"
B003386,PR00761,Z7211984,2023-04-26,2024-10-26,SAT2,250,140,2023-12-20,Bhandari Ltd
B003387,PR00761,Z6654810,2023-07-29,2025-01-29,MAIN,250,0,2023-11-25,Ben PLC
B003388,PR00761,ZY23-345,2024-07-07,2026-01-07,MAIN,250,221,2025-02-23,"Keer, Bhatti and Sawhney"
B003389,PR00761,ZY22-402,2024-11-02,2027-11-02,SAT1,500,486,2025-02-26,"Comar, Aggarwal and Mukherjee"
B003390,PR00761,Z2624167,2023-10-18,2026-10-18,SAT1,100,91,2024-01-30,"Basu, Ghose and Vyas"
B003391,PR00762,ZO23-817,2024-02-22,2026-02-22,MAIN,500,400,2024-08-10,"Kashyap, Nayak and Mallick"
B003392,PR00762,ZOD25D011,2023-11-20,2025-05-20,SAT1,250,132,2024-04-10,Nayak PLC
B003393,PR00762,Z4438993,2024-02-12,2026-02-12,MAIN,100,0,2024-07-12,"Gole, Bedi and Karpe"
B003394,PR00762,ZOD5702,2024-06-10,2027-06-10,MAIN,100,27,2025-01-04,Lala Ltd
B003395,PR00763,D7834169,2024-06-21,2026-06-21,SAT1,1000,965,2024-11-24,Sawhney Group
B003396,PR00763,DAL24L251,2024-09-15,2027-09-15,SAT2,250,250,2024-12-17,Chakrabarti-Kibe
B003397,PR00763,25D5381,2023-10-15,2026-10-15,SAT1,1000,874,2024-01-25,Ramesh-Garde
B003398,PR00763,DAL42370,2024-04-10,2025-10-10,MAIN,500,489,2024-11-08,"Bakshi, Vala and Butala"
B003399,PR00764,P2784075,2024-10-11,2027-10-11,MAIN,200,156,2025-02-15,Devan Ltd
B003400,PR00764,PHA25H062,2024-07-23,2027-07-23,MAIN,100,36,2025-01-27,"Sanghvi, Venkatesh and Bhavsar"
B003401,PR00764,PHA60371,2024-11-06,2026-05-06,SAT2,500,472,2025-03-16,Mitter-Shanker
B003402,PR00765,PRE22H018,2024-03-05,2025-09-05,MAIN,250,63,2024-04-25,"Kunda, Shankar and Aggarwal"
B003403,PR00765,22P1286,2023-08-01,2025-08-01,MAIN,500,218,2024-01-27,Kannan-Borah
B003404,PR00765,23P1170,2024-09-20,2026-03-20,SAT2,500,427,2025-01-15,Bansal LLC
B003405,PR00765,PRE19954,2024-09-01,2026-09-01,MAIN,1000,925,2024-11-15,"Kala, Konda and Anand"
B003406,PR00766,25C4615,2024-06-30,2025-12-30,MAIN,100,89,2024-10-28,"Sant, Tank and Jain"
B003407,PR00766,CLA23I018,2024-03-23,2025-09-23,MAIN,200,184,2024-11-03,"Sem, Thakur and Mannan"
B003408,PR00766,CLA22F167,2024-10-07,2027-10-07,MAIN,500,500,2025-05-21,Chandra PLC
B003409,PR00766,CL22-177,2024-10-16,2026-04-16,MAIN,200,193,2025-03-16,"Dash, Morar and Dey"
B003410,PR00766,CLA16038,2024-01-14,2026-01-14,MAIN,100,65,2024-05-21,"Sami, Kaul and Som"
B003411,PR00766,CL22-456,2024-03-22,2027-03-22,MAIN,500,473,2024-10-04,Parekh-Balakrishnan
B003412,PR00767,SUR22B079,2024-12-08,2027-12-08,SAT1,1000,1000,2025-05-02,"Chawla, Ravi and Sunder"
B003413,PR00767,SUR25C314,2025-01-21,2027-01-21,SAT1,250,235,2025-03-06,Srinivas-Chaudhari
B003414,PR00767,SUR68769,2024-02-19,2026-02-19,SAT1,1000,981,2024-08-11,"Tandon, Srinivas and Rao"
B003415,PR00768,ALL22K352,2024-07-10,2026-01-10,MAIN,500,457,2024-11-27,Wali PLC
B003416,PR00768,ALL25G154,2024-12-05,2026-06-05,MAIN,100,25,2025-01-09,Rege and Sons
B003417,PR00768,22A5517,2024-12-08,2027-12-08,SAT2,250,230,2025-01-11,Vora-Parmar
B003418,PR00769,MAP22A387,2023-10-25,2026-10-25,SAT2,100,61,2023-11-25,Chahal Ltd
B003419,PR00769,MAP22D309,2023-06-19,2024-12-19,MAIN,500,447,2023-12-30,"Ranganathan, Edwin and Sharaf"
B003420,PR00769,MAP22C051,2024-09-24,2027-09-24,MAIN,1000,982,2025-01-11,Gera-Dutt
B003421,PR00769,M9829674,2023-04-21,2024-10-21,SAT1,1000,901,2023-11-08,Sandal Group
B003422,PR00770,S9616584,2024-06-03,2025-12-03,MAIN,200,51,2024-10-01,Sawhney-Varma
B003423,PR00770,SAN69351,2024-06-21,2026-06-21,SAT2,200,171,2024-09-06,"Varma, Apte and Hayer"
B003424,PR00770,SAN22L083,2024-07-08,2026-07-08,SAT2,200,71,2024-10-25,Ranganathan-Chada
B003425,PR00770,23S5559,2024-02-04,2027-02-04,MAIN,500,336,2024-06-28,Nair-Gara
B003426,PR00770,SAN98660,2024-06-09,2025-12-09,SAT1,500,462,2024-09-05,Yogi PLC
B003427,PR00771,ALE70585,2024-05-01,2026-05-01,SAT1,100,44,2024-07-17,Sheth LLC
B003428,PR00771,ALE48350,2024-03-28,2026-03-28,MAIN,250,220,2024-06-01,"Khurana, Nadkarni and Wason"
B003429,PR00771,ALE22I008,2024-08-21,2026-02-21,SAT2,200,197,2025-03-25,Deshmukh LLC
B003430,PR00771,23A1638,2024-08-17,2027-08-17,MAIN,100,90,2024-11-19,Sood-Srinivasan
B003431,PR00771,ALE18966,2023-11-11,2025-05-11,MAIN,250,183,2024-01-18,Doshi-Saraf
B003432,PR00771,25A7767,2023-11-14,2026-11-14,SAT1,500,392,2024-03-10,Tandon-Rai
B003433,PR00772,22K5974,2024-07-13,2027-07-13,MAIN,100,33,2024-08-28,Bakshi-Guha
B003434,PR00772,K5016040,2024-10-23,2026-04-23,SAT2,500,482,2024-11-26,"Pingle, Wali and Bakshi"
B003435,PR00772,K9990962,2024-08-03,2026-08-03,MAIN,1000,918,2025-01-18,Balan-Bora
B003436,PR00772,KNO24A145,2023-09-20,2025-03-20,SAT2,200,0,2023-11-12,"Mannan, Dash and Sastry"
B003437,PR00772,KN25-487,2024-06-13,2026-06-13,MAIN,1000,930,2025-02-06,Ram LLC
B003438,PR00772,KNO55086,2024-12-19,2026-12-19,MAIN,500,500,2025-05-21,Guha-Boase
B003439,PR00773,E2637899,2023-12-24,2025-06-24,MAIN,1000,792,2024-04-16,Pandey Group
B003440,PR00773,24E7352,2023-12-20,2025-12-20,MAIN,200,86,2024-07-10,Chander-Warrior
B003441,PR00773,EMC28650,2024-03-18,2025-09-18,MAIN,1000,935,2024-10-22,"Sastry, Buch and Comar"
B003442,PR00773,E7709266,2023-09-30,2026-09-30,MAIN,200,0,2024-03-24,Vora-Sangha
B003443,PR00773,E4791783,2023-09-10,2025-03-10,MAIN,500,253,2023-11-07,Bhalla Ltd
B003444,PR00773,E3822842,2023-09-14,2025-09-14,SAT2,200,51,2024-02-22,Bassi-Agrawal
B003445,PR00774,T3583897,2024-02-16,2025-08-16,MAIN,1000,835,2024-07-30,"Gour, Lala and Madan"
B003446,PR00774,TOR25513,2023-06-06,2026-06-06,SAT1,100,19,2023-11-30,"Golla, Virk and Sekhon"
B003447,PR00774,TOR25A225,2024-09-16,2026-03-16,MAIN,1000,957,2025-03-19,"Swamy, Palla and Sheth"
B003448,PR00774,23T413,2023-09-02,2025-03-02,SAT2,200,0,2023-12-04,Kaul Ltd
B003449,PR00774,25T4642,2023-10-28,2026-10-28,MAIN,100,0,2024-04-16,Dhaliwal PLC
B003450,PR00774,23T4753,2024-05-12,2026-05-12,SAT2,200,41,2024-06-24,Badami Inc
B003451,PR00775,S7949961,2024-05-03,2026-05-03,MAIN,100,88,2024-11-17,Doctor LLC
B003452,PR00775,S9275445,2023-06-16,2026-06-16,SAT2,100,53,2023-12-01,"Arya, Bhatt and Tripathi"
B003453,PR00775,SYS24J209,2024-06-10,2026-06-10,SAT1,200,196,2024-09-16,Banik-Tak
B003454,PR00776,DU23-732,2024-01-04,2027-01-04,MAIN,200,56,2024-06-30,Garg-Bajaj
B003455,PR00776,DU24-518,2024-09-08,2026-03-08,SAT2,1000,996,2025-04-14,Padmanabhan-Dixit
B003456,PR00776,D5356101,2023-05-20,2026-05-20,SAT1,1000,916,2024-01-14,Edwin and Sons
B003457,PR00776,DUN22D057,2023-11-28,2025-11-28,MAIN,100,0,2024-06-24,Reddy PLC
B003458,PR00777,GRI14713,2023-11-13,2025-11-13,SAT2,200,128,2024-05-15,Dani Ltd
B003459,PR00777,GRI65199,2023-09-02,2026-09-02,MAIN,200,0,2024-04-12,"Babu, Rajagopalan and Ganguly"
B003460,PR00777,GRI57379,2023-09-11,2026-09-11,SAT1,100,52,2024-02-24,Arya Group
B003461,PR00777,GR23-768,2023-04-13,2024-10-13,SAT1,500,375,2023-11-22,"Hayre, Bahri and Deshpande"
B003462,PR00778,22H9315,2024-07-15,2027-07-15,SAT1,500,493,2025-02-13,Gera-Rajan
B003463,PR00778,H7314637,2024-11-30,2026-05-30,SAT2,250,250,2025-04-17,"Sampath, Dewan and Lad"
B003464,PR00778,HOM25K173,2023-08-27,2025-08-27,SAT1,500,394,2024-01-06,"Seth, Patla and Khare"
B003465,PR00778,HO25-095,2023-11-16,2025-11-16,SAT1,1000,997,2024-06-20,Mani-Bakshi
B003466,PR00779,24C4437,2024-08-28,2026-02-28,MAIN,250,221,2024-12-03,"Narain, Talwar and Chanda"
B003467,PR00779,COR62738,2023-12-22,2025-12-22,SAT2,200,149,2024-03-10,"Malhotra, Mody and Raman"
B003468,PR00779,COR24H388,2023-10-04,2025-04-04,SAT1,500,413,2023-12-05,"Pillai, Reddy and Tandon"
B003469,PR00780,S8324954,2024-01-31,2026-01-31,MAIN,200,91,2024-05-06,Bawa-Rai
B003470,PR00780,23S6642,2023-10-20,2025-04-20,MAIN,100,0,2024-03-30,"Tailor, Joshi and Pathak"
B003471,PR00780,S9361723,2024-01-13,2026-01-13,MAIN,250,0,2024-02-20,"Modi, Kulkarni and Pradhan"
B003472,PR00780,SU25-752,2024-09-23,2026-09-23,MAIN,200,165,2025-04-24,Kumar LLC
B003473,PR00780,S5664130,2023-12-04,2026-12-04,MAIN,1000,849,2024-04-06,"Bhatti, Mand and Rai"
B003474,PR00781,BH22-871,2024-07-20,2026-01-20,MAIN,250,136,2024-11-03,"Sanghvi, Yadav and Sahota"
B003475,PR00781,BH25-587,2024-05-22,2026-05-22,SAT2,100,100,2024-12-01,Varkey-Issac
B003476,PR00781,22B8424,2023-05-12,2024-11-12,MAIN,1000,630,2024-01-01,"Loyal, Toor and Issac"
B003477,PR00781,BH22-020,2023-06-20,2025-06-20,SAT2,1000,819,2023-12-01,Karnik-Pandit
B003478,PR00782,24T7808,2023-11-22,2025-05-22,MAIN,100,53,2023-12-24,"Sanghvi, Dutta and Saha"
B003479,PR00782,T2552676,2023-09-15,2025-03-15,SAT2,100,71,2024-02-02,Kalita-Saraf
B003480,PR00782,TOR25I019,2023-11-10,2026-11-10,MAIN,100,30,2024-01-24,Mistry-Vasa
B003481,PR00782,TOR23F005,2023-12-05,2026-12-05,MAIN,1000,911,2024-01-07,Khosla-Dube
B003482,PR00782,T7281390,2023-09-26,2025-09-26,MAIN,500,457,2024-03-17,Sharma Group
B003483,PR00782,T8358089,2024-01-21,2027-01-21,MAIN,100,76,2024-05-10,Vohra-Sinha
B003484,PR00783,BHA23G229,2023-09-29,2026-09-29,MAIN,1000,665,2024-04-20,Trivedi PLC
B003485,PR00783,BHA15881,2024-08-26,2026-02-26,MAIN,500,402,2024-11-04,Kohli-Dutt
B003486,PR00783,BHA24B310,2024-11-15,2026-05-15,MAIN,200,174,2025-05-12,"Rege, Kamdar and Krishnamurthy"
B003487,PR00784,23S6633,2023-12-30,2025-12-30,SAT2,500,487,2024-07-11,Kohli-Sani
B003488,PR00784,SKY23G316,2024-05-03,2025-11-03,SAT2,1000,991,2024-08-22,"Nazareth, Wason and Balay"
B003489,PR00784,SKY64740,2024-09-12,2026-03-12,SAT1,100,85,2025-04-25,Bajwa-Mody
B003490,PR00784,S9164388,2024-06-12,2025-12-12,SAT1,250,226,2024-12-11,Bhasin-Patel
B003491,PR00785,VEE25C102,2023-09-29,2025-03-29,SAT1,250,121,2023-11-04,"Balay, Gill and Wali"
B003492,PR00785,VE22-374,2024-01-19,2026-01-19,SAT1,250,197,2024-08-21,Rattan-Sheth
B003493,PR00785,VEE50724,2024-01-24,2025-07-24,SAT1,1000,933,2024-05-31,Anand Inc
B003494,PR00786,D8852393,2023-07-21,2026-07-21,SAT2,500,277,2024-01-25,Hegde-Mand
B003495,PR00786,DR23-687,2023-12-26,2025-06-26,MAIN,250,42,2024-07-21,Hayre PLC
B003496,PR00786,DR24-498,2024-10-20,2027-10-20,SAT1,100,88,2025-04-18,Sibal Group
B003497,PR00786,25D9100,2024-04-27,2026-04-27,MAIN,500,289,2024-08-15,Suri and Sons
B003498,PR00786,D6784167,2024-05-18,2027-05-18,MAIN,100,0,2024-06-28,"Murty, Madan and Pai"
B003499,PR00787,ELI22G074,2023-06-27,2026-06-27,MAIN,200,0,2023-11-08,"Agrawal, Khurana and Balakrishnan"
B003500,PR00787,ELI35116,2023-12-27,2026-12-27,MAIN,250,5,2024-03-28,Sama and Sons
B003501,PR00787,ELI36055,2024-07-04,2026-01-04,SAT1,200,181,2024-12-05,Panchal-Choudhary
B003502,PR00788,REL23A286,2023-07-02,2026-07-02,SAT1,100,34,2024-01-03,Barad-Deo
B003503,PR00788,REL23J060,2024-05-26,2025-11-26,MAIN,200,10,2024-06-30,"Agrawal, Mital and Oza"
B003504,PR00788,RE23-809,2023-09-08,2025-09-08,MAIN,1000,787,2024-03-11,Goyal PLC
B003505,PR00788,R6142796,2024-08-17,2027-08-17,SAT1,500,500,2025-03-12,Muni and Sons
B003506,PR00788,23R1971,2025-01-02,2026-07-02,SAT1,250,250,2025-04-04,Karan-Bhattacharyya
B003507,PR00789,24P752,2023-10-26,2025-10-26,MAIN,500,233,2024-03-10,Shetty PLC
B003508,PR00789,PE25-241,2024-08-30,2026-02-28,MAIN,1000,882,2024-11-15,Kaul-Kapur
B003509,PR00789,P8973604,2024-12-28,2026-12-28,SAT2,1000,986,2025-03-11,Narayanan-Guha
B003510,PR00789,PEN25662,2023-05-07,2026-05-07,SAT1,1000,871,2023-12-18,Chaudhry Inc
B003511,PR00789,PEN22E197,2024-08-04,2027-08-04,MAIN,1000,995,2025-01-07,Khare Ltd
B003512,PR00790,PU23-770,2024-08-06,2026-08-06,SAT1,1000,974,2024-11-08,Balakrishnan-Maharaj
B003513,PR00790,22P6841,2024-11-27,2026-05-27,MAIN,500,483,2025-04-20,Rattan LLC
B003514,PR00790,P5944947,2024-10-22,2026-04-22,SAT2,1000,980,2025-04-23,Sharma LLC
B003515,PR00791,CA22-743,2023-09-02,2025-09-02,SAT2,200,176,2024-02-22,Saraf Ltd
B003516,PR00791,CAD22K252,2023-06-05,2025-06-05,MAIN,500,459,2024-01-17,Goswami-Padmanabhan
B003517,PR00791,C3117434,2024-05-12,2025-11-12,SAT2,1000,997,2024-10-09,Behl PLC
B003518,PR00792,KY22-636,2024-06-28,2026-06-28,MAIN,250,196,2025-01-25,Tandon-Kapoor
B003519,PR00792,KY24-016,2023-10-14,2025-04-14,MAIN,500,252,2024-05-10,"Hans, Palla and Pall"
B003520,PR00792,K3133937,2025-03-16,2028-03-16,SAT1,100,100,2025-05-18,Oommen-Buch
B003521,PR00792,KYL23I064,2023-11-17,2025-11-17,SAT2,1000,866,2024-01-30,Sankar-Baria
B003522,PR00792,KYL35611,2024-04-27,2026-04-27,MAIN,1000,987,2024-12-15,"Buch, Kata and Naik"
B003523,PR00793,25P6760,2023-05-08,2024-11-08,SAT1,250,167,2023-11-07,Brar Group
B003524,PR00793,PAR23H209,2023-07-04,2026-07-04,MAIN,100,0,2024-01-06,"Modi, Padmanabhan and Parmar"
B003525,PR00793,P8765880,2023-12-09,2025-12-09,SAT1,250,182,2024-02-20,Kannan-Setty
B003526,PR00794,23V6633,2024-06-15,2027-06-15,MAIN,1000,964,2024-12-10,"Balay, Sahni and Deshmukh"
B003527,PR00794,VEE22J143,2023-12-02,2025-12-02,SAT2,250,175,2024-04-11,Grewal-Chokshi
B003528,PR00794,VEE95086,2024-01-27,2026-01-27,MAIN,250,170,2024-07-19,Shah-Iyengar
B003529,PR00794,VEE23H172,2024-08-19,2026-08-19,MAIN,100,58,2025-02-11,Sathe LLC
B003530,PR00794,24V7945,2023-10-09,2026-10-09,MAIN,1000,708,2024-01-16,Chandran-Dey
B003531,PR00795,AB25-454,2023-08-03,2025-08-03,MAIN,500,463,2024-03-21,Nadkarni Group
B003532,PR00795,ABB23J001,2024-02-05,2026-02-05,MAIN,200,184,2024-08-28,Sampath-Ganesan
B003533,PR00795,ABB23I207,2024-09-27,2026-09-27,SAT1,100,97,2025-03-05,Kurian-Chaudhuri
B003534,PR00795,ABB46719,2024-04-17,2027-04-17,SAT2,1000,982,2024-11-02,Samra Inc
B003535,PR00795,A3700747,2025-03-05,2026-09-05,MAIN,100,87,2025-04-29,"Kurian, Vora and Dani"
B003536,PR00796,PEL93753,2023-09-24,2025-09-24,MAIN,100,0,2024-03-12,"Sathe, Ramanathan and Dutta"
B003537,PR00796,PEL46328,2024-07-20,2026-07-20,SAT2,100,48,2024-10-18,Bhargava Group
B003538,PR00796,PE23-536,2024-10-26,2026-10-26,MAIN,500,483,2025-03-17,"Kaur, Chacko and Sankar"
B003539,PR00796,PEL95956,2023-11-17,2026-11-17,MAIN,500,243,2024-01-06,Bahri and Sons
B003540,PR00797,SA23-512,2023-10-21,2025-04-21,MAIN,1000,959,2024-05-16,"Nayar, Borah and Sarin"
B003541,PR00797,23S4317,2024-12-07,2026-12-07,MAIN,250,249,2025-05-28,"Tak, Bhargava and Mukhopadhyay"
B003542,PR00797,S7537400,2024-01-23,2026-01-23,SAT2,1000,984,2024-06-29,Bali-Narayan
B003543,PR00797,SAT23I249,2023-05-13,2026-05-13,MAIN,250,177,2024-01-07,"Zacharia, Dhar and Dass"
B003544,PR00797,SAT81452,2024-03-26,2027-03-26,MAIN,250,211,2024-05-20,"Sahota, Sastry and Kari"
B003545,PR00797,S5914634,2024-02-07,2025-08-07,MAIN,200,162,2024-04-20,"Chaudhry, Ghose and Kale"
B003546,PR00798,GLA14532,2024-04-02,2027-04-02,SAT1,500,486,2024-08-24,Karnik-Wali
B003547,PR00798,G6554118,2023-11-19,2025-05-19,SAT2,200,180,2024-06-28,"Wali, Barad and Morar"
B003548,PR00798,G1883005,2025-01-19,2028-01-19,MAIN,250,238,2025-03-02,"Padmanabhan, Chana and Manne"
B003549,PR00798,GLA23G096,2024-04-25,2026-04-25,MAIN,250,224,2024-11-17,"Doshi, Bhandari and Dhillon"
B003550,PR00799,U3313002,2023-11-17,2026-11-17,SAT1,250,213,2024-01-28,Kibe-Rattan
B003551,PR00799,UNI23E337,2024-01-05,2025-07-05,MAIN,250,230,2024-08-23,Peri-Batra
B003552,PR00799,UNI25K230,2024-10-21,2026-10-21,SAT2,500,495,2024-12-06,"Dhillon, Gill and Khanna"
B003553,PR00800,SYS8083,2023-08-15,2025-02-15,SAT2,100,24,2023-12-20,Koshy LLC
B003554,PR00800,SYS61656,2024-04-02,2027-04-02,MAIN,200,7,2024-07-27,Sinha LLC
B003555,PR00800,SY25-139,2024-10-19,2027-10-19,SAT2,200,128,2025-01-12,Sathe-Radhakrishnan
B003556,PR00801,T1842030,2025-02-02,2028-02-02,MAIN,1000,965,2025-04-03,Goyal-Bhatt
B003557,PR00801,23T8116,2024-07-09,2026-07-09,SAT2,250,206,2024-12-14,Narula LLC
B003558,PR00801,TAR23L219,2023-09-12,2025-09-12,SAT2,200,49,2024-04-13,"Bajwa, Mangal and Kuruvilla"
B003559,PR00801,TAR22F049,2023-08-24,2025-02-24,SAT2,200,149,2023-12-16,Chada PLC
B003560,PR00801,T2822747,2023-11-11,2026-11-11,SAT2,250,199,2024-03-09,"Jain, Mistry and Kothari"
B003561,PR00801,24T3319,2023-04-15,2026-04-15,MAIN,500,114,2023-11-06,Pradhan-Kar
B003562,PR00802,IPC24F094,2025-02-08,2027-02-08,SAT2,100,90,2025-03-14,Barad Ltd
B003563,PR00802,IP22-453,2024-12-14,2026-06-14,MAIN,1000,955,2025-01-24,"Dugar, Sule and Sule"
B003564,PR00802,IPC22G267,2023-11-29,2025-05-29,MAIN,100,0,2024-05-25,Chhabra LLC
B003565,PR00802,I4408149,2023-11-27,2025-11-27,MAIN,500,411,2024-04-08,Reddy and Sons
B003566,PR00803,LA22-396,2023-10-23,2026-10-23,MAIN,1000,862,2024-02-22,"Contractor, Sibal and Date"
B003567,PR00803,LAR96539,2025-01-17,2028-01-17,SAT2,100,93,2025-03-26,Nori-Bhatt
B003568,PR00803,LAR41557,2024-05-23,2025-11-23,MAIN,250,84,2024-08-21,Kala-Edwin
B003569,PR00804,ZO22-755,2024-09-03,2027-09-03,SAT1,100,94,2025-03-25,"Choudhury, Sane and Dhaliwal"
B003570,PR00804,ZOR29941,2024-08-06,2026-08-06,MAIN,100,55,2024-10-14,"Chacko, Bera and Thakur"
B003571,PR00804,ZOR25J337,2023-08-01,2025-08-01,MAIN,100,0,2024-03-13,Karnik-Dugal
B003572,PR00804,22Z5801,2024-03-17,2025-09-17,SAT2,200,146,2024-09-04,Chaudhari PLC
B003573,PR00804,ZO25-029,2025-03-20,2027-03-20,MAIN,200,193,2025-04-20,"Koshy, Ranganathan and Borra"
B003574,PR00805,KIV22F230,2024-08-17,2027-08-17,SAT2,1000,985,2025-03-28,Savant-Kamdar
B003575,PR00805,KIV35290,2024-09-05,2027-09-05,MAIN,500,353,2024-12-31,"Sharma, Saran and Sule"
B003576,PR00805,KIV74317,2024-10-26,2027-10-26,MAIN,500,447,2025-02-05,Bala LLC
B003577,PR00805,KIV36572,2024-05-19,2027-05-19,SAT1,200,156,2024-12-22,Varkey Ltd
B003578,PR00806,GE22-178,2024-04-18,2027-04-18,SAT2,250,179,2024-06-23,Sura-Agarwal
B003579,PR00806,G3022520,2024-12-09,2026-12-09,MAIN,1000,994,2025-05-20,Master-Pal
B003580,PR00806,G6412021,2024-01-22,2026-01-22,MAIN,250,151,2024-03-26,"Buch, Prakash and Hegde"
B003581,PR00806,GE25-233,2023-11-13,2025-05-13,SAT2,1000,869,2024-02-24,Kumar LLC
B003582,PR00806,GE22-493,2024-07-27,2026-01-27,SAT1,500,476,2024-09-06,Behl-Anne
B003583,PR00807,MA22-449,2023-10-21,2026-10-21,SAT2,200,0,2023-11-25,Ahuja and Sons
B003584,PR00807,M9754999,2024-03-07,2026-03-07,SAT2,1000,839,2024-08-26,"Purohit, Verma and Kohli"
B003585,PR00807,MAN23K056,2024-06-17,2025-12-17,MAIN,500,377,2024-11-09,"Talwar, Banerjee and Kala"
B003586,PR00808,BRI81470,2024-05-21,2026-05-21,MAIN,250,171,2024-11-11,"Mukherjee, Pal and Bhakta"
B003587,PR00808,BRI57996,2024-11-08,2026-11-08,MAIN,1000,990,2025-03-27,Mutti PLC
B003588,PR00808,BRI22L375,2023-12-04,2025-12-04,MAIN,100,0,2024-06-09,Sethi-Ranganathan
B003589,PR00809,AN24-089,2023-10-27,2025-04-27,SAT2,500,470,2023-12-31,Khanna Ltd
B003590,PR00809,AN23-859,2025-01-06,2027-01-06,SAT2,1000,997,2025-02-18,Magar Inc
B003591,PR00809,ANV77460,2024-01-06,2025-07-06,MAIN,200,189,2024-08-26,"Jha, Mahajan and Reddy"
B003592,PR00810,A6625081,2023-12-21,2026-12-21,MAIN,200,11,2024-02-29,"Sharaf, Pall and Mishra"
B003593,PR00810,AMP25E104,2024-04-22,2025-10-22,SAT2,200,170,2024-11-17,"Biswas, Yadav and Dhingra"
B003594,PR00810,AM23-720,2023-10-02,2026-10-02,MAIN,100,0,2024-05-22,Samra PLC
B003595,PR00811,DRU94716,2024-01-08,2026-01-08,MAIN,100,0,2024-02-26,"Char, Basu and Borra"
B003596,PR00811,24D281,2024-04-22,2025-10-22,SAT1,200,175,2024-12-09,Deo Group
B003597,PR00811,DR23-409,2023-09-02,2026-09-02,MAIN,1000,826,2024-04-04,Bora Inc
B003598,PR00811,DRU22G267,2023-06-25,2024-12-25,MAIN,1000,577,2023-12-11,Chaudhry-Kohli
B003599,PR00812,NO25-697,2023-10-07,2025-04-07,MAIN,100,65,2024-01-02,Mand Group
B003600,PR00812,N1831787,2024-03-27,2025-09-27,MAIN,100,80,2024-05-12,Chaudhry PLC
B003601,PR00812,23N6483,2023-06-11,2025-06-11,SAT2,500,455,2023-12-23,Dutta-Dixit
B003602,PR00812,N8786009,2024-11-01,2026-05-01,MAIN,200,194,2025-03-24,Chaudhari and Sons
B003603,PR00813,22A6064,2024-08-02,2026-08-02,MAIN,500,445,2024-12-25,"Gara, Pathak and Keer"
B003604,PR00813,A2527275,2023-11-26,2025-05-26,SAT1,1000,892,2024-02-16,Balay PLC
B003605,PR00813,AB24-435,2024-10-06,2026-10-06,MAIN,500,472,2025-02-14,"Hegde, Bose and Ram"
B003606,PR00814,B2209944,2024-11-29,2026-11-29,MAIN,100,74,2025-02-11,"Dara, Roy and Kapadia"
B003607,PR00814,BI25-094,2023-12-20,2025-12-20,SAT2,1000,833,2024-03-06,Andra-Khanna
B003608,PR00814,BIO64024,2023-08-04,2025-08-04,SAT1,100,21,2023-12-28,"Chadha, Srinivas and Korpal"
B003609,PR00815,24A8188,2023-10-02,2025-04-02,MAIN,500,10,2024-03-15,"Rai, Arora and Shukla"
B003610,PR00815,AB25-975,2024-03-19,2027-03-19,MAIN,100,40,2024-07-31,"Uppal, Mohan and Sunder"
B003611,PR00815,A6452709,2023-12-09,2026-12-09,MAIN,250,24,2024-04-18,Subramaniam-Gour
B003612,PR00816,IS22-628,2024-07-04,2026-07-04,MAIN,1000,993,2024-12-31,Basak Inc
B003613,PR00816,ISI98190,2024-02-05,2027-02-05,MAIN,250,227,2024-09-20,Dayal-Buch
B003614,PR00816,IS24-431,2023-09-15,2025-03-15,SAT2,100,71,2024-01-10,Chaudhry-Bedi
B003615,PR00816,22I5887,2024-03-31,2027-03-31,MAIN,200,185,2024-09-16,Andra-Shan
B003616,PR00816,24I7189,2024-06-06,2026-06-06,SAT1,500,495,2024-11-11,Saraf and Sons
B003617,PR00816,ISI50730,2024-11-22,2026-05-22,MAIN,1000,990,2025-01-28,Patla-Bala
B003618,PR00817,NOV24B306,2024-11-04,2027-11-04,SAT1,200,169,2024-12-05,"Walia, Nagi and Chawla"
B003619,PR00817,NO22-148,2024-06-26,2025-12-26,SAT2,200,197,2024-08-03,Kalita Group
B003620,PR00817,24N7431,2024-06-07,2027-06-07,MAIN,500,480,2024-09-11,Wadhwa LLC
B003621,PR00817,22N7740,2024-10-28,2027-10-28,MAIN,500,500,2025-04-20,Choudhary PLC
B003622,PR00818,D8734845,2024-02-11,2027-02-11,MAIN,1000,720,2024-05-11,Lanka Ltd
B003623,PR00818,DEO25L087,2024-06-05,2026-06-05,SAT1,1000,997,2024-07-17,Pathak-Lad
B003624,PR00818,24D460,2024-06-15,2027-06-15,MAIN,1000,928,2024-11-16,Salvi-Sodhi
B003625,PR00819,INN20563,2023-07-23,2025-07-23,SAT1,250,147,2024-02-06,Rana LLC
B003626,PR00819,INN25G060,2024-12-25,2026-06-25,MAIN,200,179,2025-04-02,Ramachandran-Contractor
B003627,PR00819,I5611857,2025-02-28,2026-08-28,MAIN,100,58,2025-05-18,"Grewal, Setty and Sangha"
B003628,PR00819,I1145216,2024-07-07,2027-07-07,SAT1,1000,988,2025-01-13,Brar-Keer
B003629,PR00819,INN23K122,2024-05-15,2025-11-15,MAIN,1000,897,2024-09-03,Sehgal-Dada
B003630,PR00819,INN24B353,2023-08-04,2025-02-04,SAT2,1000,814,2023-12-18,"Thaker, Tella and Sagar"
B003631,PR00820,PAR76475,2024-09-03,2026-03-03,SAT2,200,189,2024-10-22,Sandal and Sons
B003632,PR00820,PAR61745,2025-02-03,2027-02-03,MAIN,1000,995,2025-05-24,"Pandya, Rattan and Chhabra"
B003633,PR00820,PAR53476,2023-08-02,2025-08-02,SAT2,100,80,2023-12-22,Ratti Group
B003634,PR00820,PA25-939,2023-11-09,2026-11-09,MAIN,100,52,2024-05-18,Kanda-Bakshi
B003635,PR00820,P8653300,2024-10-23,2026-04-23,MAIN,1000,994,2024-12-17,Patla-Talwar
B003636,PR00821,LAR91001,2024-11-02,2026-11-02,SAT1,250,249,2025-01-09,Shanker Inc
B003637,PR00821,LAR55019,2023-07-30,2026-07-30,MAIN,500,460,2024-02-27,Vohra Group
B003638,PR00821,LAR80594,2024-12-17,2027-12-17,MAIN,200,193,2025-01-17,"Mangat, Batra and Gandhi"
B003639,PR00821,L1369251,2024-03-04,2025-09-04,SAT2,1000,983,2024-06-05,"Dey, Kalla and Mani"
B003640,PR00822,A7970733,2024-06-28,2026-06-28,MAIN,1000,992,2025-01-25,"Rai, Biswas and Mittal"
B003641,PR00822,A8546136,2025-01-30,2028-01-30,SAT2,250,245,2025-03-23,Raman-Raj
B003642,PR00822,A6662026,2024-03-16,2027-03-16,MAIN,200,172,2024-04-19,Talwar Group
B003643,PR00823,CO22-899,2024-07-05,2026-01-05,MAIN,250,195,2025-01-29,Kamdar Inc
B003644,PR00823,24C2303,2024-01-29,2025-07-29,SAT1,250,240,2024-07-12,Choudhry-Bora
B003645,PR00823,COR96982,2023-11-08,2026-11-08,MAIN,100,0,2024-04-04,Saha-Chatterjee
B003646,PR00823,C5593779,2024-05-18,2027-05-18,SAT1,200,188,2024-08-04,"Misra, Ghosh and Chaudry"
B003647,PR00823,C3035769,2024-05-01,2027-05-01,MAIN,100,14,2024-09-13,Grewal-Merchant
B003648,PR00824,ACC64253,2023-08-17,2025-08-17,SAT1,100,83,2024-03-23,"Karan, Chowdhury and Ranganathan"
B003649,PR00824,ACC22B145,2024-09-09,2026-09-09,MAIN,100,63,2025-02-13,"Sama, Johal and Sagar"
B003650,PR00824,A5227749,2024-03-18,2025-09-18,SAT2,200,136,2024-10-11,Srinivas-Bala
B003651,PR00824,ACC22K244,2024-06-05,2027-06-05,SAT1,250,210,2024-12-17,Rama-Munshi
B003652,PR00824,A5656600,2025-01-05,2028-01-05,MAIN,100,60,2025-02-20,Yohannan-Ram
B003653,PR00824,ACC22K119,2023-07-10,2026-07-10,MAIN,1000,741,2023-12-17,"Uppal, Subramanian and Bains"
B003654,PR00825,I4301357,2024-10-30,2026-04-30,SAT1,100,74,2024-12-13,Purohit PLC
B003655,PR00825,25I8912,2024-11-08,2026-11-08,MAIN,200,185,2025-03-10,"Kashyap, Aggarwal and Bala"
B003656,PR00825,INV66908,2024-06-11,2025-12-11,SAT1,100,88,2024-09-15,Kannan-Sur
B003657,PR00825,INV25J062,2024-07-13,2027-07-13,SAT1,100,79,2024-12-05,"Kari, Ratti and Karan"
B003658,PR00825,INV22D020,2024-10-14,2026-10-14,MAIN,100,94,2025-02-19,"Brar, Padmanabhan and Golla"
B003659,PR00825,I7752082,2024-04-19,2026-04-19,MAIN,100,35,2024-09-08,"Dhillon, Comar and Ganesh"
B003660,PR00826,M3328262,2024-04-28,2027-04-28,MAIN,500,296,2024-06-28,Bhardwaj-Rajagopal
B003661,PR00826,MAX25D344,2023-11-10,2025-05-10,MAIN,500,367,2024-06-12,Kapoor-Mammen
B003662,PR00826,MAX23E339,2023-12-23,2026-12-23,SAT1,200,120,2024-04-10,Bassi LLC
B003663,PR00827,P7284372,2023-05-14,2024-11-14,SAT2,500,359,2023-11-18,Purohit Ltd
B003664,PR00827,24P8466,2024-05-03,2025-11-03,SAT2,500,451,2024-06-20,"Dhillon, Chandra and Bumb"
B003665,PR00827,PAN34605,2024-10-29,2026-10-29,MAIN,100,70,2025-04-24,"Seth, Garde and Dave"
B003666,PR00827,PAN22G046,2024-10-31,2027-10-31,MAIN,100,78,2025-04-05,"Dugar, Mand and Srinivasan"
B003667,PR00828,FOU79548,2024-02-29,2025-08-29,MAIN,250,117,2024-07-18,Venkataraman and Sons
B003668,PR00828,FOU17833,2024-01-25,2027-01-25,MAIN,500,160,2024-03-08,Chahal PLC
B003669,PR00828,FOU23H068,2025-01-17,2027-01-17,MAIN,100,90,2025-05-01,Sekhon Ltd
B003670,PR00828,FOU25D218,2024-01-31,2026-01-31,MAIN,200,91,2024-06-16,"Rattan, Bera and Srinivasan"
B003671,PR00828,25F8828,2024-09-18,2027-09-18,MAIN,200,184,2024-12-26,Sem-Vora
B003672,PR00828,F5989093,2025-01-11,2027-01-11,MAIN,200,180,2025-04-12,"Verma, Krishnan and Sood"
B003673,PR00829,NEO23E316,2023-11-22,2026-11-22,SAT2,500,470,2024-04-27,Sen-Bhandari
B003674,PR00829,NE23-298,2025-03-11,2026-09-11,MAIN,250,242,2025-05-01,Edwin-Deshmukh
B003675,PR00829,NEO49770,2024-01-14,2027-01-14,MAIN,100,34,2024-03-28,Swaminathan Inc
B003676,PR00829,NE25-315,2024-08-03,2026-02-03,MAIN,1000,978,2024-10-02,Mallick PLC
B003677,PR00829,N9586721,2024-10-10,2026-04-10,SAT1,250,235,2025-04-01,Nayak-Sahni
B003678,PR00830,RAP24J092,2024-07-06,2027-07-06,MAIN,100,49,2024-12-05,Varughese-Chandran
B003679,PR00830,24R1776,2024-11-19,2026-05-19,MAIN,100,80,2025-02-14,"Warrior, Chaudry and Andra"
B003680,PR00830,RAP59344,2024-06-16,2026-06-16,MAIN,1000,918,2024-11-19,Bose-Tailor
B003681,PR00830,RAP39310,2024-10-09,2027-10-09,MAIN,500,408,2024-12-03,Munshi Group
B003682,PR00830,RA22-420,2024-02-16,2027-02-16,MAIN,250,6,2024-05-26,Chandra Group
B003683,PR00831,LEE22H340,2024-03-24,2026-03-24,SAT2,100,86,2024-10-27,Chandra and Sons
B003684,PR00831,LEE25J226,2024-08-25,2027-08-25,MAIN,200,187,2024-09-29,"Shenoy, Peri and Pandey"
B003685,PR00831,LEE45134,2024-11-15,2026-11-15,MAIN,1000,994,2025-05-14,Gokhale-Sachdeva
B003686,PR00831,LEE88409,2024-09-15,2026-03-15,MAIN,500,492,2025-02-13,Sahota PLC
B003687,PR00831,24L8243,2024-09-25,2026-09-25,SAT1,1000,999,2025-04-24,Roy-Kamdar
B003688,PR00831,LEE23K139,2024-12-17,2027-12-17,MAIN,1000,1000,2025-04-05,Tripathi-Bobal
B003689,PR00832,AIS11489,2023-06-23,2025-06-23,SAT2,1000,889,2023-12-02,Kakar PLC
B003690,PR00832,23A2357,2024-07-15,2026-07-15,SAT1,200,146,2025-01-19,"Bera, Ramanathan and Wali"
B003691,PR00832,AI25-752,2024-10-19,2026-04-19,MAIN,200,190,2025-03-08,Batta Inc
B003692,PR00832,A2563686,2024-09-05,2026-09-05,MAIN,500,230,2024-10-25,Arya Group
B003693,PR00832,A3216466,2024-07-12,2027-07-12,SAT2,100,0,2024-10-22,Sandhu Group
B003694,PR00832,22A7885,2024-05-12,2026-05-12,MAIN,100,0,2024-12-05,Gulati-Garg
B003695,PR00833,EVA23E232,2024-07-21,2027-07-21,SAT1,200,160,2024-09-11,Ramachandran and Sons
B003696,PR00833,EV23-229,2025-01-26,2026-07-26,MAIN,200,161,2025-05-08,"Hayer, Sama and Dara"
B003697,PR00833,EV24-045,2024-05-27,2026-05-27,SAT1,250,136,2024-07-26,Bose Group
B003698,PR00833,E2538923,2023-08-23,2026-08-23,SAT1,250,102,2024-01-25,"Vyas, Narayan and Loyal"
B003699,PR00834,TAJ17267,2024-07-06,2027-07-06,SAT1,500,357,2024-09-11,"Bansal, Bath and Mukherjee"
B003700,PR00834,TAJ89820,2023-08-29,2025-08-29,MAIN,100,0,2024-02-12,"Bhalla, Kibe and Soni"
B003701,PR00834,TAJ23C129,2024-01-13,2027-01-13,MAIN,250,0,2024-03-13,"Gade, Parikh and Merchant"
B003702,PR00834,TAJ22K115,2024-06-13,2026-06-13,SAT2,500,421,2024-09-16,Varty-Natarajan
B003703,PR00834,TAJ24E094,2024-07-30,2026-07-30,MAIN,100,34,2025-01-13,"Kar, Om and Sama"
B003704,PR00835,SU23-800,2025-02-18,2027-02-18,MAIN,500,500,2025-05-07,Dasgupta and Sons
B003705,PR00835,S5577791,2024-09-29,2027-09-29,MAIN,1000,862,2024-12-31,Mallick-Kamdar
B003706,PR00835,S1498012,2024-06-28,2026-06-28,MAIN,100,15,2024-08-31,"Dube, Dhillon and Nagy"
B003707,PR00835,SU25-206,2023-11-13,2026-11-13,SAT2,200,119,2024-05-19,Cherian-Sarma
B003708,PR00836,PUN72352,2024-08-12,2026-02-12,MAIN,200,166,2024-09-13,Boase-Gour
B003709,PR00836,P9475093,2023-12-12,2025-06-12,SAT2,1000,970,2024-04-18,Bhavsar-Kumar
B003710,PR00836,P4245878,2024-08-06,2026-08-06,SAT2,500,491,2024-12-13,Sama-Gola
B003711,PR00836,PUN68125,2024-05-29,2027-05-29,MAIN,250,229,2024-12-14,Gopal Ltd
B003712,PR00837,TO24-101,2024-12-04,2027-12-04,SAT2,100,100,2025-03-16,Ravi Inc
B003713,PR00837,TOR25I150,2024-01-29,2025-07-29,MAIN,250,0,2024-02-28,Rana and Sons
B003714,PR00837,T6402873,2023-06-16,2024-12-16,SAT1,250,101,2024-01-19,"Lal, Parmar and Kuruvilla"
B003715,PR00837,23T8040,2024-10-31,2026-04-30,MAIN,500,487,2025-01-30,Johal Ltd
B003716,PR00838,NEL27400,2023-10-23,2026-10-23,SAT2,1000,955,2024-02-26,"Krishnamurthy, Nadkarni and Kaur"
B003717,PR00838,NEL24I132,2024-01-22,2026-01-22,SAT1,100,0,2024-02-26,Murthy Group
B003718,PR00838,NEL81178,2023-07-26,2026-07-26,MAIN,500,131,2023-12-04,Ben PLC
B003719,PR00839,24S3025,2023-07-19,2025-01-19,MAIN,500,142,2023-12-14,Anand Group
B003720,PR00839,25S4382,2024-07-26,2027-07-26,SAT2,250,162,2025-01-06,"Ratta, Verma and Nazareth"
B003721,PR00839,SYC25D330,2023-12-28,2025-12-28,SAT1,100,24,2024-07-03,"Batra, Sangha and Mohan"
B003722,PR00840,25V5427,2025-02-17,2027-02-17,MAIN,250,250,2025-04-25,Yohannan-Shetty
B003723,PR00840,VEX25C392,2024-05-15,2025-11-15,MAIN,1000,918,2024-08-25,Mall Ltd
B003724,PR00840,25V9019,2024-10-22,2026-04-22,SAT2,100,100,2025-05-08,Goda Ltd
B003725,PR00840,VEX25B326,2023-06-18,2025-06-18,MAIN,250,0,2023-12-02,Sharma Group
B003726,PR00841,SAR22C024,2023-10-23,2025-10-23,SAT1,250,174,2023-12-07,"Guha, Narasimhan and Chander"
B003727,PR00841,SAR27537,2023-08-29,2025-08-29,SAT1,100,0,2023-12-16,Rattan-Trivedi
B003728,PR00841,23S8093,2024-01-04,2027-01-04,SAT1,500,480,2024-07-02,Bhavsar and Sons
B003729,PR00841,SAR24A031,2024-11-11,2026-05-11,SAT2,500,499,2025-02-09,Singhal and Sons
B003730,PR00841,S5145784,2023-12-13,2026-12-13,MAIN,200,17,2024-04-17,Sethi-Balakrishnan
B003731,PR00841,SAR32297,2024-06-25,2025-12-25,MAIN,100,97,2025-02-16,Deshpande-Dara
B003732,PR00842,ZUM25H259,2023-11-26,2025-11-26,MAIN,1000,972,2024-06-28,Kara-Memon
B003733,PR00842,23Z8713,2024-02-07,2026-02-07,MAIN,1000,963,2024-04-23,Gole LLC
B003734,PR00842,ZUM24H004,2024-12-06,2026-06-06,SAT2,500,498,2025-05-13,Garg Ltd
B003735,PR00842,ZUM59084,2023-11-08,2026-11-08,MAIN,100,66,2024-07-01,Madan Inc
B003736,PR00842,ZUM25D309,2024-10-11,2026-04-11,SAT2,100,89,2024-12-21,"Vohra, Karpe and Bhat"
B003737,PR00843,EA23-875,2024-07-09,2026-01-09,MAIN,200,134,2025-02-10,Korpal-Goyal
B003738,PR00843,EAS20545,2023-12-13,2025-12-13,MAIN,100,0,2024-07-04,"Keer, Saraf and Munshi"
B003739,PR00843,EAS24G275,2024-05-16,2025-11-16,MAIN,100,0,2024-09-14,Atwal-Chandra
B003740,PR00843,EAS24B348,2024-10-30,2027-10-30,MAIN,100,25,2025-03-07,"Chaudhry, Mukherjee and Mannan"
B003741,PR00844,VER22K075,2025-01-15,2028-01-15,MAIN,1000,989,2025-03-20,Ganguly-Minhas
B003742,PR00844,V9011894,2024-03-23,2026-03-23,MAIN,1000,981,2024-09-23,"Madan, Dugal and Balasubramanian"
B003743,PR00844,V6451900,2023-12-25,2026-12-25,MAIN,250,220,2024-07-25,Mammen and Sons
B003744,PR00844,VE24-673,2023-12-07,2025-12-07,MAIN,1000,974,2024-04-08,Amble-Morar
B003745,PR00844,VER25F384,2024-12-11,2026-12-11,MAIN,100,91,2025-02-14,Sabharwal-Panchal
B003746,PR00844,22V4733,2023-08-13,2026-08-13,MAIN,100,40,2023-12-07,"Chand, Dalal and Varma"
B003747,PR00845,NE23-415,2023-11-20,2025-05-20,MAIN,200,0,2024-06-07,Bhattacharyya-Nayar
B003748,PR00845,NEX13891,2024-09-20,2027-09-20,SAT2,200,186,2025-04-02,Mahal-Anand
B003749,PR00845,25N1128,2023-11-09,2026-11-09,SAT1,100,42,2024-06-01,"Mane, Chauhan and More"
B003750,PR00846,BLA24C340,2023-10-23,2025-10-23,SAT2,200,4,2024-01-01,Panchal-Hans
B003751,PR00846,BL22-960,2023-07-07,2025-01-07,MAIN,100,0,2023-12-26,"Zacharia, Bhattacharyya and Hans"
B003752,PR00846,BL23-788,2023-09-22,2025-03-22,SAT1,500,466,2024-04-11,Barad-Nagarajan
B003753,PR00846,BLA43166,2023-10-05,2026-10-05,MAIN,500,186,2024-01-18,Desai-Mital
B003754,PR00847,LIZ9453,2023-06-12,2025-06-12,SAT2,100,75,2024-01-16,Chander-Bhalla
B003755,PR00847,LIZ61816,2024-01-08,2027-01-08,MAIN,500,468,2024-04-14,"Gola, Rajan and Borra"
B003756,PR00847,LIZ25A179,2024-04-07,2026-04-07,MAIN,500,477,2024-08-14,"Bobal, Bala and Iyengar"
B003757,PR00848,23P7403,2023-11-27,2025-05-27,SAT2,500,387,2024-01-25,Rajagopal-Nagarajan
B003758,PR00848,23P5338,2023-08-07,2026-08-07,MAIN,100,0,2023-12-23,"Loke, Golla and Gill"
B003759,PR00848,23P1007,2023-09-06,2025-03-06,MAIN,200,74,2024-03-03,Ghosh and Sons
B003760,PR00849,SE23-340,2024-07-18,2026-07-18,MAIN,500,483,2024-11-20,Raja-Raj
B003761,PR00849,SER56562,2024-08-16,2026-02-16,MAIN,500,494,2025-03-09,Sampath-Ghose
B003762,PR00849,SE25-004,2024-06-19,2026-06-19,MAIN,200,185,2024-08-09,Palan and Sons
B003763,PR00849,SER48882,2024-05-26,2027-05-26,MAIN,200,174,2024-10-20,Yogi Group
B003764,PR00849,SE24-412,2023-08-23,2025-08-23,MAIN,200,158,2024-03-23,Krishna Inc
B003765,PR00849,S4432723,2023-04-02,2025-04-02,SAT1,250,135,2023-11-14,Handa PLC
B003766,PR00850,RE24-702,2024-03-17,2025-09-17,MAIN,500,200,2024-04-26,"Babu, Kashyap and Mody"
B003767,PR00850,23R7401,2023-10-28,2026-10-28,SAT1,200,170,2024-05-24,Mand Ltd
B003768,PR00850,REN22D063,2023-05-18,2024-11-18,SAT2,100,0,2023-11-30,"Dixit, Menon and Agate"
B003769,PR00851,24T4093,2023-12-13,2025-12-13,MAIN,1000,707,2024-05-31,Samra-Goel
B003770,PR00851,TA22-846,2023-12-18,2025-06-18,MAIN,200,0,2024-06-24,"Guha, Madan and Rout"
B003771,PR00851,23T1093,2023-09-27,2025-03-27,SAT1,1000,888,2024-01-24,Jaggi LLC
B003772,PR00851,25T3665,2025-01-07,2026-07-07,MAIN,200,135,2025-02-22,"Varughese, Yohannan and Karpe"
B003773,PR00852,L4524425,2023-07-15,2025-07-15,MAIN,1000,571,2024-02-05,Kurian and Sons
B003774,PR00852,LIA24L246,2024-07-28,2026-07-28,MAIN,250,236,2025-03-16,Prabhakar-Chaudry
B003775,PR00852,L7830963,2024-10-21,2026-10-21,MAIN,500,434,2025-01-09,"Vyas, Raj and Sarin"
B003776,PR00852,LIA25K381,2023-09-01,2025-09-01,MAIN,200,0,2024-03-17,"Kumar, Barad and Tripathi"
B003777,PR00852,LIA25L157,2024-06-20,2027-06-20,MAIN,200,200,2024-11-29,Pathak-Mani
B003778,PR00852,LI22-253,2024-06-07,2027-06-07,SAT2,100,94,2024-08-23,Mane and Sons
B003779,PR00853,MAX23E020,2024-01-15,2025-07-15,SAT1,500,481,2024-04-19,"Goda, Rajagopal and Deol"
B003780,PR00853,25M8215,2024-02-12,2027-02-12,MAIN,200,150,2024-03-23,"Narayan, Oza and Bail"
B003781,PR00853,25M8222,2024-04-19,2027-04-19,SAT1,500,484,2024-08-23,Luthra-Jayaraman
B003782,PR00854,P5323502,2024-02-07,2026-02-07,SAT2,1000,991,2024-08-21,Bains-Palan
B003783,PR00854,PHA24D114,2024-11-05,2026-11-05,MAIN,100,97,2025-04-14,Virk PLC
B003784,PR00854,P3623595,2024-03-22,2025-09-22,SAT2,1000,981,2024-09-03,Magar-Srinivasan
B003785,PR00855,KYN22D180,2023-11-11,2025-05-11,MAIN,200,0,2024-01-29,"Anand, Kothari and Sane"
B003786,PR00855,KYN18346,2024-02-24,2025-08-24,SAT2,1000,945,2024-04-30,"Sami, Mander and Narain"
B003787,PR00855,K3136488,2024-10-16,2026-10-16,MAIN,200,133,2025-02-19,Naidu PLC
B003788,PR00855,KYN98282,2024-04-16,2027-04-16,MAIN,500,433,2024-06-28,Singhal Group
B003789,PR00855,KYN24D152,2024-10-28,2027-10-28,MAIN,200,117,2024-12-06,Basu-Kuruvilla
B003790,PR00856,AL25-729,2024-03-20,2025-09-20,SAT2,500,486,2024-07-18,Dash-Virk
B003791,PR00856,23A4013,2023-07-09,2026-07-09,MAIN,500,447,2023-12-08,Agrawal Inc
B003792,PR00856,ALP22E076,2024-04-16,2025-10-16,SAT1,500,468,2024-08-13,"Oak, Mahal and Deshpande"
B003793,PR00856,AL23-858,2023-12-06,2026-12-06,MAIN,100,55,2024-04-29,"Trivedi, Shah and Kala"
B003794,PR00856,A6322160,2024-12-13,2026-06-13,MAIN,250,244,2025-03-25,Mane-Ratti
B003795,PR00857,MCL23K253,2023-08-18,2025-08-18,SAT1,1000,951,2024-01-13,"Purohit, Varty and Saraf"
B003796,PR00857,MCL49964,2024-11-28,2026-11-28,MAIN,100,33,2025-05-07,Sengupta-Yohannan
B003797,PR00857,MCL24C084,2023-08-05,2025-02-05,MAIN,100,0,2024-03-13,"Kuruvilla, Shan and Babu"
B003798,PR00857,MCL23J098,2024-08-02,2026-08-02,MAIN,250,249,2025-02-14,Chhabra-Shankar
B003799,PR00858,ALB22H378,2024-06-10,2025-12-10,SAT2,200,197,2024-08-30,"Bains, Sant and Behl"
B003800,PR00858,ALB22K299,2024-03-29,2027-03-29,MAIN,100,75,2024-07-23,Lal PLC
B003801,PR00858,ALB84199,2025-03-13,2028-03-13,MAIN,1000,996,2025-05-15,Butala-Buch
B003802,PR00858,24A3950,2024-07-18,2026-07-18,MAIN,1000,999,2025-03-09,Kale PLC
B003803,PR00858,ALB40358,2025-01-11,2026-07-11,MAIN,250,242,2025-05-07,Sem-Chauhan
B003804,PR00858,A5945601,2023-11-30,2026-11-30,SAT2,200,182,2024-03-02,Ramanathan-Srinivasan
B003805,PR00859,TID65222,2024-04-17,2027-04-17,MAIN,200,87,2024-09-01,Sahota-Sankaran
B003806,PR00859,24T9193,2023-05-02,2025-05-02,SAT1,200,148,2023-12-09,"Nanda, Acharya and Nigam"
B003807,PR00859,TI24-376,2024-07-28,2027-07-28,MAIN,500,390,2024-09-28,Tiwari Group
B003808,PR00859,TID9580,2024-08-15,2027-08-15,MAIN,250,10,2025-01-12,Char Group
B003809,PR00860,VEN23A127,2024-06-03,2027-06-03,SAT2,500,497,2024-12-17,Master-Lal
B003810,PR00860,VEN28447,2023-12-05,2026-12-05,MAIN,100,63,2024-04-02,"Golla, Jayaraman and Mander"
B003811,PR00860,VE25-728,2024-05-02,2027-05-02,MAIN,250,226,2024-08-29,"Johal, Pillai and Saran"
B003812,PR00860,VEN24A033,2024-12-11,2026-12-11,SAT2,100,99,2025-03-18,"Varughese, Narang and Bahl"
B003813,PR00860,23V290,2024-10-31,2026-04-30,MAIN,100,95,2025-02-23,Naik-Badal
B003814,PR00860,VEN25D261,2023-09-16,2025-09-16,SAT2,500,480,2024-04-28,"Nayak, Rege and Rege"
B003815,PR00861,O4481854,2024-01-30,2026-01-30,MAIN,200,11,2024-09-19,"Karnik, Sundaram and Oza"
B003816,PR00861,23O4981,2024-05-01,2027-05-01,SAT1,1000,990,2024-11-23,Bath-Deshmukh
B003817,PR00861,OR23-922,2024-05-02,2025-11-02,SAT1,250,223,2024-10-22,"Lalla, Gokhale and Saran"
B003818,PR00861,OR23-862,2023-12-05,2025-06-05,SAT2,1000,898,2024-05-27,Sinha Ltd
B003819,PR00861,ORL99026,2024-02-14,2026-02-14,MAIN,200,0,2024-04-02,"Ganesh, Narula and Sehgal"
B003820,PR00862,CUB51183,2023-08-25,2025-02-25,SAT1,500,395,2024-01-08,Mital Inc
B003821,PR00862,CU22-323,2024-01-17,2025-07-17,SAT2,250,211,2024-07-09,Narayanan Inc
B003822,PR00862,CUB22B378,2024-06-12,2025-12-12,MAIN,500,396,2024-09-17,"Khosla, Yohannan and Naik"
B003823,PR00862,22C9857,2023-11-23,2025-11-23,SAT1,200,176,2024-04-24,"Swaminathan, Sangha and Gera"
B003824,PR00862,CUB73257,2023-12-16,2026-12-16,MAIN,1000,844,2024-06-26,Mitra-Varkey
B003825,PR00863,D6072372,2023-09-11,2026-09-11,MAIN,200,0,2024-01-06,Sabharwal and Sons
B003826,PR00863,23D3872,2024-02-18,2026-02-18,MAIN,1000,754,2024-03-24,"Mani, Konda and Ray"
B003827,PR00863,DRB13059,2023-08-29,2025-08-29,MAIN,250,0,2023-12-24,"Ben, Rajan and Hayre"
B003828,PR00863,22D4487,2023-06-05,2024-12-05,SAT2,1000,936,2024-01-22,Vala-Panchal
B003829,PR00863,DRB3127,2024-03-24,2025-09-24,MAIN,500,404,2024-07-29,Bahl Ltd
B003830,PR00863,DR23-533,2024-07-10,2027-07-10,MAIN,1000,950,2025-01-22,Bains Inc
B003831,PR00864,JEN24L225,2023-12-07,2025-12-07,MAIN,250,52,2024-03-09,Sarna PLC
B003832,PR00864,J4587645,2024-12-05,2026-06-05,SAT2,1000,1000,2025-04-05,"Purohit, Nath and Chad"
B003833,PR00864,JE23-820,2024-10-24,2026-10-24,SAT1,500,500,2025-04-22,"Joshi, Agarwal and Menon"
B003834,PR00864,25J136,2024-11-12,2027-11-12,MAIN,1000,971,2025-05-09,"Thakur, Pillay and Din"
B003835,PR00864,J7410639,2024-10-01,2027-10-01,MAIN,500,436,2025-03-26,"Suri, Sharaf and Palla"
B003836,PR00865,A2420293,2024-04-03,2026-04-03,MAIN,200,0,2024-08-18,"Puri, Soman and Bava"
B003837,PR00865,AY23-396,2024-12-12,2026-06-12,SAT2,250,250,2025-01-25,Ram LLC
B003838,PR00865,22A2418,2024-05-31,2025-11-30,MAIN,500,320,2024-11-17,Din-Behl
B003839,PR00865,AYU5367,2024-03-21,2027-03-21,MAIN,200,118,2024-05-29,Sami and Sons
B003840,PR00866,VEN25K163,2024-01-29,2027-01-29,MAIN,250,213,2024-05-09,Modi-Manda
B003841,PR00866,22V7302,2023-12-14,2025-06-14,MAIN,100,73,2024-07-13,Kuruvilla Group
B003842,PR00866,24V5158,2023-10-24,2026-10-24,SAT2,200,185,2024-04-18,"Purohit, Konda and Kaul"
B003843,PR00866,VEN54765,2024-02-04,2025-08-04,SAT2,1000,975,2024-03-28,Yogi Inc
B003844,PR00866,VE25-007,2024-01-04,2027-01-04,SAT1,200,173,2024-03-06,"Dora, Hayre and Kapadia"
B003845,PR00866,23V1352,2023-09-08,2025-03-08,MAIN,1000,957,2023-12-12,Sarraf-Sama
B003846,PR00867,DRU87702,2023-07-22,2025-07-22,SAT1,1000,962,2024-01-08,Sood Ltd
B003847,PR00867,DR25-560,2024-02-23,2026-02-23,MAIN,1000,981,2024-07-13,"Batta, Sen and Kannan"
B003848,PR00867,DRU69146,2023-10-24,2025-10-24,SAT2,1000,996,2024-06-18,Sekhon LLC
B003849,PR00867,23D6441,2024-03-22,2027-03-22,MAIN,200,166,2024-07-24,Parikh-Shenoy
B003850,PR00868,SAN24A383,2024-02-06,2027-02-06,MAIN,250,35,2024-07-31,Sangha-Ghose
B003851,PR00868,23S3365,2023-10-17,2026-10-17,MAIN,100,0,2024-02-10,"Sachdev, Deshpande and Rama"
B003852,PR00868,S6603508,2023-10-20,2025-10-20,SAT1,100,31,2024-05-26,Ramanathan Group
B003853,PR00868,25S5976,2023-12-22,2025-12-22,MAIN,200,17,2024-04-29,"Munshi, Barman and Upadhyay"
B003854,PR00869,Z7919795,2024-09-15,2026-09-15,MAIN,1000,992,2024-11-22,"Suresh, Tandon and Lanka"
B003855,PR00869,ZA23-896,2023-06-27,2026-06-27,SAT1,100,0,2023-11-26,Prasad-Mahajan
B003856,PR00869,Z8291707,2024-11-01,2027-11-01,MAIN,1000,1000,2025-05-28,"Mangat, Khatri and Mangal"
B003857,PR00869,ZA23-390,2024-04-08,2027-04-08,MAIN,200,90,2024-07-09,"Natt, Devi and Pandya"
B003858,PR00870,CA24-613,2024-01-14,2026-01-14,MAIN,250,65,2024-07-22,Sehgal Ltd
B003859,PR00870,24C2245,2024-10-16,2027-10-16,MAIN,200,47,2024-12-24,Kulkarni-Bala
B003860,PR00870,C1452749,2024-09-05,2026-03-05,SAT2,500,441,2024-12-20,Soni Group
B003861,PR00870,C8698537,2024-03-10,2027-03-10,MAIN,500,221,2024-04-09,Saini-Soman
B003862,PR00870,CAR24L314,2024-06-10,2027-06-10,SAT2,200,135,2025-01-05,Bakshi-Lanka
B003863,PR00870,CA25-490,2023-04-27,2026-04-27,MAIN,1000,740,2023-12-04,Bajaj Group
B003864,PR00871,C2442862,2023-11-25,2025-11-25,SAT1,250,182,2024-04-29,Sibal-Pant
B003865,PR00871,C6984394,2024-03-04,2026-03-04,MAIN,100,0,2024-09-28,Morar PLC
B003866,PR00871,C7905669,2023-09-12,2025-03-12,SAT2,500,353,2023-12-11,Panchal-Iyengar
B003867,PR00871,CO22-632,2023-06-05,2024-12-05,MAIN,100,0,2024-01-26,Chakrabarti-Borra
B003868,PR00871,CON54216,2024-05-27,2026-05-27,SAT1,200,158,2025-01-02,Sinha-Johal
B003869,PR00872,CIJ14216,2024-06-28,2027-06-28,MAIN,500,381,2024-11-28,"Johal, Bhargava and Bhardwaj"
B003870,PR00872,CI22-212,2024-06-28,2025-12-28,SAT1,250,208,2024-12-09,Batra PLC
B003871,PR00872,CIJ49824,2023-10-09,2025-10-09,SAT1,250,146,2023-12-14,Bandi-Rege
B003872,PR00872,25C5875,2024-10-03,2026-04-03,MAIN,1000,956,2025-03-18,Rao-Parikh
B003873,PR00872,CIJ23F250,2024-03-09,2025-09-09,SAT1,500,483,2024-08-28,"Toor, Doctor and Khurana"
B003874,PR00872,CIJ70789,2024-10-25,2026-10-25,MAIN,500,485,2025-02-23,"Mannan, Lall and Oza"
B003875,PR00873,E5770652,2024-04-05,2025-10-05,MAIN,100,91,2024-09-29,Vohra LLC
B003876,PR00873,ELI74775,2024-06-14,2025-12-14,SAT1,100,61,2024-10-22,"Sami, Pau and Korpal"
B003877,PR00873,E2718980,2024-03-12,2025-09-12,MAIN,500,491,2024-07-11,Gole-Iyer
B003878,PR00873,ELI60187,2023-07-01,2026-07-01,SAT1,500,377,2024-02-02,"De, Sabharwal and Sani"
B003879,PR00873,E7309779,2024-07-21,2026-01-21,SAT1,250,229,2025-03-16,Arya Inc
B003880,PR00874,SIG64385,2024-09-10,2026-09-10,SAT1,1000,917,2024-11-09,Shukla-Balakrishnan
B003881,PR00874,S7686172,2023-12-10,2025-12-10,SAT1,250,221,2024-05-22,"Brar, Boase and Bhasin"
B003882,PR00874,24S4017,2024-09-19,2027-09-19,MAIN,500,457,2025-04-25,"Korpal, Morar and Pathak"
B003883,PR00874,S6397097,2024-08-31,2026-02-28,MAIN,200,132,2025-01-20,Brahmbhatt-Brar
B003884,PR00875,PL24-278,2023-05-29,2026-05-29,SAT1,500,366,2024-01-18,"Thaker, Rastogi and Murthy"
B003885,PR00875,23P367,2024-02-23,2026-02-23,MAIN,200,185,2024-09-11,Chadha PLC
B003886,PR00875,PLE43675,2024-07-02,2027-07-02,MAIN,1000,998,2024-12-08,Nadkarni PLC
B003887,PR00875,PLE24K067,2024-03-18,2026-03-18,SAT1,1000,977,2024-11-10,Sem LLC
B003888,PR00875,PLE91268,2024-04-02,2026-04-02,MAIN,250,213,2024-08-17,Sandhu-Bose
B003889,PR00876,MAX4829,2024-06-09,2025-12-09,SAT2,1000,998,2024-09-24,Mohan-Singhal
B003890,PR00876,MAX22K347,2023-11-29,2025-05-29,SAT1,200,52,2024-01-19,Sandal-Chander
B003891,PR00876,M4788601,2024-03-15,2025-09-15,SAT1,250,228,2024-05-11,"Rege, Vaidya and Sur"
B003892,PR00876,MAX25K020,2024-05-24,2025-11-24,SAT1,100,65,2024-07-25,"Acharya, Mand and Shenoy"
B003893,PR00877,25B881,2023-11-26,2025-05-26,MAIN,500,264,2024-02-06,"Sabharwal, Ratta and Rajagopal"
B003894,PR00877,BIO25D306,2024-06-02,2027-06-02,MAIN,250,128,2024-10-20,"Din, Babu and Pradhan"
B003895,PR00877,BIO24A293,2024-12-29,2027-12-29,MAIN,200,179,2025-03-16,"Deol, Pillay and Raval"
B003896,PR00877,BI25-047,2023-11-06,2025-11-06,SAT1,1000,945,2024-03-17,Prasad-Badal
B003897,PR00877,BIO25175,2023-05-26,2025-05-26,SAT2,100,0,2023-12-05,"Bir, Majumdar and Gala"
B003898,PR00878,MAV62725,2024-04-07,2027-04-07,MAIN,500,457,2024-09-28,"Kaul, Kata and Aggarwal"
B003899,PR00878,MAV26778,2024-10-27,2027-10-27,SAT2,250,233,2025-05-08,"Gole, Grewal and Taneja"
B003900,PR00878,MAV22B293,2023-11-14,2025-05-14,MAIN,1000,603,2024-01-24,Mangal-Badal
B003901,PR00878,23M6624,2023-07-21,2025-01-21,MAIN,500,293,2024-01-15,Mall-Srivastava
B003902,PR00878,MAV93030,2024-03-28,2026-03-28,MAIN,1000,857,2024-06-07,"Khurana, Warrior and Sami"
B003903,PR00878,MA25-125,2024-05-19,2025-11-19,MAIN,200,136,2024-10-23,Dugal Inc
B003904,PR00879,RIC23E345,2024-03-01,2025-09-01,SAT2,250,239,2024-06-23,Bhakta-Pant
B003905,PR00879,RI23-775,2024-11-10,2026-11-10,MAIN,250,247,2025-05-03,Kalita Inc
B003906,PR00879,RIC38241,2024-08-08,2026-08-08,SAT1,1000,972,2025-01-10,"Rama, Puri and Bali"
B003907,PR00879,RI25-729,2024-03-18,2026-03-18,SAT1,1000,960,2024-11-03,Sundaram-Mohanty
B003908,PR00879,RI23-728,2024-11-05,2026-11-05,MAIN,250,247,2025-04-02,Kohli-Kala
B003909,PR00880,SHI50972,2023-11-19,2026-11-19,MAIN,1000,971,2024-05-11,"Chana, Kulkarni and Setty"
B003910,PR00880,SHI22B073,2024-08-06,2026-08-06,MAIN,500,487,2025-01-20,"Tella, Nori and Ganesh"
B003911,PR00880,SHI30101,2024-09-22,2026-09-22,MAIN,500,491,2025-01-06,Shah-Mistry
B003912,PR00881,24D610,2023-08-22,2025-08-22,MAIN,250,80,2024-03-29,Dave-Agate
B003913,PR00881,D7266180,2025-01-16,2027-01-16,SAT2,500,479,2025-03-25,Narang PLC
B003914,PR00881,DOC24F174,2024-07-01,2027-07-01,MAIN,200,25,2024-10-23,Manda-Chauhan
B003915,PR00882,22B6446,2024-01-09,2027-01-09,MAIN,500,441,2024-08-13,Ganesan Ltd
B003916,PR00882,22B2826,2024-11-26,2026-05-26,MAIN,250,237,2025-04-19,Thaman Group
B003917,PR00882,BR23-238,2024-02-04,2026-02-04,MAIN,200,146,2024-08-20,"Kara, Parikh and Butala"
B003918,PR00882,BRO21241,2023-05-22,2024-11-22,MAIN,100,0,2023-12-28,"Ray, Sachdev and Mukherjee"
B003919,PR00882,23B8686,2024-12-13,2026-06-13,SAT2,200,125,2025-03-08,Srinivas-Mittal
B003920,PR00882,BR24-414,2024-08-11,2026-02-11,MAIN,100,33,2024-10-20,Jani Inc
B003921,PR00883,RID37677,2023-08-14,2025-02-14,MAIN,100,32,2023-11-26,Peri Inc
B003922,PR00883,R5291337,2023-11-28,2026-11-28,MAIN,100,81,2024-07-08,"Guha, Anand and Dhaliwal"
B003923,PR00883,R1997460,2023-05-17,2026-05-17,SAT1,200,70,2023-11-17,Varkey-Prakash
B003924,PR00883,RID38337,2024-12-14,2026-06-14,SAT2,100,100,2025-03-18,Loke Group
B003925,PR00884,MED54745,2023-12-14,2026-12-14,SAT2,100,0,2024-03-06,Warrior-Brar
B003926,PR00884,M3859384,2023-09-17,2025-03-17,MAIN,100,0,2024-04-25,Kade-Vyas
B003927,PR00884,MED23H289,2024-11-28,2026-05-28,SAT1,500,488,2025-01-19,"Patla, Ganesh and Dani"
B003928,PR00885,TOR60188,2023-05-29,2025-05-29,MAIN,200,135,2023-12-23,Narang-Oza
B003929,PR00885,TO22-238,2025-02-08,2027-02-08,MAIN,500,497,2025-04-01,"Bhardwaj, Virk and Mitter"
B003930,PR00885,TOR22G184,2023-05-31,2026-05-31,SAT1,250,138,2023-11-21,"Borra, Garde and Prashad"
B003931,PR00885,TO22-918,2024-04-20,2026-04-20,SAT1,100,34,2024-06-22,Patel-Venkataraman
B003932,PR00885,24T3905,2024-10-12,2027-10-12,SAT1,200,165,2024-11-14,Puri Group
B003933,PR00885,TOR66589,2024-08-06,2026-02-06,MAIN,200,191,2025-02-13,Gokhale-Kale
B003934,PR00886,SC24-277,2023-10-24,2025-04-24,SAT2,500,386,2023-11-25,"Jha, Chatterjee and Kannan"
B003935,PR00886,SC25-106,2024-11-22,2026-05-22,MAIN,100,52,2025-03-02,Walia-Chand
B003936,PR00886,SCO24E098,2024-09-01,2027-09-01,MAIN,100,28,2024-11-03,"Barman, Bhakta and Hayre"
B003937,PR00886,SCO22C008,2024-11-14,2026-11-14,SAT2,100,0,2024-12-27,"Bhattacharyya, Kuruvilla and Rajan"
B003938,PR00887,KL25-839,2023-11-29,2026-11-29,MAIN,250,0,2024-01-09,Lad and Sons
B003939,PR00887,KL24-679,2024-11-28,2026-11-28,SAT2,200,119,2025-04-24,"Ghose, Muni and Dugar"
B003940,PR00887,KL23-760,2023-08-13,2025-08-13,MAIN,1000,608,2023-11-24,Pingle PLC
B003941,PR00887,KLO24J134,2024-01-23,2025-07-23,MAIN,500,371,2024-06-08,Khurana-Ben
B003942,PR00887,K7383895,2024-10-07,2026-10-07,SAT1,500,480,2024-11-14,"Chaudry, Ghose and Bhatnagar"
B003943,PR00887,K4789090,2024-01-16,2025-07-16,SAT1,250,238,2024-04-04,"Murthy, Dubey and Sodhi"
B003944,PR00888,NRI23C173,2024-05-30,2027-05-30,MAIN,200,181,2024-08-11,Merchant Inc
B003945,PR00888,N4897147,2024-12-08,2027-12-08,MAIN,250,242,2025-01-23,Merchant Ltd
B003946,PR00888,25N7066,2024-11-18,2027-11-18,SAT1,250,228,2025-02-18,Chakrabarti-Hegde
B003947,PR00889,ZO25-884,2023-11-01,2025-05-01,SAT1,1000,921,2024-01-11,Chacko LLC
B003948,PR00889,25Z2661,2023-12-22,2025-06-22,SAT2,100,88,2024-05-18,"Parekh, Patil and Hayre"
B003949,PR00889,ZO25-615,2024-10-30,2027-10-30,MAIN,200,188,2025-05-18,Bhatnagar LLC
B003950,PR00889,25Z9657,2024-07-09,2026-07-09,MAIN,100,91,2025-02-02,Barad and Sons
B003951,PR00889,ZO25-621,2023-12-11,2025-12-11,SAT1,500,438,2024-07-17,Mohanty LLC
B003952,PR00889,24Z5747,2024-12-10,2026-06-10,SAT2,1000,1000,2025-02-11,Sengupta Group
B003953,PR00890,N3513387,2024-05-29,2027-05-29,SAT2,200,192,2024-11-12,"Chakrabarti, Chaudhry and Batta"
B003954,PR00890,22N2016,2024-10-25,2026-04-25,MAIN,500,498,2025-04-08,"Reddy, Patel and Mitter"
B003955,PR00890,25N9074,2024-10-08,2026-04-08,SAT2,1000,995,2025-02-15,"Munshi, Nagarajan and Shan"
B003956,PR00890,NEC23G232,2023-08-02,2025-02-02,SAT1,250,227,2023-11-22,Sankaran-Khanna
B003957,PR00890,NE23-501,2024-01-17,2026-01-17,MAIN,1000,950,2024-02-25,"Mody, Nanda and Mitter"
B003958,PR00891,GE22-943,2025-01-17,2028-01-17,MAIN,500,496,2025-03-30,Gour PLC
B003959,PR00891,GEN66941,2024-01-18,2026-01-18,SAT2,200,192,2024-08-08,"Chaudhari, Dhaliwal and Ray"
B003960,PR00891,24G7642,2024-08-23,2026-02-23,MAIN,500,478,2024-10-23,"Loke, Om and Dua"
B003961,PR00892,TO22-083,2023-09-21,2025-09-21,MAIN,1000,591,2024-02-03,Saha LLC
B003962,PR00892,22T6520,2024-02-29,2027-02-28,SAT1,1000,933,2024-04-08,"Butala, Chauhan and Bajaj"
B003963,PR00892,TOR77321,2024-05-03,2026-05-03,MAIN,100,0,2024-08-30,Cheema-Raja
B003964,PR00893,CAS22E326,2025-01-04,2026-07-04,SAT2,100,97,2025-03-14,"Rai, Chander and Badal"
B003965,PR00893,25C7438,2023-12-03,2025-12-03,MAIN,250,179,2024-01-18,Vyas Ltd
B003966,PR00893,CAS98574,2024-10-01,2026-10-01,SAT1,100,88,2025-05-27,Dutta Ltd
B003967,PR00894,25U8783,2024-08-09,2026-02-09,SAT2,100,76,2025-03-16,Desai-Dasgupta
B003968,PR00894,UNI57480,2023-12-11,2026-12-11,SAT1,250,170,2024-04-24,Wason-Dhaliwal
B003969,PR00894,U6674323,2025-01-19,2028-01-19,SAT2,500,500,2025-05-18,Thakur-Dass
B003970,PR00894,23U4820,2024-01-16,2026-01-16,SAT1,1000,990,2024-07-12,Chacko Ltd
B003971,PR00895,GER44920,2023-09-14,2025-09-14,MAIN,250,66,2024-04-07,Parekh-Ratti
B003972,PR00895,GER21761,2024-06-14,2026-06-14,SAT2,500,405,2024-10-15,Raj PLC
B003973,PR00895,GE23-610,2023-08-14,2025-02-14,SAT2,500,420,2024-01-28,"Raj, Dhingra and Balasubramanian"
B003974,PR00895,GER86560,2023-09-14,2026-09-14,SAT2,250,91,2023-11-13,"Hari, Madan and Taneja"
B003975,PR00895,23G7125,2024-07-17,2027-07-17,SAT1,100,100,2024-11-30,"Chadha, Aggarwal and Apte"
B003976,PR00895,GER23F167,2024-09-26,2026-03-26,MAIN,200,153,2025-02-19,Karpe-Dewan
B003977,PR00896,S9887480,2024-01-24,2025-07-24,MAIN,1000,966,2024-08-23,"Pandey, Tailor and Dayal"
B003978,PR00896,23S3539,2023-12-07,2026-12-07,SAT2,1000,990,2024-05-28,Shah Inc
B003979,PR00896,S5487291,2023-06-06,2024-12-06,MAIN,1000,949,2023-12-13,"Jaggi, Dugar and Dhingra"
B003980,PR00896,25S5181,2024-05-19,2026-05-19,SAT1,500,432,2024-07-16,Batra Ltd
B003981,PR00896,STE25A382,2025-01-03,2027-01-03,SAT1,100,97,2025-05-24,"Sheth, Loke and Nori"
B003982,PR00897,BAX22L183,2025-01-29,2027-01-29,MAIN,100,96,2025-03-30,"Tak, Dave and Kumar"
B003983,PR00897,BA22-479,2023-11-25,2025-11-25,MAIN,500,475,2024-05-07,Sheth Inc
B003984,PR00897,23B6167,2023-04-23,2026-04-23,SAT1,200,171,2023-11-08,Palla Inc
B003985,PR00897,BA24-532,2025-01-07,2028-01-07,MAIN,250,247,2025-03-21,Natt-Grewal
B003986,PR00897,BAX67888,2024-07-24,2027-07-24,MAIN,500,488,2024-09-21,"Basu, Narula and Vala"
B003987,PR00897,24B305,2024-07-11,2026-07-11,SAT1,200,177,2024-08-26,"Bajaj, Din and Varty"
B003988,PR00898,25S1552,2024-04-15,2025-10-15,SAT2,1000,807,2024-05-18,Babu-Rai
B003989,PR00898,S1793539,2024-03-12,2027-03-12,MAIN,250,76,2024-05-23,Mani PLC
B003990,PR00898,SIG51417,2024-05-21,2026-05-21,SAT2,200,174,2024-10-01,Ghose and Sons
B003991,PR00898,SIG24B080,2024-07-07,2027-07-07,SAT2,1000,934,2024-11-27,Arya-Sahota
B003992,PR00898,SIG26688,2024-09-01,2026-09-01,MAIN,1000,958,2025-01-18,Mital-Sood
B003993,PR00899,MAK25744,2024-11-23,2027-11-23,SAT1,200,200,2025-04-10,Seshadri-Rastogi
B003994,PR00899,MAK25J099,2023-09-30,2026-09-30,MAIN,100,0,2023-11-15,"Om, Barman and Bajaj"
B003995,PR00899,MAK22F118,2023-07-25,2025-07-25,MAIN,200,0,2024-01-05,Chacko-Thakkar
B003996,PR00899,MAK24J393,2024-01-30,2025-07-30,MAIN,1000,864,2024-07-30,"Tiwari, Narayanan and Sarin"
B003997,PR00899,23M8582,2024-09-12,2026-03-12,SAT1,500,484,2024-11-27,Lad-Jayaraman
B003998,PR00900,A8157734,2024-09-19,2026-09-19,MAIN,200,185,2025-02-09,Chandra Group
B003999,PR00900,A1249971,2024-04-15,2027-04-15,SAT2,200,149,2024-06-25,Pandya-Sankar
B004000,PR00900,A8648580,2024-07-13,2027-07-13,SAT1,100,95,2024-12-03,Kannan PLC
B004001,PR00900,A9090935,2023-12-24,2025-06-24,MAIN,200,0,2024-03-08,"Swamy, Wali and Trivedi"
B004002,PR00900,ARI84754,2024-03-05,2027-03-05,MAIN,1000,758,2024-05-10,"Savant, Raj and Palan"
B004003,PR00901,F7130158,2023-09-27,2025-03-27,MAIN,100,0,2024-03-17,Khanna-Borah
B004004,PR00901,F8814655,2024-12-09,2026-06-09,MAIN,200,147,2025-04-11,Ramachandran Ltd
B004005,PR00901,F4778867,2024-09-15,2026-03-15,MAIN,500,472,2025-04-14,Saha Ltd
B004006,PR00901,FA24-623,2024-02-20,2025-08-20,MAIN,100,0,2024-06-11,Devi PLC
B004007,PR00901,F2225122,2023-06-30,2025-06-30,MAIN,250,0,2024-01-02,Chakrabarti Inc
B004008,PR00902,CI23-410,2024-07-05,2026-07-05,MAIN,500,391,2024-09-17,"Hari, Raja and Andra"
B004009,PR00902,CI22-076,2023-10-30,2025-04-30,MAIN,500,307,2024-04-17,Subramaniam-Malhotra
B004010,PR00902,25C4662,2025-02-23,2027-02-23,SAT2,250,237,2025-03-30,"Sekhon, Buch and Aurora"
B004011,PR00902,23C1500,2024-01-29,2026-01-29,MAIN,250,177,2024-08-19,Upadhyay Inc
B004012,PR00902,CIT22L312,2023-07-08,2025-07-08,MAIN,200,0,2023-11-14,Narayan Inc
B004013,PR00902,CIT51727,2023-09-28,2025-03-28,MAIN,1000,699,2023-12-21,"Kunda, Verma and Naidu"
B004014,PR00903,DIO86622,2024-11-09,2026-05-09,MAIN,250,235,2025-01-27,"Korpal, Ganguly and Mann"
B004015,PR00903,DIO24685,2023-09-10,2026-09-10,SAT2,200,14,2023-12-22,Borah-Dara
B004016,PR00903,DIO22H062,2023-11-02,2025-05-02,SAT2,250,98,2024-03-14,Sharaf-Batta
B004017,PR00904,25Z9418,2023-11-25,2026-11-25,MAIN,500,381,2024-05-19,Kaul-Morar
B004018,PR00904,22Z9986,2023-10-07,2026-10-07,MAIN,100,0,2023-11-29,Dave-Khatri
B004019,PR00904,ZEE24H085,2025-02-27,2026-08-27,MAIN,200,144,2025-04-02,"Parmer, Chander and Rege"
B004020,PR00905,ME25-494,2023-10-05,2025-04-05,MAIN,500,446,2024-01-26,Kale-Bhalla
B004021,PR00905,MED74553,2024-04-23,2026-04-23,SAT1,250,243,2024-08-04,"Narula, Kant and Date"
B004022,PR00905,MED29036,2023-10-16,2026-10-16,SAT1,500,492,2024-05-14,"Ramesh, Tak and Anand"
B004023,PR00905,24M2562,2024-05-20,2026-05-20,MAIN,100,89,2024-08-20,"Kumer, Uppal and Varughese"
B004024,PR00905,MED22F101,2024-02-06,2026-02-06,SAT1,250,234,2024-07-26,Wadhwa-Sachdev
B004025,PR00906,S8612771,2024-06-18,2026-06-18,MAIN,250,174,2024-09-24,Rai-Dixit
B004026,PR00906,SO24-470,2023-12-05,2026-12-05,SAT2,250,106,2024-04-28,"Ganesan, Pillai and Warrior"
B004027,PR00906,SOL22D096,2024-07-29,2027-07-29,MAIN,500,429,2024-11-04,"Grewal, Dutt and Vora"
B004028,PR00906,23S5688,2024-04-08,2025-10-08,MAIN,1000,896,2024-06-19,Yadav Inc
B004029,PR00907,SU22-742,2024-07-06,2026-01-06,SAT1,1000,992,2024-12-18,Vyas and Sons
B004030,PR00907,SUN23F036,2025-04-03,2028-04-03,MAIN,250,248,2025-05-23,Korpal LLC
B004031,PR00907,23S1292,2024-09-20,2026-09-20,MAIN,500,485,2024-11-07,Barman Group
B004032,PR00907,25S2692,2023-12-27,2025-06-27,MAIN,250,230,2024-06-05,"Varkey, Oza and Sane"
B004033,PR00907,22S7664,2024-07-11,2026-01-11,MAIN,200,194,2025-01-10,"Misra, Sami and Sundaram"
B004034,PR00908,HE24-967,2023-06-12,2025-06-12,MAIN,200,140,2024-02-03,Tandon-Thakkar
B004035,PR00908,HEA22H192,2024-03-24,2027-03-24,MAIN,250,230,2024-08-15,Rastogi LLC
B004036,PR00908,HE24-689,2023-09-04,2025-03-04,SAT1,500,392,2024-01-24,Kanda-Srinivasan
B004037,PR00909,24P1092,2023-10-13,2025-10-13,SAT1,200,191,2024-06-04,Mand-Nanda
B004038,PR00909,PS23-314,2024-07-11,2026-01-11,SAT2,500,461,2024-09-13,"Soman, Natt and Din"
B004039,PR00909,PS25-510,2023-08-21,2025-02-21,MAIN,200,29,2024-03-27,Kashyap LLC
B004040,PR00909,PSY51680,2024-04-13,2026-04-13,MAIN,250,177,2024-08-20,"Iyer, Bumb and Sridhar"
B004041,PR00910,DEL28644,2024-09-10,2027-09-10,MAIN,1000,989,2025-04-30,Padmanabhan-Narayan
B004042,PR00910,DEL2478,2024-08-23,2026-08-23,MAIN,1000,989,2024-11-08,"Dutt, Thakur and Suresh"
B004043,PR00910,D9714093,2024-09-21,2026-09-21,SAT2,200,197,2025-02-02,Yogi-Shankar
B004044,PR00911,SS23-453,2024-04-19,2027-04-19,SAT1,1000,1000,2024-11-03,Chahal-Bhatt
B004045,PR00911,22S8223,2024-12-17,2027-12-17,SAT2,200,170,2025-04-27,"Manne, Vyas and Raju"
B004046,PR00911,S8551889,2024-06-15,2027-06-15,MAIN,500,325,2024-09-19,"Dugar, Sangha and Sawhney"
B004047,PR00911,SS24-193,2024-03-21,2026-03-21,SAT1,100,91,2024-07-13,Dara-Dalal
B004048,PR00912,BI22-262,2024-11-15,2026-11-15,SAT2,1000,988,2025-01-28,"Tailor, Samra and Kurian"
B004049,PR00912,22B3455,2024-05-13,2026-05-13,MAIN,100,0,2024-12-19,Kapur-Loyal
B004050,PR00912,BI22-361,2024-08-31,2026-08-31,MAIN,500,490,2025-04-14,"Ray, Parekh and Nadkarni"
B004051,PR00913,KA25-713,2024-02-10,2026-02-10,SAT1,500,483,2024-05-09,Parmar Ltd
B004052,PR00913,KAT25394,2024-05-06,2026-05-06,MAIN,250,137,2024-08-16,Mukhopadhyay-Choudhury
B004053,PR00913,KAT5591,2024-01-24,2027-01-24,MAIN,500,396,2024-08-18,"Rau, Sastry and Wagle"
B004054,PR00914,R1055618,2024-11-06,2027-11-06,SAT1,500,500,2025-04-23,"Sane, Khanna and Anand"
B004055,PR00914,25R7393,2023-06-12,2025-06-12,MAIN,250,0,2023-11-07,Jhaveri LLC
B004056,PR00914,22R6962,2024-04-07,2026-04-07,MAIN,200,41,2024-09-14,"Thaman, Gour and Bhat"
B004057,PR00914,RAC6197,2024-04-19,2027-04-19,MAIN,100,74,2024-12-01,Randhawa and Sons
B004058,PR00915,AL25-499,2024-12-31,2026-12-31,MAIN,1000,988,2025-04-03,Chada Ltd
B004059,PR00915,ALV38136,2023-05-06,2024-11-06,MAIN,100,55,2023-11-15,Soman-Dubey
B004060,PR00915,AL25-141,2024-12-30,2026-06-30,MAIN,250,244,2025-03-26,Mand and Sons
B004061,PR00915,AL24-848,2024-07-31,2026-01-31,MAIN,100,93,2024-10-15,Viswanathan LLC
B004062,PR00916,I9361695,2023-08-07,2025-08-07,SAT1,200,161,2023-11-19,"Kale, Mody and Ganesh"
B004063,PR00916,22I6811,2023-07-19,2025-07-19,MAIN,100,43,2023-11-08,Raj-Roy
B004064,PR00916,I2020812,2024-11-07,2027-11-07,SAT2,250,248,2025-05-27,"Bava, Venkatesh and Kumar"
B004065,PR00917,B9878574,2024-02-18,2027-02-18,MAIN,100,88,2024-09-21,Bawa-Butala
B004066,PR00917,BKY74419,2024-10-20,2026-10-20,MAIN,100,90,2025-01-21,"Toor, Bandi and Maharaj"
B004067,PR00917,B7590379,2023-10-15,2025-04-15,SAT1,250,230,2024-03-18,Jani and Sons
B004068,PR00917,BK22-424,2024-08-14,2026-02-14,MAIN,100,97,2024-11-27,Ahluwalia-Bora
B004069,PR00917,23B5880,2025-03-12,2026-09-12,MAIN,500,496,2025-04-12,Kanda-Sarna
B004070,PR00918,TO24-670,2024-08-14,2026-08-14,MAIN,500,407,2025-01-27,"Khurana, Prasad and Vyas"
B004071,PR00918,TOR42688,2023-04-26,2026-04-26,MAIN,500,230,2023-11-25,Ratta-Sunder
B004072,PR00918,TOR22H070,2024-06-13,2027-06-13,MAIN,200,100,2024-08-20,Pal LLC
B004073,PR00918,TO23-128,2024-06-25,2026-06-25,MAIN,500,104,2024-10-15,Mahajan-Saha
B004074,PR00919,ZEN88689,2024-10-29,2026-10-29,SAT2,1000,907,2025-01-15,Pai and Sons
B004075,PR00919,ZEN22K396,2023-09-24,2025-03-24,SAT2,100,0,2024-05-08,"Dube, Ramaswamy and Baria"
B004076,PR00919,Z3911973,2024-12-17,2026-12-17,SAT2,100,99,2025-03-14,"Sarkar, Sundaram and Loke"
B004077,PR00920,ABB59113,2024-05-24,2025-11-24,MAIN,500,360,2024-08-16,"Rau, Devi and Tandon"
B004078,PR00920,ABB25101,2023-12-05,2025-06-05,SAT1,500,481,2024-04-27,Bava Ltd
B004079,PR00920,AB23-828,2024-11-06,2026-05-06,MAIN,200,123,2025-01-05,Jhaveri-Rana
B004080,PR00921,25A1127,2023-05-26,2025-05-26,MAIN,500,437,2023-12-11,"Mistry, Bhatnagar and Chhabra"
B004081,PR00921,ARV23I021,2024-01-16,2025-07-16,MAIN,250,232,2024-09-08,"Dua, Wali and Palla"
B004082,PR00921,22A1688,2024-06-06,2026-06-06,SAT1,100,72,2025-01-06,Saxena-Dube
B004083,PR00921,AR25-303,2024-11-21,2026-05-21,MAIN,250,245,2025-05-29,"Patla, Basak and Garde"
B004084,PR00921,22A1134,2023-11-27,2025-11-27,MAIN,200,159,2024-06-08,Parikh LLC
B004085,PR00922,24T8496,2023-12-13,2025-06-13,MAIN,200,10,2024-03-12,"Kalla, Korpal and Bahri"
B004086,PR00922,TRU35323,2024-07-04,2027-07-04,SAT2,1000,983,2025-02-20,"Tank, Setty and Oak"
B004087,PR00922,TRU23A234,2024-02-19,2027-02-19,MAIN,100,0,2024-04-08,Dewan-Chakraborty
B004088,PR00922,TRU83074,2024-08-24,2027-08-24,MAIN,1000,911,2025-03-23,Raju and Sons
B004089,PR00922,TRU22A050,2024-05-08,2027-05-08,SAT2,100,79,2024-12-29,Lad-Kalla
B004090,PR00923,22A6989,2024-03-09,2027-03-09,MAIN,100,21,2024-10-03,"Prabhakar, Rao and Sridhar"
B004091,PR00923,ABS24G275,2023-10-31,2025-10-31,MAIN,100,0,2023-12-28,"Vala, Loke and Mani"
B004092,PR00923,A9087360,2024-01-02,2025-07-02,MAIN,250,170,2024-08-12,"Rana, Agate and Sehgal"
B004093,PR00923,ABS59341,2023-11-10,2025-05-10,SAT1,100,24,2024-06-01,"Bains, Srivastava and Oza"
B004094,PR00923,AB25-632,2024-01-05,2025-07-05,MAIN,1000,832,2024-04-30,Chaudhry PLC
B004095,PR00924,SHA24I159,2024-02-07,2025-08-07,MAIN,1000,968,2024-04-12,"Bhattacharyya, Shan and Subramanian"
B004096,PR00924,SH23-046,2024-05-04,2026-05-04,MAIN,500,478,2024-06-03,Prabhakar-Biswas
B004097,PR00924,23S6073,2024-06-18,2027-06-18,MAIN,1000,983,2025-01-03,Malhotra LLC
B004098,PR00924,SH25-974,2024-08-23,2026-02-23,MAIN,100,87,2024-09-24,Mohanty PLC
B004099,PR00924,SHA23A224,2024-01-10,2026-01-10,MAIN,500,454,2024-03-22,Nori and Sons
B004100,PR00924,SH25-779,2024-08-24,2027-08-24,SAT1,1000,956,2024-12-13,"Chaudhry, Sanghvi and Majumdar"
B004101,PR00925,ARO23C238,2024-03-02,2027-03-02,SAT1,500,440,2024-05-21,"Gokhale, Venkatesh and Konda"
B004102,PR00925,23A3680,2024-09-11,2026-09-11,MAIN,100,87,2025-03-28,"Nayar, Soni and Magar"
B004103,PR00925,ARO57540,2024-12-17,2026-12-17,SAT1,500,500,2025-04-10,Saxena-Saraf
B004104,PR00925,ARO58726,2023-08-19,2025-08-19,MAIN,500,93,2023-12-29,Raghavan-Nagar
B004105,PR00926,TAS82485,2023-07-25,2025-07-25,MAIN,500,164,2023-12-09,"Bansal, Srivastava and Bahl"
B004106,PR00926,TA24-019,2023-07-22,2026-07-22,MAIN,250,0,2023-12-08,Nanda-Mitter
B004107,PR00926,T7151457,2024-03-31,2027-03-31,MAIN,100,0,2024-06-16,"Lall, Kade and Mohan"
B004108,PR00926,T1973191,2024-01-02,2026-01-02,SAT2,1000,937,2024-04-10,Sankaran PLC
B004109,PR00927,AB22-474,2023-06-14,2024-12-14,MAIN,250,199,2023-11-26,Tailor-Chaudry
B004110,PR00927,ABB43927,2024-06-07,2026-06-07,MAIN,100,80,2024-12-18,Roy-Ghosh
B004111,PR00927,AB23-210,2023-12-18,2025-06-18,MAIN,500,470,2024-04-26,Agate PLC
B004112,PR00927,22A1078,2024-11-20,2026-11-20,SAT1,100,96,2025-04-11,Bhagat-Sur
B004113,PR00928,24H1756,2023-12-09,2026-12-09,SAT1,200,118,2024-07-21,Khosla-Misra
B004114,PR00928,HUM25H121,2024-09-23,2027-09-23,MAIN,500,453,2025-05-18,Pal and Sons
B004115,PR00928,HUM95624,2024-04-20,2025-10-20,MAIN,250,56,2024-06-14,Sheth-Shukla
B004116,PR00928,22H1889,2024-08-14,2026-08-14,MAIN,250,190,2024-12-26,Behl Ltd
B004117,PR00928,22H8989,2023-09-24,2026-09-24,SAT2,250,4,2023-12-17,Choudhary Inc
B004118,PR00929,SIO24A159,2024-05-16,2027-05-16,SAT2,200,162,2024-12-25,Krishnan-Shere
B004119,PR00929,22S7837,2023-06-14,2025-06-14,SAT1,200,62,2024-01-25,Karnik-Mani
B004120,PR00929,S3296914,2023-09-27,2025-03-27,SAT2,250,95,2023-12-25,"Lall, Khosla and Bora"
B004121,PR00929,SIO23L164,2023-10-03,2025-04-03,SAT1,100,76,2024-02-20,"Lala, Yadav and Sule"
B004122,PR00929,SI22-109,2023-10-09,2025-04-09,SAT2,100,0,2023-11-28,Ghose LLC
B004123,PR00930,24K9368,2024-04-23,2027-04-23,MAIN,200,177,2024-07-21,Sidhu-Tella
B004124,PR00930,KE25-831,2024-05-30,2026-05-30,SAT2,500,488,2024-10-13,Rattan-Kumar
B004125,PR00930,22K9750,2023-11-29,2025-05-29,SAT2,100,90,2024-04-08,Kapoor LLC
B004126,PR00930,KEN25B269,2025-03-09,2027-03-09,MAIN,200,198,2025-05-10,Sura-More
B004127,PR00931,D5741648,2023-09-03,2026-09-03,MAIN,500,276,2024-04-21,Ramaswamy PLC
B004128,PR00931,D8705390,2023-10-17,2026-10-17,MAIN,200,6,2024-03-22,Prasad-Sibal
B004129,PR00931,22D7602,2024-01-12,2026-01-12,MAIN,250,138,2024-08-20,Murthy and Sons
B004130,PR00931,DYN25I269,2023-11-18,2025-11-18,MAIN,250,43,2024-04-03,Dhillon PLC
B004131,PR00931,DYN50779,2024-01-16,2026-01-16,MAIN,1000,835,2024-04-04,Pradhan-Palla
B004132,PR00931,DYN22B343,2024-03-29,2027-03-29,MAIN,100,0,2024-07-07,"Badami, Padmanabhan and Sunder"
B004133,PR00932,23P6958,2024-05-20,2026-05-20,SAT2,1000,985,2024-12-28,"Mitra, Sura and Pathak"
B004134,PR00932,PS25-581,2025-03-17,2027-03-17,MAIN,250,218,2025-05-11,"Chaudhari, Rege and Rau"
B004135,PR00932,PSY24D331,2023-08-14,2026-08-14,MAIN,100,0,2023-11-08,Dugal PLC
B004136,PR00933,ZE23-196,2024-03-29,2026-03-29,MAIN,200,181,2024-06-17,Dalal-Hari
B004137,PR00933,ZEN23L001,2024-03-25,2025-09-25,MAIN,100,54,2024-05-31,Ganesh-Khare
B004138,PR00933,ZEN53369,2024-09-02,2026-09-02,SAT1,500,459,2024-11-25,Mittal Group
B004139,PR00934,OST24G179,2023-12-01,2025-06-01,SAT2,250,100,2024-06-19,Mital Inc
B004140,PR00934,OST24D027,2023-10-08,2025-10-08,MAIN,100,0,2024-03-29,Chaudry-Krishnamurthy
B004141,PR00934,OST44518,2024-07-20,2026-01-20,MAIN,500,419,2024-12-19,Saxena-Char
B004142,PR00935,SH23-931,2024-09-15,2026-03-15,MAIN,1000,829,2024-11-05,Tailor-Suresh
B004143,PR00935,SH24-407,2023-05-01,2026-05-01,MAIN,500,218,2023-12-16,"Korpal, Mannan and Dash"
B004144,PR00935,22S3925,2024-07-16,2026-07-16,SAT1,200,188,2025-02-27,"Palla, Nagarajan and Oak"
B004145,PR00935,S3564860,2024-10-18,2027-10-18,SAT1,1000,1000,2025-04-03,Vasa Ltd
B004146,PR00936,TOR36890,2024-03-25,2027-03-25,MAIN,200,25,2024-08-02,Tata LLC
B004147,PR00936,TO25-146,2023-10-01,2026-10-01,SAT1,100,54,2024-01-21,Rau-Bansal
B004148,PR00936,22T177,2024-01-08,2025-07-08,SAT1,500,463,2024-07-26,Shenoy Inc
B004149,PR00937,HUM55325,2024-11-27,2026-11-27,MAIN,250,217,2025-03-16,Rama Inc
B004150,PR00937,23H3450,2023-04-27,2024-10-27,SAT1,500,442,2023-11-06,Brahmbhatt Group
B004151,PR00937,H9933715,2023-10-11,2025-04-11,MAIN,500,68,2024-03-01,Balasubramanian-Baral
B004152,PR00937,HUM96227,2024-06-19,2026-06-19,MAIN,250,221,2024-12-12,Sarma Ltd
B004153,PR00937,HUM98327,2023-11-04,2025-05-04,MAIN,200,0,2024-06-15,Rajagopal Group
B004154,PR00938,GLA41575,2024-11-03,2026-11-03,MAIN,200,118,2024-12-06,"Madan, Bandi and Suresh"
B004155,PR00938,GL24-938,2024-10-10,2027-10-10,MAIN,1000,955,2025-04-19,"Sankaran, Gokhale and Wadhwa"
B004156,PR00938,G8965813,2024-02-24,2026-02-24,MAIN,200,137,2024-10-20,Murthy-Chaudhari
B004157,PR00938,22G660,2024-11-22,2026-05-22,SAT1,200,186,2025-02-05,Dugal-Choudhary
B004158,PR00938,GLA14288,2024-11-17,2027-11-17,SAT1,250,245,2025-01-04,"Patla, Khalsa and Samra"
B004159,PR00938,GL25-454,2023-08-05,2026-08-05,MAIN,1000,566,2023-11-20,Ratti-Krish
B004160,PR00939,TOS24D058,2024-06-25,2026-06-25,SAT1,200,196,2024-11-08,Hora-Sangha
B004161,PR00939,T2457010,2024-09-21,2027-09-21,SAT2,250,223,2024-11-24,Khatri-Pillai
B004162,PR00939,TO24-582,2024-03-22,2026-03-22,MAIN,500,333,2024-08-13,"Parekh, Vyas and Reddy"
B004163,PR00939,TOS24G385,2023-08-26,2025-08-26,MAIN,250,0,2024-02-18,Suresh Inc
B004164,PR00939,T9290488,2025-01-29,2026-07-29,MAIN,200,195,2025-05-05,Dave-Deol
B004165,PR00939,TOS22K161,2024-03-02,2025-09-02,MAIN,100,0,2024-04-09,"Yohannan, Kala and Madan"
B004166,PR00940,DER22J340,2023-08-13,2025-02-13,SAT1,100,24,2023-12-27,Kala and Sons
B004167,PR00940,23D3827,2024-12-23,2026-06-23,MAIN,100,93,2025-04-04,Chhabra-Hari
B004168,PR00940,DE22-060,2024-10-19,2027-10-19,MAIN,200,172,2024-12-04,"Amble, Borde and Magar"
B004169,PR00941,IND18381,2024-11-25,2027-11-25,MAIN,500,493,2025-02-27,Batta PLC
B004170,PR00941,IND83454,2024-01-09,2027-01-09,SAT1,500,471,2024-06-08,Mukherjee-Gala
B004171,PR00941,IND53045,2024-04-29,2025-10-29,SAT2,200,183,2024-06-05,Mukherjee-Karan
B004172,PR00941,I3711291,2024-08-29,2026-02-28,MAIN,200,184,2024-11-10,Ravel-Kar
B004173,PR00941,IN25-020,2024-08-23,2026-02-23,SAT2,1000,995,2024-09-30,Srinivasan-Sachdev
B004174,PR00942,AVE22F100,2023-04-23,2025-04-23,SAT1,1000,974,2023-12-15,Bhatnagar-Loyal
B004175,PR00942,AVE54473,2024-09-15,2026-03-15,MAIN,1000,990,2024-12-09,"Bains, Hayre and Apte"
B004176,PR00942,A4194265,2024-09-14,2027-09-14,SAT2,1000,999,2025-04-06,"Behl, Shan and Kari"
B004177,PR00943,INF97314,2024-01-18,2027-01-18,MAIN,200,172,2024-05-17,Sarkar-Patla
B004178,PR00943,IN24-152,2024-05-23,2025-11-23,MAIN,200,184,2024-08-09,"Dube, Ramakrishnan and Bakshi"
B004179,PR00943,INF96765,2023-06-20,2024-12-20,SAT1,200,183,2023-11-08,"Ghosh, Oommen and Golla"
B004180,PR00944,MI24-629,2024-07-12,2026-07-12,MAIN,500,405,2024-12-15,"Sagar, Khalsa and Sinha"
B004181,PR00944,22M3865,2024-05-17,2025-11-17,MAIN,200,30,2024-11-04,"Lalla, Bir and Dhaliwal"
B004182,PR00944,MIT25E281,2023-11-10,2026-11-10,MAIN,200,81,2024-03-29,"Virk, Ramakrishnan and Sanghvi"
B004183,PR00944,25M5260,2024-02-25,2025-08-25,MAIN,100,55,2024-10-06,"Chawla, Chakrabarti and Date"
B004184,PR00945,AER28866,2023-04-17,2026-04-17,SAT1,200,44,2023-12-07,"Dave, Hayre and Ganesan"
B004185,PR00945,AER91146,2024-05-22,2026-05-22,SAT2,100,87,2024-08-23,Lalla Ltd
B004186,PR00945,A1879222,2024-01-10,2026-01-10,SAT1,200,99,2024-06-07,"Ganesan, Naidu and Dutt"
B004187,PR00945,22A5672,2024-07-29,2026-07-29,SAT1,200,145,2024-09-07,Butala-Chokshi
B004188,PR00945,AER23D199,2024-12-08,2026-06-08,SAT2,500,497,2025-03-06,"Suresh, Din and Nath"
B004189,PR00946,KYN27048,2023-10-04,2026-10-04,MAIN,500,472,2024-04-18,"Mohan, Ramesh and Nagar"
B004190,PR00946,KYN18580,2025-04-16,2026-10-16,SAT1,500,495,2025-05-17,Lalla-Mahajan
B004191,PR00946,K5918283,2023-11-05,2025-05-05,MAIN,100,35,2023-12-29,Pradhan-Kala
B004192,PR00947,AG24-627,2024-11-22,2026-05-22,MAIN,500,476,2025-01-19,Prasad Ltd
B004193,PR00947,25A9680,2024-07-02,2027-07-02,SAT2,200,183,2025-02-17,Mammen-Mangat
B004194,PR00947,AG23-091,2024-12-29,2027-12-29,MAIN,500,469,2025-05-15,Choudhary PLC
B004195,PR00948,RE22-848,2024-02-12,2027-02-12,MAIN,100,0,2024-09-15,Walia Ltd
B004196,PR00948,REQ88941,2024-09-21,2026-03-21,MAIN,500,414,2024-11-11,"Oommen, Chada and Kala"
B004197,PR00948,R7270443,2023-07-05,2025-07-05,MAIN,1000,699,2024-01-30,Sengupta-Guha
B004198,PR00948,REQ90775,2023-06-29,2025-06-29,SAT1,200,133,2024-02-08,"Badami, Nigam and Dhawan"
B004199,PR00948,RE23-332,2023-07-21,2025-01-21,SAT2,250,157,2024-02-24,Jhaveri PLC
B004200,PR00949,M7644862,2024-11-02,2027-11-02,MAIN,250,233,2025-01-12,"Zacharia, Chaudhry and Kalita"
B004201,PR00949,M3617944,2023-10-13,2025-10-13,SAT2,100,49,2024-03-17,Sanghvi-Varghese
B004202,PR00949,MIC22F187,2024-08-23,2026-08-23,MAIN,250,154,2024-10-15,Chaudhry-Yadav
B004203,PR00949,MIC16582,2024-09-30,2027-09-30,MAIN,1000,972,2025-05-02,Taneja-Buch
B004204,PR00950,ZEE16685,2024-04-26,2027-04-26,SAT2,250,228,2024-11-16,Raja-Desai
B004205,PR00950,24Z5987,2024-08-23,2026-08-23,MAIN,250,201,2024-12-02,Bala Inc
B004206,PR00950,ZE23-086,2024-09-03,2026-03-03,SAT1,100,88,2025-01-14,Vig-Kohli
B004207,PR00951,SEN22D340,2023-08-28,2025-08-28,MAIN,200,0,2023-12-14,Kibe LLC
B004208,PR00951,S3075207,2023-12-19,2025-06-19,MAIN,500,243,2024-01-23,Bhasin-Chatterjee
B004209,PR00951,S5444413,2023-05-06,2024-11-06,MAIN,1000,720,2023-12-20,Goyal Group
B004210,PR00951,SE23-813,2024-09-20,2026-03-20,MAIN,250,90,2025-03-30,Johal Group
B004211,PR00951,SE25-140,2023-09-06,2025-09-06,SAT2,500,372,2024-03-11,Hayre Inc
B004212,PR00952,AD23-746,2024-12-04,2026-12-04,MAIN,1000,955,2025-04-25,"Subramaniam, Rana and Manne"
B004213,PR00952,AD23-831,2023-04-12,2025-04-12,MAIN,500,277,2023-12-01,Subramanian-Batra
B004214,PR00952,A2781116,2024-09-10,2026-03-10,MAIN,100,75,2025-03-25,"Anne, Sama and Subramanian"
B004215,PR00952,22A8942,2025-02-12,2026-08-12,MAIN,200,200,2025-05-24,Chopra-Khalsa
B004216,PR00952,A4581258,2024-12-05,2026-12-05,MAIN,500,418,2025-03-11,Purohit-Dhawan
B004217,PR00952,23A4245,2024-09-19,2026-09-19,SAT2,1000,982,2025-03-13,"Prakash, Agate and Subramanian"
B004218,PR00953,24G1714,2024-02-02,2026-02-02,SAT1,250,229,2024-07-05,Subramanian-Bhatti
B004219,PR00953,G3482152,2024-09-28,2027-09-28,MAIN,1000,884,2024-12-26,"Saha, Goyal and Chandra"
B004220,PR00953,GEN24K077,2023-06-13,2026-06-13,MAIN,100,0,2023-11-14,Din-Barman
B004221,PR00953,GEN69299,2024-11-03,2026-05-03,MAIN,250,250,2025-04-16,Viswanathan-Varty
B004222,PR00953,G5455410,2023-09-09,2026-09-09,SAT2,100,0,2023-12-08,Bawa-Mistry
B004223,PR00954,UL23-738,2023-09-15,2025-03-15,MAIN,250,110,2024-04-26,Thaker Group
B004224,PR00954,ULT51184,2023-11-02,2026-11-02,MAIN,500,410,2024-05-15,"Kapadia, Basu and Kara"
B004225,PR00954,ULT46038,2024-06-14,2027-06-14,MAIN,250,93,2024-08-14,"Edwin, Ram and Mishra"
B004226,PR00954,UL23-659,2023-03-28,2024-09-28,SAT1,500,440,2023-11-07,"Narasimhan, Rattan and Kunda"
B004227,PR00955,MAN46284,2024-02-18,2025-08-18,MAIN,500,187,2024-04-13,"Sanghvi, Sibal and Misra"
B004228,PR00955,M8355219,2024-07-28,2026-01-28,MAIN,500,454,2025-02-16,Chacko Group
B004229,PR00955,MA22-171,2024-10-05,2026-10-05,SAT2,250,222,2024-11-18,Naidu Ltd
B004230,PR00956,MAC16779,2024-06-03,2026-06-03,MAIN,500,486,2025-01-25,"Kashyap, Bahri and Ram"
B004231,PR00956,M7639598,2025-03-12,2026-09-12,MAIN,250,176,2025-05-04,Bali-Sur
B004232,PR00956,M5430202,2024-07-02,2027-07-02,MAIN,250,226,2024-12-02,"Aurora, Karnik and Misra"
B004233,PR00956,MAC69414,2023-08-29,2025-02-28,SAT1,100,0,2023-12-07,Nayar Ltd
B004234,PR00956,M8430023,2023-09-11,2026-09-11,MAIN,100,0,2024-02-01,Seshadri Ltd
B004235,PR00957,22H1474,2023-10-25,2025-10-25,SAT1,200,129,2023-12-10,Dasgupta PLC
B004236,PR00957,H4127920,2023-08-23,2025-08-23,SAT2,100,12,2024-01-05,Prakash PLC
B004237,PR00957,H2308960,2024-11-10,2026-11-10,MAIN,250,227,2025-02-22,"Chaudhry, Guha and Ranganathan"
B004238,PR00957,H2255143,2025-01-05,2026-07-05,SAT2,250,243,2025-04-22,"Dhar, Raman and Shetty"
B004239,PR00957,HCA61191,2024-08-13,2026-02-13,MAIN,250,106,2024-11-25,Shere LLC
B004240,PR00957,HCA85117,2024-06-19,2026-06-19,MAIN,500,494,2024-12-31,Dalal LLC
B004241,PR00958,WI25-827,2023-11-13,2025-05-13,MAIN,500,354,2024-04-01,Bhavsar PLC
B004242,PR00958,WI23-681,2024-02-16,2026-02-16,SAT1,250,220,2024-09-03,Rao Ltd
B004243,PR00958,WI22-092,2024-03-27,2026-03-27,MAIN,250,158,2024-11-17,Om and Sons
B004244,PR00958,WIL22D070,2023-09-29,2026-09-29,SAT2,200,99,2024-03-24,Aggarwal-Dey
B004245,PR00958,WIL93813,2023-12-26,2026-12-26,MAIN,250,0,2024-05-09,Chowdhury Group
B004246,PR00958,WIL23D381,2024-09-21,2026-09-21,MAIN,200,200,2025-05-13,"Bakshi, Uppal and Shah"
B004247,PR00959,GR22-283,2024-04-24,2026-04-24,MAIN,100,83,2024-10-27,Majumdar-Varkey
B004248,PR00959,GRE84367,2024-07-15,2026-01-15,SAT2,500,451,2025-03-03,Dhaliwal PLC
B004249,PR00959,GRE22H066,2024-11-07,2027-11-07,MAIN,100,97,2025-02-07,Issac LLC
B004250,PR00960,AN25-026,2025-01-19,2028-01-19,MAIN,1000,989,2025-05-29,"Kashyap, Thakur and Misra"
B004251,PR00960,25A7938,2023-09-26,2025-03-26,MAIN,500,231,2024-02-04,Butala Inc
B004252,PR00960,ANV23A294,2024-09-18,2026-09-18,SAT2,500,486,2025-05-01,Pathak-Sen
B004253,PR00960,A8733962,2024-06-21,2027-06-21,MAIN,250,220,2024-12-24,Narain Inc
B004254,PR00961,25C5092,2024-05-22,2027-05-22,MAIN,100,0,2024-07-15,Mukhopadhyay-Nigam
B004255,PR00961,23C8116,2024-04-25,2025-10-25,MAIN,250,78,2024-06-13,Purohit-Kalla
B004256,PR00961,C2995110,2024-12-04,2027-12-04,SAT1,500,495,2025-05-25,"Pai, Das and Bal"
B004257,PR00961,COA22C013,2023-05-27,2026-05-27,MAIN,250,0,2023-12-23,Bumb LLC
B004258,PR00962,SHI9926,2023-07-27,2026-07-27,MAIN,100,0,2023-12-03,Chakrabarti and Sons
B004259,PR00962,SHI23E369,2024-09-06,2026-09-06,SAT2,100,100,2025-01-14,"Konda, Gulati and Chadha"
B004260,PR00962,23S9386,2024-04-01,2027-04-01,MAIN,100,0,2024-07-16,"Narayanan, Pillai and Varghese"
B004261,PR00963,CL24-168,2023-09-18,2026-09-18,MAIN,1000,486,2023-12-11,"Subramaniam, Arora and Kannan"
B004262,PR00963,C2055759,2024-10-08,2026-04-08,SAT1,250,244,2025-02-07,Setty-Chaudhry
B004263,PR00963,CLI27802,2024-10-11,2026-04-11,MAIN,250,199,2024-11-13,Tailor-Bumb
B004264,PR00963,CLI89959,2024-01-14,2025-07-14,SAT2,500,475,2024-06-07,Bala-Handa
B004265,PR00963,CLI23287,2023-03-31,2025-03-31,SAT1,200,170,2023-11-23,Pai Group
B004266,PR00963,CLI22K079,2025-01-25,2027-01-25,SAT2,200,197,2025-03-26,"Seth, Bhandari and Mitter"
B004267,PR00964,ME25-188,2024-08-30,2026-02-28,SAT2,500,475,2025-03-25,Dayal LLC
B004268,PR00964,23M2999,2024-06-30,2027-06-30,MAIN,500,467,2024-10-24,"Raja, Agrawal and Narayan"
B004269,PR00964,25M7958,2023-10-07,2025-04-07,SAT2,250,103,2023-12-05,Ramanathan LLC
B004270,PR00964,ME24-370,2024-07-27,2026-01-27,MAIN,200,144,2025-03-20,"Kata, Nagi and Joshi"
B004271,PR00964,ME22-680,2024-07-14,2026-07-14,MAIN,200,194,2025-01-20,Sem Group
B004272,PR00964,MED22H043,2024-05-26,2026-05-26,MAIN,500,266,2024-07-12,"Lad, D’Alia and Setty"
B004273,PR00965,JO25-474,2023-11-26,2026-11-26,SAT1,1000,913,2024-02-28,Shankar-Shetty
B004274,PR00965,JOL86667,2023-05-22,2024-11-22,SAT1,500,398,2023-12-27,"Sarin, Bhat and Andra"
B004275,PR00965,J6069049,2023-12-20,2026-12-20,SAT1,1000,928,2024-05-23,Mammen-Kapur
B004276,PR00966,22N174,2024-07-04,2026-07-04,SAT2,200,198,2024-12-30,Nair-Sha
B004277,PR00966,24N8090,2024-02-12,2025-08-12,MAIN,500,316,2024-05-24,"Kaul, Buch and Sodhi"
B004278,PR00966,NEO86867,2025-01-16,2027-01-16,SAT1,250,230,2025-04-03,Basu and Sons
B004279,PR00967,MAP23I051,2023-07-17,2026-07-17,SAT1,500,487,2024-01-17,Goel LLC
B004280,PR00967,MAP22G319,2024-09-07,2027-09-07,SAT1,250,230,2025-02-21,"Salvi, Seth and Nath"
B004281,PR00967,MAP41269,2023-10-14,2025-04-14,MAIN,200,0,2024-05-22,Lalla-Oak
B004282,PR00967,M2045912,2024-06-28,2027-06-28,MAIN,500,344,2024-11-12,Acharya LLC
B004283,PR00967,M7315943,2024-03-09,2026-03-09,MAIN,500,214,2024-04-25,"Mand, Walla and Bassi"
B004284,PR00967,MAP2717,2024-08-23,2026-08-23,SAT1,100,99,2025-01-09,"Mitter, Sarna and Kalla"
B004285,PR00968,H2283335,2024-11-30,2026-11-30,MAIN,1000,996,2025-01-14,Chanda LLC
B004286,PR00968,H9677888,2024-03-31,2026-03-31,MAIN,250,232,2024-11-25,Bahri-Om
B004287,PR00968,H8856482,2024-01-09,2025-07-09,MAIN,100,82,2024-09-02,Gaba-Sule
B004288,PR00968,HEA66593,2024-10-22,2027-10-22,SAT1,100,97,2025-02-21,Sha PLC
B004289,PR00968,HE23-829,2024-03-03,2026-03-03,MAIN,250,213,2024-04-03,"Parsa, Mistry and Sood"
B004290,PR00968,H7228203,2024-01-23,2025-07-23,MAIN,100,77,2024-06-27,Dalal-Cheema
B004291,PR00969,GET22H193,2024-07-26,2027-07-26,SAT2,200,196,2025-01-11,Behl Group
B004292,PR00969,GE24-979,2024-01-19,2025-07-19,SAT2,500,487,2024-03-07,"Solanki, Ramanathan and Mohanty"
B004293,PR00969,GET23L343,2025-01-23,2028-01-23,SAT1,500,492,2025-02-28,Pathak-Mann
B004294,PR00969,GET22L251,2023-03-31,2025-03-31,SAT2,100,69,2023-11-22,"Panchal, Sahota and Om"
B004295,PR00970,25M4419,2024-06-22,2026-06-22,MAIN,250,133,2024-09-27,Doctor-Vala
B004296,PR00970,25M6929,2024-07-28,2026-07-28,SAT2,1000,985,2024-11-22,"Shah, Doshi and Ganesan"
B004297,PR00970,MA25-585,2024-07-12,2027-07-12,SAT2,500,440,2024-12-31,Kade-Minhas
B004298,PR00971,S4752478,2024-08-04,2026-08-04,MAIN,100,0,2024-10-19,"Nazareth, Loyal and Bakshi"
B004299,PR00971,22S973,2024-01-15,2027-01-15,SAT2,200,52,2024-05-24,Anne PLC
B004300,PR00971,SA22-434,2023-11-05,2025-05-05,MAIN,100,61,2024-06-15,"Kuruvilla, Rai and Wadhwa"
B004301,PR00972,NIV25F077,2024-01-27,2026-01-27,SAT1,1000,892,2024-03-14,Saha-Apte
B004302,PR00972,NIV39414,2024-10-14,2026-10-14,MAIN,200,168,2025-05-08,Raghavan-Gopal
B004303,PR00972,NIV25B178,2024-06-13,2026-06-13,SAT1,1000,981,2024-10-19,"Reddy, Bir and Kamdar"
B004304,PR00972,23N1383,2024-04-26,2027-04-26,MAIN,1000,905,2024-10-06,"Deo, Rout and Soni"
B004305,PR00972,NIV4722,2023-08-19,2025-02-19,SAT1,500,455,2023-11-04,Savant Group
B004306,PR00973,G2158719,2023-12-31,2025-06-30,MAIN,200,188,2024-08-16,Sarna-Prasad
B004307,PR00973,25G2188,2024-08-19,2026-02-19,SAT2,500,500,2025-03-23,Baria-Jha
B004308,PR00973,GER33915,2023-09-02,2026-09-02,SAT1,500,468,2023-12-30,"Ray, Dhawan and Puri"
B004309,PR00973,G4557170,2024-07-05,2027-07-05,MAIN,1000,984,2024-10-12,Taneja Group
B004310,PR00973,GER24H317,2023-10-14,2025-10-14,MAIN,200,185,2024-05-13,"Gour, Sawhney and Boase"
B004311,PR00974,W5220492,2023-12-20,2025-06-20,MAIN,200,0,2024-03-18,"Chada, Bhakta and Sarma"
B004312,PR00974,25W5786,2023-06-26,2026-06-26,MAIN,500,182,2024-01-15,Parmar Inc
B004313,PR00974,WAL16471,2023-03-30,2024-09-30,MAIN,250,43,2023-11-02,Saini and Sons
B004314,PR00974,WAL36266,2024-02-14,2026-02-14,MAIN,1000,811,2024-03-29,Bali Group
B004315,PR00974,WAL24J383,2024-06-15,2027-06-15,SAT2,100,0,2024-10-16,"Ganesh, Mani and Jaggi"
B004316,PR00975,SA24-631,2023-11-10,2025-11-10,MAIN,250,222,2024-04-24,Kata and Sons
B004317,PR00975,S7084684,2024-09-13,2026-03-13,MAIN,1000,997,2025-05-06,"Khurana, Ben and Dhar"
B004318,PR00975,24S5770,2024-06-17,2025-12-17,MAIN,250,224,2024-08-06,Karpe LLC
B004319,PR00975,SAN20415,2023-11-27,2025-11-27,MAIN,1000,988,2024-07-07,Raghavan-Bajaj
B004320,PR00975,SAN40032,2024-06-16,2027-06-16,MAIN,200,185,2024-08-28,Bala-Purohit
B004321,PR00975,22S8158,2024-06-23,2026-06-23,SAT2,250,240,2024-10-10,"Kuruvilla, Karan and Agate"
B004322,PR00976,CE24-776,2023-08-27,2025-08-27,MAIN,1000,751,2024-03-13,Padmanabhan-De
B004323,PR00976,CE24-769,2023-10-20,2026-10-20,SAT1,100,33,2024-02-22,Om Group
B004324,PR00976,CEN24J216,2024-04-22,2026-04-22,MAIN,1000,881,2024-10-25,"Ramanathan, Naidu and Dey"
B004325,PR00976,C1797365,2024-07-12,2026-07-12,MAIN,250,175,2024-11-12,"Mody, Chana and Deshpande"
B004326,PR00976,CEN24J011,2024-01-12,2026-01-12,SAT2,1000,894,2024-08-23,"Oza, Kibe and Subramaniam"
B004327,PR00976,CE23-170,2024-12-07,2027-12-07,MAIN,250,231,2025-05-13,"Bava, Bali and Raja"
B004328,PR00977,24R9079,2023-12-22,2025-12-22,SAT1,200,103,2024-06-14,Kulkarni-Wali
B004329,PR00977,RES22E055,2023-10-18,2025-04-18,SAT1,500,481,2024-03-15,"Nayar, Mani and Wali"
B004330,PR00977,RE22-508,2024-02-02,2026-02-02,MAIN,250,226,2024-06-13,Oak-Korpal
B004331,PR00978,VH23-117,2023-10-24,2025-10-24,SAT2,500,346,2024-04-01,Dada PLC
B004332,PR00978,24V6456,2024-02-20,2027-02-20,MAIN,100,0,2024-05-07,"Venkatesh, Anne and Kunda"
B004333,PR00978,25V2769,2024-11-05,2026-05-05,MAIN,500,441,2025-02-12,Pathak LLC
B004334,PR00979,A9285499,2025-01-07,2027-01-07,MAIN,100,91,2025-05-21,Dhar-Wagle
B004335,PR00979,ABA75082,2023-08-20,2025-08-20,MAIN,200,151,2023-11-17,Naik and Sons
B004336,PR00979,A8204822,2023-11-05,2025-05-05,MAIN,200,151,2024-04-02,Roy-Mittal
B004337,PR00979,ABA23A191,2023-08-21,2026-08-21,SAT1,200,117,2024-01-25,Patla LLC
B004338,PR00980,L3512112,2024-06-30,2027-06-30,MAIN,500,485,2024-10-05,Srinivasan PLC
B004339,PR00980,LIN23C189,2023-09-10,2025-09-10,MAIN,250,183,2024-02-06,Wagle-Sekhon
B004340,PR00980,LI25-890,2024-05-24,2026-05-24,SAT2,250,241,2024-11-05,"Ranganathan, Bala and Gole"
B004341,PR00980,22L7039,2023-05-30,2025-05-30,MAIN,200,137,2023-11-02,Karnik Ltd
B004342,PR00981,GL24-645,2024-06-20,2026-06-20,MAIN,500,423,2024-11-01,"De, Ganguly and Das"
B004343,PR00981,GL24-265,2023-06-03,2026-06-03,MAIN,1000,681,2023-12-06,Borde Group
B004344,PR00981,G4283735,2023-09-07,2026-09-07,SAT2,1000,901,2024-01-19,Chander PLC
B004345,PR00982,SA22-052,2023-12-01,2025-12-01,MAIN,1000,778,2024-03-26,"Nanda, Rattan and Sachdeva"
B004346,PR00982,SA23-634,2024-05-31,2025-11-30,SAT1,1000,993,2024-12-26,Deep PLC
B004347,PR00982,23S7172,2024-04-11,2026-04-11,MAIN,250,59,2024-09-12,Vohra-Sule
B004348,PR00982,SAL25F370,2023-04-02,2024-10-02,MAIN,200,0,2023-11-02,Venkataraman Group
B004349,PR00982,SA25-552,2024-05-16,2025-11-16,MAIN,1000,893,2024-07-13,Bose LLC
B004350,PR00982,SAL34415,2023-08-18,2025-08-18,MAIN,100,0,2024-02-22,Mukherjee PLC
B004351,PR00983,V5620513,2024-04-25,2026-04-25,SAT2,250,108,2024-06-08,Rege-Ghose
B004352,PR00983,VEE46021,2024-11-18,2026-11-18,MAIN,250,236,2025-01-07,"Chowdhury, Som and Ramanathan"
B004353,PR00983,25V8882,2024-09-12,2026-03-12,MAIN,1000,934,2025-01-02,Mital-Contractor
B004354,PR00984,INT22I240,2024-03-20,2025-09-20,MAIN,250,0,2024-09-03,Anand-Keer
B004355,PR00984,IN22-002,2025-02-10,2027-02-10,MAIN,1000,971,2025-05-07,Goswami PLC
B004356,PR00984,IN22-838,2024-03-14,2025-09-14,SAT2,200,108,2024-10-17,"Toor, Ahuja and Sinha"
B004357,PR00984,INT23B351,2023-10-11,2026-10-11,SAT1,250,181,2024-03-25,Bahl LLC
B004358,PR00985,23M1894,2024-06-15,2026-06-15,SAT1,200,195,2024-08-02,Barman and Sons
B004359,PR00985,22M8656,2024-02-26,2025-08-26,MAIN,200,168,2024-04-26,"Sura, Muni and Nigam"
B004360,PR00985,MO22-983,2024-05-22,2027-05-22,SAT1,250,248,2024-09-08,"Buch, Doctor and Bail"
B004361,PR00985,MOR23B320,2024-03-29,2027-03-29,SAT1,250,243,2024-10-07,Dutta Ltd
B004362,PR00986,24S2014,2024-07-11,2026-01-11,MAIN,500,457,2024-12-01,"Aggarwal, Butala and Suresh"
B004363,PR00986,SKY23E219,2024-08-22,2026-02-22,SAT1,500,493,2024-10-25,Mishra-Peri
B004364,PR00986,22S1368,2024-11-25,2026-05-25,MAIN,100,80,2025-03-17,Bhavsar-Rao
B004365,PR00987,23F4841,2024-11-09,2026-11-09,MAIN,200,84,2025-02-03,Wagle-Tara
B004366,PR00987,24F2505,2024-06-03,2027-06-03,MAIN,250,152,2024-09-11,"Devan, Bir and Bhakta"
B004367,PR00987,FIT79269,2024-02-27,2027-02-27,SAT2,250,71,2024-06-02,Ravi-Sagar
B004368,PR00987,FIT11015,2023-11-29,2025-11-29,MAIN,100,0,2024-06-30,Shukla LLC
B004369,PR00988,EAS55981,2024-09-18,2026-09-18,SAT1,500,500,2025-03-24,"Badami, Chaudhari and Parekh"
B004370,PR00988,EAS24L158,2025-01-23,2026-07-23,SAT2,200,125,2025-04-07,Ravi Ltd
B004371,PR00988,EA25-446,2024-02-06,2026-02-06,SAT1,200,161,2024-07-16,"Sem, Krishnan and Majumdar"
B004372,PR00989,CIS69962,2023-11-13,2026-11-13,SAT2,500,377,2024-06-22,Behl and Sons
B004373,PR00989,CI25-568,2024-04-16,2027-04-16,MAIN,100,15,2024-10-09,"Rao, Bhakta and Srivastava"
B004374,PR00989,22C2379,2024-09-02,2026-09-02,SAT1,1000,999,2025-03-09,"Om, Master and Gulati"
B004375,PR00990,B8560332,2023-09-14,2026-09-14,SAT1,200,190,2024-03-31,Arya PLC
B004376,PR00990,BEE48724,2024-01-11,2025-07-11,MAIN,250,129,2024-07-21,Tripathi-Tak
B004377,PR00990,BEE71335,2024-12-12,2026-06-12,SAT2,200,200,2025-02-22,Khanna Ltd
B004378,PR00990,25B1159,2025-03-21,2028-03-21,MAIN,200,186,2025-05-01,"Kalita, Rao and Warrior"
B004379,PR00990,BEE25J036,2024-05-24,2025-11-24,MAIN,1000,751,2024-06-28,"Anne, Sandhu and Bawa"
B004380,PR00991,LU23-110,2024-01-16,2026-01-16,MAIN,100,0,2024-08-21,Lad LLC
B004381,PR00991,LUP41606,2024-10-11,2026-04-11,MAIN,250,250,2025-04-07,Dube-Karnik
B004382,PR00991,LUP58886,2024-01-08,2025-07-08,SAT1,1000,906,2024-03-28,Rattan Group
B004383,PR00991,L5898275,2024-08-20,2026-08-20,MAIN,200,107,2024-10-20,Loyal Ltd
B004384,PR00991,24L9990,2024-12-02,2027-12-02,MAIN,200,148,2025-02-07,"Wali, Oommen and Tella"
B004385,PR00991,LU25-155,2024-01-14,2025-07-14,MAIN,1000,856,2024-09-06,"Chaudhry, Sharma and Amble"
B004386,PR00992,MA23-591,2024-01-14,2026-01-14,MAIN,250,91,2024-08-22,Patla Inc
B004387,PR00992,24M3417,2024-02-17,2025-08-17,MAIN,100,0,2024-09-03,"Chhabra, Sankaran and Taneja"
B004388,PR00992,M8859813,2024-01-30,2027-01-30,MAIN,100,22,2024-09-07,"Subramanian, Deo and Bala"
B004389,PR00992,MAC24A246,2024-05-05,2027-05-05,MAIN,500,411,2024-07-07,"Dayal, Palla and Borah"
B004390,PR00992,MAC22G310,2023-12-03,2025-06-03,MAIN,200,0,2024-05-03,"De, Batra and Dar"
B004391,PR00992,M3430805,2024-07-22,2027-07-22,SAT1,200,151,2024-10-30,"Dubey, Pandit and Date"
B004392,PR00993,23N6973,2024-10-22,2026-04-22,MAIN,200,85,2024-12-31,Karan Ltd
B004393,PR00993,NEO68841,2023-06-26,2025-06-26,MAIN,500,253,2023-11-29,Sengupta Inc
B004394,PR00993,N5140100,2024-06-12,2026-06-12,MAIN,1000,931,2024-09-11,Hora-Sood
B004395,PR00993,N4175639,2023-06-24,2026-06-24,SAT2,200,0,2024-01-31,"Oak, Tiwari and Edwin"
B004396,PR00994,R5460347,2024-04-16,2026-04-16,SAT2,200,196,2024-11-12,"Chauhan, Oza and Wason"
B004397,PR00994,RA24-650,2024-04-21,2026-04-21,MAIN,200,187,2024-12-15,"Prabhu, Naidu and Dash"
B004398,PR00994,R5516948,2023-07-24,2026-07-24,MAIN,250,197,2024-01-24,Sanghvi and Sons
B004399,PR00994,RAX2513,2024-03-14,2025-09-14,SAT1,250,196,2024-07-14,"Sawhney, Chacko and Mandal"
B004400,PR00994,RAX22F129,2023-11-02,2025-11-02,MAIN,500,468,2024-03-02,"Gala, Bahl and Shukla"
B004401,PR00994,RA22-642,2024-05-17,2026-05-17,MAIN,100,92,2024-08-02,Sharaf-Mittal
B004402,PR00995,REM24I268,2023-12-30,2025-12-30,MAIN,1000,836,2024-05-31,"Choudhry, Mukherjee and Goswami"
B004403,PR00995,REM23A039,2024-11-24,2026-05-24,SAT1,1000,990,2025-02-16,Sibal-Khanna
B004404,PR00995,REM41735,2024-07-10,2027-07-10,MAIN,200,125,2025-01-25,"Sabharwal, Dutt and Rajan"
B004405,PR00995,RE22-403,2023-09-14,2026-09-14,MAIN,500,351,2024-05-05,Pal PLC
B004406,PR00996,CUR7657,2024-08-29,2026-08-29,MAIN,1000,994,2024-12-02,Varughese PLC
B004407,PR00996,CU22-301,2024-06-02,2026-06-02,MAIN,200,185,2024-11-23,Boase and Sons
B004408,PR00996,24C3793,2024-02-23,2025-08-23,SAT2,1000,984,2024-04-12,Singhal-Sengupta
B004409,PR00997,BRO25K284,2024-01-29,2027-01-29,MAIN,100,54,2024-04-11,Saraf Ltd
B004410,PR00997,BR24-346,2023-08-11,2026-08-11,SAT2,1000,977,2023-12-16,Srinivasan-Garg
B004411,PR00997,BR23-336,2024-04-29,2026-04-29,SAT1,250,182,2024-06-21,Mishra-Halder
B004412,PR00998,23B999,2023-12-21,2026-12-21,MAIN,200,0,2024-03-07,"Mohan, Hora and Oommen"
B004413,PR00998,BI22-325,2023-08-28,2025-08-28,SAT2,1000,776,2024-02-10,Shere-Venkataraman
B004414,PR00998,BI25-997,2024-05-09,2026-05-09,SAT2,100,27,2024-11-02,Gala-Puri
B004415,PR00999,DEL48266,2024-12-11,2026-12-11,SAT1,250,250,2025-05-26,Soni-Choudhary
B004416,PR00999,DEL23F171,2025-01-09,2026-07-09,MAIN,1000,995,2025-05-16,Ravi-Mohanty
B004417,PR00999,D1797748,2024-08-01,2026-08-01,MAIN,250,100,2024-09-16,Vasa Ltd
B004418,PR00999,DEL23B071,2024-03-28,2025-09-28,MAIN,1000,832,2024-05-06,"Bassi, Dugar and Batta"
B004419,PR00999,DEL11128,2025-02-15,2027-02-15,SAT1,200,200,2025-04-15,Madan PLC
B004420,PR01000,GIF24I071,2024-07-27,2026-07-27,MAIN,500,486,2025-02-08,"Bahl, Minhas and Dass"
B004421,PR01000,GIF25H136,2023-07-01,2025-07-01,MAIN,200,144,2023-11-12,Sinha-Sahota
B004422,PR01000,GI25-128,2024-04-21,2026-04-21,SAT1,1000,928,2024-06-17,Balasubramanian Ltd
B004423,PR01000,GIF95772,2023-07-29,2026-07-29,SAT2,1000,982,2024-01-31,Mangat Inc
B004424,PR01000,G2809558,2023-11-13,2025-11-13,MAIN,1000,955,2024-06-16,"Bhatti, Saini and Pandya"
B004425,PR01001,24Y115,2023-10-01,2026-10-01,SAT1,1000,947,2024-01-21,Kari-Sridhar
B004426,PR01001,YUV23E080,2023-09-14,2025-03-14,MAIN,100,0,2024-01-14,Datta-Mani
B004427,PR01001,Y7450857,2023-12-31,2025-12-31,MAIN,1000,593,2024-04-15,Ravi Group
B004428,PR01001,YU23-802,2023-06-30,2024-12-30,SAT1,500,448,2023-12-08,"Devi, Dass and Pau"
B004429,PR01001,YUV24J223,2024-05-09,2025-11-09,MAIN,250,28,2024-06-22,Dube-Bali
B004430,PR01001,YUV25E142,2023-10-15,2025-10-15,SAT1,500,405,2024-03-05,Sachar PLC
B004431,PR01002,HEL44596,2024-10-06,2026-10-06,SAT2,1000,994,2024-12-19,Bera PLC
B004432,PR01002,H6570974,2024-01-11,2025-07-11,MAIN,250,222,2024-06-27,Loyal Ltd
B004433,PR01002,23H9075,2024-03-21,2027-03-21,MAIN,100,83,2024-08-04,Chaudhry Ltd
B004434,PR01003,T2868365,2024-08-11,2026-08-11,MAIN,500,481,2025-03-10,Divan-Shukla
B004435,PR01003,TTK25H111,2023-10-31,2025-04-30,MAIN,250,197,2024-03-22,Chopra Ltd
B004436,PR01003,TTK35343,2025-03-31,2026-09-30,SAT2,100,99,2025-04-30,Sharma and Sons
B004437,PR01003,22T8338,2024-05-16,2027-05-16,MAIN,200,187,2024-10-18,Randhawa LLC
B004438,PR01004,24B8404,2024-06-14,2025-12-14,SAT1,500,500,2024-09-20,Kuruvilla Group
B004439,PR01004,BI23-816,2024-01-12,2026-01-12,MAIN,100,0,2024-02-13,Sama-Arya
B004440,PR01004,BI23-607,2024-05-24,2026-05-24,MAIN,1000,981,2024-12-30,Bhatti PLC
B004441,PR01004,BIO8406,2025-01-08,2028-01-08,SAT1,200,200,2025-05-12,Dass-Kapoor
B004442,PR01004,25B8628,2023-08-20,2025-08-20,SAT2,250,107,2024-02-26,Narayan PLC
B004443,PR01005,CAD39252,2024-06-23,2026-06-23,MAIN,100,32,2025-01-06,"Mahajan, Sen and Mohan"
B004444,PR01005,CA22-639,2024-03-27,2026-03-27,MAIN,200,47,2024-05-25,Dugar PLC
B004445,PR01005,CA24-278,2023-09-26,2025-09-26,SAT2,500,340,2024-05-19,"Kibe, Naidu and Sahni"
B004446,PR01005,C2706261,2023-08-21,2025-08-21,MAIN,100,0,2024-01-05,"Sagar, Srivastava and Sood"
B004447,PR01005,CAD55504,2024-06-24,2025-12-24,SAT1,250,223,2024-11-27,Pandit and Sons
B004448,PR01005,C4972753,2024-01-27,2025-07-27,SAT2,100,30,2024-04-10,"Bahri, Ganguly and Ganesan"
B004449,PR01006,GR23-739,2024-07-30,2026-07-30,MAIN,500,489,2025-02-15,Gade-Mitra
B004450,PR01006,GRE22J300,2024-09-30,2026-09-30,MAIN,500,482,2024-12-23,Keer-Rau
B004451,PR01006,GRE23F363,2023-09-26,2025-03-26,MAIN,200,165,2024-03-31,Anne-Basak
B004452,PR01006,GRE94829,2024-12-30,2026-06-30,MAIN,500,494,2025-03-18,"Jain, Dhar and Babu"
B004453,PR01006,G6302279,2023-11-18,2025-11-18,SAT2,100,66,2024-02-27,"Barad, Bhakta and Sankaran"
B004454,PR01006,G3347971,2023-04-03,2025-04-03,MAIN,100,55,2023-11-10,Setty-Ray
B004455,PR01007,DAX12146,2023-11-18,2025-05-18,MAIN,1000,919,2024-05-16,Muni LLC
B004456,PR01007,D2787790,2024-09-29,2026-09-29,MAIN,500,433,2024-11-01,Seth PLC
B004457,PR01007,25D3978,2024-04-16,2027-04-16,SAT2,200,80,2024-05-24,Krish-Nair
B004458,PR01007,DAX22E324,2024-03-30,2027-03-30,SAT1,250,187,2024-08-28,Lad-Ben
B004459,PR01007,DAX63019,2023-11-16,2025-11-16,SAT1,100,0,2024-03-25,"Mander, Goda and Kothari"
B004460,PR01008,TRI25H241,2023-07-17,2025-07-17,MAIN,1000,644,2023-11-30,Rattan PLC
B004461,PR01008,23T3466,2024-01-06,2026-01-06,MAIN,500,424,2024-07-27,Dhawan-Bhat
B004462,PR01008,TR23-398,2024-05-28,2027-05-28,MAIN,200,101,2024-08-31,"Sant, Savant and Patla"
B004463,PR01008,TR22-721,2024-09-09,2027-09-09,MAIN,100,63,2025-03-11,Kar-Hegde
B004464,PR01008,24T4077,2024-06-20,2025-12-20,MAIN,250,235,2025-02-07,Kashyap-Ratta
B004465,PR01009,BIO26860,2024-05-10,2027-05-10,SAT1,250,249,2024-09-08,"Bahl, Malhotra and Nagarajan"
B004466,PR01009,BIO22A123,2024-08-31,2026-08-31,MAIN,1000,831,2024-11-27,Goswami Ltd
B004467,PR01009,B1456100,2024-03-20,2027-03-20,MAIN,100,43,2024-08-14,Ghosh-Varghese
B004468,PR01009,25B3140,2024-04-09,2025-10-09,SAT2,500,497,2024-11-23,Kapadia-Natt
B004469,PR01009,BIO59572,2024-03-21,2027-03-21,MAIN,500,417,2024-09-17,Hora-Kothari
B004470,PR01009,BI23-561,2023-05-13,2025-05-13,MAIN,1000,607,2023-11-19,"Chaudhari, Kant and Koshy"
B004471,PR01010,AIL25H289,2024-07-28,2027-07-28,MAIN,250,234,2024-09-17,Srivastava and Sons
B004472,PR01010,AIL22I127,2024-04-17,2025-10-17,MAIN,200,179,2024-06-10,Oak-Kothari
B004473,PR01010,A5317740,2025-01-03,2027-01-03,SAT2,250,250,2025-05-14,"Joshi, Bedi and Golla"
B004474,PR01011,25E7330,2024-12-20,2026-06-20,MAIN,200,141,2025-03-16,Sampath LLC
B004475,PR01011,25E9582,2024-11-10,2027-11-10,SAT1,100,98,2025-01-06,Gola and Sons
B004476,PR01011,EL22-034,2024-10-01,2026-04-01,SAT1,250,240,2025-01-01,Soni-Kulkarni
B004477,PR01011,22E8639,2024-05-10,2027-05-10,SAT1,500,483,2024-06-16,Yohannan LLC
B004478,PR01011,ELD97058,2024-06-21,2026-06-21,MAIN,500,420,2024-11-20,Shanker and Sons
B004479,PR01011,EL23-013,2023-05-27,2026-05-27,MAIN,500,130,2023-12-28,Khurana and Sons
B004480,PR01012,RIS1692,2024-12-28,2026-12-28,MAIN,500,492,2025-03-24,Basu-Naik
B004481,PR01012,RI23-403,2024-04-05,2026-04-05,MAIN,1000,986,2024-10-04,Ratta Inc
B004482,PR01012,RI22-284,2023-07-24,2025-07-24,MAIN,200,156,2024-02-18,Kothari and Sons
B004483,PR01012,RIS81215,2024-02-11,2026-02-11,MAIN,1000,988,2024-10-07,Char-Balakrishnan
B004484,PR01013,AJA42640,2024-06-29,2025-12-29,MAIN,500,474,2024-10-11,Chakraborty-Pau
B004485,PR01013,AJA29146,2024-06-29,2026-06-29,SAT1,250,225,2025-01-11,Nair-Warrior
B004486,PR01013,AJA25E358,2023-08-31,2026-08-31,MAIN,1000,956,2024-03-05,Bhagat-Loke
B004487,PR01013,A4873074,2023-10-20,2026-10-20,MAIN,250,209,2024-06-01,"Ben, Mahajan and Doshi"
B004488,PR01014,SUN22I241,2024-02-15,2026-02-15,MAIN,200,106,2024-08-16,Mistry LLC
B004489,PR01014,SUN22B276,2023-11-10,2025-11-10,MAIN,250,0,2024-03-02,Mody-Bobal
B004490,PR01014,22S7194,2024-11-09,2026-11-09,SAT2,100,78,2025-03-16,Dugar LLC
B004491,PR01014,23S3629,2024-08-19,2026-08-19,SAT1,100,94,2024-12-26,Chahal-Deep
B004492,PR01014,S7761336,2023-08-31,2026-08-31,MAIN,1000,815,2024-03-11,Kaul-Uppal
B004493,PR01015,23M6916,2023-07-10,2025-01-10,SAT1,250,185,2023-12-15,Sunder PLC
B004494,PR01015,MAX99759,2024-07-22,2026-07-22,SAT1,100,76,2024-12-25,Chand and Sons
B004495,PR01015,23M1142,2024-07-23,2026-01-23,MAIN,200,0,2024-10-05,"Pai, Bail and Palla"
B004496,PR01016,MIC42318,2024-08-29,2026-08-29,SAT2,500,499,2025-03-22,"Kapoor, Mukherjee and Kumar"
B004497,PR01016,22M5624,2024-11-11,2026-11-11,SAT1,500,488,2025-04-14,Singhal Inc
B004498,PR01016,22M6383,2024-03-19,2026-03-19,MAIN,200,180,2024-07-13,Tank-Murthy
B004499,PR01016,23M6724,2024-10-12,2026-04-12,MAIN,250,247,2025-01-05,Taneja-Dara
B004500,PR01016,M5722835,2024-08-11,2027-08-11,MAIN,500,479,2024-10-30,Sankaran-Kashyap
B004501,PR01016,MIC22L362,2024-03-21,2027-03-21,SAT2,250,244,2024-09-13,Varma Ltd
B004502,PR01017,AN24-653,2025-03-05,2027-03-05,MAIN,500,494,2025-05-14,"Deep, Mall and Rout"
B004503,PR01017,22A9765,2024-03-15,2026-03-15,SAT2,500,481,2024-06-09,Badal Group
B004504,PR01017,AN25-698,2023-11-21,2026-11-21,SAT2,100,73,2024-03-09,Roy and Sons
B004505,PR01017,ANK22A319,2024-07-16,2026-07-16,MAIN,250,228,2024-11-08,Yadav Ltd
B004506,PR01017,ANK26085,2023-05-30,2025-05-30,MAIN,100,48,2023-11-20,Sankaran-Khanna
B004507,PR01018,24W5243,2024-07-10,2027-07-10,MAIN,250,225,2024-08-18,Deep-Andra
B004508,PR01018,WOC29179,2024-04-17,2026-04-17,MAIN,1000,987,2024-10-05,Shanker Group
B004509,PR01018,23W2155,2024-03-03,2027-03-03,MAIN,200,180,2024-09-26,Munshi Inc
B004510,PR01018,WOC25C396,2024-12-04,2026-06-04,MAIN,500,486,2025-01-17,Dube-Bhakta
B004511,PR01019,25K3049,2024-02-21,2027-02-21,SAT2,1000,792,2024-04-16,Rajan-Tella
B004512,PR01019,KAN88451,2023-12-10,2026-12-10,SAT2,100,26,2024-07-27,Salvi-Sehgal
B004513,PR01019,22K6860,2024-12-29,2026-06-29,SAT2,1000,967,2025-05-28,Brahmbhatt-Mohan
B004514,PR01019,K5595467,2024-02-06,2027-02-06,MAIN,500,193,2024-04-15,Kale Ltd
B004515,PR01019,KAN23L229,2023-10-25,2025-04-25,SAT2,250,189,2024-01-26,Bajwa-Tiwari
B004516,PR01019,K8158468,2023-10-10,2025-10-10,SAT2,500,365,2024-03-21,Barad Inc
B004517,PR01020,W6137358,2023-10-03,2026-10-03,MAIN,250,84,2024-05-07,Brar LLC
B004518,PR01020,W5957305,2023-11-23,2025-05-23,SAT2,250,230,2024-07-13,Char-Bedi
B004519,PR01020,W2190998,2024-04-27,2026-04-27,MAIN,1000,958,2024-11-06,"Kalita, Dixit and Sunder"
B004520,PR01020,W5265642,2024-12-04,2027-12-04,MAIN,500,423,2025-01-10,"Vohra, Tella and Chaudhari"
B004521,PR01021,KO22-487,2023-11-23,2026-11-23,SAT1,200,43,2024-03-01,"Johal, Barad and Mand"
B004522,PR01021,KOY23708,2023-07-21,2026-07-21,MAIN,500,167,2024-01-25,Contractor-Raju
B004523,PR01021,25K2787,2023-08-01,2025-02-01,SAT2,200,104,2024-01-24,Virk Inc
B004524,PR01021,25K7898,2024-11-02,2026-05-02,MAIN,100,0,2025-01-25,Trivedi-Solanki
B004525,PR01021,KOY22L079,2023-12-08,2025-06-08,MAIN,1000,933,2024-07-16,"Wason, Pandey and Chakrabarti"
B004526,PR01022,IND36559,2023-10-06,2025-04-06,MAIN,250,190,2024-01-15,"Pandit, Salvi and Bath"
B004527,PR01022,I7311345,2024-04-25,2025-10-25,SAT1,500,491,2024-10-29,Banik-Raj
B004528,PR01022,25I8546,2024-07-30,2026-07-30,MAIN,250,235,2024-12-09,Ratta-Yadav
B004529,PR01023,NE25-096,2024-02-19,2027-02-19,MAIN,1000,957,2024-04-02,Rai Group
B004530,PR01023,24N1950,2023-11-15,2025-11-15,MAIN,100,67,2024-05-12,Viswanathan Inc
B004531,PR01023,23N9743,2024-07-12,2027-07-12,MAIN,250,239,2024-11-08,Srinivas and Sons
B004532,PR01023,NEO25A168,2024-05-21,2025-11-21,SAT1,1000,995,2024-10-13,"Sura, Dugar and Agarwal"
B004533,PR01024,OS25-543,2024-04-16,2026-04-16,MAIN,250,37,2024-08-14,"Choudhury, Mannan and Sem"
B004534,PR01024,O1406642,2023-11-16,2025-11-16,MAIN,100,0,2024-04-20,Hans Group
B004535,PR01024,OSW23L113,2024-12-14,2027-12-14,SAT1,200,200,2025-04-08,Pandey Group
B004536,PR01024,OSW25H256,2024-11-01,2026-11-01,MAIN,200,183,2025-05-21,Badami-Shukla
B004537,PR01024,OS24-991,2024-10-31,2027-10-31,MAIN,1000,947,2025-01-22,"Kapoor, Balakrishnan and Walla"
B004538,PR01025,SY24-953,2023-07-16,2026-07-16,SAT1,500,434,2024-01-19,Bawa Group
B004539,PR01025,25S5296,2024-08-27,2026-02-27,MAIN,200,130,2025-04-13,"Sawhney, Venkatesh and Prabhu"
B004540,PR01025,SYS25I138,2024-08-29,2027-08-29,MAIN,200,194,2024-12-09,Kumer LLC
B004541,PR01026,MAX90611,2024-07-28,2027-07-28,MAIN,250,205,2024-11-18,Jayaraman-Sabharwal
B004542,PR01026,MAX25K005,2024-01-07,2026-01-07,MAIN,500,218,2024-04-21,Buch-Lad
B004543,PR01026,24M6549,2024-08-21,2026-02-21,MAIN,500,302,2024-10-02,Srivastava-Lall
B004544,PR01026,MAX24D179,2024-05-14,2025-11-14,MAIN,500,290,2024-07-20,"Banik, Saran and Raghavan"
B004545,PR01026,M2556500,2023-08-27,2025-08-27,MAIN,1000,681,2024-02-11,"Varma, Sahni and Sengupta"
B004546,PR01027,23B6731,2023-09-12,2025-03-12,SAT1,500,476,2023-11-30,Biswas-Nazareth
B004547,PR01027,BI24-949,2025-01-24,2027-01-24,MAIN,200,193,2025-05-01,Chaudhuri-Chad
B004548,PR01027,BIS22H262,2024-09-25,2026-03-25,SAT1,250,250,2025-03-03,Modi-Pandya
B004549,PR01027,BIS94639,2024-03-13,2025-09-13,MAIN,200,135,2024-10-17,Bath-Panchal
B004550,PR01028,ALP22D296,2024-03-01,2025-09-01,SAT2,1000,815,2024-04-18,"Pau, Ratti and Johal"
B004551,PR01028,A1083256,2024-04-09,2025-10-09,SAT1,100,87,2024-05-21,Kothari-Chakraborty
B004552,PR01028,23A897,2023-09-28,2025-09-28,SAT1,250,139,2024-04-28,"Bava, Sarna and Kadakia"
B004553,PR01029,CA23-437,2024-10-08,2026-04-08,SAT1,100,100,2025-05-08,"Din, Babu and Bali"
B004554,PR01029,22C4408,2024-03-10,2027-03-10,MAIN,200,0,2024-04-26,Palla PLC
B004555,PR01029,CAL23K138,2023-09-18,2026-09-18,SAT1,250,117,2024-01-26,Sangha-Narula
B004556,PR01029,CA23-681,2024-04-09,2027-04-09,MAIN,1000,948,2024-09-06,Khatri Group
B004557,PR01029,CAL39826,2023-11-16,2025-05-16,SAT2,1000,876,2023-12-26,"Sood, Subramaniam and Khurana"
B004558,PR01029,C1198842,2024-03-20,2026-03-20,MAIN,200,0,2024-06-09,Iyengar Inc
B004559,PR01030,IC24-021,2024-02-06,2027-02-06,MAIN,500,294,2024-03-07,Tandon-Srivastava
B004560,PR01030,22I3031,2023-11-12,2025-05-12,MAIN,1000,680,2024-04-09,Dyal Group
B004561,PR01030,ICO23F264,2023-10-10,2026-10-10,MAIN,200,0,2024-04-02,Prabhu LLC
B004562,PR01030,IC24-168,2023-07-30,2025-01-30,MAIN,200,0,2024-02-20,"Srivastava, Dube and Arora"
B004563,PR01030,ICO25E259,2023-11-19,2025-11-19,SAT1,250,163,2024-01-19,Dhawan LLC
B004564,PR01030,I4570711,2025-02-08,2028-02-08,MAIN,1000,965,2025-04-21,"Bhandari, Devi and Prasad"
B004565,PR01031,SU22-969,2024-08-24,2026-02-24,MAIN,100,0,2024-10-20,Nazareth-Nagi
B004566,PR01031,24S9468,2024-12-20,2026-12-20,SAT1,100,70,2025-04-04,Bhardwaj LLC
B004567,PR01031,25S3290,2024-01-02,2027-01-02,SAT1,500,483,2024-08-07,Balay-Tripathi
B004568,PR01031,25S6621,2025-02-16,2028-02-16,MAIN,500,483,2025-04-22,"Bansal, Joshi and Tandon"
B004569,PR01031,SUN25K398,2024-02-03,2025-08-03,SAT2,250,167,2024-04-11,Shanker-Khalsa
B004570,PR01031,S2467167,2023-10-26,2025-10-26,SAT1,200,163,2024-06-03,"Uppal, Sridhar and Deshmukh"
B004571,PR01032,LIN36721,2024-10-03,2027-10-03,SAT1,250,242,2025-05-17,Purohit-Chatterjee
B004572,PR01032,LI24-495,2023-08-23,2025-08-23,MAIN,500,430,2023-11-08,Kala-Arya
B004573,PR01032,23L1014,2024-05-10,2025-11-10,SAT1,1000,928,2024-07-26,Manda and Sons
B004574,PR01032,LIN4826,2024-03-20,2026-03-20,MAIN,500,486,2024-10-31,"Kannan, Bhargava and Bala"
B004575,PR01033,JK23-360,2023-07-24,2026-07-24,MAIN,100,0,2024-01-28,Buch LLC
B004576,PR01033,JKI38926,2024-06-13,2027-06-13,MAIN,1000,954,2025-01-08,Munshi and Sons
B004577,PR01033,JKI23F039,2023-10-29,2025-04-29,MAIN,1000,859,2024-02-11,"Mohanty, Kara and Badami"
B004578,PR01033,JK23-807,2024-12-16,2026-06-16,SAT2,100,98,2025-02-13,Mall-Cherian
B004579,PR01033,22J8110,2024-01-05,2025-07-05,SAT2,1000,970,2024-08-21,Sachar-Murthy
B004580,PR01033,23J2102,2024-05-16,2025-11-16,MAIN,1000,907,2024-08-16,Sachdev-Ram
B004581,PR01034,AA22-531,2024-04-28,2027-04-28,SAT1,250,182,2024-08-23,Vala PLC
B004582,PR01034,AAN22B316,2024-11-12,2027-11-12,MAIN,1000,995,2025-05-11,Hayer-Parmer
B004583,PR01034,A6642406,2023-12-31,2025-12-31,MAIN,500,397,2024-05-11,Vig PLC
B004584,PR01034,22A3623,2024-01-09,2027-01-09,MAIN,250,43,2024-06-24,Dugar-Dhillon
B004585,PR01034,A9916067,2024-06-02,2027-06-02,MAIN,200,113,2024-10-03,Dubey-Sethi
B004586,PR01034,A8156156,2024-11-22,2026-05-22,MAIN,250,250,2025-03-04,Raval-Bhalla
B004587,PR01035,23M6164,2023-08-20,2026-08-20,MAIN,250,187,2023-12-26,Gandhi and Sons
B004588,PR01035,24M137,2024-12-10,2027-12-10,SAT2,250,247,2025-05-08,Barad and Sons
B004589,PR01035,MA25-556,2023-12-25,2025-12-25,MAIN,250,208,2024-05-17,Mangat Inc
B004590,PR01035,MA23-342,2023-11-25,2025-11-25,MAIN,250,234,2024-07-04,Raja-Sidhu
B004591,PR01035,24M6604,2024-04-11,2025-10-11,SAT1,100,54,2024-09-11,Chaudry-Gour
B004592,PR01035,MAR25F211,2023-07-07,2025-01-07,SAT1,250,102,2023-12-22,Brar-Pillay
B004593,PR01036,LO25-613,2024-06-25,2027-06-25,MAIN,1000,991,2024-11-14,"Bassi, Lala and Chaudry"
B004594,PR01036,LOU23F274,2024-08-31,2026-08-31,MAIN,500,488,2025-02-17,"Gandhi, Tripathi and Arora"
B004595,PR01036,LO23-820,2024-07-09,2027-07-09,MAIN,200,193,2025-01-23,Boase-Sachar
B004596,PR01036,LOU24B334,2024-04-27,2027-04-27,SAT2,200,190,2024-12-16,Sankar-Bassi
B004597,PR01036,24L6777,2023-09-08,2025-03-08,SAT2,500,476,2024-01-16,"Contractor, Gole and Kalla"
B004598,PR01037,KRI23H261,2024-07-24,2026-07-24,MAIN,1000,978,2024-10-18,"Datta, Sura and Vyas"
B004599,PR01037,23K8883,2024-09-04,2026-03-04,MAIN,100,95,2025-03-03,"Memon, Majumdar and Sunder"
B004600,PR01037,KRI13572,2023-09-03,2025-03-03,SAT2,200,183,2024-01-28,"Bandi, Raj and Hari"
B004601,PR01038,RAY24L091,2025-03-15,2028-03-15,SAT1,500,479,2025-04-14,Butala-Narain
B004602,PR01038,RA25-368,2024-12-13,2027-12-13,MAIN,250,235,2025-03-13,Som Group
B004603,PR01038,RAY69372,2024-11-11,2026-11-11,SAT2,250,201,2024-12-14,"Naidu, Manda and Mitter"
B004604,PR01038,RAY22D121,2024-10-24,2026-10-24,SAT1,250,243,2025-03-02,Dugal-Aurora
B004605,PR01038,RAY25J358,2023-04-17,2026-04-17,SAT1,1000,919,2023-12-08,Dutta LLC
B004606,PR01038,RAY50723,2024-03-29,2025-09-29,MAIN,250,119,2024-05-17,"Dixit, Krishnamurthy and Yadav"
B004607,PR01039,K1970904,2023-10-06,2026-10-06,MAIN,100,0,2024-05-08,"Ramaswamy, Halder and Bobal"
B004608,PR01039,KHA28086,2024-08-22,2027-08-22,SAT1,100,100,2024-12-04,Shenoy and Sons
B004609,PR01039,K7285271,2024-03-30,2025-09-30,MAIN,250,157,2024-10-29,Bose-Mital
B004610,PR01039,24K8604,2024-07-11,2026-01-11,MAIN,500,332,2024-09-05,Barman-Kara
B004611,PR01039,KHA24K017,2024-12-09,2026-06-09,SAT2,100,95,2025-04-08,Choudhary PLC
B004612,PR01039,K9084224,2024-11-17,2027-11-17,MAIN,200,0,2025-02-01,Dua Group
B004613,PR01040,OPT23L073,2024-06-28,2025-12-28,SAT2,200,190,2024-09-09,"Rai, Dara and Lall"
B004614,PR01040,23O870,2024-01-26,2025-07-26,SAT2,100,88,2024-07-13,Kothari Ltd
B004615,PR01040,OPT29577,2024-06-11,2025-12-11,MAIN,500,480,2024-08-01,"Rege, Ahuja and Rajagopal"
B004616,PR01040,OPT23F268,2023-12-29,2025-12-29,SAT2,1000,991,2024-08-16,Bakshi LLC
B004617,PR01041,OS24-590,2023-12-19,2026-12-19,MAIN,500,350,2024-06-10,Chanda-Thaker
B004618,PR01041,24O6580,2024-02-04,2027-02-04,MAIN,250,172,2024-07-17,"Dash, Chaudry and Dass"
B004619,PR01041,OSW10586,2024-01-20,2025-07-20,SAT2,100,41,2024-05-30,"Murty, Radhakrishnan and Dhar"
B004620,PR01041,23O8721,2024-03-10,2025-09-10,SAT2,200,151,2024-09-04,Sunder-Rout
B004621,PR01042,ABB52679,2024-08-08,2027-08-08,SAT1,500,410,2024-12-26,"Kakar, Mann and Bhatnagar"
B004622,PR01042,AB22-894,2024-08-07,2026-02-07,MAIN,200,166,2025-03-04,Kannan LLC
B004623,PR01042,A7443996,2024-09-02,2026-03-02,MAIN,1000,953,2024-11-24,Mand Inc
B004624,PR01042,AB24-642,2023-11-13,2026-11-13,SAT1,250,96,2024-01-20,Boase PLC
B004625,PR01043,24U2807,2023-08-15,2026-08-15,MAIN,500,478,2024-03-09,Choudhry PLC
B004626,PR01043,UNI59301,2024-11-17,2026-11-17,MAIN,200,187,2024-12-21,"Chawla, Muni and Andra"
B004627,PR01043,UNI60774,2024-12-12,2026-06-12,SAT1,500,491,2025-02-09,Chada-Kata
B004628,PR01043,U4571469,2024-06-16,2026-06-16,MAIN,200,194,2024-12-29,Murty Ltd
B004629,PR01044,C6137873,2024-11-27,2027-11-27,SAT1,100,74,2025-02-23,Saxena PLC
B004630,PR01044,CER25I017,2024-02-17,2025-08-17,SAT1,1000,883,2024-08-29,"Agate, Mukherjee and Muni"
B004631,PR01044,C1972555,2024-09-02,2027-09-02,MAIN,500,453,2025-02-22,Barad-Thakkar
B004632,PR01045,CA24-076,2023-10-24,2026-10-24,SAT1,200,150,2024-02-16,Sachdeva-Agarwal
B004633,PR01045,C5627637,2024-06-25,2027-06-25,MAIN,100,0,2024-08-20,"Maharaj, Batta and Raju"
B004634,PR01045,CA24-912,2024-10-01,2026-04-01,SAT1,100,79,2025-01-02,Chaudhry-Minhas
B004635,PR01046,24F2433,2024-06-28,2027-06-28,MAIN,1000,993,2025-01-15,"Thakur, Shanker and Vyas"
B004636,PR01046,FLA29446,2024-12-28,2026-12-28,MAIN,500,497,2025-02-19,Biswas Inc
B004637,PR01046,FLA53438,2024-11-13,2027-11-13,MAIN,100,99,2025-05-22,Cheema LLC
B004638,PR01047,MED52900,2024-06-17,2026-06-17,MAIN,250,202,2025-02-03,Ramakrishnan-Magar
B004639,PR01047,M2576432,2024-07-20,2026-07-20,MAIN,1000,895,2024-11-28,Som-Dass
B004640,PR01047,MED38068,2024-11-17,2026-05-17,SAT2,1000,934,2025-03-22,Shankar LLC
B004641,PR01047,M9707066,2023-09-30,2025-03-30,MAIN,200,113,2024-05-20,"Sodhi, Luthra and Bhagat"
B004642,PR01047,23M4355,2023-09-13,2025-09-13,MAIN,100,0,2023-11-12,Loyal-Bala
B004643,PR01047,23M753,2025-01-17,2028-01-17,SAT1,250,250,2025-02-18,Kala Group
B004644,PR01048,CIP25C294,2024-01-19,2025-07-19,SAT2,500,489,2024-03-07,Kuruvilla-Vohra
B004645,PR01048,23C3815,2023-10-04,2025-10-04,MAIN,1000,961,2024-05-19,Aggarwal-Karpe
B004646,PR01048,CI24-927,2024-10-05,2027-10-05,MAIN,100,100,2025-05-03,Chhabra Ltd
B004647,PR01048,CIP22A060,2024-11-29,2026-11-29,MAIN,1000,998,2025-05-16,Ramaswamy Ltd
B004648,PR01048,22C6847,2023-08-03,2025-08-03,MAIN,500,414,2023-11-12,"Mani, Chakraborty and Grewal"
B004649,PR01049,A1870495,2024-12-31,2026-06-30,SAT1,100,99,2025-04-10,"Ravel, Mital and Bobal"
B004650,PR01049,AMO24H305,2023-11-22,2026-11-22,MAIN,200,168,2024-06-10,Rajan Inc
B004651,PR01049,AMO3940,2024-05-01,2025-11-01,MAIN,100,74,2024-06-13,Ganesh Group
B004652,PR01049,A6804962,2024-03-14,2027-03-14,MAIN,500,478,2024-10-13,Panchal-Kaur
B004653,PR01050,24G5435,2025-02-17,2026-08-17,MAIN,500,485,2025-05-21,Bath LLC
B004654,PR01050,GA22-807,2024-03-31,2026-03-31,SAT1,200,190,2024-09-25,Ranganathan-Khurana
B004655,PR01050,G5811978,2023-12-11,2025-12-11,SAT2,1000,784,2024-02-07,Bansal Inc
B004656,PR01051,NO23-697,2023-05-14,2025-05-14,MAIN,500,434,2024-01-01,Walla PLC
B004657,PR01051,22N9972,2024-10-03,2026-04-03,MAIN,200,187,2025-01-26,Natarajan-Merchant
B004658,PR01051,NOV24D062,2025-02-09,2028-02-09,SAT1,250,242,2025-05-16,Chandra-Gandhi
B004659,PR01051,NO23-983,2023-03-27,2026-03-27,MAIN,1000,938,2023-11-17,Kara-Randhawa
B004660,PR01051,NOV96602,2024-10-25,2027-10-25,SAT1,1000,965,2024-11-29,Rama LLC
B004661,PR01052,E4260112,2024-07-12,2026-01-12,SAT1,100,77,2024-11-08,Bhat LLC
B004662,PR01052,EDY22I303,2023-06-24,2025-06-24,MAIN,100,0,2023-11-28,Mannan-Verma
B004663,PR01052,EDY24880,2024-01-09,2026-01-09,SAT2,1000,917,2024-07-19,Shetty-Mital
B004664,PR01052,ED25-843,2024-10-12,2027-10-12,MAIN,100,77,2024-12-23,"Radhakrishnan, Venkataraman and Magar"
B004665,PR01052,22E1600,2024-02-08,2026-02-08,MAIN,200,93,2024-09-08,"Krishnan, Varughese and Boase"
B004666,PR01052,ED24-009,2024-02-23,2025-08-23,MAIN,250,5,2024-04-18,Arora-Koshy
B004667,PR01053,PIN61365,2024-06-12,2027-06-12,MAIN,250,84,2024-10-30,Chhabra-Bakshi
B004668,PR01053,24P4824,2024-01-22,2025-07-22,SAT1,200,182,2024-07-14,Shah Group
B004669,PR01053,PIN15145,2024-02-04,2025-08-04,MAIN,200,0,2024-04-09,Bora Group
B004670,PR01053,P1517656,2024-03-07,2025-09-07,MAIN,200,0,2024-05-24,Kapadia-Srivastava
B004671,PR01053,22P1913,2024-01-19,2027-01-19,SAT2,500,321,2024-06-06,Mukherjee-Hora
B004672,PR01053,PIN25F035,2024-03-16,2025-09-16,SAT1,200,195,2024-07-24,Bansal Group
B004673,PR01054,ADO59922,2024-10-20,2026-04-20,MAIN,1000,980,2024-12-19,"Chauhan, Choudhry and Borah"
B004674,PR01054,ADO65027,2023-04-01,2026-04-01,MAIN,250,0,2023-11-16,Chhabra-Sampath
B004675,PR01054,AD25-802,2023-07-29,2026-07-29,MAIN,500,262,2024-02-29,Bansal LLC
B004676,PR01055,M6365350,2024-10-27,2027-10-27,SAT1,100,100,2025-03-06,"Bajwa, Garde and Chander"
B004677,PR01055,MAN25H183,2024-07-25,2027-07-25,SAT1,200,200,2024-10-13,Mangat-Memon
B004678,PR01055,22M9346,2023-12-31,2025-12-31,MAIN,250,0,2024-03-18,Parikh LLC
B004679,PR01055,M8902057,2024-12-14,2026-12-14,MAIN,200,196,2025-01-14,"Sampath, Sem and Mammen"
B004680,PR01056,ALE97564,2024-09-27,2026-03-27,SAT2,100,100,2025-01-22,Kata and Sons
B004681,PR01056,A4505004,2024-02-13,2025-08-13,MAIN,500,399,2024-09-09,"Venkataraman, Mitter and Ray"
B004682,PR01056,23A8368,2024-09-28,2026-03-28,SAT1,250,249,2024-11-14,"Oommen, Prasad and Edwin"
B004683,PR01057,Z2327634,2024-11-15,2026-05-15,SAT2,1000,1000,2025-02-23,Chopra Group
B004684,PR01057,Z7684016,2024-06-18,2025-12-18,SAT2,1000,961,2024-10-02,"Bala, Kakar and Kaur"
B004685,PR01057,ZYD14915,2024-05-19,2027-05-19,MAIN,100,0,2024-12-08,Kohli-Agarwal
B004686,PR01057,Z8210039,2024-01-06,2026-01-06,SAT1,200,195,2024-04-25,Mukhopadhyay PLC
B004687,PR01057,ZYD10671,2024-05-30,2026-05-30,MAIN,100,0,2024-11-07,"Gole, Rajagopalan and Raval"
B004688,PR01057,ZYD75328,2023-11-11,2025-05-11,SAT1,200,129,2024-05-01,Kala-Raju
B004689,PR01058,N5491877,2024-08-04,2026-02-04,MAIN,250,183,2025-01-28,"Choudhury, Sridhar and Shan"
B004690,PR01058,NE24-881,2023-12-10,2026-12-10,MAIN,100,0,2024-03-01,Chawla Group
B004691,PR01058,23N2749,2024-03-10,2027-03-10,SAT1,1000,963,2024-05-31,Mitter Group
B004692,PR01058,NEX3694,2024-02-12,2025-08-12,MAIN,500,458,2024-08-04,"Dubey, Mahajan and Toor"
B004693,PR01058,22N4049,2024-02-01,2025-08-01,SAT2,200,109,2024-03-13,Doshi-Hayre
B004694,PR01058,N9952805,2023-12-03,2026-12-03,MAIN,200,37,2024-01-14,"Palla, Vora and Puri"
B004695,PR01059,ME23-277,2024-07-28,2027-07-28,SAT2,500,490,2024-12-16,Kohli-Dube
B004696,PR01059,MED24F301,2023-07-24,2025-01-24,SAT2,250,225,2023-12-20,Rama-Setty
B004697,PR01059,ME23-631,2025-02-09,2028-02-09,MAIN,200,198,2025-04-12,"Chanda, Lal and Brar"
B004698,PR01060,REL24F236,2025-01-29,2027-01-29,MAIN,1000,901,2025-05-08,Mahal PLC
B004699,PR01060,25R9645,2024-10-01,2026-04-01,SAT1,200,194,2025-01-27,Dash Group
B004700,PR01060,REL87297,2024-09-29,2026-09-29,MAIN,100,85,2025-05-09,"Ramakrishnan, Sarraf and Bandi"
B004701,PR01061,M9394150,2023-07-19,2026-07-19,SAT1,1000,835,2023-11-16,Ahuja-Pau
B004702,PR01061,MED25G007,2024-05-02,2026-05-02,SAT2,250,236,2024-08-12,Chaudhuri-Sridhar
B004703,PR01061,MED25C166,2024-11-22,2026-05-22,MAIN,250,248,2025-01-02,Nagarajan Group
B004704,PR01061,MED48324,2023-05-26,2024-11-26,SAT2,1000,974,2024-01-01,"Dass, Dani and Dara"
B004705,PR01061,MED22K229,2023-12-31,2026-12-31,SAT2,250,244,2024-06-06,Deshpande-Nori
B004706,PR01062,SU25-676,2024-12-04,2026-06-04,MAIN,1000,973,2025-05-17,Ramaswamy Ltd
B004707,PR01062,S2822451,2023-07-31,2026-07-31,MAIN,500,50,2023-12-20,"Guha, Prabhakar and Lall"
B004708,PR01062,SU25-822,2024-12-16,2027-12-16,SAT2,250,231,2025-03-22,Mittal-Rattan
B004709,PR01063,B6632373,2023-05-28,2024-11-28,SAT1,500,378,2023-12-14,Warrior Ltd
B004710,PR01063,BRD22C347,2023-12-02,2025-06-02,SAT1,250,198,2024-07-10,"Sem, Aurora and Chaudry"
B004711,PR01063,23B6414,2025-01-12,2026-07-12,MAIN,250,243,2025-03-11,Narang-Patel
B004712,PR01063,BRD24I225,2024-09-09,2027-09-09,SAT1,1000,987,2025-03-16,Ahluwalia-Kashyap
B004713,PR01063,BRD24H202,2024-10-06,2026-04-06,MAIN,1000,990,2025-03-04,"Khanna, Krishna and Deo"
B004714,PR01064,C4217524,2024-01-05,2026-01-05,MAIN,500,482,2024-08-30,Chaudhary-Zachariah
B004715,PR01064,CIP80920,2024-06-13,2027-06-13,SAT1,250,220,2024-12-25,Rao-Dora
B004716,PR01064,CIP25J113,2024-04-24,2027-04-24,MAIN,200,185,2024-09-27,Nagy-Date
B004717,PR01064,CIP25G181,2024-01-10,2026-01-10,MAIN,250,230,2024-05-28,"Bhakta, Narayan and Bajwa"
B004718,PR01064,C6458993,2023-08-09,2025-02-09,MAIN,200,164,2024-01-08,"Ghose, Ramachandran and Bera"
B004719,PR01064,CI25-614,2024-10-28,2026-04-28,MAIN,250,239,2025-03-07,Bava Ltd
B004720,PR01065,JA25-787,2023-10-16,2026-10-16,MAIN,100,0,2024-02-08,Choudhry Ltd
B004721,PR01065,23J5755,2024-06-11,2027-06-11,MAIN,100,0,2024-07-23,"Bhakta, Chacko and Narain"
B004722,PR01065,JAR23H137,2024-11-28,2026-05-28,MAIN,200,147,2025-03-26,Borah-Sagar
B004723,PR01066,24Z1078,2024-04-28,2027-04-28,MAIN,200,177,2024-07-21,Sharaf and Sons
B004724,PR01066,Z6111429,2023-12-26,2025-06-26,SAT2,250,234,2024-03-17,"Kuruvilla, Krishnan and Varkey"
B004725,PR01066,Z7386107,2024-10-12,2026-04-12,SAT1,1000,999,2025-02-24,Dewan Inc
B004726,PR01066,ZEN24H171,2024-11-28,2026-11-28,MAIN,250,225,2025-01-22,Agarwal Inc
B004727,PR01066,ZEN61348,2024-03-27,2027-03-27,MAIN,100,78,2024-07-29,"Vala, Dey and Hans"
B004728,PR01066,ZEN93908,2023-10-29,2025-10-29,MAIN,200,146,2024-02-26,"Mitter, Prashad and Behl"
B004729,PR01067,E1557660,2023-07-04,2025-07-04,SAT2,500,483,2024-01-29,"Ravel, Sridhar and Datta"
B004730,PR01067,EVE97374,2025-02-12,2027-02-12,MAIN,250,242,2025-04-02,Kamdar Inc
B004731,PR01067,E4233105,2024-10-27,2027-10-27,SAT2,200,199,2025-04-11,Lalla Ltd
B004732,PR01067,E9278117,2023-08-29,2025-02-28,SAT1,500,465,2023-12-13,Wadhwa-Dash
B004733,PR01067,EVE12432,2025-02-12,2026-08-12,SAT2,200,197,2025-04-20,Shukla-Konda
B004734,PR01067,E7247243,2024-08-19,2026-02-19,MAIN,200,195,2025-01-20,"Sachar, Patil and Nadig"
B004735,PR01068,25M4670,2025-01-01,2026-07-01,SAT1,500,500,2025-05-02,"Saini, Boase and Devi"
B004736,PR01068,MED24J009,2024-10-23,2027-10-23,SAT2,500,489,2025-02-12,Bora PLC
B004737,PR01068,MED91116,2024-02-24,2026-02-24,MAIN,250,38,2024-07-28,"Deshpande, Dey and Bail"
B004738,PR01068,M2999920,2024-01-31,2026-01-31,MAIN,500,229,2024-06-01,Kala-Bumb
B004739,PR01069,MA22-794,2024-01-11,2026-01-11,MAIN,1000,593,2024-02-24,"Rao, Mani and Dara"
B004740,PR01069,MA25-771,2024-02-15,2025-08-15,MAIN,500,334,2024-04-17,Rajagopalan-Bhatnagar
B004741,PR01069,MAX25G215,2024-11-21,2026-05-21,MAIN,1000,926,2024-12-25,"Kapoor, Balakrishnan and Dugal"
B004742,PR01069,MAX49728,2025-04-05,2028-04-05,MAIN,100,100,2025-05-18,Sachdev LLC
B004743,PR01070,LIF64485,2023-11-02,2025-11-02,SAT1,250,188,2024-04-25,Sarin PLC
B004744,PR01070,22L6878,2024-09-22,2027-09-22,MAIN,1000,871,2024-11-27,Sampath PLC
B004745,PR01070,LIF24302,2024-01-13,2025-07-13,MAIN,200,84,2024-07-19,Nadig Ltd
B004746,PR01071,CEL80124,2024-12-01,2026-12-01,MAIN,500,377,2025-04-15,"Bhatti, Sachdev and Shere"
B004747,PR01071,CEL25A382,2024-09-22,2026-03-22,MAIN,1000,963,2025-03-23,Mahal-Aurora
B004748,PR01071,25C2112,2025-01-06,2026-07-06,SAT2,1000,991,2025-03-05,Din and Sons
B004749,PR01071,C9104110,2024-05-30,2025-11-30,SAT1,200,180,2024-07-19,"Bir, Kari and Gola"
B004750,PR01072,MIS15168,2024-10-24,2027-10-24,SAT1,250,227,2025-03-29,Dey-Walla
B004751,PR01072,MIS25E341,2024-04-06,2026-04-06,MAIN,500,410,2024-11-12,Ratti Group
B004752,PR01072,23M6908,2023-10-31,2025-04-30,SAT1,1000,900,2024-01-23,Gill Group
B004753,PR01072,25M7101,2024-08-24,2026-02-24,SAT1,500,500,2024-12-15,"Khosla, Shenoy and Lad"
B004754,PR01072,MI24-123,2024-06-15,2025-12-15,MAIN,1000,929,2024-11-21,"Nagi, Gandhi and Grewal"
B004755,PR01072,MIS25G395,2023-12-09,2026-12-09,SAT2,200,61,2024-03-24,Goyal-Sachdeva
B004756,PR01073,HAM22H274,2024-01-03,2026-01-03,MAIN,500,473,2024-04-16,Kuruvilla-Mitra
B004757,PR01073,H7123671,2024-12-10,2027-12-10,MAIN,500,493,2025-01-15,"Venkatesh, Mallick and Kothari"
B004758,PR01073,HAM5578,2024-07-27,2026-01-27,MAIN,200,196,2024-12-03,"Sanghvi, Saran and Tripathi"
B004759,PR01073,HAM29875,2023-09-04,2025-09-04,MAIN,200,149,2023-11-11,D’Alia Inc
B004760,PR01074,22I8507,2024-11-15,2026-11-15,MAIN,200,199,2025-05-07,Kapadia-Kant
B004761,PR01074,ILL72481,2024-05-27,2026-05-27,MAIN,200,52,2024-07-09,Sandhu LLC
B004762,PR01074,ILL76801,2023-11-08,2026-11-08,SAT1,200,126,2024-02-12,Venkatesh Inc
B004763,PR01074,25I3788,2024-12-07,2026-12-07,SAT1,100,97,2025-05-08,Tata-Srinivas
B004764,PR01075,AM22-521,2024-01-28,2027-01-28,SAT2,1000,919,2024-07-07,Nath LLC
B004765,PR01075,AMB23F243,2023-11-25,2026-11-25,SAT2,200,0,2024-01-27,"Pall, Bhalla and Rama"
B004766,PR01075,25A6511,2024-05-31,2026-05-31,MAIN,250,111,2024-07-12,"Ganesan, Subramaniam and Wali"
B004767,PR01075,AM22-488,2024-09-26,2026-09-26,MAIN,200,125,2024-12-16,Ben-Garg
B004768,PR01075,AM23-390,2024-09-13,2027-09-13,SAT1,500,500,2024-12-04,Chaudhari-Doshi
B004769,PR01075,AMB36644,2023-09-11,2025-03-11,SAT1,250,165,2024-02-23,Lata Group
B004770,PR01076,AS23-992,2024-12-01,2026-06-01,SAT1,100,100,2025-02-01,Sidhu and Sons
B004771,PR01076,25A2194,2023-11-03,2025-11-03,SAT1,100,42,2024-03-01,Sachar and Sons
B004772,PR01076,AST22C099,2024-07-25,2026-07-25,MAIN,500,379,2024-12-01,"Ranganathan, Rana and Bajaj"
B004773,PR01076,A9858949,2024-06-16,2025-12-16,MAIN,1000,975,2025-01-21,Dhingra and Sons
B004774,PR01076,24A9757,2024-05-18,2026-05-18,SAT2,100,14,2024-08-12,Trivedi-Mishra
B004775,PR01076,24A1285,2024-11-08,2027-11-08,MAIN,200,100,2024-12-23,Wason Inc
B004776,PR01077,RED24F354,2023-05-22,2025-05-22,MAIN,1000,747,2023-12-30,Nagarajan LLC
B004777,PR01077,RED24B075,2024-04-05,2027-04-05,MAIN,250,142,2024-05-13,"Suri, Sidhu and Karan"
B004778,PR01077,RE24-744,2024-10-15,2026-10-15,MAIN,1000,935,2025-01-17,"Shah, Hayre and Parmer"
B004779,PR01078,M7240701,2024-05-30,2025-11-30,SAT2,200,192,2024-12-31,Mutti-Pal
B004780,PR01078,MED29700,2024-08-20,2026-08-20,SAT2,200,153,2025-02-02,Dhingra LLC
B004781,PR01078,MED23B362,2024-09-03,2026-03-03,MAIN,100,19,2024-12-02,"Seth, Luthra and Chada"
B004782,PR01078,MED24C101,2023-11-14,2026-11-14,SAT1,250,247,2024-03-17,Bhatt Group
B004783,PR01079,CIP25G271,2024-11-26,2026-11-26,MAIN,1000,993,2025-04-24,"Kalita, Raman and Shah"
B004784,PR01079,CI25-511,2023-12-10,2025-12-10,MAIN,1000,740,2024-02-09,Kamdar Ltd
B004785,PR01079,CIP85212,2024-10-14,2027-10-14,SAT2,250,250,2025-05-07,"Sandal, Divan and Pant"
B004786,PR01079,CIP96500,2023-12-05,2025-06-05,SAT1,1000,953,2024-01-05,Sheth-Sankar
B004787,PR01079,CI23-161,2024-03-25,2026-03-25,SAT1,500,454,2024-05-05,Chauhan and Sons
B004788,PR01080,AX24-255,2024-03-06,2026-03-06,MAIN,250,232,2024-09-29,Manne-Dyal
B004789,PR01080,A5433821,2024-05-06,2025-11-06,MAIN,250,239,2024-11-22,Johal Inc
B004790,PR01080,AXO39487,2025-03-10,2028-03-10,MAIN,200,197,2025-04-21,Basak LLC
B004791,PR01080,AXO22A136,2024-09-26,2027-09-26,MAIN,500,494,2024-12-04,Krish-Balay
B004792,PR01081,BAY25K309,2024-09-07,2026-09-07,SAT1,100,94,2024-12-15,"Trivedi, Dhingra and Ganesan"
B004793,PR01081,BAY25A395,2024-03-18,2027-03-18,MAIN,250,218,2024-04-26,"Krishnan, Dewan and Vaidya"
B004794,PR01081,BAY22F013,2023-06-02,2024-12-02,MAIN,500,461,2024-01-10,Kapoor-Garg
B004795,PR01082,22U3620,2024-11-23,2026-05-23,MAIN,500,493,2025-04-10,Baral Group
B004796,PR01082,22U8224,2024-05-30,2026-05-30,SAT2,1000,992,2024-08-21,"Vig, Vohra and Jain"
B004797,PR01082,UN23-150,2023-11-03,2026-11-03,MAIN,250,218,2024-06-20,Garg Ltd
B004798,PR01082,UNI53754,2023-04-06,2026-04-06,SAT1,1000,870,2023-11-11,Karpe-Sane
B004799,PR01083,BI25-786,2024-02-29,2026-02-28,MAIN,500,483,2024-08-18,Mannan-Palla
B004800,PR01083,BIO48309,2024-10-20,2027-10-20,SAT1,500,481,2025-02-12,Gour Inc
B004801,PR01083,23B4674,2023-11-01,2026-11-01,SAT2,1000,977,2024-02-11,Deol-Ahuja
B004802,PR01083,BIO30739,2023-07-26,2026-07-26,SAT1,500,369,2024-02-06,Sen Inc
B004803,PR01084,IP23-146,2024-02-20,2026-02-20,MAIN,1000,937,2024-09-29,"Merchant, Devi and Singhal"
B004804,PR01084,I3454287,2024-05-05,2027-05-05,MAIN,100,0,2024-06-16,Boase-Sarkar
B004805,PR01084,IPC72149,2023-09-21,2025-09-21,MAIN,200,0,2023-11-24,"Dyal, Suri and Sani"
B004806,PR01084,IPC24C366,2023-09-23,2025-09-23,SAT1,250,213,2024-05-13,Randhawa LLC
B004807,PR01085,CLY25C368,2023-10-06,2025-04-06,SAT2,1000,973,2024-04-11,Dugar PLC
B004808,PR01085,C6435978,2024-09-04,2026-09-04,MAIN,200,196,2025-03-20,"Narang, Pandit and Narula"
B004809,PR01085,22C3222,2023-12-06,2025-12-06,MAIN,250,193,2024-03-21,Bahl Inc
B004810,PR01085,CL25-929,2025-02-27,2027-02-27,SAT2,250,249,2025-04-08,Buch-Bali
B004811,PR01085,CL25-132,2024-03-27,2027-03-27,MAIN,250,234,2024-09-22,"Contractor, Mitter and Yogi"
B004812,PR01086,G1876184,2024-06-12,2027-06-12,SAT2,250,211,2025-01-02,Dave-Dave
B004813,PR01086,25G9138,2023-05-27,2024-11-27,MAIN,200,0,2023-11-23,Ghose-Johal
B004814,PR01086,GAL64145,2023-10-23,2025-04-23,MAIN,250,0,2024-02-28,"Batta, Arya and Kadakia"
B004815,PR01086,GAL24D183,2023-12-08,2026-12-08,MAIN,250,93,2024-04-06,Anne-Seth
B004816,PR01087,C7024449,2025-03-19,2026-09-19,MAIN,200,200,2025-05-20,Dayal and Sons
B004817,PR01087,CO24-833,2023-12-04,2026-12-04,MAIN,100,0,2024-01-15,Barad-Dube
B004818,PR01087,COX42713,2024-08-20,2027-08-20,SAT1,200,191,2025-01-05,"Wadhwa, Kashyap and Agate"
B004819,PR01087,CO22-603,2024-02-17,2027-02-17,SAT2,200,90,2024-06-07,"Gupta, Magar and Dhar"
B004820,PR01087,C6474784,2024-07-14,2027-07-14,MAIN,200,126,2024-08-19,"Maharaj, Hora and Shan"
B004821,PR01088,22U2210,2024-05-04,2025-11-04,MAIN,500,438,2024-08-16,Jayaraman-Contractor
B004822,PR01088,UV23-284,2024-03-12,2025-09-12,MAIN,200,100,2024-10-17,Dhaliwal-Balan
B004823,PR01088,UV22-328,2024-08-19,2026-02-19,MAIN,200,188,2025-04-06,"Choudhury, Sagar and Randhawa"
B004824,PR01088,UVA22A195,2023-10-30,2025-04-30,MAIN,1000,776,2024-04-29,Dasgupta Group
B004825,PR01088,UVA25B295,2023-06-03,2024-12-03,SAT1,200,55,2023-11-08,Rajan-Sinha
B004826,PR01088,23U1199,2023-09-04,2025-09-04,MAIN,500,246,2024-03-10,"Mody, Andra and Kothari"
B004827,PR01089,MA24-134,2023-11-01,2025-05-01,MAIN,1000,916,2024-04-01,Agarwal LLC
B004828,PR01089,MAS23G257,2023-09-16,2025-09-16,SAT2,100,0,2023-12-02,Mallick-Krishnan
B004829,PR01089,25M1080,2024-03-13,2025-09-13,MAIN,100,32,2024-06-29,Bahl Group
B004830,PR01089,24M7366,2023-12-26,2025-12-26,SAT2,1000,948,2024-06-26,Sarin Group
B004831,PR01089,MAS18333,2023-09-08,2026-09-08,SAT1,200,132,2024-02-26,Shetty-Agrawal
B004832,PR01089,M7993355,2023-10-20,2026-10-20,MAIN,250,40,2024-05-09,Mani LLC
B004833,PR01090,22T2395,2024-01-24,2025-07-24,SAT1,500,460,2024-08-21,"Narula, Bala and Chaudhry"
B004834,PR01090,TOR8591,2023-10-04,2026-10-04,MAIN,1000,480,2024-01-21,Chandran-Suri
B004835,PR01090,TOR55678,2024-06-07,2026-06-07,MAIN,500,479,2024-12-23,Mistry-Dhar
B004836,PR01090,24T4735,2023-12-15,2025-12-15,MAIN,100,0,2024-03-27,"Sachar, Garde and Varty"
B004837,PR01090,23T4668,2024-08-24,2026-02-24,MAIN,100,80,2024-12-04,Dayal LLC
B004838,PR01090,T1696364,2024-03-30,2026-03-30,SAT1,1000,932,2024-07-25,Dani LLC
B004839,PR01091,ALP22G094,2024-01-13,2026-01-13,MAIN,100,0,2024-03-04,Nadkarni Inc
B004840,PR01091,24A1398,2023-08-18,2026-08-18,MAIN,200,52,2024-04-09,"Reddy, Sagar and Chaudhary"
B004841,PR01091,A6851109,2024-03-16,2026-03-16,SAT2,250,174,2024-07-13,"Hayer, Das and Narayan"
B004842,PR01091,ALP25B018,2024-06-17,2026-06-17,SAT2,250,247,2024-11-12,Narula LLC
B004843,PR01091,A1069134,2024-04-20,2027-04-20,MAIN,250,192,2024-11-29,Konda Ltd
B004844,PR01091,ALP19860,2024-10-05,2026-10-05,MAIN,250,243,2025-02-24,Deol Ltd
B004845,PR01092,23G5190,2024-10-01,2027-10-01,SAT1,500,494,2025-05-15,"Bava, Nair and Thakur"
B004846,PR01092,23G5095,2023-06-05,2026-06-05,SAT1,250,150,2023-12-31,"Hans, Shah and Saxena"
B004847,PR01092,G5685878,2024-03-29,2027-03-29,MAIN,500,403,2024-09-21,"Modi, Keer and Palla"
B004848,PR01092,GM23-405,2024-09-16,2027-09-16,MAIN,100,39,2025-01-21,Bhandari-Mohan
B004849,PR01092,25G9440,2023-12-02,2025-06-02,MAIN,1000,501,2024-01-19,Ravel-Ghosh
B004850,PR01093,LEO23I234,2025-02-10,2027-02-10,SAT1,200,189,2025-05-15,Issac-Patla
B004851,PR01093,LEO24445,2024-03-15,2025-09-15,SAT1,1000,939,2024-11-01,Chhabra Inc
B004852,PR01093,LEO24D262,2024-05-18,2027-05-18,MAIN,100,59,2024-07-19,Narayan and Sons
B004853,PR01093,24L5258,2024-02-07,2026-02-07,MAIN,200,173,2024-06-25,Nagarajan-Toor
B004854,PR01093,L7469471,2023-12-12,2025-06-12,SAT1,1000,932,2024-06-05,"Saran, Golla and Sheth"
B004855,PR01093,L9763312,2023-11-19,2026-11-19,MAIN,250,228,2024-03-29,Yohannan-Goel
B004856,PR01094,HA24-722,2024-06-12,2026-06-12,SAT1,200,196,2024-10-18,Baria-Kant
B004857,PR01094,24H4987,2023-10-31,2025-10-31,MAIN,500,479,2024-06-22,Saxena LLC
B004858,PR01094,HAM25B066,2023-08-11,2026-08-11,SAT2,500,490,2024-04-04,"Bahl, Khanna and Bahri"
B004859,PR01095,AM24-087,2023-12-27,2025-12-27,SAT2,200,180,2024-04-29,Parmer-Walla
B004860,PR01095,AMB49419,2024-07-01,2026-01-01,SAT1,200,167,2024-11-25,"Amble, Sinha and Dalal"
B004861,PR01095,AM22-486,2023-05-14,2025-05-14,MAIN,100,43,2023-12-31,"Sankaran, Bir and More"
B004862,PR01096,S6295081,2024-06-14,2025-12-14,MAIN,200,161,2024-12-17,Gokhale PLC
B004863,PR01096,SUR25C040,2024-02-25,2027-02-25,SAT2,250,175,2024-09-04,Pillai Ltd
B004864,PR01096,SUR24F399,2025-02-20,2028-02-20,MAIN,1000,976,2025-04-29,Merchant-Patla
B004865,PR01097,LIN24J121,2023-05-17,2026-05-17,MAIN,250,206,2023-11-23,"Golla, Bath and Nanda"
B004866,PR01097,LIN69032,2025-02-17,2026-08-17,MAIN,250,246,2025-04-25,"Pandit, Ray and Savant"
B004867,PR01097,LIN9689,2024-12-12,2027-12-12,SAT2,500,496,2025-02-26,Saxena-Tandon
B004868,PR01097,LIN91474,2023-05-01,2026-05-01,SAT1,100,0,2023-12-13,"Chakrabarti, Chhabra and Guha"
B004869,PR01097,L5459543,2025-01-25,2028-01-25,MAIN,500,496,2025-02-28,Kapoor-Badami
B004870,PR01097,LIN88750,2024-12-25,2026-12-25,SAT1,100,90,2025-01-27,"Mody, Narula and Sibal"
B004871,PR01098,VOI23J213,2023-10-10,2026-10-10,SAT2,1000,803,2024-01-18,Dhar-Sathe
B004872,PR01098,25V7747,2024-08-15,2027-08-15,MAIN,100,85,2025-01-26,Nair-Chawla
B004873,PR01098,VO24-846,2024-11-02,2027-11-02,MAIN,500,486,2025-04-11,Ramachandran Inc
B004874,PR01098,VO25-199,2023-09-28,2025-03-28,MAIN,250,0,2024-05-06,"Parikh, Wali and Shetty"
B004875,PR01099,U8498731,2024-01-22,2026-01-22,SAT1,1000,986,2024-08-03,Chopra LLC
B004876,PR01099,25U7187,2024-11-29,2026-11-29,SAT1,1000,989,2025-04-24,"Ganesh, Golla and Dada"
B004877,PR01099,UNI25F296,2024-06-10,2026-06-10,SAT2,1000,987,2024-07-19,Jaggi Group
B004878,PR01099,UNI45104,2024-02-23,2027-02-23,SAT2,100,87,2024-09-04,"Vig, Prashad and Bhat"
B004879,PR01099,U8811126,2024-06-15,2027-06-15,SAT1,200,200,2025-02-01,Varkey and Sons
B004880,PR01099,UNI24J090,2023-04-29,2025-04-29,MAIN,100,64,2023-12-08,Shanker-Sant
B004881,PR01100,MED27214,2023-06-20,2024-12-20,SAT2,250,122,2023-12-25,"Bobal, De and Tripathi"
B004882,PR01100,MED86301,2023-08-11,2025-02-11,MAIN,500,348,2024-03-04,"Varty, Karan and Amble"
B004883,PR01100,MED23A221,2024-04-04,2027-04-04,MAIN,1000,980,2024-10-16,"Tandon, Mand and Ramakrishnan"
B004884,PR01100,MED22I068,2023-10-24,2026-10-24,MAIN,500,199,2023-12-30,Dada Ltd
B004885,PR01100,MED25I278,2024-04-26,2027-04-26,MAIN,200,9,2024-06-30,Srinivas PLC
B004886,PR01101,ME22-280,2023-10-14,2025-04-14,SAT2,500,286,2024-04-07,"Date, Shukla and Cheema"
B004887,PR01101,MET23B026,2023-08-02,2025-08-02,MAIN,500,109,2024-01-05,"Narasimhan, Ramesh and Bava"
B004888,PR01101,ME25-895,2023-06-01,2024-12-01,SAT2,1000,966,2023-11-04,Kakar PLC
B004889,PR01101,24M3679,2024-05-31,2026-05-31,SAT2,500,446,2024-07-24,"Sunder, Zachariah and Venkataraman"
B004890,PR01101,25M226,2023-06-24,2026-06-24,SAT2,100,0,2023-11-09,"Pandit, Dhingra and Varghese"
B004891,PR01101,MET73753,2023-09-26,2025-09-26,SAT2,250,25,2023-12-17,Vala-Ranganathan
B004892,PR01102,NIT22B103,2024-02-13,2025-08-13,SAT1,250,215,2024-10-04,"Cheema, Kuruvilla and Keer"
B004893,PR01102,NIT24F052,2023-12-27,2025-06-27,SAT2,500,285,2024-04-17,"Sibal, Randhawa and Kibe"
B004894,PR01102,NIT23H035,2024-09-10,2027-09-10,SAT1,100,100,2025-03-08,Anand Ltd
B004895,PR01102,25N9889,2024-09-27,2026-03-27,MAIN,250,123,2025-01-04,Singhal and Sons
B004896,PR01102,NIT97864,2024-11-25,2027-11-25,MAIN,250,219,2025-01-13,Mane-Mishra
B004897,PR01103,REL82918,2024-11-24,2026-05-24,MAIN,500,442,2025-04-23,Munshi-Shere
B004898,PR01103,25R4280,2024-03-05,2027-03-05,MAIN,250,61,2024-09-13,"Krishnan, Mukherjee and Malhotra"
B004899,PR01103,RE24-959,2024-12-15,2027-12-15,SAT1,100,99,2025-01-26,Bassi Group
B004900,PR01103,R9447552,2024-04-10,2027-04-10,MAIN,1000,797,2024-06-15,Garde-Sandhu
B004901,PR01103,REL25B241,2024-05-13,2027-05-13,SAT1,200,156,2024-07-12,Rajan Ltd
B004902,PR01104,AG24-071,2024-09-09,2026-09-09,SAT2,100,70,2024-12-20,Mane-Kata
B004903,PR01104,A9107209,2023-10-23,2025-04-23,MAIN,100,0,2024-01-29,Seth-Pant
B004904,PR01104,AGR84481,2023-12-26,2025-06-26,MAIN,250,90,2024-06-21,"Chopra, Raman and Balasubramanian"
B004905,PR01104,AGR25B066,2023-09-01,2025-03-01,MAIN,500,285,2024-03-01,"Lad, Krish and Om"
B004906,PR01105,VA24-326,2023-10-28,2026-10-28,SAT2,250,151,2024-04-23,"Varma, Kadakia and Varty"
B004907,PR01105,V7448934,2023-08-13,2025-08-13,MAIN,500,236,2024-02-28,Bhagat-Shere
B004908,PR01105,VAX23G391,2023-12-22,2025-06-22,MAIN,500,235,2024-04-24,"Sanghvi, Patla and Toor"
B004909,PR01106,NOE6824,2024-01-17,2027-01-17,MAIN,100,12,2024-07-07,Seshadri-Tripathi
B004910,PR01106,N4915451,2023-12-10,2025-12-10,SAT2,250,76,2024-07-01,Taneja LLC
B004911,PR01106,NOE22J298,2024-07-17,2027-07-17,MAIN,1000,939,2024-10-26,Bora-Radhakrishnan
B004912,PR01106,24N5820,2024-02-21,2025-08-21,MAIN,250,73,2024-03-30,Vora-More
B004913,PR01106,NOE67140,2024-05-17,2027-05-17,SAT1,250,212,2024-09-01,Mohan Ltd
B004914,PR01107,L3166580,2024-05-04,2025-11-04,MAIN,250,72,2024-07-22,Suresh Ltd
B004915,PR01107,LIN47272,2024-07-16,2026-07-16,SAT2,1000,986,2024-12-18,Bhandari Group
B004916,PR01107,L4334832,2023-11-11,2025-11-11,SAT2,250,148,2024-06-19,"Chaudhari, Shukla and Shroff"
B004917,PR01107,L6461743,2023-11-03,2026-11-03,SAT1,100,78,2024-06-18,Chandra-Hans
B004918,PR01107,LIN23I051,2023-08-05,2025-08-05,MAIN,500,349,2024-03-30,Bal-Agate
B004919,PR01108,ZYD47058,2023-09-21,2025-03-21,MAIN,500,60,2024-02-04,Trivedi-Warrior
B004920,PR01108,Z5967049,2024-02-01,2027-02-01,SAT1,1000,929,2024-03-24,Rama PLC
B004921,PR01108,Z4260466,2025-01-10,2028-01-10,MAIN,100,86,2025-04-15,Dixit and Sons
B004922,PR01108,ZYD24E043,2023-11-07,2025-05-07,MAIN,100,0,2024-03-22,Thaker LLC
B004923,PR01108,ZYD25H349,2023-12-29,2025-06-29,MAIN,100,0,2024-07-28,Arya-Keer
B004924,PR01109,GRH23F269,2023-07-07,2025-07-07,SAT2,500,422,2023-11-30,Rege PLC
B004925,PR01109,GRH22J106,2023-08-11,2025-02-11,SAT2,200,23,2023-12-23,"Oak, De and Nath"
B004926,PR01109,G1129491,2023-11-21,2025-11-21,SAT2,250,67,2024-01-01,"Bassi, Grover and Kapur"
B004927,PR01109,GR25-464,2024-03-27,2026-03-27,MAIN,500,400,2024-11-04,Devi Ltd
B004928,PR01110,GNF8848,2024-11-02,2027-11-02,MAIN,200,187,2025-02-28,Murty-Hayre
B004929,PR01110,GNF14086,2024-08-05,2026-08-05,SAT2,1000,997,2024-09-19,Shanker and Sons
B004930,PR01110,22G3594,2023-08-28,2025-02-28,SAT1,1000,975,2023-11-27,Narayanan-Dani
B004931,PR01110,GNF16261,2024-10-12,2027-10-12,SAT1,500,492,2025-01-09,Seshadri-Dugal
B004932,PR01110,GNF46167,2023-09-30,2025-03-30,MAIN,100,49,2023-12-08,Bera-Guha
B004933,PR01110,22G7569,2025-01-09,2026-07-09,MAIN,250,240,2025-02-25,Dave and Sons
B004934,PR01111,A8333433,2023-07-28,2025-01-28,MAIN,1000,702,2023-11-21,Subramaniam-Sur
B004935,PR01111,ANK5718,2024-07-09,2026-07-09,MAIN,200,82,2024-10-31,Master Group
B004936,PR01111,A7699230,2025-01-30,2026-07-30,MAIN,200,185,2025-03-29,"Narayan, Bandi and Kibe"
B004937,PR01111,AN25-295,2023-09-24,2025-03-24,MAIN,250,214,2024-05-10,"Parikh, Murthy and Pillai"
B004938,PR01112,24W2004,2024-08-10,2026-02-10,SAT1,1000,1000,2024-11-13,Seth-Barman
B004939,PR01112,25W7284,2024-10-28,2026-10-28,MAIN,500,443,2025-02-14,Bansal Inc
B004940,PR01112,25W8453,2024-04-21,2026-04-21,SAT1,1000,973,2024-07-03,Comar-Singhal
B004941,PR01112,22W3990,2024-05-31,2025-11-30,SAT1,100,40,2024-07-09,Borah-Hayer
B004942,PR01112,WAN23A201,2024-05-25,2025-11-25,MAIN,1000,863,2024-08-12,More-Lanka
B004943,PR01113,NOV23A024,2024-04-02,2026-04-02,SAT1,1000,972,2024-06-22,Mahal-Singhal
B004944,PR01113,25N1964,2024-08-03,2027-08-03,MAIN,500,483,2025-03-04,Choudhry-Dutta
B004945,PR01113,23N4598,2024-04-12,2025-10-12,MAIN,250,188,2024-06-08,Krish Ltd
B004946,PR01113,NOV23D372,2024-07-02,2026-07-02,MAIN,500,426,2024-10-12,"Chander, Divan and Sridhar"
B004947,PR01113,NO22-332,2024-05-10,2025-11-10,SAT2,500,434,2024-06-16,"Atwal, Sahota and Nair"
B004948,PR01114,CAR89006,2024-06-04,2026-06-04,MAIN,1000,853,2025-01-13,Sarma Ltd
B004949,PR01114,CA23-069,2024-05-02,2025-11-02,MAIN,1000,658,2024-06-17,Chauhan-Dube
B004950,PR01114,CAR97316,2024-04-10,2027-04-10,SAT1,100,76,2024-09-15,Doctor PLC
B004951,PR01114,CA23-541,2024-09-23,2026-09-23,MAIN,500,460,2025-01-17,"Khalsa, Bala and Patla"
B004952,PR01114,CAR23F273,2024-06-27,2027-06-27,MAIN,200,152,2024-08-12,Minhas-Mander
B004953,PR01114,25C328,2024-06-13,2026-06-13,MAIN,250,116,2024-08-18,Pandit-Kothari
B004954,PR01115,HEL4441,2023-08-08,2026-08-08,MAIN,200,0,2023-12-02,"Agrawal, Kunda and Prabhakar"
B004955,PR01115,24H5468,2024-05-29,2026-05-29,MAIN,250,183,2025-01-18,Naik-Oak
B004956,PR01115,HE23-551,2024-05-07,2027-05-07,MAIN,250,136,2024-11-16,"Natarajan, Behl and Date"
B004957,PR01115,HEL24C218,2023-07-04,2026-07-04,MAIN,250,0,2023-11-26,Kala-Natarajan
B004958,PR01115,HEL23E363,2024-04-21,2027-04-21,SAT2,250,128,2024-10-16,Ahuja-Tata
B004959,PR01116,H1659767,2023-09-04,2026-09-04,MAIN,200,123,2023-12-16,Sur-Yohannan
B004960,PR01116,HA24-900,2024-01-29,2025-07-29,SAT2,100,88,2024-06-30,"Muni, Kalita and Kata"
B004961,PR01116,24H1724,2023-05-10,2024-11-10,MAIN,100,52,2024-01-03,"Devan, Sura and Rout"
B004962,PR01116,H4645488,2023-07-18,2025-07-18,MAIN,1000,924,2024-01-04,Bhatia LLC
B004963,PR01116,H2881288,2025-04-06,2026-10-06,MAIN,500,500,2025-05-15,"Roy, Banik and Balakrishnan"
B004964,PR01117,N6587685,2024-10-12,2027-10-12,MAIN,1000,999,2025-05-20,"Gokhale, Konda and Ratta"
B004965,PR01117,NEX23G117,2023-12-09,2025-06-09,MAIN,1000,957,2024-03-31,"Purohit, Dhar and Samra"
B004966,PR01117,NEX24927,2023-09-03,2026-09-03,SAT2,250,220,2024-01-15,"Badal, Gour and Gour"
B004967,PR01117,N2454220,2023-04-15,2024-10-15,MAIN,100,68,2023-11-28,Bhatia PLC
B004968,PR01117,22N9704,2024-04-16,2027-04-16,SAT2,1000,993,2024-10-10,Prasad-Nazareth
B004969,PR01117,NE24-520,2023-11-15,2026-11-15,MAIN,200,149,2024-02-08,"Bajaj, Rattan and Chawla"
B004970,PR01118,24Q6508,2024-08-31,2026-02-28,MAIN,250,237,2025-03-23,Barad-Sankaran
B004971,PR01118,QUA64920,2023-12-24,2026-12-24,SAT2,500,475,2024-03-12,"Shere, Bajwa and Bhavsar"
B004972,PR01118,QU23-749,2024-12-01,2026-12-01,SAT2,1000,997,2025-01-23,Chokshi-Gera
B004973,PR01118,QUA23J042,2024-10-21,2026-10-21,SAT2,1000,996,2025-02-27,Bhalla and Sons
B004974,PR01118,23Q885,2024-10-29,2026-04-29,MAIN,250,242,2025-03-15,"Joshi, Krishnan and More"
B004975,PR01119,D3804914,2024-05-14,2025-11-14,SAT2,500,451,2024-08-27,"Bali, Shankar and Sarin"
B004976,PR01119,24D5155,2023-09-07,2025-09-07,MAIN,1000,771,2024-03-09,"Soni, Gade and Contractor"
B004977,PR01119,D1260739,2023-09-01,2026-09-01,MAIN,100,0,2023-11-22,Gopal-Borah
B004978,PR01119,22D472,2024-09-07,2026-03-07,MAIN,1000,846,2024-10-16,"Hari, Khanna and Kashyap"
B004979,PR01120,22K6709,2024-01-23,2026-01-23,SAT1,250,231,2024-06-27,"Bora, Dugar and Purohit"
B004980,PR01120,KI24-078,2023-09-17,2025-03-17,SAT2,100,0,2024-05-03,"Din, Chowdhury and Agate"
B004981,PR01120,K8568747,2024-04-08,2026-04-08,MAIN,1000,958,2024-10-20,Kapur-Bakshi
B004982,PR01120,KIN24L223,2023-07-28,2025-01-28,MAIN,250,9,2024-02-01,Chada-Dutta
B004983,PR01120,KI22-420,2023-12-28,2026-12-28,MAIN,250,113,2024-05-15,Sahni Inc
B004984,PR01120,KIN23C282,2023-10-12,2026-10-12,SAT2,1000,857,2023-11-23,Dass and Sons
B004985,PR01121,AVN2928,2024-05-20,2026-05-20,SAT1,500,494,2024-10-27,"Kaul, Sheth and Saxena"
B004986,PR01121,AV24-984,2024-02-12,2025-08-12,SAT2,200,191,2024-05-20,"Mammen, Gopal and Setty"
B004987,PR01121,AVN22D067,2023-05-23,2024-11-23,MAIN,1000,927,2023-12-25,Mutti LLC
B004988,PR01121,AV25-457,2024-01-07,2027-01-07,MAIN,100,81,2024-09-01,"Naik, Swaminathan and Wason"
B004989,PR01121,23A8717,2024-03-05,2027-03-05,SAT2,200,194,2024-08-26,Ganesan-Dhillon
B004990,PR01121,22A989,2024-06-04,2025-12-04,SAT2,1000,991,2024-08-28,Ratta and Sons
B004991,PR01122,25L7562,2024-11-15,2027-11-15,SAT2,500,496,2024-12-24,Dutt Ltd
B004992,PR01122,LE23-018,2025-03-01,2026-09-01,SAT2,1000,997,2025-04-26,"Vasa, Bal and Buch"
B004993,PR01122,LEZ22B333,2024-08-08,2026-02-08,MAIN,1000,982,2025-03-04,Sama PLC
B004994,PR01122,LEZ24K140,2023-11-18,2025-11-18,MAIN,200,175,2024-05-06,"Bera, Manne and Kuruvilla"
B004995,PR01122,L5847193,2023-12-14,2025-12-14,MAIN,500,477,2024-04-18,Saini-Pau
B004996,PR01123,BIO23G330,2023-05-25,2025-05-25,MAIN,250,19,2023-11-29,"Naik, Devan and Madan"
B004997,PR01123,BIO63256,2023-07-24,2026-07-24,MAIN,250,0,2024-01-17,Rege-Arya
B004998,PR01123,B3828238,2024-10-26,2027-10-26,MAIN,100,56,2025-02-14,"Saha, Bahl and Sandhu"
B004999,PR01123,BIO40277,2025-02-09,2026-08-09,MAIN,100,10,2025-03-24,Sarraf-Dugal
B005000,PR01123,BI24-589,2024-06-03,2025-12-03,MAIN,100,0,2024-07-03,"Kurian, Oommen and Goel"
B005001,PR01124,A5095205,2023-07-12,2025-01-12,MAIN,200,145,2023-11-23,Shenoy-Kalla
B005002,PR01124,AL22-279,2024-05-15,2026-05-15,MAIN,500,488,2024-10-02,Shroff-Krishna
B005003,PR01124,A2068739,2024-10-27,2027-10-27,SAT1,1000,970,2024-12-16,Talwar-Yadav
B005004,PR01124,ALI95460,2024-12-28,2026-06-28,SAT2,100,94,2025-04-02,Atwal-Sathe
B005005,PR01124,25A3414,2023-10-22,2025-10-22,MAIN,200,150,2024-05-27,Mahajan Group
B005006,PR01125,22N9488,2024-05-09,2025-11-09,SAT2,1000,870,2024-09-02,Srinivas-Sidhu
B005007,PR01125,N2751721,2023-10-22,2026-10-22,SAT2,500,392,2023-12-29,Bera-Saraf
B005008,PR01125,N5334833,2025-03-09,2027-03-09,MAIN,100,72,2025-05-17,Dhar PLC
B005009,PR01125,NOV35709,2023-09-15,2025-03-15,MAIN,100,0,2024-02-18,"Tella, Setty and Dua"
B005010,PR01125,N1928402,2024-02-16,2026-02-16,MAIN,1000,904,2024-09-15,"Mohan, Dubey and Rastogi"
B005011,PR01126,JEE29391,2025-02-24,2026-08-24,SAT1,250,250,2025-05-07,"Bhat, Deshpande and Vala"
B005012,PR01126,J1821909,2023-07-30,2025-07-30,MAIN,500,250,2024-03-09,Rattan Ltd
B005013,PR01126,JEE33175,2024-03-02,2025-09-02,SAT2,200,176,2024-08-08,"Bobal, Purohit and Kurian"
B005014,PR01126,J5327500,2024-08-08,2026-02-08,MAIN,1000,941,2024-12-21,Sarma Inc
B005015,PR01127,MA24-389,2023-05-28,2025-05-28,MAIN,1000,584,2023-12-17,Om and Sons
B005016,PR01127,MAN22D031,2025-01-04,2028-01-04,MAIN,100,90,2025-02-27,Borde-Varty
B005017,PR01127,MAN41435,2024-07-06,2026-01-06,MAIN,500,465,2025-02-04,Bandi-Natt
B005018,PR01127,MAN23C077,2024-09-12,2026-03-12,MAIN,250,206,2024-12-02,Rao-Varma
B005019,PR01127,24M271,2024-10-31,2026-10-31,MAIN,250,211,2025-03-01,Jaggi Inc
B005020,PR01127,M8801344,2023-10-15,2026-10-15,SAT1,250,151,2024-05-03,"Ratti, Radhakrishnan and Mody"
B005021,PR01128,RKG25L294,2024-04-29,2025-10-29,MAIN,200,133,2024-11-28,Pillai-Bhatt
B005022,PR01128,RKG6061,2024-11-29,2026-05-29,MAIN,500,498,2025-05-15,Shukla PLC
B005023,PR01128,RK25-951,2024-07-27,2026-07-27,SAT2,500,500,2025-03-07,"Halder, Dasgupta and Ghosh"
B005024,PR01128,24R8314,2024-02-23,2027-02-23,SAT2,100,86,2024-09-06,Deol-Patel
B005025,PR01128,RK24-914,2024-01-24,2026-01-24,MAIN,250,0,2024-02-23,Prakash Ltd
B005026,PR01129,S1977994,2025-01-11,2026-07-11,SAT2,250,250,2025-05-03,"Madan, Chacko and Rastogi"
B005027,PR01129,SAR9919,2023-09-19,2025-09-19,MAIN,500,428,2024-01-13,Chad PLC
B005028,PR01129,SAR79428,2024-05-30,2025-11-30,SAT2,100,91,2024-09-24,"Chada, Lal and Bahri"
B005029,PR01129,SAR99453,2024-10-22,2026-04-22,MAIN,250,244,2025-02-10,"Sarraf, Agate and Dani"
B005030,PR01129,SAR79287,2025-02-24,2026-08-24,MAIN,1000,994,2025-04-14,Agarwal-Varkey
B005031,PR01130,ACC24I035,2024-08-19,2026-02-19,MAIN,100,87,2025-02-11,"Ratta, Sunder and Chauhan"
B005032,PR01130,ACC36068,2025-03-19,2026-09-19,MAIN,250,244,2025-04-30,Garde-Baral
B005033,PR01130,24A1670,2023-07-30,2025-01-30,MAIN,500,331,2024-01-22,Sibal-Chauhan
B005034,PR01131,CU23-943,2024-10-26,2026-04-26,SAT1,200,181,2025-05-26,"Bhakta, Sinha and Mangal"
B005035,PR01131,CU22-161,2024-02-06,2026-02-06,MAIN,500,462,2024-06-06,Mane and Sons
B005036,PR01131,C4778655,2025-01-27,2026-07-27,MAIN,1000,993,2025-03-03,Samra PLC
B005037,PR01131,CU25-521,2024-09-10,2026-03-10,MAIN,500,472,2024-11-17,"Pradhan, Savant and Raghavan"
B005038,PR01131,CUB2717,2023-07-08,2026-07-08,MAIN,250,183,2023-12-29,Doshi-Memon
B005039,PR01132,22K4689,2024-10-14,2027-10-14,MAIN,500,480,2025-04-04,Chacko-Bera
B005040,PR01132,K3024195,2023-12-13,2026-12-13,SAT2,100,0,2024-03-25,Bhavsar-Chand
B005041,PR01132,KL25-059,2024-09-12,2027-09-12,MAIN,200,152,2025-02-28,Acharya Inc
B005042,PR01133,MYL23K208,2024-12-02,2026-06-02,SAT1,250,242,2025-04-10,"Singh, Behl and Cherian"
B005043,PR01133,MY24-960,2024-10-29,2026-10-29,MAIN,1000,996,2025-04-01,Pathak-Bala
B005044,PR01133,MYL25A283,2024-05-04,2026-05-04,MAIN,500,472,2024-08-23,"Goda, Arora and Pradhan"
B005045,PR01133,MYL12125,2023-11-28,2025-11-28,MAIN,250,221,2024-07-02,Dixit LLC
B005046,PR01133,MYL22J022,2023-11-24,2026-11-24,SAT1,200,194,2024-07-12,"Mani, Solanki and Gade"
B005047,PR01134,22M7299,2024-12-13,2026-12-13,MAIN,250,209,2025-04-15,"Karpe, Gill and Bali"
B005048,PR01134,MED97813,2024-07-26,2026-07-26,MAIN,200,144,2025-02-02,Arora Ltd
B005049,PR01134,ME25-288,2024-10-25,2026-04-25,MAIN,100,54,2024-12-18,Singhal LLC
B005050,PR01134,ME23-477,2024-10-13,2027-10-13,MAIN,1000,994,2025-04-26,"Solanki, Luthra and Sharma"
B005051,PR01135,M8080807,2024-06-24,2025-12-24,MAIN,500,366,2024-08-08,"Nath, Karpe and Sami"
B005052,PR01135,M6723386,2025-02-28,2026-08-28,MAIN,200,186,2025-05-29,Seth-More
B005053,PR01135,MOR61990,2024-09-07,2026-03-07,SAT1,250,247,2025-03-24,Ganesh-Pal
B005054,PR01135,MOR22K283,2023-11-07,2026-11-07,SAT1,100,87,2024-06-30,Rajagopal Ltd
B005055,PR01136,R8166509,2024-10-09,2026-04-09,MAIN,200,193,2025-04-19,"Kuruvilla, Gandhi and Bhalla"
B005056,PR01136,R1578722,2023-11-28,2025-05-28,SAT1,250,175,2024-04-21,Chacko-Ravel
B005057,PR01136,22R9643,2024-05-31,2026-05-31,MAIN,250,233,2024-07-15,Chowdhury-Palla
B005058,PR01136,R3348134,2024-06-17,2026-06-17,MAIN,100,87,2024-11-07,"Kakar, Sastry and Manne"
B005059,PR01136,R6682771,2024-07-19,2027-07-19,SAT2,250,244,2025-02-26,Peri Inc
B005060,PR01137,22I8527,2024-09-24,2026-09-24,MAIN,100,97,2025-04-21,Khare Group
B005061,PR01137,IN24-791,2023-11-13,2025-11-13,MAIN,250,218,2024-06-01,"Karpe, Sawhney and Sampath"
B005062,PR01137,IND63304,2023-10-01,2025-10-01,MAIN,200,152,2024-03-24,Sem-Raghavan
B005063,PR01137,IN22-494,2023-12-22,2026-12-22,MAIN,1000,970,2024-03-23,"Contractor, Puri and Agrawal"
B005064,PR01137,IN24-895,2024-07-02,2026-07-02,MAIN,500,480,2024-08-14,"Nagarajan, Oza and Taneja"
B005065,PR01137,I7081007,2024-03-21,2026-03-21,SAT2,200,179,2024-05-25,Shankar LLC
B005066,PR01138,RE22-102,2024-03-17,2027-03-17,SAT1,250,215,2024-11-06,"Batra, Patil and Verma"
B005067,PR01138,RET22530,2025-01-05,2026-07-05,MAIN,250,241,2025-02-06,Raman-Varty
B005068,PR01138,RE23-368,2024-09-24,2027-09-24,MAIN,250,244,2025-04-22,"Brar, Maharaj and Mahajan"
B005069,PR01138,R2542595,2024-03-20,2025-09-20,MAIN,250,240,2024-07-28,"Banerjee, Varma and Bhardwaj"
B005070,PR01138,RET24G393,2024-04-12,2025-10-12,MAIN,1000,970,2024-09-15,Nazareth PLC
B005071,PR01139,CU22-767,2024-07-27,2026-07-27,SAT2,100,58,2024-09-02,Garg-Mander
B005072,PR01139,24C9853,2024-10-04,2026-04-04,MAIN,500,485,2025-04-03,"Bath, Parekh and Sawhney"
B005073,PR01139,CU22-801,2023-10-21,2026-10-21,SAT2,1000,971,2024-02-08,Lanka-Narayanan
B005074,PR01139,25C1542,2025-02-15,2026-08-15,MAIN,100,50,2025-03-26,Sarkar and Sons
B005075,PR01139,C8693861,2023-06-18,2026-06-18,SAT2,100,0,2024-01-05,Kuruvilla LLC
B005076,PR01140,KA24-495,2024-06-12,2026-06-12,SAT2,200,192,2024-11-28,Nadig and Sons
B005077,PR01140,23K2701,2024-05-28,2025-11-28,MAIN,250,230,2024-12-28,Chopra-Chatterjee
B005078,PR01140,KAN99546,2024-10-08,2026-10-08,SAT1,100,77,2025-03-02,Chana Ltd
B005079,PR01140,K9598526,2024-10-19,2026-04-19,SAT1,250,229,2024-12-14,Vasa LLC
B005080,PR01141,AN23-524,2024-10-25,2026-10-25,MAIN,200,165,2025-01-03,"Bobal, Warrior and Krishna"
B005081,PR01141,ANI23E307,2023-11-28,2026-11-28,MAIN,1000,803,2024-04-10,Samra-Vaidya
B005082,PR01141,AN24-440,2024-03-05,2027-03-05,SAT1,200,193,2024-10-29,"Nagy, Kapadia and Gandhi"
B005083,PR01141,ANI91960,2023-09-10,2026-09-10,SAT2,250,18,2024-02-17,Kibe LLC
B005084,PR01142,TOR32837,2024-08-24,2026-02-24,SAT2,500,489,2024-12-30,"Sabharwal, Dalal and Tella"
B005085,PR01142,TOR30923,2024-09-25,2027-09-25,MAIN,500,446,2025-01-06,"Kadakia, Ben and Setty"
B005086,PR01142,T7018988,2024-01-09,2027-01-09,MAIN,200,0,2024-06-06,"Issac, Maharaj and Wali"
B005087,PR01142,TO22-710,2024-06-12,2027-06-12,MAIN,100,25,2024-09-13,Baral and Sons
B005088,PR01143,24S2975,2024-05-09,2026-05-09,SAT2,1000,821,2024-06-19,Sahota LLC
B005089,PR01143,25S3742,2024-07-03,2027-07-03,SAT2,100,2,2024-08-26,Pal PLC
B005090,PR01143,S1171779,2024-01-27,2027-01-27,MAIN,200,138,2024-09-06,Desai-Anand
B005091,PR01144,ZE22-437,2024-05-06,2027-05-06,SAT1,1000,959,2024-10-06,Narula-Minhas
B005092,PR01144,Z4330400,2024-03-25,2026-03-25,MAIN,100,0,2024-05-08,"Gade, Varughese and Sule"
B005093,PR01144,23Z1587,2024-09-07,2027-09-07,SAT2,500,487,2025-03-09,"Chaudry, Dhaliwal and Bhatt"
B005094,PR01144,Z2909045,2023-07-11,2025-01-11,MAIN,500,178,2024-01-14,Singhal-Kumer
B005095,PR01144,ZEN25D116,2025-01-24,2027-01-24,SAT2,100,95,2025-04-23,"Zacharia, Mammen and Sekhon"
B005096,PR01145,KES56738,2023-08-09,2025-08-09,SAT1,500,361,2024-01-31,Raju-Ahluwalia
B005097,PR01145,KES25F338,2024-03-04,2027-03-04,MAIN,250,225,2024-04-15,Ghosh-Kota
B005098,PR01145,KE23-958,2023-06-04,2025-06-04,MAIN,200,151,2023-11-14,Chawla-Subramaniam
B005099,PR01146,IMP15774,2023-07-11,2026-07-11,SAT1,250,214,2024-01-21,"Krishnan, Som and Gole"
B005100,PR01146,IM23-821,2023-09-03,2026-09-03,MAIN,100,76,2024-04-04,Lala Group
B005101,PR01146,23I7904,2024-11-30,2026-11-30,SAT2,250,243,2025-01-26,Shanker and Sons
B005102,PR01146,IMP22E070,2024-10-29,2026-04-29,SAT1,100,100,2025-04-18,Nayar-Wason
B005103,PR01147,B4476938,2024-11-06,2026-05-06,MAIN,200,184,2024-12-14,Madan LLC
B005104,PR01147,B7486925,2023-07-31,2025-07-31,MAIN,100,59,2024-02-07,Golla Group
B005105,PR01147,BIO25C320,2024-10-08,2026-04-08,MAIN,100,83,2024-12-19,Sangha-Thakur
B005106,PR01147,25B8099,2024-07-12,2027-07-12,SAT1,200,150,2024-08-19,"Sha, Vohra and Shenoy"
B005107,PR01147,BIO9946,2024-05-03,2026-05-03,MAIN,200,172,2024-06-13,Narayanan-Memon
B005108,PR01147,23B9018,2023-11-30,2025-05-30,MAIN,1000,968,2024-04-14,Narayan-Varghese
B005109,PR01148,EM24-833,2023-12-03,2025-12-03,MAIN,250,151,2024-06-27,Seth-Menon
B005110,PR01148,EMB76616,2024-01-09,2025-07-09,MAIN,1000,767,2024-05-01,Keer LLC
B005111,PR01148,22E6261,2024-08-18,2026-08-18,MAIN,100,0,2024-11-07,D’Alia PLC
B005112,PR01149,HET52353,2023-07-20,2025-07-20,MAIN,1000,325,2024-01-18,Kala Group
B005113,PR01149,HET24K252,2023-07-11,2025-01-11,MAIN,200,99,2024-03-03,Narasimhan PLC
B005114,PR01149,HET24K201,2023-10-02,2025-10-02,SAT2,100,23,2024-04-29,Gopal-Setty
B005115,PR01150,D3842152,2024-09-27,2026-03-27,MAIN,1000,988,2025-01-27,Bhatt-Joshi
B005116,PR01150,DRU35768,2023-09-28,2025-03-28,SAT2,200,187,2024-05-19,Puri-Krish
B005117,PR01150,DRU25J009,2024-02-21,2026-02-21,SAT2,250,239,2024-05-07,"Bala, Choudhry and Dua"
B005118,PR01150,23D7243,2024-05-05,2026-05-05,SAT2,100,85,2024-06-25,Wable-Mangat
B005119,PR01150,D7780920,2024-04-05,2027-04-05,SAT2,1000,994,2024-10-27,Srinivas-Kibe
B005120,PR01150,DRU22F121,2024-01-30,2027-01-30,SAT1,250,184,2024-07-27,Palla-Ray
B005121,PR01151,AMA22E001,2023-11-25,2025-05-25,SAT2,1000,989,2024-07-04,Boase LLC
B005122,PR01151,22A2252,2024-06-08,2026-06-08,MAIN,1000,980,2024-09-12,Ratti-Deshpande
B005123,PR01151,25A3641,2023-06-04,2026-06-04,SAT2,100,69,2024-01-06,"Deo, Khatri and Bhatia"
B005124,PR01152,RAX25D117,2024-07-26,2026-01-26,MAIN,200,156,2025-01-16,Bala-Sahota
B005125,PR01152,RAX23A266,2024-08-21,2026-02-21,SAT1,250,206,2024-10-31,Krishnan-Vasa
B005126,PR01152,R8413855,2024-05-27,2027-05-27,MAIN,250,65,2024-12-11,Mutti and Sons
B005127,PR01152,RAX23K267,2024-03-13,2027-03-13,MAIN,1000,857,2024-05-26,Radhakrishnan Inc
B005128,PR01153,MOV22C102,2023-10-15,2025-04-15,SAT2,100,0,2023-12-20,De Group
B005129,PR01153,MO22-638,2023-10-09,2025-04-09,MAIN,250,25,2024-05-27,"Mistry, Khurana and Kothari"
B005130,PR01153,MOV24I192,2024-03-09,2025-09-09,SAT2,200,73,2024-04-16,Kala Group
B005131,PR01153,MOV22L068,2025-01-17,2028-01-17,SAT2,250,250,2025-05-05,"Goda, Swamy and Bir"
B005132,PR01153,MOV4708,2023-12-04,2026-12-04,MAIN,500,372,2024-03-14,"Sachdev, Edwin and Mane"
B005133,PR01153,MOV25A317,2024-08-27,2026-02-27,MAIN,250,135,2025-01-31,Shan-Pandey
B005134,PR01154,AN22-489,2025-03-08,2026-09-08,SAT1,100,88,2025-05-23,Guha-Bhatnagar
B005135,PR01154,22A1214,2023-08-18,2025-08-18,MAIN,250,205,2024-03-03,De Ltd
B005136,PR01154,ANA82693,2024-11-10,2026-05-10,SAT1,250,221,2025-01-16,Kadakia PLC
B005137,PR01155,23M7512,2023-10-04,2026-10-04,MAIN,200,119,2023-11-09,"Atwal, Swamy and Grewal"
B005138,PR01155,MAG25D257,2024-02-26,2025-08-26,MAIN,500,478,2024-08-05,"Sura, Zacharia and Batta"
B005139,PR01155,M2481255,2024-02-28,2025-08-28,SAT2,1000,987,2024-06-11,Saha-Brahmbhatt
B005140,PR01155,MAG80667,2024-11-18,2026-05-18,MAIN,1000,993,2025-04-08,Misra-Palan
B005141,PR01155,MAG23F330,2023-12-12,2026-12-12,MAIN,500,449,2024-03-19,"Uppal, Narula and Varghese"
B005142,PR01155,M5965402,2023-07-07,2025-01-07,MAIN,100,55,2024-02-10,Puri-Kata
B005143,PR01156,ELD73094,2024-07-23,2026-01-23,SAT1,500,476,2024-11-15,Sant-Nanda
B005144,PR01156,E5631759,2024-12-20,2027-12-20,SAT2,250,250,2025-02-02,"Minhas, Buch and Virk"
B005145,PR01156,ELD23K382,2024-04-14,2027-04-14,SAT1,500,447,2024-07-07,Gandhi Ltd
B005146,PR01157,VEE22D140,2023-12-12,2026-12-12,SAT2,250,209,2024-03-27,"Vig, Goda and Nigam"
B005147,PR01157,VEE15830,2024-03-15,2027-03-15,SAT1,1000,956,2024-10-14,Borra and Sons
B005148,PR01157,V1717552,2025-02-07,2027-02-07,SAT1,500,497,2025-05-12,"Virk, Zachariah and Raj"
B005149,PR01158,23S4636,2023-09-28,2025-09-28,MAIN,500,168,2024-04-27,Barman-Mutti
B005150,PR01158,SU23-809,2023-08-10,2025-02-10,MAIN,250,64,2024-03-13,"Mahajan, Ramakrishnan and Vora"
B005151,PR01158,SUN25I099,2023-11-26,2025-11-26,MAIN,250,58,2023-12-31,Gill-Yadav
B005152,PR01159,CAP70079,2024-02-28,2027-02-28,MAIN,100,22,2024-09-01,"Dugar, Walia and Mangat"
B005153,PR01159,CA25-458,2024-05-06,2026-05-06,MAIN,500,351,2024-06-13,Banik-Narasimhan
B005154,PR01159,CA25-422,2023-10-28,2025-10-28,SAT1,250,236,2024-05-29,Basu and Sons
B005155,PR01160,M5359503,2024-04-17,2027-04-17,MAIN,1000,976,2024-10-28,Kannan Ltd
B005156,PR01160,22M4249,2024-12-23,2026-06-23,MAIN,100,92,2025-04-17,Zachariah PLC
B005157,PR01160,MED24D158,2024-03-27,2027-03-27,SAT1,100,94,2024-04-26,Chand-Ganesh
B005158,PR01160,MED24K362,2023-10-19,2026-10-19,SAT2,1000,990,2024-03-06,Dutta Inc
B005159,PR01161,SAN25K019,2023-12-09,2026-12-09,SAT2,500,427,2024-07-23,Sankaran Group
B005160,PR01161,SA22-615,2023-07-08,2025-01-08,MAIN,500,158,2023-11-28,"Sarin, Memon and Date"
B005161,PR01161,SA25-601,2023-07-07,2025-07-07,MAIN,200,0,2024-02-21,Srivastava-Ramachandran
B005162,PR01162,JOH23F295,2023-08-09,2025-02-09,SAT1,500,488,2024-01-31,Sane PLC
B005163,PR01162,JOH22D204,2024-12-01,2026-12-01,SAT1,200,155,2025-01-18,"Nigam, Grewal and Sinha"
B005164,PR01162,JO23-042,2024-01-14,2026-01-14,MAIN,100,0,2024-07-14,Wadhwa Group
B005165,PR01162,JOH25H220,2024-08-12,2026-02-12,SAT1,250,245,2025-01-03,"Radhakrishnan, Balakrishnan and Kohli"
B005166,PR01162,25J4624,2025-01-10,2028-01-10,MAIN,200,172,2025-03-07,Ahuja PLC
B005167,PR01163,24O7429,2024-10-01,2027-10-01,SAT2,250,244,2025-02-15,Sen-Kara
B005168,PR01163,O5918771,2024-10-27,2026-10-27,MAIN,100,57,2025-03-28,Sarma-Buch
B005169,PR01163,O6437052,2025-01-15,2026-07-15,MAIN,100,83,2025-05-15,"Amble, Ray and Gopal"
B005170,PR01164,23S3205,2024-11-04,2027-11-04,MAIN,100,87,2025-01-03,"Yadav, Kari and Kapadia"
B005171,PR01164,SCO53453,2023-10-26,2025-10-26,SAT1,250,110,2023-12-07,Palan-Pillay
B005172,PR01164,23S9830,2024-03-30,2026-03-30,MAIN,1000,964,2024-06-26,Kibe-Oommen
B005173,PR01164,SCO23C137,2024-02-15,2025-08-15,SAT1,250,211,2024-08-22,Ghose-Hans
B005174,PR01164,S9982377,2024-07-31,2026-01-31,SAT1,1000,970,2025-01-01,"Dayal, Sethi and Tata"
B005175,PR01164,SC22-724,2024-09-02,2026-03-02,SAT2,100,95,2024-10-15,"Bansal, Bhalla and Kumar"
B005176,PR01165,M2687405,2024-10-16,2026-04-16,SAT2,250,211,2024-11-27,Kala-Nori
B005177,PR01165,M2818250,2024-01-13,2026-01-13,MAIN,250,114,2024-06-05,"Parikh, Singhal and Kamdar"
B005178,PR01165,MOR42044,2023-10-19,2026-10-19,MAIN,1000,760,2024-05-24,Dass Group
B005179,PR01165,MOR37816,2024-04-02,2027-04-02,MAIN,100,0,2024-06-28,Date and Sons
B005180,PR01165,MO25-967,2024-10-23,2027-10-23,SAT1,200,152,2024-11-24,"Padmanabhan, Sem and Bajaj"
B005181,PR01165,MO22-108,2023-10-01,2026-10-01,MAIN,100,0,2024-04-24,Gade-Kumar
B005182,PR01166,AS24-311,2024-06-13,2027-06-13,MAIN,500,280,2024-10-01,Dua LLC
B005183,PR01166,AS24-650,2024-10-17,2026-04-17,MAIN,100,69,2025-02-17,Nazareth-Mannan
B005184,PR01166,AST22C179,2023-06-30,2024-12-30,MAIN,500,241,2023-12-28,Verma-Kapoor
B005185,PR01167,LU23-745,2023-12-29,2026-12-29,MAIN,250,53,2024-05-12,"Sengupta, Shanker and Barad"
B005186,PR01167,L7819014,2025-03-17,2027-03-17,SAT1,1000,1000,2025-05-06,Chawla-Chawla
B005187,PR01167,LU23-377,2025-01-16,2027-01-16,SAT1,500,491,2025-05-02,Sood-Yogi
B005188,PR01167,LUP24216,2023-08-17,2025-08-17,SAT1,250,160,2023-11-18,Parsa PLC
B005189,PR01167,LU22-136,2023-10-18,2025-10-18,SAT1,250,79,2023-11-27,Mangal-Ratta
B005190,PR01167,LU24-821,2024-09-23,2027-09-23,MAIN,500,422,2024-11-02,"Sharma, Kaul and Wable"
B005191,PR01168,ALB24C384,2024-04-04,2026-04-04,MAIN,200,176,2024-08-16,Oza-Rai
B005192,PR01168,AL22-531,2024-07-19,2027-07-19,SAT2,500,495,2024-12-01,"Anne, Mishra and Mallick"
B005193,PR01168,A1471625,2024-07-14,2026-07-14,MAIN,1000,986,2024-12-13,"Lalla, Sankar and Tata"
B005194,PR01168,ALB25L054,2024-09-16,2027-09-16,SAT1,100,93,2025-04-25,"Kari, Johal and Grover"
B005195,PR01168,AL22-188,2024-03-27,2027-03-27,MAIN,250,233,2024-09-21,"Gokhale, Bobal and Gaba"
B005196,PR01168,ALB21337,2024-11-03,2027-11-03,MAIN,1000,992,2024-12-15,Narayanan-Pandey
B005197,PR01169,KR24-213,2023-12-08,2025-12-08,SAT2,100,0,2024-01-15,"Shroff, Sarma and Balakrishnan"
B005198,PR01169,KR24-286,2024-11-17,2026-05-17,MAIN,500,432,2025-01-03,Sampath and Sons
B005199,PR01169,23K4720,2024-08-27,2026-02-27,MAIN,200,166,2025-01-23,Lala LLC
B005200,PR01169,K2013963,2024-07-07,2027-07-07,SAT2,100,13,2025-03-03,"Mallick, Dutta and Sama"
B005201,PR01169,24K291,2024-05-28,2027-05-28,MAIN,1000,823,2024-12-16,Balay-Sura
B005202,PR01169,KR25-546,2024-07-04,2026-07-04,MAIN,1000,827,2024-10-03,Bajwa-Naidu
B005203,PR01170,SKY78801,2024-11-22,2026-11-22,MAIN,1000,970,2025-03-30,Bhargava Inc
B005204,PR01170,S5698375,2023-10-29,2025-10-29,SAT1,250,134,2024-01-01,Batta and Sons
B005205,PR01170,SK24-039,2024-11-12,2026-05-12,MAIN,200,154,2025-04-10,Vaidya Inc
B005206,PR01170,24S2127,2024-08-01,2026-08-01,SAT1,1000,980,2024-12-13,"Dalal, Khurana and Thaman"
B005207,PR01170,SKY90935,2024-12-18,2027-12-18,MAIN,250,194,2025-01-17,Chand-Prashad
B005208,PR01170,SKY24K155,2023-11-06,2025-05-06,SAT2,500,342,2024-04-09,Kapur and Sons
B005209,PR01171,D7460897,2023-09-29,2026-09-29,SAT2,200,97,2024-03-21,Samra-Bera
B005210,PR01171,DR23-299,2024-04-26,2027-04-26,SAT1,200,190,2024-10-25,Borra-Barad
B005211,PR01171,DRU22K094,2023-09-08,2025-09-08,MAIN,200,16,2024-04-07,"Badal, Dada and Pau"
B005212,PR01171,DRU22D275,2024-10-13,2026-10-13,SAT2,100,100,2025-05-22,Jhaveri Group
B005213,PR01172,PLE91163,2024-10-26,2026-04-26,SAT2,500,500,2025-05-01,Hora-Nanda
B005214,PR01172,23P7219,2024-11-10,2026-11-10,SAT1,500,479,2025-01-19,Shanker-Bail
B005215,PR01172,PLE10091,2024-06-08,2027-06-08,MAIN,250,238,2024-08-31,Sengupta Group
B005216,PR01173,BON22L007,2023-08-06,2025-02-06,SAT2,200,72,2023-12-12,Vaidya Group
B005217,PR01173,24B6826,2024-04-27,2027-04-27,SAT1,100,56,2024-08-07,Nagar Group
B005218,PR01173,25B5048,2024-03-05,2026-03-05,MAIN,1000,905,2024-10-10,Sankar-Pillai
B005219,PR01173,BO22-355,2023-08-19,2025-08-19,MAIN,200,0,2023-11-10,Merchant-Pandit
B005220,PR01173,BO22-051,2023-11-10,2025-05-10,SAT2,250,7,2024-03-21,Oak-Oza
B005221,PR01173,BO25-469,2024-10-24,2027-10-24,SAT1,200,197,2025-02-12,"Prabhakar, Pillai and Bal"
B005222,PR01174,SRE29226,2024-12-10,2027-12-10,MAIN,200,185,2025-02-13,Naik-Khatri
B005223,PR01174,SRE45724,2023-10-29,2026-10-29,MAIN,200,62,2024-05-20,"Ram, Desai and Butala"
B005224,PR01174,SRE22H201,2023-08-24,2025-02-24,MAIN,100,0,2024-03-16,Contractor-Mital
B005225,PR01174,SRE98936,2024-03-09,2025-09-09,MAIN,250,167,2024-09-11,"Patla, Mangat and Borde"
B005226,PR01175,BES22L368,2023-05-24,2024-11-24,SAT2,250,97,2023-11-08,"Kapur, Pai and Dyal"
B005227,PR01175,B2426696,2024-06-25,2025-12-25,MAIN,250,86,2024-09-15,"Munshi, Deep and Peri"
B005228,PR01175,B8241110,2023-11-07,2025-11-07,MAIN,1000,845,2024-06-24,Bhatia Group
B005229,PR01175,BES54249,2024-08-23,2026-02-23,SAT1,100,100,2025-03-28,"Wagle, Tella and Gade"
B005230,PR01175,BES57936,2024-02-10,2027-02-10,SAT1,200,187,2024-06-30,Ramesh Ltd
B005231,PR01176,IND36280,2024-02-23,2026-02-23,MAIN,250,235,2024-10-17,Char-Bhavsar
B005232,PR01176,IND31835,2023-11-21,2026-11-21,SAT1,500,478,2024-02-29,"Goyal, Chanda and Mistry"
B005233,PR01176,22I2324,2023-05-20,2026-05-20,MAIN,250,198,2023-11-21,Swamy-Merchant
B005234,PR01177,A9292597,2023-08-10,2025-08-10,MAIN,100,0,2024-01-24,"Merchant, Nagarajan and Dixit"
B005235,PR01177,A2511848,2023-09-19,2026-09-19,MAIN,1000,645,2023-11-07,Jayaraman Inc
B005236,PR01177,A6744215,2023-05-01,2026-05-01,SAT1,1000,943,2023-12-08,"Deshmukh, Solanki and Rajan"
B005237,PR01177,23A8551,2024-09-29,2026-09-29,SAT2,500,479,2025-02-28,"Lala, Sheth and Jain"
B005238,PR01177,AKU22J263,2024-03-19,2026-03-19,MAIN,100,5,2024-09-06,Varghese Ltd
B005239,PR01178,VO25-269,2024-01-11,2027-01-11,SAT2,250,148,2024-08-11,"Dhaliwal, Mital and Bhandari"
B005240,PR01178,22V6520,2024-07-01,2027-07-01,MAIN,500,431,2024-12-20,Patil Ltd
B005241,PR01178,VOL32771,2024-01-28,2026-01-28,SAT2,1000,932,2024-04-10,Gera Ltd
B005242,PR01178,VO23-144,2024-01-03,2027-01-03,SAT2,1000,845,2024-02-11,Ganguly Ltd
B005243,PR01178,VOL22I250,2023-09-22,2025-03-22,MAIN,250,94,2024-04-19,Mangal-Andra
B005244,PR01178,VO23-636,2024-09-07,2026-03-07,MAIN,1000,969,2025-03-17,"Ghose, Iyer and Sarin"
B005245,PR01179,KL23-843,2024-08-27,2026-02-27,SAT1,200,195,2025-02-01,Mann Ltd
B005246,PR01179,K1438077,2024-02-09,2027-02-09,MAIN,100,65,2024-06-02,Krishna Inc
B005247,PR01179,KLA97082,2023-09-21,2025-03-21,SAT2,100,80,2024-02-02,Chakrabarti PLC
B005248,PR01179,KLA22L279,2024-08-19,2026-02-19,SAT2,500,494,2024-10-17,Pathak Ltd
B005249,PR01179,K2312354,2024-06-19,2025-12-19,SAT1,100,99,2024-12-22,"Gala, Pandya and Sridhar"
B005250,PR01179,KLA4200,2023-05-19,2025-05-19,SAT2,250,221,2024-01-05,"Nadig, Bhat and Bala"
B005251,PR01180,SHR5466,2024-10-27,2026-04-27,SAT1,500,490,2025-03-12,Sridhar-Krishnan
B005252,PR01180,SHR54348,2024-03-13,2026-03-13,SAT2,100,43,2024-06-12,Deshpande Ltd
B005253,PR01180,SHR64310,2023-12-15,2025-06-15,MAIN,250,18,2024-01-22,Dube LLC
B005254,PR01181,JOH70655,2023-10-24,2025-10-24,SAT1,100,73,2024-05-13,Ray-Anand
B005255,PR01181,JOH24F276,2024-01-14,2025-07-14,SAT2,200,155,2024-08-08,Chahal Inc
B005256,PR01181,JOH22L305,2023-12-23,2025-12-23,MAIN,1000,811,2024-06-06,Mittal Ltd
B005257,PR01182,25A7560,2023-10-11,2025-10-11,MAIN,1000,641,2023-11-11,"Kaul, Lala and Thakkar"
B005258,PR01182,AB23-071,2024-05-04,2025-11-04,MAIN,250,149,2024-08-17,"Peri, Solanki and Biswas"
B005259,PR01182,24A4554,2024-12-19,2026-06-19,SAT1,250,250,2025-03-11,Kala PLC
B005260,PR01182,A6733130,2025-02-15,2026-08-15,MAIN,1000,995,2025-05-09,"Sankaran, Goda and Shenoy"
B005261,PR01182,ABB7682,2024-03-01,2025-09-01,SAT1,250,201,2024-10-01,Sagar-Chahal
B005262,PR01182,ABB24J383,2024-05-12,2026-05-12,MAIN,100,5,2024-07-30,Tak and Sons
B005263,PR01183,SHR22A092,2024-01-22,2027-01-22,MAIN,500,293,2024-03-18,Dave-D’Alia
B005264,PR01183,SH22-345,2024-12-19,2027-12-19,MAIN,100,80,2025-05-10,Dora Inc
B005265,PR01183,SHR22H142,2023-09-09,2026-09-09,MAIN,100,0,2024-03-24,Chadha Ltd
B005266,PR01183,SHR58006,2024-01-22,2025-07-22,SAT1,250,236,2024-03-11,"Jani, Thakkar and Chacko"
B005267,PR01183,SHR25H195,2024-05-23,2025-11-23,MAIN,200,112,2024-11-01,Baral Inc
B005268,PR01184,SY24-322,2024-09-16,2026-03-16,MAIN,1000,977,2025-02-05,Mody-Banerjee
B005269,PR01184,SYM25K310,2024-02-03,2026-02-03,MAIN,1000,835,2024-08-29,Vora PLC
B005270,PR01184,SY23-653,2024-08-31,2026-08-31,SAT1,500,477,2025-04-19,Wable Ltd
B005271,PR01185,22A3369,2023-11-02,2025-11-02,MAIN,200,0,2024-01-10,Raghavan Ltd
B005272,PR01185,23A2993,2024-05-05,2025-11-05,MAIN,1000,904,2024-08-23,Mittal-Patel
B005273,PR01185,ALL92338,2023-12-23,2025-12-23,SAT1,1000,986,2024-05-13,Guha Inc
B005274,PR01185,A1940913,2024-01-15,2027-01-15,SAT1,100,42,2024-02-23,"Chokshi, Banik and Varghese"
B005275,PR01186,VO23-198,2024-10-22,2026-10-22,MAIN,100,78,2025-04-22,Boase Ltd
B005276,PR01186,VO23-651,2023-10-25,2025-10-25,MAIN,200,54,2024-05-02,Handa LLC
B005277,PR01186,VOS22F050,2023-12-02,2026-12-02,SAT1,1000,979,2024-07-09,Jhaveri-Chandra
B005278,PR01186,V5961607,2023-05-06,2025-05-06,MAIN,500,94,2023-11-13,Doshi-Kaur
B005279,PR01186,23V7187,2023-04-09,2025-04-09,MAIN,500,0,2023-11-15,Rastogi-Suresh
B005280,PR01186,24V7242,2024-12-13,2027-12-13,SAT1,100,80,2025-04-27,Mital Ltd
B005281,PR01187,ZIT24F122,2024-08-08,2026-08-08,MAIN,250,213,2024-09-23,"Biswas, Sule and Chada"
B005282,PR01187,22Z1814,2024-04-23,2025-10-23,MAIN,250,235,2024-12-09,Kalla Ltd
B005283,PR01187,24Z4602,2024-06-27,2027-06-27,MAIN,500,456,2024-12-03,"Chanda, Contractor and Toor"
B005284,PR01188,ZOD25A047,2023-10-20,2025-04-20,MAIN,200,0,2023-12-13,Mannan-Banik
B005285,PR01188,ZOD22K156,2024-03-28,2026-03-28,MAIN,500,450,2024-07-30,Balan-Choudhury
B005286,PR01188,24Z4749,2025-03-26,2027-03-26,MAIN,100,88,2025-04-28,Jha and Sons
B005287,PR01188,ZO23-741,2024-12-09,2027-12-09,SAT2,200,179,2025-03-26,Kothari LLC
B005288,PR01189,22E5016,2023-09-21,2026-09-21,SAT1,100,71,2024-04-17,Pillai-Sani
B005289,PR01189,EDR25495,2024-03-20,2026-03-20,SAT1,500,454,2024-09-07,Tailor Inc
B005290,PR01189,25E5109,2024-07-05,2027-07-05,SAT2,100,67,2024-09-15,Venkataraman-Soman
B005291,PR01189,EDR24B178,2023-09-18,2025-03-18,MAIN,100,0,2023-12-10,Pai-Bhardwaj
B005292,PR01190,ZEN55358,2023-05-08,2026-05-08,SAT1,250,203,2023-11-05,"Tandon, Setty and Palan"
B005293,PR01190,23Z3747,2024-03-04,2027-03-04,SAT1,100,79,2024-04-07,"Dube, Parmar and Sharaf"
B005294,PR01190,22Z8267,2023-09-21,2025-03-21,MAIN,1000,947,2023-12-20,Kara Inc
B005295,PR01191,25G6055,2024-10-19,2026-10-19,MAIN,500,482,2025-01-08,Joshi-Dalal
B005296,PR01191,GL22-330,2023-07-21,2025-01-21,MAIN,1000,933,2023-11-17,Bal-Hayre
B005297,PR01191,GLA24B153,2024-06-06,2027-06-06,MAIN,1000,981,2024-10-23,"Tank, Thakur and Bose"
B005298,PR01191,G6575885,2024-04-13,2027-04-13,SAT1,100,78,2024-11-03,Bhakta LLC
B005299,PR01192,FR25-394,2024-03-07,2026-03-07,SAT2,100,0,2024-06-01,"Sarraf, Balasubramanian and Guha"
B005300,PR01192,22F6707,2024-12-21,2026-12-21,SAT1,1000,995,2025-03-02,"Raghavan, Jha and Bhasin"
B005301,PR01192,23F5352,2023-09-24,2025-03-24,SAT1,200,138,2023-12-26,Rastogi-Shenoy
B005302,PR01193,23A6027,2023-10-17,2025-04-17,SAT2,500,453,2024-06-12,Arya LLC
B005303,PR01193,AVI24D174,2024-11-20,2026-11-20,MAIN,500,497,2025-03-27,"Mand, Rau and Ranganathan"
B005304,PR01193,A4831270,2023-11-02,2025-11-02,SAT1,250,210,2024-02-06,Korpal-Devan
B005305,PR01193,A8032724,2023-11-02,2026-11-02,SAT1,500,484,2024-02-16,Kamdar Ltd
B005306,PR01194,24N3631,2024-07-20,2026-07-20,MAIN,1000,995,2025-02-01,Bhargava-Balakrishnan
B005307,PR01194,NE24-840,2024-08-31,2027-08-31,MAIN,1000,988,2025-01-02,Chokshi-Nadkarni
B005308,PR01194,NE24-719,2024-02-04,2027-02-04,MAIN,100,73,2024-06-09,"Andra, Bala and Tandon"
B005309,PR01194,NEM23229,2024-08-08,2026-02-08,SAT2,100,92,2024-10-30,Mahal Ltd
B005310,PR01195,MIC83019,2024-04-27,2027-04-27,MAIN,1000,810,2024-07-17,Salvi and Sons
B005311,PR01195,M8218912,2024-01-05,2027-01-05,MAIN,100,0,2024-02-24,Gopal and Sons
B005312,PR01195,M8507611,2024-03-18,2027-03-18,SAT1,1000,980,2024-04-26,Kale-Balasubramanian
B005313,PR01195,M4270253,2024-11-23,2026-05-23,SAT2,200,160,2025-03-12,Nazareth-Warrior
B005314,PR01195,MI22-711,2024-09-02,2027-09-02,MAIN,500,426,2024-12-31,Memon-Mangal
B005315,PR01196,23A1709,2024-11-11,2027-11-11,MAIN,1000,974,2025-03-13,"Vora, Hans and Garg"
B005316,PR01196,AER82555,2024-09-29,2026-03-29,MAIN,200,57,2024-11-07,Sidhu LLC
B005317,PR01196,AE24-858,2024-11-22,2026-05-22,SAT2,1000,1000,2025-05-01,"Ahluwalia, Tailor and Grewal"
B005318,PR01196,A3705320,2024-12-06,2026-06-06,MAIN,100,71,2025-03-09,Vohra LLC
B005319,PR01197,AL24-185,2023-08-12,2025-02-12,MAIN,1000,651,2023-11-06,"Dhaliwal, Prakash and Nazareth"
B005320,PR01197,A7106821,2024-11-25,2026-11-25,MAIN,250,129,2025-01-31,"Mahal, Parekh and Mutti"
B005321,PR01197,AL23-320,2024-02-10,2026-02-10,SAT2,500,196,2024-04-05,Kakar PLC
B005322,PR01198,CAD85391,2023-05-17,2026-05-17,SAT2,250,224,2023-12-07,Salvi Inc
B005323,PR01198,23C6331,2025-02-26,2027-02-26,MAIN,500,495,2025-05-11,Mukhopadhyay PLC
B005324,PR01198,C5494180,2024-11-14,2026-05-14,SAT2,250,249,2025-03-03,Keer Group
B005325,PR01199,SA22-242,2024-01-06,2026-01-06,MAIN,250,233,2024-09-01,Jhaveri-Suresh
B005326,PR01199,SAN87490,2024-09-13,2026-03-13,MAIN,100,84,2024-12-02,Randhawa PLC
B005327,PR01199,24S3190,2024-07-29,2027-07-29,MAIN,500,492,2025-01-14,"Hans, Dhillon and Khosla"
B005328,PR01199,S1875035,2024-10-22,2026-10-22,MAIN,200,195,2025-05-13,"Badal, Bali and Kuruvilla"
B005329,PR01200,NOV25A372,2024-10-09,2026-10-09,SAT2,1000,995,2024-12-27,"Keer, Sabharwal and Kumer"
B005330,PR01200,NOV22L068,2023-03-20,2025-03-20,MAIN,100,42,2023-11-06,Patla-Venkataraman
B005331,PR01200,N3749377,2024-02-05,2027-02-05,SAT2,250,234,2024-04-28,Sachdev-Sama
B005332,PR01201,23T5679,2024-08-22,2027-08-22,SAT1,100,67,2024-11-14,Varughese-Sankar
B005333,PR01201,22T4577,2023-12-25,2025-12-25,MAIN,500,323,2024-06-25,"Srinivasan, Lata and Chaudhari"
B005334,PR01201,T9921594,2023-10-23,2026-10-23,SAT2,500,472,2024-02-17,Kashyap-Swaminathan
B005335,PR01201,TRU62011,2024-01-14,2026-01-14,MAIN,200,0,2024-07-27,De Inc
B005336,PR01202,K9122843,2024-10-21,2026-10-21,SAT2,1000,927,2024-11-20,Kari-Cherian
B005337,PR01202,KH22-034,2024-06-02,2027-06-02,MAIN,1000,902,2024-11-05,Natarajan-Pai
B005338,PR01202,25K4278,2024-12-26,2027-12-26,SAT2,250,235,2025-05-26,Sathe Group
B005339,PR01203,H8838997,2024-03-22,2027-03-22,MAIN,500,436,2024-09-22,Barad-Dara
B005340,PR01203,HE25-419,2024-03-06,2025-09-06,SAT1,1000,995,2024-08-12,Parmar-Varghese
B005341,PR01203,HET25L363,2024-07-30,2026-07-30,SAT2,1000,943,2024-09-04,Agrawal-Varghese
B005342,PR01203,22H4687,2024-02-09,2025-08-09,SAT1,1000,1000,2024-08-28,Choudhry Ltd
B005343,PR01203,HET22I350,2024-10-05,2026-04-05,SAT1,250,241,2024-12-23,Kulkarni-Buch
B005344,PR01204,HEA23G084,2023-11-22,2025-11-22,SAT2,500,482,2024-06-22,Sarna-Gokhale
B005345,PR01204,HEA24B226,2023-07-22,2026-07-22,SAT2,250,217,2023-11-09,"Chowdhury, Muni and Kala"
B005346,PR01204,H7387821,2024-01-20,2025-07-20,MAIN,250,208,2024-03-28,"Raghavan, Biswas and Bora"
B005347,PR01204,25H7460,2023-08-19,2026-08-19,MAIN,200,139,2023-12-20,Yohannan-Raj
B005348,PR01204,HEA25C326,2023-06-23,2025-06-23,SAT2,250,217,2023-12-05,Chaudry LLC
B005349,PR01205,23A1753,2024-05-16,2026-05-16,MAIN,200,179,2024-10-01,Balasubramanian-Issac
B005350,PR01205,24A7657,2023-07-05,2026-07-05,MAIN,1000,945,2024-01-10,Borra-Chakraborty
B005351,PR01205,AM24-657,2024-04-23,2027-04-23,MAIN,500,483,2024-08-25,"Ganesan, Ratta and Bains"
B005352,PR01206,ABB24L288,2024-03-15,2025-09-15,SAT1,1000,980,2024-05-13,Om-Nori
B005353,PR01206,22A9218,2024-06-27,2025-12-27,SAT2,500,437,2024-08-21,"Madan, Raghavan and Panchal"
B005354,PR01206,A4250057,2024-05-05,2026-05-05,SAT2,250,242,2024-08-23,Gill-Rao
B005355,PR01206,22A9609,2023-08-16,2025-02-16,SAT2,200,21,2023-12-01,"Koshy, Raghavan and Toor"
B005356,PR01206,25A9585,2024-05-13,2027-05-13,MAIN,1000,878,2024-10-12,Kata-Tata
B005357,PR01206,AB23-726,2024-01-11,2026-01-11,SAT1,250,222,2024-07-03,Chakraborty-Loke
B005358,PR01207,ZED42798,2024-11-04,2027-11-04,SAT2,500,498,2025-01-21,Issac LLC
B005359,PR01207,ZED14849,2024-10-29,2026-10-29,MAIN,200,200,2025-04-17,"Mahajan, Murty and Mand"
B005360,PR01207,23Z8103,2023-06-20,2025-06-20,MAIN,250,203,2024-01-21,Pandya-Roy
B005361,PR01207,24Z2530,2025-01-25,2028-01-25,SAT2,500,500,2025-04-28,Balakrishnan-Andra
B005362,PR01207,ZE23-843,2024-01-03,2025-07-03,SAT2,1000,973,2024-03-20,Amble Inc
B005363,PR01207,Z6787492,2023-08-25,2025-02-25,SAT2,200,176,2024-02-23,Sachdev Ltd
B005364,PR01208,SEL62324,2024-04-01,2025-10-01,SAT2,100,100,2024-06-05,Doshi Group
B005365,PR01208,S2876308,2024-06-02,2027-06-02,MAIN,1000,986,2025-01-14,Kannan PLC
B005366,PR01208,SEL51144,2024-04-11,2027-04-11,MAIN,500,477,2024-08-14,Sinha-Loke
B005367,PR01208,SE24-775,2024-10-18,2026-10-18,MAIN,100,95,2025-01-08,"Dass, Chaudhary and Saxena"
B005368,PR01208,S4748403,2024-08-30,2027-08-30,MAIN,500,489,2024-11-18,"Johal, Ramakrishnan and Wali"
B005369,PR01209,E9491278,2023-03-25,2026-03-25,SAT1,100,63,2023-11-08,Warrior LLC
B005370,PR01209,EPI22A198,2023-08-29,2025-08-29,SAT1,200,162,2023-11-08,"Bhakta, Nair and Seshadri"
B005371,PR01209,E2531689,2024-07-06,2026-01-06,SAT2,100,91,2024-08-23,Hari LLC
B005372,PR01209,23E3244,2024-02-28,2026-02-28,SAT2,100,96,2024-07-02,Chada Group
B005373,PR01209,E3638095,2024-01-18,2027-01-18,MAIN,1000,974,2024-09-11,"Patel, Bali and Comar"
B005374,PR01210,IND79988,2024-07-10,2026-07-10,MAIN,100,51,2024-12-23,Gulati Group
B005375,PR01210,23I1744,2024-09-02,2026-03-02,MAIN,100,31,2024-10-18,"Lad, Bahl and Khosla"
B005376,PR01210,I4642838,2024-02-23,2026-02-23,SAT1,500,479,2024-05-08,Wable-Krishnamurthy
B005377,PR01210,IND78387,2024-05-27,2026-05-27,MAIN,250,175,2024-12-02,"Magar, Gulati and Som"
B005378,PR01211,25B1929,2024-09-05,2027-09-05,MAIN,500,490,2025-01-23,Bandi-Aurora
B005379,PR01211,B1862804,2024-09-05,2027-09-05,SAT2,250,246,2025-01-12,"Salvi, Gera and Sur"
B005380,PR01211,BI24-503,2024-03-13,2027-03-13,SAT2,250,244,2024-10-04,"Narayanan, Nayak and Dash"
B005381,PR01211,BIO57047,2024-03-08,2025-09-08,SAT1,100,68,2024-04-23,Golla-Pant
B005382,PR01212,EMC35562,2024-04-30,2027-04-30,SAT2,250,209,2024-12-19,Mane-Ram
B005383,PR01212,22E9047,2024-07-06,2026-07-06,MAIN,200,176,2024-11-09,Narayan-Memon
B005384,PR01212,E7078428,2024-04-02,2026-04-02,SAT1,100,92,2024-07-29,Chad Ltd
B005385,PR01213,QUI8834,2023-12-06,2025-12-06,MAIN,100,0,2024-07-07,"Soni, Pandya and Saran"
B005386,PR01213,Q3752871,2023-11-02,2025-11-02,MAIN,200,69,2024-04-01,Soman LLC
B005387,PR01213,23Q7086,2024-11-14,2027-11-14,MAIN,250,186,2025-01-10,Tella Inc
B005388,PR01213,Q3830655,2023-11-20,2025-05-20,MAIN,500,336,2024-02-27,Choudhury Group
B005389,PR01213,Q9356901,2023-10-03,2026-10-03,SAT2,1000,848,2023-11-22,"Bhavsar, Sekhon and Jayaraman"
B005390,PR01213,QUI24K255,2024-01-29,2025-07-29,MAIN,500,278,2024-03-03,Mohan-Shenoy
B005391,PR01214,VA22-659,2024-05-16,2025-11-16,MAIN,1000,900,2024-10-02,"Mane, Nagar and Gour"
B005392,PR01214,24V5737,2024-04-09,2026-04-09,SAT1,100,78,2024-08-04,Munshi Ltd
B005393,PR01214,VA23-637,2023-09-09,2025-03-09,MAIN,500,168,2023-12-02,Rout Ltd
B005394,PR01214,V2474509,2025-01-17,2026-07-17,SAT2,500,500,2025-04-12,Kari and Sons
B005395,PR01215,S7288094,2023-09-23,2026-09-23,SAT1,100,15,2024-04-15,Mallick-Varkey
B005396,PR01215,SH25-092,2024-06-22,2025-12-22,MAIN,500,462,2024-11-15,"Sur, Chand and Batra"
B005397,PR01215,S2069380,2024-04-13,2025-10-13,MAIN,200,187,2024-12-06,Chana Group
B005398,PR01215,SHA88511,2024-12-06,2026-06-06,SAT1,200,200,2025-05-24,Shroff PLC
B005399,PR01215,SH25-720,2024-06-12,2027-06-12,SAT2,100,45,2024-12-29,Dass Ltd
B005400,PR01215,SHA22H112,2024-12-30,2027-12-30,SAT2,1000,1000,2025-03-28,"Mander, Nazareth and Sen"
B005401,PR01216,BIL25B003,2024-08-26,2026-08-26,SAT2,100,93,2024-12-13,Borde-Khatri
B005402,PR01216,BIL23I020,2024-02-23,2027-02-23,SAT1,100,5,2024-03-26,Madan PLC
B005403,PR01216,BI24-712,2025-01-27,2026-07-27,SAT2,200,200,2025-04-26,Manda-Chana
B005404,PR01216,24B678,2023-11-10,2025-05-10,SAT2,200,177,2024-04-03,"Mani, Ghose and Korpal"
B005405,PR01216,BI24-145,2024-09-29,2027-09-29,SAT2,250,241,2025-01-19,Panchal-Doctor
B005406,PR01216,BIL24C175,2024-03-30,2027-03-30,MAIN,500,474,2024-05-19,"Jaggi, Kala and Subramanian"
B005407,PR01217,MER92435,2024-08-05,2026-08-05,MAIN,100,80,2025-01-12,Warrior Group
B005408,PR01217,M6207105,2024-06-19,2026-06-19,SAT2,200,184,2024-10-21,"Parmer, Ravi and Swamy"
B005409,PR01217,M6057096,2024-09-18,2026-09-18,SAT2,200,22,2024-12-04,"Dash, Joshi and Bava"
B005410,PR01218,S2122162,2024-09-08,2026-03-08,SAT1,100,76,2025-02-02,Sachdeva LLC
B005411,PR01218,SAR15649,2024-01-26,2027-01-26,SAT2,500,481,2024-03-10,Mahal-Shan
B005412,PR01218,23S3402,2024-01-10,2027-01-10,MAIN,1000,981,2024-08-09,"Sodhi, Char and Butala"
B005413,PR01219,V2931288,2023-06-08,2026-06-08,MAIN,200,0,2023-11-28,Vasa-De
B005414,PR01219,V5218502,2023-10-30,2025-10-30,MAIN,200,0,2023-12-18,"Bhattacharyya, Vohra and Sidhu"
B005415,PR01219,VA24-702,2025-01-23,2027-01-23,SAT1,200,200,2025-03-29,Vig PLC
B005416,PR01219,VAI25I218,2023-10-21,2025-10-21,MAIN,1000,685,2024-01-20,Bora-Agate
B005417,PR01219,VAI22J305,2023-07-30,2025-01-30,SAT2,250,105,2024-03-18,Dara-D’Alia
B005418,PR01219,V7159848,2024-02-28,2026-02-28,MAIN,1000,899,2024-10-17,Dar-Borra
B005419,PR01220,DAK23J038,2024-08-14,2026-08-14,SAT2,1000,984,2024-09-24,Rattan-Kurian
B005420,PR01220,DAK24F387,2024-06-07,2025-12-07,SAT1,1000,999,2025-01-30,Raj-Bumb
B005421,PR01220,DAK25A097,2024-01-15,2027-01-15,MAIN,500,422,2024-07-19,Thaman and Sons
B005422,PR01220,25D9264,2023-12-18,2025-06-18,MAIN,200,3,2024-05-16,Shankar LLC
B005423,PR01220,DA23-203,2024-11-26,2026-11-26,MAIN,200,181,2025-03-20,Gera-Mittal
B005424,PR01220,DAK93828,2024-07-29,2026-07-29,SAT1,1000,1000,2024-10-05,Kala-Varty
B005425,PR01221,M9908779,2024-09-28,2027-09-28,SAT1,250,250,2025-03-16,"Nayar, Goyal and Khosla"
B005426,PR01221,MAR96858,2024-05-11,2027-05-11,SAT1,200,194,2024-07-29,Subramanian-Master
B005427,PR01221,MAR24G036,2023-07-04,2025-07-04,MAIN,500,143,2024-02-08,"Tandon, Shanker and Agrawal"
B005428,PR01221,MA22-914,2024-06-24,2026-06-24,SAT1,200,182,2024-10-26,Singh PLC
B005429,PR01222,24T2193,2024-02-07,2026-02-07,MAIN,250,91,2024-08-16,"Dara, Din and Oak"
B005430,PR01222,23T6188,2023-12-25,2025-12-25,SAT1,1000,909,2024-03-03,Gera LLC
B005431,PR01222,TOR32007,2024-09-23,2026-03-23,SAT2,500,461,2025-04-05,Dugar Inc
B005432,PR01222,TO25-063,2024-09-19,2026-09-19,MAIN,500,491,2025-04-27,"Balasubramanian, Gade and Gandhi"
B005433,PR01223,BIO23F120,2024-10-01,2027-10-01,MAIN,250,240,2025-01-11,Subramanian-Bhasin
B005434,PR01223,BIO48292,2023-10-09,2025-04-09,MAIN,200,153,2024-02-01,"Rege, Ravi and Sabharwal"
B005435,PR01223,BI25-867,2024-05-04,2026-05-04,MAIN,100,92,2024-11-13,"Bahl, Divan and Sani"
B005436,PR01223,BI24-830,2024-11-27,2027-11-27,MAIN,1000,998,2025-04-09,Jani-Kale
B005437,PR01224,VEN22G090,2025-01-28,2028-01-28,MAIN,250,248,2025-02-27,"Patel, Sharaf and Bhatnagar"
B005438,PR01224,VEN30301,2023-11-26,2025-05-26,MAIN,200,185,2024-07-19,Mohanty-Rau
B005439,PR01224,22V1393,2024-12-17,2027-12-17,MAIN,500,484,2025-02-08,"Wagle, Deol and Chopra"
B005440,PR01224,VEN23049,2024-07-02,2026-01-02,MAIN,1000,983,2025-01-11,"Agarwal, Atwal and Gulati"
B005441,PR01224,V8179435,2024-09-11,2026-03-11,MAIN,250,245,2025-04-30,"Sodhi, Andra and Bail"
B005442,PR01225,25D5759,2024-05-02,2027-05-02,SAT1,500,500,2024-08-08,Batra-Korpal
B005443,PR01225,22D4480,2024-12-08,2027-12-08,MAIN,250,250,2025-04-13,Venkatesh-Bhat
B005444,PR01225,DRC22A066,2023-10-12,2026-10-12,MAIN,100,0,2024-05-20,"Vala, Saha and Saran"
B005445,PR01226,MO25-879,2024-02-20,2025-08-20,SAT2,250,148,2024-08-28,"Kar, Gala and Bansal"
B005446,PR01226,23M4916,2023-11-21,2025-05-21,MAIN,100,0,2024-05-02,Banerjee-Varma
B005447,PR01226,MO25-867,2023-08-02,2025-02-02,MAIN,100,0,2023-12-11,Mahajan PLC
B005448,PR01227,25S9966,2024-01-20,2026-01-20,MAIN,200,34,2024-04-22,Dubey-Saran
B005449,PR01227,SA24-429,2024-05-08,2025-11-08,SAT2,200,190,2024-11-11,Modi-Zachariah
B005450,PR01227,22S4342,2023-11-21,2025-05-21,MAIN,500,133,2024-01-19,Rout-Goda
B005451,PR01227,SAN20494,2023-11-10,2025-11-10,MAIN,250,49,2024-04-10,"Rout, Palan and Bhargava"
B005452,PR01227,SAN20875,2024-11-18,2027-11-18,SAT1,200,185,2025-01-17,Mangat-Luthra
B005453,PR01227,25S2682,2023-10-19,2025-04-19,SAT2,100,31,2024-03-16,Rana-Nadig
B005454,PR01228,CEL16878,2024-06-26,2026-06-26,MAIN,1000,993,2024-11-22,Deol-Sane
B005455,PR01228,C9691517,2024-04-09,2026-04-09,SAT1,1000,998,2024-10-20,Rana-Patel
B005456,PR01228,C2879066,2024-06-16,2026-06-16,SAT2,250,241,2024-11-12,"Majumdar, Chakraborty and Uppal"
B005457,PR01229,PRO72196,2023-08-03,2025-08-03,SAT1,1000,939,2023-11-18,Thakkar Inc
B005458,PR01229,PRO23K392,2023-08-30,2025-02-28,MAIN,100,0,2023-12-03,Madan-Tara
B005459,PR01229,P2012027,2024-11-14,2026-11-14,SAT2,250,247,2025-04-11,Palla-Aggarwal
B005460,PR01229,PR23-484,2024-08-20,2026-02-20,MAIN,250,201,2025-03-31,Hari LLC
B005461,PR01229,PRO96626,2024-02-25,2025-08-25,SAT1,500,486,2024-08-14,Deo-Dixit
B005462,PR01229,P1906062,2024-11-11,2026-11-11,SAT1,100,94,2024-12-17,Grewal Group
B005463,PR01230,IPC91860,2025-02-04,2028-02-04,SAT2,500,500,2025-04-16,Ranganathan PLC
B005464,PR01230,IPC24D326,2024-02-07,2027-02-07,SAT1,200,171,2024-06-18,Bhardwaj and Sons
B005465,PR01230,IP23-196,2024-02-18,2025-08-18,SAT2,500,447,2024-07-28,Ramachandran Ltd
B005466,PR01230,IPC22I218,2024-10-08,2027-10-08,MAIN,200,160,2025-02-09,Pai-Garg
B005467,PR01231,U8624506,2024-06-02,2025-12-02,MAIN,500,374,2024-10-03,Savant-Kapoor
B005468,PR01231,U2982471,2024-11-16,2026-11-16,MAIN,100,69,2025-03-04,Anne PLC
B005469,PR01231,ULT22D015,2024-11-12,2026-05-12,MAIN,200,70,2024-12-25,"Bali, Shenoy and Kuruvilla"
B005470,PR01231,ULT23173,2025-03-10,2026-09-10,MAIN,1000,981,2025-04-14,Raj and Sons
B005471,PR01231,ULT25L072,2024-03-12,2027-03-12,SAT1,200,175,2024-07-13,Chadha-Sant
B005472,PR01232,ALN97039,2024-01-23,2026-01-23,MAIN,1000,829,2024-07-27,"Oza, Din and Dixit"
B005473,PR01232,ALN24650,2023-10-18,2025-10-18,SAT1,200,113,2024-02-12,Shroff-Ratta
B005474,PR01232,AL25-800,2024-05-11,2026-05-11,MAIN,200,0,2024-11-04,"Srinivas, Pillai and Das"
B005475,PR01232,ALN25L079,2024-07-29,2027-07-29,SAT2,500,464,2024-11-06,Oommen Ltd
B005476,PR01232,22A8007,2023-09-29,2025-09-29,MAIN,500,321,2023-12-24,"Iyengar, Subramaniam and Bakshi"
B005477,PR01232,A2665723,2023-08-04,2026-08-04,MAIN,200,8,2024-03-08,Parmar and Sons
B005478,PR01233,AB25-597,2025-02-24,2028-02-24,MAIN,100,96,2025-05-13,Reddy-Joshi
B005479,PR01233,24A3462,2023-07-10,2025-07-10,SAT2,200,155,2023-12-08,Deshpande Group
B005480,PR01233,25A7526,2024-04-30,2026-04-30,SAT2,200,186,2024-07-31,Kashyap-Kalla
B005481,PR01233,24A1512,2023-08-20,2025-02-20,MAIN,250,194,2024-01-08,Dayal-Doctor
B005482,PR01234,LLO30128,2023-10-19,2026-10-19,MAIN,500,107,2024-03-02,"Pant, Ratta and Dutta"
B005483,PR01234,L8712771,2023-06-24,2024-12-24,MAIN,100,0,2024-02-07,"Kashyap, Shroff and Dey"
B005484,PR01234,25L5203,2024-12-30,2026-06-30,MAIN,100,77,2025-04-22,Tank Ltd
B005485,PR01235,GON24A196,2024-07-31,2026-07-31,SAT2,250,211,2025-02-24,Grewal LLC
B005486,PR01235,G2546716,2024-04-23,2027-04-23,SAT1,200,193,2024-11-10,"Johal, Chaudry and Banik"
B005487,PR01235,GO24-683,2024-08-17,2026-08-17,SAT1,250,240,2024-12-24,Karnik Ltd
B005488,PR01235,G5174022,2024-03-05,2026-03-05,SAT1,250,229,2024-10-18,Bera-Amble
B005489,PR01235,G8676912,2023-05-04,2026-05-04,SAT1,500,411,2023-12-13,"Muni, Dhar and Johal"
B005490,PR01235,23G353,2024-09-30,2027-09-30,MAIN,200,112,2025-01-14,Bandi-Jayaraman
B005491,PR01236,A6938747,2024-07-07,2026-01-07,MAIN,200,187,2025-01-08,"Sehgal, Apte and Loke"
B005492,PR01236,AL25-319,2024-10-28,2026-04-28,MAIN,250,244,2025-01-08,Halder and Sons
B005493,PR01236,ALE25L354,2023-10-08,2026-10-08,SAT1,1000,912,2024-02-15,Dasgupta Ltd
B005494,PR01236,25A108,2025-02-08,2026-08-08,MAIN,100,89,2025-05-08,"Yogi, Varkey and Kade"
B005495,PR01237,24P3726,2024-05-31,2025-11-30,SAT2,1000,894,2025-01-20,"Mand, Peri and Rastogi"
B005496,PR01237,P2079999,2023-09-07,2025-03-07,MAIN,100,0,2023-11-16,"Butala, Datta and Parsa"
B005497,PR01237,P7583469,2024-11-26,2026-11-26,SAT1,1000,986,2025-01-20,"Sur, Arora and Luthra"
B005498,PR01237,P6834951,2023-10-04,2026-10-04,MAIN,1000,603,2024-02-23,Kanda-Sarraf
B005499,PR01237,PIF13338,2023-07-31,2026-07-31,MAIN,100,0,2023-11-18,Viswanathan Ltd
B005500,PR01237,PI23-284,2023-03-16,2026-03-16,MAIN,100,0,2023-11-05,"Prabhu, Comar and Sood"
B005501,PR01238,I9318916,2024-09-18,2026-03-18,MAIN,250,243,2025-02-17,Rajan-Zachariah
B005502,PR01238,IGP74090,2023-12-21,2025-12-21,SAT1,1000,945,2024-05-17,Raju LLC
B005503,PR01238,I8792866,2023-12-02,2025-06-02,MAIN,200,178,2024-06-02,Parikh-Mohanty
B005504,PR01239,GRA71875,2023-11-01,2026-11-01,MAIN,200,27,2024-04-25,Dhawan-Char
B005505,PR01239,GRA23J242,2023-07-10,2025-01-10,SAT2,1000,908,2023-11-16,Suri-Zacharia
B005506,PR01239,22G4015,2024-02-24,2025-08-24,MAIN,1000,838,2024-04-30,Sheth PLC
B005507,PR01240,25Z7950,2024-03-02,2027-03-02,MAIN,1000,885,2024-07-23,"Dugar, Saran and Mann"
B005508,PR01240,ZYD8521,2024-01-25,2027-01-25,MAIN,200,0,2024-07-09,Naidu and Sons
B005509,PR01240,ZYD25K384,2024-06-23,2026-06-23,MAIN,100,38,2024-11-30,"Dhillon, Seshadri and Hora"
B005510,PR01240,22Z2455,2024-08-05,2027-08-05,SAT2,1000,966,2025-03-11,"Sangha, Vig and Wagle"
B005511,PR01240,ZYD22F122,2024-07-26,2026-07-26,SAT2,1000,971,2024-10-04,Jayaraman-Lall
B005512,PR01241,ZEE22H185,2024-07-02,2026-01-02,MAIN,100,39,2025-02-04,"Deo, Vora and Kala"
B005513,PR01241,ZEE24I378,2024-01-09,2026-01-09,SAT1,250,247,2024-08-11,"Barad, Kant and Shan"
B005514,PR01241,Z7366788,2024-06-02,2027-06-02,SAT2,200,190,2025-01-18,"Sidhu, Vasa and Kalla"
B005515,PR01241,22Z1137,2024-09-24,2026-09-24,SAT1,250,250,2025-01-18,"Kakar, Buch and Pradhan"
B005516,PR01241,ZEE36410,2023-12-24,2025-06-24,MAIN,100,0,2024-07-24,Khanna and Sons
B005517,PR01242,WEL15879,2023-09-09,2025-09-09,SAT2,1000,979,2023-11-11,Uppal LLC
B005518,PR01242,WEL92408,2023-06-24,2025-06-24,MAIN,1000,928,2023-12-01,"Salvi, Pai and Patil"
B005519,PR01242,WEL20823,2024-08-26,2027-08-26,MAIN,200,187,2025-03-11,Balan and Sons
B005520,PR01242,W5321868,2024-04-12,2026-04-12,SAT2,500,485,2024-08-02,Apte-Randhawa
B005521,PR01242,WE25-495,2023-08-10,2025-02-10,SAT1,1000,894,2024-01-27,Saraf-Viswanathan
B005522,PR01242,WE23-212,2024-01-21,2027-01-21,MAIN,100,60,2024-05-18,Bansal-Rau
B005523,PR01243,KI22-711,2023-07-03,2025-07-03,MAIN,500,336,2024-02-25,"Shankar, Kapoor and Mishra"
B005524,PR01243,24K5509,2024-02-15,2026-02-15,SAT2,500,378,2024-05-05,Sahni-Sinha
B005525,PR01243,KIA23L243,2023-12-12,2025-06-12,SAT2,100,71,2024-06-13,Mishra PLC
B005526,PR01243,K3808134,2024-06-29,2025-12-29,SAT2,100,50,2024-10-27,"Wali, Sangha and Koshy"
B005527,PR01244,T6488244,2024-08-05,2026-02-05,MAIN,200,130,2024-12-20,Parmar Ltd
B005528,PR01244,TH23-355,2024-10-26,2026-04-26,SAT2,250,213,2025-03-17,"Chakraborty, Acharya and Kashyap"
B005529,PR01244,THR24G072,2024-02-10,2026-02-10,MAIN,100,52,2024-08-19,"Natt, Goyal and Mukherjee"
B005530,PR01244,23T3505,2024-11-03,2026-11-03,MAIN,500,453,2025-03-19,Singh Group
B005531,PR01245,CAN22K233,2024-02-06,2025-08-06,MAIN,100,0,2024-09-23,Dua Inc
B005532,PR01245,CAN24H385,2024-07-26,2026-07-26,SAT1,500,453,2025-01-05,Pandey-Rattan
B005533,PR01245,CAN24L157,2023-07-02,2025-01-02,MAIN,200,66,2024-02-09,Sathe LLC
B005534,PR01246,E6570774,2025-01-22,2028-01-22,MAIN,1000,995,2025-05-18,Sachdeva and Sons
B005535,PR01246,EA25-962,2023-07-04,2026-07-04,MAIN,1000,822,2023-12-07,"Kurian, Nayar and Mani"
B005536,PR01246,EA25-107,2023-12-07,2026-12-07,MAIN,100,0,2024-02-18,Iyer PLC
B005537,PR01246,25E2818,2024-03-14,2026-03-14,MAIN,200,58,2024-05-12,"Pall, Nagi and Mangal"
B005538,PR01247,T6265143,2024-02-14,2026-02-14,MAIN,100,0,2024-05-22,Pathak-Saran
B005539,PR01247,TRI39074,2024-06-27,2027-06-27,SAT2,250,235,2024-11-22,"Pillai, Issac and Borde"
B005540,PR01247,TR25-317,2023-06-12,2025-06-12,MAIN,200,0,2024-01-07,Bhardwaj-Varghese
B005541,PR01247,24T6262,2024-09-19,2026-09-19,MAIN,200,197,2025-05-03,Kalla-Balay
B005542,PR01247,TRI63605,2023-11-04,2025-05-04,MAIN,1000,897,2024-06-09,Doctor Ltd
B005543,PR01248,RET94759,2024-08-25,2026-02-25,MAIN,500,476,2025-01-27,Babu Ltd
B005544,PR01248,RET22H378,2024-08-02,2026-02-02,SAT1,250,229,2024-11-08,Sibal and Sons
B005545,PR01248,R5849238,2023-05-05,2026-05-05,MAIN,100,0,2023-12-08,Puri-Kant
B005546,PR01248,RE25-191,2024-01-15,2025-07-15,SAT1,200,162,2024-06-07,"Ganesh, Panchal and Ramakrishnan"
B005547,PR01249,OR22-426,2024-02-07,2027-02-07,MAIN,1000,983,2024-09-21,"Shenoy, Jayaraman and Grewal"
B005548,PR01249,ORA62592,2023-12-05,2025-12-05,MAIN,500,469,2024-06-19,Jayaraman LLC
B005549,PR01249,ORA24335,2024-03-28,2025-09-28,SAT2,200,192,2024-05-20,"Seth, Loyal and Kala"
B005550,PR01249,24O586,2023-08-06,2025-08-06,SAT1,100,0,2024-01-26,"Bhattacharyya, Sandhu and Raman"
B005551,PR01249,O4482682,2024-05-13,2026-05-13,MAIN,100,92,2024-08-18,Char PLC
B005552,PR01250,S2348538,2023-12-23,2026-12-23,MAIN,250,217,2024-05-22,Bandi PLC
B005553,PR01250,SYS9749,2024-04-10,2027-04-10,MAIN,500,464,2024-05-29,Mittal PLC
B005554,PR01250,S8314252,2024-06-16,2027-06-16,SAT2,250,245,2024-10-10,"Sankar, Randhawa and Bajaj"
B005555,PR01250,SY24-268,2024-03-22,2027-03-22,SAT1,100,97,2024-10-30,"Sathe, Johal and Dube"
B005556,PR01250,24S8178,2024-06-26,2027-06-26,MAIN,100,88,2024-11-10,More-Modi
B005557,PR01251,OL-032309,2023-03-01,2025-02-01,SAT1,200,188,2024-02-06,Hora-Singh
B005558,PR01252,1I245476,2024-09-01,2027-08-01,MAIN,250,229,2024-10-01,"Parikh, Patil and Mammen"
B005559,PR01253,ONA12515,2025-01-01,2026-12-01,MAIN,1000,997,2025-03-21,Sule Group
B005560,PR01254,YCRE23010,2023-10-01,2025-09-01,MAIN,100,22,2024-01-03,Bajaj PLC
B005561,PR01254,YCRE33010,2023-07-05,2025-07-05,MAIN,100,0,2023-11-09,Tandon Inc
B005562,PR01255,24EC721,2024-07-01,2026-06-01,MAIN,1000,1000,2025-05-27,Master-Pau
B005563,PR01255,04ET721,2025-03-20,2027-03-20,MAIN,200,200,2025-07-11,"Chokshi, Atwal and Mangal"
B005564,PR01256,HT24565,2024-07-01,2026-06-01,SAT2,1000,1000,2025-01-21,Swaminathan-Koshy
B005565,PR01256,HT24966,2024-12-07,2026-12-07,SAT2,100,50,2025-02-16,"Magar, Sahota and Saran"
B005566,PR01257,LSU2404015,2024-04-01,2029-03-01,SAT2,1000,996,2024-09-30,"Mital, Kumer and Tak"
B005567,PR01257,TSU2404015,2024-01-21,2026-01-21,SAT2,500,480,2024-07-12,Kaur PLC
B005568,PR01258,ST-223,2023-06-01,2025-05-01,MAIN,250,231,2024-05-31,Bhandari-Nanda
B005569,PR01258,ST-023,2023-11-11,2025-11-11,MAIN,200,122,2024-04-30,Thaker PLC
B005570,PR01259,L3352301A,2023-06-01,2025-05-01,SAT1,500,497,2024-09-30,Narula Group
B005571,PR01259,L3152301A,2024-04-02,2026-04-02,SAT1,200,198,2024-07-30,Pai-Chahal
B005572,PR01260,724543,2024-11-01,2026-10-01,SAT2,250,250,2024-12-11,"Halder, Savant and Mitter"
B005573,PR01260,756543,2024-10-27,2026-10-27,SAT2,100,98,2025-01-26,"Sengupta, Savant and Chana"
B005574,PR01261,TSF-B5792,2023-10-01,2025-09-01,MAIN,500,490,2024-10-17,"Wadhwa, Zacharia and Thakkar"
B005575,PR01262,RD220034,2022-10-01,2024-09-01,MAIN,200,200,2024-05-01,Saxena LLC
B005576,PR01263,PGT24708,2024-09-01,2026-08-01,MAIN,250,250,2024-11-12,Lalla LLC
B005577,PR01263,PIT24708,2024-06-04,2026-06-04,MAIN,250,213,2024-08-20,Rau PLC
B005578,PR01264,JDO-1027,2023-05-01,2025-04-01,SAT2,100,100,2025-01-23,Kala-Thakur
B005579,PR01264,JLO-1027,2025-02-06,2027-02-06,SAT2,1000,1000,2025-03-25,Rana and Sons
B005580,PR01265,16240148D,2024-05-01,2026-04-01,MAIN,200,135,2024-11-22,"Naik, Bhardwaj and Doctor"
B005581,PR01265,16241548D,2024-03-09,2026-03-09,MAIN,100,74,2024-09-19,Bath PLC
B005582,PR01266,GV3E001,2023-05-01,2026-04-01,SAT1,200,200,2025-02-07,"Ramakrishnan, Mand and Ramaswamy"
B005583,PR01266,GV3E007,2024-10-06,2026-10-06,SAT1,250,250,2025-04-01,"Gandhi, Lanka and Kapadia"
B005584,PR01267,ANET1107,2023-07-01,2024-12-01,MAIN,250,222,2024-05-24,Kata-Parmar
B005585,PR01268,MC-24229,2024-04-01,2026-03-01,SAT2,500,493,2024-07-31,Wadhwa-Ravi
B005586,PR01268,MF-21229,2024-06-15,2026-06-15,SAT2,100,97,2024-08-12,"Narayan, Goel and Choudhury"
B005587,PR01269,SS-084032,2024-08-01,2026-07-01,MAIN,500,481,2025-01-08,Chaudry Ltd
B005588,PR01269,SS-087432,2024-10-26,2026-10-26,MAIN,100,100,2025-03-05,Ramachandran-Balay
B005589,PR01270,SB43/001M/24,2024-07-01,2029-07-01,SAT1,500,495,2024-08-06,Thaman Group
B005590,PR01270,SB45/001N/24,2024-01-12,2026-01-12,SAT1,1000,997,2024-06-22,Ahluwalia PLC
B005591,PR01271,AFL241415,2024-10-01,2026-09-01,SAT1,100,84,2024-12-29,"Bath, Kadakia and Narayanan"
B005592,PR01271,AFL291485,2024-05-23,2026-05-23,SAT1,500,492,2024-10-19,Saini-Mannan
B005593,PR01272,TA24688,2024-08-01,2026-07-01,MAIN,1000,1000,2025-02-15,Sane-Acharya
B005594,PR01273,V0244001,2024-02-01,2026-01-01,MAIN,200,200,2025-03-06,Bhargava-Kala
B005595,PR01274,SVI-24171A,2024-08-01,2026-07-01,MAIN,200,199,2025-02-19,Rau-Lad
B005596,PR01274,SVI-24691A,2024-10-10,2026-10-10,MAIN,1000,1000,2025-04-03,Majumdar-Sharaf
B005597,PR01275,LV4987,2024-11-01,2026-10-01,SAT2,250,250,2025-03-11,Das-Bumb
B005598,PR01276,GT300234,2023-05-01,2025-04-01,SAT1,500,500,2024-05-28,Bumb-Grewal
B005599,PR01276,GT900234,2024-06-25,2026-06-25,SAT1,1000,1000,2024-08-23,D’Alia LLC
B005600,PR01277,E24020A,2024-02-01,2026-01-01,SAT1,200,179,2024-05-07,Khanna Ltd
B005601,PR01278,K2302484,2023-12-01,2026-11-01,MAIN,500,500,2025-03-05,"Ravel, Munshi and Panchal"
B005602,PR01279,RZAB01,2023-05-01,2025-04-01,SAT1,500,500,2024-10-20,"Rege, Thakkar and Boase"
B005603,PR01280,4D40168,2024-10-01,2027-09-01,MAIN,500,496,2025-02-26,"Basu, Basak and Mittal"
B005604,PR01280,4D40188,2025-01-01,2027-01-01,MAIN,250,245,2025-02-23,Murthy PLC
B005605,PR01281,C2402-02F,2024-02-01,2026-01-01,SAT1,1000,997,2024-12-10,"Kant, Kale and Kalita"
B005606,PR01281,A2402-07F,2024-09-22,2026-09-22,SAT1,200,193,2024-12-05,Deep-Sagar
B005607,PR01282,BT408244A,2024-08-01,2026-04-01,SAT1,100,95,2025-03-07,"Rattan, Agarwal and Chaudhry"
B005608,PR01283,L23J003A,2023-10-01,2025-09-01,SAT2,200,197,2024-11-21,Varma LLC
B005609,PR01284,KP247236,2023-07-01,2025-06-01,MAIN,100,95,2024-11-18,Acharya-Bal
B005610,PR01284,KP249836,2024-08-25,2026-08-25,MAIN,200,194,2025-01-01,Nigam Group
B005611,PR01285,GT -1240,2025-05-01,2027-04-01,MAIN,500,500,2025-05-31,Venkataraman Inc
B005612,PR01285,AT -8240,2025-01-29,2027-01-29,MAIN,100,100,2025-06-29,Balasubramanian Inc
B005613,PR01286,GMW0116,2024-08-01,2026-07-01,MAIN,100,80,2025-05-02,Menon LLC
B005614,PR01286,GMW5716,2024-12-14,2026-12-14,MAIN,100,80,2025-04-19,Chandra-Chanda
B005615,PR01287,HICO23010A,2023-10-01,2025-09-01,SAT2,500,495,2025-05-05,Bhakta-Rajan
B005616,PR01287,TICO03010A,2025-01-13,2027-01-13,SAT2,1000,995,2025-02-21,"Chana, Merchant and D’Alia"
B005617,PR01288,IJWX/074,2023-09-01,2025-09-01,MAIN,1000,945,2024-05-16,Rattan Ltd
B005618,PR01288,IJRX/274,2024-03-04,2026-03-04,MAIN,500,478,2024-07-06,"Prakash, Bansal and Parekh"
B005619,PR01289,HIHE23028A,2023-10-01,2025-09-01,SAT1,500,495,2024-05-29,Dara-Chandran
B005620,PR01289,HIHE63028A,2024-04-05,2026-04-05,SAT1,500,497,2024-08-13,"Kapadia, Sabharwal and Walia"
B005621,PR01290,3780,2024-08-01,2026-07-01,MAIN,1000,998,2024-09-13,Bumb-Thaker
B005622,PR01290,3760,2024-06-16,2026-06-16,MAIN,500,488,2024-11-06,Tailor-Bose
B005623,PR01291,T22H370C,2022-08-01,2024-07-01,MAIN,250,239,2024-04-15,Amble-Yadav
B005624,PR01292,22X23002,2023-07-01,2027-06-01,MAIN,200,173,2023-12-28,Mukhopadhyay PLC
B005625,PR01292,22X23862,2023-10-25,2025-10-25,MAIN,100,79,2023-12-29,Jani Ltd
B005626,PR01293,ME404,2024-03-01,2026-02-01,MAIN,200,198,2025-01-01,Pau Inc
B005627,PR01293,ME434,2024-06-04,2026-06-04,MAIN,100,97,2024-11-19,Chaudhuri-Sami
B005628,PR01294,VDL-1240,2022-07-01,2024-06-01,SAT1,200,178,2023-12-14,Dube PLC
B005629,PR01295,HM-1722,2022-12-01,2024-05-01,MAIN,500,500,2024-01-18,Johal and Sons
B005630,PR01295,HM-1787,2023-05-27,2025-05-27,MAIN,250,218,2023-11-29,Hayer LLC
B005631,PR01296,LV4210,2024-03-01,2026-02-01,MAIN,100,91,2024-04-10,"Pandit, Gade and Deshmukh"
B005632,PR01296,VV4010,2024-01-16,2026-01-16,MAIN,100,100,2024-07-08,Lanka Inc
B005633,PR01297,T24/006A,2024-12-01,2026-11-01,SAT1,200,200,2025-02-09,"Ben, Kala and Sridhar"
B005634,PR01298,GTL1296,2024-12-01,2026-11-01,MAIN,100,100,2025-02-03,"Bora, Sinha and Tandon"
B005635,PR01299,TA24036,2024-01-01,2025-12-01,MAIN,1000,943,2024-05-13,Vig-Palla
B005636,PR01300,RL-231203,2024-02-01,2026-01-01,MAIN,100,98,2025-03-07,Dubey-Sen
B005637,PR01301,TCRM-010,2023-11-01,2025-10-01,MAIN,1000,964,2024-07-29,Zachariah-Amble
B005638,PR01301,TCYQ-010,2024-01-17,2026-01-17,MAIN,200,186,2024-07-21,Ratta-Cherian
B005639,PR01302,MT-25D71,2025-04-01,2027-03-01,MAIN,500,500,2025-05-17,Golla Group
B005640,PR01303,DP4111,2024-03-01,2027-02-01,MAIN,200,194,2025-02-04,"Deep, Bali and Karpe"
B005641,PR01303,DP4131,2024-06-16,2026-06-16,MAIN,500,496,2024-12-07,Rama PLC
B005642,PR01304,V23146,2023-06-01,2025-05-01,MAIN,100,89,2024-04-11,Borah-Sanghvi
B005643,PR01305,T24/018A,2024-12-01,2026-11-01,MAIN,200,200,2025-04-19,Swaminathan-Chander
B005644,PR01305,T24/378A,2024-10-07,2026-10-07,MAIN,200,189,2025-01-19,Choudhary Inc
B005645,PR01306,UDT10723,2023-03-01,2024-08-01,SAT1,250,243,2023-12-02,"Sankar, Bava and Bhatnagar"
B005646,PR01306,UDT70723,2023-06-24,2025-06-24,SAT1,250,242,2023-11-11,"Bumb, Dara and Deep"
B005647,PR01307,CN24010001,2024-01-01,2028-12-01,MAIN,250,250,2025-02-10,"Karpe, Kant and Hayre"
B005648,PR01307,LN24010008,2024-08-05,2026-08-05,MAIN,100,100,2024-12-28,Gopal LLC
B005649,PR01308,AHH0230,2022-08-01,2025-07-01,MAIN,500,488,2024-02-05,Trivedi-Tandon
B005650,PR01308,AHH1230,2023-09-24,2025-09-24,MAIN,100,80,2023-12-26,"Deshmukh, Bhargava and Sanghvi"
B005651,PR01309,LMT240263,2023-03-01,2026-02-01,MAIN,200,170,2024-06-19,Kant Inc
B005652,PR01309,RMT240263,2024-03-05,2026-03-05,MAIN,250,215,2024-06-16,Om-Sani
B005653,PR01310,07493,2024-01-01,2025-12-01,MAIN,1000,993,2025-03-09,"Tiwari, Cheema and Bahri"
B005654,PR01311,MT-24D03,2024-04-01,2026-03-01,MAIN,250,221,2024-11-28,"Ram, Chokshi and Ravel"
B005655,PR01311,MT-44D33,2024-05-11,2026-05-11,MAIN,1000,981,2024-11-23,"Bava, Mani and Parmer"
B005656,PR01312,F41799,2024-11-01,2027-10-01,MAIN,1000,993,2025-01-15,Padmanabhan and Sons
B005657,PR01312,J41779,2024-08-27,2026-08-27,MAIN,250,247,2024-12-24,Bhattacharyya and Sons
B005658,PR01313,RD220037,2022-10-01,2024-09-01,MAIN,200,182,2023-12-03,Kalla Group
B005659,PR01313,RD270037,2023-06-08,2025-06-08,MAIN,500,479,2023-09-14,Venkataraman Inc
B005660,PR01314,ST-25456,2024-10-01,2026-09-01,MAIN,200,192,2025-01-29,Mahal-Chauhan
B005661,PR01315,MT243714,2024-11-01,2026-10-01,SAT1,500,500,2025-02-20,"Arya, Kulkarni and Kumer"
B005662,PR01316,HLI615F,2024-06-01,2026-05-01,MAIN,1000,997,2025-02-24,"Ray, Basak and Borra"
B005663,PR01316,XLI615F,2024-09-03,2026-09-03,MAIN,500,500,2024-12-02,"Tata, Chaudry and Kunda"
B005664,PR01317,PA022415,2024-02-01,2026-01-01,SAT2,200,199,2024-11-30,Keer LLC
B005665,PR01317,PX022415,2024-12-12,2026-12-12,SAT2,250,250,2025-01-16,Nanda-Lall
B005666,PR01318,DMT1197B,2023-08-01,2025-07-01,SAT1,100,100,2024-12-31,Pandey-Balan
B005667,PR01319,03BF1734,2022-08-01,2025-07-01,MAIN,200,195,2024-12-18,Apte-Natarajan
B005668,PR01320,2378021,2023-08-01,2025-07-01,MAIN,200,190,2025-02-18,"Banerjee, Sachdev and Deep"
B005669,PR01321,MT-25D58,2025-04-01,2027-03-01,MAIN,100,100,2025-05-13,"Shan, Lala and Oak"
B005670,PR01322,L-24022,2024-06-01,2026-05-01,SAT1,500,488,2024-12-08,Sankaran-Kannan
B005671,PR01323,23DQE20,2023-05-01,2025-04-01,MAIN,1000,997,2024-10-25,"Pall, Baria and Sur"
B005672,PR01324,STRO-0103,2023-04-01,2025-03-01,MAIN,200,190,2024-03-19,Dhar-Mahal
B005673,PR01324,STYO-0203,2023-09-12,2025-09-12,MAIN,250,232,2024-02-17,Mody and Sons
B005674,PR01325,R-240327,2024-03-01,2026-02-01,MAIN,200,159,2025-02-10,"Babu, Mannan and Parmer"
B005675,PR01326,01AF0301,2023-12-01,2026-11-01,SAT1,100,97,2024-04-20,Savant-Sankar
B005676,PR01326,01KF0301,2024-02-02,2026-02-02,SAT1,1000,990,2024-03-11,Mutti and Sons
B005677,PR01327,MT-25D62,2025-04-01,2027-03-01,MAIN,250,250,2025-05-13,"Walla, Mani and Sha"
B005678,PR01328,NZKT-013,2023-08-01,2025-07-01,MAIN,250,240,2025-04-09,Ramakrishnan-Chada
B005679,PR01328,NZKV-013,2024-11-07,2026-11-07,MAIN,1000,1000,2025-05-25,"Pai, Hayer and Basu"
B005680,PR01329,TSF-C0116,2024-01-01,2025-12-01,SAT2,500,458,2024-02-13,Raman LLC
B005681,PR01329,TSF-C0166,2023-10-30,2025-10-30,SAT2,200,181,2024-05-08,Dewan-Vohra
B005682,PR01330,251TTF011,2023-07-01,2025-06-01,MAIN,1000,995,2024-10-10,"Rattan, Dasgupta and Singh"
B005683,PR01331,XMSD-001,2023-03-01,2024-08-01,MAIN,100,94,2024-02-02,Prashad-Venkataraman
B005684,PR01331,XMHD-001,2023-12-13,2025-12-13,MAIN,200,177,2024-03-12,Atwal-Desai
B005685,PR01332,A297,2024-07-01,2026-06-01,MAIN,1000,956,2025-03-28,"Ram, Dayal and Sehgal"
B005686,PR01332,B097,2024-10-24,2026-10-24,MAIN,1000,1000,2025-01-13,Chad-Dara
B005687,PR01333,GTE1974,2024-07-01,2026-06-01,MAIN,1000,990,2025-05-15,Ram-Devan
B005688,PR01333,GTR1974,2025-01-15,2027-01-15,MAIN,100,80,2025-03-24,"Zachariah, Rastogi and Saran"
B005689,PR01334,F31823,2023-10-01,2026-09-01,MAIN,1000,997,2025-01-23,Gupta LLC
B005690,PR01334,F31863,2024-11-14,2026-11-14,MAIN,200,200,2025-04-04,"Vig, Datta and Madan"
B005691,PR01335,TPD24015,2024-07-01,2026-06-01,MAIN,100,100,2025-05-16,Sachar-Subramanian
B005692,PR01336,LMT240449,2024-04-01,2026-03-01,SAT1,100,23,2024-10-23,"Batra, Dash and Randhawa"
B005693,PR01336,LMV240409,2024-11-19,2026-11-19,SAT1,250,245,2024-12-19,Radhakrishnan-Dugar
B005694,PR01337,CCT24984B,2024-07-01,2026-06-01,SAT2,250,250,2025-05-01,Swaminathan-Merchant
B005695,PR01337,CCT74984B,2025-02-18,2027-02-18,SAT2,100,85,2025-04-05,Dugar Inc
B005696,PR01338,PXT123F02,2023-03-01,2025-05-01,MAIN,1000,986,2025-02-25,Tank-Deo
B005697,PR01338,PXT323F02,2025-03-24,2027-03-24,MAIN,250,250,2025-05-01,Chadha Ltd
B005698,PR01339,GL2301001,2023-01-01,2024-12-01,MAIN,500,500,2024-08-23,Naidu and Sons
B005699,PR01339,GL3301051,2024-04-15,2026-04-15,MAIN,200,199,2024-10-11,Gola-Jain
B005700,PR01340,MLHT-1022,2023-09-01,2026-08-01,SAT2,500,471,2024-09-03,Doshi-Om
B005701,PR01341,OTC-382A,2023-04-01,2025-03-01,MAIN,500,482,2024-01-12,"Ramakrishnan, Bandi and Acharya"
B005702,PR01342,SLG24095,2024-03-01,2026-02-01,MAIN,500,496,2024-09-30,"Nagi, Virk and More"
B005703,PR01342,SLG24091,2024-05-17,2026-05-17,MAIN,500,492,2024-10-02,"Ramakrishnan, Bhatnagar and Sethi"
B005704,PR01343,TS24047,2024-10-01,2025-12-01,MAIN,1000,979,2025-04-22,Chokshi LLC
B005705,PR01343,DS24347,2024-12-23,2026-12-23,MAIN,1000,1000,2025-01-22,Nori and Sons
B005706,PR01344,VBT2417,2024-03-01,2026-02-01,MAIN,1000,963,2024-08-15,Parsa Ltd
B005707,PR01344,VBT2416,2024-08-14,2026-08-14,MAIN,1000,983,2024-10-10,Narayanan and Sons
B005708,PR01345,MT-25D55,2025-04-01,2027-03-01,SAT2,250,250,2025-05-11,Guha Ltd
B005709,PR01345,AT-25D55,2024-10-28,2026-10-28,SAT2,100,79,2025-05-03,Varma LLC
B005710,PR01346,C4093044,2023-09-01,2025-08-01,MAIN,100,89,2023-12-02,Sachdev-Badal
B005711,PR01346,C4493044,2023-08-11,2025-08-11,MAIN,250,234,2024-01-19,Karpe-Mani
B005712,PR01347,HUAA46,2024-06-01,2025-11-01,MAIN,250,120,2024-08-08,"Dixit, Kibe and Doctor"
B005713,PR01348,E25B026,2025-02-01,2028-01-01,MAIN,200,197,2025-04-27,Dasgupta Inc
B005714,PR01349,DB230304,2023-12-01,2025-11-01,MAIN,500,495,2025-01-03,"Chada, Din and Madan"
B005715,PR01350,AS-9057,2023-04-01,2025-03-01,MAIN,500,491,2024-04-28,Kara-Chopra
B005716,PR01351,CTI23081,2023-08-01,2025-01-01,SAT1,250,242,2024-03-14,Borde-Mand
B005717,PR01352,LMT251666,2025-02-01,2027-01-01,SAT2,100,100,2025-05-06,Yohannan Group
B005718,PR01353,TPD24018,2024-07-01,2026-06-01,MAIN,100,65,2024-09-10,"Kapadia, Lanka and Hegde"
B005719,PR01353,TPK25018,2024-03-20,2026-03-20,MAIN,100,58,2024-06-12,"Shroff, Subramaniam and Dora"
B005720,PR01354,240603,2024-06-01,2025-11-01,MAIN,250,247,2024-07-20,"Modi, Bath and Dixit"
B005721,PR01355,B18523003,2023-03-01,2025-02-01,SAT1,200,190,2024-06-22,Contractor Group
B005722,PR01356,UGT231163,2023-08-01,2025-07-01,MAIN,200,74,2024-02-01,"Din, Kari and Chanda"
B005723,PR01356,UGT271163,2023-09-29,2025-09-29,MAIN,200,117,2024-01-02,Swamy PLC
B005724,PR01357,MV24B36,2024-02-01,2026-01-01,SAT1,1000,999,2024-06-10,"Varughese, Buch and Thakkar"
B005725,PR01357,MV24Y36,2024-06-12,2026-06-12,SAT1,1000,987,2024-09-05,Aurora Inc
B005726,PR01358,HTD-24109,2024-08-01,2026-07-01,SAT2,250,250,2025-03-16,"Rajagopal, Dora and Mukhopadhyay"
B005727,PR01359,L24BZ08A7,2024-08-01,2026-07-01,SAT1,200,197,2024-09-02,Rege LLC
B005728,PR01360,OCF5-23-222,2023-07-01,2025-06-01,SAT2,200,200,2024-09-04,Venkataraman-Saran
B005729,PR01361,23IS10,2023-12-01,2025-11-01,MAIN,500,498,2024-09-27,Natarajan LLC
B005730,PR01362,UD2C-23469E,2023-06-01,2025-05-01,MAIN,250,240,2024-11-01,"Solanki, Seth and Mandal"
B005731,PR01362,UD6C-23409E,2024-06-03,2026-06-03,MAIN,100,85,2024-09-07,Datta-Sahni
B005732,PR01363,FT-22741,2022-10-01,2024-09-01,MAIN,200,155,2024-02-11,Mital PLC
B005733,PR01364,AGWT25036,2025-01-01,2026-12-01,MAIN,1000,1000,2025-04-30,"Walia, Dhawan and Hayre"
B005734,PR01365,RV3044,2023-08-01,2025-07-01,MAIN,200,200,2025-04-09,"Tak, Dixit and Murty"
B005735,PR01365,RI3044,2024-10-18,2026-10-18,MAIN,250,250,2025-02-13,Merchant-Grewal
B005736,PR01366,YSZ3103,2023-07-01,2025-06-01,SAT2,100,94,2024-02-20,Nagy and Sons
B005737,PR01366,THZ3103,2023-08-17,2025-08-17,SAT2,1000,988,2024-01-14,Dada-Bir
B005738,PR01367,TC-3270005,2024-02-01,2026-01-01,MAIN,250,231,2024-08-11,Vyas-Grover
B005739,PR01367,TC-3277005,2024-04-29,2026-04-29,MAIN,1000,922,2024-06-03,"Bakshi, Narula and Batra"
B005740,PR01368,TSF-B1689,2023-04-01,2025-03-01,SAT2,1000,992,2024-11-12,Krishnamurthy LLC
B005741,PR01368,TSF-B1389,2024-07-12,2026-07-12,SAT2,250,250,2024-08-25,Karpe-Vyas
B005742,PR01369,SCI-2305,2023-11-01,2025-10-01,MAIN,1000,992,2024-10-30,Vaidya Group
B005743,PR01369,SCI-2605,2024-06-23,2026-06-23,MAIN,100,98,2024-11-29,Amble LLC
B005744,PR01370,BS-2303,2023-08-01,2025-07-01,MAIN,100,84,2024-04-22,Ranganathan-Solanki
B005745,PR01370,PS-2304,2023-11-25,2025-11-25,MAIN,100,93,2024-05-08,Raghavan-Radhakrishnan
B005746,PR01371,CF-B1,2023-08-01,2025-07-01,MAIN,200,183,2024-01-25,"Basu, Walia and Dave"
B005747,PR01372,TC-038,2024-12-01,2026-11-01,MAIN,250,247,2025-05-18,"Tandon, Mistry and Nagi"
B005748,PR01372,TC-888,2024-10-05,2026-10-05,MAIN,200,199,2025-02-27,"Tella, Sekhon and Brar"
B005749,PR01373,NTD0203,2023-12-01,2025-11-01,MAIN,500,468,2024-12-30,"Dayal, Bhakta and Sodhi"
B005750,PR01373,NTV0223,2024-10-21,2026-10-21,MAIN,250,244,2025-03-11,Johal-Bora
B005751,PR01374,MVNUR2403,2024-02-01,2026-02-01,SAT1,250,237,2024-03-17,"Kale, Ramakrishnan and Parsa"
B005752,PR01374,MVNUR5423,2023-08-28,2025-08-28,SAT1,1000,1000,2023-12-22,"Gupta, Chauhan and Prabhu"
B005753,PR01375,A23LV060B,2023-05-01,2025-04-01,SAT2,100,94,2024-04-08,"Deshpande, Randhawa and Dave"
B005754,PR01375,A29LV060B,2024-02-07,2026-02-07,SAT2,200,195,2024-06-03,Banerjee Group
B005755,PR01376,RD230003,2023-01-01,2024-12-01,MAIN,1000,995,2024-06-02,Butala-Kurian
B005756,PR01376,RD216003,2024-04-18,2026-04-18,MAIN,200,194,2024-06-17,Kannan-Aggarwal
B005757,PR01377,JL-231248,2023-12-01,2025-11-01,MAIN,500,497,2025-01-21,"Dara, Aurora and Ram"
B005758,PR01377,JL-231243,2024-09-02,2026-09-02,MAIN,500,493,2024-11-18,Mall LLC
B005759,PR01378,A24AM130,2024-04-01,2026-03-01,SAT1,1000,990,2024-10-24,Dhar-Raja
B005760,PR01378,A24CS130,2024-08-22,2026-08-22,SAT1,200,199,2024-10-23,Pandey-Shenoy
B005761,PR01379,CLT-214A,2024-08-01,2026-07-01,SAT1,200,195,2025-01-22,Madan-Jayaraman
B005762,PR01379,CLT-284J,2024-07-10,2026-07-10,SAT1,1000,990,2024-11-03,Biswas PLC
B005763,PR01380,03BF2472,2024-04-01,2027-03-01,MAIN,100,95,2024-08-07,"Srinivas, Chatterjee and Das"
B005764,PR01380,06BF2472,2024-02-13,2026-02-13,MAIN,250,248,2024-07-28,"Patil, Karan and Karan"
B005765,PR01381,MO24H27,2024-08-01,2026-07-01,SAT1,1000,991,2025-01-07,Malhotra PLC
B005766,PR01381,MM24H27,2025-01-20,2027-01-20,SAT1,500,496,2025-02-23,Gala-Sankaran
B005767,PR01382,T242704,2024-12-01,2026-11-01,SAT2,500,494,2025-01-24,"Sibal, Balakrishnan and Chanda"
B005768,PR01382,T241704,2024-05-15,2026-05-15,SAT2,100,81,2024-11-15,Bath Ltd
B005769,PR01383,A24105K,2024-06-01,2026-05-01,MAIN,500,499,2024-09-06,Mittal and Sons
B005770,PR01383,A24155L,2024-06-04,2026-06-04,MAIN,500,494,2024-07-22,Mitra-Taneja
B005771,PR01384,23L-162,2023-09-01,2025-08-01,SAT1,100,69,2024-05-24,Parekh-Sachdev
B005772,PR01384,23L-185,2024-04-17,2026-04-17,SAT1,1000,979,2024-07-10,"Biswas, Wali and Viswanathan"
B005773,PR01385,R05GL2423A,2024-05-01,2026-04-01,MAIN,500,500,2025-04-04,"Chanda, Soni and Vala"
B005774,PR01385,R05GS2424A,2025-01-07,2027-01-07,MAIN,1000,1000,2025-04-17,Bera-De
B005775,PR01386,12801124,2024-08-01,2026-07-01,MAIN,500,500,2025-03-08,Peri PLC
B005776,PR01387,MRO-05,2024-08-01,2026-07-01,SAT1,250,250,2024-09-22,"Dube, Tata and Kumer"
B005777,PR01387,YVO-05,2024-05-07,2026-05-07,SAT1,250,248,2024-08-02,Shan Group
B005778,PR01388,MA24G125,2024-07-01,2026-06-01,MAIN,1000,995,2025-02-02,Varma and Sons
B005779,PR01388,MA26G125,2024-09-08,2026-09-08,MAIN,1000,998,2024-11-14,Mani-Bath
B005780,PR01389,CTA-01,2024-02-01,2026-01-01,SAT1,1000,1000,2024-09-23,Kala Inc
B005781,PR01390,B309C,2024-02-01,2026-01-01,MAIN,1000,979,2025-01-03,Ganesh and Sons
B005782,PR01390,K302C,2024-08-18,2026-08-18,MAIN,200,155,2025-02-06,Nagy LLC
B005783,PR01391,BOB-2451,2024-06-01,2025-11-01,MAIN,200,199,2024-07-17,"Baria, Sarna and Atwal"
B005784,PR01391,BOB-2521,2024-02-11,2026-02-11,MAIN,1000,986,2024-06-11,Seshadri-Jhaveri
B005785,PR01392,VLB-GT-2500,2023-12-01,2025-11-01,SAT2,250,248,2024-04-16,"Dalal, Muni and Vohra"
B005786,PR01392,VLB-GT-2200,2024-02-16,2026-02-16,SAT2,500,476,2024-06-26,Randhawa PLC
B005787,PR01393,PAR-31,2023-08-01,2026-07-01,MAIN,250,224,2024-12-20,Mukherjee-Sharaf
B005788,PR01394,46230305,2023-12-01,2025-11-01,SAT2,1000,1000,2025-05-05,Taneja-Kumer
B005789,PR01394,46430105,2025-01-03,2027-01-03,SAT2,100,100,2025-04-06,Sharaf Inc
B005790,PR01395,WAM24011,2024-05-01,2026-04-01,MAIN,250,241,2025-02-19,Rau Group
B005791,PR01396,L/040618,2024-04-01,2026-01-01,MAIN,1000,998,2025-04-18,Pandit-Ratti
B005792,PR01396,L/640318,2024-12-14,2026-12-14,MAIN,100,96,2025-04-27,Aggarwal Ltd
B005793,PR01397,PTS-225A,2024-05-01,2026-04-01,MAIN,200,200,2025-05-31,Purohit-Dewan
B005794,PR01398,HM-1922,2022-12-01,2024-05-01,MAIN,500,422,2024-02-17,Dubey Inc
B005795,PR01399,HBD 2403,2024-04-01,2026-03-01,MAIN,250,241,2024-09-27,Yohannan and Sons
B005796,PR01400,SHL3037,2023-11-01,2025-10-01,MAIN,250,239,2024-11-10,Kala PLC
B005797,PR01400,SHL5237,2024-07-04,2026-07-04,MAIN,200,196,2024-10-23,Yogi-Gala
B005798,PR01401,HLPD24003,2024-05-01,2026-04-01,SAT2,250,250,2025-02-18,Lal-Sarraf
B005799,PR01401,HLPD94003,2025-02-16,2027-02-16,SAT2,1000,1000,2025-05-10,Sandhu LLC
B005800,PR01402,G240147/2,2024-09-01,2026-08-01,MAIN,500,500,2025-05-31,"Kale, Jha and Hora"
B005801,PR01402,G260147/2,2025-06-25,2027-06-25,MAIN,1000,1000,2025-08-22,Mistry Ltd
B005802,PR01403,TPT-012058,2024-01-01,2026-12-01,SAT2,250,250,2025-03-14,Sankar-Ganesan
B005803,PR01403,TPT-012059,2024-11-10,2026-11-10,SAT2,500,500,2025-02-06,"Bansal, Ratti and Rattan"
B005804,PR01404,SPT240321,2024-02-01,2026-01-01,SAT1,500,500,2025-02-11,"Ranganathan, Bali and Mahajan"
B005805,PR01404,SPT280321,2024-11-18,2026-11-18,SAT1,100,100,2025-05-01,"Pandey, Kata and Chandra"
B005806,PR01405,TS24042,2024-10-01,2025-12-01,MAIN,250,250,2024-11-26,Jain LLC
B005807,PR01405,OS24042,2024-11-24,2026-11-24,MAIN,200,180,2025-02-20,"Lalla, Jha and Oak"
B005808,PR01406,RP-04,2023-07-01,2025-06-01,SAT1,100,100,2025-01-11,"Malhotra, Chand and Chowdhury"
B005809,PR01406,RP-06,2024-07-06,2026-07-06,SAT1,500,494,2024-11-08,"More, Sant and Panchal"
B005810,PR01407,04BF0660,2023-09-01,2026-08-01,MAIN,500,492,2024-12-23,Dube LLC
B005811,PR01407,54BC0660,2025-01-02,2027-01-02,MAIN,500,496,2025-03-18,Dani Inc
B005812,PR01408,LV4984,2024-11-01,2026-10-01,SAT2,200,199,2025-04-28,Keer-Sibal
B005813,PR01409,AGWT25031,2025-01-01,2026-12-01,SAT1,100,93,2025-03-11,"Chakrabarti, Som and Bahl"
B005814,PR01410,GG204014,2024-04-01,2026-03-01,MAIN,250,208,2024-09-26,Kar-Puri
B005815,PR01410,GG202014,2024-03-23,2026-03-23,MAIN,100,25,2024-06-30,Wadhwa-Chandran
B005816,PR01411,SEL2401,2024-01-01,2025-12-01,SAT2,250,245,2024-09-24,Roy Ltd
B005817,PR01411,SEB2401,2024-06-17,2026-06-17,SAT2,200,197,2024-08-28,Palla-Pathak
B005818,PR01412,UF2184145C,2024-02-01,2026-01-01,MAIN,200,187,2024-06-14,"Pradhan, Kuruvilla and Ganesan"
B005819,PR01412,UF9184145Z,2024-02-15,2026-02-15,MAIN,100,95,2024-07-12,Koshy Group
B005820,PR01413,JDL-2921,2023-06-01,2024-11-01,SAT1,250,215,2023-12-18,"Hora, Chawla and Joshi"
B005821,PR01414,GTL1313,2024-12-01,2026-11-01,MAIN,200,173,2025-01-25,Hari-Ramesh
B005822,PR01414,GTL1333,2024-10-24,2026-10-24,MAIN,200,200,2025-02-19,Taneja-Goel
B005823,PR01415,23101006A,2023-10-01,2025-09-01,MAIN,250,123,2024-02-13,Ratta-Shenoy
B005824,PR01416,ATA-176,2023-02-01,2025-01-01,MAIN,500,449,2023-12-06,Venkatesh-Tailor
B005825,PR01417,SPT40298,2024-09-01,2026-08-01,SAT1,250,250,2025-05-08,Sura-Pau
B005826,PR01417,SPT40291,2025-04-07,2027-04-07,SAT1,250,250,2025-05-14,"Kadakia, Patel and Sandal"
B005827,PR01418,HT-2401253,2024-12-01,2026-11-01,MAIN,1000,1000,2025-04-07,Joshi LLC
B005828,PR01418,HR-2401233,2025-03-30,2027-03-30,MAIN,500,500,2025-05-04,Sunder LLC
B005829,PR01419,HINM23002B,2023-02-01,2025-01-01,MAIN,1000,994,2024-02-27,"Bora, Pal and Kannan"
B005830,PR01419,QINM23032B,2023-10-23,2025-10-23,MAIN,500,488,2023-12-12,"Bajwa, Mishra and Gola"
B005831,PR01420,HTN414D,2024-04-01,2026-03-01,SAT1,250,237,2024-05-01,Swamy-De
B005832,PR01420,HVN454D,2024-04-26,2026-04-26,SAT1,200,200,2024-07-11,Iyer PLC
B005833,PR01421,CDD23089,2023-11-01,2025-10-01,SAT2,200,180,2024-01-29,"Arya, Suri and Ravi"
B005834,PR01421,SDD23049,2024-01-25,2026-01-25,SAT2,1000,961,2024-04-02,Patla Inc
B005835,PR01422,PPTC082,2023-11-01,2026-10-01,MAIN,200,180,2024-11-29,Chandra Inc
B005836,PR01423,MBT23068,2023-10-01,2025-09-01,MAIN,200,174,2024-11-29,Kapur PLC
B005837,PR01423,IBT23068,2024-09-01,2026-09-01,MAIN,1000,993,2025-01-28,Natt LLC
B005838,PR01424,SPD-618,2024-10-01,2026-09-01,SAT2,250,250,2025-05-14,"Acharya, Morar and Mandal"
B005839,PR01425,LM18898,2022-11-01,2028-10-01,SAT2,200,200,2025-04-29,Issac Group
B005840,PR01425,LR18898,2025-03-25,2027-03-25,SAT2,200,200,2025-05-11,Tata-Dugar
B005841,PR01426,CCT241576,2024-11-01,2026-10-01,MAIN,100,90,2025-01-04,Lal PLC
B005842,PR01426,CCT247536,2024-06-03,2026-06-03,MAIN,250,246,2024-10-18,"Arya, Chahal and Agate"
B005843,PR01427,03BF2475,2024-04-01,2027-03-01,MAIN,200,198,2025-05-18,"Vohra, Ramesh and Chatterjee"
B005844,PR01428,MT240578,2024-08-01,2026-07-01,MAIN,100,88,2024-12-06,Krishna-Sharma
B005845,PR01428,MT245578,2024-07-01,2026-07-01,MAIN,250,245,2025-01-09,"Badami, Muni and Chakraborty"
B005846,PR01429,LMT240387,2024-03-01,2026-02-01,MAIN,1000,973,2024-11-25,Srivastava-Kapur
B005847,PR01430,T013002,2023-06-01,2025-05-01,SAT2,250,250,2024-04-04,"Bala, Raj and Sha"
B005848,PR01431,WHL-01715,2023-11-01,2025-10-01,SAT1,500,477,2024-03-13,"Raj, Shenoy and Kashyap"
B005849,PR01431,WHL-81785,2023-09-17,2025-09-17,SAT1,200,158,2024-01-22,Seth-Golla
B005850,PR01432,18RT2401,2024-04-01,2026-09-01,MAIN,500,500,2025-03-27,Ramesh Inc
B005851,PR01432,58RT2001,2025-01-20,2027-01-20,MAIN,100,100,2025-06-16,Golla and Sons
B005852,PR01433,ASL24199,2024-10-01,2026-09-01,SAT1,1000,995,2025-03-02,Golla-Sankaran
B005853,PR01433,DUL24199,2024-11-05,2026-11-05,SAT1,250,245,2025-04-08,Kapur-Ghose
B005854,PR01434,AGI-23107,2023-05-01,2025-04-01,MAIN,1000,993,2024-04-27,Patla PLC
B005855,PR01435,PGT24672,2024-09-01,2026-08-01,SAT2,500,493,2025-05-27,Sarna-Dutt
B005856,PR01435,QGT24672,2025-04-14,2027-04-14,SAT2,1000,1000,2025-07-25,Patil-Singh
B005857,PR01436,TYOL-047,2024-07-01,2026-06-01,MAIN,250,248,2024-12-24,Patla LLC
B005858,PR01436,XYYL-047,2024-05-12,2026-05-12,MAIN,1000,1000,2024-10-05,"Sawhney, Hayre and Dugar"
B005859,PR01437,BT229,2024-07-01,2025-06-01,SAT2,250,250,2024-08-26,Sibal-Amble
B005860,PR01438,GT3J023,2023-10-01,2025-09-01,MAIN,1000,982,2024-11-04,D’Alia Ltd
B005861,PR01438,GT3J523,2024-07-20,2026-07-20,MAIN,250,200,2024-09-26,Morar-Char
B005862,PR01439,GB-23-03,2023-12-01,2025-11-01,SAT1,250,242,2024-10-12,Tata-Jha
B005863,PR01440,LLT-2614,2023-12-01,2025-11-01,SAT2,1000,933,2024-06-04,"Goswami, Sachdev and Agrawal"
B005864,PR01440,LLV-3614,2024-05-05,2026-05-05,SAT2,500,470,2024-07-19,"Samra, Trivedi and Oak"
B005865,PR01441,AGWT25035,2025-01-01,2026-12-01,MAIN,100,90,2025-02-16,Trivedi-Wason
B005866,PR01441,AGWT28035,2024-07-14,2026-07-14,MAIN,100,64,2024-12-11,"Salvi, Bhatnagar and Banerjee"
B005867,PR01442,MO24H22,2024-08-01,2026-07-01,SAT1,200,189,2024-10-02,"Oza, Som and Iyer"
B005868,PR01443,RBLS-02501,2025-01-01,2026-12-01,SAT1,100,90,2025-04-09,Tella-Radhakrishnan
B005869,PR01444,KTT24936,2024-10-01,2026-09-01,MAIN,1000,1000,2025-04-16,Memon-Kala
B005870,PR01445,ZS-2405,2024-07-01,2026-06-01,MAIN,100,83,2024-08-02,"Hayer, Roy and Mahal"
B005871,PR01446,43037,2023-07-01,2025-06-01,MAIN,500,477,2024-04-03,Taneja-Behl
B005872,PR01446,43017,2024-01-11,2026-01-11,MAIN,1000,928,2024-02-13,Raja and Sons
B005873,PR01447,MT-23K36,2023-11-01,2025-04-01,MAIN,250,161,2024-04-29,Suri Group
B005874,PR01447,MT-23K39,2023-12-29,2025-12-29,MAIN,250,107,2024-03-05,Samra-Panchal
B005875,PR01448,LMT240377,2024-03-01,2026-02-01,SAT2,500,500,2025-03-29,"Ramesh, Lalla and Natt"
B005876,PR01448,VMT240377,2024-12-13,2026-12-13,SAT2,100,100,2025-05-03,"Saxena, Ram and Rajan"
B005877,PR01449,7704,2023-12-01,2025-11-01,MAIN,250,173,2024-07-26,"Lad, Lanka and Savant"
B005878,PR01449,7406,2024-07-17,2026-07-17,MAIN,200,197,2024-09-15,"Brar, Palla and Pandya"
B005879,PR01450,LLMS-063,2024-04-01,2026-03-01,MAIN,500,497,2024-09-27,"Khare, Maharaj and Savant"
B005880,PR01450,LLMW-063,2024-09-16,2026-09-16,MAIN,200,197,2024-11-19,Nagarajan-Banik
B005881,PR01451,BHCJ-009,2022-11-01,2024-10-01,SAT1,250,250,2024-04-21,"Dayal, Kulkarni and Bajwa"
B005882,PR01451,BHCJ-003,2024-03-18,2026-03-18,SAT1,500,488,2024-05-19,Khurana-Savant
B005883,PR01452,T-23115,2023-01-01,2024-12-01,MAIN,1000,986,2024-03-30,Gara-Ahluwalia
B005884,PR01453,0004,2025-02-01,2026-07-01,MAIN,250,250,2025-04-10,"Mahajan, Viswanathan and Rao"
B005885,PR01453,0000,2024-11-26,2026-11-26,MAIN,100,98,2025-04-11,Karan-Kuruvilla
B005886,PR01454,23UJ85,2023-10-01,2025-09-01,MAIN,500,487,2024-09-14,Bala-Khalsa
B005887,PR01454,73UJ82,2024-05-20,2026-05-20,MAIN,1000,998,2024-11-30,Palla-Mammen
B005888,PR01455,LV326,2023-01-01,2024-12-01,MAIN,250,248,2024-09-04,"Bali, Subramaniam and Vohra"
B005889,PR01456,24-XLS-010,2024-02-01,2025-07-01,SAT1,100,77,2024-08-13,Prasad and Sons
B005890,PR01457,AL-5770,2023-11-01,2025-10-01,SAT1,500,488,2025-02-20,"Kalita, Issac and Walla"
B005891,PR01458,TF240782,2024-06-01,2026-08-01,MAIN,500,487,2025-03-31,Rau-Gulati
B005892,PR01459,PT30119,2023-05-01,2025-04-01,SAT2,200,168,2023-12-22,Dara and Sons
B005893,PR01459,PT35119,2023-06-26,2025-06-26,SAT2,250,99,2023-10-03,Raghavan-Mitter
B005894,PR01460,NHD24207C,2024-05-01,2026-04-01,SAT1,250,245,2024-07-01,"Vohra, Basak and Malhotra"
B005895,PR01460,NHD24207M,2024-05-18,2026-05-18,SAT1,100,95,2024-08-23,Soman and Sons
B005896,PR01461,CT24100,2024-06-01,2027-05-01,MAIN,200,200,2024-12-05,Kadakia-Bhakta
B005897,PR01461,CT74100,2024-11-06,2026-11-06,MAIN,200,198,2025-01-15,Chahal-Pandey
B005898,PR01462,FDMC-588,2024-07-01,2026-06-01,MAIN,200,200,2025-01-02,Raju and Sons
B005899,PR01463,GF-279,2023-11-01,2025-10-01,MAIN,1000,1000,2024-11-25,Kurian Inc
B005900,PR01464,ACAG24001E,2024-04-01,2025-09-01,SAT1,1000,995,2025-03-24,Chauhan-Bath
B005901,PR01464,CCAG24001E,2024-09-03,2026-09-03,SAT1,100,98,2025-01-21,"Dhaliwal, Reddy and Patel"
B005902,PR01465,SOD-2470,2024-05-01,2026-04-01,SAT2,1000,993,2025-01-07,"Karpe, Walia and Seth"
B005903,PR01465,SOD-2480,2024-08-24,2026-08-24,SAT2,500,500,2025-03-05,"Sankaran, Jha and Jaggi"
B005904,PR01466,TX-17798,2024-02-01,2026-01-01,MAIN,1000,907,2024-12-27,Rana-Sibal
B005905,PR01466,TB-17098,2024-10-06,2026-10-06,MAIN,500,491,2025-01-04,Sane-Lata
B005906,PR01467,L2403/2,2024-03-01,2026-02-01,MAIN,1000,996,2024-08-27,"Ramesh, Sankaran and Barad"
B005907,PR01468,ACF24159,2024-11-01,2026-10-01,SAT1,200,200,2025-05-17,Kamdar and Sons
B005908,PR01469,AFC2411056,2024-11-01,2026-10-01,MAIN,250,250,2025-05-20,Hegde-Som
B005909,PR01470,DL-136,2024-12-01,2026-11-01,SAT2,500,500,2025-04-16,Choudhury-Nayak
B005910,PR01470,DL-036,2024-11-30,2026-11-30,SAT2,200,194,2025-03-18,"Din, Bera and Mander"
B005911,PR01471,RT220512,2022-06-01,2025-05-01,MAIN,100,93,2024-11-24,Bera Inc
B005912,PR01471,TT220112,2024-11-23,2026-11-23,MAIN,500,493,2025-02-02,Gola Ltd
B005913,PR01472,AGWT25025,2025-01-01,2026-12-01,MAIN,1000,990,2025-05-21,Sarin-Basu
B005914,PR01472,YGWT75025,2024-11-10,2026-11-10,MAIN,1000,990,2025-04-30,Walla-Choudhary
B005915,PR01473,MHBT/23/038,2023-04-01,2025-03-01,MAIN,100,0,2023-12-20,"Narang, Contractor and Ramanathan"
B005916,PR01474,T24/013A,2024-12-01,2026-11-01,SAT2,1000,927,2025-01-10,Vasa-Lala
B005917,PR01474,G24/018A,2024-06-03,2026-06-03,SAT2,500,497,2024-11-09,"Shenoy, Soni and Singh"
B005918,PR01475,TA24035,2024-01-01,2025-12-01,MAIN,100,77,2025-02-13,Vasa and Sons
B005919,PR01475,TA28085,2024-10-09,2026-10-09,MAIN,1000,938,2025-01-01,Bains Group
B005920,PR01476,T-1261,2024-04-01,2026-03-01,MAIN,1000,1000,2025-05-19,Lall LLC
B005921,PR01476,X-1261,2024-12-03,2026-12-03,MAIN,200,194,2025-02-25,Nagy Group
B005922,PR01477,2511723,2023-02-01,2026-01-01,MAIN,500,433,2024-04-08,"Prabhu, Madan and Solanki"
B005923,PR01478,MA24H16,2024-08-01,2026-01-01,MAIN,500,498,2024-10-23,"Kade, Om and Bajaj"
B005924,PR01479,ECT-2421,2023-09-01,2025-08-01,SAT2,1000,992,2024-03-16,Goswami-Rout
B005925,PR01480,CHT23725,2024-03-01,2026-02-01,MAIN,100,56,2024-12-26,Grewal Group
B005926,PR01480,CHT23735,2024-12-18,2026-12-18,MAIN,250,236,2025-01-21,Raval PLC
B005927,PR01481,EXPN-24004,2024-04-01,2026-03-01,MAIN,200,193,2024-10-16,Natt-Sant
B005928,PR01481,EUPN-24004,2024-08-25,2026-08-25,MAIN,100,90,2025-01-04,Bhasin-Srivastava
B005929,PR01482,PT-40586,2024-02-01,2026-01-01,SAT1,1000,1000,2025-05-22,Dar and Sons
B005930,PR01483,OM-11068,2025-01-01,2027-12-01,SAT2,100,90,2025-04-23,"Gopal, Khare and Rastogi"
B005931,PR01484,BD231669H,2023-11-01,2025-10-01,SAT1,500,437,2024-02-03,Kamdar PLC
B005932,PR01484,BO201669H,2023-09-04,2025-09-04,SAT1,500,500,2024-02-17,Datta and Sons
B005933,PR01485,LV4978,2024-11-01,2026-10-01,SAT2,500,500,2025-03-29,Shenoy-Kulkarni
B005934,PR01486,S-2245,2023-11-01,2025-10-01,MAIN,100,82,2024-01-11,Verma-Mishra
B005935,PR01487,CT-0778A,2023-12-01,2025-11-01,MAIN,100,100,2025-04-10,"Chaudry, Johal and Kothari"
B005936,PR01487,CT-0728A,2024-10-30,2026-10-30,MAIN,1000,993,2025-04-16,Sabharwal-Tella
B005937,PR01488,TLL-504,2025-01-01,2026-12-01,MAIN,200,200,2025-04-19,Andra-Natt
B005938,PR01488,TLL-524,2024-08-30,2026-08-30,MAIN,1000,1000,2025-02-17,"Tiwari, Apte and Suri"
B005939,PR01489,E4B0148,2024-02-01,2026-01-01,SAT1,100,81,2024-05-28,"Bhatti, Basu and Ravel"
B005940,PR01490,MDT-3717,2025-01-01,2026-12-01,SAT2,500,500,2025-04-28,"Patla, Dani and Balan"
B005941,PR01490,SDN-3717,2024-12-10,2026-12-10,SAT2,500,500,2025-05-14,Loke-Baria
B005942,PR01491,LVU-515,2023-06-01,2025-05-01,MAIN,500,479,2024-05-13,Banik-Sha
B005943,PR01492,DT40078,2024-12-01,2027-11-01,MAIN,200,186,2025-05-05,"Jayaraman, Yogi and Mitra"
B005944,PR01492,PT40578,2025-04-24,2027-04-24,MAIN,200,193,2025-06-15,Wali-Luthra
B005945,PR01493,DYC-24007,2024-04-01,2026-03-01,MAIN,1000,930,2024-12-25,"Hayre, Anne and Kari"
B005946,PR01493,DYC-28007,2024-08-12,2026-08-12,MAIN,200,193,2024-12-25,Varughese-Panchal
B005947,PR01494,MZTJ23002,2023-06-01,2025-05-01,MAIN,500,500,2024-10-17,Kala-Sant
B005948,PR01494,MZTM26002,2024-03-19,2026-03-19,MAIN,250,221,2024-09-11,Mane-Amble
B005949,PR01495,MV24B35,2024-02-01,2026-01-01,MAIN,500,491,2024-07-13,Lala-Dayal
B005950,PR01495,MV24Q39,2024-04-06,2026-04-06,MAIN,500,493,2024-10-02,Goyal-Varkey
B005951,PR01496,T23169,2023-09-01,2026-08-01,SAT1,200,200,2024-07-22,Anne and Sons
B005952,PR01497,LSF-B0656,2023-07-01,2025-06-01,MAIN,200,185,2024-01-23,Seth PLC
B005953,PR01497,LSG-B0656,2023-09-27,2025-09-27,MAIN,250,226,2023-12-08,"Konda, Ramakrishnan and Kunda"
B005954,PR01498,QDT-250088,2025-01-01,2026-12-01,MAIN,100,95,2025-03-15,Butala Group
B005955,PR01498,QDT-250083,2024-09-29,2026-09-29,MAIN,1000,969,2025-02-20,Venkataraman-Nanda
B005956,PR01499,KI124110,2024-12-01,2027-11-01,SAT2,250,249,2025-02-22,"Thakkar, Loke and Lal"
B005957,PR01499,KI124710,2024-08-01,2026-08-01,SAT2,500,500,2024-11-26,Barman-Mutti
B005958,PR01500,RNFT-0 1 6,2024-10-01,2026-09-01,MAIN,250,250,2025-05-26,"Kale, Bajwa and Iyengar"
B005959,PR01501,LG24-0204,2024-02-01,2026-01-01,MAIN,100,82,2024-04-12,Bandi Group
B005960,PR01501,RQ24-0204,2023-07-24,2025-07-24,MAIN,200,130,2024-02-03,"Prabhu, Sarin and Ahluwalia"
B005961,PR01502,DL2501013B,2025-01-01,2026-12-01,MAIN,100,100,2025-05-12,"Oommen, Dubey and Sampath"
B005962,PR01502,DL4501013B,2025-02-11,2027-02-11,MAIN,500,500,2025-03-16,"Bhagat, Dash and Pathak"
B005963,PR01503,10769,2025-01-01,2026-12-01,MAIN,250,250,2025-05-28,Jhaveri Ltd
B005964,PR01504,L22455,2022-12-01,2024-11-01,SAT2,200,200,2024-06-23,De PLC
B005965,PR01505,TA24159,2024-04-01,2026-03-01,MAIN,100,100,2025-02-05,"Ratti, Raj and Hayre"
B005966,PR01505,TA24152,2024-09-15,2026-09-15,MAIN,1000,995,2025-03-29,Bail PLC
B005967,PR01506,HCL5011,2025-01-01,2026-12-01,SAT1,100,100,2025-02-28,Korpal LLC
B005968,PR01506,HCL5014,2024-10-08,2026-10-08,SAT1,250,250,2025-01-26,Pandit-Lanka
B005969,PR01507,13-4536,2024-11-01,2027-10-01,SAT1,1000,1000,2025-01-03,Konda Inc
B005970,PR01507,13-8536,2024-07-19,2026-07-19,SAT1,250,249,2024-10-17,Dalal-Pandit
B005971,PR01508,BL0l,2024-12-01,2025-11-01,MAIN,100,100,2025-01-16,Bhasin-Gole
B005972,PR01508,BE0O,2024-07-29,2026-07-29,MAIN,500,494,2025-01-20,"Sheth, Joshi and Gade"
B005973,PR01509,23051901,2023-05-01,2026-04-01,MAIN,100,59,2024-11-18,Dalal and Sons
B005974,PR01510,2411110,2024-11-01,2026-10-01,SAT1,1000,1000,2025-05-13,"Parikh, Kale and Chander"
B005975,PR01510,2414110,2024-11-03,2026-11-03,SAT1,100,100,2025-02-24,"Narain, Agrawal and Bains"
B005976,PR01511,HILA23013C,2023-08-01,2025-07-01,SAT2,100,100,2025-04-15,Dave-Iyer
B005977,PR01512,WB2309007,2023-09-01,2025-08-01,MAIN,1000,997,2024-12-26,Wali and Sons
B005978,PR01513,22HE16,2022-10-01,2024-09-01,MAIN,1000,994,2024-06-24,"Barad, Rajagopalan and Varughese"
B005979,PR01514,L2310099,2023-10-01,2025-09-01,MAIN,100,78,2024-01-26,Bhakta LLC
B005980,PR01515,CH040103,2024-03-01,2026-02-01,MAIN,500,488,2024-09-14,"Dash, Bali and Khanna"
B005981,PR01515,CX040103,2024-09-23,2026-09-23,MAIN,250,250,2024-10-30,Pal LLC
B005982,PR01516,AST-23303,2023-08-01,2025-07-01,MAIN,200,160,2024-06-14,"Mani, Sen and Kalla"
B005983,PR01516,AST-53003,2024-02-22,2026-02-22,MAIN,200,112,2024-07-21,"Parmer, Sawhney and Sunder"
B005984,PR01517,MT-2232,2023-04-01,2026-03-01,SAT2,200,185,2024-12-29,"Sekhon, Jayaraman and Vora"
B005985,PR01517,QT-2232,2024-07-23,2026-07-23,SAT2,100,100,2025-01-09,"Doctor, Madan and Narayan"
B005986,PR01518,MDP-649,2024-09-01,2026-08-01,MAIN,500,490,2025-05-24,"Narang, Khalsa and Vora"
B005987,PR01518,RDP-647,2025-01-14,2027-01-14,MAIN,200,199,2025-06-02,Prasad Inc
B005988,PR01519,AT-052410,2024-05-01,2026-04-01,MAIN,250,207,2024-09-30,"Dugar, Sunder and Dhillon"
B005989,PR01520,CP04854,2023-06-01,2025-05-01,SAT1,100,70,2024-03-16,"Guha, Varma and Devi"
B005990,PR01521,I213109,2023-07-01,2025-06-01,MAIN,1000,995,2024-10-12,Maharaj-Deep
B005991,PR01522,MO24H21,2024-08-01,2026-07-01,MAIN,1000,999,2024-12-23,"Pant, Chaudhari and Thaman"
B005992,PR01523,2250946,2025-02-01,2028-01-01,MAIN,100,100,2025-05-05,Goyal-Patil
B005993,PR01524,KGP.240227,2024-02-01,2026-01-01,MAIN,200,200,2025-03-27,Sibal-Sahota
B005994,PR01525,323-885,2023-08-01,2025-07-01,MAIN,200,200,2025-02-03,"Vora, Buch and Nayar"
B005995,PR01525,303-885,2024-08-30,2026-08-30,MAIN,200,198,2025-02-08,Barman-Kohli
B005996,PR01526,DB240126,2024-04-01,2026-03-01,SAT1,200,200,2024-12-01,Varghese Inc
B005997,PR01526,DQ240126,2024-07-14,2026-07-14,SAT1,500,490,2024-11-06,"Sampath, Narasimhan and Mitter"
B005998,PR01527,724-37,2024-02-01,2026-01-01,SAT2,200,187,2024-03-05,Thaker-Setty
B005999,PR01527,724-31,2023-08-17,2025-08-17,SAT2,250,244,2024-01-30,Chauhan-Nigam
B006000,PR01528,B-22680D,2023-01-01,2024-12-01,MAIN,100,98,2024-09-27,Menon PLC
B006001,PR01528,B-22080D,2024-07-12,2026-07-12,MAIN,500,488,2024-08-13,"Manda, Contractor and Nanda"
B006002,PR01529,AD24059,2024-04-01,2026-03-01,SAT2,500,488,2024-05-13,"Balasubramanian, Uppal and Deshpande"
B006003,PR01529,AD27759,2024-01-11,2026-01-11,SAT2,100,59,2024-05-10,"Kumer, Mani and Ray"
B006004,PR01530,2304104,2023-04-01,2025-03-01,SAT2,250,236,2024-12-15,"Mannan, Barman and Khanna"
B006005,PR01530,2300104,2025-01-21,2027-01-21,SAT2,100,93,2025-03-12,Bala-Sawhney
B006006,PR01531,23051903,2023-05-01,2026-04-01,MAIN,500,355,2024-01-23,Patel-Pal
B006007,PR01532,IGMJ330,2023-10-01,2025-09-01,MAIN,100,88,2024-01-15,Kade-Pillay
B006008,PR01532,IGFJ332,2024-01-28,2026-01-28,MAIN,250,242,2024-03-27,Trivedi-Vaidya
B006009,PR01533,PGY23118,2023-08-01,2025-07-01,MAIN,250,236,2024-03-03,Bhatia PLC
B006010,PR01533,PGO23118,2024-02-28,2026-02-28,MAIN,1000,995,2024-04-22,"Desai, Dua and Sekhon"
B006011,PR01534,MT-25D60,2025-04-01,2027-03-01,MAIN,100,86,2025-05-07,Narayan-Mital
B006012,PR01534,MT-28D60,2025-06-12,2027-06-12,MAIN,500,500,2025-07-29,Seth-Taneja
B006013,PR01535,40183,2024-02-01,2026-01-01,SAT2,200,200,2024-11-27,Magar-Pradhan
B006014,PR01535,40189,2024-08-06,2026-08-06,SAT2,250,248,2024-10-22,"Gole, Pingle and Mander"
B006015,PR01536,1124192,2024-11-01,2026-10-01,SAT2,1000,1000,2025-03-11,"Dalal, Date and Kalla"
B006016,PR01537,LMT240348,2024-03-01,2026-02-01,MAIN,500,470,2025-04-09,"Sem, Divan and Mani"
B006017,PR01538,ELT1104,2024-02-01,2024-07-01,SAT1,250,250,2024-03-16,"Kothari, Subramanian and Singhal"
B006018,PR01539,DCBGT-2402,2024-09-01,2026-02-01,SAT2,1000,996,2024-11-25,"Barad, Badal and Tak"
B006019,PR01539,DCBVT-2402,2024-11-24,2026-11-24,SAT2,250,250,2025-02-13,Mane LLC
B006020,PR01540,24BUF83,2024-06-01,2026-05-01,MAIN,500,500,2025-05-17,Mane-Mukherjee
B006021,PR01541,AT-110,2024-04-01,2027-03-01,MAIN,250,241,2025-01-18,"Saha, Shenoy and Lanka"
B006022,PR01541,AT-710,2024-06-29,2026-06-29,MAIN,250,217,2024-11-23,"Cherian, Sarin and Sandhu"
B006023,PR01542,24DQC64,2024-03-01,2026-02-01,MAIN,1000,994,2024-10-15,Hora Ltd
B006024,PR01542,94DWC64,2024-03-18,2026-03-18,MAIN,100,94,2024-08-23,"Om, Sama and Suresh"
B006025,PR01543,RRCF 002,2023-05-01,2025-04-01,SAT1,250,198,2023-12-23,Dube LLC
B006026,PR01544,B18523001,2023-01-01,2024-12-01,SAT1,200,164,2024-04-08,Kant-Oza
B006027,PR01544,B19583001,2023-12-14,2025-12-14,SAT1,100,89,2024-03-03,Ganguly Group
B006028,PR01545,GAG0628,2023-08-01,2025-07-01,MAIN,1000,975,2024-11-19,Sekhon-Lall
B006029,PR01546,BXE064,2023-12-01,2026-11-01,MAIN,100,86,2024-05-14,"Bail, Prashad and Mitra"
B006030,PR01546,YXE064,2023-11-06,2025-11-06,MAIN,250,244,2024-04-20,Dubey and Sons
B006031,PR01547,SV/02/01/25,2025-01-01,2029-12-01,SAT1,500,500,2025-04-02,Divan-Subramanian
B006032,PR01547,YV/02/01/20,2024-09-01,2026-09-01,SAT1,500,500,2025-03-13,Patel-Hora
B006033,PR01548,AL-92,2025-02-01,2026-04-01,MAIN,1000,999,2025-03-18,Mandal LLC
B006034,PR01548,AL-32,2024-10-27,2026-10-27,MAIN,200,200,2025-03-08,Jaggi LLC
B006035,PR01549,5DSB27,2023-11-01,2028-10-01,MAIN,100,86,2024-07-10,Taneja Ltd
B006036,PR01550,IBT-11189,2024-06-01,2026-05-01,MAIN,200,197,2025-02-13,Bhalla LLC
B006037,PR01551,RTD.230105,2023-08-01,2025-07-01,MAIN,1000,937,2024-10-03,Patla-Nayar
B006038,PR01552,2411039,2024-11-01,2026-10-01,MAIN,200,186,2025-04-05,"Khosla, Mann and Pandit"
B006039,PR01552,2411009,2025-02-26,2027-02-26,MAIN,200,197,2025-05-01,Nayar-Patla
B006040,PR01553,MD24E30,2024-05-01,2026-04-01,MAIN,100,91,2024-07-15,Grover-Das
B006041,PR01553,MD20E30,2024-04-06,2026-04-06,MAIN,1000,995,2024-08-03,Kala-Jani
B006042,PR01554,IMDT24-1098,2025-03-01,2027-02-01,MAIN,200,200,2025-05-21,Sule-Sachdeva
B006043,PR01554,IMDO24-1098,2025-06-04,2027-06-04,MAIN,250,250,2025-07-13,Upadhyay-Bhagat
B006044,PR01555,NM860,2024-07-01,2026-06-01,SAT1,200,200,2025-03-08,"Parekh, Amble and Mitra"
B006045,PR01556,CE4019,2024-05-01,2026-04-01,SAT1,100,94,2025-01-24,"Chand, Balan and Thakkar"
B006046,PR01556,CL4319,2024-11-09,2026-11-09,SAT1,200,189,2025-03-05,Behl-Memon
B006047,PR01557,G25B016,2025-02-01,2027-01-01,MAIN,250,250,2025-03-26,Buch Group
B006048,PR01557,G92B016,2025-01-26,2027-01-26,MAIN,200,200,2025-05-30,Prabhakar LLC
B006049,PR01558,LC-6943,2024-01-01,2025-12-01,MAIN,1000,995,2025-05-13,"Sinha, Nagi and Dutt"
B006050,PR01558,LC-2743,2025-01-10,2027-01-10,MAIN,100,100,2025-07-04,Shan PLC
B006051,PR01559,AOT244-00B,2024-03-01,2026-02-01,MAIN,250,240,2024-12-07,Kapoor Group
B006052,PR01559,AOT244-07B,2024-05-17,2026-05-17,MAIN,500,443,2024-10-27,"Rajagopal, Batra and Kibe"
B006053,PR01560,LWLS-2022,2024-09-01,2026-08-01,MAIN,1000,994,2024-11-23,Salvi Inc
B006054,PR01561,ANO43004R,2023-08-01,2025-07-01,SAT1,1000,997,2024-08-09,"Vasa, Toor and Palla"
B006055,PR01561,ANO43014R,2024-06-20,2026-06-20,SAT1,500,494,2024-07-26,"Bakshi, Chakrabarti and Bandi"
B006056,PR01562,BBC22550,2022-05-01,2024-04-01,SAT1,200,200,2024-01-28,Prabhu-Hegde
B006057,PR01562,EBC22550,2023-09-23,2025-09-23,SAT1,200,170,2023-11-30,"Brar, Chander and Chokshi"
B006058,PR01563,T24039,2024-04-01,2026-03-01,MAIN,200,184,2024-07-30,Jayaraman-Ghose
B006059,PR01564,MA 24E27,2024-05-01,2026-04-01,MAIN,1000,993,2024-07-06,Edwin Group
B006060,PR01565,MP240405085,2024-04-01,2027-03-01,SAT1,200,198,2024-09-23,Bava-Bali
B006061,PR01566,10976,2024-02-01,2026-01-01,MAIN,200,200,2025-03-19,"Gupta, Khanna and Kalla"
B006062,PR01566,30976,2025-01-13,2027-01-13,MAIN,250,248,2025-05-08,"Sant, Kibe and Tata"
B006063,PR01567,F4E0425,2024-05-01,2026-04-01,MAIN,100,100,2025-02-25,"Basak, Goyal and Agate"
B006064,PR01567,F4X0425,2025-01-29,2027-01-29,MAIN,100,100,2025-03-03,"Keer, Sem and Venkataraman"
B006065,PR01568,BE32456,2024-05-01,2026-04-01,MAIN,500,493,2025-05-08,Bhatnagar PLC
B006066,PR01568,BE38456,2024-11-30,2026-11-30,MAIN,200,185,2025-03-14,"Kakar, Wable and Mishra"
B006067,PR01569,5230123,2023-01-01,2025-06-01,MAIN,200,197,2025-03-31,Sengupta-Venkatesh
B006068,PR01569,5257123,2024-10-20,2026-10-20,MAIN,500,467,2025-01-01,Sachar Group
B006069,PR01570,P24L220,2024-12-01,2026-11-01,SAT2,500,500,2025-01-11,Raval-Kothari
B006070,PR01571,MICTAB-2120,2025-01-01,2026-06-01,MAIN,1000,1000,2025-02-25,"Mahajan, Deshmukh and Anand"
B006071,PR01572,AGWT25030,2025-01-01,2026-12-01,MAIN,200,187,2025-03-03,"Kaul, Mistry and Vala"
B006072,PR01572,AGWT28030,2024-11-08,2026-11-08,MAIN,250,230,2025-03-17,"Chanda, Grewal and Menon"
B006073,PR01573,GT31022,2024-01-01,2025-12-01,MAIN,1000,985,2025-04-06,Ravel Group
B006074,PR01573,GT31027,2025-02-16,2027-02-16,MAIN,200,200,2025-04-16,Srivastava-Mall
B006075,PR01574,N400726,2024-06-01,2025-11-01,MAIN,500,493,2024-10-05,Sachar LLC
B006076,PR01574,N400736,2024-05-06,2026-05-06,MAIN,200,185,2024-07-14,Balan-Kurian
B006077,PR01575,ONTB-06,2024-09-01,2026-08-01,MAIN,500,500,2025-04-23,Hari-Ganesan
B006078,PR01576,ONL-24067,2024-03-01,2026-02-01,SAT1,1000,980,2024-06-04,Saraf-Ray
B006079,PR01576,OEL-24067,2023-10-14,2025-10-14,SAT1,200,180,2024-03-19,Sathe PLC
B006080,PR01577,AT22-0667A,2022-09-01,2024-08-01,MAIN,100,84,2024-04-26,"Narang, Vasa and Chander"
B006081,PR01578,45PSA138,2024-05-01,2026-04-01,MAIN,250,236,2024-08-09,"Som, Sawhney and Mittal"
B006082,PR01579,T-2401066,2024-01-01,2025-12-01,SAT1,500,500,2024-06-21,Ganguly-Mukhopadhyay
B006083,PR01579,T-3401466,2023-12-08,2025-12-08,SAT1,1000,1000,2024-03-29,Vyas-Sehgal
B006084,PR01580,CLG-4148,2022-12-01,2024-11-01,MAIN,500,491,2024-03-15,"Chakrabarti, Mohan and Kurian"
B006085,PR01581,QL0606,2024-06-01,2026-05-01,MAIN,200,197,2024-12-31,Kalla-Natt
B006086,PR01582,TE3016A,2023-05-01,2025-04-01,MAIN,1000,915,2023-12-03,Chanda LLC
B006087,PR01582,PE3046A,2023-08-03,2025-08-03,MAIN,100,25,2024-02-07,Sarkar-Raval
B006088,PR01583,SPB240221,2024-02-01,2026-01-01,MAIN,1000,983,2025-05-01,Dhawan-Hayre
B006089,PR01583,SPB240626,2025-01-17,2027-01-17,MAIN,1000,963,2025-03-03,"Mallick, Anne and Dua"
B006090,PR01584,T-21172,2024-07-01,2026-06-01,SAT2,500,480,2025-01-01,"Radhakrishnan, Apte and Prashad"
B006091,PR01585,T24/010A,2024-12-01,2026-11-01,SAT2,500,500,2025-01-31,Rama-Ramakrishnan
B006092,PR01585,T24/010U,2024-10-01,2026-10-01,SAT2,1000,1000,2025-03-19,Venkataraman-Bhatt
B006093,PR01586,PZD242206,2025-01-01,2026-12-01,SAT2,100,85,2025-02-28,Yogi and Sons
B006094,PR01586,SZD242706,2024-06-18,2026-06-18,SAT2,1000,1000,2024-12-27,Dhingra and Sons
B006095,PR01587,QL0602,2024-06-01,2026-05-01,MAIN,200,197,2024-07-04,"Deshpande, Lata and Rajagopal"
B006096,PR01587,QL0652,2024-04-14,2026-04-14,MAIN,1000,998,2024-09-27,"Swaminathan, Devan and Grewal"
B006097,PR01588,SMST-24151,2024-02-01,2026-01-01,SAT1,200,198,2024-12-06,Kara Group
B006098,PR01589,CSP23001,2023-06-01,2025-05-01,MAIN,250,219,2024-07-25,Karpe Group
B006099,PR01589,NSP23008,2024-04-05,2026-04-05,MAIN,100,91,2024-06-24,"Madan, Bera and Ram"
B006100,PR01590,IPPT-1018,2025-05-01,2027-04-01,SAT1,200,186,2025-05-31,"Bhatt, Jani and Varma"
