alert_month,source,tab,product_name,batch_no_raw,mfg_date_raw,exp_date_raw,manufacturer_raw,nsq_result,reporting_lab,record_origin,portal_file,portal_row_no
2025-07,central,nsq,Adrenaline Bitartrate Injection I.P. (Adrebest Injection),GN-285,Jul-2024,Jun-2025,"Coax Bioremedies Pvt. Ltd. 83, Sector-27 & 28, Industrial Area, Hisar-125 044.","""Particulate Matter"", and is also not of standard quality for the reason stated under ""Description"".","CDL, Kolkata",portal,2025-07_all_nsq.json,1
2025-07,state:Karnataka,nsq,Sodium Bicarbonate Injection Ip (8.4% w/v) (Sodacab 8.4%),409,Jul-2024,Jun-2026,"Carewin Pharmaceutical (Guj) Pvt Ltd., 38, Saket Ind. Estate-II, N.H. No. 8A P.O Moraiya, Ta. Sanand, Ahmedabad",Description,Karnataka,portal,2025-07_all_nsq.json,2
2025-07,state:Karnataka,nsq,"Esyfol-XT (Calcium Carbonate, Vitamin D3, Methylcobalamin, L-Methylfolate Calcium & Pyridoxal-5 Phosphate Tablets)",VGT/2088,Mar-2024,Feb-2026,"Vats Biotech Pvt Ltd., Vill, kailar, P.O Saproon Teh. & Dist. Solan-173211",Description and Identification & Assay for Vitamin D3,Karnataka,portal,2025-07_all_nsq.json,3
2025-07,state:Karnataka,nsq,Ciprofloxacin Hydrochloride Tablets IP 250mg,CPT24039,May-2024,Apr-2026,"vivek Pharmachem (I) Ltd, NH-8, Chimanpura, Amer, Jaipur-303102",Test for Dissolution.,Karnataka,portal,2025-07_all_nsq.json,4
2025-07,"state:DTL, Puducherry",nsq,"CALCIUM CITRATE, MAGNESIUM, ZINC & VITAMIN D3 TABLETS (CALCIRAZ)",RP-T525/A,Jul-2024,Jun-2026,"M/s. Roma Pharma Pvt. Ltd., Unit-II, Village Nagali, P.O, Barog, Tehsil & Distt. Solan, HP-173 211",Failed Disintegration,"DTL, Puducherry",portal,2025-07_all_nsq.json,5
2025-07,central,nsq,Infusion set-NV,KT-093,Feb-2025,Jan-2028,"Medivision healthcare,84/4 span industrial complex. Second floor,phase-1, F Road, opp. Kotak Mahindra Bank, G.I.D.C Vatra, Ahmedabad-382445",Sterility,"RDTL, Guwahati",portal,2025-07_all_nsq.json,6
2025-07,"state:DCA Vijayawada, Andhara Pradesh",nsq,Ansicef-20 DT (Cefixin Dispersiblelet Tablets IP mg),AJT-10016,Jan-2024,Dec-2025,"M/s Adwin Pharma, village Khari, Mouza Ogli Suketi Road, Kala-Amb Tehsil Nahan District Sirmour-173030 (HP)",The sample failed Assay (Label claim 32.5%) for cefixime & labelling as per IP (Spurious 32.5%),"DCA Vijayawada, Andhara Pradesh",portal,2025-07_all_nsq.json,7
2025-07,"state:State Lab,                                       Drugs Control Laboratory,                                                                       Telangana.",nsq,"ZONAC-P TAB Tablets, Aceclofenac & Paracetamol Tab",RHT25-021,Jan-2025,Dec-2026,"M/s. Revantis Healthcare Plot No. 124, HPSIDC, Indl. Area, Baddi, Distt. Solan - 173 205 Himachal Pradesh. Mrket: Zestica Pharma, Baddi, Distt. Solan - 173 205.",The label should be mentioned as ACECLOFENAC AND PARACETAMOL IP. But the letters IP not mentioned after the product name ACECLOFENAC AND PARACETAMOL.,"State Lab,                                       Drugs Control Laboratory,                                                                       Telangana.",portal,2025-07_all_nsq.json,8
2025-07,state:Drug Control Department Chhattisgarh,nsq,Prednisolone Tablets I.P. 10 mg,T240368,Jul-2024,Jun-2026,"M/s. Sunlife Sciences 130,Kurdi Jhabera Road Manglour Roorkee Dist.",Assay,Drug Control Department Chhattisgarh,portal,2025-07_all_nsq.json,9
2025-07,"state:DTL, Puducherry",nsq,LORAZEPAM TABLETS IP 2mg (ARKAPAM-2),ST-26091,Jan-2025,Jun-2027,"M/s. Sunvij Drugs Private Limited,511,GIDC Waghodia, Baroda-391760(Guj)",Assay (for Lorazepam),"DTL, Puducherry",portal,2025-07_all_nsq.json,10
2025-07,"state:State Lab,                                       Drugs Control Laboratory,                                                                       Telangana.",nsq,"FT-Prime625 Tablets, Amoxycillin & Potassium Clavulanate Tablets I.P",BT-00744,Jun-2024,Nov-2025,"Dr. Edwin Medilabs Pvt.Ltd, Llot No.: B-29, Industrial Area, Focal Point Chanalon, Kurali, Punjab - 140103, Punjab. Mrkt: Future Tech Life Care Pvt.Ltd, 101, Uday Vensar, Lane Beside TCS'E'Park, Kothaguda, Cyberabad, Hyderabad - Telangana - 500084, India.","Sample does not comply Uniformity of weight, Assay and Dissolution for Clavulanic acid as per IP 2022.","State Lab,                                       Drugs Control Laboratory,                                                                       Telangana.",portal,2025-07_all_nsq.json,11
2025-07,"state:State Lab,                                       Drugs Control Laboratory,                                                                       Telangana.",nsq,"Halmox CV625 tablets, Amoxcycillin and Potassium Clavulanate Tablets IP,",ZTB4C06,Mar-2024,Aug-2025,"Mfg By: Zaneka health care Ltd, Bhelancillary Estate, Ranipur, Haridwar Uttarakhand. Mrkt: Haldenhealth care & Research B.p. O307B, Sukhasagar, Building, Thane, Mharashtra.",Assay and Dissolution for Clavulanic acid as per IP 2022.,"State Lab,                                       Drugs Control Laboratory,                                                                       Telangana.",portal,2025-07_all_nsq.json,12
2025-07,"state:State Lab,                                       Drugs Control Laboratory,                                                                       Telangana.",nsq,"Arthopan EC - 500 Tablets, Naproxen Tablets IP,",QDT-250088,Jan-2025,Dec-2026,"M/s. Quasar Labs Pvt.Ltd., Plot No. 235j, Kuanwala IDA, Dehradun - 248 001 U.K. Uttarakhand. Mrkt: Crescent Formulations Pvt.Ltd, 4-7-11/4/c, Raghavnendra Nagar, Nacharam, Hyderabad - Telangana.",Disintegration test. The sample is also not labelled in the prescribed manner.,"State Lab,                                       Drugs Control Laboratory,                                                                       Telangana.",portal,2025-07_all_nsq.json,13
2025-07,"state:State Lab,                                       Drugs Control Laboratory,                                                                       Telangana.",nsq,"CLOPIRAS 75 Tablets, Clopidogrel Bisulphate Tablets I.P.",CCT241576,Nov-2024,Oct-2026,"M/s. Cent Cure private Limited, Plot No. 71, DIC, Industrial Area, Vill. Lodhimajra, Tehsil Baddi Distt. Solan (H.P). - 173 205, Himachal Pradesh. Mrkt: Airas healthcare Private Limited, D.No. 4-4-85/3/A/1, Sri Sai Enclave, Verrareddy Nagar, nacharam, Hyderabad.",Sample does not meets the Specifications wrt. Assay of Clopidogrel as per IP.,"State Lab,                                       Drugs Control Laboratory,                                                                       Telangana.",portal,2025-07_all_nsq.json,14
2025-07,"state:State Lab,                                       Drugs Control Laboratory,                                                                       Telangana.",nsq,"BSR-PLUS Tablets, Aceclofenac & Paracetamol Tablets",AP-2454/B,Aug-2024,Jul-2026,"Mfg By: AAGYA BIOTECH PVT..LTD, 1.5 KM, Manglour-Saharanpur Road, Manglour-247656, Roorkee, Distt. Haridwar (U.K), India Uttarakhand. Mrkt: Zenin Pharmaceuticals, 31-35-41, ground floor, assamgarden, VSK-530 020.","The given sample BSR-PLUS Tablets (Aceclofenac & Paracetamol Tablets) officially included in IP 2022, but the designation IP in conjunction with the offical title on the label of the drug product was not mentioned.","State Lab,                                       Drugs Control Laboratory,                                                                       Telangana.",portal,2025-07_all_nsq.json,15
2025-07,state:State Lab,nsq,"BSR-PLUS Tablets, Aceclofenac and Paracetaol Tablets",T-2502026,Feb-2025,Jan-2027,"Mfg By: AAGYA BIOTECH PVT..LTD, 1.5 KM, Manglour-Saharanpur Road, Manglour-247656, Roorkee, Distt. Haridwar (U.K), India Uttarakhand.",The product label should be mentioned as Aceclofenac and Paracetamol IP. But the label is mentioned as only Aceclofenac and Paracetamol.,State Lab,portal,2025-07_all_nsq.json,16
2025-07,"state:State Lab,                                       Drugs Control Laboratory,                                                                       Telangana.",nsq,"Aceclorex Plus Tablets, Aceclofenac & Paracetamol Tablets",AFT-2405,Sep-2024,Aug-2026,"Mfg By: M/s. Suprex Laboratories 11/C, Industrial Area, Maxi Road, Ujjaian (M.P). Madhya Pradesh.",The given sample Aceclofenac & Paracetamol Tablets officially included in IP 2022 but the designation IP in conjunction with the official title on the label of the drug product was not mentioned.,"State Lab,                                       Drugs Control Laboratory,                                                                       Telangana.",portal,2025-07_all_nsq.json,17
2025-07,"state:State Drugs Testing Laboratory, Agartala, Tripura.",nsq,Tonzee-20(Zinc Sulphate Tablets IP 20mg),ZS-2406,Jul-2024,Jun-2026,"Torino Laboratories Pvt. Ltd., Fact: Plot No. 65/1, Sector 1, Pithampur ? 454775, Dist. Dhar (INDIA).",The Sample does not conform to Standard Quality in respect of the test for ?Disintegration?.,"State Drugs Testing Laboratory, Agartala, Tripura.",portal,2025-07_all_nsq.json,18
2025-07,central,nsq,Heparin Injection IP 1000 IU/ml (Flagorin),DP4111,Mar-2024,Feb-2027,"Divine Laboratories Pvt. Ltd. Block No. 471 Dabhasa, Tal. Padra, Dist. Vadodara-391440, India.",Assay of Heparin (Anti-factor IIa activity),"CDL, Kolkata",portal,2025-07_all_nsq.json,19
2025-07,central,nsq,Telmisartan Tablets IP 40mg (Savtel 40 Tablets),PT-40586,Feb-2024,Jan-2026,"Pharmaroots Healthcare, Khasra No. 411, Village Tipra, P.O. Barotiwala, Tehsil Baddi, Distt. Solan, H.P.",Dissolution of Telmisartan,"RDTL, Guwahati",portal,2025-07_all_nsq.json,20
2025-07,central,nsq,Doxepin Hydrochloride Capsules IP (Doxon 75),CC23240161,Feb-2024,Jan-2026,"CMG Biotech Pvt.Ltd. ( A WHO-GMP Certified Co.),58, Industrial Area, Phase-III, Sansarpur Terrace-176501 (H.P.)",Dissolution and Assay of Doxepin Hydrochloride.,"CDL, Kolkata",portal,2025-07_all_nsq.json,21
2025-07,central,nsq,Amoxycillin and Potassium Clavulanate Tablets I.P. 625 mg,BT240754,Jun-2024,May-2026,"Hindustan Antibiotics Ltd Village Saini Majra, Tehsil Nalagarh Dist. Solan (H.P.)-174101","Dissolution of Amoxycillin, Water, Dissolution of Clavulanic Acid and Assay of Potassium Clavulante","CDL, Kolkata",portal,2025-07_all_nsq.json,22
2025-07,central,nsq,Telmisartan Tablets IP 40mg,TLL-507,Jan-2025,Dec-2026,"Healers Lab Unit II, Plot No. 33, H.P.S.I.D.C., Extn.,Baddi, Distt-Solan (H.P)",Dissolution of Telmisartan,"RDTL, Guwahati",portal,2025-07_all_nsq.json,23
2025-07,central,nsq,Cefuroxime Axetil Tablets IP 500mg,T-21544,Oct-2024,Sep-2026,"Jackson Laboratories Pvt. Ltd., Plot No. 56 & 61, Industrial Area, Phase III, Sansarpur Terrace, Distt Kangra (H.P.)-176501",Dissolution of Cefuroxime,"RDTL, Guwahati",portal,2025-07_all_nsq.json,24
2025-07,central,nsq,Marbromine Solution IP,10,Aug-2023,Jul-2025,"New Lab Industry Ram Nagar Rd, Postal Park, Kurthoul, Patna, Bihar 804453",Identification and Assay of Marbromine.,"CDL, Kolkata",portal,2025-07_all_nsq.json,25
2025-07,central,nsq,Dexamethasone Tablets IP 4mg (Dexatore-4),T242704,Dec-2024,Nov-2026,"United Bioceuticals Pvt. Ltd. Plot No. 33 C, Industrial Park-IV, Begumpur, Haridwar-249402, Uttarakhand",Dissolution,"CDL, Kolkata",portal,2025-07_all_nsq.json,26
2025-07,central,nsq,Pantoprazole Gastro-Resistant Tablets IP (Pantoziv 40),GD24157,Sep-2024,Aug-2026,"M/s. Skymap Pharmaceuticals Pvt. Ltd., B3, Dev Bhoomi Industrial Estate, Puhana Iqbalpur Road, Roorkee - 247 667",Dissolution in Buffer Stage for Pantoprazole,"RDTL, Guwahati",portal,2025-07_all_nsq.json,27
2025-07,central,nsq,Absorbent Cotton Wool IP To be Sterilized before use,2096,Jan-2025,,"JIND SURGICALS 24-27, HSIIDC Industrial Area, New Hansi Road,Jind-126102 (Haryana)","Test of Foreign Fibres, Sinking time","RDTL, Chandigarh",portal,2025-07_all_nsq.json,28
2025-07,central,nsq,Telmisartan Tablets IP 40 mg,TLL-505,Jan-2025,Dec-2026,"Healers Lab Unit II, Plot No. 33, H.P.S.I.D.C., Extn.,Baddi, Distt-Solan (H.P)",Dissolution of Telmisartan,"RDTL, Guwahati",portal,2025-07_all_nsq.json,29
2025-07,central,nsq,Cefuroxime Axetil Tablets IP 500mg,T-21172,Jul-2024,Jun-2026,"Jackson Laboratories Pvt. Ltd., Plot No. 56 & 61, Industrial Area, Phase III, Sansarpur Terrace, Distt Kangra (H.P.)-176501.",Dissolution of Cefuroxime,"RDTL, Guwahati",portal,2025-07_all_nsq.json,30
2025-07,central,nsq,Noradrenaline Bitartrate Injection IP,SAI-24037,Mar-2024,Feb-2026,"Sunvet Health Care, Vill. Shambhuwala, Nahan, Paonta Road, Distt. Sirmour (H.P.) 173001","""Particulate Matter"" and is also not of standard quality for the reason stated under "" Description"".","CDL, Kolkata",portal,2025-07_all_nsq.json,31
2025-07,central,nsq,"Ibuprofen and Paracetamol Tablets IP (400mg/325mg),",IPPT-1018,May-2025,Apr-2027,"WINGS BIOTECH LLP 43 & 44, HPSIDC, Ind. Area, Baddi - 173 205 (H.P.)",Test of Uniformity of weight,"RDTL, Chandigarh",portal,2025-07_all_nsq.json,32
2025-07,central,nsq,Valsartan Tablets IP,CT24250295,May-2024,Apr-2026,"CMG BIOTECH PVT. LTD. (Unit-II) Plot No. 58, Phase III, Industrial Area, Sansarpur Terrace HP- 176501",Dissolution,"CDTL, Indore",portal,2025-07_all_nsq.json,33
2025-07,"state:Drug Testing Laboratory Dalgate, Jammu and Kashmir",nsq,Ribzyl 40 LS,LTA-45608,Nov-2024,Oct-2026,"Lifevision Healthcare, (A WHO-GMP Certified Company) Plot No.: 140-141, E.P.I.P, Phase 1, Jharmajri, Baddi, District: Solan (HP). 174103",Failing in Description of Tablets .,"Drug Testing Laboratory Dalgate, Jammu and Kashmir",portal,2025-07_all_nsq.json,34
2025-07,"state:MDTL Kathua, Jammu and Kashmir",nsq,Telmisartan Tablets IP,PGT241031,Dec-2024,Nov-2026,"M/s Affy Parenterals Vill. Gullerwala, P.O. Baddi, Distt. Solan-173205 (H.P.)",The sample fails in the Test for Description of Tablets.,"MDTL Kathua, Jammu and Kashmir",portal,2025-07_all_nsq.json,35
2025-07,central,nsq,CHLORTHALIDONE TABLETS IP 12.5MG (Ifyclodon -12.5 tablets),T-241169,Nov-2024,Oct-2026,"Moon Marks Pharmaceuticals. Plot No- 01, IND, Raja Ka Baghteh. Nurpur, Dist- Kangra (H.P.).",Dissolution,"CDTL, Hyderabad",portal,2025-07_all_nsq.json,36
2025-07,central,nsq,Calcium with VItamin D3 Tablets I.P. (Calcm-D3),GT-1241,May-2025,Apr-2027,"Vee Laboratories, Village-Kalier, Subathu, Road-Saproon (Post Office) Solan-173211, Himachal Pradesh",Assay of Vitamin D3 Content Only.,"CDTL, Hyderabad",portal,2025-07_all_nsq.json,37
2025-07,central,nsq,Calcium with VItamin D3 Tablets I.P. (Calcm-D3),GT -1240,May-2025,Apr-2027,"Vee Laboratories, Village-Kalier, Subathu, Road-Saproon (Post Office) Solan-173211, Himachal Pradesh",Assay of Vitamin D3 Content Only.,"CDTL, Hyderabad",portal,2025-07_all_nsq.json,38
2025-07,"state:State Drugs Testing Laboratory, Kolkata, West Bengal.",nsq,Zeora DSR (Rabeprazole and Domperidone Capsule),SD6732F,Sep-2023,Aug-2025,"M/s. Sigma Softgel & Formulation, Plot No. 171, HPSIDC, Industrial Area, Baddi-173205, Solan H.P.",The sample does not conform to claim with respect of 'Assay' test.,"State Drugs Testing Laboratory, Kolkata, West Bengal.",portal,2025-07_all_nsq.json,39
2025-07,"state:Drug Testing Laboratory Baddi, Himanchal Pradesh",nsq,Deco (Chloramphenicol & Betamethasone Sodium Sodium Phosphate eye/ear Drops),NDCO-019,Oct-2023,Sep-2025,"Laborate Pharmaceuticals India Ltd. # 31, Rajban road, Nariwala , Paonta Sahib (H.P.)",The Sample dose not conforms to claim as per Patent & Proprietary in respect to assay of Chloramphenicol.,"Drug Testing Laboratory Baddi, Himanchal Pradesh",portal,2025-07_all_nsq.json,40
2025-07,"state:State Drugs Testing Laboratory, Kolkata, West Bengal.",nsq,Rantac RD (Rabeprazole and Domperidone Capsule),YCRE23010,Oct-2023,Sep-2025,"M/s. Innova Captab Ltd., 1281/1, Hilltop Industrial Estate, Near EPIP, Phase-I, Jharmajri, Baddi, Solan, H.P.",The sample does not conform to claim with respect of 'Assay' test.,"State Drugs Testing Laboratory, Kolkata, West Bengal.",portal,2025-07_all_nsq.json,41
2025-07,"state:DTL, Jaipur",nsq,Betamethasone sodium Phosphate Tablets IP (Betop),GTD1505,Apr-2025,Mar-2027,"M/s. Gidsha Pharmaceuticals, Plot No. 611, 612, Mega GIDC, Kharedi, Dahod -389151, Gujarat.",The sample does not conform to th IP with respect to Assay of Vitamin D3,"DTL, Jaipur",portal,2025-07_all_nsq.json,42
2025-07,"state:DTL, Jaipur",nsq,Propoxur Sulphate & Cetrimide Powder 40mg,EE-240601,Jun-2024,May-2026,"Ethicare Laboratories,15, Industrial Estate,Digiana, Jammu-180010",The sample does not conform to the claim with respect to Assay of Propoxur,"DTL, Jaipur",portal,2025-07_all_nsq.json,43
2025-07,"state:State Drugs Laboratory, Punjab",nsq,ORAL REHYDRATION SALTS IP (VENTOLYTE ORS),Z-25447,May-2025,Apr-2027,"Zurich Health Care, 21-B Part, Ind. Area, Maxi Road, Ujjain-456010",NET WEIGHT/SACHET FOUND TO BE 21.1921GM. AGAINST CLAIM OF 21.8GM/SACHET.,"State Drugs Laboratory, Punjab",portal,2025-07_all_nsq.json,44
2025-07,state:Drug Control Department Chhattisgarh,nsq,"Metformin Hydrochloride Prolonged Release and Glimepiride Tablets IP ""Gli-Me SR2",NHD24334A,Jul-2024,Jun-2026,"M/s. Nest Healthcare Private Limited. , (A WHO-GMP Certified Company) Plot No. 300 G.I.D.C., Odhav Ahmedabad- 382415 ( Guj.) India",Assay,Drug Control Department Chhattisgarh,portal,2025-07_all_nsq.json,45
2025-07,state:Drug Control Department Chhattisgarh,nsq,Luliconazole Lotion 1 % w/v?Lunix?Lotion,SPE240414,Dec-2024,Nov-2026,"M/s. Samrvir Biotech Pvt. Ltd. (An ISO 9001:2015 Certified Company) V& Po Raja Khasa,TehsilIndoraDistt. Kangra- 176401, Himachal Pradesh (India",Mis-Branded,Drug Control Department Chhattisgarh,portal,2025-07_all_nsq.json,46
2025-07,state:Drug Control Department Chhattisgarh,nsq,NIMESULIDE AND PARACETAMOL Nimucet,STI25103,Mar-2025,Feb-2028,"M/s. Shivalik Remedies Pvt. Ltd., Village. Nanhera , Anantpur Puhana Iqbalpur Road Roorkee Dist. Haridwar, Uttarakhand -247667",Assay,Drug Control Department Chhattisgarh,portal,2025-07_all_nsq.json,47
2025-07,"state:DTL, Jaipur",nsq,Calcium Carbonate & Vitamin D3 Tablets IP 1.25mg &500ml),CT24090,Apr-2024,Mar-2026,"Cian Healthcare Ltd. Kh.No. 248, Village Sisona, Bhagwanour Roorkee Haridwar Uttarakhand",The sample does not conform to the claim with respect to Assay Vitamin D3,"DTL, Jaipur",portal,2025-07_all_nsq.json,48
2025-07,"state:DTL, Jaipur",nsq,Fluoxetine Tablets IP 20mg,OM-11068,Jan-2025,Dec-2027,"DD Pharmaceuticals Pvt Ltd. G-1/583, RIICO Indl Area Sitapur Lonk Road, Jaipur-302022",The sample does not conform to the IP with respect to Description as it show the physical instability in the form of Mettling,"DTL, Jaipur",portal,2025-07_all_nsq.json,49
2025-07,"state:SDTL, Jharkhand",nsq,Metformin Hydrochloride Tablets IP(Elmet-500),G-358/5431,Dec-2023,Nov-2025,"Elfin Drugs Pvt Ltd. Vill Berson, HP-174101",The sample does not conform to IP with respect to test for Description,"SDTL, Jharkhand",portal,2025-07_all_nsq.json,50
2025-07,state:Karnataka,nsq,Aciammar-P Tablets (Aceclofenac & Paracetamol Tablets),IMDT24-1098,Mar-2025,Feb-2027,"Incredible Medicare, Mauza Ogli, Suketi Road, Kala Amb Sirmaur, Himachal Pradesh",Assay for Aceclofenac and Description,Karnataka,portal,2025-07_all_nsq.json,51
2025-07,state:Drug Control Department Chhattisgarh,nsq,Ibuprofen TabletsIP 200 mg,020125-BCG01,Jan-2025,Dec-2026,"M/s. Biogenetic Drugs Pvt. Ltd., Vill.-Jharmazri, Baddi- 174103, Dist.- Solan, H.P",Dissolution,Drug Control Department Chhattisgarh,portal,2025-07_all_nsq.json,52
2025-07,state:Karnataka,nsq,Metoprolol Succinate (ER) & Amlodipine Besylate Tablets IP (Metorell-AM50) Tablets,77BG06,Jun-2024,May-2026,"Sarv Pharmaceutical, Plot No. No. 28 Sector-3A, IIE, SIDCUL, Haridwar-249403 Uttarakhand",Identification test for Metoprolol Succinate and Assay for Metoprolol Succinate,Karnataka,portal,2025-07_all_nsq.json,53
2025-07,state:Karnataka,nsq,Ibuprofen Tablets IP 400mg,290524-BKN13,May-2024,Apr-2026,"Biogenetic Drugs Pvt Ltd. Vill. Jharmazri, Baddi-174103 Dist. Solan HP",Test for Dissolution,Karnataka,portal,2025-07_all_nsq.json,54
2025-07,state:Karnataka,nsq,Levocetirizine Tablets IP 5mg (CISTIN-L),TDR-24103,Aug-2024,Jul-2026,"D.R. Johns Lab Pvt Ltd. Plot No. 3, Sector-6A IIE, SIDCUL Haridwar(U.K)",Description,Karnataka,portal,2025-07_all_nsq.json,55
2025-07,"state:Drugs Control Laboratory,                                                                       Telangana.",nsq,"Tablets, Betahistine Tablets I.P.",GT17056A,Dec-2024,Nov-2026,"J.M. Laboratories, J.M. Laboratories. (AN ISO, WHO, GMP & GLP CERTIFIED COMPANY) Village- Bhanat, P.O. - Ghatti, Subathu Road, Solan (H.P)-173 211 Himachal Pradesh. Mrkt: Novalife ® Health Care, Novalife ®, Healthcare (an ISO 9001: 2015 Certified Company)#57, 1st Floor, 6th Cross, 5th Main Road, Chamrajpet, Bangaluru - 560018.",Description of Tablets,"Drugs Control Laboratory,                                                                       Telangana.",portal,2025-07_all_nsq.json,56
2025-07,"state:DTL, Puducherry",nsq,NEPAFENAC OPHTHALMIC SUSPENSION (ELNEP EYE DROPS),NE12B028,Dec-2024,Nov-2026,"M/s.NDB Healthcare, Vill. Lower Ambota, Sec-5, Parwanoo, Distt. Solan (H.P) 173220",Incorrect labelling,"DTL, Puducherry",portal,2025-07_all_nsq.json,57
2025-07,central,nsq,Albendazole Tablets IP 400 mg. (Macbi-400),SPT241854,Sep-2024,Aug-2026,"SALUS PHARMACEUTICALS, 480/211, Harraipur, PO Gurumajra, Teh. Baddi, Distt. Solan (H.P.) 173205",Dissolution of Albendazole,"RDTL, Guwahati",portal,2025-07_all_nsq.json,58
2025-07,"state:Drug Testing Laboratory Dalgate, Jammu and Kashmir",nsq,Pantoprazole Sodium Tablets IP 40 mg,MT240152,Nov-2024,Mar-2026,"Mancare Laboratories Pvt. Ltd. (AN ISO 9001: 2015 & GMP Certified Company) Plot no. 11, Pharmacity, Selaqul, Dehradun, Uttrakand - 248011.",Failing in Dissolution Test.,"Drug Testing Laboratory Dalgate, Jammu and Kashmir",portal,2025-07_all_nsq.json,59
2025-07,central,nsq,"Dextromethorphan Hydrobromide, Phenylephrine Hydrochloride & Chlorpheniramine Maleate Syrup (BRONCHITY-DX)",MFL-250501,May-2025,Apr-2027,"Manfriday Lifesciences Khewat no. 17/10, Khata No. 27, Rect & Killa No. 27/6/2/2(2-8), Vill. Liwaspur, Sonipat, Haryana","Assay of Dextromethorphan Hydrobromide, Phenylephrine Hydrochloride","RDTL, Chandigarh",portal,2025-07_all_nsq.json,60
2025-07,central,nsq,Paroxetine Hydrochloride Prolonged Release Tablets IP 25mg (Pexitalk CR-25 Tablets),MFT-250501,May-2025,Apr-2027,"Manfriday Lifesciences Khewat no. 17/10, Khata No. 27, Rect & Killa No. 27/6/2/2(2-8), Vill. Liwaspur, Sonipat, Haryana",Assay of Paroxetine Hydrochloride Hemihydrate calculated as Paroxetine,"RDTL, Chandigarh",portal,2025-07_all_nsq.json,61
2025-07,central,nsq,Atropine Sulphate Injection IP,MA23H84,Aug-2023,Jul-2025,"Martin & Brown Bio-sciences K. No. 918/419, Malkumajra, Nalagarh Road, Baddi, Distt. Solan (H.P.)-173205","""Particulate matter"" and is also not of standard quality for the reason stated under ""Description"".","CDL, Kolkata",portal,2025-07_all_nsq.json,62
2025-07,central,nsq,Aminophylline Injection I.P. 10 ml,MA24G125,Jul-2024,Jun-2026,"MARTIN & BROWN BIO-SCIENCES PVT. LTD.,K.No. 918/419, Malkumajra, Nalagarh Road, Baddi, Dist.Solan (H.P.)-173205","""Extractable volume"", ""Particulate matter""and is also not of standard quality for the reason stated under ""Description"".","CDL, Kolkata",portal,2025-07_all_nsq.json,63
2025-07,state:Karnataka,nsq,Nimesulide and Paracetamol Tablets (Noomi-P),MT-240521,Feb-2024,Jan-2026,"Matins Healthcare Pvt Ltd. (A WHO-GMP Certified Company) Plot No. 10, Sector-5, I.I.E Sidcul Haridwar-249403",Description,Karnataka,portal,2025-07_all_nsq.json,64
2025-07,central,nsq,Ursodeoxycholic Acid Tablets IP,MDT-3717,Jan-2025,Dec-2026,"Mayasha Lifesciences H.B. 86, Village-Bhatian Nalagarh, Distt.-Solan (H.P.) 174101",Dissolution and Assay.,"CDTL, Mumbai",portal,2025-07_all_nsq.json,65
2025-07,central,nsq,Amoxycillin & Potassium Clavulanate Tablets I.P. (Amoxyclav 625),MFK0076,Feb-2024,Jan-2026,"Medicef Pharma. Plot No. 28, 29 & 48, Phas-I, EPIP, Jharmajri, Baddi, Distt. Solan- 173205 (H.P.), India.",Identification and Assay of Amoxycillin and Clavulanic Acid.,"CDL, Kolkata",portal,2025-07_all_nsq.json,66
2025-07,"state:State Drugs Laboratory, Punjab",nsq,Paracetamol & Domperidone Dispersible Tablets (Nectar-DT),MOT-1791B,Feb-2025,Jan-2027,"Mefro Organic Ltd., Plot No. 4, Phase-1, Indl. Area, Tahliwal, Teh.-Haroli, Distt. Una (H.P.)-174507",UNIFORMITY OF DISPERSION.,"State Drugs Laboratory, Punjab",portal,2025-07_all_nsq.json,67
2025-07,central,nsq,"Vitamin C Injection IP and Vitamin B12, Folic Acid and Niacinamide Injection (Eldervit-12 Injection)","MVRW25002, MVAR25002",Jan-2025,Dec-2026,"Micropure Parenteral Private Limited,Plot no-136, Neharoli, Wada, Thane, Maharashtra-421312","""Particulate Matter"" and is also not of standard quality for the reason stated under ""Description"".","CDL, Kolkata",portal,2025-07_all_nsq.json,68
2025-07,central,nsq,"Vitamin C Injection IP and Vitamin B12, Folic Acid and Niacinamide Injection (Eldervit-12 injection)","MVRW25004, MVAR25004",Jan-2025,Dec-2026,"Micropure Parenteral Private Limited Plot no-136, Neharoli, Wada, Thane, Maharashtra-421312","""Particulate Matter"" and is also not of standard quality for the reason stated under ""Description""","CDL, Kolkata",portal,2025-07_all_nsq.json,69
2025-07,central,nsq,"Vitamin C Injection IP and Vitamin B12, Folic Acid and Niacinamide Injection (Eldervit-12 Injection)",MVAR25005,Jan-2025,Dec-2026,"Micropure Parenteral Private Limited Plot no-136, Neharoli, Wada, Thane, Maharashtra-421312","""Particulate Matter""and is also not of standard quality for the reason stated under ""Description"".","CDL, Kolkata",portal,2025-07_all_nsq.json,70
2025-07,state:Karnataka,nsq,Cadlon(Chlorhexidine Gluconate Solution & Cetrimide Antiseptic Liquid),GMW0116,Aug-2024,Jul-2026,"Microwin Labs Pvt Ltd. Plot No. 363, Industrial Area, Phase-9, Mohali 160062 Punjab",Description Only,Karnataka,portal,2025-07_all_nsq.json,71
2025-07,central,nsq,Fexofenadine Hydrochloride tablets 120mg (Fexomon-120.),MT2503039,Mar-2025,Feb-2027,"MONIQUE PHARMACEUTICALS PVT. LTD.PLOT NO. 676, SECTOR-69, IMT, FARIDABAD, HARYANA-121004","Test of Dissolution (at 10 min), Dissolution (at 30 min)","RDTL, Chandigarh",portal,2025-07_all_nsq.json,72
2025-07,"state:State Drugs Testing Laboratory, Agartala, Tripura.",nsq,AMLOPEN 2.5 (Amlodipine Besylate Tablets I.P. 2.5 mg),E4B0148,Feb-2024,Jan-2026,"Morepen Laboratories Ltd., Plot No. 12-B, Sector -2, Parwanoo, Dist. Solan (H.P) ? 173220.",The sample does not conform to standard quality in respect of the test for ?Dissolution? performed,"State Drugs Testing Laboratory, Agartala, Tripura.",portal,2025-07_all_nsq.json,73
2025-07,central,nsq,Ramipril Tablets IP 5mg,NHD24605A,Dec-2024,Nov-2026,"Nest Healthcare Private Limited Plot No.: 300, G.I.D.C., Odhav, Ahmedabad -382415 (Guj.), India",Assay of Ramipril.,"CDTL, Indore",portal,2025-07_all_nsq.json,74
2025-07,"state:State Drugs Laboratory, Punjab",nsq,Ofloxacin and Ornidazole tablets IP (Oflacin-OZ),T-2406084,Jun-2024,May-2027,"Aagya Biotech Pvt. Ltd., 1.5 Km, Manglour-Saharanpur Road, Manglour-247656, Roorkee, Distt. Haridwar (U.K.)",Description,"State Drugs Laboratory, Punjab",portal,2025-07_all_nsq.json,75
2025-07,central,nsq,Telmisartan Tablets IP 40 mg,TLL-505,Jan-2025,Dec-2026,"Healers Lab Unit II, Plot No. 33, H.P.S.I.D.C., Extn.,Baddi, Distt-Solan (H.P)",Dissolution of Telmisartan,"RDTL, Guwahati",portal,2025-07_all_nsq.json,76
2025-07,"state:DTL, Jaipur",nsq,Rabeprazole Sodium & Sustained Release Domperidone Capsules(Rabiet DSR),ZC2R24003,Apr-2024,Mar-2026,"ACME Lafetech LLP, Plot No. 103,104105, EPIP Phase 1 JharmazrinBaddi Himachal Pradesh 173205",The sample does not conform to the claim with respect to Assay of Rabeprazole Sodium,"DTL, Jaipur",portal,2025-07_all_nsq.json,77
2025-07,"state:State Lab,                                       Drugs Control Laboratory,                                                                       Telangana.",nsq,"HEXFEN-P TABLETS Tablets, Aceclofenac & Paracetamol Tablets,",AT2408071C,Aug-2024,Jul-2026,"Mfg By: ADDII BIOTECH PVT.LTD, Vill. Kaundi, P.O. Thana, the. Baddi, Distt. Solan - 173 205. (H.P). Himachal Pradesh. Mrkt: Hexter Pharmaceuticals Sr No. 9, Tukaram Nagar Chandan nagar Kharadi Road, Pune - 411 014.",The product label should be mentioned as Aceclofenac and Paracetamol IP. But the label is mentioned as only Aceclofenac and Paracetamol.,"State Lab,                                       Drugs Control Laboratory,                                                                       Telangana.",portal,2025-07_all_nsq.json,78
2025-07,"state:State Drugs Laboratory, Punjab",nsq,Diclofenac Sodium & Paracetamol Tablets. (Diclopat-Plus),17253,Oct-2024,Sep-2026,"ADISON PHARMACEUTICALS, 21 Km. Stone, Fatehgarh Churian Road, Amritsar.",The Product is official in I.P 2022 but it is not mentioned anywhere on the Product label.,"State Drugs Laboratory, Punjab",portal,2025-07_all_nsq.json,79
2025-07,"state:DTL, Jaipur",nsq,Calcium and Vitamin D3 Tablets IP,PGT24708,Sep-2024,Aug-2026,Affy Parenterals Vill Gullenwala P.Obaddi Distt. Solan (HP-173205,The sample does not conform to the IP with respect to Assay of Vitamin D3,"DTL, Jaipur",portal,2025-07_all_nsq.json,80
2025-07,"state:DTL, Jaipur",nsq,Calcium and Vitamin D3 Tablets IP,PGT24702,Sep-2024,Aug-2026,Affy Parenterals Vill Gullenwala P.Obaddi Distt. Solan (HP-173205,The sample does not conform to the IP with respect to Assay Vitamin D3,"DTL, Jaipur",portal,2025-07_all_nsq.json,81
2025-07,"state:DTL, Jaipur",nsq,Calcium and Vitamin D3 Tablets IP,PGT24720,Oct-2024,Sep-2026,Affy Parenterals Vill Gullenwala P.Obaddi Distt. Solan (HP-173205,The sample does not conform to the IP with respect to Assay Vitamin D3,"DTL, Jaipur",portal,2025-07_all_nsq.json,82
2025-07,"state:DTL, Jaipur",nsq,Calcium and Vitamin D3 Tablets IP,PGT24726,Oct-2024,Sep-2026,Affy Parenterals Vill Gullenwala P.Obaddi Distt. Solan (HP-173205,The sample does not conform to the IP with respect to Assay Vitamin D3,"DTL, Jaipur",portal,2025-07_all_nsq.json,83
2025-07,central,nsq,Meropenem Injection IP 250 mg,MRO-05,Aug-2024,Jul-2026,"Agron Remedies Pvt. Ltd.,Agron Remedies Pvt. Ltd. Sarverkhera, Moradabad Road, Kashipur-244713 (Uttarakhand)","Identification and Assay of Meropenem, Clarity of solution, Particulate Matter, Content of sodium and is also not of standard quality for the reason stated under ""Description"".","CDL, Kolkata",portal,2025-07_all_nsq.json,84
2025-07,"state:Drug Testing Laboratory Baddi, Himanchal Pradesh",nsq,Zyset-MD4 (Ondansetron Orally disintegration Tablets IP ),GAG0810,May-2024,Apr-2026,"Agron Remedies Pvt. Ltd. (A WHO-GMP Certified company) Sarverkhera Moradabad Road, Kashipur 244713 (Uttarakhand)",The sample does not conforms to IP 2022 in respect to the Assay of ondansetron Hydrochloride calculated as ondansteron,"Drug Testing Laboratory Baddi, Himanchal Pradesh",portal,2025-07_all_nsq.json,85
2025-07,"state:State Drugs Laboratory, Punjab",nsq,Gabapentin Capsules IP 300mg. (Pebammyl-3G),AFC2411056,Nov-2024,Oct-2026,"ALIFECARE FORMULATION, Plot No-147, DIC Ind. Area, Baddi, Distt. Solan (HP) 173205",The sample does not conform to claim as per I.P. 2022 even at Stage-III as the average release is 65.02% of labelled claim against Q value of NLT 80% of labelled claim.,"State Drugs Laboratory, Punjab",portal,2025-07_all_nsq.json,86
2025-07,"state:State Drugs Laboratory, Punjab",nsq,Gabapentin Capsules IP 300mg. (Pebammyl-3G),AFC2501028,Jan-2025,Dec-2026,"ALIFECARE FORMULATION, Plot No-147, DIC Ind. Area, Baddi, Distt. Solan (HP) 173205",The sample does not conform to claim as per I.P. 2022 even at Stage-III as the average release is 68.50% of labelled claim against Q value of NLT 80% of labelled claim.,"State Drugs Laboratory, Punjab",portal,2025-07_all_nsq.json,87
2025-07,"state:State Drugs Laboratory, Punjab",nsq,Gabapentin Capsules IP 300mg. (Pebammyl-3G),AFC2501029,Jan-2025,Dec-2026,"ALIFECARE FORMULATION, Plot No-147, DIC Ind. Area, Baddi, Distt. Solan (HP) 173205",The sample does not conform to claim as per I.P. 2022 even at Stage-III as the average release is 68.88% of labelled claim against Q value of NLT 80% of labelled claim.,"State Drugs Laboratory, Punjab",portal,2025-07_all_nsq.json,88
2025-07,"state:State Drugs Laboratory, Punjab",nsq,Gabapentin Capsules IP 300mg. (Pebammyl-3G),AFC2502059,Feb-2025,Jan-2027,"ALIFECARE FORMULATION, Plot No-147, DIC Ind. Area, Baddi, Distt. Solan (HP) 173205",The sample does not conform to claim as per I.P. 2022 even at Stage-III as the average release is 71.22% of labelled claim against Q value of NLT 80% of labelled claim.,"State Drugs Laboratory, Punjab",portal,2025-07_all_nsq.json,89
2025-07,central,nsq,Cyanocobalamin Injection I.P. 500 mcg/ml (ALPA-B12),VL5095,Mar-2025,Feb-2027,"Alpa Laboratories Ltd 33/2, A.B. Road, Pigdamber-453 446, Indore (M.P.)","Particulate matter and is also not of standard quality for the reason stated under ""Description""","CDL, Kolkata",portal,2025-07_all_nsq.json,90
2025-07,"state:Drug Testing Laboratory Dalgate, Jammu and Kashmir",nsq,NEUROSIA,AT-110,Apr-2024,Mar-2027,"AMBROSIA PHARMA 91 Indl. Estate, Zainakot Srinagar.",Failing in Disintegration Test.,"Drug Testing Laboratory Dalgate, Jammu and Kashmir",portal,2025-07_all_nsq.json,91
2025-07,"state:Drug Testing Laboratory Dalgate, Jammu and Kashmir",nsq,AMBROSPAS,AT-111,Apr-2024,Mar-2027,"AMBROSIA PHARMA 91 Indl. Estate, Zainakot Srinagar.",Failing in Disintegration Test.,"Drug Testing Laboratory Dalgate, Jammu and Kashmir",portal,2025-07_all_nsq.json,92
2025-07,"state:DTL, Jaipur",nsq,Piroxicam Paracetamol Serrattopepndase & Chlerzoxazone Bolus (Resi-P Bolus),ARB-052,Jan-2025,Dec-2026,Aryan Biotech P Ltd. Plot no. 16 Sector 6B IIE SIDCUL Ranipur Haridwar Uttarakhand,The sample does not conform to the claim with respect to Description as it show physical instability in the form of Mettling and Found Nimesede 1247.95mg/bolousi,"DTL, Jaipur",portal,2025-07_all_nsq.json,93
2025-07,"state:Drug Testing Laboratory Dalgate, Srinagar",nsq,Kresertan - 40,T24E178A,May-2024,Apr-2026,"Bajaj Formulations, Khasra no. 161, Village Lakeshwary, Bhagwanpur, Roorkee, District: Haridwar (UK)",Failing in Disintegration Test.,"Drug Testing Laboratory Dalgate, Srinagar",portal,2025-07_all_nsq.json,94
2025-07,state:Karnataka,nsq,Ibuprofen TabletsIP 400 mg,060124-BKN13,Jan-2024,Dec-2025,"Biogenetic Drugs Pvt Ltd. Vill. Jharmazri, Baddi-174103 Dist. Solan HP",Description,Karnataka,portal,2025-07_all_nsq.json,95
2025-07,central,nsq,Calcium with VItamin D3 Tablets I.P. (Ninecal-500),C25T005D,Apr-2025,Sep-2026,"Cartel Laboratories Plot.NO. 10/A And 11/A, Chengicherla, Medchal-Malkajjgiri Dist., Hyderabad-92","Dissolution For Calcium Carbonate Equivalent To Elemental Calcium (S1, S2, S3 LEVELS)And Assay For Calcium Carbonate Equivalent To Elemental Calcium Only","CDTL, Hyderabad",portal,2025-07_all_nsq.json,96
2025-07,"state:State Lab,                                       Drugs Control Laboratory,                                                                       Telangana.",nsq,"Xeronac P Tablets, Paracetamol and Aceclofenac Tablets,",FXOP-1740.,Jan-2025,Dec-2026,"Mfg By: Firstmed Therapeutics Pvt.Ltd, R.S. No. 31/1, Ponday-Thindivanam main road, Auroville (PO), Thiruchitrambalam, Tamilnadu - 605 101, Tamil Nadi.","1. The product label should be mentioned as Aceclofenac and Paracetamol IP. But the label is mentioned as only Aceclofenac and Paracetamo 2. The drug failed to indicate the common name of the colur, used in the drug. on the product label, as required under Rule 127(2) of the Drugs Rules, 1945. The label merely states Approved Colur used.","State Lab,                                       Drugs Control Laboratory,                                                                       Telangana.",portal,2025-07_all_nsq.json,97
2025-07,central,nsq,Azithromycin Tablets IP (Aziventis-500 Tablets),GT400149,Apr-2024,Mar-2026,"Gnosis Pharmaceuticals Pvt. Ltd.,Nahan Road, Village Moginand, Kala- Amb, Distt. Sirmour, H.P. - 173030",Test for dissolution.,"CDL, Kolkata",portal,2025-07_all_nsq.json,98
2025-07,state:Karnataka,nsq,"Methylcobalamin. Alpha Lipoic Acid. Benfotiamine. Pyridoxine, CalciumPantothenate, Folic Acid, Zinc Oxide, Chromium Picolinate, Inositol and Lutein Softgel Capsules (Meurozen Plus)",HPDK24040,Nov-2024,Oct-2026,"Healthwise Pharma, (An ISO 9001:2015 & GMP Certified unit) VPO Bhud, Teh. Baddi, Dist. Solan -173205","Assay for Methylcobalmin, Pyridoxine Hydrdrochloride. Calcium Pantothenate and Zinc Oxide",Karnataka,portal,2025-07_all_nsq.json,99
2025-07,central,nsq,Absorbent Cotton Wool IP To be Sterilized before use,2079,Dec-2024,,"JIND SURGICALS 24-27, HSIIDC Industrial Area, New Hansi Road,Jind-126102 (Haryana)",Test of Foreign Fibres,"RDTL, Chandigarh",portal,2025-07_all_nsq.json,100
2025-07,"state:State Drugs Testing Laboratory, Agartala, Tripura.",nsq,ZORACEF ? 500 (Cefuroxime Axetil Tablets I.P),25KHCT-0031,Jan-2025,Dec-2026,"Kaalinga Health Care, 1st Floor, Kh. No. 386/76/2, Vill. JuddiKalan, Baddi, Dist. Solan (H.P) ? 173205.",The sample does not conform to standard quality in respect of the test for ?Dissolution? performed.,"State Drugs Testing Laboratory, Agartala, Tripura.",portal,2025-07_all_nsq.json,101
2025-07,"state:Drug Testing Laboratory Dalgate, Jammu and Kashmir",nsq,Migranap - D,KHT- 0689,Sep-2023,Aug-2025,"Kaalinga Healthcare (GMP & GLP Certified Company), Ist Floor, Kh No. 386/76/2, Vill, Juddi, Kalan Baddi, Distt. Solan, (HP). 173205.",Failing in Assay,"Drug Testing Laboratory Dalgate, Jammu and Kashmir",portal,2025-07_all_nsq.json,102
2025-07,"state:State Drugs Testing Laboratory, Agartala, Tripura.",nsq,ALBEKAL 400 (Albendazole Tablets I.P. 400 mg),ALB01F5A,Jun-2025,May-2027,"Kalpraj Techno Fab Pvt. Ltd., Plot No. 24A & 24B, Sector C, Industrial Area, Mandideep, Dist. Raisen ? 462046 (M.P.), India.",The sample does not conform to standard quality in respect of the test for ?Dissolution? performed.,"State Drugs Testing Laboratory, Agartala, Tripura.",portal,2025-07_all_nsq.json,103
2025-07,"state:State Drugs Testing Laboratory, Agartala, Tripura.",nsq,ALBEKAL 400 (Albendazole Tablets I.P. 400 mg),ALB02F5A,Jun-2025,May-2027,"Kalpraj Techno Fab Pvt. Ltd., Plot No. 24A & 24B, Sector C, Industrial Area, Mandideep, Dist. Raisen ? 462046 (M.P.), India.",The sample does not conform to standard quality in respect of the test for ?Dissolution? performed.,"State Drugs Testing Laboratory, Agartala, Tripura.",portal,2025-07_all_nsq.json,104
2025-07,"state:State Drugs Testing Laboratory, Agartala, Tripura.",nsq,ALBEKAL 400 (Albendazole Tablets I.P. 400 mg),ALB03F5A,Jun-2025,May-2027,"Kalpraj Techno Fab Pvt. Ltd., Plot No. 24A & 24B, Sector C, Industrial Area, Mandideep, Dist. Raisen ? 462046 (M.P.), India.",The sample does not conform to standard quality in respect of the test for ?Dissolution? performed,"State Drugs Testing Laboratory, Agartala, Tripura.",portal,2025-07_all_nsq.json,105
2025-07,"state:Drug Testing Laboratory Dalgate, Srinagar",nsq,Hista - 12,9148,Jul-2024,Jun-2027,"Kaptab Pharmaceuticals 4/8, Industrial Estate, Gorwa Road, Vadodara - 390016. at Block no. 532, A&B, Opp. Lubrizol, Savli Road, Manjusar, Distt Vadodara,- 391775.",Failing in Description of Tablets .,"Drug Testing Laboratory Dalgate, Srinagar",portal,2025-07_all_nsq.json,106
2025-07,central,nsq,Calcium and Vitamin D3 Tablets I.P.,15702724,Jan-2024,Jan-2026,"KARNATAKA ANTIBIOTICS AND PHARMACEUTICALS LIMITED (A Govt. Of India Enterprise) Plot No. 14, II Phase, Peenya, Bengaluru - 560 058.",Dissolution of Calcium,"CDTL, Mumbai",portal,2025-07_all_nsq.json,107
2025-07,"state:DTL, Baddi, Himanchal Pradesh",nsq,Ketoconazole Tablets IP 200mg,PGT241013,Dec-2024,Nov-2026,"M/s Affy Parenterals, Village Gullerwala, P.O. Baddi, Distt. Solan H.P.",The sample does not conforms to IP 2022 in respect of the Assay of Ketoconazole,"DTL, Baddi, Himanchal Pradesh",portal,2025-07_all_nsq.json,108
2025-07,"state:Drugs Inspector, H.Q. Sundernagar, Himachal Pradesh",nsq,Etop-TH4 Tablets,AT-1620,Nov-2024,Oct-2026,"As per the label claim, M/s Azot Life Sciences Private Limited, Kumarhatti, District Solan, H.P.",The sample does not conforms to claim as per Patient & Proprietary in respect to the Assay of Etodolac & Thiocochicoside.,"Drugs Inspector, H.Q. Sundernagar, Himachal Pradesh",portal,2025-07_all_nsq.json,109
2025-07,"state:Drug Testing Laboratory Baddi, Himanchal Pradesh",nsq,Volstec-500,BMT-1866,Sep-2023,Aug-2025,"M/s Betamax Remedies Pvt. Ltd.,Plot No. 24-25, Ind. Area,Phase I &II, Vill-Tahliwal, Distt-Una, H.P.",Dissolution,"Drug Testing Laboratory Baddi, Himanchal Pradesh",portal,2025-07_all_nsq.json,110
2025-07,"state:MDTL Kathua, Jammu and Kashmir",nsq,Zinc Sulphate Dispersible Tablets IP 20 mg,B250718,May-2025,Apr-2027,"M/s BOCHEM HEALTHCARE PVT. LTD. 83-84, Industrial Area, Dewas Road, Nagziri, Ujjain 456010 (M.P.) India",The sample fails in the Test for Disintegration of Tablets.,"MDTL Kathua, Jammu and Kashmir",portal,2025-07_all_nsq.json,111
2025-07,"state:MDTL Kathua, Jammu and Kashmir",nsq,Levocetirizine Dihydrochloride Tablets IP 5 mg,LLP-511,Dec-2023,Nov-2025,"M/s Healer's Lab Unit - II, Plot No. 33, H.P.S.I.D.C., Extn., Baddi, Distt- Solan (H.P.)",The sample fails in the Test for Description of Tablets.,"MDTL Kathua, Jammu and Kashmir",portal,2025-07_all_nsq.json,112
2025-07,"state:State Drugs Laboratory, Punjab",nsq,Mefenamic acid & Dicyclomine Hydrochloride tablets IP 250mg/10 mg,CYF-34,May-2025,Apr-2027,Not Mentioned,Manufactured by not mentioned anywhere on the label.,"State Drugs Laboratory, Punjab",portal,2025-07_all_nsq.json,113
2025-07,"state:MDTL Kathua, Jammu and Kashmir",nsq,Telmisartan Tablets I.P. (20 mg),TFI24009AL,Aug-2024,Jul-2026,"M/s Hindustan Laboratories Limited, Plot No. 5-9, Survey No. 38/2, Aliyali Palghar (W), Dist - Palghar 401404 (M.S.), India.",The sample fails in the Test for Description of Tablets.,"MDTL Kathua, Jammu and Kashmir",portal,2025-07_all_nsq.json,114
2025-07,"state:Drug Testing Laboratory Baddi, Himanchal Pradesh",nsq,Vomiban-MD,IMP 24024,Jun-2026,May-2026,"M/s IBN Herbals, Kasra no. 63, vill-Juddi kalan, Baddi-173205, Distt-Solan, H.P.",Assay,"Drug Testing Laboratory Baddi, Himanchal Pradesh",portal,2025-07_all_nsq.json,115
2025-07,"state:Government Analyst,SDTL, Guwahati,Assam",nsq,Albendazole Tablets 400 mg.,LMT241013,Sep-2024,Aug-2026,"M/S Life Max Cancer Laboratories, Plot No. 106 & 106 A, Sector-6A, IIE, SIDCUL, Haridwar-249403 (UK)",The sample does not conform to IP w.r.to the tests for ? Dissolution? and ?Assay?,"Government Analyst,SDTL, Guwahati,Assam",portal,2025-07_all_nsq.json,116
2025-07,"state:MDTL Kathua, Jammu and Kashmir",nsq,Methyldopa Tablets IP 250 mg,T-1939,Jul-2024,Jun-2026,"M/s Jackson Laboratories Pvt. Ltd. 22-24, Majitha Road, Bye Pass, Amritsar-143001 (India)",The sample fails in the Test for Description of Tablets.,"MDTL Kathua, Jammu and Kashmir",portal,2025-07_all_nsq.json,117
2025-07,"state:DCA Vijayawada, Andhara Pradesh",nsq,Trypsin & let Chymotryp,G240147/2,Sep-2024,Aug-2026,"M/s Vee Excel Drugs & Pharmaceuticals (P) Ltd, B-1/A, Industrial Area, GNEPIP, Kasna, Greater Noida, Gautam Budh Nagar-201308 UP",The sample failed in Assay (Label claim 13.6%) for Trypsin-Chymotrypsin.,"DCA Vijayawada, Andhara Pradesh",portal,2025-07_all_nsq.json,118
2025-07,state:Drug Control Department Chhattisgarh,nsq,"Paraetamol Tablets IP 500 mg ""CYPOL",CLP24002,Nov-2024,Oct-2026,"M/s. Danish Healthcare (P) Ltd., ( An ISO 9001:2006 & GMP certified Company) 76/27-28, Industrial Estate Maxi Road, UJJAIN 456010 INDIA",Assay,Drug Control Department Chhattisgarh,portal,2025-07_all_nsq.json,119
2025-07,"state:State Drugs Testing Laboratory, Kolkata, West Bengal.",nsq,Rabcprazole Tablets I.P. 20mg.,2378026,Oct-2023,Sep-2025,"M/s. Aurio Pharma Laboratories Pvt. Ltd., 26/1/1, S.H.K.B. Sarani (Jawpur Road), Kolkata-700074.",The sample does not conform to claim with respect of 'Assay' test.,"State Drugs Testing Laboratory, Kolkata, West Bengal.",portal,2025-07_all_nsq.json,120
2025-07,"state:State Drugs Testing Laboratory, Kolkata, West Bengal.",nsq,Rabcprazole Tablets I.P. 20mg.,2378021,Aug-2023,Jul-2025,"M/s. Aurio Pharma Laboratories Pvt. Ltd., 26/1/1, S.H.K.B. Sarani (Jawpur Road), Kolkata-700074.",The sample does not conform to claim with respect to 'Identification' test. The sample declared as Spurious as per D&C Act 1940.,"State Drugs Testing Laboratory, Kolkata, West Bengal.",portal,2025-07_all_nsq.json,121
2025-07,"state:State Drugs Testing Laboratory, Kolkata, West Bengal.",nsq,Rabcprazole Tablets I.P. 20mg.,2378028,Nov-2023,Oct-2025,"M/s. Aurio Pharma Laboratories Pvt. Ltd., 26/1/1, S.H.K.B. Sarani (Jawpur Road), Kolkata-700074.",The sample does not conform to claim with respect to 'Identification' test. The sample declared as Spurious.,"State Drugs Testing Laboratory, Kolkata, West Bengal.",portal,2025-07_all_nsq.json,122
2025-07,"state:State Lab,                                       Drugs Control Laboratory,                                                                       Telangana.",nsq,"AZITHROJES suspension, Azithromycin oral suspension,",JAZ.2402,Dec-2024,Nov-2026,"M/s. JESDAY PHARMACEUTICALS, Plot No. 10&11, Road No.9, IDA, Nacharam, Hyderabad - 500 076. Telangana.",The sample does not comply with the test for Assay of Azithromycin. The sample is also not labelled in the prescribed manner.,"State Lab,                                       Drugs Control Laboratory,                                                                       Telangana.",portal,2025-07_all_nsq.json,123
2025-07,state:Karnataka,nsq,Rabeprazole Gastro Resistant Tablets IP 20mg (Rabon-20 Tablets),NLT-807254,Sep-2024,Aug-2026,"Nutra Life Healthcare Pvt. Ltd. Plot No. 44-45, Shiv Ganga Industrial Estate, Lakeshwari,bhagwanpur Roorkee Distt. Haridwar, Uttarakhand",Dissolution,Karnataka,portal,2025-07_all_nsq.json,124
2025-07,"state:DTL, Jaipur",nsq,Betamethasone Sodium Phosphate Tablets I.P. 0.5 mg(Medibetal),OS-241004,Oct-2024,Sep-2026,"Ossiske Life Science Pvt Ltd. F-18, IGC, Mansa Road Bhatinda",The sample does not conform to the IP with respect to Assay of Betamethasone sodium Phosphate eq to Betamethasone,"DTL, Jaipur",portal,2025-07_all_nsq.json,125
2025-07,central,nsq,"Dicyclomine HCl, Mefenamic Acid and Paracetamol Tablets (MEFEN-SPAS TABLETS)",10769,Jan-2025,Dec-2026,"Oyster Labs Limited 81-82, Industrial Estate, Ambala Cantt-133006","Assay of Mefenamic Acid, Dicyclomine Hydrochloride","RDTL, Chandigarh",portal,2025-07_all_nsq.json,126
2025-07,central,nsq,Telmisartan Tablets IP(Tel-40),KR-241126,Dec-2024,Nov-2026,"Park Pharmaceuticals 272, Indl. Area, Phase-II, Panchkula- 134113",Test of Dissolution,"RDTL, Chandigarh",portal,2025-07_all_nsq.json,127
2025-07,state:Karnataka,nsq,Mefenamic Acid & Paracetamol Suspension (Mefie Spas Suspension ),PL-03/75,Mar-2024,Feb-2026,"Progressive Lifesciences Pvt Ltd., latherdevahoon. P.O Jhabrera, Roorkee, Distt. Haridwar-247665",Description,Karnataka,portal,2025-07_all_nsq.json,128
2025-07,state:Karnataka,nsq,Sodium Chloride Injection IP 0.9% w/v (NS),UD304F008,Apr-2025,Mar-2028,"Puniska Injectables Pvt Ltd. Plot No. 1, Phase III, Honda Industrial Estate, honda, Sattari Goa-403530",Test for Sterility,Karnataka,portal,2025-07_all_nsq.json,129
2025-07,central,nsq,Bupivacaine Hydrochloride In Dextrose Injection USP 4ml,17B24002,Mar-2024,Feb-2026,"Radiant Parenterals Ltd. 242/5 & 6, G.I.D.C. Estate at & Post Waghodia, Dist- Vadodara, Gujarat- 391760","""Determination of volume of Injection in containers"".","CDL, Kolkata",portal,2025-07_all_nsq.json,130
2025-07,central,nsq,Sucralfate & Oxetacaine Oral Suspension(Sucrakars- O Suspension),RL2412-10,Dec-2024,Nov-2026,"Regent Ajanta Biotech, 86-87, Village Makhiyali Dundi, Peerpura Road, Roorkee-247667 (U.K)",Assay of Sucralfate,"CDL, Kolkata",portal,2025-07_all_nsq.json,131
2025-07,"state:State Drugs Laboratory, Punjab",nsq,Telmisartan Tablets IP 40mg,RT-250582,May-2025,Apr-2027,"Relief Biotech pvt. Ltd., Khasra No. 72, Makhyali Dundi, Peerpura Road, Roorkee Bypass, Delhi Road, Manglour, Roorkee-247656, Haridwar (U.K.).",Description,"State Drugs Laboratory, Punjab",portal,2025-07_all_nsq.json,132
2025-07,central,nsq,Methylprednisolone Tablets IP 8 mg (ROMPRED-8 Tablets),RP-T867/A,Apr-2025,Mar-2027,"Roma Pharma Pvt. Ltd. Unit-II Village- Nagali, P.O. Barog, Tehsil & Distt. Solan (H.P.)- 173211",Test of Dissolution and Assay of Methylprednisolone,"RDTL, Chandigarh",portal,2025-07_all_nsq.json,133
2025-07,central,nsq,"Diclofenac Potassium, Paracetamol & Serratiopeptidase Tablets (Dainac-SP Tablets)",RP-T878/A,May-2025,Apr-2027,"Roma Pharma Pvt. Ltd. Unit-II Village- Nagali, P.O. Barog, Tehsil & Distt. Solan (H.P.)- 173211",Uniformity of weight Assay of Serratiopeptidase,"RDTL, Chandigarh",portal,2025-07_all_nsq.json,134
2025-07,central,nsq,Amikacin Sulphate Injection IP 500mg/2ml,24AM19,Dec-2024,Nov-2026,"SAI Parenterals Limited, D1&D4, Survey No.280,Phase-V, IDA,Jeedimetla, Hyderabad-500055, Telangana, India","""Particulate Matter"", ""Bacterial Endotoxin"", ""Sterility"" and is also not of standard quality for the reason stated under ""Description"".","CDL, Kolkata",portal,2025-07_all_nsq.json,135
2025-07,"state:State Lab,                                       Drugs Control Laboratory,                                                                       Telangana.",nsq,"Dolozap Tablets, Acelofenac & Paractamol Tablets,",2407197,Jul-2024,Jun-2026,"Mfg By: Sai Sarvaa Biotech Pvt.Ltd, 8 & 9, Balaji Nagar, Pattanur, Auroville (Po), Vanur (TK), Villupuram (Dt) Pin-605 101 Tamil nadu Mrkt: Stable Pharma, 11-3-267/59, Madhura Nagar, Secunderabad - 500 061.",The product label should be mentioned as Aceclofenac and Paracetamol IP. But the label is mentioned as only Aceclofenac and Paracetamol.,"State Lab,                                       Drugs Control Laboratory,                                                                       Telangana.",portal,2025-07_all_nsq.json,136
2025-07,"state:State Drugs Laboratory, Punjab",nsq,Lorazepam Tablets IP (LORAT-1),NR/240715,Jul-2024,Dec-2026,"SBS Biotech., Mouza rampur Jattan, Nahan Road, Kala Amb, Distt. Sirmour (H.P)",The Dissolution of Lorazepam does not complies within the prescribed limit of not less than Q value i.e 60% of labelled claim and 80% of labelled claim after 30 min. (45.09%) and after 60 min.(71.34%) respectively as stated in I.P 2022.,"State Drugs Laboratory, Punjab",portal,2025-07_all_nsq.json,137
2025-07,"state:DTL, Jaipur",nsq,Satrang Decoratol Maroon Fast Color Cone,70,Apr-2025,Oct-2026,"Singh Mehandi Industries Pvt Ltd. Chak No. 2,3434/2, Sojat Road",The sample of cosmetic does not conform to the claims made on the label as to the nature and quality of the cosmetics with respect to Picramic acid (0.1309%) and Lawsone (nil),"DTL, Jaipur",portal,2025-07_all_nsq.json,138
2025-07,"state:DTL, Jaipur",nsq,Satrang Arhi Rich Fast Color Cone,61,Apr-2025,Oct-2026,"Singh Mehandi Industries Pvt Ltd. Chak No. 2,3434/2, Sojat Road",The sample of cosmetic does not conform to the claims made on the label as to the nature and quality of the cosmetics with respect to Picramic acid (0.1523%%) and Lawsone (nil),"DTL, Jaipur",portal,2025-07_all_nsq.json,139
2025-07,"state:SDTL, Jharkhand",nsq,Atenonon Tablets IP (Atenopress-25),SPA241386,Jun-2024,May-2026,"Skymap Pharmaceuticals Pvt Ltd. B-3, Dev Bhoomi Industrial Estate, Puhana Ibalpur Road, Roorkee-247667",The sample does not conform to IP with respect to test for Assay,"SDTL, Jharkhand",portal,2025-07_all_nsq.json,140
2025-07,state:Karnataka,nsq,Pioglitazone Hydrochloride Tablets IP (Biodib-15),SPA250363,Feb-2025,Jan-2027,"Skymap Pharmaceuticals Pvt Ltd. B-3, Dev Bhoomi Industrial Estate, Puhana Ibalpur Road, Roorkee-247667",Dissolution test for Pioglitazone,Karnataka,portal,2025-07_all_nsq.json,141
2025-07,"state:State Drugs Laboratory, Punjab",nsq,Miconazole Cream IP 2%,XE04,May-2025,Apr-2027,"Snehai Pharma & Surgicals Pvt. Ltd., B-1,11,B-2/1, MIDC, Butibori, Nagpur-441122, Maharashtra (India)",The Content of Miconazole Nitrate found to be 1.285% W/w (64.25%) against labelled claim of 2% W/W.,"State Drugs Laboratory, Punjab",portal,2025-07_all_nsq.json,142
2025-07,"state:Government Analyst, DTL, Baddi, Distt Solan, Himanchal Pradesh",nsq,Montelukast Sodium and Levocetirizine hydrochloride Tablets IP (10mg+5mg) (MONTLEVO),SP240802,Apr-2024,Mar-2026,"Sotac Pharmaceuticals Ltd. Plot no. PF/21&22-A, Sanand GIDC-II Sanand, Distt Ahmedabad 382110 (Gujarat) (India)","The sample does not conform as per IP 2022 in respect to the description, as out of 40 Tablets 15 were found moistened, bulged and cracked","Government Analyst, DTL, Baddi, Distt Solan, Himanchal Pradesh",portal,2025-07_all_nsq.json,143
2025-07,central,spurious,Venetoclax Tablets 100 mg (Venclyxto Tablets),1274253,,Aug-2027,,"The product is purported to be purious, however, the same is subject to outcome of investigation","RDTL, Chandigarh",portal,2025-07_all_spurious.json,1
2025-07,central,spurious,Amoxycillin and Potassium Clavulanate Tablets IP (AUGMENTIN 625 DUO),824D269,Sep-2024,,,"The product is purported to be purious, however, the same is subject to outcome of investigation","CDL, Kolkata",portal,2025-07_all_spurious.json,2
2025-07,central,spurious,Telmisartan 40mg and Hydrochlorothiazide 12.5mg Tablets I.P (Telma H ),18210121,Sep-2023,Jul-2026,,"The product is purported to be purious, however, the same is subject to outcome of investigation","CDL, Kolkata",portal,2025-07_all_spurious.json,3
2025-07,central,spurious,Amoxicillin and Potassium Clavulanate Tablets IP (Clavam 625),24441030,Mar-2024,Aug-2025,,"The product is purported to be purious, however, the same is subject to outcome of investigation","CDL, Kolkata",portal,2025-07_all_spurious.json,4
2025-07,central,spurious,Pantoprazole Gastro-resistant Tablets IP (PAN 40),23440679,Feb-2023,Jul-2025,,"The product is purported to be purious, however, the same is subject to outcome of investigation","CDL, Kolkata",portal,2025-07_all_spurious.json,5
2025-07,central,spurious,Ointment of Heparin Sodium and Benzyl Nicotinate (THROMBOPHOB,I403999,Aug-2024,Jul-2027,,"The product is purported to be purious, however, the same is subject to outcome of investigation","CDL, Kolkata",portal,2025-07_all_spurious.json,6
2025-07,central,spurious,Nandrolone Decanoate Injection IP 50 mg/ml (DECA-DURABOLIN 50 Inj.),G401852,Jul-2024,Jun-2028,,"The product is purported to be purious, however, the same is subject to outcome of investigation","CDL, Kolkata",portal,2025-07_all_spurious.json,7
2025-07,central,spurious,Telmisartan 40mg and Hydrochlorothiazide 12.5mg Tablets I.P (Telma H ),18230729,Nov-2023,Oct-2026,,"The product is purported to be purious, however, the same is subject to outcome of investigation","CDL, Kolkata",portal,2025-07_all_spurious.json,8
2025-08,central,nsq,Oxyboost,0C1100,Jan-2024,Aug-2027,"NIL,NIL NIL","Particulate matter, Description, Identification.","CDL, Kolkata",portal,2025-08_all_nsq.json,1
2025-08,central,nsq,Paracetamol Tablets IP,SPT-03521,Jun-2025,May-2027,"Savya Pharmaceuticals Plot. No-5A-4, Sector 09, IIE Pantnagar, U.S.N. - 263153 (UK)",Dissolution,"RDTL, Chandigarh",portal,2025-08_all_nsq.json,2
2025-08,"state:DTL, Jaipur",nsq,Tobramycin Eye Drops 0.3% (Opthalmic Use Only,EYC-50,Apr-2024,Mar-2026,"Agron Remedies Pvt Ltd. Sarverkhera, Moradabad Road Kashipur-244713 Uttarakhand",Description and Assay,"DTL, Jaipur",portal,2025-08_all_nsq.json,3
2025-08,"state:DTL, Jaipur",nsq,Cefixime and Ofloxacin Tablets,VT240794,Jul-2024,Jun-2026,"VADSP Pharmaceuticals , Plot No. 124 E.P.I.P Industrial Area Phase-I, Jharmajri, Baddi, (H.P)-174103",Assay,"DTL, Jaipur",portal,2025-08_all_nsq.json,4
2025-08,central,nsq,Dexamethasone Sodium Phosphate Injection IP (4mg/ml),V2403-07A,Mar-2024,Feb-2026,"Integrated Laboratories Pvt. Ltd. Nahan Road. Vill. Moginand, Kala Amb, Distt. Sirmour (H.P.)- 173030",Particulate matter Assay/content of Dexamethasone Phosphate and Description,"CDL, Kolkata",portal,2025-08_all_nsq.json,5
2025-08,"state:DTL, Jaipur",nsq,Amlodipine Besilate & Atenolol tablet IP,ST23-3393,Dec-2023,Nov-2025,"Salud Care (I) Pvt.Ltd., 435, Kishanpur, Roorkee 47661",Assay,"DTL, Jaipur",portal,2025-08_all_nsq.json,6
2025-08,central,nsq,Divalproex Sodium Extended-release Tablets IP,N2309085,Sep-2023,Aug-2025,"Talent Healthcare 66-67, Sector-6A, SIDCUL, IIE Haridwar-249403(Uttarakhand)",Description,"CDL, Kolkata",portal,2025-08_all_nsq.json,7
2025-08,central,nsq,Dexamethasone Sodium phosphate Injection I.P. 2ml,155,Feb-2025,Jan-2027,"Hindustan Medicines Pvt. Ltd. Barauni-851112, Bihar",Particulate matter and Description,"CDL, Kolkata",portal,2025-08_all_nsq.json,8
2025-08,central,nsq,Intravenous Catheter with Wings and Port Radiopaque Catheter,24060193C,Jun-2024,May-2029,"Cardiomac India (P.) Ltd. H-1/957, RIICO Industrial Area, Bhiwadi, Dist.- Alwar-301019, Rajasthan",Sterility,"RDTL, Guwahati",portal,2025-08_all_nsq.json,9
2025-08,central,nsq,Infusion Set-NV,KT-021,Feb-2024,Jan-2027,"Medivision Healthcare 84/4 Span Industrial complex.Second Floor, Phase-1, F Road, Opp. Kotak Mahindra Bank, G.I.D.C. Vatva, Ahmedabad- 382445",Sterility,"RDTL, Guwahati",portal,2025-08_all_nsq.json,10
2025-08,"state:DTL, Jaipur",nsq,Up to dt in minutes Fast Color Mehandi Cone,Up -to -01,May-2025,Apr-2026,"Hi Fi India Plot No. 8A, KH No. 6243/11, NH-162,Mahadev Narayan Nagar, Near Mod Bhatta, Sojat City 306104, Distt. Pali, Raj",The sample of cosmetics-© does not conform to the claim made on the label as the the nature and quality of the cosmetic with respect to Lawsone (nil) Picramic Acid (Found 0.03306%) and PPD (0.0097%),"DTL, Jaipur",portal,2025-08_all_nsq.json,11
2025-08,"state:Drug Testing Laboratory Baddi, Distt. Solan (H.P.)173205",nsq,Permethrin Cetrimide & Aloe Vera Soap,24F158,Apr-2024,Mar-2026,"Fabian Life Sciences Phase ?I, Vatva, GIDC, Ahmedabad, Gujarat.",Assay of Permethrin & Cetrimide,"Drug Testing Laboratory Baddi, Distt. Solan (H.P.)173205",portal,2025-08_all_nsq.json,12
2025-08,central,nsq,Tramadol Hydrochloride Capsules I.P. 50 mg,CBC-0012/25,Jan-2025,Dec-2026,"C.B. Healthcare Vill. Messa Tibba, Teh. Nalagarh, Distt. Solan (H.P.) 174101",Assay of Tramadol Hydrochloride.,"CDL, Kolkata",portal,2025-08_all_nsq.json,13
2025-08,central,nsq,Divalproex Sodium Extended-release Tablets IP,N2309086,Sep-2023,Aug-2025,"Talent Healthcare 66-67, Sector-6A, SIDCUL, IIE Haridwar-249403(Uttarakhand)",Description,"CDL, Kolkata",portal,2025-08_all_nsq.json,14
2025-08,central,nsq,Hydrocortisone Sodium Succinate Injection IP,TGDI12232058,Dec-2023,Nov-2025,"T&G Medicare Vill. Kunjahal P.O. Baddi, Dist. Solan, H.P.",Sterility,"CDL, Kolkata",portal,2025-08_all_nsq.json,15
2025-08,central,nsq,Ondansetron Orally Disintegrating Tablets IP,ZTF-049A,Jun-2025,May-2027,"Zoic Biotech Pvt. Ltd. Plot NO. C-15, Focal Point, Ind. Area, Chanalon , Mohali (Punjab)140103",Disintegration,"RDTL, Chandigarh",portal,2025-08_all_nsq.json,16
2025-08,central,nsq,Tacrolimus ointment 0.1% w/w,L-014,Dec-2024,Nov-2026,"Zoic Biotech Pvt. Ltd. Plot NO. C-15, Focal Point, Ind. Area, Chanalon , Mohali (Punjab)140103",Assay of Tacrolimus,"RDTL, Chandigarh",portal,2025-08_all_nsq.json,17
2025-08,central,nsq,Permethrin & Cetrimide Lotion,FDE071,May-2025,Apr-2027,"Fine Drugs & Skin Care Plot No. 244. HPSIDC, Industrial Area, Baddi, Distt. Solan, H.P. 173205",Assay of Permethrin,"RDTL, Chandigarh",portal,2025-08_all_nsq.json,18
2025-08,central,nsq,Amoxycillin & Potassium Clavulanate Oral Suspension IP,LBL2507001,Jul-2025,Dec-2026,"Life Gem Medi Healthcare (India) I.P. 46, Raipur Sahkari Audhyogic Kshetra, Raipur, Bhagwanpur, Roorkee, Haridwar (U.K.) Pin Code-247661",pH and Assay of Potassium Clavulanate Diluted calculated as Clavulanic Acid and Amoxycillin Trihydrate calculated as Amoxycillin.,"RDTL, Chandigarh",portal,2025-08_all_nsq.json,19
2025-08,central,nsq,Metoprolol Succinate Extended Release Tablets IP 25 mg,PT-012056,Jan-2025,Dec-2026,"Tanpal Pharmaceuticals D-12-13, Focal Point, Nabha-147 201 Punjab",Dissolution,"RDTL, Chandigarh",portal,2025-08_all_nsq.json,20
2025-08,central,nsq,"Aceclofenac, Paracetamol & Serratiopeptidase Tablets",T2505066C,May-2025,Apr-2027,"MBC Industries Vill Johron, Trilokpur road, Kala Amb, Distt- Sirmour (H.P.) 173030",Assay of Serratiopeptidase,"RDTL, Chandigarh",portal,2025-08_all_nsq.json,21
2025-08,central,nsq,Domperidone Tablets I.P. 10 mg,240909,Sep-2024,Aug-2027,"Modi Antibiotics Plot No. 28, G.I.D.C., Odhav, Ahmedabad-382415, Gujarat",Domperidone Maleate and Description,"CDTL, Indore",portal,2025-08_all_nsq.json,22
2025-08,central,nsq,Rabeprazole Gastro-resistant Tablets IP 20 mg,F4L0950,Dec-2024,Nov-2026,"Morepen Laboratories Ltd. Unit V, Plot 12CSector -2, Parwarnoo , Dist. - Solan HP - 173220",Dissolution,"CDTL, Mumbai",portal,2025-08_all_nsq.json,23
2025-08,state:SDTL Raipur Chhattisgarh,nsq,Aceclofenac & Paracetamol Tablets IP 100 mg /325 mg,APC-508,Jul-2024,Jun-2026,"Healer's Lab Unit IiPlot No 33 HPSIC Extn. Baddi., Distt- Solan (H.P.)",Assay,SDTL Raipur Chhattisgarh,portal,2025-08_all_nsq.json,24
2025-08,state:SDTL Raipur Chhattisgarh,nsq,Omeprazole & Domperidone Capsules,25ACW0028,Jan-2025,Dec-2026,"Whiz Laboratories (India) Pvt.Ltd., Plot No 07 New Sham Nagar Sunet 141012 GMP Certified Company",labeling,SDTL Raipur Chhattisgarh,portal,2025-08_all_nsq.json,25
2025-08,"state:DTL,Dalgate Srinagar Kashmir(J&K)",nsq,Ambrospas-DM,AT-114,Apr-2024,Mar-2027,"Ambrosia Pharma 91,Indl Estate,Zainakot Srinagar.",Description,"DTL,Dalgate Srinagar Kashmir(J&K)",portal,2025-08_all_nsq.json,26
2025-08,"state:DTL,Dalgate Srinagar Kashmir(J&K)",nsq,Pantoprazole 40mg,T24E999A,May-2024,Apr-2026,"Bajaj Formulations,khasra no 161 Village Lakeshwary Bhagwanpur Roorkee District,Haridwar(UK)",Dissolution,"DTL,Dalgate Srinagar Kashmir(J&K)",portal,2025-08_all_nsq.json,27
2025-08,"state:DTL,Dalgate Srinagar Kashmir(J&K)",nsq,Pantoprazole 40mg,GT4C45,Mar-2024,Feb-2027,"Ritual Drugs Pvt.Ltd (A WHO-GMP Certified company) Plot no.271 and 272,Phase I,HSIIDC,Bartu Industrial Area ,Sonepat(HR)-13110.",Dissolution,"DTL,Dalgate Srinagar Kashmir(J&K)",portal,2025-08_all_nsq.json,28
2025-08,state:Jammu and Kashmir,nsq,Metronidazole Tablets IP 400 mg,B250693,May-2025,Apr-2027,"Bochem Healthcare Pvt. Ltd. 83-84, Industrial Area, Dewas Road, Nagziri, Ujjain 456010 (M.P.) India",Description,Jammu and Kashmir,portal,2025-08_all_nsq.json,29
2025-08,state:Jammu and Kashmir,nsq,Ascorbic Acid Tablets IP 500 mg,LMT240702,Jun-2024,May-2026,"Life Max Cancer Laboratories Plot No. 106 & 106 A, Sector-6A, IIE, SIDCUL, Haridwar-249403 (U.K)",Description,Jammu and Kashmir,portal,2025-08_all_nsq.json,30
2025-08,state:Jammu and Kashmir,nsq,Levocetirizine Tablets IP,PGT241234,Dec-2025,Nov-2025,"Affy Parenterals Vill.: Gullerwala, P.O. Baddi, Distt. Solan ? 173205 (HP)",Description,Jammu and Kashmir,portal,2025-08_all_nsq.json,31
2025-08,"state:Combined Food & Food Laboratory, Jammu",nsq,Paracetamol Tablets IP 650 mg,SGT1113A,Feb-2024,Jan-2026,"Sunfine Healthcare Plot No. 63, Indl. Area, Lodhimajra Tehsil Baddi, Distt. Solan HP-173205",Description,"Combined Food & Food Laboratory, Jammu",portal,2025-08_all_nsq.json,32
2025-08,"state:DTL, Puducherry",nsq,Metronidazole Tablets IP 400mg,BM825077,May-2025,Apr-2029,"J.B. Chemicals & Pharmaceuticals Ltd., At: PF-13, Opp. Procter & Gamble Bol GIDC-2, Sanand, Ahmedabad-382170, Gujarat, India.",Assay,"DTL, Puducherry",portal,2025-08_all_nsq.json,33
2025-08,"state:DTL, Puducherry",nsq,Levocetirizine Dihydrochloride Tablets IP 5mg,SP238504,May-2023,Apr-2026,"Solac Pharmaceuticals Ltd., Plot No.: PF/21 & 22-A, Sanand GIDC-II, Sanand Dist.: Ahmedabad-382110, Gujarat (INDIA)",Assay and Description (Levocetirizine Dihydrochloride),"DTL, Puducherry",portal,2025-08_all_nsq.json,34
2025-08,"state:DTL, Puducherry",nsq,"Dried Aluminium Hydroxide Gel, Magnesium Hydroxide & Oxetacaine Suspension",VHL2404016,Apr-2024,Mar-2026,"Vidit Healthcare, Vill.Kishanpura, Paonta Sahib, Distt. Sirmour (H.P)-173025",Assay (for Ocetacaine),"DTL, Puducherry",portal,2025-08_all_nsq.json,35
2025-08,"state:DTL, Puducherry",nsq,Paracetamol And Aceclofenac Tablets,FAPS-2057,Feb-2025,Jan-2027,"Firstmed Therapeutics Pvt Ltd., RS No. 31/1 Pondy-Tindivanam Main Road, Auroville (PO) Thiruchitrambalam, Tamilnadu-605 101",Incorrect labelling,"DTL, Puducherry",portal,2025-08_all_nsq.json,36
2025-08,"state:DTL, Puducherry",nsq,Cefpodoxime Oral Suspension IP 50mg,DHP-003,Jun-2025,Nov-2026,"Restech Formulation Pvt. Ltd., B-184/185, PIPDIC Industrial Estate, Mettupalayam, Puducherry-605 009",Incorrect labelling,"DTL, Puducherry",portal,2025-08_all_nsq.json,37
2025-08,"state:DTL, Puducherry",nsq,Paracetamol Oral Suspension,MXS.9119,Feb-2025,Jan-2027,"Maxtra Laboratories, TIF Industrial Park, Plot No. 105, 105A, 105B, 1st,2nd, 3rd Floors, Dandumulakpur (V), Choutuppal (M), Yadadri ? Bhongiri (Dist), T.S ? 508252.",Incorrect labelling,"DTL, Puducherry",portal,2025-08_all_nsq.json,38
2025-08,"state:DTL, Puducherry",nsq,Aceclofenac & Paracetamol Tablets,APD23001,Aug-2023,Jul-2026,"Danish Health Care (P) Ltd., 76/27-28, Industrial Estate, Maxi Road, Ujjain 456 010",Failed Description,"DTL, Puducherry",portal,2025-08_all_nsq.json,39
2025-08,"state:DTL, Puducherry",nsq,Rabeprazole Sodium Tablets IP,FLRL-0004,Apr-2025,Mar-2027,"Firstmed Therapeutics Pvt Ltd.,, RS No. 31/1 Pondy-Tindivanam Main road, Auroville (PO), Thiruchitrambalam, Tamilnadu-605 101",Incorrect labelling,"DTL, Puducherry",portal,2025-08_all_nsq.json,40
2025-08,"state:DTL, Puducherry",nsq,Turpentine Liniment IP,TL.82,Mar-2025,Feb-2027,"PRS Pharmaceuticals Pvt Ltd., No.9 Udayar thottam, mallamoopampatty,Salem-636 302",Incorrect labelling,"DTL, Puducherry",portal,2025-08_all_nsq.json,41
2025-08,"state:DTL, Puducherry",nsq,"Antioxidant, Multivitamins, Multimineral & Methylcobalamine Tablets",CZP-001,May-2025,Oct-2026,"Restech Formulations Pvt. Ltd., No.: B-184/185, PIPDIC Industrial Estate, Mettupalayam, Puducherry-605 009",Disintegration,"DTL, Puducherry",portal,2025-08_all_nsq.json,42
2025-08,"state:DTL, Puducherry",nsq,Cefixime Trihydrate With Lactic Acid Bacillus Tablets,NTT250192,Jan-2025,Jun-2026,"Nanoceut Therapeutics Pvt. Ltd., R.S.No.104/19A, E.V.R. Street, Sedarapet, Puducherry ? 605 111.",Disintegration,"DTL, Puducherry",portal,2025-08_all_nsq.json,43
2025-08,central,nsq,Albendazole Tablets IP 400 mg,010625-BTP3,Jun-2025,May-2027,"Biogenetic Drugs Pvt. Ltd., Vill. Jharmazri, Baddi-174103,Dist. Solan, H.P.",Dissolution,"State Drugs Testing Laboratory, Govt. of Tripura, Agartala.",portal,2025-08_all_nsq.json,44
2025-08,central,nsq,Ciprofloxacin Tablets IP 500 mg,RT230545,Jul-2023,Jun-2026,"Ridley Lifescience Pvt. Ltd., D-1651, DSIDC Indl. Complex, Narela,Delhi - 110040",Assay & Dissolution,"State Drugs Testing Laboratory, Govt. of Tripura, Agartala.",portal,2025-08_all_nsq.json,45
2025-08,"state:Drug Testing Laboratory Baddi, Distt. Solan (H.P.)173205",nsq,Ferrous Ascorbate & Folic Acid Suspension IP,SPL-9104,May-2024,Oct-2025,"Shivani Pharmaceuticals (GMP and an ISo 9001: 2015 Certified Co.) Plot No. 149,DIC Ind. Area Baddi, Distt. Solan (H.P.) 173205",Assay of Folic Acid,"Drug Testing Laboratory Baddi, Distt. Solan (H.P.)173205",portal,2025-08_all_nsq.json,46
2025-08,"state:Govt. Analyst Drugs Testing Laboratory, Baddi Distt. Solan HP",nsq,"Amoxycillin, Cloxacillin & Lactic Acid Bacillus Capsules",CB24056,Jul-2024,Jun-2026,"Afflatus Pharmaceuticals Pvt. Ltd.. Killa no. 6/21/1 (5-7)vill. Joshi Jat, Distt. Sonipat-131021 Haryana",Assay of Cloxacillin,"Govt. Analyst Drugs Testing Laboratory, Baddi Distt. Solan HP",portal,2025-08_all_nsq.json,47
2025-08,"state:Drugs Testing Laboratory,Shillong,Meghalaya",nsq,Codeine Phosphate Syrup IP 15 mg/5ml,LE24-57,May-2024,Apr-2026,"Om Biomedic Pvt.Ltd Plot No:68,69,82 & 83,Sector -^A, IIE,SIDCUL,Haridwar-249403 (Uttarkhand)",Assay of Codeine Phosphate,"Drugs Testing Laboratory,Shillong,Meghalaya",portal,2025-08_all_nsq.json,48
2025-08,"state:State Drugs Laboratory, Punjab",nsq,Iron And Folic Acid Syrup IP,070725SPB1,Jul-2025,Jun-2027,"Smilax Healthcare Drug Co Plot No.23, EPIP-1, Jharmajri, Baddi-174103, Dist, Solan (H.P.)",Weight per ml does not comply,"State Drugs Laboratory, Punjab",portal,2025-08_all_nsq.json,49
2025-08,"state:State Drugs Laboratory, Punjab",nsq,Iron And Folic Acid Syrup IP,140725SPB1,Jul-2025,Jun-2027,"Smilax Healthcare Drug Co Plot No.23, EPIP-1, Jharmajri, Baddi-174103, Dist, Solan (H.P.)",Weight per ml does not comply,"State Drugs Laboratory, Punjab",portal,2025-08_all_nsq.json,50
2025-08,"state:State Drugs Laboratory, Punjab",nsq,Iron And Folic Acid Syrup IP,060725SPB1,Jul-2025,Jun-2027,"Smilax Healthcare Drug Co Plot No.23, EPIP-1, Jharmajri, Baddi-174103, Dist, Solan (H.P.)",Weight per ml does not comply,"State Drugs Laboratory, Punjab",portal,2025-08_all_nsq.json,51
2025-08,"state:State Drugs Laboratory, Punjab",nsq,Iron And Folic Acid Syrup IP,050725SPB1,Jul-2025,Jun-2027,"Smilax Healthcare Drug Co Plot No.23, EPIP-1, Jharmajri, Baddi-174103, Dist, Solan (H.P.)",Weight per ml does not comply,"State Drugs Laboratory, Punjab",portal,2025-08_all_nsq.json,52
2025-08,"state:State Drugs Laboratory, Punjab",nsq,Iron and Folic Acid Syrup IP,160725SPB1,Jul-2025,Jun-2027,"Smilax Healthcare Drug Co Plot No.23, EPIP-1, Jharmajri, Baddi-174103, Dist, Solan (H.P.)",Weight per ml does not comply,"State Drugs Laboratory, Punjab",portal,2025-08_all_nsq.json,53
2025-08,"state:State Drugs Laboratory, Punjab",nsq,Betamethasone Sodium Phosphate Tablets IP,501303,Feb-2025,Jan-2027,"Comed Chemicals Limited, UNIT-1, Plot No. 359,361/2, 362, Rania, Tal: Savli, Dist, Vadodara",Description,"State Drugs Laboratory, Punjab",portal,2025-08_all_nsq.json,54
2025-08,"state:State Drugs Laboratory, Punjab",nsq,Cholecalciferol (Vitamin D3) Oral Solution USP 400 IU/ml,VAM-2501,Jun-2025,Nov-2026,"Apple Formulations Pvt, Ltd, Plot No.208, Kishanpur, Roorkee-247667 (U.K)",The Product is not labeled in the prescribed manner as per USP monograph,"State Drugs Laboratory, Punjab",portal,2025-08_all_nsq.json,55
2025-08,"state:State Drugs Laboratory, Punjab",nsq,Rabeprazole sodium (GR) and domperidone (PR) Capsules,BC24-144,Mar-2025,Feb-2027,"Biocore Pharmaceuticals, Plot No, 8-C, D.I.C. Indl. Area, Lodhimajra, Baddi, Distt. Solan (HP)-173205",The contents of Rabeprazole Sodium found to be 16.36mg/cap (81.8%) against the label claim of 20 mg/cap in the above referred sample.,"State Drugs Laboratory, Punjab",portal,2025-08_all_nsq.json,56
2025-08,"state:State Drugs Laboratory, Punjab",nsq,Rabeprazole sodium (Enteric Coated) & Domperidone (Sustained Release) Capsules.,NHC-5C004C,Mar-2025,Feb-2027,"NuGen Healthcare, Plot no. 825, Ind. Area Phase 2, Chandigarh-160002",The contents of Rabeprazole Sodium found to be 16.57mg/per capsule (82.85%) against labelled claim of 20 mg per capsule.,"State Drugs Laboratory, Punjab",portal,2025-08_all_nsq.json,57
2025-08,"state:State Lab,                                       Drugs Control Laboratory,                                                                       Telangana.",nsq,Rabiprazole Gastro Resistant Tablets IP.,GT-24031,Sep-2024,Aug-2026,"Glauben Pharma, Plot No. 55, Industrial Area, Phase-III, Teiwhal Dist-UNA, H.P- 174507, Himachal Pradesh",Dissolution,"State Lab,                                       Drugs Control Laboratory,                                                                       Telangana.",portal,2025-08_all_nsq.json,58
2025-08,"state:State Lab,                                       Drugs Control Laboratory,                                                                       Telangana.",nsq,"Reocid Tablets, Enteric Coated Rabiprazole Sodiumtablets IP.",T-24064,May-2024,Apr-2026,"H.L. Healthcare Pvt Ltd, Plot No.25, Ind Area, Phase II Gagret,HP 177201. Himachal Pradesh.","Description, Assay and Dissolution","State Lab,                                       Drugs Control Laboratory,                                                                       Telangana.",portal,2025-08_all_nsq.json,59
2025-08,"state:State Lab,                                       Drugs Control Laboratory,                                                                       Telangana.",nsq,Pantoprazole Sodium Tablets 40 mg.,T25.023,Jan-2025,Dec-2026,"Oaksun Lifesciences , plot No: 36, 37, 38, 46 & 47, Chengicherla(V) Medipally(M) Medchal- Malkajgiri (Dist.) T.S.- 500092",MISBRANDED,"State Lab,                                       Drugs Control Laboratory,                                                                       Telangana.",portal,2025-08_all_nsq.json,60
2025-08,state:Karnataka,nsq,Aspirin Gastro- resistant Tablets IP (150mg),URDT2771,Nov-2023,Oct-2025,"Unicure India Ltd., Ploot No. 45(B) vill. Raipur, Bhagwanpur, Roorkee, Distt. Haridwar, Uttarakhand",Assay of Aspirin,Karnataka,portal,2025-08_all_nsq.json,61
2025-08,"state:State Lab,                                       Drugs Control Laboratory,                                                                       Telangana.",nsq,Rifaximin Tab 400 mg.,XT2656F,Nov-2025,Oct-2026,"Saphnix Life Sciences (A WHO- GMP Certified Company), Village- Barotiwala, Paonta Sahib, Dist- Sirmour, Himachal Pradersh-173025",MISBRANDED,"State Lab,                                       Drugs Control Laboratory,                                                                       Telangana.",portal,2025-08_all_nsq.json,62
2025-08,state:Karnataka,nsq,Hydrogen Peroxide Solution 6%w/v,MW113,Oct-2024,Sep-2026,"Mediwish #4/30, 1st Main, A street Kuvempunagar, Mysore Road, Bengaluru-560026",Assay for Hydrogen Peroxide,Karnataka,portal,2025-08_all_nsq.json,63
2025-08,state:Karnataka,nsq,Etoricoxib Tablets IP,CPT-250212,May-2025,Jan-2027,"Catasta Pharmaceuticals,Plot No. 113 DIC Industrial Area, Baddi, Distt. Solan 173205",Assay for Etoricoxib,Karnataka,portal,2025-08_all_nsq.json,64
2025-08,state:Karnataka,nsq,Infusion Set-NV,KT-021,Feb-2024,Jan-2027,"Medivision Healthcare, 84/4 Span Industrial Complex Second floor, Phase-I, F Road, Opp. Kotak Mahindra Bank, G.I.D.C Vatva, Ahmedabad 382445",Sterility,Karnataka,portal,2025-08_all_nsq.json,65
2025-08,state:Karnataka,nsq,"Cefidxime, Azithromycin & Lactic Acid Baciullus Tablets",MM-241491,Feb-2025,Jan-2027,"Park Pharmaceuticals, 272, Ind. Area, Phase-II, Panchkula-134113",Assay for Cefixime (as anhydrous) & Azithromycin (as Anhydrous),Karnataka,portal,2025-08_all_nsq.json,66
2025-08,state:Karnataka,nsq,Carboxymethyleellu lose sodium Eye drops IP 0.5% w/v (On Tears),N24297,Sep-2024,Aug-2026,"Sentiss Pharma Pvt. Ltd. Vill Khera Nihla, The. Nalaharh Dist. Solan-174101 HP",Test for Sterility,Karnataka,portal,2025-08_all_nsq.json,67
2025-08,state:Karnataka,nsq,Caroxymethylcellu lose sodium Eye Drops IP 1% w/v (On tears Gel Drops),N24348,Nov-2024,Oct-2026,"Sentiss Pharma Pvt. Ltd. Vill Khera Nihla, The. Nalaharh Dist. Solan-174101 HP",Test for Sterility,Karnataka,portal,2025-08_all_nsq.json,68
2025-08,state:Karnataka,nsq,"Ambroxol HCI, Terbutaline Sulphate. Guaiphenesin & Menthol Syrup)",LV24GL-377,Jul-2024,Jun-2026,L.V Life Sciences VPO Gurumajra Baddi Distt. Sirmour (HP)-174101,Description and Assay for Ambroxol Hydrchloride,Karnataka,portal,2025-08_all_nsq.json,69
2025-08,state:Karnataka,nsq,Lorazepam Tablets,LALO24014,Nov-2024,Oct-2027,"Chimak Health Care, At: Below D.F.O. Office Solan-173212 HP",Dissolution test and Assay for Lorazepam,Karnataka,portal,2025-08_all_nsq.json,70
2025-08,state:Karnataka,nsq,Ondansetron Orally Disintegratin Tablets IP,MT-25A46,Jan-2025,Dec-2026,"Martin & Brown Bio- Sciences Pvt Ltd. K.No-918/419, Malkumajra. Nalgarh Road, Baddi, Distt. Solan HP-173205",Test for Disintegration and Test for Dissolution for ondansetron,Karnataka,portal,2025-08_all_nsq.json,71
2025-08,state:Karnataka,nsq,"Viminta Neo Forte Soft (Methylcobalamin, Alpha Lipoic Acid Benfotiamine. Chromium Picolinate & Inositol Soft Gelatin Capsule)",124,Jan-2024,Dec-2025,Asoj Soft Caps Pvt Ltd. Asoj Baroda-Halol Highway Dist. Baroda-391510 Gujarat,"Test for Disintegration and Assay for Methylcobalamine,Alpha Lipoic Acid",Karnataka,portal,2025-08_all_nsq.json,72
2025-08,state:Karnataka,nsq,C & C-LS Cough Syrup (Ambroxol Hydrochloride. Guaiphenesin and Levosalbutamol,CSL-129,Nov-2024,Oct-2026,"Ethidrus Research Lab Pvt Ltd., no. 174, Second Cross, Kurumbapetr, Puducherry-605009",Description,Karnataka,portal,2025-08_all_nsq.json,73
2025-08,state:Karnataka,nsq,Multivitamin Injection,HVIL2413,Oct-2024,Mar-2026,"Lexene Pharma Pvt Ltd. Plot No. 497, B/H Oil Mill, NR, Saduthala Bus Stand Modhera Road, AT-Kanoda, TA-Beehraj Dist. Mehsana",Assay,Karnataka,portal,2025-08_all_nsq.json,74
2025-08,state:Karnataka,nsq,Sodium Bicarbonate Injection IP 7.5% w/v.,240115A,Jan-2024,Dec-2025,"Swiss Parenterals Ltd. 808, 809& 810 Kerala Industrial Estate, GIDC Nr. Bavla, Distt. Ahmedabad-382220 Gujarat",Sterility,Karnataka,portal,2025-08_all_nsq.json,75
2025-08,state:Karnataka,nsq,"Mymi D (Alpha Lipoic Acid, Pyridoxine Hydrochloride Methylcobalamin Folic Acid & Vitamin D3 Tablets)",HT24260,Jun-2024,May-2026,"HBC Healthcare Pvt Ltd. Block/Survey No. 609, Paiki 002 Ambasan (Amipura) Nr. Shankus water Park, Ahmedabad Mehsana Highway Mehsana 384435 Gujarat",Disintegration,Karnataka,portal,2025-08_all_nsq.json,76
2025-08,"state:DTL, Jaipur",nsq,Pantoprazole Gastro Reistant and Dompendone Prolonged Release Capsule IP,2307045,Jul-2023,Jul-2025,"Sanctus Global Formulations Ltd. Khasra No. 587/588, Village Kunjhal Backside Jharmajri, tehsil Baddi Dist. Solan HP-174103",Dissolution,"DTL, Jaipur",portal,2025-08_all_nsq.json,77
2025-08,"state:DTL, Jaipur",nsq,Oxytocin Injection IP,OR2OX-01,Dec-2024,Nov-2026,"Biomedica Laboratories Ltd., (Unit-2) 11-B and 11-C, Sector-E Sanwer Road, Industrial Area Indore-452015",Assay of Oxytocin,"DTL, Jaipur",portal,2025-08_all_nsq.json,78
2025-08,"state:DTL, Jaipur",nsq,Tobramycin Eye Drops 0.3% (Opthalmic Use Only,EYC-54,May-2024,Apr-2026,"Agron Remedies Pvt Ltd. Sarverkhera, Moradabad Road Kashipur-244713 Uttarakhand",Description and Assay,"DTL, Jaipur",portal,2025-08_all_nsq.json,79
2025-08,"state:DTL, Jaipur",nsq,Tobramycin Eye Drops 0.3% (Opthalmic Use Only,EYC-51,Apr-2024,Mar-2026,"Agron Remedies Pvt Ltd. Sarverkhera, Moradabad Road Kashipur-244713 Uttarakhand",Description and Assay,"DTL, Jaipur",portal,2025-08_all_nsq.json,80
2025-08,central,nsq,Iron Sucrose Injection USP 100 mg/ 5 ml,24RSO6,Feb-2024,Jan-2026,"SAI Parenterals Ltd. D1&D4, Survey No.280,Phase-V, IDA,Jeedimetla, Hyderabad-500055, Telangana, India",pH,"CDL, Kolkata",portal,2025-08_all_nsq.json,81
2025-08,central,nsq,Pantoprazole for Injection IP,24GL13C,Dec-2024,Nov-2026,"MNG Healthcare Trilokpur Road, Kala Amb, Distt. Sirmour -173 030 (H.P.)",Sterility and Bacterial endotoxins for Sodium Chloride Injection I.P.,"CDL, Kolkata",portal,2025-08_all_nsq.json,82
2025-08,central,nsq,Clindamycin Injection IP,24CL02,Sep-2024,Aug-2026,"SAI Parenterals Ltd. D1&D4, Survey No.280,Phase-V, IDA,Jeedimetla, Hyderabad-500055, Telangana, India",Particulate Matter and Description.,"CDL, Kolkata",portal,2025-08_all_nsq.json,83
2025-08,central,nsq,Amikacin Sulphate Injection IP 500mg/2ml,325-179,Feb-2025,Jan-2027,"Zee Laboratories Ltd. Behind 47, Indl. Area, Paonta Sahib-173025",Particulate matter and Description,"CDL, Kolkata",portal,2025-08_all_nsq.json,84
2025-08,central,nsq,Tobramycin Ophthalmic Solution USP 0.3% w/v,Z24-506,Jul-2024,Jun-2026,"Zee Laboratories Ltd. Behind 47, Indl. Area, Paonta Sahib-173025",Assay of Tobramycin,"CDL, Kolkata",portal,2025-08_all_nsq.json,85
2025-08,central,nsq,Rabeprazole Sodium Injection I.P. 20 mg/vial,MD24A19,Jan-2024,Dec-2025,"MARTIN & BROWN BIO-SCIENCES PVT. LTD. K.No. 918/419, Malkumajra, Nalagarh Road, Baddi, Dist.Solan (H.P.)-173205","Clarity of solution"", ""Particulate matter"", ""pH"", Assay of Rabeprazole Sodium and ""Description"".","CDL, Kolkata",portal,2025-08_all_nsq.json,86
2025-08,central,nsq,"Omega-3 Fatty Acid, Methylcobalamin, Calcitriol, Folic Acid, Boron & Calcium Carbonate Soft Gel Capsules",D241600A,Jun-2024,May-2026,"Sigma Softgel & Formulation Plot. No. 171, HPSIDC, Industrial Area, Baddi 173205, Distt- Solan (H.P.)",Assay of Methylcobalamin,"CDL, Kolkata",portal,2025-08_all_nsq.json,87
2025-08,central,nsq,Amino Acids and Minerals Capsules,ALM5006,Jan-2025,Dec-2026,"Albert David Ltd. B-12, 13 Meerut Road Ind. Area, Ghaziabad-201003",Microbial contamination,"CDL, Kolkata",portal,2025-08_all_nsq.json,88
2025-08,central,nsq,Ceftriaxone Injection I.P. 1 g,HCBA19,Aug-2023,Jul-2025,"Hindustan Antibiotics Ltd..(A Government Of India Enterprises) At 11, W.E.A. Faridabad - 121001 (Haryana)","Clarity of solution, Particulate Matter, Description","CDL, Kolkata",portal,2025-08_all_nsq.json,89
2025-08,central,nsq,Sodium Chloride & Dextrose Injection I.P.( 0.9% W/V Sodium chloride & 5% W/V Dextrose Injection IP) (DNS),ODF240254,Feb-2024,Jan-2026,"Haseeb Pharmaceuticals Pvt. Ltd. Plot No.F9/14, 15, 16, MIDC, Nagpur- 440016. Maharashtra",Assay of Dextrose,"CDL, Kolkata",portal,2025-08_all_nsq.json,90
2025-08,central,nsq,Albendazole Tablets IP,GT4H012,Aug-2024,Jul-2027,"Scott-Edil Pharmacia Ltd. 56, EPIP., Phase-I, Jharmajri, Baddi, Distt. Solan - 173 205, (H.P.),INDIA",Dissolution of Albendazole.,"RDTL, Guwahati",portal,2025-08_all_nsq.json,91
2025-08,central,nsq,Ampicillin Trihydrate & Bromhexine Hydrochloride Capsules,ABC24006,Apr-2024,Mar-2026,"Alexa Pharmaceuticals Plot No. 20 Ext HPSIDC, Ind Area, Baddi, Distt. Solan (H.P.) 173205",Assay of Ampicillin Trihydrate and Bromhexine Hydrochloride.,"RDTL, Guwahati",portal,2025-08_all_nsq.json,92
2025-08,central,nsq,Ampicillin Trihydrate & Bromhexine Hydrochloride Capsules,ABC240032,Oct-2024,Sep-2026,"Alexa Pharmaceuticals Plot No. 20 Ext HPSIDC, Ind Area, Baddi, Distt. Solan (H.P.) 173205",Assay of Bromhexine Hydrochloride and Ampicillin Trihydrate.,"RDTL, Guwahati",portal,2025-08_all_nsq.json,93
2025-08,central,nsq,Gentamicin Injection IP (Gentatore Injection),IGMK445,Nov-2024,Oct-2026,"Regain Laboratories 134/5,HTM Road,Raipur Lane,Hisar-125001",Particulate matter and Description,"CDL, Kolkata",portal,2025-08_all_nsq.json,94
2025-08,central,spurious,Diazepam Injection I.P.ml,DA-2403,Mar-2024,Feb-2026,Under Investigation | Under Investigation,,"Drugs Inspector, Bihar",portal,2025-08_all_spurious.json,1
2025-08,central,spurious,Pantoprazole Gastro-resistant Tablets IP (PAN 40),24440993,Mar-2024,Aug-2026,Under Investigation | Under Investigation,,"Drugs Inspector, Bihar",portal,2025-08_all_spurious.json,2
2025-08,central,spurious,Pantoprazole Gastro-resistant and Domperidone Prolonged-Release Capsules IP (PAN-D),23443507,Sep-2023,Aug-2025,Under Investigation | Under Investigation,,"Drugs Inspector, Bihar",portal,2025-08_all_spurious.json,3
2025-09,central,nsq,Glimepiride Tablets IP 1 mg,12800524,Mar-2024,Feb-2026,"Karnataka Antibiotics And Pharmaceuticals Ltd Plot No.14, II Phase,Peenya,Bengaluru-560058",sample does not conform to I.P with respect to the test for Related substances.,"CDTL, Indore",portal,2025-09_all_nsq.json,1
2025-09,central,nsq,SPADE SERRATIOPEPTIDASE TABLETS IP 5 mg,ISP122,May-2025,Apr-2027,"Med Manor Organics Pvt.Ltd. Unit-II, Kh. No.143M/7 Village-Raipur Pagwana Bhagwanpur, Tehsil-Roorkee, Distt.Haridwar, Uttarakhand-247661.",sample received does not conform to the I.P. 2022 standard with respect to Assay of Serratiopeptidase,"CDTL, Mumbai",portal,2025-09_all_nsq.json,2
2025-09,central,nsq,"MECOSOL-Plus Capsules Mehtylcobalamin, Alpha Lipoic acid, Folic Acid, Pyridoxine HCl & Thiamine Mononitrate Capsules",VGC240264B,Jul-2024,Jun-2026,"Vrindavan Global Plot No. 23-B &C, Ind. Area Lodhimajra, Baddi, Distt. Solan (H.P.) 173205","sample does not conforms to Manufacturers specification with respect to the Tests for Disintegration ,Uniformity of weight and Assay of Alpha Lipoic Acid and Folic acid.","CDTL, Mumbai",portal,2025-09_all_nsq.json,3
2025-09,state:SDTL Raipur Chhattisgarh,nsq,Albendazole Tablets IP,PGT25451,Jun-2025,May-2028,"Affy Parenterals (WHO- cGMP/ISO 9001:2015 Certified Co.) Vill. Gullerwala, P.O. Baddi, Distt. Solan- 173 205 (HP)",Dissolution,SDTL Raipur Chhattisgarh,portal,2025-09_all_nsq.json,4
2025-09,central,nsq,CALXIA Calcium Carbonate 500 MG + VIT. D3 250 IU Tablets IP,GTA 1350,Jan-2025,Dec-2026,"Gidsha Pharmaceuticals Plot No. 611 612, Mega GIDC, Kharedi, Dahod 389151, Gujarat",Dissolution,"CDL, Kolkata",portal,2025-09_all_nsq.json,5
2025-09,central,nsq,CALXIA Calcium Carbonate 500 MG + VIT. D3 250 IU Tablets IP,GTA1342,Jan-2025,Dec-2026,"Gidsha Pharmaceuticals Plot No. 611 612, Mega GIDC, Kharedi, Dahod 389151, Gujarat",sample does not conform to claim as per IP 2022 in respect to the Test of Dissolution (for Calcium),"CDL, Kolkata",portal,2025-09_all_nsq.json,6
2025-09,central,nsq,CALXIA Calcium Carbonate 500 MG + VIT. D3 250 IU Tablets IP,GTA1344,Jan-2025,Dec-2026,"Gidsha Pharmaceuticals Plot No. 611 612, Mega GIDC, Kharedi, Dahod 389151, Gujarat",sample does not conform to IP with respect to the Dissolution (for Calcium) test.,"CDL, Kolkata",portal,2025-09_all_nsq.json,7
2025-09,central,nsq,CALXIA Calcium Carbonate 500 MG + VIT. D3 250 IU Tablets IP,GTA1341,Jan-2025,Dec-2026,"Gidsha Pharmaceuticals Plot No. 611 612, Mega GIDC, Kharedi, Dahod 389151, Gujarat",sample does not conform to IP with respect to the Dissolution (for Calcium) test.,"CDL, Kolkata",portal,2025-09_all_nsq.json,8
2025-09,central,nsq,CALXIA Calcium Carbonate 500 MG + VIT. D3 250 IU Tablets IP,GTA 1343,Jan-2025,Dec-2026,"Gidsha Pharmaceuticals Plot No. 611 612, Mega GIDC, Kharedi, Dahod 389151, Gujarat",sample does not conform to claim as per IP 2022 in respect to the Test of Dissolution (for Calcium),"CDL, Kolkata",portal,2025-09_all_nsq.json,9
2025-09,central,nsq,CALXIA Calcium Carbonate 500 MG + VIT. D3 250 IU Tablets IP,GTA1355,Jan-2025,Dec-2026,"Gidsha Pharmaceuticals Plot No. 611 612, Mega GIDC, Kharedi, Dahod 389151, Gujarat",sample does not conform to claim as per IP 2022 in respect to the Test of Dissolution (for Calcium),"CDL, Kolkata",portal,2025-09_all_nsq.json,10
2025-09,central,nsq,CALXIA Calcium Carbonate 500 MG + VIT. D3 250 IU Tablets IP,GTA1339,Jan-2025,Dec-2026,"Gidsha Pharmaceuticals Plot No. 611 612, Mega GIDC, Kharedi, Dahod 389151, Gujarat",sample does not conform to IP with respect to the Dissolution (for Calcium) test.,"CDL, Kolkata",portal,2025-09_all_nsq.json,11
2025-09,central,nsq,CALXIA Calcium Carbonate 500 MG + VIT. D3 250 IU Tablets IP,GTI1094,Sep-2024,Aug-2026,"Gidsha Pharmaceuticals Plot No. 611 612, Mega GIDC, Kharedi, Dahod 389151, Gujarat",sample does not conform to IP with respect to the test of Dissolution (for Calcium).,"CDL, Kolkata",portal,2025-09_all_nsq.json,12
2025-09,central,nsq,CALXIA Calcium Carbonate 500 MG + VIT. D3 250 IU Tablets IP,GTA1356,Jan-2025,Dec-2026,"Gidsha Pharmaceuticals Plot No. 611 612, Mega GIDC, Kharedi, Dahod 389151, Gujarat",sample does not conform to claim as per IP 2022 in respect to the Test of Dissolution (for Calcium),"CDL, Kolkata",portal,2025-09_all_nsq.json,13
2025-09,central,nsq,Clopidogrel & Aspirin Tablets I.P. (75 mg & 75 mg),Z24-338,May-2024,Apr-2026,"Zee Laboratories Ltd. Behind 47, Industrial Area, Paonta Sahib-173025",sample does not conform to I.P with respect to the test for Dissolution (Clopidogrel).,"CDTL, Indore",portal,2025-09_all_nsq.json,14
2025-09,state:Government of NCT of Delhi,nsq,Diclofenac Sodium and Paracetamol Tablets IP,I405175,Oct-2024,Sep-2026,"Zydus Healthcare Ltd.,(Unit II) 967 (P), 968 (P), 970 (P), Duga Circle, Kamarey Bhasmay, Kumrek, Sikkim-737132",Assay & Dissolution,Government of NCT of Delhi,portal,2025-09_all_nsq.json,15
2025-09,state:Government of NCT of Delhi,nsq,Tamoxifen Tablets IP,SPOT250033,Mar-2025,Feb-2027,"Salus Pharmaceuticals 480/211, Harraipur, PO Gurumajra,Teh Baddi, Distt.Solan (H.P.) 173205",Test for Dissolution,Government of NCT of Delhi,portal,2025-09_all_nsq.json,16
2025-09,"state:SDTL, Kolkata, West Bengal.",nsq,Amoxycillin & Potassium Clavulana Tablet I.P,MFK0722,Sep-2024,Aug-2026,"Medicef Pharma, Plot No. 28, 29 & 48, Phase-I, EPIP, Jharmajri, Baddi, Dist. Solan - 173205, (H.P.)",Spurious.,"SDTL, Kolkata, West Bengal.",portal,2025-09_all_nsq.json,17
2025-09,"state:SDTL, Kolkata, West Bengal.",nsq,TELMISARTAN TAB I.P. 40 MG.,GT-2502,Mar-2025,Feb-2027,"Helax Healthcare Pvt. Ltd., Khasra No. 410, Vill. Karondi, Haridwar.",Description,"SDTL, Kolkata, West Bengal.",portal,2025-09_all_nsq.json,18
2025-09,"state:SDTL, Kolkata, West Bengal.",nsq,TELMISARTAN TAB I.P. 40 MG.,GT-2504,Mar-2025,Feb-2027,"Helax Healthcare Pvt. Ltd., Khasra No. 410, Vill. Karondi, Haridwar.",Description,"SDTL, Kolkata, West Bengal.",portal,2025-09_all_nsq.json,19
2025-09,central,nsq,Bromhexine Hydrochloride Tablets IP 4 mg,TBH4-015,Mar-2025,Feb-2028,"J.P. Industries Bhud, Baddi, Distt. Solan, H.P. India","sample does not conform to I.P. with respect to the ""Assay of Bromhexine Hydrochloride"".","CDL, Kolkata",portal,2025-09_all_nsq.json,20
2025-09,central,nsq,Iron Sucrose Injection USP 100 mg,24RS15,Dec-2024,Nov-2026,"SAI Parenterals Limited, D1&D4, Survey No.280,Phase-V, IDA,Jeedimetla, Hyderabad-500055, Telangana, India","sample does not conform to U.S.P. with respect to the Test for ""Content of chloride"" ""pH"", and ""Alkalinity"".","CDL, Kolkata",portal,2025-09_all_nsq.json,21
2025-09,central,nsq,CALXIA Dicyclomine Hydrochloride Tablets IP 10 mg..,QT0210,Jun-2024,May-2026,"Quest Laboratories Limited Plot No. 45, Sector-III, Pithampur, Dist. Dhar- 454775 (M.P.)",sample does not conform to IP with respect to the Test of Description.,"CDL, Kolkata",portal,2025-09_all_nsq.json,22
2025-09,central,nsq,Rabeprazole Sodium Injection IP,MD24G41,Jul-2024,Jun-2026,"Martin & Brown Bio-Sciences Pvt. Ltd.. K.No. 918/419, Malkumajra, Nalagarh Road, Baddi, Dist.Solan (H.P.)-173205","sample does not conform to IP 2022 with respect to test for ""pH"", ""Particulate matter"", ""Clarity of solution"" and ""Description"".","CDL, Kolkata",portal,2025-09_all_nsq.json,23
2025-09,central,nsq,Dexamethasone Injection I.P.,NSD24005,Jun-2024,May-2026,"SGS Pharmaceuticals Pvt. Ltd. 162/1Puhana Iqbalpur Road, Nanhera , Roorkee - 247 667(Uttarakhand)","sample does not conform to IP with respect to test for ""Particulate matter"", ""Assay/content of Dexamethasone Phosphate"" and ""Description"".","CDL, Kolkata",portal,2025-09_all_nsq.json,24
2025-09,central,nsq,Telmisartan Tablets I.P. 40 mg..,BPLT-25010,Jan-2025,Dec-2026,"Bennet Pharmaceuticals Ltd. Village Chanal Majra, Nr. Manpura, BADDI, Tal. Nalagarh, Distt. Solan (H.P.) - 173205.",sample is declared to be Not of standard quality for the reason stated under Description.,"CDL, Kolkata",portal,2025-09_all_nsq.json,25
2025-09,central,nsq,LUPIGESIC Buprenorphine Injection IP 2ml,ASG 1590,Nov-2022,Oct-2026,"SNG Pharmaceuticals (p) Ltd., 101/B.K.B Complex Opp. Mahavir Nagar, N.H.No. 8, Vapi-396191 At 75/1 G.I.D.C, Vapi-396195","sample does not conform to I.P. with respect to test for ""Sterility"", ""Related substances"", ""Particulate matter"", ""Assay/content of Buprenorphine and ""Description"".","CDL, Kolkata",portal,2025-09_all_nsq.json,26
2025-09,central,nsq,AZEN-20 Rabeprazole Tablets IP,ZTL-157,Dec-2024,Nov-2026,"Zoic Biotech Pvt. Ltd. Plot No. C-15, Focal Point, Ind. Area, Chanalon, Mohali (Punjab) 140103",sample does not conform to IP with respect to test for Dissolution Acid Stage and Dissolution Buffer Stage.,"CDL, Kolkata",portal,2025-09_all_nsq.json,27
2025-09,central,nsq,Ampicillin Injection IP 500mg,24AP2341,Oct-2024,Sep-2026,"Pharma Impex Laboratories Pvt. Ltd. (ISO 9001 : 2015 & WHO GMP Certified) South Uttarbhag, Ramanagr, Baruipur, Dist. South 24PGS, WB. - 743387 INDIA",sample does not conform to I.P with respect to Particulate matter & Clarity Of Solution.,"CDL, Kolkata",portal,2025-09_all_nsq.json,28
2025-09,central,nsq,Telmisartan Tablets IP 40 mg,BPLT-24305,Oct-2024,Sep-2026,"Bennet Pharmaceuticals Ltd. Village Chanal Majra, Nr. Manpura, BADDI, Tal. Nalagarh, Distt. Solan (H.P.) - 173205.",sample is not of standard quality for the reason stated under Description.,"CDL, Kolkata",portal,2025-09_all_nsq.json,29
2025-09,central,nsq,Amoxycillin & Potassium Clavulanate Injection IP 1200 mg,D0092461A,Dec-2024,Nov-2026,"Protech Telelinks Mouza Ogli, Suketi Road, Kala Amb, Distt. Sirmour-173030 (H.P.)",sample does not conform to IP with respect to the Assay of Clavulanic Acid,"CDL, Kolkata",portal,2025-09_all_nsq.json,30
2025-09,central,nsq,Bupivacaine Injection IP,L2022410B,Oct-2024,Sep-2026,"Protech Telelinks Mouza Ogli, Suketi Road, Kala Amb, Distt. Sirmour-173030 (H.P.)","sample does not conform to IP with respect to test for ""Particulate matter"" and ""Description"".","CDL, Kolkata",portal,2025-09_all_nsq.json,31
2025-09,central,nsq,Pimecrolimus IH,PMS0125008,Jul-2025,Jun-2028,"Sumar Biotech LLP, Plot No: 112,113,114, GIDC Estate Gozariya, Ta & Dist: Mehsana-382825, Gujarat, India",sample does not conform to manufacturers specification with respect to the content of Ethyl acetate of residual solvents.,"CDL, Kolkata",portal,2025-09_all_nsq.json,32
2025-09,central,nsq,FECOPOD Cefpodoxime Proxetil Tablets 200 mg,TBL-114,Mar-2024,Feb-2026,"Ticoma Pharmacia.. E-17, Industrial Focal Point, Derabassi - 140 507 (Pb.).",sample does not conform to I.P. with respect to Dissolution of Cefpodoxime.,"CDL, Kolkata",portal,2025-09_all_nsq.json,33
2025-09,central,nsq,Moxilase-CV Amoxycillin & Potassium Clavulanate Injection IP,B24154,Nov-2024,Apr-2026,"Rica Enterprises, Vill. Khari, Mauza Ogli, Kala Amb, DIstt. Sirmour- 173030 H.P.","Test of Clarity of solution, Particulate matter, and Assay of Potassium Clavulanate equivalent to Clavulanic Acid","CDL, Kolkata",portal,2025-09_all_nsq.json,34
2025-09,central,nsq,KOBALA PLUS Alpha Lipoic Acid 300mg & Methylcobalamin 1500mcg Capsules,DAL401,Jul-2024,Jun-2026,"Synmedic Laboratories SP-3-5 A And C, RIICO Industrial Area Keshwana, Kotputli, Jaipur, Rajasthan-303108.",sample does not conform to claim in respect to the Test of Description.,"CDL, Kolkata",portal,2025-09_all_nsq.json,35
2025-09,central,nsq,Pantoprazole Tablets IP 40 mg,0111,Dec-2024,Nov-2026,"Hindustan Antibiotics Ltd. (A Govt. of India Enterprise) Pimpri, Pune - 411 018, INDIA.",sample does not conform to IP with respect to test for Dissolution (Buffer Stage).,"CDL, Kolkata",portal,2025-09_all_nsq.json,36
2025-09,central,nsq,Pdzole -40 Tablets Pantoprazole Gastro Resistant Tablets IP 40 mg,ZBT-7770,Sep-2024,Jul-2026,"Zoic Biotech Pvt. Ltd. Plot No. C-15, Focal Point, Ind. Area, Chanalon, Mohali (Punjab) 140103","sample does not conform as per I.P. 2022 with respect to the test for ""Dissolution in Buffer Stage"" for Pantoprazole.","RDTL, Guwahati",portal,2025-09_all_nsq.json,37
2025-09,central,nsq,Ofloxacin & Ornidazole Tablets I.P..,OZH-2501,Apr-2025,Mar-2027,"Apple Formulations Pvt. Ltd. . Plot No.208, Kishanpur, Roorkee- 247667(U.K.)","sample does not comply as per I.P. 2022 with respect to the test for ""Dissolution"" of Ofloxacin and Ornidazole.","RDTL, Guwahati",portal,2025-09_all_nsq.json,38
2025-09,central,nsq,Savtel Telmisartan Tablets IP 40 mg.,PT-40585,Feb-2024,Jan-2026,"Pharmaroots Healthcare Khasra No. 411, Village Tipra, P.O. Barotiwala, Tehsil Baddi, Distt. Solan, H.P.",sample does not conform to claim as per I.P. 2022 in respect to the Test of Dissolution,"RDTL, Guwahati",portal,2025-09_all_nsq.json,39
2025-09,central,nsq,GREEN SAFE DELUX Infusion Set,24050016,May-2024,Apr-2027,"Upico Medicare Pvt. Ltd PLOT.NO.17, Karmbhumi ,INDL. ESTATE, Bakrol,Distt, Ahmedabad, Gujarat","sample does not comply as per I.P. 2022 with respect to the test for ""Sterility""","RDTL, Guwahati",portal,2025-09_all_nsq.json,40
2025-09,central,nsq,Pantoprazole Tablets I.P..,PAA-528,Apr-2025,Mar-2027,"Healers Lab Unit II Plot No. 33, H.P.S.I.D.C., Extn., Baddi, Distt-Solan (H.P.)","sample does not comply as per I.P. 2022 with respect to the test for ""Dissolution in buffer stage"" For Pantoprazole.","RDTL, Guwahati",portal,2025-09_all_nsq.json,41
2025-09,central,nsq,"Ambroxol HCl, Salbutamol Sulphate & Guaiphenesin Liquid",RSP3041,May-2023,Apr-2026,"Naxpar Pharma Pvt. Ltd. 182, Village- Gurumajra, Kishanpura, Baddi, Dist- Solan Himachal Pradesh -174101.","sample does not conform to claim as per Manufacturer Specification with respect to the test for ""Assay"" of Ambroxol Hydrochloride and Salbutamol.","RDTL, Guwahati",portal,2025-09_all_nsq.json,42
2025-09,central,nsq,"Picozide Sodium Picosulfate, Liquid Paraffin & Milk of Magnesia Suspension",PZDS-041,Jul-2025,Jun-2027,"Iosis Remedies Pvt. Ltd.Rajpura Road, Village- Khera Nihla Tehsil- Nalagarh, District - Solan, Himachal Pradesh - 174 101, India.",sample does not conform to claim as per Patent and Proprietary in respect to the Assay of Liquid Paraffin,"RDTL, Chandigarh",portal,2025-09_all_nsq.json,43
2025-09,central,nsq,RAXOFEN Ibuprofen and Paracetamol Tablets IP,6563,Apr-2025,Mar-2027,"R.P. Biotech Pvt. Ltd. 61, Industrial Focal Point, Batala, District Gurdaspur, Punjab.","sample does not conform to claim as per IP 2022 in respect to the Test of Dissolution of Paracetamol, Dissolution of Ibuprofen","RDTL, Chandigarh",portal,2025-09_all_nsq.json,44
2025-09,central,nsq,PODORAM Cefpodoxime Tablets I.P. 200 mg,6492,Mar-2025,Feb-2027,"R.P. Biotech Pvt. Ltd., 61, Industrial Focal Point, Batala, District Gurdaspur, Punjab.",sample does not conform to claim as per IP 2022 in respect to the Test of Dissolution and Assay of Cefpodoxime Proxetil calculated as Anhydrous Cefpodoxime,"RDTL, Chandigarh",portal,2025-09_all_nsq.json,45
2025-09,central,nsq,Cyproheptadine Tablets IP 4 mg,6489,Mar-2025,Feb-2027,"R.P. Biotech Pvt. Ltd. 61, Industrial Focal Point, Batala, District Gurdaspur, Punjab.",sample does not conform to claim as per IP 2022 in respect to the Assay of Cyproheptadine Hydrochloride,"RDTL, Chandigarh",portal,2025-09_all_nsq.json,46
2025-09,central,nsq,Amoxycillin Trihydrate Dispersible Tablets IP 250 mg,DL-58,Oct-2024,Sep-2026,"SVR Healthcare , Barotiwala,Paonta Sahib, Distt. Sirmour (H.P)-173025","Disintegration test, Uniformity of dispersion and Assay","RDTL, Chandigarh",portal,2025-09_all_nsq.json,47
2025-09,central,nsq,Cefixime Tablets IP 200 mg,DL-134,Oct-2024,Nov-2026,"SVR Healthcare , Barotiwala,Paonta Sahib, Distt. Sirmour (H.P)-173025",Assay,"RDTL, Chandigarh",portal,2025-09_all_nsq.json,48
2025-09,central,nsq,Loperamide Hydrochloride Capsules IP 2 mg,7645,Mar-2025,Feb-2027,"R.P. Biotech Pvt. Ltd. 61, Industrial Focal Point, Batala, District Gurdaspur, Punjab.",sample does not conform to claim as per IP 2022 in respect to the Test of Dissolution,"RDTL, Chandigarh",portal,2025-09_all_nsq.json,49
2025-09,central,nsq,PANZOLE Pantoprazole Sodium Tablets I.P.,6735,Jun-2025,May-2027,"R.P. Biotech Pvt. Ltd. 61, Industrial Focal Point, Batala, District Gurdaspur, Punjab.",sample does not conform to claim as per IP 2022 and Addendum 2024 in respect to the Test of Dissolution (Buffer Stage),"RDTL, Chandigarh",portal,2025-09_all_nsq.json,50
2025-09,central,nsq,AMLOCARE-AT Amlodipine and Atenolol Tablets IP,6717,Jun-2025,May-2027,"R.P. Biotech Pvt. Ltd. 61, Industrial Focal Point, Batala, District Gurdaspur, Punjab.","sample does not conform to claim as per IP 2022 in respect to the Assay of Amlodipine Besylate Calculated As Amlodipine, Atenolol","RDTL, Chandigarh",portal,2025-09_all_nsq.json,51
2025-09,central,nsq,Clopidogrel and Aspirin Tablets IP .,GT241285,Jul-2024,Jun-2026,"Theon Pharmaceuticals Ltd. Vill. Saini Majra, Tehsil Nalagarh, Distt. Solan (H.P.) 174 101.",sample is not of standard quality with respect to the reason stated under 'Description'.,"CDTL, Indore",portal,2025-09_all_nsq.json,52
2025-09,central,nsq,Clopidogrel & Aspirin Tablets IP (75mg/75mg),GT241286,Jul-2024,Jun-2026,"Theon Pharmaceuticals Ltd. Vill. Saini Majra, Tehsil Nalagarh, Distt. Solan (H.P.) 174 101.",sample is not of standard quality with respect to the reason stated under 'Description'.,"CDTL, Indore",portal,2025-09_all_nsq.json,53
2025-09,central,nsq,CLOPIMEN-75 Clopidogrel Tablets IP 75 mg,T-2405321,May-2024,Apr-2026,"Rivpra Formulation Pvt. Ltd. Plot No.8, Sector-6A, I.I.E. SIDCUL, Haridwar-249 403 (U.K.)","sample received does not conform to I.P. 2022 for the reason stated under description and with respect to the tests for Related substances"" and ""Assay.","CDTL, Mumbai",portal,2025-09_all_nsq.json,54
2025-09,central,nsq,NS-CAP Sodium Chloride Injection IP 0.9% w/v,LV50333,Mar-2025,Feb-2027,"Captab Biotec Unit-II, Plot No.125, E.P.I.P. Road, Mauja, Jharmajri, Baddi, Distt. Solan (H.P.) - 173 205","sample does not conform to I.P. 2022 with respect to the test for ""Bacterial endotoxins""","CDTL, Mumbai",portal,2025-09_all_nsq.json,55
2025-09,central,nsq,TRIMESOL MR 35 Tablets Trimetazidine Hydrochloride Modified Release Tablets,TSF-C2721A,Oct-2024,Sep-2026,"Spen Formulations Pvt. Ltd., Plot No.-123, Industrial Area, Mehatpur, Distt. UNA-174315 (H.P.)","sample does not conforms to Manufacturer's specification with respect to the test for ""Dissolution"".","CDTL, Mumbai",portal,2025-09_all_nsq.json,56
2025-09,central,nsq,"Multiple Electrolytes And Dextrose Injection Type I IP,",P4BY04,Feb-2025,Jan-2028,"Swaroop Pharmaceuticals Pvt. Ltd. A-10, Tala Nagari Industrial Area, Aligarh 202001, Uttar Pradesh",sample received does not conform to I.P. 2022 with respect to the test for Assay of magnesium and phosphate,"CDTL, Mumbai",portal,2025-09_all_nsq.json,57
2025-09,state:SDTL Raipur Chhattisgarh,nsq,Albendazole Tablets IP,PGT25480,Jun-2025,May-2028,"Affy Parenterals (WHO- cGMP/ISO 9001:2015 Certified Co.) Vill. Gullerwala, P.O. Baddi, Distt. Solan- 173 205 (HP)",Dissolution,SDTL Raipur Chhattisgarh,portal,2025-09_all_nsq.json,58
2025-09,state:SDTL Raipur Chhattisgarh,nsq,Albendazole Tablets IP,PGT25450,Jun-2025,May-2028,"Affy Parenterals (WHO- cGMP/ISO 9001:2015 Certified Co.) Vill. Gullerwala, P.O. Baddi, Distt. Solan- 173 205 (HP)",Dissolution,SDTL Raipur Chhattisgarh,portal,2025-09_all_nsq.json,59
2025-09,state:SDTL Raipur Chhattisgarh,nsq,Albendazole Tablets IP,PGT25229,Mar-2025,Feb-2028,"Affy Parenterals (WHO- cGMP/ISO 9001:2015 Certified Co.) Vill. Gullerwala, P.O. Baddi, Distt. Solan- 173 205 (HP)",Dissolution,SDTL Raipur Chhattisgarh,portal,2025-09_all_nsq.json,60
2025-09,state:SDTL Raipur Chhattisgarh,nsq,"Amoxycillin Tablets IP""",CT2193,Nov-2024,Apr-2026,"TPD Associates At: No 336, IV Phase, Peenya Industrial Area Bengaluru Karnataka-560 058",Assay,SDTL Raipur Chhattisgarh,portal,2025-09_all_nsq.json,61
2025-09,state:SDTL Raipur Chhattisgarh,nsq,Albendazole Tablets IP Legal Sample ),PGT25229,Mar-2025,Feb-2028,"Affy Parenterals (WHO- cGMP/ISO 9001:2015 Certified Co.) Vill. Gullerwala, P.O. Baddi, Distt. Solan- 173 205 (HP)",Dissolution,SDTL Raipur Chhattisgarh,portal,2025-09_all_nsq.json,62
2025-09,state:SDTL Raipur Chhattisgarh,nsq,Paracetamol Tablets IP- 500,CP30813,Aug-2023,Jul-2026,"HSN Biotech Plot No 40 Sector 6A, SIDCUL Haridwar-249 403, (Uttarakhand)",Assay,SDTL Raipur Chhattisgarh,portal,2025-09_all_nsq.json,63
2025-09,state:SDTL Raipur Chhattisgarh,nsq,Aceclofenac & Paracetamol,ET24260,Nov-2024,Oct-2027,"Edkem Pharmaceuticals Ltd., ( A WHO-GMP CERTIFIED COMPANY) M9 M12 Gallop Industrial Park II Chancharvadi Vasna Bavla Changodar Highway Ahmedabad- 382210",Misbranded,SDTL Raipur Chhattisgarh,portal,2025-09_all_nsq.json,64
2025-09,state:SDTL Raipur Chhattisgarh,nsq,Dieclofenac Potassium & Paracetmol,T082441,Aug-2024,Jul-2027,"Swefn Pharmaceuticals Pvt. Ltd., 7 Sopan Kesar Industrial Hub, Vill- Moraiya Distt- Ahmedabad- 382213",Assay,SDTL Raipur Chhattisgarh,portal,2025-09_all_nsq.json,65
2025-09,state:SDTL Raipur Chhattisgarh,nsq,Clobetasol Propionate Neomycin Sulphate and Miconazole Nitrate Cream,18241408A,Jul-2024,Jun-2026,"Macleods Pharmaceuticals Ltd.Khasra No 21,22,66,67 & 68 Aho- Yangtam Namchepung P.O. Ranipool, Sikkim 737135",Spourios,SDTL Raipur Chhattisgarh,portal,2025-09_all_nsq.json,66
2025-09,"state:Directorate of Food & Drugs, Bambolim, Goa.",nsq,Ivabradine Tablets 5 mg,HTL0028,Feb-2025,Jan-2027,"Hetero Labs Ltd., (Unit II) Village: Kalyanpur, Chakkan Road, Tehsil: Baddi, Distt. Solan, Himachal Pradesh. 173205",Dissolution,"Directorate of Food & Drugs, Bambolim, Goa.",portal,2025-09_all_nsq.json,67
2025-09,"state:Directorate of Food & Drugs, Bambolim, Goa.",nsq,Tramadol Hydrochloride Sustained Release Tablets I.P. 100mg -,MNT27015,Jan-2025,Dec-2026,"Medicross Laboratories Pvt. Ltd., Plot No. 119, HPSIDC, Industrial Area, Baddi, Dist. Solan. (H.P.)","Spurious identification, Dissolution and Assay.","Directorate of Food & Drugs, Bambolim, Goa.",portal,2025-09_all_nsq.json,68
2025-09,"state:Food & Drugs Laboratory, Bambolim, Goa.",nsq,Sodium Bicarbonate Tablets USP 300mg,AT2502,May-2025,Apr-2028,"Alves Healthcare Pvt Ltd. Nangal Uperla, Swarghat Road, Nalagarh, Dist. Solan (H.P.) India - 174101.",Assay,"Food & Drugs Laboratory, Bambolim, Goa.",portal,2025-09_all_nsq.json,69
2025-09,"state:DTL, BADDI H.P.",nsq,"Alpha Lipoic Acid IP 100 mg,Pyridoxine Hydrochloride IP 3 mg,Methylcobalamin IP 1500 mcg,Folic Acid IP 1.5mg & Vitamin D3 IP 1000 I.U. Tablets)",FT240594B,Aug-2024,Jan-2026,Foregen Healthcare Ltd.Plot No. 104-105 DIC Industrial Area Baddi Distt. Solan H.P.,Disintegration,"DTL, BADDI H.P.",portal,2025-09_all_nsq.json,70
2025-09,"state:DTL, BADDI H.P.",nsq,Paracetamol,HPC332,Dec-2024,May-2026,"Hema Pharmaceuticals plot no 18 & 21 Phase III Ind Area Sansarpur Terrice , Distt Kangra HP 176501",Assay,"DTL, BADDI H.P.",portal,2025-09_all_nsq.json,71
2025-09,state:DTL/Baddi,nsq,"Ambroxol, Levosalbutamol Guaiphenesin Syrup",SML-2465,Mar-2024,Feb-2026,"Saitech Medicare Pvt. Ltd. Village Kheri, Trilokpur Road, Kala- Amb District Sirmour, H.P-173030",Assay,DTL/Baddi,portal,2025-09_all_nsq.json,72
2025-09,state:DTL/Baddi,nsq,Paracetamol Tablets IP 650 mg,TEM25002AL,Mar-2025,Feb-2025,"Hindustan Laboratories Ltd. Plot No. 5-9, survey No. 38/2, Aliyali, Palghar (W) Distt. Palghar 401404 (M.S.).",Dissolution,DTL/Baddi,portal,2025-09_all_nsq.json,73
2025-09,state:DTL Baddi,nsq,Iron Sucrose Injection IP,A23412F,Oct-2023,Sep-2025,"Pace Biotech , Surajpur, Paonta Sahib, Distt Sirmour HP",Misbranded,DTL Baddi,portal,2025-09_all_nsq.json,74
2025-09,state:DTL Baddi,nsq,Ventrozole-1500,EMVB-24222,Dec-2024,Nov-2026,"Events Cotporation, Unit-II, Kala Amb, Tehsil Nahan, Distt. Sirmour HP",NA,DTL Baddi,portal,2025-09_all_nsq.json,75
2025-09,"state:DTL, Baddi (H.P)",nsq,Zinc Sulphate Dispersible Tablet IP 20 mg,MT10104,Jun-2024,May-2026,"McW Healthcare(P) Ltd 286,287-A, 287-B ,Sector -E Industrial Area Sanwer Raod Indore (M.P)",Disintergration and Uniformity of Dispersion,"DTL, Baddi (H.P)",portal,2025-09_all_nsq.json,76
2025-09,"state:DTL, Baddi (H.P)",nsq,"Paracetamol ,Phenlyephrine HCL & Chlorpheniramine Maleate Suspension",GS-4024,Mar-2025,Feb-2027,Gag Pharmaceuticals VPO Mubarkpur Shaikhan Jalandhar,Assay,"DTL, Baddi (H.P)",portal,2025-09_all_nsq.json,77
2025-09,"state:DTL ,Baddi, HP",nsq,"Paracetamol, Phenylephrine Hcl, Caffeine & Diphenhydramine Hcl Tablets",YLT25006,Jan-2025,Dec-2026,"YL Pharma, Plot No.9H(1), Village-Katha, Baddi, District Solan-173205(HP)",Identification & Assay,"DTL ,Baddi, HP",portal,2025-09_all_nsq.json,78
2025-09,"state:DTL, Baddi, Dist-Solan(H.P)",nsq,Fillace-P,MMT-12846,Apr-2025,Mar-2027,"Near Railway Crossing, Chambaghat, Solan, Distt- Solan,(H.P)",Assay,"DTL, Baddi, Dist-Solan(H.P)",portal,2025-09_all_nsq.json,79
2025-09,"state:DTL, Baddi, Dist-Solan(H.P)",nsq,Alenvox500,PNT4-1018D,Nov-2024,Oct-2026,"Vill-Dhana(Bagh Bania), Teh- Nalagarh,Distt- Solan(H.P)",Identification & Assay,"DTL, Baddi, Dist-Solan(H.P)",portal,2025-09_all_nsq.json,80
2025-09,"state:DTL, Meghalaya State",nsq,Noscapine Cough Syrup,LG24-34,Jul-2025,Jun-2025,"Om Biometic Pvt.Ltd Plot No.68,9,82,&83, Sector -6A,IIE. Sidcul,Haridwar-249403 Uttarkhand",Assay,"DTL, Meghalaya State",portal,2025-09_all_nsq.json,81
2025-09,"state:DTL, Meghalaya State",nsq,Ferrous Sulphate &Folic Acid,40791,Jun-2025,Nov-2025,"Zenith Drugs Ltd (WHO-GMP Cert.co.)72/5,72/3,72/4,74/1/1,75/1/1, Muradpura Orangpura),Dhar Road Near Kalaria,Indore-453001,M.P (India)",Assay,"DTL, Meghalaya State",portal,2025-09_all_nsq.json,82
2025-09,"state:FDAL, Maharashtra",nsq,Aspirin Tablets IP,G/25/1739,Apr-2025,Mar-2027,"Modi Antibiotic, Plot No. 28, G.I.D.C, Odhav Ahmedabad (Gujarat) Ahmedabad",Description and related substances.,"FDAL, Maharashtra",portal,2025-09_all_nsq.json,83
2025-09,"state:FDAL, Maharashtra",nsq,Azithromycin Tablets IP,TG23074A,Mar-2024,Feb-2026,"Cure Health Pharmaceuticals Pvt Ltd. Village Raipur P.O Deothi, Tehsil and District Solan-173211",Description,"FDAL, Maharashtra",portal,2025-09_all_nsq.json,84
2025-09,"state:FDAL, Maharashtra",nsq,Paracetamol Tablets IP 500 mg,CLR23725,Mar-2024,Feb-2026,"Cureza Healthcare Pvt Ltd. Cureza Healthcare Ltd. A.B. Road, Girwai, 474001",Description and Dissolutioin Test.,"FDAL, Maharashtra",portal,2025-09_all_nsq.json,85
2025-09,"state:SDTL, Punjab",nsq,"Oxyclozanide, Levamisole Hydrochloride & Silymarin Bolus Vet",CPT2504266,Apr-2025,Mar-2027,"CURE QUICK PHARMACEUTICALS 20-21/3, HSIIDC, KAMAL-132001 (HARYANA)",Assay,"SDTL, Punjab",portal,2025-09_all_nsq.json,86
2025-09,"state:SDTL, Punjab",nsq,Primidone Tablets,AR250209,Feb-2025,Jan-2027,"Alteus Remedies Pvt. Ltd., EPIP, Kartholi, SIDCO Industrial Lane, Bari Brahmana Distt. Samba-18113",Misbranded,"SDTL, Punjab",portal,2025-09_all_nsq.json,87
2025-09,"state:SDTL, Punjab",nsq,Miconazole Nitrate Cream IP 2% w/w,MZP-2502,Aug-2025,Jul-2027,"Apple Formulations Pvt, Ltd, Plot No.208, Kishanpur, Roorkee-247667 (U.K)",Assay,"SDTL, Punjab",portal,2025-09_all_nsq.json,88
2025-09,"state:SDTL, Punjab",nsq,ZINC SULPHATE ORAL SOLUTION IP,2508181,Aug-2025,Jul-2027,"Saar Biotech Pvt. Ltd., VPO-Bhud, Tehsil-Baddi Distt. Solan (H.P.) 173205",Misbranded,"SDTL, Punjab",portal,2025-09_all_nsq.json,89
2025-09,"state:SDTL, Punjab",nsq,ZINC SULPHATE ORAL Solution IP,2508180,Aug-2025,Jul-2027,"Saar Biotech Pvt. Ltd., VPO-Bhud, Tehsil-Baddi Distt. Solan (H.P.) 173205",Misbranded,"SDTL, Punjab",portal,2025-09_all_nsq.json,90
2025-09,"state:SDTL, Punjab",nsq,CEFPODOXIME PROXETIL DISPERSIBLE Tablets,UCT-25327H,Aug-2025,Jul-2027,"Ultra Drugs Pvt.Ltd., Plot No: 1315-1318, VPO Manpura, Baddi-Nalagarh Road, Distt. Solan (H.P.) 174101",Uniformity of Dispersion.,"SDTL, Punjab",portal,2025-09_all_nsq.json,91
2025-09,"state:SDTL, Punjab",nsq,Zinc Sulphate Oral Solution IP,2508179,Aug-2025,Jul-2027,"Saar Biotech Pvt. Ltd., VPO-Bhud, Tehsil-Baddi Distt. Solan (H.P.) 173205",Misbranded,"SDTL, Punjab",portal,2025-09_all_nsq.json,92
2025-09,"state:DCL, Telangana",nsq,Ondansetron Oral Solution IP,K3ADY003,Apr-2025,Mar-2027,"Copmed Pharmaceuticals Pvt.Ltd, Unit-1, Plot NO. 4A&B, Gondpur Industrial Area, Paonta Sahib, Distt. Sirmour - 173205 (HP). Himachal Pradesh.",pH,"DCL, Telangana",portal,2025-09_all_nsq.json,93
2025-09,"state:DCL, Telangana",nsq,Amoxycillin & Potassium Clavulanate Tablets IP,DBT-2508A,Nov-2025,Apr-2026,"Dr. Edwin Medilabs Pvt.Ltd,Plot No. B-29, Industrial area, Focal Point, chanalon, Kurali, SAS Nagar - 140103 (Pb) Punjab.",Asay and Dissolution,"DCL, Telangana",portal,2025-09_all_nsq.json,94
2025-09,"state:DCL, Telangana",nsq,Diethyl carbamazine citrate Tablets IP 100 mg,B221194,Dec-2025,Nov-2025,"Biochem Healthcare Pvt.Ltd, 83, 84, Industraial Area, Dewas Road Nagziri, Ujjain, 456010, Madhya Pradesh,",Description,"DCL, Telangana",portal,2025-09_all_nsq.json,95
2025-09,"state:DCL, Telangana",nsq,Calcium Carbonate Tablets I.P.,RCBT-003,May-2024,Apr-2026,"Revat Laboratories Pvt.Ltd, 12-321, OPP: I.D.A, Kurnool Road, Pernamitta, Ongole - 523 002 Andhra Pradesh.",Description,"DCL, Telangana",portal,2025-09_all_nsq.json,96
2025-09,"state:DCL, Telangana",nsq,Cefpodoxime Proxetil & Potassium Clavulanate oral suspension,HSBD-24107,Oct-2024,Mar-2026,"UPKAR PHARMACEUTIALS, 101, Industrial area, Gondpur, Paontashaib, Dist Sirmour H.P. 173025. Himachal Pradesh.",Assay,"DCL, Telangana",portal,2025-09_all_nsq.json,97
2025-09,"state:DCL, Telangana",nsq,Pantoprazole tablets IP,NMPN-2403,Oct-2024,Sep-2026,"Konis Pharmaceuticals Pvt.Ltd, Jagriti Sadan, Subathu Road, Solan, - 173 212, Himachal Pradesh.",Dissolution,"DCL, Telangana",portal,2025-09_all_nsq.json,98
2025-09,"state:DCL, Telangana",nsq,"Rabeprazole Gastro-resistant Tablets IP 20 mg,",RABP45003,Oct-2024,Sep-2026,"Sunrise International labs Ltd, Plot No. 100, Lane - 5, Sector - II, Phase-II, IDA cherlapally, Hydrabad - 500051 Telangana.",Asay & Dissolution,"DCL, Telangana",portal,2025-09_all_nsq.json,99
2025-09,"state:DCL, Telangana",nsq,"Cetirizine Hydrochloride Tablets, I.P.",LPT2425300,Feb-2025,Jan-2027,"Lannett Pharmaceuticals Hydrochloride Pvt.Ltd, Plot no. D-8c, & D-8D, Sigaddi Growth Center, Sidcul, Industrial Area, Kotdwar - 246 149 (UK), Uttarakhand.",Description,"DCL, Telangana",portal,2025-09_all_nsq.json,100
2025-09,"state:DCL, Telangana",nsq,Aceclofenac & Paracetamol Tablets,MHT25-013,Jan-2025,Dec-2026,"Mahys Pharmaceuticals survey No. 519-C3A2, BK Puram Road, Satuluru - 522549, AP. Andhra Pradesh.",Misbranded,"DCL, Telangana",portal,2025-09_all_nsq.json,101
2025-09,"state:DCL, Telangana",nsq,"Aceclofenac & Paracetamol Tablets,",MHT25-004,Jan-2025,Dec-2026,"Mfg By: Mahys Pharmaceuticals survey No. 519-C3A2, BK Puram Road, Satuluru - 522549, AP. Andhra Pradesh. Mrkt: Zenque Health care, Survey No. 519-c3a2, BK puram Road, Satuluru - 522 549, A.P.",Misbranded,"DCL, Telangana",portal,2025-09_all_nsq.json,102
2025-09,state:Government of NCT of Delhi,nsq,Diclofenac Sodium and Paracetamol Tablets IP,TT240758,Jun-2024,May-2026,"Trugen Pharmaceuticals Pvt. Ltd.,Vill. Tejjupur,Near Chodiala Rly. Station, Roorkee, Distt. Haridwar, Uttarakhand-247661",Dissolution Of Paracetamol,Government of NCT of Delhi,portal,2025-09_all_nsq.json,103
2025-09,state:Government of NCT of Delhi,nsq,Diclofenac Sodium and Paracetamol Tablets IP,I405175,Oct-2024,Sep-2026,"Zydus Healthcare Ltd.,(Unit II) 967 (P),968 (P), 970 (P), Duga Circle, Kamarey Bhasmay, Kumrek, Sikkim-737132",Assay & Dissolution,Government of NCT of Delhi,portal,2025-09_all_nsq.json,104
2025-09,central,nsq,Amikacin Sulphate Injection IP 500mg/2ml,24AM19,Dec-2024,Nov-2026,"SAI Parenterals Limited D1 & D4, Survey No.280,Phase-V, IDA,Jeedimetla, Hyderabad, 500055, TS, India","Sterility', 'Particulate Matter' and ""Description"".","CDL, Kolkata",portal,2025-09_all_nsq.json,105
2025-09,"state:DTL,Dalgate Srinagar Kashmir( J&K)",nsq,Telmisartan Tablets,PGT24720,Sep-2024,Aug-2026,"Affy Parenterals (WHO-cGMP/ISO 9001:2015 Certified Co.) Vill Gullerwala. P.O Baddi, Distt.Solan-173205.(HP)",Dissolution,"DTL,Dalgate Srinagar Kashmir( J&K)",portal,2025-09_all_nsq.json,106
2025-09,"state:DTL,Dalgate Srinagar Kashmir(J&K)",nsq,Ondansetron Injection IP,PGY25248,Apr-2025,Mar-2027,"Affy Parenterals (WHO-cGMP/ISO 9001:2015 Certified Co.) Vill Gullerwala. P.O Baddi, Distt.Solan-173205.(HP)",pH.,"DTL,Dalgate Srinagar Kashmir(J&K)",portal,2025-09_all_nsq.json,107
2025-09,state:MDTL Kathua ( J&K),nsq,Telmisartan Tablets IP,PGT24669,Sep-2024,Aug-2026,"Affy Parenterals Vill.: Gullerwala, P.O. Baddi, Distt. Solan ? 173205 (HP)",Description,MDTL Kathua ( J&K),portal,2025-09_all_nsq.json,108
2025-09,state:MDTL Kathua ( J&K),nsq,Metronidazole Tablets IP 400 mg,B250104,Jan-2025,Dec-2026,"Bochem Healthcare Pvt. Ltd . 83-84, Industrial Area, Dewas Road, Nagziri, Ujjain 456010 (M.P.) India",Description,MDTL Kathua ( J&K),portal,2025-09_all_nsq.json,109
2025-09,state:MDTL Kathua ( J&K),nsq,Telmisartan Tablets IP,PGT241031,Dec-2024,Nov-2026,"Affy Parenterals, Vill. Gullerwala, P.O. Baddi, Distt. Solan ? 173205 (H.P.)",Description and Dissolution,MDTL Kathua ( J&K),portal,2025-09_all_nsq.json,110
2025-09,state:MDTL Kathua ( J&K),nsq,Telmisartan Tablets I.P. (20 mg),TFI24009AL,Aug-2024,Jul-2026,"Hindustan Laboratories Ltd., Plot No. 5-9, Survey No. 38/2, Aliyali Palghar (W), Dist ? Palghar 401404 (M.S.).",Description,MDTL Kathua ( J&K),portal,2025-09_all_nsq.json,111
2025-09,"state:DTL,Dalgate Srinagar Kashmir( J&K)",nsq,Omeprazole,CT51891,Dec-2024,Nov-2026,"Cosmas Pharmacis Ltd.Buranwala Road,Village Kotla ,Barotiwala Road,Village Kotla P.O,Barotiwala Solan(H.P)-174103.",Dissolution,"DTL,Dalgate Srinagar Kashmir( J&K)",portal,2025-09_all_nsq.json,112
2025-09,state:SDTL Raipur Chhattisgarh,spurious,Besto-Cof DRY COUGH FORMULA,NA,,,Under Investigation | Under Investigation,"The product is purported to be spurious, however, the same is subject to outcome of investigation",SDTL Raipur Chhattisgarh,portal,2025-09_all_spurious.json,1
2025-10,central,nsq,Calcium Carbonate 500 MG + VIT. D3 250 IU Tablets IP (CALXIA 500),GTA1354,Jan-2025,Dec-2026,"Gidsha Pharmaceuticals Plot No. 611 612, Mega GIDC, Kharedi, Dahod 389151, Gujarat",The sample does not conform to IP with respect to the Test of Dissolution,"CDL, Kolkata",portal,2025-10_all_nsq.json,1
2025-10,central,nsq,Calcium Carbonate 500 MG + VIT. D3 250 IU Tablets IP (CALXIA 500),GTA1348,Jan-2025,Dec-2026,"Gidsha Pharmaceuticals Plot No. 611 612, Mega GIDC, Kharedi, Dahod 389151, Gujarat",The sample does not conform to claim as per IP 2022 in respect to the Test of Dissolution,"CDL, Kolkata",portal,2025-10_all_nsq.json,2
2025-10,central,nsq,Calcium Carbonate 500 MG + VIT. D3 250 IU Tablets IP (CALXIA 500),GTA1346,Jan-2025,Dec-2026,"Gidsha Pharmaceuticals Plot No. 611 612, Mega GIDC, Kharedi, Dahod 389151, Gujarat",The sample does not conform to IP with respect to the Test of Dissolution,"CDL, Kolkata",portal,2025-10_all_nsq.json,3
2025-10,central,nsq,Calcium Carbonate 500 MG + VIT. D3 250 IU TABLETS IP (CALXIA 500 TABLETS),GTA1351,Jan-2025,Dec-2026,"Gidsha Pharmaceuticals Plot No. 611 612, Mega GIDC, Kharedi, Dahod 389151, Gujarat",The sample does not conform to claim as per IP 2022 in respect to the Test of Dissolution,"CDL, Kolkata",portal,2025-10_all_nsq.json,4
2025-10,central,nsq,Calcium Carbonate 500 MG + VIT. D3 250 IU Tablets IP (Calxia500),GTA1340,Jan-2025,Dec-2026,"Gidsha Pharmaceuticals Plot No. 611 612, Mega GIDC, Kharedi, Dahod 389151, Gujarat",The sample does not conform to IP with respect to test for Dissolution,"CDL, Kolkata",portal,2025-10_all_nsq.json,5
2025-10,"state:DTL, Puducherry",nsq,Chlorpheniramine Tablets IP 4mg,T-6763,Aug-2025,Jul-2027,"Jackson Laboratories Pvt Ltd., No. 22-24 Majitha Road, Bypass ,Amristar-143 001(India)",Failed in Dissolution,"DTL, Puducherry",portal,2025-10_all_nsq.json,6
2025-10,central,nsq,Bupivacaine Hydrochloride in Dextrose Injection USP (Bupivacaine Heavy),I-1468,May-2024,Apr-2026,"Jackson Laboratories Pvt.Ltd 22-24, Majitha Road, Bye Pass, Amritsar-143 001(India)",The sample does not conform to U.S.P. with respect to Assay of Dextrose.,"CDL, Kolkata",portal,2025-10_all_nsq.json,7
2025-10,"state:Drugs Testing Laboratory, Madurai-19",nsq,"Arik Syrup (Ambroxol Hydrochloride, Phenylephrine Hydrochloride, chlorpheniramine Maleate Guaiphenesin & Menthol Syrup)",624-732,Oct-2024,Sep-2026,"Zee Laboratories, 47, Industrial Area, Paonta Sahib-173025",Content,"Drugs Testing Laboratory, Madurai-19",portal,2025-10_all_nsq.json,8
2025-10,central,nsq,Amoxycillin & Potassium Clavulanate Injection I.P.,324-869,Jul-2024,Jun-2026,"Zee Laboratories Ltd. Behind 47, Industrial Area, Paonta Sahib-173025","The sample does not conform to claim as per I.P. 2022 with respect to the test for ""Assay"" of Amoxycillin and Clavulanic Acid.","RDTL, Guwahati",portal,2025-10_all_nsq.json,9
2025-10,"state:BDCL, PATNA",nsq,Ofloxacin and Ornidazole Tablets (02 Tablets ),E41580,Oct-2024,Sep-2028,"Medley Pharmaceuticals Ltd. Lane no 3, Phase -1, SIDCO Industrial complex, Bari Brahmana, Jammu -181133",The Sample does not conform to I.P specification with respect to identification and content of Ofloxacin and Ornidazole,"BDCL, PATNA",portal,2025-10_all_nsq.json,10
2025-10,"state:DTL, Puducherry",nsq,"Aceclofenac, Paracetamol Chlorzoxazone Tablets (Nimal-MR)",DPT-2882,Mar-2024,Feb-2026,"Dexibo Pharma Pvt. Ltd., Khasara No. 143/2, Rajpur Village, Bhagawanpur, Roorkee - 247 661 (UK)",Failed in Description,"DTL, Puducherry",portal,2025-10_all_nsq.json,11
2025-10,state:NCT of Delhi,nsq,Neckline Lip Fashion Lipstick [Neckline Ultima III Lip color (on carton)],NL05,May-2025,Apr-2028,"Kanero Cosmetics, K-89, Sector-2, Bawana Industrial Area, Delhi-110039",Test For Break Load Value.,NCT of Delhi,portal,2025-10_all_nsq.json,12
2025-10,"state:SDTL,Andhra Pradesh, Vijayawada",nsq,Rabeprazole Sodium & Domperidone Tablets (Asterab-D),BCT-24-1906,Mar-2025,Feb-2027,"Biocenna Healthcare Pvt.Ltd.Kh.No.218, Vill. Khatakheri, Near Dev Bhoomi Ind. Area, Puhana, Roorkee-247661(U.K)",Assay for Rabeprazole Sodium,"SDTL,Andhra Pradesh, Vijayawada",portal,2025-10_all_nsq.json,13
2025-10,"state:DTL, Jaipur",nsq,Dexamethasone Tablets IP (Doxomax),T-16976,Mar-2025,Feb-2027,"38, Pharma City, Selaqui Dehradun-248011",The sample does not conform to the IP with respect to Assay,"DTL, Jaipur",portal,2025-10_all_nsq.json,14
2025-10,central,nsq,Calcium Carbonate & Vitamin D3 Tablets (Aemcal-D3),VDFT-270,Dec-2024,Nov-2026,"Vzoic Healthcare Pvt. Ltd.Plot No. 236, Ind. Area, Phase-IX, S.A.S. Nagar, Mohali-160062 (Pb.)",Dissolution and Assay,"CDL, Kolkata",portal,2025-10_all_nsq.json,15
2025-10,"state:BDCL, PATNA",nsq,Azithromycin Tablets I.P (Morzith-500 Tablets),T-220124,Jan-2024,Dec-2026,"Dr. Jee Pharma Pvt Ltd, Plot no -17, Sec 9, 11e, SIDCUL, Haridwar, U.K",The Sample does not conform to I.P specification with respect to identification and content of Azithromicyn,"BDCL, PATNA",portal,2025-10_all_nsq.json,16
2025-10,"state:BDCL, PATNA",nsq,Amoxycillin Clavulanic Acid Tablet (A Cipex-625),9421,Apr-2025,Mar-2027,"Apex Formulations, Khasra No 49/6, Nayagaon, Dist- Sirmaur, Himachal Pradesh- 173001",The Sample does not conform to I.P specification with respect to identification and content of Amoxycillin and Clavulanic Acid,"BDCL, PATNA",portal,2025-10_all_nsq.json,17
2025-10,central,nsq,Aceclofenac & Paracetamol Tablets IP (Bioace-P Tablets),AT-1872A,Apr-2025,Mar-2027,"Azot Life Sciences Vill. Chewa, P.O. Kumarhatti, Distt. Solan-173229 (H.P.)",The Sample Received Does Not Conform To I.P. Addendum 2024 Specification With Respect To The Test For Dissolutions For Aceclofenac And Paracetamol Only.,"CDTL, Hyderabad",portal,2025-10_all_nsq.json,18
2025-10,central,nsq,"Paracetamol Tablets IP 500 mg,",BTH-19,Feb-2025,Jan-2027,Bengal Chemicals And Pharmaceuticals E-35 Industrial Area Haridwar-249401 UK,The Sample Received Does Not Conform To I.P. 2022 Specification With Respect To The Test For Dissolution Only.,"CDTL, Hyderabad",portal,2025-10_all_nsq.json,19
2025-10,"state:BDCL, PATNA",nsq,Paracetamol Tablets I.P -500 mg,DGT 24-25,Nov-2024,Oct-2026,"Ornate Labs Pvt. Ltd, Bela Industrial Estate, Muzaffarpur, Bihar","The Sample does not conform to I.P specification with respect to ""Dissolution"" for Paracetamol","BDCL, PATNA",portal,2025-10_all_nsq.json,20
2025-10,"state:BDCL, PATNA",nsq,Paracetamol Tablets I.P -500 mg,DGT 24-232,Nov-2024,Oct-2026,"Ornate Labs Pvt. Ltd, Bela Industrial Estate, Muzaffarpur, Bihar","The Sample does not conform to I.P specification with respect to ""Dissolution"" for Paracetamol","BDCL, PATNA",portal,2025-10_all_nsq.json,21
2025-10,"state:BDCL, PATNA",nsq,Amoxicillin and Potassium Clavulanate Tablet I.P. (Clavam-625),24441792,May-2024,Oct-2025,"Alkem Health Science, A unit of Alkem Labolatories, Unit-2, Samardung, Karek Block, P.O Namthang, Dist- Namchi, Sikkim 737 137",The sample does not conform to I.P. with respect to Identification and content of Amoxicillin and Clavulanic Acid.,"BDCL, PATNA",portal,2025-10_all_nsq.json,22
2025-10,"state:BDCL, PATNA",nsq,Nitrazepam I.P. 10mg tablets(NITRVET 10),AXZ24003P,Jan-2024,Jun-2028,"Anglo-French Drugs & Industries Ltd, Plot No 4, Phase II, Peenya Industrial Area, Peenya Bengaluru- 560058",The Sample does not conform to I.P specification with respect to identification and content of Nitrzepam,"BDCL, PATNA",portal,2025-10_all_nsq.json,23
2025-10,"state:BDCL, PATNA",nsq,Nitrazepam I.P. 10mg tablets(NITRVET 10),AXZ24003P,Jan-2024,Jun-2028,"Anglo-French Drugs & Industries Ltd, Plot No 4, Phase II, Peenya Industrial Area, Peenya Bengaluru- 560058",The Sample does not conform to I.P specification with respect to identification and content of Nitrzepam,"BDCL, PATNA",portal,2025-10_all_nsq.json,24
2025-10,"state:BDCL, PATNA",nsq,Nitrazepam I.P. 10mg tablets(NITRVET 10),10233P,Oct-2022,Mar-2027,"Anglo-French Drugs & Industries Ltd, Plot No 4, Phase II, Peenya Industrial Area, Peenya Bengaluru- 560058",The Sample does not conform to I.P specification with respect to identification and content of Nitrzepam,"BDCL, PATNA",portal,2025-10_all_nsq.json,25
2025-10,"state:BDCL, PATNA",nsq,Paracetamol I.P 500 mg (PARA 500),NBRT-018,May-2023,Apr-2026,"Laborate Pharmaceuticals India Ltd, Unit -II, 31, Rajban road, Nariwal, Paonta Sahib- (Himachal Pradesh)","The Sample does not conform to I.P specification with respect to ""Dissolution"" for Paracetamol","BDCL, PATNA",portal,2025-10_all_nsq.json,26
2025-10,state:BDCL PATNA,nsq,Paracetamol I.P 650 mg (SINDOL 650 TABLETS),ALT0841,Apr-2024,Mar-2026,"Arcon Labs, Plot No-100, DIC Industrial Area, Baddi, Dist-Solan Himachal Pradesh, 173205","The Sample does not conform to I.P specification with respect to ""Dissolution"" for Paracetamol",BDCL PATNA,portal,2025-10_all_nsq.json,27
2025-10,"state:BDCL, PATNA",nsq,Paracetamol I.P 650 mg (PC-WIN 650 ),VGT 241580B,Aug-2024,Jul-2026,"Vrindavan Global, Plot No 23B & C, Indl. Area, Lodhimajra, Baddi, Dist Solan -H.P 173025","The Sample does not conform to I.P specification with respect to ""Dissolution"" for Paracetamol","BDCL, PATNA",portal,2025-10_all_nsq.json,28
2025-10,"state:BDCL, PATNA",nsq,Paracetamol I.P 500 mg (PARA 500),NBRT-018,May-2023,Apr-2026,"Laborate Pharmaceuticals India Ltd, Unit -II, 31, Rajban road, Nariwal, Paonta Sahib- (Himachal Pradesh)","The Sample does not conform to I.P specification with respect to ""Dissolution"" for Paracetamol","BDCL, PATNA",portal,2025-10_all_nsq.json,29
2025-10,state:SDTL Raipur Chhattisgarh,nsq,Aceclofenac and Paracetamol Tablets(Aceloflam Plus),AOPT24013S,Apr-2024,Mar-2026,"Shiva Biogenetics Pharmaceuticals Pvt.Ltd., Village Manpura Baddi Dist. Solan (H.P.) 174101",Assay,SDTL Raipur Chhattisgarh,portal,2025-10_all_nsq.json,30
2025-10,state:SDTL Raipur Chhattisgarh,nsq,Paracetamol Tablets IP (Leemol-500),AOPT24013S,Dec-2023,Nov-2026,"Leeford Healthcare Ltd., At Plot No-5 Apparel Park Cum Industrial Area, Katha Baddi Distt. Solan 173205 (H.P.) India",Assay,SDTL Raipur Chhattisgarh,portal,2025-10_all_nsq.json,31
2025-10,state:SDTL Raipur Chhattisgarh,nsq,"Cefixime, Azithromycin & Lactic Acid Bacillus Tablets (CEFICO- AZ TABLETS)",AP-241242,Jan-2025,Dec-2026,"Park Pharmaceuticals 272 Ind. Area Phase II ,Panchkula-134 113(An ISO GMP Certified Co.)",Assay,SDTL Raipur Chhattisgarh,portal,2025-10_all_nsq.json,32
2025-10,state:DTL Baddi H.P.,nsq,Baptar NM Tablet (Pregabalin Methylcobalamin & Nortriptyline Tablets),UGT-25134E,Jan-2025,Dec-2026,"Ultra Drugs Pvt. Ltd., Plot No. 1315-1318, VPO Manpura, Baddi-Nalagarh Road Distt. Solan H.P. 174105.",Assay,DTL Baddi H.P.,portal,2025-10_all_nsq.json,33
2025-10,state:DTL Baddi H.P.,nsq,Montelukast and Levocetirizine Tablets IP (Montilax Tablets),ATD052B,Apr-2024,Mar-2026,"Haustus Biotech Pvt Ltd, 44-45, Indl. Area, Tahliwal, Distt. Una (HP)",Assay,DTL Baddi H.P.,portal,2025-10_all_nsq.json,34
2025-10,state:DTL Baddi H.P.,nsq,"Paracetamol, Phenyephrine and Chlorpheniramine Suspension IP (Maticold Suspension)",ALE012C,May-2025,Apr-2026,"Haustus Biotech Pvt Ltd, 44-45, Indl. Area, Tahliwal, Distt. Una (HP)",Assay,DTL Baddi H.P.,portal,2025-10_all_nsq.json,35
2025-10,state:DTL Baddi H.P.,nsq,Nimuris Cold & Flu Tablets,GT027502,Feb-2025,Jan-2027,"Asian Pharma Kh. No -105-106 Village Katha, Baddi, Distt. Solan HP 173205",NSQ,DTL Baddi H.P.,portal,2025-10_all_nsq.json,36
2025-10,state:DTL Baddi H.P.,nsq,Amyclox TM-LB Capsules,BC002411,Nov-2024,Oct-2026,"Asian Pharma Kh. No -105-106 Village Katha, Baddi, Distt. Solan HP 173205",NSQ,DTL Baddi H.P.,portal,2025-10_all_nsq.json,37
2025-10,state:DTL Baddi H.P.,nsq,"Ambroxol Hydrochloride 15mg, Terbutaline Sulphate 1.25 mg, Guaiphenesin 50 mg, Menthol 0.5 mg (NUREX-AP )",NRA-2403,Dec-2024,Nov-2026,"Apple Formulations Pvt.Ltd, Plot No. 208, Kishanpur, Roorkee -247667, U.K.",Assay of Ambroxol HCl (81.53%) & Terbutaline Sulphate (74.40 %),DTL Baddi H.P.,portal,2025-10_all_nsq.json,38
2025-10,state:DTL Baddi H.P.,nsq,Deflazacort Tablets (Shedef),MDT-3876,Mar-2025,Feb-2027,"Mayasha Lifesciences, H.B. 86, Vill. Bhatian Nalagarh, Distt Solan HP",Assay of Deflazacort. 3.45mg (57.5%) found as claimed 6 mg),DTL Baddi H.P.,portal,2025-10_all_nsq.json,39
2025-10,state:DTL Baddi H.P.,nsq,Telmisartan and Amlodipine Tablets (Teluse AM ),T24119,Nov-2024,Oct-2026,"Tiba Pharmaceuticals Pvt.Ltd, Plot No. 7,8,9, Shree Ram Industrial Estate, Tajpur Road, Changodar Taluka Sanand, Distt Ahemdabad-382213",Assay of Amlodipine besylate 1.72 mg (34.40%) found as claimed 5 mg),DTL Baddi H.P.,portal,2025-10_all_nsq.json,40
2025-10,state:DTL Baddi H.P.,nsq,Shicold-Plus,RL23222,Dec-2023,Nov-2025,Rachil Pharma 18-19 PHASE-1 Ind.Area Sansarpur Terrace HP,NSQ,DTL Baddi H.P.,portal,2025-10_all_nsq.json,41
2025-10,"state:DTL, Bengaluru, Karnataka",nsq,Cefpodoxime Proxetil & Potassium Clavulanate Tablets IP (Efodoxime-CV Tablets),MYRTAB-655,Sep-2024,Feb-2026,"Mayer Lab, Chambaghat, Adjacent to Railway Crossing, District Solan (H.P)-173213",Assay for Clavulanic Acid,"DTL, Bengaluru, Karnataka",portal,2025-10_all_nsq.json,42
2025-10,"state:DTL, Bengaluru, Karnataka",nsq,Pregabalin & Methlcobalamin Capsules IP (Neujan Capsules),MMC-1957,Jan-2024,Dec-2025,"Mayoford Pharma, Near Railway Crossing, Chambaghat Soaln Dist. Solan (H.P)-173213",Test for Uniformity of Weight,"DTL, Bengaluru, Karnataka",portal,2025-10_all_nsq.json,43
2025-10,"state:DTL, Bengaluru, Karnataka",nsq,Metoprolol Succinate (ER) & Amlodipine Besylate Tablets IP (Metorell-AM 50 Tablets),77BG08,Jun-2025,May-2027,"Sarv Pharmaceuticals, Plot No. 28, Sector-3A. I.I.E., Sidcul Haridwar-249403, Uttarakhand",Uniformity of Weight? and ?Test for Dissolution for Amlodipine,"DTL, Bengaluru, Karnataka",portal,2025-10_all_nsq.json,44
2025-10,"state:DTL, Bengaluru, Karnataka",nsq,Ofloxacin and Ornidazole Tablets IP (Oflogard-O),TLT1005B,Dec-2024,Nov-2026,"Amster Labs Limited, Unit-II, Khasra No. 1296/1, Hill Top Ind. Estate, Vill. Bhatauli Kalan, Tehsil Baddi, Distt. Solan (HP)-173205 (A WHO GMP Certified Unit)",Description,"DTL, Bengaluru, Karnataka",portal,2025-10_all_nsq.json,45
2025-10,"state:DTL, Bengaluru, Karnataka",nsq,"Rosuvastatin 10 mg, Aspirin 150 mg and Clopidogrel 75 mg Capsules",SIBP24283,Jun-2024,May-2026,"Bioaltus Pharmaceuticals Pvt. Ltd., (WHO GMP Cerified Company) At Plot No.2236, Mining, Rangpo East Sikkim-737132",Assay for Rosuvastatin,"DTL, Bengaluru, Karnataka",portal,2025-10_all_nsq.json,46
2025-10,"state:DTL, Bengaluru, Karnataka",nsq,Calcium Carbonate & Vitamin D3 Tablets I.P (DPCAL-500),GT17894C,Feb-2025,Jan-2027,"J.M. Laboratories, (AN ISO, WHO, GMP & GLP, CERTIFIED COMPANY) Village ?Bhanat, P.O-Ghatti, Subathu Road, Solan (H.P) 173211",Test for Dissolution for Calcium and Assay for Vitamin D3,"DTL, Bengaluru, Karnataka",portal,2025-10_all_nsq.json,47
2025-10,"state:DTL, Bengaluru, Karnataka",nsq,Everan (Paracetamol Injection 75mg/ml),EL2PC-07,Dec-2024,Nov-2026,"Bio Medica Laboratories Ltd., (Unit-2), 11-B & 11-C, Sector-E Sanwer Road Industrial Area, Indore-452015",Test for Sterility,"DTL, Bengaluru, Karnataka",portal,2025-10_all_nsq.json,48
2025-10,"state:DTL, Bengaluru, Karnataka",nsq,Paracetamol Tablets I.P 650 mg (Alpa-650 Tablets),2501032,Jan-2025,Dec-2027,"Aban Pharmaceuticals, Plot No. 1018, Kerala, G.I.D.C. Bavla, Dist, Ahmedabad-382220",Test for Dissolution of Tablets,"DTL, Bengaluru, Karnataka",portal,2025-10_all_nsq.json,49
2025-10,"state:DTL, Bengaluru, Karnataka",nsq,"Paracetamol Tablets IP 650mg,",PCT25092,May-2025,Apr-2027,"Vivek Pharmachem (India) Limited, NH-8, Chimanpura, Amer, Jaipur-302028",Test for Dissolution of Tablets,"DTL, Bengaluru, Karnataka",portal,2025-10_all_nsq.json,50
2025-10,"state:DTL, Bengaluru, Karnataka",nsq,"Mymi D (Alpha Lipoic Acid, Pyridoxine Hydrochloride, Methylcobalamin, Folic Acid & Vitamin D3 Tablets)",HT24673,Dec-2024,Nov-2026,"HBC Healthcare Pvt. Ltd., Block/Survey No. 609, Paiki 002, Ambasan, (Amipura), Nr. Shankus Water Park, Ahmedabad-Mehsana Highway, Mehsana-384435 Gujarat, India",Test for Disintegration only,"DTL, Bengaluru, Karnataka",portal,2025-10_all_nsq.json,51
2025-10,"state:DTL, Bengaluru, Karnataka",nsq,Rabeprazole Gastro-resistant Tablets IP (RABIMIST-20),TG24-1514E,Jul-2024,Jun-2026,"Athens Life Sciences, Mauza Rampur, Jattan, Nahan Road, Kala Amb, Distt. Sirmour, H.P-173030",Test for Dissolution and Assay,"DTL, Bengaluru, Karnataka",portal,2025-10_all_nsq.json,52
2025-10,"state:DTL, Bengaluru, Karnataka",nsq,"VITACRINE LC (Alpha Lipoic Acid, Folic Acid, Methylcobalamin, Pyridoxine Hydrochloride & Vitamin D3 Tablets)",BD250297B,Feb-2025,Jan-2027,"Bioaltus Pharmaceuticals Pvt. Ltd., 19-20, DIC, Ind. Area, Baddi, Distt. Solan (H.P) 173205",Test for Disintegration only,"DTL, Bengaluru, Karnataka",portal,2025-10_all_nsq.json,53
2025-10,"state:DTL, Bengaluru, Karnataka",nsq,Diclofenac Potassium and Paracetamol Tablot (LIFOGESIC),142,Nov-2023,Oct-2026,"Rajdip Pharmaceuticals, Plot No.30, Ghanshyam Est. Sanand, Dist. Ahmedabad",Description and Test for Uniformity Weight of Tablets,"DTL, Bengaluru, Karnataka",portal,2025-10_all_nsq.json,54
2025-10,"state:DTL, Bengaluru, Karnataka",nsq,Itraconazole Capsules BP 200 mg (Itradot-200 Capsules),ALC-1509,Dec-2024,Nov-2026,"Access Life Science, Khasra No. 551/3, Village Taksal, Parwanoo, Dist. Solan (H.P)-173220",Test for Dissolution,"DTL, Bengaluru, Karnataka",portal,2025-10_all_nsq.json,55
2025-10,"state:DTL, Bengaluru, Karnataka",nsq,VALET-PM (Paracetamol and Diclofenac Potassium Tablets),MAW40523,May-2023,Apr-2026,"Suraksha Pharma Pvt. Ltd., 410, KArondi, Roorkee-247667, Uttarakhand",Test for Disintegration only,"DTL, Bengaluru, Karnataka",portal,2025-10_all_nsq.json,56
2025-10,"state:DTL, Bengaluru, Karnataka",nsq,Ovocet-M (Montelukast Sodium & Levocetirizine Hydrochloride Tablets IP),LV24MT-048C,Dec-2024,Nov-2026,"L.V. Life Sciences, VPO Gurumajra, Baddi, Distt. Solan (H.P)-174101",Test for Dissolution of Montelukast only,"DTL, Bengaluru, Karnataka",portal,2025-10_all_nsq.json,57
2025-10,"state:DTL, Bengaluru, Karnataka",nsq,Montecas-L Syrup (Levocetirizine & Montelukast),BCRL2407068,Jul-2024,Jun-2026,"Casca Remedies Pvt. Ltd., Kuldeep Nagar, Ambala Cantt Haryana, India,",Assay of Montelukast only,"DTL, Bengaluru, Karnataka",portal,2025-10_all_nsq.json,58
2025-10,"state:DTL, Bengaluru, Karnataka",nsq,Cefpodoxime Proxetil Tablets I.P. 200 mg (Cefporeg-200),APT24-017,Apr-2024,Mar-2026,"Regal Laboratories, 119, Industrial Estate, Goindwal Sahib-143423 (India)",Test for Dissolution,"DTL, Bengaluru, Karnataka",portal,2025-10_all_nsq.json,59
2025-10,"state:DTL, Bengaluru, Karnataka",nsq,"Dazfol-D Softgel Capsules (Methylcobalamin, Pyridoxine Hydrochloride, Docosahexaenoic Acid (DHA) & Folic Acid Softgel Capsules)",ALD5090E,Feb-2025,Jan-2027,"Amster Labs Limited, (An ISO 9001:2015 GMP Certified Co) Unit-1, Vill, Saraj Majra Gujjran, Near Toll Plaza, Baddi-173205, Dist, Solan (H.P)",Assay for Pyridoxine Hydrochloride,"DTL, Bengaluru, Karnataka",portal,2025-10_all_nsq.json,60
2025-10,"state:DTL, Bengaluru, Karnataka",nsq,Calcium and Vitamin D3 Tablets I.P. 500mg/250 I.U,OJCT-009,Dec-2024,Nov-2026,"Laborate Pharmaceuticals India Ltd. # 31, Rajban Road, Nariwala, Paonta Sahib (H.P)",Assay for Vitamin D3,"DTL, Bengaluru, Karnataka",portal,2025-10_all_nsq.json,61
2025-10,"state:DTL, Bengaluru, Karnataka",nsq,Amikacin Sulphate Injection IP (Amised 100),V250114A,Jan-2025,Dec-2026,"Oscar Remedies Pvt. Ltd., (An ISO 9001:2015 & GMP CERTIFIED COMPANY) Oscar House, Badi Majra, Yamunanagar-135001 (H.R),",Test for Sterility,"DTL, Bengaluru, Karnataka",portal,2025-10_all_nsq.json,62
2025-10,"state:DTL, Bengaluru, Karnataka",nsq,"Meurozen-D3 Softgel Capsules (Methylcobalamin, Alpha Lipoic Acid, Folic Acid, Pyridoxine HCL & Vitamin D3 Softgel Capsules)",HPDC25248,Mar-2025,Feb-2027,"Healthwise Pharma, (An ISO 9001:2015 & GMP Certified unit) VPO Bhud, Teh. Baddi, Dist-Solan (H.P)-173205,",Test for Disintegration and with respect to label claim of Assay for Pyridoxine HCL and Vitamin D3,"DTL, Bengaluru, Karnataka",portal,2025-10_all_nsq.json,63
2025-10,"state:DTL, Bengaluru, Karnataka",nsq,ANESTHETIC ANTACID GEL (Medicaine Gel),PMCG24160,Nov-2024,Oct-2026,"Aryatech Pharma (P) Ltd., F-15, Sara Industrial Estate, Central Hope Town, Selaqui, Dehradun (Uttarakhand)-248197",Assay for Dried Aluminium Hydroxide,"DTL, Bengaluru, Karnataka",portal,2025-10_all_nsq.json,64
2025-10,"state:DTL, Bengaluru, Karnataka",nsq,"Aluminium Hydroxide, Magnesium Hydroxide, Dimethicone & Oxethazine Suspension)",CL240052A,Mar-2024,Feb-2026,"Candour Pharmaceuticals, Vill. Ogli, Suketi Road, Kala Amb, Distt. Sirmour (HP)-173030",Assay for Dried Aluminium Hydroxide,"DTL, Bengaluru, Karnataka",portal,2025-10_all_nsq.json,65
2025-10,"state:DTL, Bengaluru, Karnataka",nsq,Compound Benzoin Tincture I.P,TB132,Jan-2025,Dec-2026,"Apex Healthcare, H1-510, RIICO Industrial Area, Bhamashah Kaladwas, Udaipur (Raj)",Tests for weight per ml. Total solids and Assay for Total balsamic Acids (as Cinnamic Acid)?,"DTL, Bengaluru, Karnataka",portal,2025-10_all_nsq.json,66
2025-10,"state:DTL, Bengaluru, Karnataka",nsq,Paracetamol Infusion I.P (1.0% w/v)-Neomol I.V.,T383L935,Mar-2025,Feb-2027,"Truelixir Life Sciences Private. Limited., Plot No. C-1, Five Star Industrial Area, MIDC Shendra, Taluka & Dist, Aurangabad-431154, Maharashtra,",Test for Sterility,"DTL, Bengaluru, Karnataka",portal,2025-10_all_nsq.json,67
2025-10,"state:DTL, Bengaluru, Karnataka",nsq,Calcium and Vitamin D3 Tablets IP (Tricium-XT),1250077,Jan-2025,Jun-2026,"Corona Remedies Ltd., Village, Jatoli, Post Office-Oachghat, Tehsil Solan, Dist Solan (H.P)-173223",Assay for Vitamin D3,"DTL, Bengaluru, Karnataka",portal,2025-10_all_nsq.json,68
2025-10,"state:DTL, Bengaluru, Karnataka",nsq,"Esyfol-XT (Calcium Carbonate, Vitamin D3, Methylcobalamin, L-Methylfolate Calcium & Pyridoxal-5 Phosphate Tablets)",GFTP25214,May-2025,Apr-2027,"Genip Formulations Pvt. Ltd., (A GMP, GLP, Certified Company) Khasra No. 93/45/1, Dharanji urf Dhoptan, Shamti Distt. Solan H.P.173212",Test for Uniformity of weight? and does not conform to label claim with respect to ?Assay for Vitamin D3,"DTL, Bengaluru, Karnataka",portal,2025-10_all_nsq.json,69
2025-10,"state:DTL, Bengaluru, Karnataka",nsq,SILNAC-P (Aceclofenac & Paracetamol Tablets IP),TSC-250577,Feb-2025,Jan-2027,"Prochem Pharmaceuticals Pvt. Ltd., 140-141, Makkanpur, Bhagwanpur Roorkee, Dist. Haridwar (U.K) 247661",Test for Dissolution? only,"DTL, Bengaluru, Karnataka",portal,2025-10_all_nsq.json,70
2025-10,"state:DTL, Bengaluru, Karnataka",nsq,DICLOFIT Plus (Diclofenac Sodium & Paracetamol Tablets IP),M-9475,Jan-2025,Dec-2026,"Herb Edge Health Care Pvt. Ltd., Plot No. 81,82,86,87 Industrial area, Dewas Road, Nagziri, Ujjain-456010 (M.P) India",Test for Uniformity of weight? only,"DTL, Bengaluru, Karnataka",portal,2025-10_all_nsq.json,71
2025-10,"state:FDAL, Mumbai",nsq,Co-Trimoxazole Tablets IP (Sevzole),CHT23515,Jan-2024,Dec-2025,"Cureza Healthcare Pvt. Ltd. A.B. Road, Girwai-474001",Description,"FDAL, Mumbai",portal,2025-10_all_nsq.json,72
2025-10,"state:Drugs Testing Laboratory, Chennai-06",nsq,"Coldrif Syrup (Paracetamol, Phenylephrine Hydrochloride, Chlorpheniramine Syrup)",SR-13,May-2025,Apr-2027,"Sresan Pharmaceutical Manufacturer, No.787, Bangalore Highways, Sunguvarchatram (Mathura), Kancheepuram Dist, 602106",Adulterated,"Drugs Testing Laboratory, Chennai-06",portal,2025-10_all_nsq.json,73
2025-10,"state:Drugs Testing Laboratory, Chennai-06",nsq,Atorvastatin Tablets IP 10mg,CT240238A,Jul-2024,Jun-2026,"Candour Pharmaceuticals, Vill. OGLI, Suketi Road, Kala Amb, Distt. Sirmour (HP), 173030",Dissolution,"Drugs Testing Laboratory, Chennai-06",portal,2025-10_all_nsq.json,74
2025-10,"state:Drugs Testing Laboratory, Chennai-06",nsq,Dexamethasone Tablets IP 0.5mg,TA24665,Aug-2024,Jul-2026,"Saintlife Pharmaceuticals Ltd, 323, Central Hope Town, Industrial Area, Selaqui, Dehradun-248011, Uttarakhand, India",Dissolution & Content,"Drugs Testing Laboratory, Chennai-06",portal,2025-10_all_nsq.json,75
2025-10,"state:King Institute of Preventive Medicine & Research, Guindy, Chennai-32",nsq,Labetalol Injection IP,L0422420F,Dec-2024,Nov-2026,"Protech Telelinks, (A. WHO-GMP CERTIFIED CO), Mauza Ogli, Suketi Road, Kala amb, Dist. Sirmour (HP), 173030",pH,"King Institute of Preventive Medicine & Research, Guindy, Chennai-32",portal,2025-10_all_nsq.json,76
2025-10,"state:Drugs Testing Laboratory, Chennai-06",nsq,"Dicvis Gel (Diclofenac Diethylamine, Methyl Salicylate, Linseed Oil & Menthol Gel)",FDE581,Feb-2024,Jan-2026,"Fine Drugs & Skin Care, Plot No.244, IND. Area, HPSIDC Baddi, Distt- Solan (HP)-173205",Content,"Drugs Testing Laboratory, Chennai-06",portal,2025-10_all_nsq.json,77
2025-10,"state:Drugs Testing Laboratory, Chennai-06",nsq,Povidone - Iodine Gargle Sepsadone 2%,DLE-4008,Feb-2025,Jan-2027,"Daffohils Laboratories Pvt Ltd, F-109-110, UPSIDC Industrial Area, Selaqui, Dehradun (U.K). 248011, (India).",Content,"Drugs Testing Laboratory, Chennai-06",portal,2025-10_all_nsq.json,78
2025-10,"state:Drugs Testing Laboratory, Madurai-19",nsq,Azini-100 Suspension (Azithromycin Suspension),DL0028,Jul-2025,Jun-2027,"Dexter Formulation Pvt. Ltd., No.35/1A2A, Main Road, Dharmadhanapuram, Keelathukudi-609117, TN",Content,"Drugs Testing Laboratory, Madurai-19",portal,2025-10_all_nsq.json,79
2025-10,"state:Drugs Testing Laboratory, Madurai-19",nsq,Atenolol Tablets IP 50 mg,NHD25365A,May-2025,Apr-2027,"Nest Healthcare Pvt.Ltd., Plot No.300, G.I.D.C, Odhav, Ahmedabad-382415(GUJ.), India.",Content,"Drugs Testing Laboratory, Madurai-19",portal,2025-10_all_nsq.json,80
2025-10,"state:Drugs Testing Laboratory, Chennai-06",nsq,Ferric-XT Syrup (Ferrous Ascorbate IP Folic Acid IP Syrup),DL 3214,Oct-2024,Sep-2026,"Dexter Formulation Pvt.Ltd., B-14, MG Road, Cavery Nagar, Mayiladuthurai, Tamilnadu-609001",Content,"Drugs Testing Laboratory, Chennai-06",portal,2025-10_all_nsq.json,81
2025-10,"state:Drugs Testing Laboratory, Chennai-06",nsq,"Kufnas-Am Syrup (Ambroxol, Terbutaline, Sulphate, Guaiphenesin & Menthol Syrup)",SL241158T,Dec-2024,Nov-2026,"Star Filteration Systems, Rampur Jattan, Trilokpur Road, Kala-Amb, Tehsil Nahan, District Sirmour-173030",Content,"Drugs Testing Laboratory, Chennai-06",portal,2025-10_all_nsq.json,82
2025-10,"state:Drugs Testing Laboratory, Madurai-19",nsq,"Khasigo-LS Syrup (Levosalbutamol Sulphate, Ambroxol Hydrochloride Guaiphenesin Syrup)",SP244505,Dec-2024,Nov-2026,"Sotac Pharmaceuticals Ltd, Plot No.PF/21 & 22-A, Sanand GIDC+-II, Sanand Dist.: Ahamedabad-382 110. Gujarat (India)",Content,"Drugs Testing Laboratory, Madurai-19",portal,2025-10_all_nsq.json,83
2025-10,"state:Drugs Testing Laboratory, Madurai-19",nsq,Atorest 10 (Atorvastatin Tablets IP),BRD250018,Apr-2025,Mar-2027,"BRD Medilabs (Unit-II), 19-20,DIC, Ind. Area, Baddi (HP)-173205",Content,"Drugs Testing Laboratory, Madurai-19",portal,2025-10_all_nsq.json,84
2025-10,"state:Drugs Testing Laboratory, Chennai-06",nsq,V-Floxacin -BH (Enrofloxacin & Bromhexine HCL Oral Liquid),VBL-053,Mar-2025,Aug-2026,"Varsha Labs LLP, 1st Phase Kumbalgodu Kengeri, Hobli, Bengaluru-560 074.",Content,"Drugs Testing Laboratory, Chennai-06",portal,2025-10_all_nsq.json,85
2025-10,"state:Drugs Testing Laboratory, Madurai-19",nsq,"Voligesic Gel (Diclofenac Diethylamine. Linseed Oil, Methyl Salicylate & Menthol Gel)",DE4G12,Jul-2024,Jun-2027,"Scott- Edil Pharmacia Ltd, 56, E.P.I.P., Phase-I, Jharmajri, Baddi, Distt. Solan (HP)-173 205, India.",Content,"Drugs Testing Laboratory, Madurai-19",portal,2025-10_all_nsq.json,86
2025-10,"state:Drugs Testing Laboratory, Madurai-19",nsq,Misoprostol Tablets IP 100mcg,TM-1480005,Feb-2025,Jan-2027,"Centurion Remedies Pvt. Ltd, G/5 & G/6, Industrial Estate, Gorwa, vadodara-390016",Content,"Drugs Testing Laboratory, Madurai-19",portal,2025-10_all_nsq.json,87
2025-10,"state:Drugs Testing Laboratory, Chennai-06",nsq,Nicofast-5 (Nicorandil Tablets IP),ONTT2404,Mar-2025,Feb-2027,"Goodman Pharmaceuticals, Plot No.B3-B8, PIPDIC Electronic Park, Thirubhuvanai, Puducherry, 605107",Dissolution & Content,"Drugs Testing Laboratory, Chennai-06",portal,2025-10_all_nsq.json,88
2025-10,"state:Drugs Testing Laboratory, Chennai-06",nsq,Glimilive-M2 (Glimepiride and Metformin Hydrochloride Prolonged Release Tablets IP),G522501B,Feb-2025,Jan-2027,"Lifecare Formulations Pvt. Ltd, Plot No.B-66, 7th Cross, PIPDIC Industrial Estate, Mettupalayam, Puducherry, 605009",Content,"Drugs Testing Laboratory, Chennai-06",portal,2025-10_all_nsq.json,89
2025-10,state:DCL Telangana,nsq,Rabeprazole Gastro- resistant Tablets IP 20 Mg,RABP45003,Oct-2024,Sep-2026,"Sunrise International Labs Ltd. Plot No. 100, lane-5 sector-11, IDA Cherlapally, Hyderabad 500051 India. Telangana.",The sample does not comply Dissolution,DCL Telangana,portal,2025-10_all_nsq.json,90
2025-10,state:DCL Telangana,nsq,Diclofenac Sodium Tablets I.P. 50 mg,DT24-62,Oct-2024,Sep-2026,"Leostar Healthcare Pvt. Ltd. Sy No. 321, Plot No. 10, Biotech Parc, Phase III, Genome Valley, Karakapatla Village, Markook Mandal, Siddipet District, Telangana - 502281 Telangana.",Disintegration and Description,DCL Telangana,portal,2025-10_all_nsq.json,91
2025-10,"state:Drugs Testing Laboratory, Chennai-06",nsq,Cloberasol Propionate and Salicylic Acid Ointment,1210CSO,Mar-2025,Feb-2027,"Unicure India Ltd, C-21,22 & 23, Sector-3, Noida-201301, Distt. Gautam Budh Nagar (U.P)",Content,"Drugs Testing Laboratory, Chennai-06",portal,2025-10_all_nsq.json,92
2025-10,state:DCL Telangana,nsq,Albendazole 2.5% W/v oral Suspension,ZAS241002,Oct-2024,Sep-2026,"Bovine Health care D.No. 5-9-206/2, Plot No. 2nd,1st floor, Mosapet, IDPL, Rajiv Gandhi Nagar, Kukatpally, Medchal Malkajgiri (dist), Hyderabd -500072, TS Telangana",MISBRANDED pH does not comply as per IP.,DCL Telangana,portal,2025-10_all_nsq.json,93
2025-10,state:DCL Telangana,nsq,Aceclofenac and Paracetamol Tablets,CPT946,Sep-2024,Feb-2027,"Coastal Medicare Pvt. Ltd. RS No. 9/2, 5, Ramachandrapuram, Surampalli, Krishna Dist - AP 521212 Andhra Pradesh",MISBRANDED The product label should be mentioned as Acecloenac and Paracetamol Tablets IP. But the label is mentioned as Aceclofenac and Paracetamol Tablets only.,DCL Telangana,portal,2025-10_all_nsq.json,94
2025-10,state:DCL Telangana,nsq,Amlodipine Besylate and Atenolol Tablets,NPD-6637,Jan-2024,Dec-2025,"Nuvista Pharmaceuticals Pvt. Ltd. Plot No. 48, 1st 2nd floor, phase II, IDA, Mallapur, Medchal Malkajgiri, Hyderabad-500076 Telangana.",MISBRANDED The product label should be mentioned as Amlodipine besylate and Atenolol tablets IP. But the label is mentioned as Amlodipine besylate and Atenolol tablets only.,DCL Telangana,portal,2025-10_all_nsq.json,95
2025-10,"state:State Drugs Testing Laboratory, Kolkata, West Bengal.",nsq,Glimpiride Tablets I.P. 2 MG.,SGYT-134,Mar-2025,Feb-2027,"Marc Lifesciences Sikkim, Khasra No. 35, 36, 409, 410, Vill. Julanglay, Block L Maneydara, Namthang, Dist. Namchi, South Sikkim.",The sample does not conform to I.P. Standard with respect to descriptive Part of the Tablet.,"State Drugs Testing Laboratory, Kolkata, West Bengal.",portal,2025-10_all_nsq.json,96
2025-10,"state:State Drugs Testing Laboratory, Kolkata, West Bengal.",nsq,Glimpiride Tablets I.P. 1 MG.,SLY-108,Sep-2024,Aug-2026,"Marc Lifesciences Sikkim, Khasra No. 35, 36, 409, 410, Vill. Julanglay, Block L Maneydara, Namthang, Dist. Namchi, South Sikkim.",The sample does not conform to I.P. Standard with respect to descriptive Part of the Tablet.,"State Drugs Testing Laboratory, Kolkata, West Bengal.",portal,2025-10_all_nsq.json,97
2025-10,"state:State Drugs Testing Laboratory, Kolkata, West Bengal.",nsq,Glimpiride Tablets I.P. 2 MG.,SGYT-120,Feb-2025,Jan-2027,"Marc Lifesciences Sikkim, Khasra No. 35, 36, 409, 410, Vill. Julanglay, Block L Maneydara, Namthang, Dist. Namchi, South Sikkim.",The sample does not conform to I.P. Standard with respect to descriptive Part of the Tablet.,"State Drugs Testing Laboratory, Kolkata, West Bengal.",portal,2025-10_all_nsq.json,98
2025-10,"state:State Drugs Testing Laboratory, Kolkata, West Bengal.",nsq,Glimpiride Tablets I.P. 2 MG.,SGYT-122,Feb-2025,Jan-2027,"Marc Lifesciences Sikkim, Khasra No. 35, 36, 409, 410, Vill. Julanglay, Block L Maneydara, Namthang, Dist. Namchi, South Sikkim.",The sample does not conform to I.P. Standard with respect to descriptive Part of the Tablet.,"State Drugs Testing Laboratory, Kolkata, West Bengal.",portal,2025-10_all_nsq.json,99
2025-10,"state:DTL, Puducherry",nsq,Levocetirizine Dihydrochloride & Montelukast Sodium Orally Disintegrating Tablets (MONSTAR-LC KID),TL-23109,Dec-2023,Nov-2025,"Horizon Bioceuticals Pvt. Ltd., Plot No: 3 & 3-A, Industrial Area, Trilokpur Road, Kala Amb, Dist Sirmour (HP)-173030",Average weight and Assay (for Levocetirizine Dihydrochloride ),"DTL, Puducherry",portal,2025-10_all_nsq.json,100
2025-10,"state:DTL, Puducherry",nsq,Paracetamol Paediatric Oral Suspension IP (LOWFE-250),CL-24098,Feb-2025,Jan-2027,"Casid Pharmaceuticals Pvt.Ltd., S.F.No. 115/15, Trichy Chennai Trunk Road, Samayapuram, Trichy ? 621 112.",Failed in Assay,"DTL, Puducherry",portal,2025-10_all_nsq.json,101
2025-10,"state:DTL, Puducherry",nsq,Amlodipine Besylate Tablets IP 5mg (AMLOGEN-5),24230171,Aug-2024,Jul-2026,"Alkem Laboratories Ltd., At Village Thana, Tehsil Baddi, Dist Solan, Himachal Pradesh -173 205.",Incorrect labelling,"DTL, Puducherry",portal,2025-10_all_nsq.json,102
2025-10,"state:DTL, Puducherry",nsq,"Glucosamine Sulphate Potassium Chloride, Msm With Diacerein Tablets (LYCEREIN PLUS)",LYP-2503,Aug-2025,Jul-2027,"Life Line Pharma, 188/1,Iyyanar koil road, Mettupalayam, Puducherry- 605 009.",Incorrect labelling,"DTL, Puducherry",portal,2025-10_all_nsq.json,103
2025-10,"state:MDTL Kathua,Jammu and Kashmir",nsq,BIONAC-SPAS,BT-2947,Oct-2024,Sep-2027,"Biosearch Organics D.I.C. Indl. Estate, Govindsar, Kathua-184102",The sample fails in the Test for Description of Tablets.,"MDTL Kathua,Jammu and Kashmir",portal,2025-10_all_nsq.json,104
2025-10,"state:MDTL Kathua,Jammu and Kashmir",nsq,Ibuprofen and Paracetamol Tablets IP,NCJ-02,Apr-2025,Mar-2027,"Agron Remedies Pvt. Ltd. Sarverkhera, Moradabad Road, Kashipur-244713, (Uttarakhand)",The sample fails in the Test for Description of Tablets.,"MDTL Kathua,Jammu and Kashmir",portal,2025-10_all_nsq.json,105
2025-10,"state:MDTL Kathua,Jammu and Kashmir",nsq,Ciprofloxacin Tablets IP 500 mg,TB250356,May-2025,Apr-2027,"Agron Remedies Pvt. Ltd. Sarverkhera, Moradabad Road, Kashipur-244713, (Uttarakhand)",The sample fails in the Test for Description of Tablets.,"MDTL Kathua,Jammu and Kashmir",portal,2025-10_all_nsq.json,106
2025-10,"state:MDTL Kathua,Jammu and Kashmir",nsq,Atorvastatin Tablets IP 20 mg,STTC-06,Mar-2025,Feb-2027,"Nestor Pharmaceuticals Ltd. 11, Western Extension Area, Faridabad-121001, INDIA",The sample fails in the Test for Description of Tablets.,"MDTL Kathua,Jammu and Kashmir",portal,2025-10_all_nsq.json,107
2025-10,"state:MDTL Kathua,Jammu and Kashmir",nsq,Seram DP,SRDPT602,Nov-2024,Oct-2026,"Tulbros Formulations, Plot No. 91, Sector IIDC, IIE Pantnagar, SIDCUL, U.S. Nagar ? 263153 (U.K)",The sample fails in the Test for Description of Tablets.,"MDTL Kathua,Jammu and Kashmir",portal,2025-10_all_nsq.json,108
2025-10,"state:MDTL Kathua,Jammu and Kashmir",nsq,Nuromine PG 37.5,MLS-241642,Mar-2025,Feb-2027,"Maskon Life Sciences Pvt. Ltd. Kh. No. 69-70 Khatakheri, Bhagwanpur Roorkee-247667, Haridwar (U.K.)",The sample fails in the Test for Description of Tablets.,"MDTL Kathua,Jammu and Kashmir",portal,2025-10_all_nsq.json,109
2025-10,"state:MDTL Kathua,Jammu and Kashmir",nsq,Stenflam SP,MMT-9435,Feb-2024,Jan-2026,"Mayoford Pharma Near Railway Crossing, Chambaghat, Solan, Distt. Solan (HP) 173213",The sample fails in the Assay contents of Paracetamol.,"MDTL Kathua,Jammu and Kashmir",portal,2025-10_all_nsq.json,110
2025-10,"state:SFTRL, Odisha Bhubaneswar",nsq,Paracetamol Tablets IP 650mg (Parvis-650),SPT-36695,Oct-2023,Sep-2025,"Shervotee Pharmaceuticals, 82/4 & 82/5, HPSIDC, Baddi, Dist. Solan",Dissolution,"SFTRL, Odisha Bhubaneswar",portal,2025-10_all_nsq.json,111
2025-10,state:NCT of Delhi,nsq,Tramadol Hydrochloride and Acetaminophen Tablets (Paradol-T),JTN25-096,Jun-2025,May-2027,"Janya Biocare Pvt.Ltd., Khasra No. 169, Tanshipur, Roorkee (U.K.)",Test For Dissolution,NCT of Delhi,portal,2025-10_all_nsq.json,112
2025-10,"state:BDCL, PATNA",nsq,Ofloxacin and Ornidazole Tablets (02 Tablets ),E40114,Jan-2024,Dec-2026,"Medley Pharmaceuticals Ltd. Lane no 3, Phase -1, SIDCO Industrial complex, Bari Brahmana, Jammu -181133",The Sample does not conform to I.P specification with respect to identification and content of Ofloxacin and Ornidazole,"BDCL, PATNA",portal,2025-10_all_nsq.json,113
2025-10,"state:Drugs Testing Laboratory,Meghalaya",nsq,Calcium and Vitamin D3 Tablets. I.P,CBT-0037,May-2025,Oct-2026,"Crossia Biotech Pvt.Ltd,Survey No.488,A.B.Road, Girwai Industrial Area,Beldarpura,Gwalior-474002 (M.P)","The sample does not comply as per I.P. 2022 with respect to the test for ""Dissolution"" of Calcium","Drugs Testing Laboratory,Meghalaya",portal,2025-10_all_nsq.json,114
2025-10,"state:DTL, Thiruvananthapuram, Kerala",nsq,Glimepiride Tablets IP (Glimilex 1),V24457,Nov-2024,Oct-2026,"APY Pharma, Plot No. 15, LG.C Chhattabari, Chhaygaon, South Kamrup-781123 Assam",Sample fail the test Dissolution as per IP,"DTL, Thiruvananthapuram, Kerala",portal,2025-10_all_nsq.json,115
2025-10,"state:RDTL, Ernakulam, Kerala",nsq,Metformin Hydrochloride (SR) & Glimepride Tablets IP (Yathoglim-M3),T25C554A,Mar-2025,Feb-2027,"Bajaj Formulations, Khasra No. 161, Village Lakeshwary, Bhagwanpur Roorkee, Dist. Haridwar(UK)",Sample fail the test Assay of Glimepiride.,"RDTL, Ernakulam, Kerala",portal,2025-10_all_nsq.json,116
2025-10,"state:RDTL, Ernakulam, Kerala",nsq,Amoxycillin & Potassium Clavulante Tablets IP (Worclav-625),MICTAB-2359,Apr-2025,Sep-2026,"Micro Formulation,Chambaghat, Near Railway Crossing, Solan, Distt. Solan(HP)-173212",Sample fail the test Dissolution and Assay of Claculanic Acid,"RDTL, Ernakulam, Kerala",portal,2025-10_all_nsq.json,117
2025-10,"state:DTL, Thiruvananthapuram, Kerala",nsq,Serratiopeptidase Tablets IP,MT240928,Oct-2024,Sep-2026,"Plot No.11, Pharmacity-Selaqui, Dehradun, Uttarakhand, 248011",Sample fails the test Disintegration,"DTL, Thiruvananthapuram, Kerala",portal,2025-10_all_nsq.json,118
2025-10,"state:DTL, Thiruvananthapuram, Kerala",nsq,Diclofenac Sodium Tablets IP 50mg(Reactin 50),G25RDA016,Mar-2025,Feb-2027,"Acme Generics Pvt. Ltd. Plot no. 115 HPSIDC, Industrial Area, Vill. Davni. P.O Gurumajra, Tehsil Nalagrah, Dist. Solan(H.P)-174101",Sample fail the test Dissolution,"DTL, Thiruvananthapuram, Kerala",portal,2025-10_all_nsq.json,119
2025-10,"state:DTL, Thrissur, Kerala",nsq,Ramipril Tablets IP (Rexre-2.5),MB-13247,Jan-2025,Dec-2027,"Medistream Bioscience , At Sunviji Drugs Pvt. Ltd. 511, GIDC, Waghodia, Baroda-391760",Sample does not conform IP standard as it fails the test Dissolution and Assay of Ramipiril,"DTL, Thrissur, Kerala",portal,2025-10_all_nsq.json,120
2025-10,"state:RDTL, Ernakulam, Kerala",nsq,Aspirin Gastro-Resistance and Atorvastatin Capsules IP (75mg+10mg),WC022502,Feb-2025,Jan-2027,"Weldow Remedies, Block/Survey No. 609, Palki 002, Ambassn (Amipura) Sit. Mehsana-384435Ambala",Sample fail the test Dissolution and Related substance,"RDTL, Ernakulam, Kerala",portal,2025-10_all_nsq.json,121
2025-10,"state:RDTL, Ernakulam, Kerala",nsq,Povidone Iodine Solution IP,2503003,Mar-2025,Feb-2027,"Biodeal Pharmaceutical Ltd. Vill. Saini Majra, Nalsgarh-Ropar Road, Nalgarh-174101, Dist. Solan(HP)",Sample fails the test Assay,"RDTL, Ernakulam, Kerala",portal,2025-10_all_nsq.json,122
2025-10,"state:DTL, Thrissur, Kerala",nsq,Sertralinc Tablets IP 50mg(Teslin-50),111T241,Oct-2024,Sep-2027,"Vega Biotec Pvt. Ltd. 23, Sahajanand Industrial Estate, Munjmshuta, Vadodara-390020(Guj)",Dissolution,"DTL, Thrissur, Kerala",portal,2025-10_all_nsq.json,123
2025-10,"state:DTL, Thiruvananthapuram, Kerala",nsq,Docetaxel Injection IP (Adoxi)Combipack of (a) 1 vial of Docetaxel Injection IP (50mg in 2ml),(a) 8DTI2401V (b) 8SLI2401Y,,,"Beta Drugs Ltd. Kharuni Lodhimajjra Road, vil Nandpur Baddi, Dist. Solan Himachal Pradesh-173205",fail the test Assay,"DTL, Thiruvananthapuram, Kerala",portal,2025-10_all_nsq.json,124
2025-10,"state:DTL, Thiruvananthapuram, Kerala",nsq,Docetaxel Injection IP (ADOXI) [Combipack of (a) 1 vial of Docetaxel Injection IP (20mg in 0.5ml),(a)BDTI2401ZA (b) BSLI2402Z,,,"Beta Drugs Ltd. Kharuni Lodhimajjra Road, vil Nandpur Baddi, Dist. Solan Himachal Pradesh-173205",fail the test Assay,"DTL, Thiruvananthapuram, Kerala",portal,2025-10_all_nsq.json,125
2025-10,"state:DTL, Thiruvananthapuram, Kerala",nsq,Cefpodoxime Proxetil Tablets IP 200mg,MBT 24019,Jun-2024,May-2026,"Mancare Laboratories Pvt.Ltd, Plot No. 11, Pharmacity- Selaqui, Dehradun, Uttarakhand-248011",It fails the test Dissolution as per IP,"DTL, Thiruvananthapuram, Kerala",portal,2025-10_all_nsq.json,126
2025-10,"state:SDTL, Punjab",nsq,Buprenorphine and Naloxone Sublingual Tablets IP (Adnomore-N),ADN5001,Apr-2025,Feb-2028,"Ethicare Pharmaceuticals (P) Ltd, 307, GIDC, Por-Ramangamdi- 391243, Distt. Vadodara, Gujarat (INDIA)",Content,"SDTL, Punjab",portal,2025-10_all_nsq.json,127
2025-10,"state:SDTL, Punjab",nsq,Buprenorphine and Naloxone Sublingual Tablets IP (Adnomore-N),ADL5001,Jun-2025,May-2028,"Ethicare Pharmaceuticals (P) Ltd, 307, GIDC, Por-Ramangamdi- 391243, Distt. Vadodara, Gujarat (INDIA)",Content,"SDTL, Punjab",portal,2025-10_all_nsq.json,128
2025-10,"state:SDTL, Punjab",nsq,Buprenorphine and Naloxone Sublingual Tablets I.P. 2mg+0.5mg ( (Akknck-N)),SLTG25022,Jul-2025,Jun-2027,"SWIFT LIFE SCIENCES PVT. LTD., D-1, SARA INDUSTRIAL ESTATE LTD, RAMPUR, Dehradun (UK)-248197",Content,"SDTL, Punjab",portal,2025-10_all_nsq.json,129
2025-10,"state:SDTL, Punjab",nsq,Rabeprazole Sodium (EC) and Domperidone (SR) Capsules (TOTORAB-DSR PLUS),240612,Jun-2024,May-2026,"Saiyam Healthcare, Plot No. D-69, Focal Point, Chanalon-140103(PB)",Content,"SDTL, Punjab",portal,2025-10_all_nsq.json,130
2025-10,"state:SDTL, Punjab",nsq,BUPRENORPHINE 0.4MG & NALAXONE 0.1MG TABLETS I.P (ADDNOK-N),29112504,May-2025,Apr-2028,"Rusan Pharma Ltd., Khasra No. 122 MI, Central Hope Town, Selaqui Dehradun-248197. Uttarakhand, India",Content,"SDTL, Punjab",portal,2025-10_all_nsq.json,131
2025-10,"state:SDTL, Punjab",nsq,KAAMRAJ Caspules (Suspected to contain Sildenafil and Tadalafil,BAC0005,Nov-2024,Oct-2027,"Brahmanand Ayurveda (OPC) Pvt. Ltd, Punjab (INDIA)-144020",Identification,"SDTL, Punjab",portal,2025-10_all_nsq.json,132
2025-10,"state:SDTL, Punjab",nsq,Buprenorphine and Naloxone Sublingual Tablets IP,QP-250411,May-2025,Apr-2027,"QUBIT Pharmaceuticals Pvt. Ltd., V-Harbanspura, G.T. Road, Sirhind, Distt. Fatehgarh Sahib-140406",Content,"SDTL, Punjab",portal,2025-10_all_nsq.json,133
2025-10,"state:SDTL, Punjab",nsq,Buprenorphine and Naloxone Sublingual Tablets IP,ATN5006,Jul-2025,Jun-2028,"Ethicare Pharmaceuticals (P) Ltd., Ethicare Pharmaceuticals (P) Ltd, 307, GIDC, Por-Ramangamdi- 391243, Distt. Vadodara, Gujarat (INDIA)",Content,"SDTL, Punjab",portal,2025-10_all_nsq.json,134
2025-10,"state:SDTL, Punjab",nsq,Dicyclomine hydrochloride & Mefenamic Acid Tablets IP,WT-1025,Aug-2025,Jul-2027,"Wilcure Remedies Pvt Ltd., PH No. 10. Gram Mirzapur, Khandwa Road, Distt. Indore 452020 (MP), India",The cited product is official in I.P which is not printed on the strips of above refered sample.,"SDTL, Punjab",portal,2025-10_all_nsq.json,135
2025-10,"state:SDTL, Punjab",nsq,Dicyclomine hydrochloride & Mefenamic Acid Tablets,WT-1026,Aug-2025,Jul-2027,"Wilcure Remedies Pvt Ltd., PH No. 10. Gram Mirzapur, Khandwa Road, Distt. Indore 452020 (MP), India",The cited product is official in I.P which is not Printed on the strips of above refered sample.,"SDTL, Punjab",portal,2025-10_all_nsq.json,136
2025-10,"state:SDTL, Punjab",nsq,Lindane Lotion USP 1%,LNE-1020,Aug-2025,Jul-2027,"Wings Biotech LLP, 43 and 44, HPSIDC, Industrial Area, Baddi-173205 (HP)",The above product is official in IP 2022 (Addendum 2024 W.e.f july 2024) but it is claimed as USP as on Manufacturing date.,"SDTL, Punjab",portal,2025-10_all_nsq.json,137
2025-10,"state:SDTL, Punjab",nsq,FOLIC ACID TABLETS IP 5mg (FOLIC ACID TABLETS IP 5mg),TFN25012AL,Jul-2025,Jun-2027,"HINDUSTAN LABORATORIES LIMITED, PLOT NO. 5-9, SURVEY NO, 38/2, ALIYALI PALGHAR (W), DISTT. PALGHAR-401404 (M.S).",Uniformity of content,"SDTL, Punjab",portal,2025-10_all_nsq.json,138
2025-10,"state:SDTL, Punjab",nsq,DENOCK N,SLTC24010,Mar-2024,Feb-2026,"SWIFT LIFE SCIENCES PVT. LTD., D-1, SARA INDUSTRIAL ESTATE LTD, RAMPUR, Dehradun (UK)-248197",The content of Naloxone found to be 0.1169 mg per tablet (116.9%) labelled claim of 0.1mg per tablet,"SDTL, Punjab",portal,2025-10_all_nsq.json,139
2025-10,"state:SDTL, Punjab",nsq,BUPERA N LITE,SLTE25016,May-2025,Apr-2027,"SWIFT LIFE SCIENCES PVT. LTD., D-1, SARA INDUSTRIAL ESTATE LTD, RAMPUR, Dehradun (UK)-248197",The content of Naloxone found to be 0.112mg/tablet (112%) against labelled claim of 0.1mg/tablet.,"SDTL, Punjab",portal,2025-10_all_nsq.json,140
2025-10,"state:SDTL, Punjab",nsq,Buprenorphine and Naloxone Sublingual Tablets IP,ATN4007,Aug-2024,Jul-2027,"Ethicare Pharmaceuticals (P) Ltd., Ethicare Pharmaceuticals (P) Ltd, 307, GIDC, Por-Ramangamdi- 391243, Distt. Vadodara, Gujarat (INDIA)",Content,"SDTL, Punjab",portal,2025-10_all_nsq.json,141
2025-10,"state:SDTL, Punjab",nsq,Buprenorphine and Naloxone Sublingual Tablets IP,ATL4001,Mar-2024,Feb-2027,"Ethicare Pharmaceuticals (P) Ltd., Ethicare Pharmaceuticals (P) Ltd, 307, GIDC, Por-Ramangamdi- 391243, Distt. Vadodara, Gujarat (INDIA)",Content,"SDTL, Punjab",portal,2025-10_all_nsq.json,142
2025-10,"state:SDTL,Andhra Pradesh, Vijayawada",nsq,Pantoprazole Gastro-Resistant Tablets IP (Astepan-40),BCT25-0153,Apr-2025,Mar-2027,"Biocenna Healthcare Pvt.Ltd.Kh.No.218, Vill. Khatakheri, Near Dev Bhoomi Ind. Area, Puhana, Roorkee-247661(U.K)",Dissolution for Pantoprazole,"SDTL,Andhra Pradesh, Vijayawada",portal,2025-10_all_nsq.json,143
2025-10,"state:SDTL,Andhra Pradesh, Vijayawada",nsq,Carbamazepine Tablets IP,GFTP25317,May-2025,Apr-2027,"Genip Formulations Pvt. Ltd, Khasra No.93/45/1, Dharanji urf, Dhoptan, Shamti Distt. Solan, H.P-173212",Assay for Carbamazepine,"SDTL,Andhra Pradesh, Vijayawada",portal,2025-10_all_nsq.json,144
2025-10,"state:DTL, Jaipur",nsq,Albendazole Tablets IP 400mg,LMT240917,Aug-2024,Jan-2027,"Life Max Cancer Laboratories ,106 & 106A, Sector-6A, IIE, SIDCUL, Haridwar-249403",The sample does not conform to the IP with respect to Assay and Dissolution.,"DTL, Jaipur",portal,2025-10_all_nsq.json,145
2025-10,"state:DTL, Jaipur",nsq,Flupentioxol & Melitracen Tablets (Flupen-Clam),TSF-D0651,Mar-2025,Feb-2027,"Spen Formulations Pvt. Ltd. Plot No. 123, Industrial Area, Mehatpur, Dist. UNA-174315 H.P",The sample does not conform to the claim with respect to Assay of Flupentixol.,"DTL, Jaipur",portal,2025-10_all_nsq.json,146
2025-10,"state:DTL, Jaipur",nsq,Primaquine Tablets IP 7.5mg,MT445,Oct-2024,Sep-2027,"Maxwell Life Science Pvt. Ltd. T-53 & T-81, M.I.D.C Tarapur Boisar, Dist. Palghar-401506 (MH)",The sample does not conform to the IP with respect to Assay of Primaquine,"DTL, Jaipur",portal,2025-10_all_nsq.json,147
2025-10,"state:DTL, Jaipur",nsq,"Acclofenac, Paracetamol & Serratiopeptidase Tablets(ASPAZ)",MDT-4102,May-2025,Apr-2027,"Mayasha Lifesciences, H.B. 86, Vill. Bhatian Nalagarh, Distt Solan HP",The sample does not conform to the IP with respect to Assay,"DTL, Jaipur",portal,2025-10_all_nsq.json,148
2025-10,"state:DTL, Jaipur",nsq,Loperamide HCI Tablet IP (KARLOP),T-17075,Apr-2025,Mar-2027,"Karnani Pharmaceuticals(P) Ltd. 38, Pharma City, Selaqui, Dehradun-248011",The sample does not conform to the IP with respect to Assay,"DTL, Jaipur",portal,2025-10_all_nsq.json,149
2025-10,"state:DTL, Jaipur",nsq,Hyoscine Butylbromide & Paracetamol Tablets (Hyofem),GENT10520,Mar-2025,Feb-2027,"Gentech Healthcare Pvt Ltd., 1470, HSIIDC Rai Hry-131029",Assay and Description,"DTL, Jaipur",portal,2025-10_all_nsq.json,150
2025-10,"state:DTL, Jaipur",nsq,Doxycycline Capsules IP 100mg,DXC24014,Jun-2024,May-2027,"Vivek Pharmachem (India) Ltd, NH-8, Chimanpura, Amer, Jaipur-302028",Test for Uniformity of Weight of Capsules,"DTL, Jaipur",portal,2025-10_all_nsq.json,151
2025-10,"state:DTL, Jaipur",nsq,Alpha Lipoic Acid 300mg & Methylcobalamin 1500mcg Capsules (KOBALA PLUS),DAL401,Jul-2024,Jun-2026,"Synmedic Laboratories, SP-3- 5A and C. RIICO Industrial Area, Keshwana, Kotputli Jaipur Rajasthan-303108",The sample does not conform to claim in respect to the test of Description,"DTL, Jaipur",portal,2025-10_all_nsq.json,152
2025-10,"state:DTL, Jaipur",nsq,Drotaverine Hydrochloride & Mefenamic Acid Tablets (SPASMIC),UT6035,May-2024,Apr-2027,"Uttaranchal Pharmaceuticals Pvt Ltd. Kh No. 673, Anantpur-Nanhera Roorkee-Uttarakhand-247667",The Sample does not conform to the claim with respect to colour presence of Quinoline Yellow in place of Erythrosine on label claim,"DTL, Jaipur",portal,2025-10_all_nsq.json,153
2025-10,"state:DTL, Jaipur",nsq,Amlodipine Tablets IP 5mg,24110214,Aug-2024,Jul-2027,"Mercury Laboratories Ltd. Unit No. 2, Halol-Baroda Road Village, Jarod Tal. Waghodia, Dist. Vadodara-391510",The sample does not conform to the IP with respect to Assay .,"DTL, Jaipur",portal,2025-10_all_nsq.json,154
2025-10,"state:DTL, Jaipur",nsq,Losartan Potassium & Amlodipine Tablets IP,TL-1470007,Dec-2023,Nov-2026,"Centurion Remedies Pvt. Ltd, G/5 & G/6, Industrial Estate, Gorwa, vadodara-390016",The sample does not conform to the IP with respect to Assay and Dissolution.,"DTL, Jaipur",portal,2025-10_all_nsq.json,155
2025-10,"state:DTL, Jaipur",nsq,Povidone Iodine & Metronidazole Solution (IU Liquid),GLO-002,Apr-2025,Mar-2027,"Gentech Healthcare Pvt Ltd., 1470, HSIIDC Rai Hry-131029",The sample does not conform to the IP with respect to Assay.,"DTL, Jaipur",portal,2025-10_all_nsq.json,156
2025-10,"state:DTL, Jaipur",nsq,Meloxicam Paracetamol & Serratiopeptidase Bolus (vet),T-25095,May-2025,Apr-2027,"Minil Laboratories Pvt. Ltd. 26, Industrial Estae Digiara, Jammu-180010",The sample does not conform to the claim with respect to Description as it show physical instabillity in the form of Mottling.,"DTL, Jaipur",portal,2025-10_all_nsq.json,157
2025-10,"state:DTL, Jaipur",nsq,Levocetirizine Dihydrochloride Tab (Wineet-L),YLT25023,Mar-2025,Feb-2027,YL Pharma Plot No. 9(H)1 Village-Katha Baddi Dist Solan (H.P),The sample does not conform to the IP as it does not contain Levocetirizine Dihydrochloride,"DTL, Jaipur",portal,2025-10_all_nsq.json,158
2025-10,central,nsq,Liposomal Amphotericin B Injection 50 Mg (Gufisome),AB240590B,Dec-2024,Nov-2026,"Gufic Biosciences Ltd. National Highway No. 8, Near Grid, Kabilpore-396424,Dist: Navsari, Gujarat.","The sample does not conform to Manufacturer's Specification with respect to test for pH, Free Drugs, Particulate Matter, Reconstitution Time, Clarity Of Solution and Assay","CDL, Kolkata",portal,2025-10_all_nsq.json,159
2025-10,central,nsq,Calcium Carbonate & Vitamin D3 Tablets (TISE-CAL),M24097,Sep-2024,Feb-2026,"Mercury Pharmaceuticals Vill-Berson, Nalagarh (H.P.)-174101",The sample does not conform to claim as per IP 2022 With respect to Assay,"CDL, Kolkata",portal,2025-10_all_nsq.json,160
2025-10,central,nsq,Calcium Carbonate & Vitamin D3 Tablets (TISE-CAL),M24120,Nov-2024,Apr-2026,"Mercury Pharmaceuticals Vill-Berson, Nalagarh (H.P.)-174101",The sample does not conform to claim as per IP 2022 With respect to Assay,"CDL, Kolkata",portal,2025-10_all_nsq.json,161
2025-10,central,nsq,Calcium Carbonate & Vitamin D3 Tablets IP (SENCAL - 500),GT-240203,Nov-2024,Oct-2026,"Helax Health Care Pvt. Ltd. Khasra No.410, Vill.Karondi, Roorkee-247667, Distt.Haridwar(U.K.)",Dissolution and Assay,"CDL, Kolkata",portal,2025-10_all_nsq.json,162
2025-10,central,nsq,Calcium and Vitamin D3 Tablets IP(Calse-D3),CHPLT562,Dec-2024,May-2026,"Cureza Healthcare Pvt. Ltd. Survey No. 63/1, 67/1, Village - Solsinda, Tehsil - Sanwer, District - Indore, (M. P.) 453551.",Dissolution and Assay,"CDL, Kolkata",portal,2025-10_all_nsq.json,163
2025-10,central,nsq,Calcium Carbonate & Vitamin D3 Tablets (Aemcal-D3),VDFT-269,Dec-2024,Nov-2026,"Vzoic Healthcare Pvt. Ltd. Plot No. 236, Ind. Area, Phase-IX, S.A.S. Nagar, Mohali-160062 (Pb.)",Dissolution and Assay,"CDL, Kolkata",portal,2025-10_all_nsq.json,164
2025-10,central,nsq,Amikacin Sulphate Injection I.P. 2 ml,AS-2401,Aug-2024,Jul-2026,Konis Pharmaceuticals Krishna Nagar - 522502 (A.P.),Description and Particulate matter,"CDL, Kolkata",portal,2025-10_all_nsq.json,165
2025-10,central,nsq,Albendazole Tablets IP 400 mg (Albekal 400),ALB05F5A,Jun-2025,May-2027,"Kalpraj Techno Fab Pvt. Ltd. Plot No. 24A & 24B, Sector C, Industrial Area, Mandideep, Distt.-Raisen - 462046 (M.P.) India",The sample does not conform to I.P. with respect to test for Dissolution,"CDL, Kolkata",portal,2025-10_all_nsq.json,166
2025-10,central,nsq,Calcium Carbonate & Vitamin D3 Tablets IP (SENCAL - 500),GT-240202,Nov-2024,Oct-2026,"Helax Health Care Pvt. Ltd..Khasra No.410, Vill.Karondi, Roorkee-247667, Distt.Haridwar(U.K.)",Dissolution and Assay,"CDL, Kolkata",portal,2025-10_all_nsq.json,167
2025-10,central,nsq,Calcium and Vitamin D3 Tablets IP (Calse-D3),CHPLT538,Dec-2024,May-2026,"Cureza Healthcare Pvt. Ltd. Survey No. 63/1, 67/1, Village - Solsinda, Tehsil - Sanwer, District - Indore, (M. P.) 453551.",Dissolution and Assay,"CDL, Kolkata",portal,2025-10_all_nsq.json,168
2025-10,central,nsq,Calcium & Vitamin D3 Tablets (TISE-CAL),M24122,Nov-2024,Apr-2026,"Mercury Pharmaceuticals Vill-Berson, Nalagarh (H.P.)-174101",The sample does not conform to claim as per IP 2022 with respect to Assay,"CDL, Kolkata",portal,2025-10_all_nsq.json,169
2025-10,central,nsq,Calcium Carbonate 500 MG + VIT. D3 250 IU Tablets IP (CALXIA 500 TABLETS),GTA1352,Jan-2025,Dec-2026,"Gidsha Pharmaceuticals Plot No. 611 612, Mega GIDC, Kharedi, Dahod 389151, Gujarat",The sample does not conform to claim as per IP 2022 in respect to the Test of Dissolution,"CDL, Kolkata",portal,2025-10_all_nsq.json,170
2025-10,central,nsq,Clopidogrel and Aspirin Tablets IP (75 mg/75 mg),Z24-293,Apr-2024,Mar-2026,"Zee Laboratories Ltd. Behind 47, Industrial Area, Paonta Sahib-173025",The sample does not conform to I.P with respect to Dissolution,"CDL, Kolkata",portal,2025-10_all_nsq.json,171
2025-10,central,nsq,Calcium & Vitamin D3 Tablets (TISE-CAL),M24119,Nov-2024,Apr-2026,"Mercury Pharmaceuticals Vill-Berson, Nalagarh (H.P.)-174101",The sample does not conform to claim as per IP 2022 with respect to Assay,"CDL, Kolkata",portal,2025-10_all_nsq.json,172
2025-10,central,nsq,Calcium & Vitamin D3 Tablets (TISE-CAL),M24098,Sep-2024,Feb-2026,"Mercury Pharmaceuticals Vill-Berson, Nalagarh (H.P.)-174101",The sample does not conform to claim as per IP 2022 with respect to Assay,"CDL, Kolkata",portal,2025-10_all_nsq.json,173
2025-10,central,nsq,Calcium Carbonate & Vitamin D3 Tablets IP (SENCAL - 500),GT-240219,Nov-2024,Oct-2026,"Helax Health Care Pvt. Ltd. Khasra No.410, Vill.Karondi, Roorkee-247667, Distt.Haridwar(U.K.)",Dissolution and Assay,"CDL, Kolkata",portal,2025-10_all_nsq.json,174
2025-10,central,nsq,Clobazam Tablets IP 5 mg,01283,Sep-2024,Aug-2026,"Healthy Life Pharma Pvt. Ltd. Factory: N-31/1, M.I.D.C., Tarapur, Boisar - 401 506, Dist. Palghar.",The sample does not conform to claim as per IP 2022 in respect to the Test of Dissolution,"CDL, Kolkata",portal,2025-10_all_nsq.json,175
2025-10,central,nsq,Calcium Carbonate & Vitamin D3 Tablets (Aemcal-D3),VDFT-271,Dec-2024,Nov-2026,"Vzoic Healthcare Pvt. Ltd.. Plot No. 236, Ind. Area, Phase-IX, S.A.S. Nagar, Mohali-160062 (Pb.)",Dissolution and Assay,"CDL, Kolkata",portal,2025-10_all_nsq.json,176
2025-10,central,nsq,Calcium Carbonate & Vitamin D3 Tablets (Aemcal-D3),VDFT-274,Dec-2024,Nov-2026,"Vzoic Healthcare Pvt. Ltd.. Plot No. 236, Ind. Area, Phase-IX, S.A.S. Nagar, Mohali-160062 (Pb.)",Dissolution and Assay,"CDL, Kolkata",portal,2025-10_all_nsq.json,177
2025-10,central,nsq,L-Lysine Hydrochloride Ointment (Lycimond),25006,Jul-2025,Jun-2027,"Diamond Drugs Pvt. Ltd 94, A.T Ghosh Road, Jagacha, Howrah: 711112, West Bengal, India",The sample does not conform to claim with respect to test for Microbial Limits.,"CDL, Kolkata",portal,2025-10_all_nsq.json,178
2025-10,central,nsq,Calcium Carbonate & Vitamin D3 Tablets (Aemcal-D3),VDFT-273,Dec-2024,Nov-2026,"Vzoic Healthcare Pvt. Ltd.Plot No. 236, Ind. Area, Phase-IX, S.A.S. Nagar, Mohali-160062 (Pb.)",Dissolution and Assay,"CDL, Kolkata",portal,2025-10_all_nsq.json,179
2025-10,central,nsq,Calcium Carbonate & Vitamin D3 Tablets (TISE-CAL),M24099,Sep-2024,Feb-2026,"Mercury Pharmaceuticals Vill-Berson, Nalagarh (H.P.)-174101",The sample does not conform to claim as per IP 2022 With respect to Assay,"CDL, Kolkata",portal,2025-10_all_nsq.json,180
2025-10,central,nsq,Tadalafil Tablets I.P. 20 mg (TADAFIRE- 20),1528,May-2025,Apr-2028,"Alpha Pharmaceuticals 41, New DLF Industrial Area, Faridabad- 121003",The sample does not conform to I.P. with respect to the Dissolution,"CDL, Kolkata",portal,2025-10_all_nsq.json,181
2025-10,central,nsq,Calcium Carbonate & Vitamin D3 Tablets IP (SENCAL - 500),GT-240204,Nov-2024,Oct-2026,"Helax Health Care Pvt. Ltd. Khasra No.410, Vill.Karondi, Roorkee-247667, Distt.Haridwar(U.K.)",Dissolution and Assay,"CDL, Kolkata",portal,2025-10_all_nsq.json,182
2025-10,central,nsq,Calcium Carbonate & Vitamin D3 Tablets (Aemcal-D3),VDFT-272,Dec-2024,Nov-2026,"Vzoic Healthcare Pvt. Ltd.Plot No. 236, Ind. Area, Phase-IX, S.A.S. Nagar, Mohali-160062 (Pb.)",Dissolution and Assay,"CDL, Kolkata",portal,2025-10_all_nsq.json,183
2025-10,central,nsq,Calcium & Vitamin D3 Tablets (TISE-CAL),M24121,Nov-2024,Apr-2026,"Mercury Pharmaceuticals Vill-Berson, Nalagarh (H.P.)-174101",The sample does not conform to claim as per IP 2022 with respect to Assay,"CDL, Kolkata",portal,2025-10_all_nsq.json,184
2025-10,central,nsq,Dexamethasone Sodium Phosphate Injection IP (Dexona),N400726,Jun-2023,Nov-2025,"Zydus Healthcare Ltd. At: PF 61 & 62, Sanand GIDC-II Industrial Estate, Tal.: Sanand, Dist.: Ahmedabad-382110, Gujarat, India","Assay and Particulate matter, of Description.","CDL, Kolkata",portal,2025-10_all_nsq.json,185
2025-10,central,nsq,Vecuronium Bromide Injection IP 10 mg,L25DU002,Feb-2025,Jan-2027,"Nixi Laboratories Pvt.Ltd VPO. Mouza Ogli, Sadhaura Road, Kala-Amb, Distt Sirmour-173030 (H.P.)",The sample does not conform to I.P. with respect to the Test for Water Content and Assay of Vecuronium Bromide,"CDL, Kolkata",portal,2025-10_all_nsq.json,186
2025-10,central,nsq,Bupivacaine Injection IP,L2022410B,Oct-2024,Sep-2026,"Protech Telelinks Mouza Ogli, Suketi Road, Kala Amb, Distt. Sirmour-173030 (H.P.)","The sample does not conform to claim as per IP 2022 in respect to the Test of Particulate matter, Description","CDL, Kolkata",portal,2025-10_all_nsq.json,187
2025-10,central,nsq,Trypsin-Chymotrypsin Tablets (CHYMORAL FORTE DS),WBB1E020,Dec-2024,Nov-2026,"Windlas Biotech Ltd. (Plant-2) Khasra No. 141 To 143 & 145, Mohabewala Industrial Area, Dehradun -248110, Uttarakhand",The sample is not of standard quality for the reason stated under 'Description'.,"CDL, Kolkata",portal,2025-10_all_nsq.json,188
2025-10,central,nsq,"Dextromethorphan HBr, Chlorpheniramine Maleate, Phenylephrine HCl Syrup (GESIDRYL DMR Cough Syrup)",S-715,Jun-2025,May-2027,"Alpha Pharmaceuticals 41, New DLF Industrial Area, Faridabad- 121003","The sample does not conform to claim with respect to ""Assay of Phenylephrine Hydrochloride"".","CDL, Kolkata",portal,2025-10_all_nsq.json,189
2025-10,central,nsq,Intraconazole Capsules 100 mg (ITRASEC-100),C24I028D,Sep-2024,Aug-2026,"Bajaj Formulations Khasra No. 161, Village- Lakeshwary, Bhagwanpur, Roorkee, Distt. Haridwar- 247661 (U.K.)",The sample does not conform to I.P. Addendum 2024 with respect to the Dissolution of Itraconazole.,"CDL, Kolkata",portal,2025-10_all_nsq.json,190
2025-10,central,nsq,Compound Sodium Lactate InjectionI.P. (Ringer Lactate Solution for Injection) (RL 500ml),CG240705033,Jul-2024,Jun-2027,"Vision Parental Pvt. Ltd., A-2-44, 45 Sector-15, GIDA Industrial Area, Gorakphur-273209 (U.P.), India",The sample does not conform to I.P. with respect to test for Sterility.,"CDL, Kolkata",portal,2025-10_all_nsq.json,191
2025-10,central,nsq,Liposomal Amphotericin B Injection 50 mg (Gufisome 50 mg/vial),AA241096B,Dec-2024,Nov-2026,"Gufic Biosciences Ltd. N.H.No. 08 Kabilpore, Navsari Gujarat 396424 (India)","The sample does not conform to Manufacturer specification with respect to Clarity of solution, pH, reconstitution time, Particulate Matter, Free Drug and Assay of amphotericin B.","CDL, Kolkata",portal,2025-10_all_nsq.json,192
2025-10,central,nsq,Calcium and Vitamin D3 Tablets I.P. (Crosscal-D),CBT-0037,May-2025,Oct-2026,"Crossasia Biotech Pvt. Ltd. Survey No. 488, A.B. Road, Girwai Industrial Area, Beldarpura, Gwalior- 474002 (M.P.)","The sample does not comply as per I.P. 2022 with respect to the test for ""Dissolution"" of Calcium.","RDTL, Guwahati",portal,2025-10_all_nsq.json,193
2025-10,central,nsq,Calcium & Vitamin D3 Tablets IP (500 mg/250IU),CDA-586,Mar-2025,Feb-2027,"Healers Lab, Unit II Plot No. 33, H.P.S.I.D.C., Extn., Baddi, Distt. Solan (H.P.)","The sample does not comply as per I.P. 2022 with respect to the Test for ""Assay"" of Vitamin D3 and ""Dissolution"" for Calcium.","RDTL, Guwahati",portal,2025-10_all_nsq.json,194
2025-10,central,nsq,Montelukast Sodium & Levocetirizine Dihydrochloride Tablets IP (ZAL-M Tablets),JMT-2504057,Apr-2025,Mar-2027,"JMM Laboratories Village: Khari, Kala Amb Tehsil: Nahan, Dist. Sirmour (H.P.)- 173030","The sample does not conform to claim as per I.P. 2022 with respect to the test for ""Assay and Dissolution"" for Montelukast.","RDTL, Guwahati",portal,2025-10_all_nsq.json,195
2025-10,central,nsq,Fenofibrate Tablets I.P. 160 mg,MT250955,Mar-2025,Feb-2027,"Mascot Health Series Pvt.Ltd. Plot No. 79,80, Sec-6A, IIE, Sidcul, Haridwar 249403","The sample does not comply as per I.P. 2022 with respect to the test for ""Dissolution"" of Fenofibrate.","RDTL, Guwahati",portal,2025-10_all_nsq.json,196
2025-10,central,nsq,Loperamide Hydrochloride Tablets IP 2 MG (Lomorex Tablets),CT-7350,Apr-2024,Mar-2027,"Chemetac Pharmaceuticals 42 Maina Pur, Meerut Road, Ghaziabad-201003","The sample does not comply as per I.P. 2022 with respect to the test for ""Dissolution"" of Loperamide Hydrochloride.","RDTL, Guwahati",portal,2025-10_all_nsq.json,197
2025-10,central,nsq,Azithromycin Oral Suspension IP (AZAM-200),JL-2538,Sep-2025,Aug-2027,"Jainsons Healthcare (GMP Certified Company) Plot No. 32, Sector-6, IIE, Pantnagar, Distt. U.S. Nagar (Uttarakhand) - 263153","The sample does not conform to I.P.2022 with respect to test for ""Assay of Azithromycin""","CDTL, Mumbai",portal,2025-10_all_nsq.json,198
2025-10,central,nsq,"Glimepiride, Pioglitazone & Metformin (Extended Release) Tablets (AXYLIM-PM 1 Tablets)",424-73,Jan-2024,Jun-2026,"Zee Laboratories 47, Industrial Area, Paonta Sahib-173025","The sample does not conform to claim as per Manufacturer Specification with respect to the test for ""Assay"" of Pioglitazone Hydrochloride equivalent to Pioglitazone.","RDTL, Guwahati",portal,2025-10_all_nsq.json,199
2025-10,central,nsq,Calcium Gluconate Injection USP 10% w/v,KBU24001,Sep-2025,Aug-2027,"Farbe firma Pvt Ltd. Plot No.: 1508, GIDC, Ankleshwar Gujarat 393002 - INDIA","The sample received does not conform to the I.P. 2022 standard with respect to the test for Bacterial endotoxins, Particulate contamination and Sterility.","CDTL, Mumbai",portal,2025-10_all_nsq.json,200
2025-10,central,nsq,Cinchocaine Hydrochloride EP,DH/001/01/24,Jan-2024,Dec-2028,"Pioneer Agro Industries Sanvin Laboratories Pvt Ltd. Plot No. 6, 7, 8, 20 & 24, MIDC Industrial Area, Post Kulgaon, Badlapur, Dist-Thane-421503, Maharashtra, India",The sample received does not conform to EP-11 with respect to the test for Related substances..,"CDTL, Mumbai",portal,2025-10_all_nsq.json,201
2025-10,central,nsq,Oxcarbazepine Tablets IP 150 mg (OXCARBAJAJ 150),OXA01A25,Jan-2025,Dec-2026,"Bajaj Healthcare Ltd. R.S. No. 1818, Manjusar-Savli Road, At & Post -Manjuasar, Tal. Savli, Dist. Vadodara-391775, Gujarat, India",The Sample Received Does Not Conform To I.P. 2022 Specification With Respect To The Description Only.,"CDTL, Hyderabad",portal,2025-10_all_nsq.json,202
2025-10,central,nsq,"Lycopene, Anti-oxidant, Multivitamin and Multimineral Syrup (Lycoanvit Plus Syrup)",OL-24419,Sep-2024,Feb-2026,"Orchid Bio-Tech Ltd. 65, Peerpura-Delhi Highway, Roorkee- 247667 (U.K.)","The sample does not conform to claim as per Patent and Proprietary in respect to the Test of Identification and Assay of Folic acid, Cyanocobalamin, Copper Sulphate, Vitamin D3, Calcium Pantothenate","RDTL, Chandigarh",portal,2025-10_all_nsq.json,203
2025-10,central,nsq,Methylcobalamin Tablets USP 500 mcg,G250050/2,Apr-2025,Mar-2027,"Vee Excel Drugs & Pharmaceuticals (P) Ltd. B-1/A, Industrial Area, GNEPIP, Kasna, Greater Noida, Gautam Budh Nagar-201308 (UP), (India)",The sample does not conform to claim as per USP 2024 in respect to the Assay of Methylcobalamin,"RDTL, Chandigarh",portal,2025-10_all_nsq.json,204
2025-10,central,nsq,Frusemide Tablets IP 40 mg,T021906-25,Jun-2025,May-2027,"Adsila Organics Pvt. Ltd. Liwaspur Road, Vill. Bahalgarh-131021 (Haryana)",The sample does not conform to claim as per IP 2022 in respect to the Test of Dissolution.,"RDTL, Chandigarh",portal,2025-10_all_nsq.json,205
2025-10,central,nsq,"Ambroxol Hydrochloride, Guaiphensin, terbutaline Sulphate & Menthol Syrup (KLEANKOF-PLUS SYRUP)",GL-25045A,May-2025,Apr-2027,"Go-Ish Remedies Ltd. Unit-II, Village Sauri Gujran, P.O. Panjehra, Swarghat Road, Nalagarh, District Solan (H.P.)-174101",The sample does not conform to claim as per Patent and Proprietary in respect to the Assay of Ambroxol Hydrochloride,"RDTL, Chandigarh",portal,2025-10_all_nsq.json,206
2025-10,central,nsq,Polygeline Intravenous Infusion (3.5% w/v Polygeline colloidal solution with electrolytes) (PENTACIL),24EPT020,Nov-2024,Oct-2026,"Pentagon Labs Ltd. 16C/16D, Industrial Area No. 1, A.B. Road, Dewas-455 001 (M.P.)","The sample does not conform to claim as per Patent and Proprietary in respect to the Test of Particulate matter and Assay of Potassium, Chloride","RDTL, Chandigarh",portal,2025-10_all_nsq.json,207
2025-10,central,nsq,Pantoprazole Gastro-resistant and Domperidone Tablets IP,DL-57,Oct-2024,Sep-2026,"Dutch Formulations 32, Industrial Area, Village Johron, Kala-Amb, Tehsil Nahan, District Sirmour, H.P.- 173030","The sample does not conform to claim as per Patent and Proprietary in respect to the Disintegration (Acid stage), Assay of Domperidone, Pantoprazole Sodium Calculated As Pantoprazole.","RDTL, Chandigarh",portal,2025-10_all_nsq.json,208
2025-10,central,nsq,Clopidogrel Tablets IP (Lavix-75),52-018,Sep-2024,Aug-2027,"Signature Phytochemical Industries 122, MI, Selaqui Industrial Area, Dehradun - 248 011",The sample does not conform to I.P 2022 with respect to the test test for Dissolution,"CDTL, Indore",portal,2025-10_all_nsq.json,209
2025-10,central,nsq,Luliconazole Cream IP 1% w/w,H017,Apr-2024,Mar-2026,"Merril Pharma Pvt. Ltd. Plot No. 212, Raipur, Bhagwanpur Roorkee -247667 (U.K.)",The sample does not conform to I.P 2022 with respect to the content of Luliconazole.,"CDTL, Indore",portal,2025-10_all_nsq.json,210
2025-10,central,nsq,Paracetamol Tablets I.P. (500 mg),PCT1210,Aug-2024,Jul-2026,"Unicure India Ltd. C-21, 22 & 23, Sector-3, Noida-201301, Distt. Gautam Budh Nagar (U.P)",The sample does not conform to I.P with respect to the test for Dissolution.,"CDTL, Indore",portal,2025-10_all_nsq.json,211
2025-10,central,spurious,Trypsin-Chymotrypsin Tablets (Chymoral Forte),2KU6L057,Dec-2024,Nov-2027,Under Investigation | Under Investigation,"The product is purported to be spurious, however, the same is subject to outcome of investigation.","CDL, Kolkata",portal,2025-10_all_spurious.json,1
2025-10,central,spurious,Trypsin-Chymotrypsin Tablets (CHYMORAL FORTE),2KU6L030,Jul-2027,Jun-2027,Under Investigation | Under Investigation,"The product is purported to be spurious, however, the same is subject to outcome of investigation.","CDL, Kolkata",portal,2025-10_all_spurious.json,2
2025-10,"state:BDCL, PATNA",spurious,Azithromycin I.P 500 mg Tablets (Azithral-500),2408000201,Mar-2024,Feb-2026,Under Investigation | Under Investigation,"The product is purported to be spurious, however, the same is subject to outcome of investigation","BDCL, PATNA",portal,2025-10_all_spurious.json,3
2025-10,state:NCT of Delhi,spurious,Telmisartan 40 mg and Amlodipine 5 mg Tablets IP (Telma-AM),05241217A,Aug-2024,Jul-2027,Under Investigation | Under Investigation,"The product is purported to be spurious, however, the same is subject to outcome of investigation.",NCT of Delhi,portal,2025-10_all_spurious.json,4
2025-10,central,spurious,BUPRENORPHINE INJECTION - 2ml ((NOOPHIN),LM 18907,Jul-2023,Jun-2029,Under Investigation | Under Investigation,"The product is purported to be spurious, however, the same is subject to outcome of investigation","CDL, Kolkata",portal,2025-10_all_spurious.json,5
2025-11,"state:State Drugs Testing Laboratory, Govt. of Tripura, Agartala.
State- Tripura",nsq,ALBENDAZOLE TABLETS I.P. 400 mg,FGT7J502,Sep-2025,Aug-2028,"ZIM LABORATORIES LIMITED, B-21/22, MIDC Area, Kalmeshwar - 441501, Dist. Nagpur, Maharashtra","The sample does not conform to standard quality in respect of the test for ""Dissolution"" performed.","State Drugs Testing Laboratory, Govt. of Tripura, Agartala.
State- Tripura",portal,2025-11_all_nsq.json,1
2025-11,"state:State Drugs Testing Laboratory, Govt. of Tripura, Agartala.
State- Tripura",nsq,ALBENDAZOLE TABLETS I.P. 400 mg,FGT7J501,Sep-2025,Aug-2028,"ZIM LABORATORIES LIMITED, B-21/22, MIDC Area, Kalmeshwar - 441501, Dist. Nagpur, Maharashtra","The sample does not conform to standard quality in respect of the test for ""Dissolution"" performed.","State Drugs Testing Laboratory, Govt. of Tripura, Agartala.
State- Tripura",portal,2025-11_all_nsq.json,2
2025-11,"state:State Drugs Testing Laboratory, Govt. of Tripura, Agartala.
State- Tripura",nsq,GLYCERIN I.P,RPE011,Jul-2025,Jun-2028,"The Swastik Pharmaceuticals, D.No. 211/1A, Tempalli - 521286, Andhra Pradesh","The sample does not conform to standard quality in respect of the test for ""Assay"" performed.","State Drugs Testing Laboratory, Govt. of Tripura, Agartala.
State- Tripura",portal,2025-11_all_nsq.json,3
2025-11,"state:RDTL, Hubli, Karnataka",nsq,"Glimepiride, Pioglitazone Hydrochloride and Metformin Hydrochloride Sustained-release Tablets (2mg/15mg/500mg)",GMPT-1050,Jan-2024,Dec-2025,"Wings Biotech LLP, 43 & 44, HP SIDC, Industrial Area, Baddi-173205 (H.P)","Assay for Glimepiride"" only","RDTL, Hubli, Karnataka",portal,2025-11_all_nsq.json,4
2025-11,"state:State Drugs Testing Laboratory, Govt. of Tripura, Agartala.
State- Tripura",nsq,Ibuprofen Tablets I.P. 400 mg,INT 3504,Aug-2025,Jul-2027,"Modern Laboratories, 45-47, Sector D2, Industrial Area, Sanwer Road, Indore, M.P. - 452015. Mfg. Lic. No. 25/31/89","The sample does not conform to standard quality in respect of the tests for ""Description"" performed.","State Drugs Testing Laboratory, Govt. of Tripura, Agartala.
State- Tripura",portal,2025-11_all_nsq.json,5
2025-11,"state:State Drugs Testing Laboratory, Govt. of Tripura, Agartala.
State- Tripura",nsq,Ibuprofen Tablets I.P. 400 mg,INT 3505,Aug-2025,Jul-2027,"Modern Laboratories, 45-47, Sector D2, Industrial Area, Sanwer Road, Indore, M.P. - 452015. Mfg. Lic. No. 25/31/90","The sample does not conform to standard quality in respect of the tests for ""Description"" performed.","State Drugs Testing Laboratory, Govt. of Tripura, Agartala.
State- Tripura",portal,2025-11_all_nsq.json,6
2025-11,"state:State Drugs Testing Laboratory, Govt. of Tripura, Agartala.
State- Tripura",nsq,Telmisartan Tablets IP 80 mg,TST 4510,Aug-2025,Jul-2027,"Modern Laboratories, 45-47, Sector D2, Industrial Area, Sanwer Road, Indore, M.P. - 452015. Mfg. Lic. No. 25/31/91","The sample does not conform to standard quality in respect of the tests for ""Description"" performed.","State Drugs Testing Laboratory, Govt. of Tripura, Agartala.
State- Tripura",portal,2025-11_all_nsq.json,7
2025-11,"state:FDA, Lab, M.S Chhatrapati Sambhaji Nagar  Maharashtra State",nsq,ASPIRIN TABLETS I.P. 75 MG,241271,Dec-2024,Nov-2027,"Modi Antibiotics, Plot No.-28, G.I.D.C. Estate, Odhav, Ahmedabad -382 415",1) The Sample does not Comply for Description as White Circular Powdery Tablets which are too brittle in nature shows needle shaped Crystals in all the blister Packets.2 ) The Content of Aspirin in the Sample is less (i.e. 69.84% of Stated amount) than the IP Limits. (IP Limit - Not less than 95% and Not more than 105% of stated Amount),"FDA, Lab, M.S Chhatrapati Sambhaji Nagar  Maharashtra State",portal,2025-11_all_nsq.json,8
2025-11,central,nsq,Gastro-Resistant Omeprazole Capsules BP 10 mg,C-3023,Oct-2024,Apr-2026,"Jackson Laboratories Pvt.Ltd 22-24, Majitha Road, Bye Pass, Amritsar-143 001(India)","The sample does not conform to claim as per B.P. in respect to the Test of Dissolution (Final Stage, PH 6.8)","CDL, Kolkata",portal,2025-11_all_nsq.json,9
2025-11,"state:Drugs Testing Laboratory, Madurai-19",nsq,Amitriptyline Tablets IP 25 mg,AMT1305,May-2025,Apr-2027,"Unicure India Ltd, C-21, 22 & 23, Sector-3, Noida-201301, Distt. Gautam Budh Nagar (U.P)",Uniformity,"Drugs Testing Laboratory, Madurai-19",portal,2025-11_all_nsq.json,10
2025-11,"state:DTL, Jaipur",nsq,Cefixime Oral suspension IP,DS250075,Jun-2025,May-2027,"Agron Remedies Pvt Ltd. Sarverkhera, Moradabad Road, Kashipur-244713",The Sample Does not conform to the IP with respect to Assay,"DTL, Jaipur",portal,2025-11_all_nsq.json,11
2025-11,"state:DTL, Jaipur",nsq,Cefipodoxime Proxetil Dispersible Tablets,CT25035G,May-2025,Apr-2027,"Curehealth Pharmaceuticals Pvt. Ltd., Vill, Raipur, P.O. Deothi, Tehsil & District Solan (H.P)-173211",The sample does not conform to the IP with respect to Colour,"DTL, Jaipur",portal,2025-11_all_nsq.json,12
2025-11,"state:DTL, Jaipur",nsq,Ramipril Tablets IP,SD-1457,Jul-2025,Jun-2027,"Sano-Cito Therapeutics Inc. Vill Loharan, P.O Ghatti, Solan 173211",The sample does not conform to the IP with respect to Assay and Dissolution,"DTL, Jaipur",portal,2025-11_all_nsq.json,13
2025-11,"state:DTL, Jaipur",nsq,Itraconazole Capsule IP 100mg,1725-230,Apr-2025,Sep-2027,"Zee Laboratories Ltd. Behind 47, Industrial Area, Paonta Sahib-173025",The sample does not conforrm to the IP with respect to Dissolution,"DTL, Jaipur",portal,2025-11_all_nsq.json,14
2025-11,"state:DTL, Jaipur",nsq,Ramipril & Metoprolol Succinate Sustain Release Tablets,T24K554A,Nov-2024,Oct-2026,"Bajaj Formulation Khasra No. 161, Village Lakeshwary, Bhagwanpur, Roorkee Distt. Haridwar",The sample does not conform to the claim with respect to Assay of Ramipri,"DTL, Jaipur",portal,2025-11_all_nsq.json,15
2025-11,"state:DTL, Jaipur",nsq,Ramipril Tablets IP,GVD0644,Jan-2025,Dec-2025,"Ved Lifesavers (P) Ltd., A-3, Sara Industrial Estae, Rampur, Selaqui, Dehradun-248197",The sample does not conform to the claim with respect to Assay & Dissolution,"DTL, Jaipur",portal,2025-11_all_nsq.json,16
2025-11,"state:DTL, Jaipur",nsq,Voglibose Tablets IP 0.3mg,LC25D111A,Apr-2025,Mar-2027,"Lifecare Neuro Products Ltd. 70/1, Dharampur, Nr. EPIP Phase-II, Baddi-173205",The Sample Does not conform to the IP with respect to Assay,"DTL, Jaipur",portal,2025-11_all_nsq.json,17
2025-11,"state:DTL, Jaipur",nsq,Telmisartan & Amlodipine Tablets IP,MLS-241413,Jan-2025,Dec-2026,"Maskon Life Sciences Pvt. Ltd. Khasra No. 69-Khatakhen, Bhagwanpur, Roorkee-247667 Haridwar",The Sample Does not conform to the IP with respect to Assay,"DTL, Jaipur",portal,2025-11_all_nsq.json,18
2025-11,"state:DTL, Jaipur",nsq,Ofloxacin Tab IP 200mg,YLT25025,Jun-2025,May-2027,"YL Pharma , Plot No. 9H(1) Village Katha, Baddim Distt. Solan 173205",The Sample Does not conform to the IP with respect to Assay,"DTL, Jaipur",portal,2025-11_all_nsq.json,19
2025-11,"state:DTL, Jaipur",nsq,Levocetirizine DiHydrochloride Tablets,YLT25028,Jul-2025,Jun-2027,"YL Pharma , Plot No. 9H(1) Village Katha, Baddim Distt. Solan 173205",The Sample Does not conform to the IP with respect to Assay,"DTL, Jaipur",portal,2025-11_all_nsq.json,20
2025-11,"state:DTL, Jaipur",nsq,Levocetirizine Dihydrochloride & Montelukast Sodium Tablets,YLT25029,Sep-2025,Aug-2027,"YL Pharma , Plot No. 9H(1) Village Katha, Baddim Distt. Solan 173205",The Sample Does not conform to the IP with respect to Assay,"DTL, Jaipur",portal,2025-11_all_nsq.json,21
2025-11,"state:DTL, Bengaluru, Karnataka",nsq,Gentamicin Sulphate Injection I.P,MA25C13,Mar-2025,Feb-2027,"Martin & Brown Bio-Sciences Pvt. Ltd., (A WHO-GMP CERTIFIED CO) K.No-918/419, Malkumajra, Nalgarh Road, Baddi, Distt. Solan (H.P) 173205",Assay for Gentamicin,"DTL, Bengaluru, Karnataka",portal,2025-11_all_nsq.json,22
2025-11,"state:Food & Drugs Laboratory, Vadodara",nsq,Cefixime Dispersible Tablets IP,BT2506033,Jun-2025,May-2027,"Shri Ramesth Industries., Khasra No. 360/184, 364/235, Baddi, Dist. Solan-173205.",Cefixime content 20.54 %,"Food & Drugs Laboratory, Vadodara",portal,2025-11_all_nsq.json,23
2025-11,"state:Food & Drugs Laboratory, Vadodara",nsq,Rabeprazole Sodium (EC)n & Dompoeridone SR Capsule,C011H03,Jun-2024,May-2026,"Bioconic Remedies., Plot No. 66-67, Industrial Area, Gondpur, Poanta Sahib, Dist. Sirmour-173205",Rabeprazole content-75.01 %,"Food & Drugs Laboratory, Vadodara",portal,2025-11_all_nsq.json,24
2025-11,"state:Food & Drugs Laboratory, Vadodara",nsq,Meropenam Injection IP 500 mg,PMI3519,Jun-2025,May-2027,"Modern Laboratories., 45-47, Sector D-2, Industrial Area, Sanwer Road, Indore-452015.",bacterial Endotoxins,"Food & Drugs Laboratory, Vadodara",portal,2025-11_all_nsq.json,25
2025-11,"state:Food & Drugs Laboratory, Vadodara",nsq,Colistimithate Sodium for Injection IP,LT25001,Aug-2025,Jul-2027,"Maan Pharmaceuticals Ltd., Plot No. 1, GIDC, Phase-II, Modhera Road, Mehsana-384002.",Bacterial Endotoxins,"Food & Drugs Laboratory, Vadodara",portal,2025-11_all_nsq.json,26
2025-11,"state:Food & Drugs Laboratory, Vadodara",nsq,Naltrexone HCL Tablets IP 50 mg,T2507109,Jul-2025,Jun-2027,"Micron Pharmaceuticals., 2117, A-2, Phase-III, GIDC, Vapi-396195.",Brittle Tablets,"Food & Drugs Laboratory, Vadodara",portal,2025-11_all_nsq.json,27
2025-11,"state:Food & Drugs Laboratory, Vadodara",nsq,Naltrexone HCL Tablets IP 50 mg,T250651,Jun-2025,May-2027,"Micron Pharmaceuticals., 2117, A-2, Phase-III, GIDC, Vapi-396195.",Brittle Tablets,"Food & Drugs Laboratory, Vadodara",portal,2025-11_all_nsq.json,28
2025-11,central,nsq,INFUSION SET-NV,KT-046,Apr-2024,Mar-2027,"Medivision Healthcare 84/4 Span Industrial complex.Second Floor, Phase-1, F Road, Opp. Kotak Mahindra Bank, G.I.D.C. Vatva, Ahmedabad- 382445","The sample does not comply as per IP 2022 & IS 12655 (Part 4): 2003 with respect to the tests for ""Sterility and Packaging"" of the Infusion sets.","RDTL, Guwahati",portal,2025-11_all_nsq.json,29
2025-11,central,nsq,Metformin Hydrochloride Prolonged Release and Glimepiride Tablets I.P.,VPP11224,Dec-2024,Nov-2026,"Suraksha Pharma Pvt Ltd, 410, Karondi, Roorkee-247667, Uttarakhand",The sample received does not conform to I.P. 2022 specification with respect to the description only.,"CDTL,Hyderabad",portal,2025-11_all_nsq.json,30
2025-11,central,nsq,Telmisartan Tablets IP 40 mg,BPLT-24302,Oct-2024,Sep-2026,"Bennet Pharmaceuticals Ltd. Village Chanal Majra, Nr. Manpura, BADDI, Tal. Nalagarh, Distt. Solan (H.P.) - 173205.",The sample does not conform to IP with respect to the reason stated under Description.,"CDTL,Indore",portal,2025-11_all_nsq.json,31
2025-11,central,nsq,Pantoprazole Tablets IP 40mg.,N2501055,Mar-2025,Feb-2028,"Intas Pharmaceuticals Ltd., Samardung Road, Kabrey Block, Namthang Elaka, Sikkim-737132, India.","The sample does not conform to I.P with respect to the test for ""Dissolution in Buffer Stage:.","CDTL,Indore",portal,2025-11_all_nsq.json,32
2025-11,central,nsq,Bromhexine Hydrochloride Syrup 4mg/5mL,L25/0111A,May-2025,Apr-2027,"SAMKEM 15-B & 10-B, A.K.V.N. Industrial Area, Rangwasa, Rao, Indore-453331 (M.P.)",The sample received does not conform to manufactures specification with respect to the test for assay only.,"CDTL,Hyderabad",portal,2025-11_all_nsq.json,33
2025-11,central,nsq,Levosalbutamol Sulphate Syrup 1mg/5ml,L24/0639A,Mar-2025,Feb-2027,"Samkem 15-B & 10-B, A.K.V.N. Industrial Area, Rangwasa, Rao, Indore-453331 (M.P.)",The sample received does not conform to manufactures specification with respect to the test for assay only.,"CDTL,Hyderabad",portal,2025-11_all_nsq.json,34
2025-11,central,nsq,"Anti Dandruff Shampoo with Conditioner,",BC190,Jul-2025,Jun-2028,"Morvin India Health Care Pvt. Ltd. 11, Changodar Industrial Estate II, Sarkhej Bavla Highway, Changodar, Tal Sanand, Dist Ahmedabad","The sample does not conform to Manufacturer specification with respect to the test for ""Determination of pH value"".","CDTL, Mumbai",portal,2025-11_all_nsq.json,35
2025-11,central,nsq,DIAZEPAM INJECTION IP -2ml,DA-2411,Apr-2024,Mar-2026,"Systochem Laboratories Ltd. B-75 Roop Nagar, Indl., area, Loni-201102","The sample does not conform to I.P. with respect to the tests of Identification of Diazepam, pH, Particulate Matter, Sterility, Assay of Diazepam and Description.","CDL, Kolkata",portal,2025-11_all_nsq.json,36
2025-11,"state:Drugs Testing Laboratory, Madurai-19",nsq,(Clobetasol Propionate & Salicylic Acid Ointment ),5550,Jul-2025,Jun-2027,"Canixa Life Sciences Pvt. Ltd, K.No.312 & 313, Raipur Industrial Area, Bhagwanpur, Roorkee, Dist. Haridwar, Uttarakhand-247661",Content,"Drugs Testing Laboratory, Madurai-19",portal,2025-11_all_nsq.json,37
2025-11,"state:Drugs Testing Laboratory, Chennai-06",nsq,Povidone - Iodine & Metronidazole Ointment,5C10,Mar-2025,Feb-2027,"Zenith Drugs Limited, 72/5 & 72/3, 72/4, 74/1/1, 75/1/1, Muradpura (Orangpura), Dhar Road, Near Kalaria, Indore-453001 (MP) India",Content,"Drugs Testing Laboratory, Chennai-06",portal,2025-11_all_nsq.json,38
2025-11,"state:Drugs Testing Laboratory, Chennai-06",nsq,Clopidogrel and Aspirin Capsules (75mg +75mg,HSP25006,Feb-2025,Jan-2027,"Hetero Labs Limited, At.R.S.No.4/3, Plot No.33, Kurumbapet Industrial Estate, Villianur Commune, Puducherry, 605009",Related substances,"Drugs Testing Laboratory, Chennai-06",portal,2025-11_all_nsq.json,39
2025-11,"state:Drugs Testing Laboratory, Chennai-06",nsq,Sorbitol Solution 70% IP,KA/018,Sep-2025,Aug-2030,"Gujarat Ambuja Exports Ltd, Survery No.153/1, 154-1/2/3, Madly Cross, P.B. Road (NH-4) Village, Hulsoggi-581205",Ethylene Glycol-0.144% (Limit-0.1%),"Drugs Testing Laboratory, Chennai-06",portal,2025-11_all_nsq.json,40
2025-11,state:DCL Telangana,nsq,Rabeprazole & Domperidone Capsules,ORECA-004,Apr-2024,Mar-2026,"Laborate Pharmaceuticals India Ltd (Unit-ii) 31, Rajbahwan road, Niriwala, Paonta sahib (H.P) Himachal Pradesh.",Rabeprazole & Domperidone Capsules does not comply Rabeprazole sodium Assay as per STP,DCL Telangana,portal,2025-11_all_nsq.json,41
2025-11,central,nsq,Atorvastatin and Clopidogrel Capsules,K2501777,Jul-2025,Jun-2027,"Intas Pharmaceuticals Ltd Bagheykhola, Majhitar, Sikkim - 737136, INDIA",The sample does not conform to claim with respect to Assay of Atorvastatin.,"CDL, Kolkata",portal,2025-11_all_nsq.json,42
2025-11,central,nsq,Potassium Chloride Liquid 200 ml,957,Apr-2025,Mar-2027,"Sunny Industries Private Ltd. 23/3/1B, R. N. Nandan Lane Kolkata- 700025.",The sample does not conform to Manufacturers Specification with respect to the test of pH.,"CDL, Kolkata",portal,2025-11_all_nsq.json,43
2025-11,central,nsq,Rabeprazole Sodium (Enteric Coated) & Domperidone (SR) Capsules,ICK0222,Sep-2024,Aug-2026,"Innova Captab Ltd, 1281/1, Hilltop Industrial Estate, Near EPIP, Phase-I, Jharmajri, Baddi, Dist. Solan (H.P.) India",The sample does not conform to Manufacturer Specification with respect to the Assay of Rabeprazole Sodium.,"CDL, Kolkata",portal,2025-11_all_nsq.json,44
2025-11,central,nsq,Bupivacaine Injection IP,L2022410B,Oct-2024,Sep-2026,"Protech Telelinks Mouza Ogli, Suketi Road, Kala Amb, Distt. Sirmour-173030 (H.P.)","The sample does not conform to IP with respect to test for 'Particulate Matter' and is also not of standard quality for the reason stated under ""Description"".","CDL, Kolkata",portal,2025-11_all_nsq.json,45
2025-11,central,nsq,Calcium Phosphate & Vitamin D3 Suspension,5ANL035,Feb-2025,Jul-2026,"Yacca Life Sciences Pvt. Ltd. 156, Raipur, Bhagwanpur, Roorkee - 247 661 (U.K.)..",The sample does not conform to claim with respect to Microbial contamination test in regard to Total Aerobic viable count.,"CDL, Kolkata",portal,2025-11_all_nsq.json,46
2025-11,central,nsq,Calcium Phosphate & Vitamin D3 Suspension,4ATL076,Aug-2024,Jan-2026,"Yacca Life Sciences Pvt. Ltd. 156, Raipur, Bhagwanpur, Roorkee - 247 661 (U.K.)..",The sample does not conform to claim with respect to Microbial contamination test in regard to Total Aerobic viable count.,"CDL, Kolkata",portal,2025-11_all_nsq.json,47
2025-11,central,nsq,Calcium Phosphate & Vitamin D3 Suspension,4ATL063,Aug-2024,Jan-2026,"Yacca Lifesciences Pvt. Ltd. 156, Raipur, Bhagwanpur, Roorkee- 247661 (U.K.)",The sample does not conform to claim with respect to Microbial contamination test in regard to Total Aerobic viable count.,"CDL, Kolkata",portal,2025-11_all_nsq.json,48
2025-11,central,nsq,Calcium Phosphate & Vitamin D3 Suspension,4ATL080,Aug-2024,Jan-2026,"Yacca Lifesciences Pvt. Ltd. 156, Raipur, Bhagwanpur, Roorkee- 247661 (U.K.)",The sample does not conform to claim with respect to Microbial contamination test in regard to Total Aerobic viable count.,"CDL, Kolkata",portal,2025-11_all_nsq.json,49
2025-11,central,nsq,Calcium Phosphate & Vitamin D3 Suspension,4ATL078,Aug-2024,Jan-2026,"Yacca Lifesciences Pvt. Ltd. 156, Raipur, Bhagwanpur, Roorkee- 247661 (U.K.)",The sample does not conform to claim with respect to Microbial contamination test in regard to Total Aerobic viable count.,"CDL, Kolkata",portal,2025-11_all_nsq.json,50
2025-11,central,nsq,Paracetamol Tablets IP - 650 mg,1515,Mar-2025,Feb-2028,"ALPHA PHARMACEUTICALS 41, New DLF Industrial Area, Faridabad- 121003",The sample does not conform to I.P With respect to test of Dissolution,"CDL, Kolkata",portal,2025-11_all_nsq.json,51
2025-11,central,nsq,Calcium Phosphate & Vitamin D3 Suspension,4ATL081,Aug-2024,Jan-2026,"Yacca Lifesciences Pvt. Ltd. 156, Raipur, Bhagwanpur, Roorkee- 247661 (U.K.)",The sample does not conform to claim with respect to Microbial contamination test in regard to Total Aerobic viable count.,"CDL, Kolkata",portal,2025-11_all_nsq.json,52
2025-11,central,nsq,Adrenochrome Monosemicarbazone 1mg,CA025005,Jun-2025,May-2028,Life Pharmaceuticals Pvt. Ltd. 53(P) And 54(P) Uluberia Industrial Growth Centre Howrah-711316,"The sample does not conform to claim with respect to test for 'Particulate matter', and 'Description'.","CDL, Kolkata",portal,2025-11_all_nsq.json,53
2025-11,central,nsq,Pheniramine Maleate Injection I.P.,2123054,Jun-2023,May-2026,"Sanofi India Ltd. Plot No. 1175, AT & Post : Dabhasa, Tal.-Padra, Dist.-Vadodara, Gujarat-391 440.",The sample does not conform to IP with respect to test for Sterility.,"CDL, Kolkata",portal,2025-11_all_nsq.json,54
2025-11,central,nsq,Rabeprazole Sodium Injection IP 20mg/vial,MD25B18,Feb-2025,Jan-2027,"Martin & Brown Bio-Sciences Pvt. Ltd. K.No 918/419, Malkumajra, Nalagarh Road, Baddi, Distt. Solan (H.P.) 173205","The sample does not conform to I.P with respect to test for ""Clarity of solution"", ""Particulate matter"", ""Sterility"" and ""Description"".","CDL, Kolkata",portal,2025-11_all_nsq.json,55
2025-11,central,nsq,Iron Sucrose Injection USP 100mg/5ml,24RS14,Dec-2024,Nov-2026,"SAI Parenterals Limited, D1 & D4, Survey No.280,Phase-V, IDA,Jeedimetla, Hyderabad, 500055, TS",The sample does not conform to U.S.P with respect to test for pH and Alkalinity,"CDL, Kolkata",portal,2025-11_all_nsq.json,56
2025-11,central,nsq,Ferric Carboxymaltose Injection 50 mg/ml,BI240239A,Dec-2024,Nov-2026,"BDR Pharmaceuticals Intl Pvt. Ltd. Vanseti Village, PO. Tajpura, Taluka : Halol, Dist. Panchmahal- 389350",The sample does not conform to Manufacturer Specification with respect to the Test of Particulate matter,"CDL, Kolkata",portal,2025-11_all_nsq.json,57
2025-11,central,nsq,Calcium Phosphate & Vitamin D3 Suspension,4ATL064,Aug-2024,Jan-2026,"Yacca Lifesciences Pvt. Ltd. 156, Raipur, Bhagwanpur, Roorkee- 247661 (U.K.)",The sample does not conform to claim with respect to Microbial contamination test in regard to Total Aerobic viable count.,"CDL, Kolkata",portal,2025-11_all_nsq.json,58
2025-11,central,nsq,Calcium Phosphate & Vitamin D3 Suspension,4ATL083,Aug-2024,Jan-2026,"Yacca Lifesciences Pvt. Ltd. 156, Raipur, Bhagwanpur, Roorkee- 247661 (U.K.)",The sample does not conform to claim with respect to Microbial contamination test in regard to Total Aerobic viable count.,"CDL, Kolkata",portal,2025-11_all_nsq.json,59
2025-11,central,nsq,Calcium Phosphate & Vitamin D3 Suspension,4ATL065,Aug-2024,Jan-2026,"Yacca Lifesciences Pvt. Ltd. 156, Raipur, Bhagwanpur, Roorkee- 247661 (U.K.)",The sample does not conform to claim with respect to Microbial contamination test in regard to Total Aerobic viable count.,"CDL, Kolkata",portal,2025-11_all_nsq.json,60
2025-11,central,nsq,Calcium Phosphate & Vitamin D3 Suspension,4ATL082,Aug-2024,Jan-2026,"Yacca Lifesciences Pvt. Ltd. 156, Raipur, Bhagwanpur, Roorkee- 247661 (U.K.)",The sample does not conform to claim with respect to Microbial contamination test in regard to Total Aerobic viable count.,"CDL, Kolkata",portal,2025-11_all_nsq.json,61
2025-11,central,nsq,Calcium Phosphate & Vitamin D3 Suspension,4ATL073,Aug-2024,Jan-2026,"Yacca Lifesciences Pvt. Ltd. 156, Raipur, Bhagwanpur, Roorkee- 247661 (U.K.)",The sample does not conform to claim with respect to Microbial contamination test in regard to Total Aerobic viable count.,"CDL, Kolkata",portal,2025-11_all_nsq.json,62
2025-11,central,nsq,Calcium Phosphate & Vitamin D3 Suspension,4ATL079,Aug-2024,Jan-2026,"Yacca Lifesciences Pvt. Ltd. 156, Raipur, Bhagwanpur, Roorkee- 247661 (U.K.)",The sample does not conform to claim with respect to Microbial contamination test in regard to Total Aerobic viable count.,"CDL, Kolkata",portal,2025-11_all_nsq.json,63
2025-11,central,nsq,Telmisartan Tablets IP 40 mg,ED24290,Sep-2024,Aug-2026,"Elfin Drugs Pvt. Ltd. Vill.-Berson, Nalagarh (H.P.) 174101",The sample is declared to be Not of Standard Quality for the reason stated under Description.,"CDL, Kolkata",portal,2025-11_all_nsq.json,64
2025-11,central,nsq,Pantoprazole Gastro-resistant Tablets IP 40 mg,CHPLT672,Jan-2025,Dec-2026,"Cureza Healthcare Pvt. Ltd. 63/1, 67/1, Dharampuri, Solsindha, Ujjain Road, Indore, Madhya Pradesh- 453551.","The sample does not conform to IP with respect to test for ""Dissolution"" and ""Description"".","CDL, Kolkata",portal,2025-11_all_nsq.json,65
2025-11,central,nsq,Calcium Phosphate & Vitamin D3 Suspension,4ATL041,Aug-2024,Jan-2026,"Yacca Lifesciences Pvt. Ltd. 156, Raipur, Bhagwanpur, Roorkee- 247661 (U.K.)",The sample does not conform to claim with respect to Microbial contamination test in regard to Total Aerobic viable count.,"CDL, Kolkata",portal,2025-11_all_nsq.json,66
2025-11,central,nsq,Calcium Phosphate & Vitamin D3 Suspension,4ATL075,Aug-2024,Jan-2026,"Yacca Lifesciences Pvt. Ltd. 156, Raipur, Bhagwanpur, Roorkee- 247661 (U.K.)",The sample does not conform to claim with respect to Microbial contamination test in regard to Total Aerobic viable count.,"CDL, Kolkata",portal,2025-11_all_nsq.json,67
2025-11,central,nsq,Calcium Phosphate & Vitamin D3 Suspension,4ATL077,Aug-2024,Jan-2026,"Yacca Lifesciences Pvt. Ltd.,Yacca Lifesciences Pvt. Ltd. 156, Raipur, Bhagwanpur, Roorkee- 247661 (U.K.)",The sample does not conform to claim with respect to Microbial contamination test in regard to Total Aerobic viable count.,"CDL, Kolkata",portal,2025-11_all_nsq.json,68
2025-11,central,nsq,Telmisartan Tablets IP 40 mg,ED25088,Jul-2025,Jun-2027,"Elfin Drugs Pvt. Ltd. Vill.-Berson, Nalagarh (H.P.) 174101",The sample is declared to be Not of Standard Quality for the reason stated under Description.,"CDL, Kolkata",portal,2025-11_all_nsq.json,69
2025-11,central,nsq,Mebeverine Hydrochloride and Chlordiazepoxide Tablets,NTE0566A,Sep-2024,Aug-2026,"Digital Vision 176, Mauza Ogli, Nahan Road, Kala-Amb, Distt. Sirmour (H.P.) - 173 030","The sample does not conform to claim with respect to the tests of Disintegration, Assay of Mebeverine Hydrochloride and Assay of Chlordiazepoxide.","CDL, Kolkata",portal,2025-11_all_nsq.json,70
2025-11,central,nsq,Calcium Phosphate & Vitamin D3 Suspension,4ATL042,Aug-2024,Jan-2026,"Yacca Lifesciences Pvt. Ltd. 156, Raipur, Bhagwanpur, Roorkee- 247661 (U.K.)",The sample does not conform to claim with respect to Microbial contamination test in regard to Total Aerobic viable count.,"CDL, Kolkata",portal,2025-11_all_nsq.json,71
2025-11,central,nsq,Dried Aluminium Hydroxide Gel I.P. 250 mg,25001,May-2025,Apr-2027,"Diamond Drugs Pvt. Ltd 94, A.T Ghosh Road, Jagacha, Howrah: 711112, West Bengal, India",The sample does not conform to claim as per Manufacturers Spec in respect of the test Assay for Sorbitol.,"CDL, Kolkata",portal,2025-11_all_nsq.json,72
2025-11,central,nsq,Povidone-Iodine Solution IP 10%w/v,121,Jul-2024,Jun-2026,"Algen Healthcare Ltd 134/2, Vill. Khara Khari, Sadhaura Road, Kala Amb, Distt. Sirmour (H.P.) 173030",The sample does not comply as per I.P. 2022 with respect to the test for pH of Povidone-Iodine Solution.,"RDTL, Guwahati",portal,2025-11_all_nsq.json,73
2025-11,central,nsq,Compound Sodium Lactate Injection I.P.,03B3911,Jun-2023,May-2026,"Paschim Banga Pharmaceutical NH-31, Tin Mile Hat, Sonapur Hat, P.S.- Chopra, Dist : Uttar Dinajpur, PIN - 733214 (W.B.)","The sample does not comply as per I.P. 2022 with respect to the test for ""Sterility"".","RDTL, Guwahati",portal,2025-11_all_nsq.json,74
2025-11,central,nsq,Sodium Valproate Gastro resistant Tablets IP 200 mg.,03637,Mar-2024,Feb-2026,"Healthy Life Pharma Pvt. Ltd. Factory : N-31/1, M.I.D.C., Tarapur, Dist. Palghar, Boisar - 401 506","The sample is not of standard quality for the reason stated under ""Description"" of the tablets.","RDTL, Guwahati",portal,2025-11_all_nsq.json,75
2025-11,central,nsq,Azithromycin Tablets IP 500 mg.,AYC-2407,Jan-2024,Dec-2025,"Apple Formulations Pvt. Ltd, Plot No.208, Kishanpur, Roorkee-247667 (U.K)","The sample does not comply as per I.P. 2022 with respect to the test for ""Dissolution"" of Azithromycin.","RDTL, Guwahati",portal,2025-11_all_nsq.json,76
2025-11,central,nsq,Sodium Valproate Tablets IP 300 mg,RG24129T,Mar-2024,Feb-2026,"Rescures LIfe Sciences Ltd. 131-132 EPIP Phase-1, Jharmajari, Baddi, Distt. Solan (H.P.) -173205","The sample is not of standard quality for the reason stated under ""Description"" of the tablets.","RDTL, Guwahati",portal,2025-11_all_nsq.json,77
2025-11,central,nsq,"Cetirizine Hydrochloride, Phenylephrine Hydrochloride and Dextromethorphan Hydrobromide Syrup",R25053101,Feb-2025,Jan-2027,"Shreya Lifesciences Pvt. Ltd. 13, 14, 15 Raipur, P.O. Bhagwanpur, Roorkee 247661, Uttarakhand",The sample does not conform as per I.P. 2022 with respect to the test for Diethylene Glycol (DEG).,"RDTL, Guwahati",portal,2025-11_all_nsq.json,78
2025-11,central,nsq,Ciprofloxacin Tablets U.S.P. 500 mg..,T-2408090,Aug-2024,Jul-2026,"Rivpra Formulation Pvt. Ltd. Plot No.8, Sector-6A, I.I.E. SIDCUL, Haridwar-249 403 (U.K.)","The sample does not conform to claim as per U.S.P. with respect to the test for ""Dissolution"" of Ciprofloxacin.","RDTL, Guwahati",portal,2025-11_all_nsq.json,79
2025-11,central,nsq,Alprazolam Tablets IP (0.5 mg),3332,May-2024,Apr-2027,"Reliance Formulation Pvt. Ltd. 7/2-A, G.I.D.C. Estate, Phase-I, Vatva, Ahmedabad - 382 445.",The sample does not conform to claim as per IP 2022 in respect to the Test of Dissolution,"RDTL,Chandigarh",portal,2025-11_all_nsq.json,80
2025-11,central,nsq,Amitriptyline Tablets IP,DRT25096,Apr-2025,Mar-2027,"Eastern Healthcare Plot No.7,Sector 6A,IIE, SIDCUL, Haridwar-249403",The sample does not conform to claim as per IP 2022 in respect to the Test of Description,"RDTL,Chandigarh",portal,2025-11_all_nsq.json,81
2025-11,central,nsq,Polygeline Intravenous Infusion (3.5% w/v Polygeline colloidal solution with electrolytes),24EPT019,Nov-2024,Oct-2026,"Pentagon Labs Ltd. 16C/16D, Industrial Area No. 1, A.B. Road, Dewas-455 001 (M.P.)","The sample does not conform to claim as per Patent and Proprietary (RDTL/MS/4136) in respect to the Test of Particulate matter, Assay of Potassium and Total Chloride.","RDTL,Chandigarh",portal,2025-11_all_nsq.json,82
2025-11,central,nsq,Pantoprazole Sodium Gastro-resistant and Domperidone Prolonged -release Capsules IP,SPA250021,Jan-2025,Dec-2026,"ARISTO Pharmaceuticals Pvt. Ltd. Plot Nos.: 2040-46, N.H. 10, Baghey Khola, P.O. Majhitar, East-Sikkim-737136.","The sample does not conform to claim as per IP 2022 in respect to the Test of Identification by HPLC and Assay of Pantoprazole Sodium calculated as Pantoprazole, Domperidone.","RDTL,Chandigarh",portal,2025-11_all_nsq.json,83
2025-11,central,nsq,Sodium Valproate Gastro-resistant Tablets I.P. 200 mg.,425-263,Jan-2025,Dec-2026,"Zee Laboratories Ltd. Behind 47, Industrial Area, Paonta Sahib-173025","The sample is not of standard quality for the reason stated under ""Description"" of the tablets.","RDTL, Guwahati",portal,2025-11_all_nsq.json,84
2025-11,central,nsq,Atorvastatin Calcium Tablets IP 40 mg,ART-07,Apr-2024,Mar-2026,"Agron Remedies Pvt. Ltd. Sarverkhera, Moradabad Road, Kashipur-244713, (Uttarakhand)..",The sample does not conform to claim as per IP 2022 in respect to the Test of Dissolution,"RDTL,Chandigarh",portal,2025-11_all_nsq.json,85
2025-11,central,nsq,Calcium and Vitamin D3 Tablets IP (500mg+250 IU),T572513,Feb-2025,Jul-2026,"Bengal Chemicals & Pharmaceuticals Ltd. At 11, W.E.A. Faridabad-121001 (Haryana)",The sample does not conform to claim as per IP 2022 in respect to the Test of Dissolution of Calcium,"RDTL,Chandigarh",portal,2025-11_all_nsq.json,86
2025-11,central,nsq,Sodium Valproate & Valproic Acid Controlled Release Tablets,ADT25196B,Jan-2025,Dec-2026,"Astonea Labs Limited Vill. Haripur, Teh, Raipur Rani, Distt. Panchkula, Haryana, India-134204",The sample does not conform to claim as per Patent and Proprietary in respect to the Assay of Sodium Valproate,"RDTL,Chandigarh",portal,2025-11_all_nsq.json,87
2025-11,central,nsq,Metformin Hydrochloride Tablets IP 1000 mg,DL-60,Oct-2024,Sep-2026,"Dutch Formulations 32, Industrial Area, Village Johron, Kala-Amb, Tehsil Nahan, District Sirmour, H.P.- 173030",The sample does not conform to claim as per IP 2022 and Addendum 2024 in respect to the Test Uniformity of weight and Assay of Metformin Hydrochloride.,"RDTL,Chandigarh",portal,2025-11_all_nsq.json,88
2025-11,central,nsq,Folic Acid Tablets IP 5 mg,CH24223,Nov-2024,Oct-2026,"Chalice Vitalchem Pvt. Ltd. Khasra no. 232,233, Redu Jhiriwala Nalagarh, Dist. Solan (H.P)",The sample does not conform to claim as per IP 2022 and Addendum 2024 in respect to the Test of Dissolution.,"RDTL,Chandigarh",portal,2025-11_all_nsq.json,89
2025-11,central,nsq,Azithromycin Oral Suspension I.P.,JL-2469,Feb-2025,Jan-2027,"Jainsons Healthcare Plot No.32, Sector No.-6, IIE, Pantnagar, Dist. U.S. Nagar (Uttarakhand) 263153",The sample received does not conform to I.P. 2022 with respect to the test for Assay,"CDTL, Mumbai",portal,2025-11_all_nsq.json,90
2025-11,central,nsq,Atorvastatin & Clopidogrel Tablets,MT251814,Jun-2025,May-2027,"Mascot Health Series Pvt. Ltd. Plot No. 79&80 Sector 6A, I.I.E. SIDCUL, Haridwar, 249403, Uttarakhand",The sample received does not conform to Manufacturers specification with respect to the test of Atorvasatin assay.,"CDTL, Mumbai",portal,2025-11_all_nsq.json,91
2025-11,central,nsq,Hydroxyzine HCL Oral Solution IP 10 mg,R09GL2545A,Sep-2025,Aug-2027,"Rednex Pharmaceuticals Limited Survey No : 586 & 231, NR. SKF Bearing, Bavla Bagodara, N.H.-8A, Kerala, Tal. Bavla, Dist-Ahmedabad-382220 Gujarat",The sample received does not conform to I.P. 2022 with respect to the test for pH..,"CDTL, Mumbai",portal,2025-11_all_nsq.json,92
2025-11,central,nsq,Dextromethorphan Hydrobromide Syrup IP.,1B0453,Jul-2026,Jun-2027,"Deep Pharma Unit-2, Survey No. 293/3, Behind Jalaram Mandir, Kalikund-Kheda Road, Dholka 382 225, Distt. Ahmedabad, Ahmedabad",The sample received does not conform to I.P. 2022 with respect to the test for Microbial limit test,"CDTL, Mumbai",portal,2025-11_all_nsq.json,93
2025-11,central,nsq,Atropine Sulphate Ophthalmic Solution USP 1%,AP-120,Dec-2024,Nov-2026,"Sayora Pharma Private Ltd. Plot No. 28, Industrial Area, Phase-II, Panchkula (H.R.)-134109",The sample received does not conform to I.P. 2022 with respect to the test for Relatee substances.,"CDTL, Mumbai",portal,2025-11_all_nsq.json,94
2025-11,central,nsq,Metronidazole Tablets IP 400mg,RMTT-049,Sep-2025,Aug-2027,"Revat Laboratories Pvt. Ltd. 12-321, Opp. I.D.A, Kurnool Road, Pernamitta, Ongole - 523002","The sample received does not conform to IP 2022, IP Addendum 2024 specification with respect to the description only.","CDTL,Hyderabad",portal,2025-11_all_nsq.json,95
2025-11,central,nsq,"Ambroxol, Levosalbutamol and Guaiphenesin Syrup,",BM24022,Jun-2025,May-2027,"Bio Neutraceuticals D.no.8-290/1,Ground Floor,Old Airport Road,Gautham Nagar ,Ferozguda",The sample received does not conform to manufacturer's specification with respect to the test for Ph only.,"CDTL,Hyderabad",portal,2025-11_all_nsq.json,96
2025-11,"state:DTL, Bengaluru, Karnataka",nsq,Paracetamol Tablets IP 650 mg,PCT25093,May-2025,Apr-2027,"Vivek Pharmachem (India) Ltd., NH-8, Chimanpura, Amer, Jaipur-303102",Test for Dissolution,"DTL, Bengaluru, Karnataka",portal,2025-11_all_nsq.json,97
2025-11,"state:RDTL, Bellary, Karnataka",nsq,Paracetamol Tablets IP,SPT-9584A,Nov-2024,Oct-2026,"Shivani Pharmaceuticals Plot No.149, DIC IND Area, Baddi. Dist; Solan (H.P)-173205",Test for Dissolution,"RDTL, Bellary, Karnataka",portal,2025-11_all_nsq.json,98
2025-11,"state:Food & Drugs Laboratory, Vadodara",nsq,Doxycycline Hydrochloride Capsule IP 100 mg,C5009,Jul-2025,Jun-2027,"Zest Pharma, Plot no. 275, Sector 'F', Sanwer Road, Indore-452015",Dissolution (Doxycycline),"Food & Drugs Laboratory, Vadodara",portal,2025-11_all_nsq.json,99
2025-11,"state:DTL, Bengaluru, Karnataka",nsq,Paracetamol Tablets IP 650 mg),DT2502044C,Feb-2025,Jan-2027,"IndoRama Health Care Pvt. Ltd., 204-205, HSIIDC Manakpur, Industrial Area, Jagadhri, Distt. Yamuna Nagar (Haryana)-135003","Test for Dissolution"" and ""Description","DTL, Bengaluru, Karnataka",portal,2025-11_all_nsq.json,100
2025-11,"state:RDTL, Hubli, Karnataka",nsq,"Calcitriol, Calcium Carbonate, Zinc Oxide, Magnesium Oxide, Vitamin K27, Methylcobalamin & L-Methylfolate Soft Gelatin Capsules",D242039G,Aug-2024,Jul-2026,"Sigma Softgel & Formulation, Plot No.171, HPSIDC, Industrial Area, Baddi-173205, Distt-Solan (H.P)",Test for Disintegration only,"RDTL, Hubli, Karnataka",portal,2025-11_all_nsq.json,101
2025-11,"state:RDTL, Hubli, Karnataka",nsq,Telmisartan & Hydrochlorothizide Tablets IP,B25X021,Dec-2024,Nov-2026,"Mankind Pharma Ltd., Doring Block, Bermiok Elaka Dist. Namchi Sikkim-737126",test for Dissolution of Telmisartan only,"RDTL, Hubli, Karnataka",portal,2025-11_all_nsq.json,102
2025-11,"state:RDTL, Hubli, Karnataka",nsq,"Milk of Magnesia, Liquid Paraffin & Sodium Picosulphate Suspension",LXFPL606,Dec-2024,Nov-2026,"Tulbros Formulations, Plot no-91, Sector, IIDC, IIE, Pantnagar, SIDCUL, Dist U.S Nagar-263153 (Uttrakhand)",Description only,"RDTL, Hubli, Karnataka",portal,2025-11_all_nsq.json,103
2025-11,"state:DTL, Bengaluru, Karnataka",nsq,(Povidone Iodine Ointment USP 5% W/W),ADE25105,Jan-2025,Dec-2026,"Astonea Labs Ltd., (WHO-GMP Certified) Vill. Teh, Raipur Rani, Distt. Panchkula, Haryana, India-134204",Assay for Available Iodine,"DTL, Bengaluru, Karnataka",portal,2025-11_all_nsq.json,104
2025-11,state:MDTL Kathua J & K,nsq,Ramipril Tablets IP 5 mg,TGT25-165,Jul-2025,Jun-2027,"Athens Life Sciences Mauza Rampur Jattan, Nahan Road, Kala Amb, Distt. Sirmour, (H.P.) 173030 India",The sample fails in the Test for Description of Tablets.,MDTL Kathua J & K,portal,2025-11_all_nsq.json,105
2025-11,"state:DTL, Bengaluru, Karnataka",nsq,Prednisolone Acetate Opthalmic Suspension USP,2.4000000000000001E+29,May-2024,Apr-2026,"Contacare Ophthalmics and Diagnostics, 310/B &E, Dabhasa Village, Padra Taluka, Vadodara District-391440 Gujarat. India,",Assay for Predniosolone acetate,"DTL, Bengaluru, Karnataka",portal,2025-11_all_nsq.json,106
2025-11,"state:DTL, Bengaluru, Karnataka",nsq,Amoxycillin for Injection IP,AMK-18,Dec-2024,Nov-2026,"Argon Remedies Pvt. Ltd., Sarverkhera, Moradabad Road, Kashipur-244713 (uttarakhand)",Sterility for Sterile Water for Injection,"DTL, Bengaluru, Karnataka",portal,2025-11_all_nsq.json,107
2025-11,"state:DTL, Bengaluru, Karnataka",nsq,Ceftriaxone & Sulbactam Injection,SKY-19,Dec-2024,Nov-2026,"Argon Remedies Pvt. Ltd., Sarverkhera, Moradabad Road, Kashipur-244713 (uttarakhand)",Sterility for Sterile Water for Injection,"DTL, Bengaluru, Karnataka",portal,2025-11_all_nsq.json,108
2025-11,"state:RDTL, Hubli, Karnataka",nsq,"Lexof-O+ (Ofloxacin, Ornidazole & Saccharomyces Boulardii Tablets)",T25C442A,Mar-2025,Feb-2027,"Bajaj Formulation, Khasra No.161, Village-Lakeshwary Bhagwanpur, Roorkee Distt: Haridwar (UK)",Test for Uniformity of Weight only,"RDTL, Hubli, Karnataka",portal,2025-11_all_nsq.json,109
2025-11,"state:RDTL, Bellary, Karnataka",nsq,Paracetamol Tablets IP 500,GPL23033,Aug-2023,Jul-2026,"IBN Herbals (A Unit of Curetech Formulations (P) Ltd) Khasara No. 63, Vill. Juddi Kalan, Baddi Solan-173205 (H.P),",Test for Dissolution,"RDTL, Bellary, Karnataka",portal,2025-11_all_nsq.json,110
2025-11,"state:DTL, Bengaluru, Karnataka",nsq,Closantel I.P. 15% W/v & Ivermectin I.P 0.3% W/v Solution,CIG00625,Jul-2025,Jun-2027,"Stanmax Laboratories Pvt. Ltd., # 2-24-86/3/1, Lakshmi Narayana Colony, IDA Uppal, Hyderabad-500039",Identification and Assay for Ivermectin,"DTL, Bengaluru, Karnataka",portal,2025-11_all_nsq.json,111
2025-11,"state:DTL, Bengaluru, Karnataka",nsq,Fluorometholone Ophthalmic Solution USP,E240423A,Apr-2024,Mar-2026,"Oscar Remedies Pvt. Ltd., Oscar House, Badi Majra, Yamunanagar (HR)-135001",Test for Sterility,"DTL, Bengaluru, Karnataka",portal,2025-11_all_nsq.json,112
2025-11,"state:DTL, Bengaluru, Karnataka",nsq,Cefixime Dispersible Tablets IP 200mg ),CBEL24012,Mar-2024,Feb-2026,"Curetech Formulation (P) Ltd. Vill. Juddi kalan, Baddi-173205, Distt.Solan (H.P)",Test for Uniformity of Weight,"DTL, Bengaluru, Karnataka",portal,2025-11_all_nsq.json,113
2025-11,"state:DTL, Bengaluru, Karnataka",nsq,"Levosalbutamol Sulphate, Ambroxol HCl & Guaiphensin Syrup",SP25195,Mar-2025,Feb-2027,"Seejar Pharmaceuticals, Plot No.5, Survey No. 198, PAIKI-1/PAIKI-2/PAIKI-1, B/H CCL Factory, NR, Gokuldham Godown, Budasan, TA, Kadi Dist. Mehsana 382715",Assay for Guaiphenesin and Ambroxol Hydrochloride,"DTL, Bengaluru, Karnataka",portal,2025-11_all_nsq.json,114
2025-11,"state:DTL, Bengaluru, Karnataka",nsq,Clarithromycin Oral Suspension USP,PGD4075A,Dec-2024,Nov-2026,"Plena Remedies, (A WHO-GMP-Certified Company), Plot No:17, Industrial Area (Himuda) Bhatoli Kalan, Baddi, Distt Solan (H.P)-173205",Test for pH and Assay for Clarithromycin,"DTL, Bengaluru, Karnataka",portal,2025-11_all_nsq.json,115
2025-11,"state:RDTL, Bellary, Karnataka",nsq,Metformin Hydrochloride Prolonged Release and Glimepiride Tablets I.P (500mg/2mg),PRT-250235,Feb-2025,Jan-2027,"Preet Remedies (P) Ltd., 183/186, HPSIDC, Industrial Area, Baddi-173205 (H.P) India",Dissolution test for Glimepiride,"RDTL, Bellary, Karnataka",portal,2025-11_all_nsq.json,116
2025-11,"state:RDTL, Hubli, Karnataka",nsq,Glimepiride Tablets IP.2mg,GP08,Sep-2024,Aug-2027,"Mahendra Labs Pvt. Ltd., 371 & 372, 4th Phase, Peenya Industria Area, Bengaluru-58",Test for Dissolution,"RDTL, Hubli, Karnataka",portal,2025-11_all_nsq.json,117
2025-11,"state:DTL, Bengaluru, Karnataka",nsq,Tramadol & Paracetamol Tablets IP,BT-1322,Mar-2025,Feb-2027,"Badrivas Biotech Pvt. Ltd., Khasra no.10 & 11 Village Makhhanpur Bhagwanpur, Roorkee-247661, Dist. Haridwar (Uttarakhand)",Description,"DTL, Bengaluru, Karnataka",portal,2025-11_all_nsq.json,118
2025-11,"state:DTL, Bengaluru, Karnataka",nsq,"Ambroxol HCl, Terbutaline Sulphate, Guaiphenesin & Menthol Syrup)",XL1625,Nov-2024,Oct-2026,"Saphnix Life Sciences (A WHO-GMP, Certified Company),Village-Barotiwala, Paonta Sahib, Distt. Sirmour Himachal Pradesh",Description,"DTL, Bengaluru, Karnataka",portal,2025-11_all_nsq.json,119
2025-11,"state:RDTL, Hubli, Karnataka",nsq,Ciprofloxacin Hydrochloride & Tinidazole Bolus,CF2523,Mar-2025,Feb-2027,"Rudraksha Bioceuticals, 6-A, Soham Industrial Park, Bareja Dholka Highway, Mahijda-382425 Tal. Daskroi, Dist, Ahmedabad",Test for Disintegration only,"RDTL, Hubli, Karnataka",portal,2025-11_all_nsq.json,120
2025-11,"state:RDTL, Hubli, Karnataka",nsq,Ramipril Tablets IP 2.5 mg,PT-44206,Dec-2024,Nov-2026,"Pharmaroots Healthcare, Khasra No. 411, Village Tipra, PO Bartiwala, Tehsil Baddi, Distt. Solan (H.P)",Test for Dissolution & Assay for RAmipril,"RDTL, Hubli, Karnataka",portal,2025-11_all_nsq.json,121
2025-11,"state:RDTL, Hubli, Karnataka",nsq,Ciprofloxacin Hydrochloride Tablet IP 500 mg,CDA24002,Oct-2024,Sep-2026,"Danish Health Care (P) Ltd., 76/27-28, Industrial Estate, Maxi Road, Ujjain-456010 India",Test for Dissolution,"RDTL, Hubli, Karnataka",portal,2025-11_all_nsq.json,122
2025-11,state:DTL Konni,nsq,"Rabeprazole Sodium Tablets IP 20mg,",T25.018,Jun-2025,Dec-2026,"Oaksun Lifesciences, Plot No:36,37,38,46&47, Chengicherla (V), Medipally (M), Medchal-Malkajigiri (Dist) T.S-500 092","It fails the test ""Dissolution"". as per IP, as specified in the Laboratory Protocol.",DTL Konni,portal,2025-11_all_nsq.json,123
2025-11,state:RDTL Ernakulam,nsq,Montelukast & Levocetirizine Tablets IP,LCM-5061,Jun-2025,May-2027,"Spinka Pharma, D.No.6-18/4,Pedda Amberpet, Hyderabad-501505",This particular batch of sample fails the test Dissolution of Montelukast.,RDTL Ernakulam,portal,2025-11_all_nsq.json,124
2025-11,state:DTL Thrissur,nsq,Glimepiride Tablets IP 2mg,GL 4142,Nov-2024,Oct-2026,"Kerala State Drugs and Pharmaceuticals Ltd., Kalavoor P.O, Alappuzha, Kerala 688 522.","It fails the test ""Dissolution"". as per IP.",DTL Thrissur,portal,2025-11_all_nsq.json,125
2025-11,state:RDTL Ernakulam,nsq,Ranitidine Oral Solution IP,SR-017,Jun-2024,May-2026,"Sresan Pharmaceutical Manufacturer, No.787 Bangalore Highways, Sunguvarchatram (Mathura), Kancheepuram Dist-602106",This particular batch of sample fails the test Assay of Ranitidine.,RDTL Ernakulam,portal,2025-11_all_nsq.json,126
2025-11,state:RDTL Ernakulam,nsq,Aceclofenac & Paracetamol Tablets,GT16375A,Nov-2024,Oct-2026,"J M Laboratories, Village-Bhanat P O Ghatti, Subathu Road, Solan (HP) 173211",It fails the test Dissolution and Assay as per IP.,RDTL Ernakulam,portal,2025-11_all_nsq.json,127
2025-11,state:RDTL Ernakulam,nsq,Cyproheptadine Hydrochloride Syrup IP,SR-086,Dec-2024,Nov-2026,"Sresan Pharmaceuticals Manufacturer, No.787 Bangalore Highways, Sunguvarchathiram, Kancheepuram Dist-602106",The smple fails in the test PH and Assay,RDTL Ernakulam,portal,2025-11_all_nsq.json,128
2025-11,state:DTL Thrissur,nsq,Clopidogrel & Aspirin Tablets,T250139,Jan-2025,Dec-2026,"Ikon Pharmachem Pvt. Ltd, E2, Sara Industrial Estate, Central Hope Town Rampur, Selaqui, Dehradun-248197 (Uttarakhand)","The sample does not conform to IP Standards with respect to Dissolution, Related Substances and Assay of Aspirin Standards.",DTL Thrissur,portal,2025-11_all_nsq.json,129
2025-11,state:DTL Thrissur,nsq,Calcium and Vitamin D3 Tablets IP (500mg+250 IU) (Calcium 500mg & Vitamin D3 250 IU),T572514,Feb-2025,Jul-2026,"Bengal Chemicals and Pharmaceuticals Ltd At:II,W.E.A, Faridabad 121001 (Hariyana) R.O.6, Ganesh Chunder Avenue, Kolkata-700013",This particular batch of sample fails the test 'Dissolution' as per IP.,DTL Thrissur,portal,2025-11_all_nsq.json,130
2025-11,state:DTL Thrissur,nsq,Clopidogrel & Aspirin Tablets IP(75mg/75mg),GT250375,Feb-2025,Jan-2027,"Theon Pharmaceuticals Ltd., Vill, Saini Majra, Tehsil Nalagarh, distt. Solan (H.P)-174101",The sample does not conform to IP Standards with respect to Related Substances of Aspirin and Description.,DTL Thrissur,portal,2025-11_all_nsq.json,131
2025-11,state:DTL Thrissur,nsq,Paracetamol and Tramadol Hydrochloride Tablets IP,LBHK25001,Feb-2025,Jan-2028,"Chimak Health care, Below D.F.O, Office, P.O Galanag, Solan -173212 (H.P)",The sample does not conform to IP Standards with respect to Dissolution.,DTL Thrissur,portal,2025-11_all_nsq.json,132
2025-11,state:DTL Thiruvananthapuram,nsq,Ciprofloxacin Hydrochloride Tablets IP 500 mg,JKBD24080,Aug-2024,Jul-2027,"Cadila Pharmaceuticals Ltd.,Industrial Growth Center, Samba- 184121, State of J&K","The sample does not conform to IP Standards, It fails the test ' Dissolution' as per IP.",DTL Thiruvananthapuram,portal,2025-11_all_nsq.json,133
2025-11,"state:Drugs Testing Laboratory, Chennai-06",nsq,"Dried Aluminium Hydroxide Gel, Magnesium Hydroxide and Simethicone Suspension IP",ECL/25/146,Jun-2025,May-2027,"Emmchak Formulations Pvt. Ltd, Plot No.52-57, First Street, Sri Sai Nagar, Airport, Tamilnadu, 620007",Content,"Drugs Testing Laboratory, Chennai-06",portal,2025-11_all_nsq.json,134
2025-11,"state:Drugs Testing Laboratory, Chennai-06",nsq,"Aluminium Hydroxide, Magnesium Hydroxide and Simethicone Oral Suspension IP",ECL/25/026,Apr-2025,Mar-2027,"Emmchak Formulations Pvt. Ltd, Plot No.52-57, First Street, Sri Sai Nagar, Airport, Trichy, Tamilnadu, 620007",Content,"Drugs Testing Laboratory, Chennai-06",portal,2025-11_all_nsq.json,135
2025-11,"state:Drugs Testing Laboratory, Chennai-06",nsq,Simethicone Oral Suspension U.S.P,1503,Mar-2025,Feb-2027,"Pulse Pharma Mfg. Co., S.No.553, Lala Estate Idar Highway Road, Savgadh-Himatnagar-383220 (Gujarat)",Content,"Drugs Testing Laboratory, Chennai-06",portal,2025-11_all_nsq.json,136
2025-11,"state:Drugs Testing Laboratory, Chennai-06",nsq,Paracetamol Paediatric Syrup IP,SP-684,Nov-2024,Nov-2026,"South East pharmaceuticals, 25A, Old SBI Building, SIDCO Estate, Ambattur, Chennai-600 098","Impurity (EG) Limit:Not More than 0.1%, Present-0.385%","Drugs Testing Laboratory, Chennai-06",portal,2025-11_all_nsq.json,137
2025-11,"state:Drugs Testing Laboratory, Chennai-06",nsq,Paracetamol Paediatric Syrup IP,SP-683,Nov-2024,Nov-2026,"South East pharmaceuticals, 25A, Old SBI Building, SIDCO Estate, Ambattur, Chennai-600 098","Impurity (EG) Limit:Not More than 0.1%, Present-0.4%","Drugs Testing Laboratory, Chennai-06",portal,2025-11_all_nsq.json,138
2025-11,"state:Drugs Testing Laboratory, Chennai-06",nsq,"Terbutaline Sulphate, Ambroxol Hydrochloride & Choline Theophylinate",SR-10,May-2025,Apr-2028,"Sresan Pharmaceutical Manufacturer, No.787, Bangalore Highways, Sunguvarchatram (Mathura), Kancheepuram Dist, 602106",Content,"Drugs Testing Laboratory, Chennai-06",portal,2025-11_all_nsq.json,139
2025-11,"state:Drugs Testing Laboratory, Chennai-06",nsq,"Ambroxol Hydrochloride, Guaiphenesin, Terbutaline Sulphate and Menthol Syrup",24338,Nov-2024,Oct-2026,"Zeta Formulation Private Limited, No.157, GST Road (Ground & First Floor), pukkathurai, Madhuranthagam Taluk, Kancheepuram District, 603116",Content,"Drugs Testing Laboratory, Chennai-06",portal,2025-11_all_nsq.json,140
2025-11,"state:Drugs Testing Laboratory, Chennai-06",nsq,Amlodipine Tablets IP 5mg,RT-2505104,May-2025,Apr-2027,"Relief Biotech Pvt. Ltd, Khasra No.72, Makhyali Dundi, Peerpura Road, Roorkee Bypass, Delhi Road, Mangalour, Roorkee-247656, Haridwar (U.K)",Content,"Drugs Testing Laboratory, Chennai-06",portal,2025-11_all_nsq.json,141
2025-11,"state:Drugs Testing Laboratory, Chennai-06",nsq,Atorvastatin Tablets IP 10mg,RT-250560,May-2025,Apr-2027,"Relief Biotech Pvt. Ltd, Khasra No.72, Makhyali Dundi, Peerpura Road, Roorkee Bypass, Delhi Road, Manglour, Roorkee-247656, Haridwar (U.K)",Dissolution,"Drugs Testing Laboratory, Chennai-06",portal,2025-11_all_nsq.json,142
2025-11,"state:Drugs Testing Laboratory, Chennai-06",nsq,Beclomethasone Dipropionate & Clotrimazole Cream,614,Sep-2024,Aug-2026,"BCL Pharama, Rampur Majri, Dhaulakuan, Distt. Sirmaur (HP)",Content,"Drugs Testing Laboratory, Chennai-06",portal,2025-11_all_nsq.json,143
2025-11,"state:Drugs Testing Laboratory, Chennai-06",nsq,Sucralfate & Oxetacaine Oral Suspension,JLD25C14A,Mar-2025,Feb-2027,"Jaiwik Biotech (P) Ltd, Plot No.186-188, 195-197, Solitaire Industrial, Park Phase-II, Adjoining Riico Industrial Area, Bagru, Jaipur, 303007",Content,"Drugs Testing Laboratory, Chennai-06",portal,2025-11_all_nsq.json,144
2025-11,"state:Drugs Testing Laboratory, Chennai-06",nsq,Cyproheptadine Hydrochloride Syrup,SR-46,Aug-2025,Jul-2027,"Sresan Pharmaceutical Manufacturer, No.787, Bangalore Highways, Sunguvarchathiram, Kancheepuram Dist, 602106",pH,"Drugs Testing Laboratory, Chennai-06",portal,2025-11_all_nsq.json,145
2025-11,"state:Drugs Testing Laboratory, Chennai-06",nsq,Paracetamol Tablets IP 650mg,TEM24011AL,Oct-2024,Sep-2026,"Hindustan Laboratories Limited, Plot No.5-9, 1, Survey No. 38/2, Aliyali, Palghar (W), Dist-Palghar - 401404 (M.S)",Dissolution,"Drugs Testing Laboratory, Chennai-06",portal,2025-11_all_nsq.json,146
2025-11,"state:King Institute of Preventive Medicine & Research, Guindy, Chennai-32",nsq,Sterile Water For Injection I.P,W25010,Apr-2025,Mar-2028,"Vivek Pharmaceuticals Pvt. Ltd, EPIP, Bari Brahmana, Jammu-181133",BET,"King Institute of Preventive Medicine & Research, Guindy, Chennai-32",portal,2025-11_all_nsq.json,147
2025-11,"state:Drugs Testing Laboratory, Madurai-19",nsq,Amitriptyline Tablets IP 25mg,GAMT2,Jun-2025,May-2027,"Super formulations Pvt. Ltd, 16-B & 15-F, Industrial Area, Maxi Road, Ujjain (MP)-456010",Content,"Drugs Testing Laboratory, Madurai-19",portal,2025-11_all_nsq.json,148
2025-11,"state:Drugs Testing Laboratory, Madurai-19",nsq,Amitriptyline Tablets IP 25 mg,GAMT1,May-2025,Apr-2027,"Super formulations Pvt. Ltd, 16-B & 15-F, Industrial Area, Maxi Road, Ujjain (MP)-456010",Content,"Drugs Testing Laboratory, Madurai-19",portal,2025-11_all_nsq.json,149
2025-11,"state:Drugs Testing Laboratory, Madurai-19",nsq,Doxycycline Capsules IP100mg,C50174,May-2025,Apr-2027,"Zenith Drugs Limited, 72/5 & 72/3, 72/4, 74/1/1, 75/1/1, Muradpura (Orangpura), Dhar Road, Near Kalaria, Indore-453001 (MP) India.",Uniformity,"Drugs Testing Laboratory, Madurai-19",portal,2025-11_all_nsq.json,150
2025-11,"state:Drugs Testing Laboratory, Chennai-06",nsq,Sucralfate & Oxetacaine Suspension,SCO-2503,Jun-2025,May-2027,"Apple Formulations Pvt. Ltd, Plot No.208, Kishanpur, Roorkee, (UK), 247667",Content,"Drugs Testing Laboratory, Chennai-06",portal,2025-11_all_nsq.json,151
2025-11,"state:Drugs Testing Laboratory, Chennai-06",nsq,Lactulose Solution USP,JL-240147,Oct-2024,Sep-2026,"Jineka Healthcare Pvt. Ltd, Khasra No.507-525, Bedpur Crossing, Bhagwanpur By Pass, Roorkee, Haridwar, 247667",Content,"Drugs Testing Laboratory, Chennai-06",portal,2025-11_all_nsq.json,152
2025-11,"state:Drugs Testing Laboratory, Chennai-06",nsq,Sucralfate and Oxetacaine Suspension,L250813,Aug-2025,Jul-2027,"SGS Formulation Pvt Ltd, S-111, SIDCO Industrial Estate, Kakkalur-602003, Thiruvallur (Dist), Tamilnadu, India",Content,"Drugs Testing Laboratory, Chennai-06",portal,2025-11_all_nsq.json,153
2025-11,"state:Drugs Testing Laboratory, Chennai-06",nsq,"Aluminium, Magnesium and Simethicone Oral Suspension IP",L25/0172A,Jun-2025,May-2027,"Samkem, 15-B & 10B, A.K.V.N. Industrial Area, Rangwasa, Rao, Indore-453331 (M.P)",General Description,"Drugs Testing Laboratory, Chennai-06",portal,2025-11_all_nsq.json,154
2025-11,"state:Drugs Testing Laboratory, Chennai-06",nsq,"Glimepiride, Metformin Hydrochloride (SR) and Voglibose Tablets",SSGT-2401,Oct-2024,Sep-2026,"Verax Life Sciences Pvt. Ltd, K.No.435, Vill. Surajmajra, Baddi, Distt. Solan (H.P), 173205",Content,"Drugs Testing Laboratory, Chennai-06",portal,2025-11_all_nsq.json,155
2025-11,"state:Drugs Testing Laboratory, Madurai-19",nsq,(Cyproheptadine Hydrochloride & Tricholine Citrate syrup),MDL-B641,Nov-2024,Oct-2026,"Marvellon Pharmaceuticals Pvt. Ltd, Kh.No.114, Vill, Damowala, P.O Barotiwala, Baddi, Distt, Solan (HP)-174103",Content,"Drugs Testing Laboratory, Madurai-19",portal,2025-11_all_nsq.json,156
2025-11,"state:Drugs Testing Laboratory, Chennai-06",nsq,Dexamethasone Tablets IP 0.5mg,TA24660,Aug-2024,Jul-2026,"Saintlife Pharmaceuticals Ltd, 323, Central Hope Town, Industrial Area, Selaqui, Dehradun-248011, Uttarakhand, India",Definition,"Drugs Testing Laboratory, Chennai-06",portal,2025-11_all_nsq.json,157
2025-11,"state:Drugs Testing Laboratory, Chennai-06",nsq,"Levosalbutamol, Ambroxol HCL & Guaiphenesin Syrup",XL983,Sep-2024,Aug-2026,"Saphnix Life Sciences, Village - Barotiwala, Paonta Sahib, Distt. Sirmour, Himachal Pradesh, 173025",Content,"Drugs Testing Laboratory, Chennai-06",portal,2025-11_all_nsq.json,158
2025-11,"state:Drugs Testing Laboratory, Chennai-06",nsq,"(Levosalbutamol Sulphate, Ambroxol Hydrochloride and Guaiphenesin Syrup)",VS2523,Jul-2025,Jun-2027,"Vertex Pharma Chemicals, Plot No.60-A,61-A, PIPDIC Electronic Park, Thirubhuvanai, Puducherry-605107",Content,"Drugs Testing Laboratory, Chennai-06",portal,2025-11_all_nsq.json,159
2025-11,"state:Drugs Testing Laboratory, Chennai-06",nsq,"Ambroxol HCL, Levosalbutamol and Guaiphenesin Syrup",IQ-337C,Mar-2025,Feb-2027,"Go-ish Remedies Limited (Unit-II), Village Sauri Gujaran, P.O. Panjehra, Swarghat Road, Teh. Nalagarh, Distt. Solan (HP), 174101",Content,"Drugs Testing Laboratory, Chennai-06",portal,2025-11_all_nsq.json,160
2025-11,"state:Drugs Testing Laboratory, Chennai-06",nsq,Sorbitol 70% IP,KA/018,Sep-2025,Aug-2030,"Gujarat Ambuja Exports Ltd, Ambuja Towar Opp. Sindhu Bhavan, Sindhu Bhavan Road, Bodakdev Po, Thaltej, Ahmedabad",Ethylene Glycol-0.154% (Limit-0.1%),"Drugs Testing Laboratory, Chennai-06",portal,2025-11_all_nsq.json,161
2025-11,"state:Drugs Testing Laboratory, Chennai-06",nsq,"(Ambroxol Hydrochloride, Salbutamol, Guaifenesin and Menthol)",XL002,Feb-2023,Jan-2026,"Intermed Laboratories Private Limited, New No.17, Old No.4, G.K. Industrial Estate, Arcot Road, & No.19, Alapakkam Main Road, Porur, Chennai, India, 600 116",Content,"Drugs Testing Laboratory, Chennai-06",portal,2025-11_all_nsq.json,162
2025-11,"state:DTL, Puducherry",nsq,GLIMEPIRIDE AND METFORMIN HYDROCHLORIDE PROLONGED RELEASE TABLETS IP(2mg + 500 mg),G522501B,Feb-2025,Jan-2027,"Lifecare Formulations Pvt. Ltd., Plot No. B-66, 7th Cross, PIPDIC Industrial Estate, Mettupalayam, Puducherry-605 009.",Assay (for GLIMEPIRIDE),"DTL, Puducherry",portal,2025-11_all_nsq.json,163
2025-11,"state:DTL, Puducherry",nsq,"DEXTROMETHORPHAN HYDROBROMIDE, PHENYLEPHRINE HYDROCHLORIDE & CHLORPHENIRAMINE MALEATE SYRUP",AA24004A,Nov-2024,Oct-2026,"M/s Bengene Life Sciences Pvt. Ltd. R.S.No.: 239/2, Mettupalayam- Manaveli Road, Poothurai, Vanur Taluk, Villupuram District, Tamilnadu-605111.",Incorrect labelling,"DTL, Puducherry",portal,2025-11_all_nsq.json,164
2025-11,"state:DTL, Puducherry",nsq,"CHLORPHENIRAMINE MALEATE, DEXTROMETHORPHAN HYDROBROMIDE & PHENYLEPHRINE HYDROCHLORIDE SYRUP",RLRFDC016,Feb-2025,Jan-2027,".M/s Rosefinch Pharmaceutique Pvt Ltd., Survey No. 473, Villasge-Malaviya Pipariya Lathi Road, Tal: Lathi,Dist. Amreli-365430,Gujarat,India",Assay (for Chlorpheniramine Maletae),"DTL, Puducherry",portal,2025-11_all_nsq.json,165
2025-11,"state:DTL, Puducherry",nsq,"AMBROXOL HYDROCHLORIDE, TERBUTALINE SULPHATE, GUAIPHENESIN AND MENTHOL SYRUP",CL-24083,Dec-2024,Nov-2026,"Casid Pharmaceuticals Private Limited, S.F.No. 115/15, Trichy Chennai Trunk Road, Samayapuram, Trichy - 621 112.",Incorrect labelling,"DTL, Puducherry",portal,2025-11_all_nsq.json,166
2025-11,"state:State Drugs Testing Laboratory, Govt. of Tripura, Agartala.
State- Tripura",nsq,Amoxycillin & Potassium Clavulanate Tablets IP (500 mg + 125 mg),SH240051,Sep-2024,Aug-2026,"Sotac Healthcare Private Limited, Plot No. PF/20, Sanand GIDC-II, Charal Industrial Estate, Sanand, Ahmedabad -382110, Gujarat.","The sample does not conform to standard quality in respect of the test for ""Assay & Dissolution"" performed.","State Drugs Testing Laboratory, Govt. of Tripura, Agartala.
State- Tripura",portal,2025-11_all_nsq.json,167
2025-11,"state:DTL, Puducherry",nsq,"DEXTROMETHORPHAN HYDROBROMIDE, PHENYLEPHRINE HYDROCHLORIDE AND CHLORPHENIRAMINE MALEATE SYRUP",3261,Sep-2024,Aug-2026,"M/s.Apshsri Pharmaceuticals, 252, Ponnamalle High Road, Aminjikarai, Chennai- 600 029 .",Assay (for Phenylephrine Hydrochloride and Chlorpheniramine Maleate),"DTL, Puducherry",portal,2025-11_all_nsq.json,168
2025-11,"state:DTL, Puducherry",nsq,"DICLOFENAC DIETHYLAMINE , MENTHOL & METHYLSALICYLATE LINIMENT",677,Mar-2025,Aug-2026,".M/S Argion Cosmed India Pvt Ltd., First floor, Old No. 58, New No. 81, Golden Estate, Periya Pannacherry, Gerugambakkam, Chennai-600 122",Assay (for Methylsalicylate),"DTL, Puducherry",portal,2025-11_all_nsq.json,169
2025-11,"state:DTL, Puducherry",nsq,"DEXTROMETHORPHAN HYDROBROMIDE 10mg, CHLORPHENIRAMINE MALEATE 2mg WITH PHENYLEPHRINE HYDROCHLORIDE 5 mg SYRUP",TZ0L-022,May-2025,Apr-2027,"Tanmed Pharma (I) Pvt Ltd., No.1/429, Multi Industrial Nagar, Gerugambakkam, Chennai-600128.",Assay (for Dextromethorphan Hydrobromide and Phenylephrine Hydrochloride ),"DTL, Puducherry",portal,2025-11_all_nsq.json,170
2025-11,"state:DTL, Puducherry",nsq,CHLORPHENIRAMINE MALEATE AND PHENYLEPHRINE HYDROCHLORIDE SYRUP IP,RRM-557,Aug-2025,Jul-2027,"M/s Redner Formulations, R.S. No.2/1 Kurumbapet, Villianur Commune, Puducherry-605 009",Assay (for Chlorpheniramine Maleate And Phenylephrine Hydrochloride ),"DTL, Puducherry",portal,2025-11_all_nsq.json,171
2025-11,state:MDTL Kathua J & K,nsq,Glimepiride Tablets IP 2mg,TGT25-090,Apr-2025,Mar-2027,"Athens Life Sciences Mauza Rampur Jattan, Nahan Road, Kala Amb, Distt. Sirmour, (H.P.) 173030 India",The sample fails in the Test for Description of Tablets.,MDTL Kathua J & K,portal,2025-11_all_nsq.json,172
2025-11,state:MDTL Kathua J & K,nsq,Methylprednisolone Tablets IP 4mg,TGT25-091,Apr-2025,Mar-2027,"Athens Life Sciences Mauza Rampur Jattan, Nahan Road, Kala Amb, Distt. Sirmour, (H.P.) 173030 India",The sample fails in the Test for Description of Tablets.,MDTL Kathua J & K,portal,2025-11_all_nsq.json,173
2025-11,state:MDTL Kathua J & K,nsq,Ketorolac Tromethamine Tablets IP 10mg,TGT25-096,Apr-2025,Mar-2027,"Athens Life Sciences Mauza Rampur Jattan, Nahan Road, Kala Amb, Distt. Sirmour, (H.P.) 173030 India",The sample fails in the Test for Description of Tablets.,MDTL Kathua J & K,portal,2025-11_all_nsq.json,174
2025-11,state:MDTL Kathua J & K,nsq,Deflazacort Tablets,TGT25-092,Apr-2025,Mar-2027,"Athens Life Sciences Mauza Rampur Jattan, Nahan Road, Kala Amb, Distt. Sirmour, (H.P.) 173030 India",The sample fails in the Test for Description of Tablets.,MDTL Kathua J & K,portal,2025-11_all_nsq.json,175
2025-11,"state:DTL,DALGATE SRINAGAR KASHMIR( J AND K)",nsq,EMIZ PLUS,GT-25017,Mar-2025,Feb-2027,"Green Enviro Co,Near Jatoli Mandir,PO,Oachghat,Distt.Solan-173223(H.P)",Orally disintegrating tablets (ODT),"DTL,DALGATE SRINAGAR KASHMIR( J AND K)",portal,2025-11_all_nsq.json,176
2025-11,"state:DTL,DALGATE SRINAGAR KASHMIR( J AND K)",nsq,Restol 650,BT-2953,Oct-2024,Sep-2027,"Biosearch Organics(An ISO 9001;2015 Certified Co.) D.I.C Ind.Estate,Govindsar Kathua 184102.Corp.Office:Ultramark House,Geeta Vihar,Three Kay Lane,Ldh-142021.","Thesample does not conform to I.P w.r.t the test for,"" Dissolution""","DTL,DALGATE SRINAGAR KASHMIR( J AND K)",portal,2025-11_all_nsq.json,177
2025-11,"state:DTL,DALGATE SRINAGAR KASHMIR( J AND K)",nsq,Cyclopam,24070676,Dec-2024,May-2026,"Indoco Remedies Ltd B-20,MIDC,Waluj Aurangabad 431136,Regd.Off:166,CST Road Mumbai-400098","""The sample does not conform to I.P 2022 requirements with respect to the test for uniformity of weight.""","DTL,DALGATE SRINAGAR KASHMIR( J AND K)",portal,2025-11_all_nsq.json,178
2025-11,"state:DTL,DALGATE SRINAGAR KASHMIR( J AND K)",nsq,IBUT Plus,T5863,Feb-2024,Jan-2027,"Leben Laboratories Pvt.Ltd.Office;11,Mahavir Mansion,70 Trinity Street Mumbai-400002 India Work;Plot No. L-4 & L-15,Phase- III,MIDC,Akola 444104(MS) India.","The sample does not conform to I.P 2022 requirements w.r.t the test for,"" Dissolution""","DTL,DALGATE SRINAGAR KASHMIR( J AND K)",portal,2025-11_all_nsq.json,179
2025-11,"state:DTL,DALGATE SRINAGAR KASHMIR( J AND K)",nsq,Pantoprazole Tablets IP 40 mg,25A-T126B,Apr-2025,Mar-2027,"Orison Pharma International ( A WHO: GMP Certified Company) Vill Khari Mauza Ogli,Kala Amb,Distt.Sirmour-173030 (H.P)","The sample does not conform to I.P 2022 requirements w.r.t the test for,"" Dissolution""","DTL,DALGATE SRINAGAR KASHMIR( J AND K)",portal,2025-11_all_nsq.json,180
2025-11,"state:FDA, Lab, M.S Chhatrapati Sambhaji Nagar  Maharashtra State",nsq,ASPIRIN TABLETS I.P. 75 MG,240604,Jun-2024,May-2027,"Modi Antibiotics, Plot No.-28, G.I.D.C. Estate, Odhav, Ahmedabad -382 415",1 ) The Sample does not Comply for Description as White Circular Powdery Tablets which are too brittle in nature shows needle shaped Crystals in all the blister Packets. 2 )The Sample does not give IP Identification for the Presence of Aspirin. 3 ) The Sample gives additional Identification for the Presence of Salicylic Acid. 4 ) Found Content of Salicylic Acid in the Sample is 73.68 mg/Tablet.,"FDA, Lab, M.S Chhatrapati Sambhaji Nagar  Maharashtra State",portal,2025-11_all_nsq.json,181
2025-11,"state:FDA, Lab, M.S Chhatrapati Sambhaji Nagar  Maharashtra State",nsq,"Amoxycillin, Potassium Clavulanate & Lactic Acid Bacillus Tablets",24KHBT-0194,Oct-2024,Mar-2026,"Kaalinga Healthcare, 1st Floor, Kh. No. 386/76/2, Juddi Kalan, Baddi, Distt. Solan 173205",The content of Clavulanic Acid in the sample is less (i.e. 26.94% of the labelled amount than the Schedule V Limit. Schedule V Limit 90% to 130% of Labelled Amount,"FDA, Lab, M.S Chhatrapati Sambhaji Nagar  Maharashtra State",portal,2025-11_all_nsq.json,182
2025-11,"state:SDT&RL, Bhubaneswar",nsq,Ranitidine Oral Solution IP,AL24011221D,Jan-2024,Dec-2025,"Accura Care Pharmaceuticals Pvt. Ltd., Vill-Moginand, Nahan Road, Kala Amb, Distt- Sirmour(H.P.)-173030",Content of Ranitidine,"SDT&RL, Bhubaneswar",portal,2025-11_all_nsq.json,183
2025-11,"state:SDT&RL, Bhubaneswar",nsq,Zedrest-Plus,VDET-288,Dec-2023,Nov-2025,"Vzoic Healthcare Pvt. Ltd., Plot No-236, Ind. Area, Phase-IX, S.A.S. Nagar, Mohali-160060(Punjab)",Disintegration Test,"SDT&RL, Bhubaneswar",portal,2025-11_all_nsq.json,184
2025-11,"state:SDT&RL, Bhubaneswar",nsq,IRON AND FOLIC ACID TABLETS IP (Iron 60mg and Folic acid 0.5mg),IQTB-39,Jan-2024,Dec-2025,"Nestor Pharmaceuticals Limited, 11 Western Extension Area, Faridabad-121001",Uniformity of Content & Assay for Folic Acid,"SDT&RL, Bhubaneswar",portal,2025-11_all_nsq.json,185
2025-11,"state:SDT&RL, Bhubaneswar",nsq,Sodium Valproate and Valproic Acid Controlled Release Tablets,ST-240134,Jan-2024,Dec-2025,"Supermax Drugs & Drugs Pharmaceuticals Pvt. Ltd. (Unit-II) Khasra No-322, Nanheda, Anantpur, Bhagwanpur, Roorkee-247668, Dist-Haridwar, Uttarakhand",Description,"SDT&RL, Bhubaneswar",portal,2025-11_all_nsq.json,186
2025-11,"state:SDT&RL, Bhubaneswar",nsq,Tablets of Glimepiride Tablets I.P.2mg,SGO-103,Jan-2025,Dec-2026,"MARC LIFESCIENCES, Sikkim, Khasra No-25,36,409,410 Vill-Julanglay, Block L, Maneydara Namthang, Distt-Namchi South Sikkim",Description,"SDT&RL, Bhubaneswar",portal,2025-11_all_nsq.json,187
2025-11,"state:SDT&RL, Bhubaneswar",nsq,Cufcott LS Cough Syrup,CL230203E,Dec-2023,Nov-2025,"Condour Pharmaceuticals, Vill-Ogli, Suketi Road, Kala Amb, Distt-Sirmour(H.P.)-173030",Content of Levosalbutamol,"SDT&RL, Bhubaneswar",portal,2025-11_all_nsq.json,188
2025-11,"state:SDT&RL, Bhubaneswar",nsq,Tablets of Supator-20 (AtorvastatinTablets IP 20mg),SRTB240152,Feb-2024,Jan-2026,"Systole Remedies Pvt. Ltd. Vill-Ogli, Kala Amb, Tehsil-Nahan, Dist-Sirmour (HP)-173030",Content of Atorvastatin,"SDT&RL, Bhubaneswar",portal,2025-11_all_nsq.json,189
2025-11,"state:Food & Drugs Laboratory, Vadodara",nsq,Telmisartan & Amlodipine Tablets IP,TGT296A,Jul-2024,Jun-2026,"Amster Labs Limited, Unit-II, Khasra No. 1296/1, Hill Top Industrial Estate, Vill. Bhatuli kalan, Tehsil. Baddi, Dist. Solan. (HP)",Dissolution (For Telmisartan),"Food & Drugs Laboratory, Vadodara",portal,2025-11_all_nsq.json,190
2025-11,"state:Food & Drugs Laboratory, Vadodara",nsq,Diclofenac Sodium Tablets IP 50 mg,B250895,Jun-2025,May-2027,"Bochem Healthcare Pvt. Ltd., 83-84, Industrial Area, Dewas Road, Nagziri, Ujjain-456010.",Dissolution (Buffer stage),"Food & Drugs Laboratory, Vadodara",portal,2025-11_all_nsq.json,191
2025-11,"state:Food & Drugs Laboratory, Vadodara",nsq,Calcium Carbonate Tablets IP,3B1181,Jun-2025,May-2027,"Deep Pharma, Unit-2, Survey No. 293/3, Behind Jalaram Mandir, Kalikund Kheda Road, Dholka-382225, Dist. Ahmedabad.",Dissolution (Calcium),"Food & Drugs Laboratory, Vadodara",portal,2025-11_all_nsq.json,192
2025-11,"state:Food & Drugs Laboratory, Vadodara",nsq,Doxycycline Hydrochloride Capsule IP 100 mg,C5007,Jul-2025,Jun-2027,"Zest Pharma, Plot no. 275, Sector 'F', Sanwer Road, Indore-452015",Dissolution (Doxycycline),"Food & Drugs Laboratory, Vadodara",portal,2025-11_all_nsq.json,193
2025-11,"state:Food & Drugs Laboratory, Vadodara",nsq,Nifedipine Sustained Release Tablets IP 20 mg,3442505,Jul-2025,Jun-2027,"Towa Pharma Private Limited, Jaliyanamath Village, Survey No. 17, Dehgam Road, Ta. Dehgam, Dist. Gandhinagar-382305",Dissolution Stage 1,"Food & Drugs Laboratory, Vadodara",portal,2025-11_all_nsq.json,194
2025-11,"state:Food & Drugs Laboratory, Vadodara",nsq,Nifedipine Sustained Release Tablets IP 10 mg,T250809,Aug-2025,Jul-2027,"Medisky Pharmaceuticals Pvt.Ltd., Plot No. 260, GIDC, Talod-383215, Dist. Sabarkantha.",Dissolution Stage 1,"Food & Drugs Laboratory, Vadodara",portal,2025-11_all_nsq.json,195
2025-11,"state:Food & Drugs Laboratory, Vadodara",nsq,Omeprazole Capsule IP 20 mg,153/25,Jan-2025,Dec-2026,"Aban Pharmaceuticals, Plot No. 1018, Kerala GIDC, Bavla, Dist. Ahmedabad-382220.",Dissolution ( Buffer satage),"Food & Drugs Laboratory, Vadodara",portal,2025-11_all_nsq.json,196
2025-11,"state:Food & Drugs Laboratory, Vadodara",nsq,Trypsin-Chymortypsin Tablets,2KU6L012,Feb-2024,Jan-2027,"Torrent Pharmaceuticals Ltd, 32, Middle camp, NH-10, East District, Gangtok, Sikkim-737135",Enzymatic Activity (Trypsin & Chymotrypsin) and Disintegration (Acid stage),"Food & Drugs Laboratory, Vadodara",portal,2025-11_all_nsq.json,197
2025-11,"state:Food & Drugs Laboratory, Vadodara",nsq,Metoprolol Injection IP,DAB004,Apr-2025,Mar-2027,"Dial Pharmaceuticals, Plot No. G/5-G/6, Gallops Industrial Park, Vasna-Chacharwadi, Sanand, Ahmedabad-382210.",Bacterial Endotoxins & Sterility,"Food & Drugs Laboratory, Vadodara",portal,2025-11_all_nsq.json,198
2025-11,"state:Food & Drugs Laboratory, Vadodara",nsq,"Paracetamol, Phenylephrine HCl & Chlorpheniramine Maleate Suspension",IHP0047,Aug-2025,Jul-2027,"Infiniheal Pharmaceuticals, 70, GIDC Estate, At & Po. Chandisar, Tal. Palanpur, Gujarat-385510.",Total Aerobic Microbial Count,"Food & Drugs Laboratory, Vadodara",portal,2025-11_all_nsq.json,199
2025-11,"state:Food & Drugs Laboratory, Vadodara",nsq,"Dextromethorphan Hydrobromide, Paracetamol & Phenylephrine HCl Suspension",IHP0022,May-2025,Apr-2027,"Infiniheal Pharmaceuticals, 70, GIDC Estate, At & Po. Chandisar, Tal. Palanpur, Gujarat-385510.",Total Aerobic Microbial Count,"Food & Drugs Laboratory, Vadodara",portal,2025-11_all_nsq.json,200
2025-11,"state:Food & Drugs Laboratory, Vadodara",nsq,Folic Acid Tablets IP,FTV25002,Mar-2025,Feb-2027,"Danish Healthcare P Ltd., 76/27-28, Industrial Estate, Maxi Road, Ujjain-456010",Description & Dissolution,"Food & Drugs Laboratory, Vadodara",portal,2025-11_all_nsq.json,201
2025-11,"state:DTL, BADDI H.P.",nsq,Ofloxacin and Ornidazole Tablets IP,VT250644,Jun-2025,May-2027,"VADSP Pharmaceuticals Plot No.-124 E.P.I.P. Ind. Area Phase-1, Jharmajri, Baddi H.P. 174103",The sample does ot conforms to claim as per IP 2022 in respect to the Test of Dissolution of Ofloxacin & Ornidazole.,"DTL, BADDI H.P.",portal,2025-11_all_nsq.json,202
2025-11,"state:RDTL, Bellary, Karnataka",nsq,Amoxycillin & Potassium Clavulanate Tablets I.P,MICTAB-2424,Jun-2025,Nov-2026,"Micro Formulations, Chambaghat, Near Railway Crossing, Solan, Distt. Solan (H.P) 173211",Test for Dissolution and Assay for Amoxycillin & Potassium Clavulanate,"RDTL, Bellary, Karnataka",portal,2025-11_all_nsq.json,203
2025-11,"state:RDTL, Bellary, Karnataka",nsq,Glimepiride Tablets IP 1 mg,TA24826,Oct-2024,Sep-2026,"Saintlife Pharmaceuticals Ltd., 323, Central Hope-Town Industrial Area, Selaqui, Dehradun-248011 Uttarakhand India",Test for Dissolution,"RDTL, Bellary, Karnataka",portal,2025-11_all_nsq.json,204
2025-11,"state:RDTL, Hubli, Karnataka",nsq,Spoorthi Aloegramflour Soap,6,Jun-2024,May-2027,"Spoorthi Herbals No.:299, SH1 Kalakupi, Airport Road, Belagavi, Karnataka-591121",Test for Matter Insoluble in Alcohol only,"RDTL, Hubli, Karnataka",portal,2025-11_all_nsq.json,205
2025-11,state:DCL Telangana,nsq,Enteric Coated Rabeprazole Sodium&Domperidone Sustained Release Capsules,C-24186,Aug-2024,Jul-2026,"Sunlife Sciences 130, Kurdi, Jhabrera road, manglour, Roorkee, distt. Haridwar (U.K) pincode-247656 Uttarakhand.",Enteric Coated Rabeprazole & Domperidone sustained Release Capsules does not comply Assay of Rabeprazole sodium as per STP.,DCL Telangana,portal,2025-11_all_nsq.json,206
2025-11,state:DCL Telangana,nsq,"Ferrous Ascorbate, Folic Acid & Zinc Tablets",MMT-11855,Dec-2024,May-2026,"Mayford Pharma Near Railway crossing, Chambaght, Solan, Distt, Solan (H.P). 173 213 Himahcal Pradesh.","Assay of Elemental Iron does not comply as per STP and as per IP 2022 the label should state the strength in terms of Ferrous ascorbate equivalent to Elemental Iron, but Ferin-XT tablets label is not mentioned Ferrous Ascorbate equivalent to Elemental Iron. Hence sample deemed to be Misbranded as per Section 17 of D & C act 1940.",DCL Telangana,portal,2025-11_all_nsq.json,207
2025-11,state:DCL Telangana,nsq,Amoxycillin & Potassium Clavulanate oral suspension IP,NBD020A,Feb-2025,Jul-2026,"Nexkem Biotech Pvt.Ltd Plot No.64, HPSIDC Industrial Area, Baddi, Dist. Solan - 173 205 Himachal Pradesh.",The sample does not comply with the test for Assay of Amoxycillin and Clavulanic Acid and hence it is Not of Standard Quality.,DCL Telangana,portal,2025-11_all_nsq.json,208
2025-11,state:DCL Telangana,nsq,Mecobalamin Tablets 1500 mcg,ILM-56002,Jul-2025,Jun-2027,"Sain Medicaments Pvt. Ltd. P-2/4, I.D.A. Uppal, Hyderabad - 500039. Telangana.","The sample does not comply with the test for Disintegration for oral dissolving tablets. Out of 18 tablets, only two tablets disintegrated within 3 minutes in water. Hence the sample does not comply with the test for disintegration.",DCL Telangana,portal,2025-11_all_nsq.json,209
2025-11,state:DCL Telangana,nsq,Ranitidine Hydrochloride Tablets IP 150mg,AZCT-2505,May-2025,Apr-2027,"SELDOM PHARMA PVT.LTD #6-8-122, u.t of Puducherry - 533 464. Puducherry.","Circular orange colored, biconvex plain on both sides. Two types of colored tablets observed while opening from the strips. Some tablets are light brown colored and some tablets are orange colored, hence Description (Appearance) test parameter does not complies as per IP specification.",DCL Telangana,portal,2025-11_all_nsq.json,210
2025-11,state:DCL Telangana,nsq,Hydrogen Peroxide Topical Solution USP 3% w/v 10 Vol,HP/19/25,Apr-2025,Sep-2026,"Prem Laboratories D.No. 16-9-749/36/B, Malakpet, Hyd-36, Telangana",Sample does not comply assay and acidity parameters as per USP.,DCL Telangana,portal,2025-11_all_nsq.json,211
2025-11,state:DCL Telangana,nsq,Amoxycillin & Potassium Clavulanate & Lactic Acid Bacillus Tablets,MYRTAB-883,Jan-2025,Jun-2026,"Mayer Lab chambagat Adjesent to Railway crossing, dist Solan 173 213, (H.P). Himachal Prasesh.","Assay for Clavulanic Acid does not complies as per STP. Uniformity of Weight does not complies as per IP Specifications, since three tablets deviated lower limit ie.95% and three tablets deviated higher limit percentage ie. 105%",DCL Telangana,portal,2025-11_all_nsq.json,212
2025-11,state:DCL Telangana,nsq,Cefixime and Lactic Acid Bacillus Dispersible Tablets,TB020,Oct-2024,Sep-2026,"Titanes Pharma Vill. Bathu, Tehsil Haroli, Distt. UNA (H.P) - 174 507. Himachal Pradesh.",Samples does not comply Assay of Cefixime as per STP.,DCL Telangana,portal,2025-11_all_nsq.json,213
2025-11,state:DCL Telangana,nsq,Metronidazole Tablets IP 200 mg,MZ241004,Oct-2024,Sep-2026,"Cipcoo Pharmaceuticals 35-36/1, AB Road, Pigdamber Dist. Indore 453331 (MP) India Madhya Pradesh.",Sample does not comply Dissolution parameter as per Metronidazole Tablets IP of IP 2022.,DCL Telangana,portal,2025-11_all_nsq.json,214
2025-11,state:DCL Telangana,nsq,Dicyclomine Tablets IP 10mg,DC24002,Nov-2024,Oct-2026,"EUROKEM Laboratories Pvt.Ltd. C-25, Sidco Pharmaceutical Complex Althur, Thiruporur - 603 110 Tamil Nadu.","Tablets are not intact condition. when strip is opended, tablets found to be in powdered state. Hence Dicyclomine tablets does not meet the Specifications Wrt. Description",DCL Telangana,portal,2025-11_all_nsq.json,215
2025-11,"state:FDA, Lab, M.S Chhatrapati Sambhaji Nagar  Maharashtra State",nsq,Nitrazepam Tablets IP 10mg,AXZ24003P,Jan-2024,Jun-2028,"Anglo-French Drugs & Industries Ltd. Plot No. 4, Phase II, Peenya Industrial Area, Peenya Bengaluru, Karnataka-560058","The sample does not give IP identification for the presence of Nitrazepam, The sample is decalred as spurious","FDA, Lab, M.S Chhatrapati Sambhaji Nagar  Maharashtra State",portal,2025-11_all_nsq.json,216
2025-11,central,spurious,Pantoprazole Gastro-resistant Tablets IP (PAN 40),24440478,Feb-2024,Jul-2026,Under Investigation | Under Investigation,"The product is purported to be spurious, however, the same is subject to outcome of investigation","RDTL,Chandigarh",portal,2025-11_all_spurious.json,1
2025-11,central,spurious,Telmisartan Tablets I.P. 40 mg (Telma 40),18240413,May-2024,Apr-2027,Under Investigation | Under Investigation,"The product is purported to be spurious, however, the same is subject to outcome of investigation","RDTL,Chandigarh",portal,2025-11_all_spurious.json,2
2025-12,state:DTL Baddi,nsq,Paracetamol Tablets IP 500 mg,SKTC25002,Sep-2025,Aug-2027,"Gidsha Pharmaceuticals, Plot No. 611, 612, Mega GIDC, Kharedi, Dahod -389151, Gujarat.",Assay of ofloxacin,DTL Baddi,portal,2025-12_all_nsq.json,1
2025-12,central,nsq,Primaquine Phosphate Tablets IP 2.5 mg,T-1909,Jun-2024,May-2026,"Jackson Laboratories Pvt. Ltd. Majitha Road, Bye Pass, Amritsar - 143001 Punjab",The sample does not conform to claim as per I.P. 2022 with respect to The test for Assay and Dissolution of Primaquine.,"RDTL, Guwahati",portal,2025-12_all_nsq.json,2
2025-12,central,nsq,Olmesartan Medoxomil Tablets IP 40 mg OLMESON-40,T-6585,Jul-2025,Jul-2027,"Jackson Laboratories Pvt.Ltd 22-24, Majitha Road, Bye Pass, Amritsar-143 001(India) Punjab","The sample received does not conform to I.P. 2022, I.P. addendum 2024 specification with respect to The test for Dissolution only.",CDTL-Hyderabad,portal,2025-12_all_nsq.json,3
2025-12,central,nsq,Amlodipine Tablets I.P. 2.5 mg,424-1522,Aug-2024,Jul-2026,"Zee Laboratories 47, Industrial Area, Paonta Sahib-173025",The sample is not of standard quality for The reason stated under Description of The tablets.,"RDTL, Guwahati",portal,2025-12_all_nsq.json,4
2025-12,central,nsq,Piperacillin and Tazobactam Injection I.P. 4.5 gm,325-1088,Aug-2025,Jul-2027,"Zee Laboratories Ltd. Behind 47, Industrial Area, Paonta Sahib-173025",The sample does not conform to claim as per IP 2022 in respect to The Test of Particulate matter,"RDTL, Chandigarh",portal,2025-12_all_nsq.json,5
2025-12,central,nsq,Piperacillin and Tazobactam Injection I.P. 4.5 gm,325-1090,Aug-2025,Jul-2027,"Zee Laboratories Ltd.Behind 47, Industrial Area, Paonta Sahib-173025",The sample does not conform to claim as per IP 2022 in respect to The Test of Particulate matter.,"RDTL, Chandigarh",portal,2025-12_all_nsq.json,6
2025-12,central,nsq,Hydroxyzine Oral Solution I.P.,HO1LF002,Jun-2025,May-2027,"Unicure India Ltd. Plot No. 46(B)/49B, Vill. Raipur, Bhagwanpur, Roorkee, Distt. Haridwar, Uttarakhand",The sample does not conform to claim as per IP 2022 in respect to The test of Related Substance,"CDL, Kolkata",portal,2025-12_all_nsq.json,7
2025-12,central,nsq,Vildagliptin and Metformin Tablets IP,VMHT1315,May-2025,Apr-2027,"Unicure India Ltd C-21, 22 & 23, Sector-3, Noida-201301, Distt. Gautam Budh Nagar (U.P) Uttar Pradesh",The sample received does not conform to I.P. 2022 with respect to Assay and Dissolution.,"CDTL, Mumbai",portal,2025-12_all_nsq.json,8
2025-12,"state:DTL 
Udaipur",nsq,Glipizide and Metformin Tablets USP,URDT0328,Jan-2023,Dec-2025,"Unicure India Ltd., Plot No. 46(B)/49B. Vill. Raipur Bhaewanpi Bhagwanpur, Roorkee, Distt. Haridwar",The sample does not conform to the IP with respect to Dissolution of Glipizide.,"DTL 
Udaipur",portal,2025-12_all_nsq.json,9
2025-12,"state:DTL 
Udaipur",nsq,Propoxur Sulphanilamide Cetrimide Powder,EE-240604,Jun-2024,May-2026,"Ethicare Laboratories, 15. Industrial Estate. Digiana, Jammu180010",The sample does no contorms to the claim with respect to Assay of Propoxur,"DTL 
Udaipur",portal,2025-12_all_nsq.json,10
2025-12,"state:DTL 
Jodhpur",nsq,Levocetirizine Dihydrochloride & Montelukast Tablets 11,TR25C042C,Mar-2025,Feb-2027,"Rhombus Pharma Pvt. Ltd. Survey No. 807/002, Near Ethicro Industries Ethicro Industries, Lakshmanpura Ta. Kadi, Dist Mehsana, 382165, Gujarat.",The sample does not conmorm to the IP with respect to Assay of Lexncetirizine Dihydrochloride & Moptelukas,"DTL 
Jodhpur",portal,2025-12_all_nsq.json,11
2025-12,"state:DTL 
Jodhpur",nsq,Paracetamol Tablet IP 500mg,PCT1203,Aug-2024,Jul-2026,"Unicures India Ltd.C-21,22 & 23, Sector-3, Noida-201301 Distt. Gautam budh Nagar (U.P)",The sample does not conform to the I.P. with respect to Dissolution of Paracetamol.,"DTL 
Jodhpur",portal,2025-12_all_nsq.json,12
2025-12,state:DTL Jaipur,nsq,Quinine Sulphate Tablets IP 300mg,TA25530,Jun-2025,May-2027,"Saintlife Pharmaceuticals Ltd, 323, Central Hope Town, Industrial Area, Selaqui, Dehradun-248011, Uttarakhand, India",The sample does not conform to the IP with respect to in Dissolution.,DTL Jaipur,portal,2025-12_all_nsq.json,13
2025-12,"state:DTL, Jaipur",nsq,Levocetirizine Dihydrochloride Tablets,YLT25023,Mar-2025,Feb-2027,"YL Pharma , Plot No. 9H(1) Village Katha, Baddim Distt. Solan 173205",The sample does not conform to the IP with respect to Assay,"DTL, Jaipur",portal,2025-12_all_nsq.json,14
2025-12,"state:DTL, Jaipur",nsq,Levocetirizine Dihydrochloride & Montelukast Sodium Tablets IP,LT-25029,Sep-2025,Aug-2027,"YL Pharma , Plot No. 9H(1) Village Katha, Baddim Distt. Solan 173205",The sample does not HP conform to the IP with respect to Assay.,"DTL, Jaipur",portal,2025-12_all_nsq.json,15
2025-12,"state:DTL, Jaipur",nsq,"Aceclofenac, Paracetamol & Serratiopeptidase Tablets Getwalk-SP)",SSPT-01929,Jun-2024,May-2027,"Savya Pharmaceuticals, Plot No. 5A-4, Sector 09, IIE, Pantnagar U.S.N. 263153 UK",The sample does not conform to the claim with respect to Assay of Aceclofenac.,"DTL, Jaipur",portal,2025-12_all_nsq.json,16
2025-12,"state:DTL, Jaipur",nsq,Aceclofena? Paracetamol & Serratiopeptidase Tablets,RT2506062,Jun-2025,May-2027,"Shri Ramesh Industry Pvt Ltd., Baddi, Barotiwala Road, Vill Juddi Kalan Distt. Solan 173205",The sample does not conform to the claim with respect to in Assay.,"DTL, Jaipur",portal,2025-12_all_nsq.json,17
2025-12,"state:DTL, Jaipur",nsq,"Ambroxol Hydrochloride, Terbutnline Sulphate, Guaiphensesin & Menthol Syrup",BS25061,Jun-2025,May-2027,"B.Sharda Lifescience, Survey No. 232/4P2, At & Post Melj. Ta-Siddhpur, Dist. Patan-384151 Gujarat",The sample does not conform to the Claim with respect to Assay Ambroxol Hdyrochloride Menthol and DEG.,"DTL, Jaipur",portal,2025-12_all_nsq.json,18
2025-12,"state:DTL, Jaipur",nsq,Calcium and Vitamin D3 Tablets IP,BCB01AAA,Jan-2025,Dec-2026,"Akums Drugs & Pharmaceuticals Ltd. At. Plot NO. 26A, 274-30, Sector-8A, I.I.E, SIDCUL, Ranipur Handwar 249403 UK",The sample does not conform to the IP with respect to Assay Vitamin D3,"DTL, Jaipur",portal,2025-12_all_nsq.json,19
2025-12,"state:DTL, Jaipur",nsq,Diclofenac Potassium & Pracetamol Tablets,PCGT-25013,Jan-2025,Dec-2026,"Pentachem Pharmaceuticals, At Village Bersan, PO Lodhimajra, Baddi, HP-173205",The sample does not conform to the claim with respect to Assay,"DTL, Jaipur",portal,2025-12_all_nsq.json,20
2025-12,"state:DTL, Jaipur",nsq,"Loratadine Ambroxol HCI, Guaiphenesin and Menthol Syrup",REN027,Nov-2024,Oct-2026,"Enicar Pharmaceutical Pvt. Ltd. J-214, 215,216, MIDC, Tarapur Industrial Area,Boisar-401506 Distt. Palghar",The sample does not conform to the claim witm respect to Assay of Menthol and colour,"DTL, Jaipur",portal,2025-12_all_nsq.json,21
2025-12,"state:DTL, Udaipur",nsq,Esomeprazole (EC) & Itopride Hydrochloride Capsule,PGC25-08,Mar-2025,Feb-2027,"Plena Remedies, Plot No. 17, Industrial Area Himuda",The sample does not conforms to the claim with respect to Assay of Esomeprazole,"DTL, Udaipur",portal,2025-12_all_nsq.json,22
2025-12,central,nsq,Diclofenac Gastro-resistant Tablets I.P. 50 mg,25T19052,Feb-2025,Jan-2027,"Kras Pharmaceuticals Pvt. Ltd., C/15, Phase - II, Industrial Area, Fatwah -803201, Bihar",The sample does not conform to IP with respect to test for Dissolution in Buffer Stage.,"CDL, Kolkata",portal,2025-12_all_nsq.json,23
2025-12,central,nsq,ITRAZIL-200,HA237,Feb-2025,Jan-2027,"Trio Lifescience Private Ltd, 3008, G.I.D.C., Phase-IV, Vatva, Ahmedabad-382445.",The sample received does not conform to The manufacture's specification with respect to The test for pH.,"CDTL, Mumbai",portal,2025-12_all_nsq.json,24
2025-12,central,nsq,"Polymeg 200,",INTK038722,Aug-2025,Aug-2028,"Clariant IGL Specialty Chemicals Pvt. Ltd., (Formerly Known as IGL Green Chemicals Pvt. Ltd.) A-1, Industrial Area, Bazpur Road, Kashipur, Uttarakhand-244713","The sample received does not conform to U.S.P. specification with respect to The content of diethylene glycol impurity, which is exceeding permissible limit",CDTL-Hyderabad,portal,2025-12_all_nsq.json,25
2025-12,central,nsq,Sorbitol Solution 70% IP (Non-Crystallizing),KA/017,Aug-2025,Jul-2030,"Gujarat Ambuja Exports Limited Sy No 153/1,154-1/2/3,Madli Cross P.B Road (NH-4),Village Hulsoggi 581205P.O Manakatti,TQ Shiggoan Dist Haveri/Karnataka","The sample received does not conform to I.P. 2022 specification with respect to The content of ethylene glycol impurity, which is exceeding permissible limit",CDTL-Hyderabad,portal,2025-12_all_nsq.json,26
2025-12,central,nsq,Sorbitol Solution 70% IP (Non-Crystallizing),KA/017,Aug-2025,Aug-2030,"Gujarat Ambuja Exports Limited Sy No 153/1,154-1/2/3,Madli Cross P.B Road (NH-4),Village Hulsoggi 581205P.O Manakatti,TQ Shiggoan Dist Haveri/Karnataka","The sample does not conform to I.P. 2022 specification with respect to the content of ethylene glycol impurity, which is exceeding permissible limit",CDTL-Hyderabad,portal,2025-12_all_nsq.json,27
2025-12,central,nsq,Ondansetron and Ranitidine HCI Injection Vomibac R Injection,110525,May-2025,Apr-2027,"Pharma Chemico Laboratories Devghat, P.O., Saproon, Solan - 173211 (HP)",The sample received does not conform to manufacturer specification with respect to The test for pH only.,CDTL-Hyderabad,portal,2025-12_all_nsq.json,28
2025-12,"state:RDTL Ernakulam,Kerala",nsq,Salbutamol Syrup IP,SVK 25040,Jul-2025,Jun-2027,"Labinduss Ltd, I.D.A, Kanjikode-678623, Kerala",Sample fails the test pH as per IP .,"RDTL Ernakulam,Kerala",portal,2025-12_all_nsq.json,29
2025-12,"state:SDT&RL, Bhubaneswar",nsq,"Ofloxacin, Ornidazole(Hyflox-OZ)",OZ004-24,Apr-2024,Mar-2026,"Harihar Pharmaceuticals Pvt. Ltd. SBP Road, Khamarmunda-767065",Dissolution test,"SDT&RL, Bhubaneswar",portal,2025-12_all_nsq.json,30
2025-12,state:MDTL Kathua Jammu and Kashmir,nsq,Levocetirizine & Montelukast Tablets IP,TGT25-156,Jul-2025,Jun-2027,"Athens Life Sciences Mauza Rampur Jattan, Nahan Road, Kala Amb, Distt. Sirmour, (H.P.) 173030 India",The sample fails in the Test for Description of Tablets.,MDTL Kathua Jammu and Kashmir,portal,2025-12_all_nsq.json,31
2025-12,"state:DTL, Puducherry",nsq,Aceclofenac & Paracetamol Tablets,0069,Oct-2024,Sep-2026,"Hindustan Antibiotics Ltd Pimpri, Pune-411018, India.",Failed Assay (for Aceclofenac IP ) & Incorrect labelling,"DTL, Puducherry",portal,2025-12_all_nsq.json,32
2025-12,central,nsq,Cefixime & Lactic Acid Bacillus Tablets Medisefix - 200 LB,DBT138A,Oct-2023,Sep-2026,"Digital Vision 176, Mauza Ogli, Nahan Road, Kala-Amb, Distt. Sirmour (H.P.) - 173 030",The sample does not conform to claim with respect to The Assay of Cefixim and Lactic Acid Bacillus.,"CDL, Kolkata",portal,2025-12_all_nsq.json,33
2025-12,"state:DTL,Dalgate Srinagar Kashmir (J & K)",nsq,Telmisartan Tablets IP 40MG,TEP25123AL,May-2025,Apr-2027,"Hindustan Laboratories Limited,Plot No 5-9,Survey No 382,Aliyali Palghar (W) DISTT Parighar 401404(M.S) India.",The sample does not confirm to IP 2022 requirement with respect to Dissolution Test,"DTL,Dalgate Srinagar Kashmir (J & K)",portal,2025-12_all_nsq.json,34
2025-12,"state:DTL,Dalgate Srinagar Kashmir ( J & K)",nsq,TELTAN-MT 25,2507017,Jul-2025,Jun-2027,"Santus Global Formulations Limited (Who-GMP Certified Company) Khasra No.587/588 Village Kunjhal Blackside Jharmajri,Tehsil Baddi Dist Solan Himachal Pradesh-14031,India",The sample does not conform to I.P w.r.t the test for Disintegration Test,"DTL,Dalgate Srinagar Kashmir ( J & K)",portal,2025-12_all_nsq.json,35
2025-12,central,nsq,Amikacin Sulphate Injection I.P. Mikabenz 500,SVI-24070,May-2024,Apr-2026,"Sunvet Healthcare, Village Shambhuwala, Paonta Road, Distt. Sirmour (H.P.), 173001",The sample does not conform to I.P. with respect to test for Particulate matter and is also not of standard quality for The reason stated under Description.,"CDL, Kolkata",portal,2025-12_all_nsq.json,36
2025-12,"state:DTL, Puducherry",nsq,Levocetirizine Hydrochloride & Montelukast Sodium Tablets IP (Alticet-M),UGT-24842B,Aug-2024,Jul-2026,"Ultra Drugs Pvt. Ltd., Manpura, Nalagarh, Distt. Solan-174101 (H.P)",Failed Description (Spots),"DTL, Puducherry",portal,2025-12_all_nsq.json,37
2025-12,"state:DTL, Puducherry",nsq,Prednisolone Tablets IP 20mg(Prednimeg-20),ZRST-2403,May-2025,Apr-2027,"ZRS Pharmaceuticals India Pvt. Ltd., Plot No. 266, Industrial area, Phase I, Panchkola (H.R)",Incorrect labelling,"DTL, Puducherry",portal,2025-12_all_nsq.json,38
2025-12,"state:DTL, Puducherry",nsq,"Dextromethorphan Hydrobromide, Phenylephrine Hydrochloride & Chlorpheniramine Maleate Syrup (Yokurex D Syrup)",L250320,Mar-2025,Feb-2027,"SGS Formulation Pvt. Ltd.,S-111, SIDCO Industrial Estate, Kakkalur- 602 003, Thiruvallur District. Tamil Nadu, India",Failed Assay (for Phenylephrine Hydrochloride IP ),"DTL, Puducherry",portal,2025-12_all_nsq.json,39
2025-12,central,nsq,Enteric Coated Rabeprazole Sodium & Domperidone Sustained release Capsules Rabizole - DSR,SPK 1386,Nov-2024,Oct-2026,"Spanker Biotech Ltd. Vill. Makhanu Majra, Bhud Road, Baddi, Tehsil Nalagarh, Distt. Solan - 173205 (H.P.)",The sample does not conform to Manufacturers Specification with respect to The Test of Dissolution of Rabeprazole Sodium and Assay of Rabeprazole Sodium.,"CDL, Kolkata",portal,2025-12_all_nsq.json,40
2025-12,central,nsq,"Phenylephrine Hydrochloride, Chlorpheniramine Maleate Qr-Cold Syrup",WDLB012,Jun-2025,May-2027,Westerlin Drugs Pvt. Ltd. Industrial Area Fatuha (Patna) - 803201,The sample does not conform to I.P. with respect to The Assay of Phenylephrine Hydrochloride.,"CDL, Kolkata",portal,2025-12_all_nsq.json,41
2025-12,central,nsq,Rabeprazole Sodium and Domperidone Sustained Release Capsules RABILITE-DSR,B20824002,Feb-2024,Jan-2026,"Torque Pharmaceuticals Pvt. Ltd 13B-14, EPIP-I, Jharmajri, H.P.- 173205",The sample does not conform to Manufacturers Specification with respect to The test of Dissolution of Rabeprazole Sodium (Acid Resistance in 0.1M HCl).,"CDL, Kolkata",portal,2025-12_all_nsq.json,42
2025-12,central,nsq,Dexamethasone Sodium Phosphate Injection IP 4 mg/ml. DEXOHIN,69,Jun-2025,May-2027,Hindustan Medicines Pvt. Ltd. Barauni-851112 Bihar,The sample does not conform to IP with respect to test for Particulate matter and is also not of standard quality for The reason stated under Description.,"CDL, Kolkata",portal,2025-12_all_nsq.json,43
2025-12,central,nsq,Amikacin Injection IP 100 mg,LI25292,Sep-2025,Aug-2027,"Agron Remedies Pvt. Ltd. Sarverkhera, Moradabad Road, Kashipur-244713, (Uttarakhand).",The sample does not conform to I.P. with respect to test for Particulate matter and is also not of standard quality for The reason stated under Description.,"CDL, Kolkata",portal,2025-12_all_nsq.json,44
2025-12,central,nsq,Albendazole Oral Suspension IP ALBEND,LBS-006/25,Oct-2025,Sep-2028,"Drakt International, Diamond Harbour Road Joka Kolkata 700104 , West Bengal",The sample does not conform to I.P. with respect to The Assay of Albendazole.,"CDL, Kolkata",portal,2025-12_all_nsq.json,45
2025-12,central,nsq,Rabeprazole Sodium Injection IP,MD24G42,Jul-2024,Jun-2026,"Martin &Brown Bio-Sciences Pvt. Ltd. K.No 918/419, Malkumajra, Nalagarh Road, Baddi, Distt. Solan (H.P.) 173205","The sample does not conform to I.P. with respect to The tests of Description, Clarity of Solution, Particulate Matter, pH, Related Substances and Assay of Rabeprazole Sodium.","CDL, Kolkata",portal,2025-12_all_nsq.json,46
2025-12,central,nsq,"Ambroxol Hydrochloride, Guaiphenesin and Levosalbutamol Syrup Corun-LA Junior Syrup",A20497B,Mar-2025,Feb-2027,"Aspen Lifesciences Plot No. 57, Nagkalan Industrial Area, Majitha Road, Amritsar-143601 Punjab",The sample does not conform to claim as per Manufacturer's Specification with respect to Assay of Ambroxol Hydrochloride.,"CDL, Kolkata",portal,2025-12_all_nsq.json,47
2025-12,central,nsq,Omeprazole Capsules 40 mg,JDC-1452,Oct-2024,Sep-2026,"Jpee Drugs Plot No-53, Sector 6-A, SIDCUL, Haridwar (Uttarakhand)","The sample does not conform to claim as per I.P. 2022 in respect to The Test of Dissolution (Acid Stage), Dissolution (Buffer Stage)","CDL, Kolkata",portal,2025-12_all_nsq.json,48
2025-12,central,nsq,Telmisartan Tablets IP,24305,Oct-2024,Sep-2026,"BENNET Pharmaceuticals Ltd. VILL-Chanal Majra Near-Manpura, Baddi Distt- Solan H.P.-173205.",The sample is not of standard quality for The reason stated under Description.,"CDL, Kolkata",portal,2025-12_all_nsq.json,49
2025-12,central,nsq,Oral Rehydration Salts IP,OE50244,Sep-2025,Feb-2027,"Caplet India Pvt.Ltd. Rekjuani,Kolkata-700135","The sample does not conform to I.P. with respect to Uniformity of weight, Seal test and also for The reason stated under Description.","CDL, Kolkata",portal,2025-12_all_nsq.json,50
2025-12,central,nsq,"Lorazepam Injection IP 2 mg/ml, 2 ml WELOR",WALV24001A,Oct-2024,Mar-2026,"Welcure Remedies Nahan Road, Vill Moginand, Distt. Sirmour-173030(HP)","The sample does not conform to I.P. with respect to test for Particulate matter, Assay and is also not of standard quality for The reason stated under Description.","CDL, Kolkata",portal,2025-12_all_nsq.json,51
2025-12,central,nsq,Ambroxol Hydrochloride I.P-15.0mg Terbutaline Sulphate I.P-1.25mg Guaiphenesin I.P 50.0mg Menthol I.P -2.5mg GBS JUNIOR,25L06,Feb-2025,Jan-2028,"Oro Pharmaceuticals Pvt Ltd, New Industrial Estate ,Jagatpur-754021,Cuttack Odisha",The sample does not conform to claim with respect to Assay of Menthol.,"CDL, Kolkata",portal,2025-12_all_nsq.json,52
2025-12,central,nsq,"Bromhexine Hydrochloride,Terbutaline Sulphate,Guaiphenesin & Menthol Syrup Respifresh-TR",R12GL2426,Dec-2024,Nov-2026,"Rednex Pharmaceuticals Limited Survey No : 586 & 231, NR. SKF Bearing, Bavla Bagodara, N.H.-8A, Kerala, Tal. Bavla, Dist-Ahmedabad-382220","The sample does not conform to claim as per Schedule V, Drugs & Cosmetics Act in respect to The Assay of Menthol.","CDL, Kolkata",portal,2025-12_all_nsq.json,53
2025-12,central,nsq,Rabeprazole Sodium (EC) & Domperidone (SR) Capsules RABIVO-DSR,CG25-0039P,Feb-2025,Jan-2027,"Athens Life Sciences Mauza Rampur Jattan, Nahan Road, Kala Amb, Distt. Sirmour, H.P.-173030",The sample does not conform to claim with respect to The Assay of Rabeprazole Sodium.,"CDL, Kolkata",portal,2025-12_all_nsq.json,54
2025-12,central,nsq,Progesterone Sustained Release Tablets 300 mg OPTOGEST 300 SR,T2B15001,Feb-2025,Jan-2027,"Synokem Pharmaceuticals Ltd. No.56-57, Sector 6A, IIE,SIDCUL, Ranipur, Distt. Haridwar-249403 (Uttarakhand)",The sample does not conform to claim as per Manufacturer Specification with respect to test for Dissolution.,"CDL, Kolkata",portal,2025-12_all_nsq.json,55
2025-12,central,nsq,"Diclofenac Sodium, Paracetamol & Chlorzoxazone Tablets Diclotrum-MR",SGT-231863,Jan-2024,Dec-2025,"Spectrum Formulation Pvt. Ltd. Khasra No.12,Makhanpur,Bhagwanpur,Roorkee, Hridwar (U.K.) 247661",The sample does not conform to claim with respect to Description.,"CDL, Kolkata",portal,2025-12_all_nsq.json,56
2025-12,central,nsq,Paracetamol Tablets IP 500 mg,PCT-2445,Oct-2024,Mar-2027,"Suprex Laboratories, 11/C, Industrial Area, Maxi Road, Ujjain (MP)",The sample does not comply as per I.P. 2022 with respect to The test for Dissolution of Paracetamol.,"RDTL, Guwahati",portal,2025-12_all_nsq.json,57
2025-12,central,nsq,Paracetamol Tablets IP 650 mg Arvimol 650 Tablets,24I-T1956E,Dec-2024,Nov-2026,"Orison Pharma International Khari, Mauza Ogli, Kala Amb, Distt. Sirmour - 173030 (H.P.)",The sample is not of standard quality for The reason stated under Description of The tablets.,"RDTL, Guwahati",portal,2025-12_all_nsq.json,58
2025-12,central,nsq,Dexamethasone Tablets BP 8 mg. Dexarid-8,RT230508,Jul-2023,Jun-2026,"Ridley Life Science Pvt. Ltd D-1651, DSIDC, Indl. Complex, Narela, Delhi- 110040",The sample does not conform to claim as per B.P. 2025 with respect to The test for Assay of Dexamethasone.,"RDTL, Guwahati",portal,2025-12_all_nsq.json,59
2025-12,central,nsq,Calcium & Vitamin D3 Tablets IP (500 mg/250IU),CDA-583,Mar-2025,Feb-2027,"Healers Lab Unit-II, Plot No. 33, HPSIDC Extn., Baddi, Dist.-Solan, H.P.",The sample does not comply as per I.P. 2022 with respect to The test for Dissolution of Calcium.,"RDTL, Guwahati",portal,2025-12_all_nsq.json,60
2025-12,central,nsq,Telmisartan Tablets IP 40mg Savtel 40 Tablets,PT- 40584,Feb-2024,Jan-2026,"Pharmaroots Healthcare Khasra No. 411, Village Tipra, P.O. Barotiwala, Tehsil Baddi, Distt. Solan, H.P.",The sample does not comply as per I.P. 2022 with respect to The test for Dissolution of Telmisartan.,"RDTL, Guwahati",portal,2025-12_all_nsq.json,61
2025-12,central,nsq,"Cyproheptadine, Tricholine and Sorbitol oral solution Cypliv",L25078,Aug-2025,Jul-2027,"Wamika Pharmaceuticals Private Limited, #318, HSIIDC, Industrial Growth Centre, Sector-2, Phase-I, Saha-133104, Distt. Ambala (Haryana)",The sample does not conform to claim as per Patent and Proprietary in respect to The Assay of Sorbitol (70%).,"RDTL, Chandigarh",portal,2025-12_all_nsq.json,62
2025-12,central,nsq,Albendazole Tablet IP,PGT24347,Jun-2024,May-2027,"Affy Parenterals Vill. Gullarwala, P.O. Baddi, Distt. Solan- 173 205 (HP)",The sample does not conform to claim as per IP 2022 in respect to The Test of Dissolution,"RDTL, Chandigarh",portal,2025-12_all_nsq.json,63
2025-12,central,nsq,LEVTARY - 500,AA250585A,Jul-2025,Jun-2027,"Gufic Biosciences Limited N.H.No. 08 Kabilpore, Navsari Gujarat 396424 (India)",The sample does not conform to claim as per Patent and Proprietary in respect to The Test of Free drug,"RDTL, Chandigarh",portal,2025-12_all_nsq.json,64
2025-12,central,nsq,Levetiracetam Tablets IP 500 mg,LTH2505,Sep-2025,Aug-2027,"Applied Communication & Controls, Khasra No.122, Selaqui Industrial Area, Dehradun, Uttarakhand.",The sample does not conform to claim as per IP 2022 in respect to The Test of Dissolution.,"RDTL, Chandigarh",portal,2025-12_all_nsq.json,65
2025-12,central,nsq,"Ambroxol Hydrochloride, Terbutaline Sulphate, Guaiphenesin & Menthol Syrup Wamicof-AX Expectorant",L25082,Sep-2025,Aug-2027,"Wamika Pharmaceuticals Private Limited, #318, HSIIDC, Industrial Growth Centre, Sector-2, Phase-I, Saha-133104, Distt. Ambala (Haryana)",The sample does not conform to claim as per Patent and Proprietary in respect to The Assay of Terbutaline Sulphate,"RDTL, Chandigarh",portal,2025-12_all_nsq.json,66
2025-12,central,nsq,"Levosalbutamol, Ambroxol Hydrochloride & Guaiphenesin Syrup STUQOF-LS",TS-538,Jul-2025,Jun-2027,"Trimedix Pharma (P) Ltd. C-40, I.A. Phase-III, Mohali-160055 Punjab",The sample does not conform to claim as per Patent and Proprietary in respect to The Assay of Levosalbutamol Sulphate calculated as Levosalbutamol,"RDTL, Chandigarh",portal,2025-12_all_nsq.json,67
2025-12,central,nsq,"Ambroxol,Terbutaline,Guaiphenesin and Menthol syrup AMBROLET-LS",OS-12095,Sep-2025,Aug-2027,"Omnison Pharma Pvt. Ltd. G-456,G-457,UPSIDC,Phase-II, M.G. Road ,Dist.Hapur (U.P.), India.",The sample does not conform to claim as per Patent and Proprietary in respect to The Test of Total yeast and mould count.,"RDTL, Chandigarh",portal,2025-12_all_nsq.json,68
2025-12,central,nsq,"Levosalbutamol, Ambroxol Hydrochloride & Guaiphenesin Syrup AMBROX-LG",TS-249,Apr-2025,Mar-2027,"Trimedix Pharma (P) Ltd. C-40, I.A. Phase-III, Mohali-160055 Punjab",The sample does not conform to claim as per Patent and Proprietary in respect to The Assay of Levosalbutamol Sulphate calculated as Levosalbutamol,"RDTL, Chandigarh",portal,2025-12_all_nsq.json,69
2025-12,central,nsq,Ranitidine Oral Solution IP ZALTAC Syrup,MDL-C490,Aug-2025,Jul-2027,"Marvellon Pharmaceuticals Pvt. Ltd. Kh. No. 114, Vill. Damowala, P.O. Barotiwala, Baddi, Distt. Solan (H.P.) 174103",The sample does not conform to claim as per IP 2022 in respect to The test pH and Assay of Ranitidine Hydrochloride calculated as Ranitidine.,"RDTL, Chandigarh",portal,2025-12_all_nsq.json,70
2025-12,central,nsq,Ondansetron Tablets IP Anset Tablets,RBMT-921,Sep-2025,Aug-2028,"Ronald Pharmaceuticals (P) Ltd. B.No. 740-A, At. Manjusar, Tal.Savli, Dist. Vadodara-391775 Gujarat",The sample does not conform to I.P. 2022 with respect to The test for Related substances.,"CDTL, Mumbai",portal,2025-12_all_nsq.json,71
2025-12,central,nsq,Prednisolone Sodium Phosphate Drops Reslone (Drops 10ml),L-250705,Jul-2025,Jun-2027,"Dr. Pal'S Pharmaceuticals 10B-1, Industrial Park-2, Salempur, Mahdood Haridwar (Uttarakhand) India.",The sample received does not conform with respect to The test for weight per ml.,"CDTL, Mumbai",portal,2025-12_all_nsq.json,72
2025-12,central,nsq,"Ibuprofen and Paracetamol Suspension SNEFLAM DS SUSPENSION, 60 ml",L25J001,Oct-2025,Sep-2027,"Snehal Pharma & Surgicals Pvt. Ltd. B-1/11, B-2/1, M.I.D.C., Butibori, Nagpur-441122, Maharashtra (India)",The sample does not conform to claim with respect to The test for Microbial contamination (Test of Total Aerobic Viable Count),"CDTL, Mumbai",portal,2025-12_all_nsq.json,73
2025-12,central,nsq,Tigecycline Injection IP 50 mg Tigelite Injection 50mg),LAA139,Mar-2025,Feb-2027,"Lyka Labs Ltd. Plot No. 4801/B & 4802/A, GIDC Industrial Estate, Ankleshwar - 393 002, Gujarat, India.",The sample does not conform to I.P. 2022 with respect to test for Related substances .,"CDTL, Mumbai",portal,2025-12_all_nsq.json,74
2025-12,central,nsq,Itraconazole Capsules BP 200 mg,R08GC2506A,Aug-2025,Jul-2027,"Rednex Pharmaceuticals Ltd. Survey No : 586 & 231, NR. SKF Bearing, Bavla Bagodara, N.H.-8A, Kerala, Tal. Bavla, Dist-Ahmedabad-382220",The sample received does not conform to I.P. 2022 with respect to The test for Dissolution.,"CDTL, Mumbai",portal,2025-12_all_nsq.json,75
2025-12,central,nsq,Luliconazole Lotion IP 1% W/V LUZORAN Lotion 30ml,R09GE2518B,Sep-2025,Aug-2027,"Rednex Pharmaceuticals Limited Survey No : 586 & 231, NR. SKF Bearing, Bavla Bagodara, N.H.-8A, Kerala, Tal. Bavla, Dist-Ahmedabad-382220",The sample received does not conform to I.P. 2022 with respect to The test for Related substance.,"CDTL, Mumbai",portal,2025-12_all_nsq.json,76
2025-12,central,nsq,Chlorpheniramine Maleate & Phenylephrine Hcl Syrup I.P. Ezicold Syrup 60ml,L3126,Sep-2025,Aug-2027,"Camper Healthcare Plot No. C-01, Ganpat Vidyanagar, Kherva-384012, Gujarat",The sample received does not conform to I.P. 2022 with respect to The test of Assay of Phenylephrine Hydrochloride.,"CDTL, Mumbai",portal,2025-12_all_nsq.json,77
2025-12,central,nsq,Glycerin IP,3F/RG/24/0054,Nov-2024,Oct-2029,"3F Industries Ltd. 1604, EPURU 1 (B), Pantapalem, Nellore - 524323, A.P. India Andhra Pradesh",The sample received does not conform to I.P. 2022 with respect to The test for Aldehydes.,"CDTL, Mumbai",portal,2025-12_all_nsq.json,78
2025-12,central,nsq,Menadione Sodium Bisulphite Injection IP Kaytin MB 1ml,MA25D33,Apr-2025,Mar-2027,"Martin & Brown Bio-Sciences Pvt. Ltd. K.No 918/419, Malkumajra, Nalagarh Road, Baddi, Distt. Solan (H.P.) 173205",The sample received does not conform to The I.P. with respect to The test for Assay of Menadione Sodium Bisulphite,"CDTL, Mumbai",portal,2025-12_all_nsq.json,79
2025-12,central,nsq,Drotaverine HCl Suspension PED-DS suspension 60ml,L-250901,Sep-2025,Aug-2030,"Dr. Pal's Pharmaceuticals 10B-1, Industrial Park-2, Salempur, Mahdood Haridwar (Uttarakhand) India.",The sample does not conform to claim with respect to The test for Microbial contamination (Total Aerobic Viable Count and Total Fungal Count).,"CDTL, Mumbai",portal,2025-12_all_nsq.json,80
2025-12,central,nsq,"Neosorb 70/70B-Sirop De Sorbitol (Sorbitol Liquid, Crystallising USP/NF)",599646,Mar-2023,Mar-2028,"Roquette Freres, France",The sample received does not conform to as per IP in respect to The test for angle of Rotation only.,"CDTL, Chennai",portal,2025-12_all_nsq.json,81
2025-12,central,nsq,Paracetamol Tablets IP 650mg,PCT25057,Apr-2025,Mar-2027,"Vivek Pharmachem (India) Ltd. NH-8, Chimanpura, Amer, Jaipur-303 102",The sample received does not conform to as per IP in respect to The test for Dissolution.,"CDTL, Chennai",portal,2025-12_all_nsq.json,82
2025-12,central,nsq,Sorbitol Solution 70% IP Non Crystallizing,2526010,May-2025,Apr-2030,"Gujarat Ambuja Exports Ltd. Plot No. A 04, Industrial Estate MIDC Area Kadki Chalisgoan Dist. Jalgoan 424101 Maharashtra",The sample does not conform to as Per IP in respect to The test for angle of Rotation.,"CDTL, Chennai",portal,2025-12_all_nsq.json,83
2025-12,central,nsq,Clopidogrel & Aspirin Tablets IP,GT250518,Mar-2025,Feb-2027,"Theon Pharmaceuticals Ltd. Vill. Saini Majra, Tehsil Nalagarh, Distt. Solan (H.P.) 174 101.",The sample Received Does Not Conform To I.P. 2022 Specification With Respect To The Description And Test For Free Salicylic Acid Only.,CDTL-Hyderabad,portal,2025-12_all_nsq.json,84
2025-12,central,nsq,Clopidogrel & Aspirin Tablets IP,GT250519,Mar-2025,Feb-2027,"Theon Pharmaceuticals Ltd. Vill. Saini Majra, Tehsil Nalagarh, Distt. Solan (H.P.) 174 101.",The sample Received Does Not Conform To I.P. 2022 Specification With Respect To The Description And Test For Free Salicylic Acid Only.,CDTL-Hyderabad,portal,2025-12_all_nsq.json,85
2025-12,central,nsq,Levetiracetam Tablets IP 500 mg Epivell-500 Tablets,GT5F136,Jun-2025,May-2027,"Ritual Drugs Pvt. Ltd. (A WHO-GMP Certified Company) Plot No. 271-272, Phase-I, HSIIDC, Barhi Industrial Area, Sonepat (HR)-131101 Haryana",The sample received does not conform to I.P. 2022 specification with respect to The test for Dissolution only.,CDTL-Hyderabad,portal,2025-12_all_nsq.json,86
2025-12,central,nsq,"Poly Ethylene Glycol - 200,",43029642,Feb-2025,Jan-2027,"Saudi Basic Industries Corporation (SABIC), P.O Box 5101, Riyadh 11422, Kingdom Of Saudi Arabia.","The sample received does not conform to U.S.P. specification with respect to The content of ethylene glycol and diethylene glycol impurities, which are exceeding permissible limit",CDTL-Hyderabad,portal,2025-12_all_nsq.json,87
2025-12,central,nsq,Sorbitol Solution 70% IP (Non-Crystallizing),KA/018,Sep-2025,Aug-2030,"Gujarat Ambuja Exports Limited Sy No 153/1,154-1/2/3,Madli Cross P.B Road (NH-4),Village Hulsoggi 581205P.O Manakatti,TQ Shiggoan Dist Haveri/Karnataka","The sample received does not conform to I.P. 2022 specification with respect to The content of ethylene glycol impurity, which is exceeding permissible limit",CDTL-Hyderabad,portal,2025-12_all_nsq.json,88
2025-12,central,nsq,"Dextromethorphan Hydrobromide, Ambroxol Hydrochloride, Chlorpheniramine Maleate & Phenylephrine Hydrochloride Syrup Tusty Total",OLM24120,Dec-2024,Aug-2030,"Medishri Healthcare Pvt. Ltd. Khasra No.-27, Mandawar, Bhagwanpur, Roorkee, Distt. Haridwar (U.K.) Uttarakhand",The sample received does not conform to manufacturer specification with respect to The test for Assay of ambroxol hydrochloride content only.,CDTL-Hyderabad,portal,2025-12_all_nsq.json,89
2025-12,central,nsq,"Paracetamol, Phenylephrine Hydrochloride & Chlorpheniramine Maleate Drops SINUS DROPS",876/26,Apr-2025,Mar-2027,"Livin Formulations Survey No: 807 IDA Medchal Medchal-Malkajgiri District, Telangana, India.",The sample received does not conform to manufacturer specification with respect to The test for pH only.,CDTL-Hyderabad,portal,2025-12_all_nsq.json,90
2025-12,central,nsq,Metoprolol Succinate Prolonged Release Tablets IP Metloc ER50,MER3 294D,Nov-2024,Oct-2026,"Pulse Pharmaceuticals Pvt. Ltd. Khasra No. 400, 407, 409, Karondi, Roorkee, Uttarakhand-247 667",The sample is not of standard quality for The reasons stated under Description,CDTL -Indore,portal,2025-12_all_nsq.json,91
2025-12,"state:SDTL, Guwahati",nsq,Levocetirizine Hydrochloride and Montelukast Sodium Tablets IP,TA250025,Jan-2025,Dec-2026,"Orchid Medlife Pvt. Ltd., Khasra No-648/13, Vill. Kaund, P.O.- Thana Tehsil Baddi. Dist. Solan (H.P.), 173205",Dissolution (Montelukast Sodium),"SDTL, Guwahati",portal,2025-12_all_nsq.json,92
2025-12,"state:SDTL, Guwahati",nsq,Telmisartan Tablets IP 40 mg,BPLT-24205,Aug-2024,Jul-2026,"Bennet Pharmaceuticals Ltd., Vill-Chanal Majra, Nr. Manpura, Baddi. Tal. Nalagarh, Dist.- Solan (H.P.), 173205","Dissolution, Uniformity of content (Telmisartan)","SDTL, Guwahati",portal,2025-12_all_nsq.json,93
2025-12,"state:SDTL, Guwahati",nsq,Albendazole Tablets IP 400 mg,AAO-2502,Apr-2025,Mar-2027,"Apple Formulations Pvt. Ltd. Plot No. 208, Kishanpur, Roorkee-247667 (U.K)",Assay (Albendazole),"SDTL, Guwahati",portal,2025-12_all_nsq.json,94
2025-12,state:SDTL Raipur Chhattisgarh,nsq,Ceftriaxone & Sulbactam for Injection IP (Keftragard-1500),KPD034021AQ,Jul-2024,Jun-2026,Ipca Laboratories Unit- II C-6 Sara Ind. Estate Chakrata Road Rampur Dehradun 248197 (Uttarakhand),Misbranded,SDTL Raipur Chhattisgarh,portal,2025-12_all_nsq.json,95
2025-12,state:SDTL Raipur Chhattisgarh,nsq,Cefixime & Azithromycin with Lactic Acid Bacillus Tablets (G-CEF- AZ ),GB-2440,Nov-2024,Oct-2026,"MG - Biotech Pvt. Ltd., Plot No. 46, Poanta Sahib (H.P.) Sahara Industrial, Nr. Rms Ground, Nahan Road, Solan",Assay,SDTL Raipur Chhattisgarh,portal,2025-12_all_nsq.json,96
2025-12,state:SDTL Raipur Chhattisgarh,nsq,"Cefixime & Azithromycin, Lactic Acid Bacillus Tablets(ARRCEF- AZ )",2827,May-2025,Apr-2027,MLARRX Pharmaceuticals No 18 Gopalakrishanan Raod T Nagar Chennai 600017,Assay,SDTL Raipur Chhattisgarh,portal,2025-12_all_nsq.json,97
2025-12,state:SDTL Raipur Chhattisgarh,nsq,Amoxycillin Potassium Clavulanate & Lactic Acid Bacillus Tablets IP,GCA012,Apr-2025,Mar-2027,GC Healthcare Vill Lower Ambota Sec.- 6 Parwanoo Dist.- Solan (H.P.),Assay,SDTL Raipur Chhattisgarh,portal,2025-12_all_nsq.json,98
2025-12,state:SDTL Raipur Chhattisgarh,nsq,Albendazole Tablets IP 400 mg,MT250971,Oct-2025,Sep-2027,"Mancare Laboratories Pvt. Ltd., (A WHO ? GMP Certified Company) Plot No 11 Pharmacity Selaqui Dehradun Uttarakhand 248011",Dissolution,SDTL Raipur Chhattisgarh,portal,2025-12_all_nsq.json,99
2025-12,state:SDTL Raipur Chhattisgarh,nsq,Albendazole Tablets IP 400 mg,MT250990,Oct-2025,Sep-2027,"Mancare Laboratories Pvt. Ltd., (A WHO ? GMP Certified Company) Plot No 11 Pharmacity Selaqui Dehradun Uttarakhand 248011",Dissolution,SDTL Raipur Chhattisgarh,portal,2025-12_all_nsq.json,100
2025-12,state:SDTL Raipur Chhattisgarh,nsq,Albendazole Tablets IP 400 mg,MT250998,Oct-2025,Sep-2027,"Mancare Laboratories Pvt. Ltd., (A WHO ? GMP Certified Company) Plot No 11 Pharmacity Selaqui Dehradun Uttarakhand 248011",Dissolution,SDTL Raipur Chhattisgarh,portal,2025-12_all_nsq.json,101
2025-12,state:SDTL Raipur Chhattisgarh,nsq,Albendazole Tablets IP 400 mg,MT250987,Oct-2025,Sep-2027,"Mancare Laboratories Pvt. Ltd., (A WHO ? GMP Certified Company) Plot No 11 Pharmacity Selaqui Dehradun Uttarakhand 248011",Dissolution,SDTL Raipur Chhattisgarh,portal,2025-12_all_nsq.json,102
2025-12,state:SDTL Raipur Chhattisgarh,nsq,Albendazole Tablets IP 400 mg,MT250981,Oct-2025,Sep-2027,"Mancare Laboratories Pvt. Ltd., (A WHO ? GMP Certified Company) Plot No 11 Pharmacity Selaqui Dehradun Uttarakhand 248011",Dissolution,SDTL Raipur Chhattisgarh,portal,2025-12_all_nsq.json,103
2025-12,state:SDTL Raipur Chhattisgarh,nsq,Albendazole Tablets IP 400 mg,MT250989,Oct-2025,Sep-2027,"Mancare Laboratories Pvt. Ltd., (A WHO ? GMP Certified Company) Plot No 11 Pharmacity Selaqui Dehradun Uttarakhand 248011",Dissolution,SDTL Raipur Chhattisgarh,portal,2025-12_all_nsq.json,104
2025-12,state:SDTL Raipur Chhattisgarh,nsq,Albendazole Tablets IP 400 mg,MT251010,Oct-2025,Sep-2027,"Mancare Laboratories Pvt. Ltd., (A WHO ? GMP Certified Company) Plot No 11 Pharmacity Selaqui Dehradun Uttarakhand 248011",Dissolution,SDTL Raipur Chhattisgarh,portal,2025-12_all_nsq.json,105
2025-12,state:DTL BADDI,nsq,Diclofenac Potassium & Paracetamol Tablets (MUSCARE-P TAB.),YLT25027,Jul-2025,Jun-2027,"YL Pharma, Plot NO 9H, Village Katha , Baddi, Distt. Solan",Diclofeanc Potassium Assay 83.54% & Assay Of Paracetamol 79.83%,DTL BADDI,portal,2025-12_all_nsq.json,106
2025-12,state:DTL Baddi,nsq,Zinc Sulphate Dispersible Tablets I.P.,MT10502,Jun-2025,May-2027,"McW Healthcare (P) Ltd. 286, 287- A, 287-B, Sector E, IndustrialareaSanwer Road Indore (MP)",the sample does not conforms to claim as per IP 2022 in respect to the uniformity of Dispersion & Disintegrstion test,DTL Baddi,portal,2025-12_all_nsq.json,107
2025-12,"state:DTL Thrissur,Kerala",nsq,"Montelukast Sodium & Levocetirizine Hydrochloride Dispersible Tablets, (CIVIKAST-LC KID)",GT240841,Apr-2024,Mar-2026,"Theon Pharmaceuticals Ltd, Vill.Saini Majra, Tehsil, Nalagarh, Distt.Solan (H.P)-174101",The sample does not conform to Schedule V of Drugs Rules 1940 with respect to the test Disintegration as per IP,"DTL Thrissur,Kerala",portal,2025-12_all_nsq.json,108
2025-12,"state:DTL Thiruvananthapuram,Kerala",nsq,Albendazole Tablets IP 400mg,370725001,Aug-2025,Jul-2028,"Ravenbhel Healthcare Pvt.Ltd, 16-17, EPIP, SIDCO, Kartholi, Bari Brahmana, Jammu-181133",Sample fails the test Dissolution as specified in the Laboratory Protocol as per IP.,"DTL Thiruvananthapuram,Kerala",portal,2025-12_all_nsq.json,109
2025-12,"state:DTL Thiruvananthapuram,Kerala",nsq,"Metformin Hydrochloride Prolonged Release & Glimepiride Tablets IP,(Ajapride M2)",NHD24148A,Mar-2024,Feb-2027,"Nest Healthcare Pvt.Ltd, Plot -300, GIDC, Nr. Narisanrakshan Gruh, BhikshuGruh Road, Odhav, Ahmedabad(Guj), India-382415.",Sample fails the test Descriptive Part for the tablets as per IP.,"DTL Thiruvananthapuram,Kerala",portal,2025-12_all_nsq.json,110
2025-12,"state:RDTL Ernakulam,Kerala",nsq,"Amoxycillin & Potassium Clavulanate Tablets IP (500mg+125mg), (Symbiotik XL-625)",SH255011,May-2025,Apr-2027,"Sotac Healthcare Private Limited, Plot No. PF/20, Sanand GIDC-II, Charal Industrial Estate, Sanand, Ahmedabad-382110, Gujarat (India)",Sample fails the tests Dissolution for Amoxycillin and Clavulanic Acid and Assay of Clavulanic Acid.,"RDTL Ernakulam,Kerala",portal,2025-12_all_nsq.json,111
2025-12,"state:DTL Thrissur,Kerala",nsq,Calcium Carbonate & Vitamin D3 Tablets (Nemical),SBT-2179,Apr-2025,Sep-2026,"Sterlife Biotech Pvt.Ltd, 12-B, Nisan Industrial Park, Tajpur Road, Changodar, Ahmedabad-382213.",Sample does not conform to IP with respect to Dissolution and Assay of Vitamin D3,"DTL Thrissur,Kerala",portal,2025-12_all_nsq.json,112
2025-12,"state:DTL Thiruvananthapuram,Kerala",nsq,Olmesartan Medoxomil Tablets IP 20mg,GT250287,Feb-2025,Jan-2027,"Theon Pharmaceuticals Ltd, Vill.Saini Majra, Tehsil, Nalagarh, Distt.Solan (H.P)-174101","Sample fails the test Dissolution as per IP, as specified in the Laboratory Protocol","DTL Thiruvananthapuram,Kerala",portal,2025-12_all_nsq.json,113
2025-12,"state:RDTL Ernakulam,Kerala",nsq,Telmisartan Tablets IP 40mg,493TTF020,Aug-2025,Jul-2027,"Swiss Garnier Life Sciences, No.21-23, Industrial Area, Mehatpur, Distt. Una, Himachal Pradesh-174315, India",Sample fails the test Dissolution.,"RDTL Ernakulam,Kerala",portal,2025-12_all_nsq.json,114
2025-12,"state:FDAL, Mumbai",nsq,Levocetirizine Tablets IP 5mg Levocet,GT23624C,Jul-2023,Jun-2026,"Hetero Healthcare Ltd. Alldc Industrial Growth Centre Changsari, Naz Sindurighopa, Kamrup (Dist-Assam-781101",Description,"FDAL, Mumbai",portal,2025-12_all_nsq.json,115
2025-12,"state:FDAL, Mumbai",nsq,Luliitech Cream,DF200,Apr-2024,Mar-2026,"Hygieia Home And Personal Care Solution Khasra No. 437, Village Nariyal, Opposite, Sector-4, Parwanoo,HP",Assay and Misbranded,"FDAL, Mumbai",portal,2025-12_all_nsq.json,116
2025-12,"state:FDAL, Mumbai",nsq,Pantoremed-40 Tables,AMT-0892A,Oct-2024,Sep-2026,"Avalon Medicines Pvt. Ltd. Plot No. 1271, Phase 1, Sector 38, HSHDC, Rai Sonipat (HR)-131029",The sample does not comply with IP requrements for Dissolution Test at Acid Stage,"FDAL, Mumbai",portal,2025-12_all_nsq.json,117
2025-12,"state:FDAL, Mumbai",nsq,Voglibose Tablets IP Vobil 0.2 Tables,T-2404094,Apr-2024,Mar-2026,"Oscar House, Badi Majra, Yamunanagar-135001 HR",Description,"FDAL, Mumbai",portal,2025-12_all_nsq.json,118
2025-12,"state:FDAL, Mumbai",nsq,"New unsyn Tablets Acetyl Salicyclic Acid BP 150mg Paracetamol BP 150mg, Caffeine (Anhydrous) BP 25mg Tablets",63,Aug-2023,Jul-2026,"National Pharmacetutical G-18/1, MIDC Tarapur Boisar Thane M.S.Thane",Description,"FDAL, Mumbai",portal,2025-12_all_nsq.json,119
2025-12,"state:FDAL, Mumbai",nsq,Ondanserton orally disintergratin tablets IP 40mg (Ondifil Tabelts),GT3C15,Mar-2024,Feb-2026,"Ritual Drugs Pvt Ltd. Plot No. 271-272, Phase-I HSIIDC, Barhi Industrial Area, Sonepat-HR-131101",The sample does not comply with IP requirement for Dissolution and Disintegration.,"FDAL, Mumbai",portal,2025-12_all_nsq.json,120
2025-12,"state:SDT&RL, Bhubaneswar",nsq,Atorvastatin Tablets IP 10mg (Atorwal-10),IC434002,Feb-2024,Jan-2026,"Innova Captab Ltd. 81-B EPIP, Phase-I, Jharmajri, Baddi(H.P.)",Assay & Dissolution test,"SDT&RL, Bhubaneswar",portal,2025-12_all_nsq.json,121
2025-12,"state:SDT&RL, Bhubaneswar",nsq,Atorvastatin Tablets IP 20mg,CT24250048,Apr-2024,Mar-2026,"CMG Biotech Pvt. Ltd. Unit-II, Plot No-58, Phase III, Industrial Area, Sansarpur Terrace, HP-176501",Assay and Dissolution test,"SDT&RL, Bhubaneswar",portal,2025-12_all_nsq.json,122
2025-12,"state:SDT&RL, Bhubaneswar",nsq,"Amoxycilin, Clavulanic Acid (Kaiclav-625 LB)",ABT24350,Oct-2024,Mar-2026,"Alexa Pharmaceuticals, Plot No-20 Ext HPSSIDC, Ind Area, Baddi, Distt Solan (H.P)-173205",Content of Amoxycillin and Clavulanic acid,"SDT&RL, Bhubaneswar",portal,2025-12_all_nsq.json,123
2025-12,"state:SDT&RL, Bhubaneswar",nsq,Ofloxacin Tablets I.P. 400 mg,OFB-506,Mar-2023,Feb-2026,"Healers Lab Unit-II, Plot NO-33, H.P.S.I.D.C Extn. Baddi, Dist-Solan(H.P.)",Dissolution test,"SDT&RL, Bhubaneswar",portal,2025-12_all_nsq.json,124
2025-12,"state:SDTL, Punjab",nsq,Methycoblamin Oral Disintegrating Tablets 1500 mcg (MecoNeuron OD),MOD1085D,Jul-2025,Jun-2027,"Pulse Pharmaceuticals Pvt Ltd, Khasra No. 400, 407, 409 Karondi, Roorkee, Uttarakhand",Description and Uniformity of Dispersion,"SDTL, Punjab",portal,2025-12_all_nsq.json,125
2025-12,"state:SDTL, Punjab",nsq,Aceclofenac & Paracetamol Tablets (Floxy-P),GT-10033,Sep-2025,Aug-2027,"Gag Pharmaceuticals, V.P.O. Mubarkpur-Shaikhan-144025",Dissolution and Misbranded,"SDTL, Punjab",portal,2025-12_all_nsq.json,126
2025-12,"state:DTL, Jaipur",nsq,Iodine Tincture IP 66,IT251,Aug-2025,Jul-2027,"Apex Healthcare, HI-510, RIICO Industrial Area, Bhamashah Kaladwas, Udaipur",Assay,"DTL, Jaipur",portal,2025-12_all_nsq.json,127
2025-12,"state:Drugs Testing Laboratory, Chennai-06",nsq,Aceclofenac Tablets IP 100mg,M25800001,Apr-2025,Mar-2027,"Dr.Miltons Laboratories Private Limited, R.S.No.135/6, Sanyasikuppam Village, Thirubuvanai (Post), Mannadipet Commune, Puducherry-605107",Break up of Tablets,"Drugs Testing Laboratory, Chennai-06",portal,2025-12_all_nsq.json,128
2025-12,"state:Drugs Testing Laboratory, Madurai -19",nsq,Hydroxychloroquine Sulphate Tablets IP 200mg (Auto Q-200),308225004,Jul-2025,Jun-2027,"Regenix Drugs Ltd, A-2, SIDCO Pharmaceuticals Comples, Alathur-603110, Kancheepuram Dist.",Uniformity of weight,"Drugs Testing Laboratory, Madurai -19",portal,2025-12_all_nsq.json,129
2025-12,"state:Drugs Testing Laboratory, Chennai-06",nsq,"Levosalbutamol Sulphate, Ambroxol Hydrochloride & Guaiphenesin Syrup(Brolin Syrup)",ECL/24/904,Mar-2025,Feb-2027,"Emmchak Formulations Pvt. Ltd, Plot No.52-57, First Street, Sri Sai Nagar, Airport, Trichy, 620007",Content,"Drugs Testing Laboratory, Chennai-06",portal,2025-12_all_nsq.json,130
2025-12,"state:Drugs Testing Laboratory, Chennai-06",nsq,"(Levosalbutamol Sulphate, Ambroxol Hydrochloride and Guaiphenesin Syrup)(Cafact-LS )",EPL-009,Feb-2025,Jan-2027,"Elixia pharmaceuticals, R.S. No. 381/3A, Kandamangalam Salai, Vanur, 605109",Content,"Drugs Testing Laboratory, Chennai-06",portal,2025-12_all_nsq.json,131
2025-12,"state:Drugs Testing Laboratory, Chennai-06",nsq,"Levosalbutamol Sulphate, Ambroxol Hydrochloride and Guaiphenesin Syrup(Cafact-LS )",EPL-043,Sep-2025,Aug-2027,"Elixia Pharmaceuticals, R.S.No.381/3A, Kandamangalam Salai, Vanur, 605 109.",Content,"Drugs Testing Laboratory, Chennai-06",portal,2025-12_all_nsq.json,132
2025-12,"state:Drugs Testing Laboratory, Chennai-06",nsq,"(Acebrophylline, Terbutaline Sulphate & Guaiphenesin Syrup) (Sputnix -AB )",AMS25D051,Feb-2025,Jan-2027,"Alop Medi-Sciences Pvt. Ltd, Shamti, Solan-173212, H.P, India",Content,"Drugs Testing Laboratory, Chennai-06",portal,2025-12_all_nsq.json,133
2025-12,"state:Drugs Testing Laboratory, Madurai-19",nsq,"Phenylephrine Hcl, Chlorpheniramine Maleate, Dextromethorphan Hbr Syrup (Pediacold DM )",BHCI 276,Mar-2025,Feb-2028,"Baseman Healthcare Inc, Plot No.10 & 11, GST Road, Balaram Avenue, Thanakkankulam Village, Madurai, Tamilnadu-625006",Content,"Drugs Testing Laboratory, Madurai-19",portal,2025-12_all_nsq.json,134
2025-12,"state:Drugs Testing Laboratory,  Madurai-19",nsq,"Dextromethorphan Hydrobromide, Ambroxol Hydrochloride, Chlorpheniramine Maleate, Phenylephrine Hydrochloride & Menthol Syrup (RespiFresh-AD )",CLAD4017,Dec-2024,Nov-2026,"Crest Lifescoences Pvt. Ltd, Plot No.127-128, EPIP Phase-I, Jharmajri, Tehsil Baddi, Distt. Solan (Himachal Pradesh)-174103",Content,"Drugs Testing Laboratory,  Madurai-19",portal,2025-12_all_nsq.json,135
2025-12,"state:Drugs Testing Laboratory,  Madurai-19",nsq,Ambroxol Hydrochloride. Levosalbutamol Sulphate and Guaiphenesin syrup (Brokuff LS Junior Syrup ),BKJ-2503,Apr-2025,Mar-2027,"Apple Formulations Pvt. Ltd, Plot No.208, Kishanpur, Roorkee-247667 (UK)",Content,"Drugs Testing Laboratory,  Madurai-19",portal,2025-12_all_nsq.json,136
2025-12,"state:Drugs Testing Laboratory,  Madurai-19",nsq,"Dextromethorphan Hydrobromide, Ambroxol Hydrochloride, Chlorpheniramine Maleate, Phenylephrine Hydrochloride & Menthol Syrup (RespiFresh-AD Cough and Cold Formula)",CLAD4016,Dec-2024,Nov-2026,"Crest Lifescoences Pvt. Ltd, Plot No.127-128, EPIP Phase-I, Jharmajri, Tehsil Baddi, Distt. Solan (Himachal Pradesh)-174103",Content,"Drugs Testing Laboratory,  Madurai-19",portal,2025-12_all_nsq.json,137
2025-12,"state:Drugs Testing Laboratory,  Madurai-19",nsq,Amlodipine Besylate and Atenolol Tablets(Amlobact AT ),ABAT-035,Nov-2024,Apr-2027,"IOSIS Remedies Pvt Ltd, Rajpura Road, Village-Khera Nihla, Tehsil-Nalagarh, District- Solan. Himachal Pradesh - 174 101 India",Content,"Drugs Testing Laboratory,  Madurai-19",portal,2025-12_all_nsq.json,138
2025-12,"state:Drugs Testing Laboratory, Chennai-06",nsq,Basm Multi-Spectrum Expectorant,MBM 18,Sep-2025,Aug-2027,"Medline Pharmaceuticals Pvt Ltd, Plot Number 2&3, 1st Main Road, EVP Prabhu Avenue, Chinnakulathuvancherry, Chennai - 600 122.",Content,"Drugs Testing Laboratory, Chennai-06",portal,2025-12_all_nsq.json,139
2025-12,"state:Drugs Testing Laboratory, Chennai-06",nsq,Agtha-LS Cough Syrup,UF2674717H,Sep-2024,Aug-2026,"Ultra Drugs Formulations Pvt Ltd, Plot No.338/278, Vill. Manakpur, Lodhimajra, Tehsil-Baddi, Dist Solan (H.P)-173 205",Content,"Drugs Testing Laboratory, Chennai-06",portal,2025-12_all_nsq.json,140
2025-12,"state:Drugs Testing Laboratory, Chennai-06",nsq,"Levosalbutamol Sulphate, Ambroxol Hydrochloride & Guaiphenesin Syrup(Coffix-LS )",ASL25019,Apr-2025,Mar-2027,"Res Sancta, Vill. Beli Deor, P.O.Khera, Tehsil Nalagarh, Dist, Solan (H.P) - 174 101",Content,"Drugs Testing Laboratory, Chennai-06",portal,2025-12_all_nsq.json,141
2025-12,"state:Drugs Testing Laboratory,  Madurai-19",nsq,"Ambroxol Hydrochloride, Terbutalline Sulphate, Guaiphenesin & Menthol Syrup(soltus TS)",BL-14,Jun-2025,May-2027,"Boffin Biotech Pvt .Ltd, Vill Behral, Paonta Sahib, Distt. Sirmour (H.P)-173 025",Content,"Drugs Testing Laboratory,  Madurai-19",portal,2025-12_all_nsq.json,142
2025-12,"state:Drugs Testing Laboratory, Madurai-19",nsq,"Phenylephrine Hydrochloride & Chlorpheniramine Maleate, Syrup IP(Ryminic Syrup)",BHCI284,Jun-2025,May-2028,"Baseman Healthcare Inc, Plot No.10 & 11, GST Road, Balaram Avenue, Thanakkankulam Village, Madurai, Tamilnadu-625006",Content,"Drugs Testing Laboratory, Madurai-19",portal,2025-12_all_nsq.json,143
2025-12,"state:Drugs Testing Laboratory, Madurai-19",nsq,"Expecotrant, Bronchodilator, Mucolytic(Spair )",LPA-5071,Jul-2025,Jun-2027,"Spinka Pharma, D.No.6-18/4, Pedda Ambepet, Hyderabad - 501 505",Content,"Drugs Testing Laboratory, Madurai-19",portal,2025-12_all_nsq.json,144
2025-12,"state:Drugs Testing Laboratory, Madurai-19",nsq,"Ambroxol HCI, Terbutaline Sulphate, Guaiphenesin & Menthol Syrup(Coftant Syrup)",AMS25D258,Aug-2025,Jul-2027,"Alop Medi-Sciences Pvt. Ltd, Shamti, Solan-173212, H.P",Content,"Drugs Testing Laboratory, Madurai-19",portal,2025-12_all_nsq.json,145
2025-12,"state:Drugs Testing Laboratory, Madurai-19",nsq,"Dextromethorphan HBr, Phenylephrine HCI & CPM Syrup(Koff-Max D)",LLD-8030,May-2024,Apr-2026,"Lifevision Healthcare, Plot No.138-139-140-142, E.P.I.P Phase-1, Jarmajri, Baddi, Dist Solan (H.P) - 174 103",Content,"Drugs Testing Laboratory, Madurai-19",portal,2025-12_all_nsq.json,146
2025-12,"state:Drugs Testing Laboratory, Chennai-06",nsq,"Levosalbutamol Sulphate, Ambroxol Hydrochloride & Guaiphenesin Syrup(Broxin-SB Expectorant)",LA5029A,Jan-2025,Dec-2026,"Navkar Lifesciences, Plot No.76, Lodhi Majra, Industrial Area, Baddi, Distt. Solan (H.P)",Content,"Drugs Testing Laboratory, Chennai-06",portal,2025-12_all_nsq.json,147
2025-12,"state:Drugs Testing Laboratory,  Madurai-19",nsq,"Dextromethorphan Hydrobromide, Chlorpheniramine Maleate, Phenylephrine Hydrochloride Syrup(Caredex Junior )",CXR-2502,Jun-2025,May-2027,"Apple Formulations Pvt. Ltd, Plot No.208, Kishanpur, Roorkee-247667(UK)",Content,"Drugs Testing Laboratory,  Madurai-19",portal,2025-12_all_nsq.json,148
2025-12,"state:Drugs Testing Laboratory,  Madurai-19",nsq,"Chlorpheniramine Maleate, Dextromethorphan Hydrobromide & Phenylephrine Hydrochloride Syrup(Cofcross Syrup)",LSC-25171,Feb-2025,Jan-2027,"Prochem Pharmaceuticals Pvt. Ltd, 140-141, Makkanpur, Bhagwanpur, Roorkee, Dist.Haridwar(UK)-247661",Content,"Drugs Testing Laboratory,  Madurai-19",portal,2025-12_all_nsq.json,149
2025-12,"state:Drugs Testing Laboratory, Madurai-19",nsq,"(Dextromethorphan Hydrobromide, Phenylephrine Hydrochloride and Chlorpheniramine Maleate Syrup)(Respolite-D)",SR 080,Dec-2024,Nov-2026,"Sresan Pharmaceutical Manufacturer, No.787, Bangalore Highways, Sunguvachatram, (Mathura), Kancheepuram Dist-602106",Content,"Drugs Testing Laboratory, Madurai-19",portal,2025-12_all_nsq.json,150
2025-12,"state:Drugs Testing Laboratory, Madurai-19",nsq,"(Dextromethorphan Hydrobromide, Phenylephrine Hydrochloride and Chlorpheniramine Maleate Syrup)(Medcof Cough Syrup)",GE 127,Aug-2025,Jul-2027,"Acmey Inc, Plat No. 4&5, Acmey Nagar, Kalai Nagar Extn, Madurai-625 017",Content,"Drugs Testing Laboratory, Madurai-19",portal,2025-12_all_nsq.json,151
2025-12,"state:Drugs Testing Laboratory, Chennai-06",nsq,"Terbutaline Sulphate, Bromhexine Hydrochloride Guaiphenesin & Menthol Syrup(Cofflet Syrup )",SCFL-2504,Oct-2025,Mar-2027,"Heal (India) Laboratories Pvt Ltd, No.197/1, Periyapalayam Road, Manjankaranai, Tamilnadu - 601 102",Content,"Drugs Testing Laboratory, Chennai-06",portal,2025-12_all_nsq.json,152
2025-12,"state:Drugs Testing Laboratory, Chennai-06",nsq,"Levosalbutamol, Ambroxol Hydrochloride & Guaiphenesin Syrup (Ambroflex-LS Syrup )",AFG-2502,May-2025,Apr-2027,"Apple Formulations Pvt Ltd, Plot No.208, Kishanpur, Roorkee - 247 667 (U.K)",Content,"Drugs Testing Laboratory, Chennai-06",portal,2025-12_all_nsq.json,153
2025-12,"state:King Institute of Preventive Medicine & Research, Guindy, Chennai-32",nsq,Gentamicin Injection IP 2ml,683508,May-2025,Apr-2027,"Zazen Pharma Pvt Ltd, Plot No.7 & 8, Off N.H.No.8, Vasai Phata, Vasai (E ), Dist. Phalgar, Maharashra - 401 208",pH,"King Institute of Preventive Medicine & Research, Guindy, Chennai-32",portal,2025-12_all_nsq.json,154
2025-12,state:DCL Telangana,nsq,Pantoprazole Gastro-Residtant Tablets IP 40 mg (Ptcid 40 Tablets),BHA250196D,Feb-2025,Jan-2027,"Bionial Healthcare Pvt.Ltd, Plot No. D-97, Industraial Area, Phase-7, SAS Nagar Mohali Punjab (160055) Punjab.",Dissolution and Description,DCL Telangana,portal,2025-12_all_nsq.json,155
2025-12,state:DCL Telangana,nsq,Cefpodoxime Proxetil Dispersible Tablets 200 mg (Cefonsa-200 DT Tablets),MVT-749,Sep-2024,Aug-2026,"Bonn Schtering Bio Sciences, Plot No. 64 & 65, 1st floor Electronic Park Thirubuvanai, Manndipet Commune Puducherry - 605 107 Puducherry.",Dissolution and Misbranded.,DCL Telangana,portal,2025-12_all_nsq.json,156
2025-12,state:DCL Telangana,nsq,Diclofenac Potassium Tablets USP(Ark-75 Tablets ),AST-24002,Jun-2024,May-2027,"Apex Laboratories private ltd, B-23, SIDCO Pharmaceuticals Complex, Alathur - 603110 Tamil Nadu.",Misbranded.,DCL Telangana,portal,2025-12_all_nsq.json,157
2025-12,state:DCL Telangana,nsq,Aceclofenac & Paracetamol Tablets(Editrak Tablets ),GVP2504,Sep-2025,Aug-2027,"Glatrix biotech Pvt.Ltd, 11-6-56/2/25 OPP IDPL Factory Balanagar Hyderabad - 500037. Telangana.",Misbranded.,DCL Telangana,portal,2025-12_all_nsq.json,158
2025-12,state:DCL Telangana,nsq,"Pregabaline & Nortriptyline Tablets (DGABA-N Tablets,)",VGT242301B,Nov-2024,Oct-2026,"Vrindavan Global Plot No. No. 23-B, & C, Ind. Area, Lodhimajra, Baddi, Distt. Solan (H.P.) 173 205 Himachal Pradesh",Misbranded.,DCL Telangana,portal,2025-12_all_nsq.json,159
2025-12,"state:SDTL, Govt. of Tripura, Agartala.
State- Tripura",nsq,Amoxycillin & Potassium Clavulanate Tablets IP(CLAVAM 625),25441325,Apr-2025,Sep-2026,"Alkem Health Science, A unit of Alkem Laboratories Limited, Unit-2, Samardung, Karek Block, P.O. : Namthang, District ? Namchi, Sikkim ? 737137.",The sample does not conform to standard quality in respect of the test for Dissolution of Amoxycillin performed.,"SDTL, Govt. of Tripura, Agartala.
State- Tripura",portal,2025-12_all_nsq.json,160
2025-12,"state:SDTL, Govt. of Tripura, Agartala.
State- Tripura",nsq,Amoxycillin & Potassium Clavulanate Tablets IP(Amoxheal ? 625 ),ACAA24149C,Jan-2025,Jun-2026,"J.M. Laboratories, Village- Bhanat, P.O. Gatti, Subathu Road, Solan (H.P) ? 173211.",The sample does not conform to standard quality in respect of the test for Dissolution & Assay of Amoxycillin performed.,"SDTL, Govt. of Tripura, Agartala.
State- Tripura",portal,2025-12_all_nsq.json,161
2025-12,"state:State Drugs Testing Laboratory, Kolkata, West Bengal.",nsq,Telmisartan Tablets I.P. 40 mg,GT-2503,Mar-2025,Feb-2027,"Helax Healthcare Pvt. Ltd., Khasra No. 410, Vill. Karondi, Haridwar.",The sample does not conform to I.P.,"State Drugs Testing Laboratory, Kolkata, West Bengal.",portal,2025-12_all_nsq.json,162
2025-12,central,nsq,RYLES TUBE 12-FG (STERILE),BRT-002,Jul-2024,Jun-2026,"Bhagwati Medicare Devices, 8, Maruti Industrial Estate, Nr. Sindhvai Mata Temple, C.T.M.- Ramol Road, Amraiwadi, Ahmedabad- 380026. Gujarat (India)",The sample does not conform to claim as per Patent and Proprietary in respect to The Test of Sterility,"RDTL, Chandigarh",portal,2025-12_all_nsq.json,163
2025-12,central,nsq,Cotton Bandage,940,May-2025,Apr-2027,"Sapna Bunkar Hath Kargha Sahkari Samiti Ltd., B-12(D), Malviya Industrial Area, Jaipur","The sample does not conform in respect to The Test of Threads per dm, Weight In Gm/sq.m, Foreign Matter, Fluorescence.","CDL, Kolkata",portal,2025-12_all_nsq.json,164
2025-12,"state:DTL, Puducherry",nsq,"Paracetamol, Phenylephrine Hydrochloride, Chlorpheniramine Maleate And Sodium Citrate Suspension((Ronikold - 250 Suspension))",MMR-543,Aug-2024,Jul-2026,"Mediguard Remedies, R.S. No. 106/1, Perambai village, Vanur taluk, Villupuram (Dt), Tamilnadu- 605110",Failed Assay (for Phenylephrine Hydrochloride IP ),"DTL, Puducherry",portal,2025-12_all_nsq.json,165
2025-12,"state:DTL, Puducherry",nsq,"Levosalbutamol, Guaiphenesin And Ambroxol Syrup(BRETHNOL EXPECTORANT)",BEL 6003,Dec-2024,Nov-2026,"Bangalore Antibiotics and Biologicals Pvt Ltd,78/2, 78/3, East Paramanur Road,1st Cross, Mayar Nagar, Salem-636 007",pH,"DTL, Puducherry",portal,2025-12_all_nsq.json,166
2025-12,"state:DTL, Puducherry",nsq,Levocetirizine Hydrochloride & Montelukast Sodium Suspension(LEMONT KID),VS2538,Oct-2025,Sep-2027,"Vertex Pharma Chemicals,Plot no. 60-A, 61-A, PIPDIC electronic Park, Thirubhuvanai, Puducherry- 605 107",Failed Description and assay (For Levocetirizine hydrochloride) & Incorrect Labelling,"DTL, Puducherry",portal,2025-12_all_nsq.json,167
2025-12,"state:DTL, Puducherry",nsq,Amitriptyline Hydrochloride Tablets IP 25mg,ATJ-06,Nov-2023,Oct-2026,"Argon Remedies Pvt Ltd, Sarvarkhera, Moradabad Road, Kashipur-244713, Uttarakhand.",Failed Description (Capping & Cracking),"DTL, Puducherry",portal,2025-12_all_nsq.json,168
2025-12,"state:DTL, Puducherry",nsq,"Dextromethorphan HBR, Phenylephrine Hydrochloride, & Chlorpheniramine Maleate Syrup (Dexril syrup)",MMR-872,Mar-2025,Feb-2027,"Mediguard Remedies,R.S. No. 106/1, Perambai village, Vanur Tk, Villupuram (Dt), Tamilnadu- 605110",Failed Assay (for Phenylephrine Hydrochloride IP ),"DTL, Puducherry",portal,2025-12_all_nsq.json,169
2025-12,state:DTL Baddi,nsq,Safe Hand Gloves,SHR0306,Jun-2021,Jul-2026,NM,SURGICAL GLOVES,DTL Baddi,portal,2025-12_all_nsq.json,170
2025-12,central,nsq,Cotton Bandage,937,May-2025,Apr-2027,"Sapna Bunkar Hath Kargha Sahkari Samiti Ltd., B-12(D), Malviya Industrial Area, Jaipur","The sample does not conform to The test of weight in Gm/sq.m, threads per dm, Fluorescence, Foreign Matter","CDL, Kolkata",portal,2025-12_all_nsq.json,171
2025-12,"state:Drugs Testing Laboratory, Chennai-06",nsq,Eucalyptus Oil IP,654,Oct-2025,Sep-2027,"Repacked by Ganesh Eucalyptus Oil Disitillery, 101, Ganesh Hall, Walsham Road, Ootacamund 643001, The Nilgris",Content,"Drugs Testing Laboratory, Chennai-06",portal,2025-12_all_nsq.json,172
2025-12,central,nsq,X-Plus Gold,VBX-044,Jun-2025,May-2028,"Vaidban Ayurved Bhawan Vill. Fadauli, P.O. Mohra, Distt. Ambala, Haryana -133004, India",The sample does not conform to claim as per Patent and Proprietary in respect to The Test of Tadalafil,"RDTL, Chandigarh",portal,2025-12_all_nsq.json,173
2025-12,state:Government of NCT of Delhi,nsq,My Young Model Foundation,6,Apr-2025,Mar-2028,"Sidhi Vinayak Co., M 122, Sec. 3, Bawana Indl. Area, Delhi-110039",Test For Suspended Solids,Government of NCT of Delhi,portal,2025-12_all_nsq.json,174
2025-12,"state:DTL, Puducherry",nsq,Ciprofloxacin Tablets IP 500mg,2140,Jan-2023,Dec-2025,"Hindustan Antibiotics Ltd., Pimpri, Pune-411018, India.",Failed Description (Rough Surface),"DTL, Puducherry",portal,2025-12_all_nsq.json,175
2025-12,"state:Food & Drugs Laboratory, Vadodara",spurious,(CHYMORAL FORTE) Trypsin-Chymotrypsin Tablets,2KU6L012,Feb-2024,Jan-2027,Under Investigation | Under Investigation,"The product is purported to be spurious, however, the same is subject to outcome of investigation","Food & Drugs Laboratory, Vadodara",portal,2025-12_all_spurious.json,1
2025-12,central,spurious,(Montina-L Tablets) Montelukast Sodium and Levocetirizine Hydrochloride Tablets IP,SPJ241236,Sep-2024,Aug-2026,Under Investigation | Under Investigation,"The product is purported to be spurious, however, the same is subject to outcome of investigation","RDTL,Chandigarh",portal,2025-12_all_spurious.json,2
2025-12,central,spurious,"Aceclofenac 100 mg, Serratiopeptidase 15 mg & Paracetamol 325 mg Tablets Zerodol-SP",FND072001BH,Jan-2025,Jun-2027,Under Investigation | Under Investigation,"The product is purported to be spurious, however, the same is subject to outcome of investigation","RDTL, Chandigarh",portal,2025-12_all_spurious.json,3
2025-12,central,spurious,"Aceclofenac 100 mg, Serratiopeptidase 15 mg & Paracetamol 325 mg Tablets ZERODOL-SP TABLETS",FND0725001BH,Jan-2025,Jun-2027,Under Investigation | Under Investigation,"The product is purported to be spurious, however, the same is subject to outcome of investigation","RDTL, Chandigarh",portal,2025-12_all_spurious.json,4
2025-12,central,spurious,Telma-AM Telmisartan 40 mg and Amlodipine 5 mg Tablets IP,05241038A,Jul-2024,Jun-2027,Under Investigation | Under Investigation,"The product is purported to be spurious, however, the same is subject to outcome of investigation","RDTL, Chandigarh",portal,2025-12_all_spurious.json,5
2025-12,central,spurious,Telma 40 Telmisartan Tablets I.P. 40 mg,18240413,May-2024,Apr-2027,Under Investigation | Under Investigation,"The product is purported to be spurious, however, the same is subject to outcome of investigation","RDTL, Chandigarh",portal,2025-12_all_spurious.json,6
2025-12,"state:FDAL, Mumbai",spurious,Telma-AM Telmisartan 40mg and Amlodipine 5 mg Tablets IP,18240626,Aug-2024,Jul-2027,Under Investigation | Under Investigation,"The product is purported to be spurious, however, the same is subject to outcome of investigation","FDAL, Mumbai",portal,2025-12_all_spurious.json,7
2025-12,central,spurious,Deflazacort Tablets 6 mg Defcort 6,13240334A,Jun-2024,May-2027,Under Investigation | Under Investigation,"The product is purported to be spurious, however, the same is subject to outcome of investigation","RDTL, Chandigarh",portal,2025-12_all_spurious.json,8
2025-12,"state:FDAL, Mumbai",spurious,Chymoral Forte Trypsin-Chymotrypsin Tablets,2KU6L045,Dec-2024,Nov-2027,Under Investigation | Under Investigation,"The product is purported to be spurious, however, the same is subject to outcome of investigation","FDAL, Mumbai",portal,2025-12_all_spurious.json,9
2025-12,central,spurious,(Pantop-D SR) Pantoprazole Sodium Gastro-resistant and Domperidone Prolonged -release Capsules IP,SPA250021,Jan-2025,Dec-2026,Under Investigation | Under Investigation,"The product is purported to be spurious, however, the same is subject to outcome of investigation","RDTL,Chandigarh",portal,2025-12_all_spurious.json,10
2026-01,central,nsq,Iron And Folic Acid Tablets I.P.,IFAT1245,Mar-2025,Feb-2027,"Unicure India Ltd,C-21, 22 & 23, Sector-3, Noida-201301, Distt. Gautam Budh Nagar (U.P)",The sample does not conform to IP with respect to Description.,"CDL, Kolkata",portal,2026-01_all_nsq.json,1
2026-01,central,nsq,"Calcium Carbonate, Vitamin D3, Magnesium & Zinc Sulphate Tablets",LTA-45710,Nov-2024,Apr-2026,"Lifevision Healthcare ,Plot No. 138-139-140-141-142, E.P.I.P., Phase-1, Jharmajri, Baddi, Distt. Solan (H.P)-174103",The sample does not conform to claim as per Manufacturer's Specification with respect to the Assay of Zinc Sulphate Monohydrate equivalent to elemental Zinc.,"CDL, Kolkata",portal,2026-01_all_nsq.json,2
2026-01,central,nsq,Acetyl Cysteine Injection BP,529,Oct-2025,Sep-2027,"Carewin Pharmaceuticals (GUJ) Pvt. Ltd.,38, Saket Ind. Estate-II, Sarkhej-Bavla NH-8A, PO. Moraiya, Ahmedabad (Guj.) Pin-382210",The sample does not conform to B.P. with respect to the test for Sterility.,"CDL, Kolkata",portal,2026-01_all_nsq.json,3
2026-01,central,nsq,Suction Catheter,SUBLE01,May-2025,Apr-2028,"Morrisons Lifecare Pvt Ltd,No.3, Anna Street, Padikuppam, Chennai-600 107",The sample does not conforms to claim as per IS 8836:2019 with respect to test of 1st eye distance from tip.,"RDTL, Chandigarh",portal,2026-01_all_nsq.json,4
2026-01,central,nsq,Iron & Folic Acid Tablets IP,IFS250104,Jan-2025,Dec-2026,"Cipco Pharmaceuticals,35-36/1 A.B. Road, Gram Pigdamber, Dist. Indore 453331 (MP) INDIA",The sample is not of standard quality for the reason stated under Description.,"RDTL,Guwahati",portal,2026-01_all_nsq.json,5
2026-01,central,nsq,Co-Trimoxazole Oral Suspension IP,CL250256A,Sep-2025,Aug-2027,"Candour Pharmaceuticals,Vill. Ogli, Suketi Road, Kala Amb, Distt. Sirmour (HP)-173030","The sample does not conform to claim as per IP 2022 and Addendum 2024 in respect to the Test of Total microbial count, Total yeast and mould count","RDTL, Chandigarh",portal,2026-01_all_nsq.json,6
2026-01,central,nsq,Calcium Carbonate & Vitamin D3 Tablets IP,GT17894C,Feb-2025,Jan-2027,"J. M. Laboratories,Village - Bhanat, P.O. - Ghatti, Subathu Road, Solan (H.P.) 173211",The sample does not conform to claim as per IP 2022 in respect to the Test of Uniformity of content of Vitamin D3,"RDTL, Chandigarh",portal,2026-01_all_nsq.json,7
2026-01,central,nsq,"Dextromethorphan HBr, Phenylephrine HCL with Chlorpheniramine maleate Syrup",SP251109,Oct-2025,Sep-2027,"Seejar Pharmaceuticals, Plot No. 5, Survey No. 198 Paiki 1/paiki 2, Behind CCL Factory, Near Gajanand Foods, Irana Road, Budasan, Tal. Kadi, Dist. Mehsana, PIN 382715",The sample received does not conform to the claim with respect to the test for Assay of Dextromethorphan Hydrobromide and Phenylephrine Hydrochloride.,"CDTL, Mumbai",portal,2026-01_all_nsq.json,8
2026-01,"state:DTL, Bengaluru, Karnataka",nsq,Telmisartan & Amlodipine Tablets IP,ZTF-058A,Jun-2025,May-2027,"Zoic Biotech Pvt. Ltd., Plot No. C-15, Focal Point, Ind. Area, Chanalon Mohali (Punjab)-140103",Test for Dissolution,"DTL, Bengaluru, Karnataka",portal,2026-01_all_nsq.json,9
2026-01,"state:SDT&RL, Bhubaneswar",nsq,Ofloxacin & Ornidazole Tablets IP,OBT-2972,Apr-2024,Mar-2026,"Park Pharmaceuticals, Vill Kalujhanda, Near Nanakpur, The. Distt. Solan(H.P) 174103",Dissolution Test,"SDT&RL, Bhubaneswar",portal,2026-01_all_nsq.json,10
2026-01,state:DTLBikaner,nsq,Amoxycillin Dispersible Tablets IP,T-250554,May-2025,Apr-2027,"Moon Marks Pharmaceuticals, Plot No. 01, Ind. Area, Raja ka Bagh, Teh. Nurpur, Distt. Kangra (H.P.)",The sample does not conforms to the I.P. with respect to Assay.,DTLBikaner,portal,2026-01_all_nsq.json,11
2026-01,state:DTL Jaipur,nsq,Multivitamin Tablets N.F.I.,23448,Nov-2024,Oct-2026,"Healthy Life Pharma Pvt. Ltd., Factory-N-31/1, M.I.D.C., Tarapur, Dist. Palghar, Boisar-401506.",The sample does not confirm to the claim with respect to Assay of vitamin D3 (Nil).,DTL Jaipur,portal,2026-01_all_nsq.json,12
2026-01,state:DTL Jaipur,nsq,Rabeprazole (EC) & Domperidone (SR) Capsules,NBC-01225,May-2025,Apr-2027,"Neubin Life Sciences Pvt. Ltd., Khasra No. 142, Raipur Industrial Area, Bhagwanpur, Roorkee, Distt : Haridwar (U.K.)",The sample does not conform to the claim with respect to Assay of Rabeprazole Sodium.,DTL Jaipur,portal,2026-01_all_nsq.json,13
2026-01,state:DTL Jaipur,nsq,"Levosalbutamol Sulphate, Ambroxol Hydrochloride & Guaiphenesin Syrup",FHYAM015,Aug-2025,Jul-2027,"Innova Captab Ltd., 1281/1, Hilltop Industrial Estate, Near EPIP Phase-I, Jharmajri, Baddi, Distt. Solan (H.P.)-173205.",The sample does not conform to the claim with respect to Assay of Ambroxol Hydrochloride & Guaiphenesin.,DTL Jaipur,portal,2026-01_all_nsq.json,14
2026-01,"state:Drugs Testing Laboratory,  Chennai-06",nsq,"Terbutaline Sulphate, Ambroxol Hydrochloride and Guaiphenesin Syrup",AKL26,Oct-2025,Sep-2027,"Aucklane Life Sciences Pvt. Ltd., RS. No:195/9 & 197/4, Pangoor, Ariyur Revenue Village, Villianur, Puducherry, 605102",Content,"Drugs Testing Laboratory,  Chennai-06",portal,2026-01_all_nsq.json,15
2026-01,"state:Drugs Testing Laboratory, Madurai-19",nsq,"Levosalbutamol Sulphate, ambroxol Hydrochloride and Guaiphensis Syrup",KBS-105,Sep-2025,Aug-2027,"Krebz Healthcare Pvt. Ltd., No.2/5, Kanniamman Nagar, 6th Street, Vanagaram, Chennai-600 095",Content,"Drugs Testing Laboratory, Madurai-19",portal,2026-01_all_nsq.json,16
2026-01,"state:MDTL Kathua, Jammu and Kashmir",nsq,Phenytoin Tablets IP 100 mg,T-5616,Apr-2025,Mar-2027,"Jackson Laboratories Pvt. Ltd., 22-24, Majitha Road, Bye Pass Amritsar-143001 (India)",The sample fails in the Test for Description of Tablets.,"MDTL Kathua, Jammu and Kashmir",portal,2026-01_all_nsq.json,17
2026-01,"state:MDTL Kathua, Jammu and Kashmir",nsq,Paracad-650,GAB2724,Jan-2024,Dec-2026,"Aagya Biotech Pvt. Ltd. 1.5 km., Manglour ? Saharanpur Road, Manglour ? 247656, Roorkee, Distt. Haridwar (U.K.), India",The sample fails in the Test for Description of Tablets.,"MDTL Kathua, Jammu and Kashmir",portal,2026-01_all_nsq.json,18
2026-01,"state:MDTL Kathua, Jammu and Kashmir",nsq,Calcium And Vitamin D3 Tablets IP,45392,Oct-2024,Sep-2026,"Healthy Life Pharma Pvt. Ltd. Factory : N ? 31/1, M.I.D.C., Tarapur, Boisar ? 401506, Dist. Palghar.",The sample fails in the Test for Description and Uniformity of weight of Tablets.,"MDTL Kathua, Jammu and Kashmir",portal,2026-01_all_nsq.json,19
2026-01,"state:MDTL Kathua, Jammu and Kashmir",nsq,Calcium Gluconate Injection I.P.,MA25E26,May-2025,Oct-2026,"Martin & Brown Bio-Sciences Pvt.Ltd.. K. No. 918/419, Malkumajra, Nalagarh Road, Baddi, Distt. Solan (H.P.) 173205",The sample fails in the Test for Sterility,"MDTL Kathua, Jammu and Kashmir",portal,2026-01_all_nsq.json,20
2026-01,"state:DTL,Dalgate Srinagar Kashmir( J and K)",nsq,Paracetamol Tablets IP 500mg,PCT1211,Aug-2024,Jul-2026,"Unicure India Ltd.C-21,22&23,Sector -3,Noida -201301.Dist.Gautam Budh Nagar.(U.P)",The sample does not confirm to IP2022 requirement withespect to Dissolution Test,"DTL,Dalgate Srinagar Kashmir( J and K)",portal,2026-01_all_nsq.json,21
2026-01,"state:DTL, Dalgate Srinagar Kashmir ( J and K)",nsq,Diclofenac Sodium Injection,2507017,Mar-2025,Feb-2027,"Neon Laboratories Ltd.at Plot No.G84/1,Tarapur MIDC boisar 401506.",Thesample does not conform to I.P w.r.t the test for Description and Particulate matter,"DTL, Dalgate Srinagar Kashmir ( J and K)",portal,2026-01_all_nsq.json,22
2026-01,"state:DTL, Dalgate Srinagar Kashmir ( J and K)",nsq,Paracetamol DispersibleTablets BP 500mg,HPJ405,Sep-2024,Aug-2027,"Med Manor Organics Pvt.Ltd Uint II,Kh no.143 M/7,Village Raipur,Pargana Bhagwanpur ,Tehsil Roorkee,Dist Haridwar Uttrakhand-247661.",The sample does not conform to I.P w.r.t the Disintegration test and finess of Dispersion,"DTL, Dalgate Srinagar Kashmir ( J and K)",portal,2026-01_all_nsq.json,23
2026-01,"state:DTL, Dalgate Srinagar Kashmir ( J and K)",nsq,Sodium Chloride and Dextrose Injection IP(0.9% W/V and 5% W/v),(N)251074,Apr-2025,Mar-2027,"Klokter Lifesciences Pvt.Ltd Samora,Indri Road,karnal-132041.",The sample does not conform to I.P w.r.t Sterility Test,"DTL, Dalgate Srinagar Kashmir ( J and K)",portal,2026-01_all_nsq.json,24
2026-01,"state:Drugs Testing Laboratory, Madurai-19",nsq,"Ambroxol, Terbutaline, Guaiphenesin & Menthol Syrup",BRAS-065,May-2025,Oct-2027,"IOSIS Remedies Pvt Ltd, Rajpura Road, Village-Khera Nihla, Tehsil-Nalagarh, District- Solan. Himachal Pradesh - 174 101",Content,"Drugs Testing Laboratory, Madurai-19",portal,2026-01_all_nsq.json,25
2026-01,"state:Drugs Testing Laboratory, Madurai-19",nsq,"Levosalbutamol, Guaiphenesin & Ambroxol Hcl Syrup",UFL250378L,Apr-2025,Mar-2027,"Ultra Drugs Formulations Pvt Ltd, Plot No.338/278, Vill. Manakpur, Lodhimajra, Tehsil-Baddi, Distt. Solan (H.P)-173 205",Content,"Drugs Testing Laboratory, Madurai-19",portal,2026-01_all_nsq.json,26
2026-01,"state:Drugs Testing Laboratory, Madurai-19",nsq,"Ambroxol Hydrochloride, Levosalbutamol Sulphate & Guaiphenesin Syrup",ULL25042,Apr-2025,Mar-2027,"Ultatech Pharmaceuticaqls, Vill. Tipra, P.O, Barotiwala, Distt. Solan (HP), 174103",Content,"Drugs Testing Laboratory, Madurai-19",portal,2026-01_all_nsq.json,27
2026-01,"state:Drugs Testing Laboratory, Madurai-19",nsq,"Ambroxol Hydrochloride, Guaiphenesin & Terbutaline Sulphate Syrup",L2502010,Feb-2025,Jan-2027,"Rivpra Formulations Pvt. Ltd, Plot No.8, Sector 6A, I.I.E, SIDCUL, Haridwar-249403. (UK) India",Content,"Drugs Testing Laboratory, Madurai-19",portal,2026-01_all_nsq.json,28
2026-01,"state:Drugs Testing Laboratory, Madurai-19",nsq,"Ambroxol Hcl, Dextromethorphan Hbr, Phenylephrine Hcl, Chlorpheniramine Maleate & Menthol Syrup",RPL863,May-2025,Apr-2027,"Rumy Pharmaceuticals, Plot No.40, Dic Ind Area, Baddi, Dist. Solan-173205 (HP)",Content,"Drugs Testing Laboratory, Madurai-19",portal,2026-01_all_nsq.json,29
2026-01,"state:Drugs Testing Laboratory, Madurai-19",nsq,Bromhexine Hydrochloride Syrup-4mg/5ml,BHS24002,Mar-2024,Feb-2027,"Galpha Laboratories Ltd, Village: Thana, Baddi, Himachal Pradesh-173205",Content,"Drugs Testing Laboratory, Madurai-19",portal,2026-01_all_nsq.json,30
2026-01,"state:Drugs Testing Laboratory, Madurai-19",nsq,"Levosalbutamol Sulphate, Ambroxol Hydrochloride and Guaiphenesin Syrup",DL5F051,Jun-2025,May-2027,"Dr.Patel Pharmaceuticals Pvt. Ltd, Plot No.4, Sha Industrial Phase-2, Lamdapura, Majusar, Dist; vadodara-391775 (Gujarat)",Content,"Drugs Testing Laboratory, Madurai-19",portal,2026-01_all_nsq.json,31
2026-01,"state:Drugs Testing Laboratory, Madurai-19",nsq,"Ambroxol Hydrochloride, Guaiphenesin & Terbutaline Sulphate Syrup",L2502007,Feb-2025,Jan-2027,"Rivpra Formulations Pvt. Ltd, Plot No.8, Sector 6A, I.I.E, SIDCUL, Haridwar-249403. (UK) India",Content,"Drugs Testing Laboratory, Madurai-19",portal,2026-01_all_nsq.json,32
2026-01,"state:Drugs Testing Laboratory, Madurai-19",nsq,"Paracetamol, Phenylephrine Hydrochloride & Chlorpheniramine Maleate Suspension",ASL24288,Dec-2024,Nov-2026,"AASSK Pharmaceuticals Pvt. Ltd, S.No.243/2, Plot No.9, Dr.Ambedkar Street, Kozhumanivakkam Village, Mangadu, Chennai-600122",Content,"Drugs Testing Laboratory, Madurai-19",portal,2026-01_all_nsq.json,33
2026-01,"state:Drugs Testing Laboratory, Chennai-06",nsq,"Clobetasol Propionate, Neomycin, Miconazole Nitrate & Chlorhexidine Cream",DLPS5027,Jul-2025,Jun-2027,"Leeford Healthcare Ltd., At:Plot No.77, 78, 79-A, 79-B & 116, EPIP, Phase-II, Village-Thana, Tehsil-Baddi, Distt. Solan, (HP), 173205",Content,"Drugs Testing Laboratory, Chennai-06",portal,2026-01_all_nsq.json,34
2026-01,"state:Drugs Testing Laboratory, Chennai-06",nsq,"Clobetasol Propionate, Neomycin, Miconazole Nitrate & Chlorhexidine Cream",DLPS5033,Jul-2025,Jun-2027,"Leeford Healthcare Ltd., At:Plot No.77, 78, 79-A, 79-B & 116, EPIP, Phase-II, Village-Thana, Tehsil-Baddi, Distt. Solan, (HP), 173205",Content,"Drugs Testing Laboratory, Chennai-06",portal,2026-01_all_nsq.json,35
2026-01,"state:Drugs Testing Laboratory, Chennai-06",nsq,"Ambroxol Hydrochloride, Terbutaline Sulphate, Guaiphenesin With Menthol Syrup",TL2509013,Sep-2025,Aug-2027,"Tychos Therapeutics Pvt. Ltd., D.P.No.136, SIDCO Industrial Estate, Thirumudivakkam, Chennai-600132",Content,"Drugs Testing Laboratory, Chennai-06",portal,2026-01_all_nsq.json,36
2026-01,"state:Drugs Testing Laboratory, Chennai-06",nsq,"Aluminium Hydroxide, Magnesium Hydroxide & Simethicone Oral Suspension IP",PL-40143,Jun-2024,May-2026,"Pharmaroots Healthcare. Khasra No.411, Village Tipra, P.O, Barotiwala, Tehsil Baddi, Distt. Solan, H.P",Content and Microbial Limit,"Drugs Testing Laboratory, Chennai-06",portal,2026-01_all_nsq.json,37
2026-01,"state:DCL, Telangana",nsq,Iron Sucrose Injection USP 5 ml,7505,Apr-2025,Mar-2027,"Arco Lifesciences (India) Pvt Ltd C-86, M.I.D.C. Hingna, Nagpur - 440016 MAHARASHTRA",sample Does not meet the Specifications w.r.t. Sterility Test.,"DCL, Telangana",portal,2026-01_all_nsq.json,38
2026-01,"state:DCL, Telangana",nsq,IRON SUCROSE INJECTION USP,7404,Apr-2024,Mar-2026,"Arco Life Sciences India Pvt.Ltd C-86, MIDC, Hingna, Nagpur 16, Maharashtra.",sample Does not meet the Specifications w.r.t. Sterility Test.,"DCL, Telangana",portal,2026-01_all_nsq.json,39
2026-01,"state:DCL, Telangana",nsq,Ibuprofen & Paracetamol Suspension,BPY24H09,Aug-2024,Jul-2026,"Linux Life Sciences Pvt Ltd Plot No. 6 biotech park phase ? III, Karkapatla, Markook, Siddipet 502281 Telangana",Description and Assay of Ibuprofen and Paracetamol,"DCL, Telangana",portal,2026-01_all_nsq.json,40
2026-01,"state:DCL, Telangana",nsq,Cetirizine Dihydrochloride Tablets IP 10 mg,CTT-2416,Oct-2024,Jan-2027,"Suprex laboratories 11/C, Industrial area, Maxi road, Ujjain(M.P.) MADHYA PRADESH",Description,"DCL, Telangana",portal,2026-01_all_nsq.json,41
2026-01,"state:DCL, Telangana",nsq,Povidone Iodine Solution IP,GMW0121,Sep-2024,Aug-2026,"Microwin Labs Pvt Ltd Plot No. 363, Industrial area, Phase-9, Mohali-160062, Punjab PUNJAB",sample does not meets the Specifications wrt. Assay of Available lodine as per IP. 2022.,"DCL, Telangana",portal,2026-01_all_nsq.json,42
2026-01,"state:DCL, Telangana",nsq,Paracetamol Pediatric Oral Suspension IP,L4H088,Aug-2024,Jul-2026,"Smayan Healthcare Pvt ltd Plot No. 26-27, HPSIDC Ind. Area, Vill Davni, Baddi, Distt, Solan (H.P)-173205",Assay for paracetamol does not comply as per IP 2022.,"DCL, Telangana",portal,2026-01_all_nsq.json,43
2026-01,"state:DCL, Telangana",nsq,Amoxycillin & Potassium Clavulanate Tablets IP,TB24-0672D,Oct-2024,Sep-2026,"Athens Life Sciences Mauza Rampur Jattan, Nahan Road, Kala Amb, Dist. Sirmour, H.P.-173030",Assay of Amoxycillin and Clavulanic acid and Dissolution test for Amoxycillin,"DCL, Telangana",portal,2026-01_all_nsq.json,44
2026-01,"state:DCL, Telangana",nsq,Pantoprazole Tablets IP,PPC-5021,Feb-2025,Jan-2027,"Spinka Pharma 6-18/4, Peddamberpet, Hyderabad - 501505 Telangana",Dissolution And Misbranded Drug,"DCL, Telangana",portal,2026-01_all_nsq.json,45
2026-01,"state:DCL, Telangana",nsq,Acebrophylline and Acetylcysteine tablets,SB-9620,Jan-2025,Dec-2026,"San-cito Therapeutics Inc Vill. Loharan , P.O. Ghatti, Solan- 173211(H.P).",Description,"DCL, Telangana",portal,2026-01_all_nsq.json,46
2026-01,"state:DCL, Telangana",nsq,Amoxycillin & Potassium Clavulanate Tablets IP,MYRTAB-1038,Apr-2025,Sep-2026,"Mayer Lab Chambaghat, Adjacent to Railway crossing, Distt. Solan, HP ? 173 213 Himachal Pradesh",Assay and Dissolution of Clavulanic Acid does not comply as per IP. 2022,"DCL, Telangana",portal,2026-01_all_nsq.json,47
2026-01,"state:DCL, Telangana",nsq,Aceclofenac & paracetamol tablets,ACAUT-007,Jul-2025,Jun-2028,"Laborate pharmaceuticals India ltd. 51, Indl Area, Paonta sahib (H.P.)",Misbranded,"DCL, Telangana",portal,2026-01_all_nsq.json,48
2026-01,"state:SDTL
Govt. of Tripura, Agartala",nsq,Paracetamol Tablets I.P. 650 mg,2309026,Sep-2023,Aug-2026,"Aban Pharmaceuticals, Plot No. 1018, Kerala, G.I.D.C, Bavia, Distt. Ahmedabad ? 382220.",The sample does not conform to standard quality in respect of the test for Dissolution performed.,"SDTL
Govt. of Tripura, Agartala",portal,2026-01_all_nsq.json,49
2026-01,"state:SDTL
Govt. of Tripura, Agartala",nsq,Pantoprazole Gastro resistant Tablets IP,GT400378,Jun-2024,May-2026,"Gnosis Pharmaceuticals Pvt. Ltd., Nahan Road, Village Moginand, Kala-Amb, Distt. Sirmour, H.P. ? 173030.",The sample does not conform to standard quality in respect of the test for Description and Dissolution in Buffer medium performed.,"SDTL
Govt. of Tripura, Agartala",portal,2026-01_all_nsq.json,50
2026-01,"state:SDTL
Govt. of Tripura, Agartala",nsq,Folic Acid and Ferrous Sulphate Tablets (Large) N.F.I.,FFT3502,Aug-2025,Jul-2027,"Modern Laboratories, 45-47, Sector D-2. Industrial Area, Sanwer Road, Indore (M.P.) 452015.",The sample does not conform to Standard Quality in respect of the test for Disintegration performed,"SDTL
Govt. of Tripura, Agartala",portal,2026-01_all_nsq.json,51
2026-01,"state:SDTL
Govt. of Tripura, Agartala",nsq,Folic Acid and Ferrous Sulphate Tablets (Large) N.F.I.,FFT3501,Jun-2025,May-2027,"Modern Laboratories, 45-47, Sector D-2. Industrial Area, Sanwer Road, Indore (M.P.) 452015.",The sample does not conform to Standard Quality in respect of the test for Disintegration performed,"SDTL
Govt. of Tripura, Agartala",portal,2026-01_all_nsq.json,52
2026-01,state:West Bengal,nsq,Amitriptyline Tablets IP,DRT24032,Feb-2024,Jan-2026,"Eastern Healthcare, Plot No. 7, Sector 6A, IIE. Siidcul, Haridwar-249 403, UK",The sample does not conform to I.P. in respect of the test Assay performed.,West Bengal,portal,2026-01_all_nsq.json,53
2026-01,state:West Bengal,nsq,Ofloxacin And Ornidazole Tablets IP,51,Nov-2024,Oct-2026,"Square Pharmaceuticals, Mohispota, Kolkata-700 113.",The sample declared as Misbranded Drug as per Sec 17(a) and 17(b) of Drugs and Cosmetics Act 1940 as it is not labelled in the prescribed manner. The sample declared as Not of Standard Quality in respect of the Test Assay performed.,West Bengal,portal,2026-01_all_nsq.json,54
2026-01,state:West Bengal,nsq,Telmisartan Tab.IP 40mg,T3385,Feb-2024,Jan-2026,"Titanes Pharma Vill. Bathu, Tehsil Haroli, Dist. UNA (HP)-174507",The sample does not conform to I.P. The sample declared as Not of Standard Quality in respect of the Test Assay performed.,West Bengal,portal,2026-01_all_nsq.json,55
2026-01,"state:DTL, Puducherry",nsq,Cetirizine Chydrochloride Syrup IP,MGMP 0898,Nov-2025,Apr-2027,"Thorab Pharma and Research Laboratory, RS. No. 144/5 pt, Earikkarai Road,Thiruvandarkoil, Puducherry-605 102.",Failed pH,"DTL, Puducherry",portal,2026-01_all_nsq.json,56
2026-01,"state:DTL, Puducherry",nsq,Pantoprazole Gastro Resistant Tablets IP,TG25-1814A,Oct-2025,Sep-2027,"Athens Life Sciences, Mauza Rampur Jattan, Nahan road, Kala Amb, Distt. Sirmour, H.P -173030",Failed Disintegration and Uniformity of weight,"DTL, Puducherry",portal,2026-01_all_nsq.json,57
2026-01,"state:DTL, Puducherry",nsq,"Mecobalamin, Alpha Lipoic Acid, Vitamin B6, Folic Acid, Zinc Sulphate Monohydrate, Chromium Polynicotinate, Selenium Dioxide, Biotin And Inositol Tablets",LP 108,Sep-2025,Feb-2027,"Linto Pharmaceuticals, R.S.No. 142/8, Sedarapet Main Road, Pathukannu Junction, Ramanathapuram Village, Villianur commune, Puducherry- 605 502",Failed Assay (for Alpha Lipoic Acid),"DTL, Puducherry",portal,2026-01_all_nsq.json,58
2026-01,central,nsq,I.V. Cannula with Injection Port and Wings,3167422F,Jun-2022,May-2027,"Poly Medicure Ltd.,Plot No.104-105, Sector-59, HSIIDC Indl. Area Faridabad-121004,(Haryana)","The sample does not conform to Manufacturer specification in respect to the Test of Flow rate, Sterility.","CDL, Kolkata",portal,2026-01_all_nsq.json,59
2026-01,central,nsq,I.V. Cannula with Injection Port,4006523A,Jan-2023,Dec-2027,"Poly Medicure Ltd.,Plot No.104-105, Sector-59, HSIIDC Indl. Area Faridabad-121004,(Haryana)",The sample does not conform to Manufacturer specification in respect to the Test of Sterility and Flow rate.,"CDL, Kolkata",portal,2026-01_all_nsq.json,60
2026-01,central,nsq,"I.V. Cannula with Injection Port non return valve, wing Luer Lock",G220611060,Jun-2022,May-2027,"Romsons Group Pvt. Ltd. ,63-64 Industrial Estate Nunhai Agra 282006",The sample does not conform to Manufacturer specification with respect to the test for sterility.,"CDL, Kolkata",portal,2026-01_all_nsq.json,61
2026-01,state:DTL Jaipur,nsq,Shringar Mehandi Cone,1025SH,Oct-2025,Mar-2026,"Sankhla Mehandi Udyog, Sojat City-306104, Dist. Pali (Raj.) INDIA",The sample of cosmetics- (C) Does not conform to the claims made on the label as to the nature and quality of the cosmetic with respect to Lawsone content.,DTL Jaipur,portal,2026-01_all_nsq.json,62
2026-01,state:DTL Jaipur,nsq,Pushp Henna Red Fast Colour Red Strong & Long Lasting,FH-1293,Oct-2025,Sep-2027,"Pushp Henna Pvt. Ltd., Regd Office : Nr. Kushal Krishi Farm, Sojat Road Marg, Sojat City-306104 (Raj) India.",The sample of cosmetics- (C) does not conform to the claims made on the label as to the nature and quality of the cosmetic with respect to protocol of test applied. The Sample does not confirm to IS 17318 : 2020 as it does not show the Lawsone content NiL.,DTL Jaipur,portal,2026-01_all_nsq.json,63
2026-01,state:DTL Jaipur,nsq,Mehandi Cone,A1-027,Oct-2025,Sep-2026,"Velnik India Limited, Khasra Nos. 270,272,273,275,276/1, Kalab Kalan Road, Dholi Magri Choraha, Kalakot, Tehsil-Raipur, District-Beawar PIN-306304, State-Rajasthan, India.",The sample of cosmetics- (C) Does not conform to the claims made on the label as to the nature and quality of the cosmetic with respect to Lawsone content (Nil) and pH.,DTL Jaipur,portal,2026-01_all_nsq.json,64
2026-01,"state:DTL, Bengaluru, Karnataka",nsq,White Tone Face Powder,CW3858,Jun-2025,May-2027,"VINI Cosmetics Pvt. Ltd., 67, Pancharatna Ind. Estate, Sarkhej-Bavla High way, Changodar-382213, Dist. Ahmedabad, Gujarat",Test for Heavy Metals(Lead),"DTL, Bengaluru, Karnataka",portal,2026-01_all_nsq.json,65
2026-01,"state:SDTL
Govt. of Tripura, Agartala",nsq,SANKHA VATI 5g (Ayurvedic),KT-098,Nov-2025,Oct-2028,"Karnani Pharmaceuticals (P) Ltd., Fact.: F-67, Industrial Area, Bhiwandi ? 301019 (Raj.) Mfg. Lic. No. : RJ 529-AYU",The sample does not conform to Standard Quality in respect of the tests for Total Ash value performed.,"SDTL
Govt. of Tripura, Agartala",portal,2026-01_all_nsq.json,66
2026-01,central,nsq,Rabeprazole Sodium Injection IP,MD25C07,Mar-2025,Feb-2027,"Martin & Brown Bio-Sciences Pvt. Ltd.,K.No. 918/419, Malkumajra, Nalagarh Road, Baddi, Dist.Solan (H.P.)-173205","The sample does not conform to I.P with respect to the Tests of pH, Clarity of Solution, Particulate matter, Related Substances, Assay of Rabeprazole Sodium and Description.","CDL, Kolkata",portal,2026-01_all_nsq.json,67
2026-01,central,nsq,Cyproheptadine Hydrochloride & Tricholine Citrate Syrup,HNG-25004,May-2025,Apr-2027,"Tridus Remedies,Plot No. D-42, D-43, Phase-II , Industrial Area, Hajipur, Vaishali-844102, Bihar",The sample does not conform to claim as per In house in respect to the Test of Ethylene glycol and Assay of Tricholine Citrate,"CDL, Kolkata",portal,2026-01_all_nsq.json,68
2026-01,central,nsq,"Bromhexine Hydrochloride, Terbutaline Sulphate & Guaiphenesin & Menthol Syrup",EL24113,Feb-2024,Jan-2026,"Edkem Pharmaceuticals Ltd.M9-M12. Gallops, Industrial Park-II, Bavla Changodar Highway, Ahmedabad 382210","The sample does not conform to claim as per Schedule V, Drugs & Cosmetics Act in respect to the Assay of Menthol","CDL, Kolkata",portal,2026-01_all_nsq.json,69
2026-01,central,nsq,"Phenylephrine Hydrochloride, Dextromethorphan Hydrobromide, Chlorpheniramine Maleate & Guaiphenesin Syrup",IDS-1792,Apr-2025,Mar-2027,"Indian Drug Vision,NH-58, Narsan Khurd, Roorkee, Distt. Haridwar (Uttarakhand)","The sample does not conform to claim as per Schedule V, Drugs & Cosmetics Act in respect to the Assay of Phenylephrine Hydrochloride","CDL, Kolkata",portal,2026-01_all_nsq.json,70
2026-01,central,nsq,"Ambroxol Hydrochloride, I.P-15.0mg Salubutamol Sulphate Equivalent to Salbutamol, I.P-1mg Guaiphenesin, I.P- 50.0mg Menthol, I.P -1mg Sorbitol base -q.s. Colour: Sunset Yellow FCF",AS036-25,Jan-2025,Dec-2026,"Harihar Pharmaceuticals Pvt.Ltd.,Sambalpur Road, Khamarmunda-767065, Dist. Balangir, Odisha, India",The sample does not conform to claim with respect to Assay of Menthol.,"CDL, Kolkata",portal,2026-01_all_nsq.json,71
2026-01,central,nsq,Albendazole Tablets IP 400 mg,0112,Jan-2025,Dec-2026,"Hindustan Antibiotics Ltd,Pimpri, Pune-411 018, India",The sample does not conform to I.P. with respect to test for Dissolution.,"CDL, Kolkata",portal,2026-01_all_nsq.json,72
2026-01,central,nsq,Pantoprazole for Injection IP 40 mg,25GF05A,Jun-2025,May-2027,"MMG Healthcare,Trilokpur Road, Kala Amb, Distt. sirmour-173030 (H.P.)","The sample does not conform to I.P. with respect to test for Particulate matter, and Clarity of solution","CDL, Kolkata",portal,2026-01_all_nsq.json,73
2026-01,central,nsq,Rabeprazole Sodium Injection IP,MD24A09,Jan-2024,Dec-2025,"Martin & Brown Bio-Sciences Pvt. Ltd.,K.No. 918/419, Malkumajra, Nalagarh Road, Baddi, Dist.Solan (H.P.)-173205","The sample does not conform to I.P. with respect to the tests of Clarity of solution, Particulate matter, pH, Related substances, Assay of Rabeprazole Sodium and Description.","CDL, Kolkata",portal,2026-01_all_nsq.json,74
2026-01,central,nsq,"Ambroxol Hydrochloride, I.P-15.0mg Terbutaline Sulphate, I.P-1.25mg Guaiphenesin, I.P- 50.0mg Menthol, I.P -2.5mg",MCPD-189,Jul-2025,Jun-2027,"Mothers Care Pharma Labs Pvt.Ltd.,AT/PO-Boudh, Dist: Boudh-762014, Odisha",The sample does not conform to claim with respect to Aassay of Menthol,"CDL, Kolkata",portal,2026-01_all_nsq.json,75
2026-01,central,nsq,Hydrocortisone Sodium Succinate Injection IP,MD24H18,Aug-2024,Jan-2026,"Martin & Brown Bio-Sciences Pvt. Ltd ,K.No. 918/419, Malkumajra, Nalagarh Road, Baddi, Dist.Solan (H.P.)-173205","The sample does not conform to I.P. with respect to test for pH, Clarity of Solution and Particulate Matter","CDL, Kolkata",portal,2026-01_all_nsq.json,76
2026-01,central,nsq,"Bromhexine Hydrochloride,Terbutaline Sulphate,Guaiphenesin & Menthol Syrup",R12GL2424,Dec-2024,Nov-2026,"Rednex Pharmaceuticals Pvt. Ltd.,Survey No : 586 & 231, NR. SKF Bearing, Bavla Bagodara, N.H.-8A, Kerala, Tal. Bavla, Dist-Ahmedabad-382220","The sample does not conform to claim as per Schedule V, Drugs & Cosmetics Act in respect to the Assay of Menthol","CDL, Kolkata",portal,2026-01_all_nsq.json,77
2026-01,central,nsq,Buprenorphine Injection IP 2ml,1364 ASO,Jun-2025,May-2028,"SNG Pharmaceuticals(P) Ltd.,101/B.K.B Complex Opp. Mahavir Nagar, N.H.No. 8, Vapi-396191 At 75/1 G.I.D.C, Vapi-3961951 Gujarat","The sample does not conform to IP with respect to test for Sterility, Related Substances, Particulate matter, Assay of Buprenorphine Hydrochloride and Description.","CDL, Kolkata",portal,2026-01_all_nsq.json,78
2026-01,central,nsq,Oxytocin Injection (Vet.),04,Dec-2024,Nov-2027,"Super Vaishali Laboratories ,R.B.Road, Bihar, -823001","The sample does not conform to claim as per Schedule V, Drugs & Cosmetics Act 1940 with respect to test for Particulate matter and Description.","CDL, Kolkata",portal,2026-01_all_nsq.json,79
2026-01,central,nsq,Meropenem Injection I.P. 125 mg,MPI2508,Aug-2025,Jul-2027,"Modern Laboratories ,45-47, Sector D-2, Industrial Area, Sanwer Road, Indore (M.P.) Pin-452015,","The sample does not conform to I.P. with respect to test for Clarity of solution, Particulate matter and Description.","CDL, Kolkata",portal,2026-01_all_nsq.json,80
2026-01,central,nsq,Meropenem Injection I.P. 125 mg,MPI2504,May-2025,Apr-2027,"Modern Laboratories ,45-47, Sector D-2, Industrial Area, Sanwer Road, Indore (M.P.) Pin-452015,","The sample does not conform to I.P. with respect to test for Particulate matter, Clarity of solution, Assay of Meropenem calculated as Anhydrous Meropenem and Description.","CDL, Kolkata",portal,2026-01_all_nsq.json,81
2026-01,central,nsq,Buprenorphine Injection IP 2ml,1364 ASO,May-2024,Apr-2026,"SNG Pharmaceuticals(P) Ltd.,101/B.K.B Complex Opp. Mahavir Nagar, N.H.No. 8, Vapi-396191 At 75/1 G.I.D.C, Vapi-3961951","The sample does not conform to IP with respect to test for pH, Related Substance, Particulate matter and Assay of Buprenorphine Hydrochloride.","CDL, Kolkata",portal,2026-01_all_nsq.json,82
2026-01,central,nsq,Levocetirizine Dihydrochloride and Montelukast Sodium Syrup,AL-24002,Jan-2025,Dec-2026,"Tridus Remedies,Plot No. D-42, D-43, Phase-II , Industrial Area, Hajipur, Vaishali-844102, Bihar",The sample does not conform to claim with respect to Assay of Montelukast Sodium and Description.,"CDL, Kolkata",portal,2026-01_all_nsq.json,83
2026-01,central,nsq,Lignocaine and Adrenaline Injection IP,HILR25002,Jan-2025,Dec-2026,"Health Biotech Ltd.,Village Sandoli, Nalagarh Road, Baddi, Distt. Solan (H.P.) India- 173205","The sample does not conform to IP with respect to test for Particulate matter,Assay of Adrenaline Bitartrate eq. to Adrenaline and Description.","CDL, Kolkata",portal,2026-01_all_nsq.json,84
2026-01,central,nsq,Meropenem Injection I.P. 125 mg,MPI2506,Jul-2025,Jun-2027,"Modern Laboratories ,45-47, Sector D-2, Industrial Area, Sanwer Road, Indore (M.P.) Pin-452015,","The sample does not conform to I.P. with respect to test for Particulate matter, Clarity of solution and Assay of Meropenem calculated as Anhydrous Meropenem","CDL, Kolkata",portal,2026-01_all_nsq.json,85
2026-01,central,nsq,Cefotaxime Sodium Injection IP 1000 mg,CT42414,Jul-2024,Jun-2026,"Nandani Medical Laboratories Pvt. Ltd.,221/5, Bicholi Hapsi, Kanadia Road, Indore-452016",The sample does not conform to I.P. with respect to test for Clarity of solution and Particulate matter.,"CDL, Kolkata",portal,2026-01_all_nsq.json,86
2026-01,central,nsq,"Bromhexine Hydrochloride,Terbutaline Sulphate,Guaiphenesin & Menthol Syrup",R01GL2522,Jan-2025,Dec-2026,"Rednex Pharmaceuticals Pvt.Ltd.,Survey No.586 & 231 NR, SKF Bearing, Bavla Bagdogra, NH-8A, Kerala, Tal. - Bavla, Ahmedabad-382220.",The sample does not conform to claim as per Manufacturer method & specification in respect to the Assay of Menthol,"CDL, Kolkata",portal,2026-01_all_nsq.json,87
2026-01,central,nsq,Bupivacaine Hydrochloride in Dextrose Injection USP,BD24D2,Dec-2024,Nov-2026,"Arco Lifesciences (I) Pvt. Ltd.,C-86, M.I.D.C., Hingna, Nagpur-16.",The sample does not conform to U.S.P. with respect to test for Visible Particulates In Injection and Description.,"CDL, Kolkata",portal,2026-01_all_nsq.json,88
2026-01,central,nsq,Buprenorphine Injection IP 2ml,BUP325004,Apr-2025,Mar-2027,"Indus Pharma Pvt.Ltd.,A-181, RIICO, Ghiloth, Alwar, Rajasthan. Pin-301705 (India)","The sample does not conform to I.P. with respect to the Tests of Extractable volume, Particulate matter and for the reason stated under Description.","CDL, Kolkata",portal,2026-01_all_nsq.json,89
2026-01,central,nsq,Tricholine Citrate and Sorbitol Syrup,7917,Sep-2025,Aug-2027,"Sabui Medical Stores(MFG.),3 Sadar Ghat Lane Bhadreswar, Hooghly West Bengal 712124",The sample does not conform to the Manufacturer's Specification with respect to the Assay of Sorbitol Solution.,"CDL, Kolkata",portal,2026-01_all_nsq.json,90
2026-01,central,nsq,Rabeprazole Sodium Injection IP,MD25B16,Feb-2025,Jan-2027,"Martin &Brown Bio-Sciences Pvt. Ltd.,K.No 918/419, Malkumajra, Nalagarh Road, Baddi, Distt. Solan (H.P.) 173205",The sample does not conform to I.P with respect to the Tests for Clarity of Solution and Particulate matter.,"CDL, Kolkata",portal,2026-01_all_nsq.json,91
2026-01,central,nsq,Buprenorphine Injection IP 2ml,BUP325004,Apr-2025,Mar-2027,"Indus Pharma Pvt. Ltd.,A-181, RIICO, Ghiloth, Alwar, Rajasthan. Pin-301705 (India)",The sample does not conform I.P. with respect to the Test of Particulate matter and for the reason stated under Description.,"CDL, Kolkata",portal,2026-01_all_nsq.json,92
2026-01,central,nsq,Buprenorphine Injection IP 2ml,BUP325005,May-2025,Apr-2027,"Indus Pharma Pvt.Ltd.,A-181, RIICO, Ghiloth, Alwar, Rajasthan. Pin-301705 (India)","The sample does not conform to I.P. with respect to the Tests of Particulate matter, Extractable volume and Description.","CDL, Kolkata",portal,2026-01_all_nsq.json,93
2026-01,central,nsq,Ondansetron Injection IP,LA24174B,Feb-2025,Jan-2027,"Symbiosis Pharmaceuticals Pvt.Ltd.,Suketi Road, Kala Amb Distt. Sirmour, Himachal Pradesh - 173030",The sample does not comply as per I.P. 2022 with respect to the test for Sterility and BET,"RDTL,Guwahati",portal,2026-01_all_nsq.json,94
2026-01,central,nsq,Ferrous Sulphate and Folic Acid Tablets IP,CFB-X25,May-2024,Apr-2026,"Cyano Pharma (P) Ltd ,115-C, Industrial Estate, Pologround, Indore-452015",The sample is not of standard quality for the reason stated under Description of the tablets.,"RDTL,Guwahati",portal,2026-01_all_nsq.json,95
2026-01,central,nsq,Itraconazole Capsules USP,GCF0298,Jul-2025,Jun-2027,"Digital Vision,176, Mauza Ogli, Nahan Road, Kala-Amb, Distt. Sirmour (H.P.) - 173 030",The sample does not comply as per U.S.P. 2025 with respect to the test for Dissolution .,"RDTL,Guwahati",portal,2026-01_all_nsq.json,96
2026-01,central,nsq,Amlodipine Tablets I.P. 2.5 mg,424-1521,Aug-2024,Jul-2026,"Zee Laboratories,47, Industrial Area, Paonta Sahib-173025",The sample is not of standard quality for the reason stated under Description of the tablets,"RDTL,Guwahati",portal,2026-01_all_nsq.json,97
2026-01,central,nsq,Metronidazole Tablets I.P. 400 mg.,MT-24027,May-2024,Apr-2026,"Medivs Biosciences Pvt. Ltd.,,Khasra No. 1294, Morta, Meerut Road, Ghaziabad, UP-201003",The sample does not comply as per I.P. 2022 with respect to the test for Dissolution of Metronidazole.,"RDTL,Guwahati",portal,2026-01_all_nsq.json,98
2026-01,central,nsq,Lorazepam Tablets I.P. 1 mg,OM-10584,Jul-2024,Jun-2027,"D.D. Pharmaceuticals Pvt. Ltd.,G-1/583, RIICO Indl. Area, Sitapura, Tonk Road, Jaipur-302 022 (Rajasthan)",The sample does not conform to claim as per I.P. 2022 with respect to the test for Dissolution and Assay of Lorazepam.,"RDTL,Guwahati",portal,2026-01_all_nsq.json,99
2026-01,central,nsq,"Dextromethorphan HBr, Phenylephrine HCl & Chlorpheniramine Maleate Syrup",SVL-25199,Sep-2025,Aug-2027,"Siddhi Vinayak Industries,Kh. No. 339/183/46, Village Mauza Johron, Industrial Area, Trilokpur Road, Kala-Amb, Tehsil Nahan, District Sirmour (H.P.) 173030",The sample does not conform to claim as per Patent and Proprietary in respect to the Assay of Phenylephrine Hydrochloride.,"RDTL, Chandigarh",portal,2026-01_all_nsq.json,100
2026-01,central,nsq,"Ambroxol Hydrochloride, Terbutaline Sulphate, Guaiphenesin & Menthol Syrup",NB10L017A,Oct-2025,Sep-2027,"NDB Healthcare,Vill. Lower Ambota, Sec-5, Parwanoo, Distt. Solan (H.P.)-173220",The sample does not conform to claim as per Patent and Proprietary in respect to the Assay of Menthol,"RDTL, Chandigarh",portal,2026-01_all_nsq.json,101
2026-01,central,nsq,"Terbutaline, Ambroxol Hydrochloride, Guaiphenesin & Menthol Syrup",L - 25055,Sep-2025,Aug-2027,"H. L. Healthcare Pvt. Ltd.,Plot No. 25, Industrial Area, Phase II, Gagret, District Una - 177201, Himachal Pradesh",The sample does not conform to claim as per Patent and Proprietary in respect to the Assay of Ambroxol Hydrochloride and Menthol,"RDTL, Chandigarh",portal,2026-01_all_nsq.json,102
2026-01,central,nsq,Co-Trimoxazole Oral Suspension IP,CL250267A,Sep-2025,Aug-2027,"Candour Pharmaceuticals,Vill. Ogli, Suketi Road, Kala Amb, Distt. Sirmour (HP)-173030","The sample does not conform to claim as per IP 2022 and Addendum 2024 in respect to the Test of Total microbial count, Total yeast and mould count","RDTL, Chandigarh",portal,2026-01_all_nsq.json,103
2026-01,central,nsq,"Ambroxol HCl, Terbutaline Sulphate, Guaiphenesin & Methol Syrup",SVL-25194,Sep-2025,Aug-2027,"Siddhi Vinayak Industries,Kh. No. 339/183/46, Village Mauza Johron, Industrial Area, Trilokpur Road, Kala-Amb, Tehsil Nahan, District Sirmour (H.P.) 173030",The sample does not conform to claim as per Patent and Proprietary in respect to the Assay of Terbutaline Sulphate,"RDTL, Chandigarh",portal,2026-01_all_nsq.json,104
2026-01,central,nsq,"Ofloxacin, Metronidazole & Simethicone Suspension",ZRSL - 1533,Jun-2025,May-2027,"ZRS Pharmaceuticals India Pvt.Ltd ,Khasra No. 481, 490/3, 562/489/1, Opposite Sector-6, Tehsil Kasauli, Parwanoo, Solan, Himachal Pradesh-173220",The sample does not conform to claim as per Patent and Proprietary in respect to the Assay of Ofloxacin.,"RDTL, Chandigarh",portal,2026-01_all_nsq.json,105
2026-01,central,nsq,"Terbutaline Sulphate, Bromhexine HCl, Guaiphenesin & Menthol Syrup,,",LPS-2510209,Oct-2025,Sep-2027,"Lapan Healthcare Pvt. Ltd.,Plot No. 112, Sector-29, Part 1, Huda, Panipat-132103 (Haryana)","The sample does not conform to claim as per Patent and Proprietary in respect to the Assay of Terbutaline Sulphate, Bromhexine Hydrochloride","RDTL, Chandigarh",portal,2026-01_all_nsq.json,106
2026-01,central,nsq,"Terbutaline Sulphate, Bromhexine Hydrochloride, Guaiphenesin & Menthol Syrup",LXB-003,Aug-2025,Jul-2027,"Bindlysh Biotec Ltd.,A-45, JHILMIL Industrial Area, Delhi, 110095",The sample does not conform to claim as per Patent and Proprietary in respect to the Assay of Bromhexine Hydrochloride,"RDTL, Chandigarh",portal,2026-01_all_nsq.json,107
2026-01,central,nsq,"Diphenhydramine HCl, Ammonium Chloride, Sodium Citrate & Menthol Syrup",ZRSL - 1806,Sep-2025,Aug-2027,"ZRS Pharmaceuticals India Pvt. Ltd ,Khasra No. 481, 490/3, 562/489/1, Opposite Sector-6, Tehsil Kasauli, Parwanoo, Solan, Himachal Pradesh-173220",The sample does not conform to claim as per Patent and Proprietary in respect to the Assay of Sodium Citrate and Menthol.,"RDTL, Chandigarh",portal,2026-01_all_nsq.json,108
2026-01,central,nsq,Teneligliptin & Metformin Hydrochloride Extended-release Tablets 20mg and 500mg,T-2406105,Jun-2024,May-2026,"Rivpra Formulation Pvt. Ltd.,Plot No.8, Sector-6A, I.I.E. SIDCUL, Haridwar-249 403 (U.K.)",The sample received does not conform to I.P. 2022 with respect to the test of Dissolution (Teneligliptin) and Assay /Content of Teneligliptin,"CDTL, Mumbai",portal,2026-01_all_nsq.json,109
2026-01,central,nsq,Cyproheptadine & Tricholine Citrate Oral Drugs 30 ml,124,Sep-2025,Aug-2027,"Luxica Pharma Inc.,Plot No. 2308, Phase - III, GIDC Panoli, Bharuch - 394116, Gujarat, India",The sample received does not conform to manufacturer's specification 2022 with respect to the test for pH.,"CDTL, Mumbai",portal,2026-01_all_nsq.json,110
2026-01,central,nsq,Teneligliptin & Metformin Hydrochloride Extended-release Tablets 20mg and 500mg,T-2509069,Sep-2025,Aug-2027,"Rivpra Formulation Pvt. Ltd.,Plot No.8, Sector-6A, I.I.E. SIDCUL, Haridwar-249 403 (U.K.)",The sample received does not conform to I.P. 2022 with respect to the test for Dissolution (Teneligliptin),"CDTL, Mumbai",portal,2026-01_all_nsq.json,111
2026-01,central,nsq,"Dextromethorphan Hydrobromide, Cetirizine Dihydrochloride, Zinc and Ammonium Chloride Syrup",LC-2505,Jun-2025,May-2027,"Frontline Pharmaceuticals Pvt. Ltd.,13/14, Siddhivinayak Ind. EST., Golani Naka, Waliv, Vasai (E), Dist. Palghar - 401208",The sample received does not conform to I.P. 2022 with respect to the test for Assay for Cetrizine Dihydrochloride.,"CDTL, Mumbai",portal,2026-01_all_nsq.json,112
2026-01,central,nsq,"Paracetamol, Phenylphrine & Chlorpheniramine Maleate Suspension",101,Oct-2025,Sep-2027,"P & B Pharmaceuticals Pvt. Ltd,391/B, Shakarpur, Ta. Khambhat, Dist. Anand -388620, Gujarat",The sample received does not conform to I.P. 2022 with respect to the test for Microbiological test.,"CDTL, Mumbai",portal,2026-01_all_nsq.json,113
2026-01,central,nsq,Bacillus clausii spores suspension,Z24-450,Jun-2024,May-2026,"Zee Laboratories Ltd.,Behind 47, Industrial Area, Paonta Sahib-173025",The sample received does not conform toclaim with respect to Assay of Bacillus Clausii and Description.,"CDTL, Mumbai",portal,2026-01_all_nsq.json,114
2026-01,central,nsq,"Ambroxol Hydrochloride, Guaiphenesin and Levosalbutamol Sulphate Syrup",FL250085,Oct-2025,Sep-2027,"Farma Hub Overseas Pvt. Ltd (FHO),Khasra No. 882, Industrial Park-II, Near SIDCUL, Distt. Haridwar, Uttarakhand, India 249402",The sample does not conform to Manufacturers Specification with respect to test for Assay of Ambroxol Hydrochloride,"CDTL, Mumbai",portal,2026-01_all_nsq.json,115
2026-01,central,nsq,"Dextromethorphan Hydrobromide, Phenylephrine Hydrochloride & Cetirizine Hydrochloride Syrup",L-25154,Sep-2025,Aug-2027,"Apco Pharma Ltd,D-8, Industrial Area, Haridwar-249401(U.K.)",The sample does not conform to Manufacturers specification with respect to test for Assay of Phenylephrine Hydrochloride.,"CDTL, Mumbai",portal,2026-01_all_nsq.json,116
2026-01,central,nsq,Glycerin,G250719-IA,Jul-2025,Jun-2029,"Adani Wilmar Ltd ,Village - Dhrub, Taluka - Mundra, Dist - Kutch - 370421, Gujarat","The sample received does not conform tO I.P. 2022 specification with respect to refractive index, relative density, water content and Assay only.","CDTL, Hyderabad",portal,2026-01_all_nsq.json,117
2026-01,central,nsq,"Paracetamol, Phenylepherine HCL & Chlorpheniramine Maleate Suspension",TLLK-703,Nov-2025,Oct-2027,"Taksa Lifescience,E-47, Industrial Area, Focal Point Derabassi, Distt. Mohali (PB), Pin Code- 140507",The sample does not conform to manufacturers specification with respect to the tests for Assay.,"CDTL, Hyderabad",portal,2026-01_all_nsq.json,118
2026-01,central,nsq,Hydroxyzine Oral Solution I.P.,25JL0872,Oct-2025,Sep-2027,"Solar Pharmaceuticals,Focal Point, Bhawanpura, Village Paddi, Dehlon Road Ludhiana -141206",The sample does not conform to I.P. 2022 specification with respect to the test for pH only.,"CDTL, Hyderabad",portal,2026-01_all_nsq.json,119
2026-01,central,nsq,Clopidogrel Tablets IP 75 mg,T-2405315,May-2024,Apr-2026,"Rivpra Formulation Pvt. Ltd.,Plot No.8, Sector-6A, I.I.E. SIDCUL, Haridwar-249 403 (U.K.)",The sample received does not conform to IP 2022 specification with respect to the Description only.,"CDTL, Hyderabad",portal,2026-01_all_nsq.json,120
2026-01,central,nsq,Paediatric Co-Trimoxazole Oral Suspension BP,ATS25009,Jun-2025,May-2028,"Unique Pharmaceutical Labs. (A Division of J. B. Chemicals & Pharmaceuticals Ltd.),128/1, GIDC, Ankleshwar - 393 002, Gujarat",The sample does not conform to B.P with respect to the Assay of Sulphamethoxazole,"CDTL, Indore",portal,2026-01_all_nsq.json,121
2026-01,central,nsq,Aceclofenac & Paracetamol Tablets,T250216,Feb-2025,Jan-2027,"Medisky Pharmaceuticals,Plot No 260, G.I.D.C, Talod- 383215, Dist Sabarkantha (Gujarat)",The sample does not conform to Addendum 2024 of I.P 2022 with respect to the Assay of Aceclofenac.,"CDTL, Indore",portal,2026-01_all_nsq.json,122
2026-01,central,nsq,Amoxicillin And Potassium Clavulanate TabletsIP 625 mg,APCT25014A,Feb-2025,Jul-2026,"Karnataka Antibiotics & Pharmaceuticals Ltd.,No. 37, Site No. 34/4, NTTF Main Road, 2nd Phase, Peenya Industrial Area, Bengaluru - 560058",The sample does not conform to IP with respect to the test of Dissolution Of Potassium Clavulanate and Assay of Potassium Clavulanate.,"CDTL, Indore",portal,2026-01_all_nsq.json,123
2026-01,"state:BDCL, Patna",nsq,Zinc Sulphate Dispersable tablets I.P 20mg,7066,Apr-2024,Mar-2026,"Health Life Pharma, Pvt, Ltd. Factory: N - 31/1. M.I.D.C, Tarapur, Boisar, Palgarh - 401506",The sample does not conform to I.P limit with respect to Disintegration Test,"BDCL, Patna",portal,2026-01_all_nsq.json,124
2026-01,"state:BDCL, Patna",nsq,Zinc Sulphate Dispersable tablets I.P 20mg,25607,Mar-2024,Feb-2026,"Health Life Pharma, Pvt, Ltd. Factory: N - 31/1. M.I.D.C, Tarapur, Boisar, Palgarh - 401506",The sample does not conform to I.P limit with respect to Disintegration Test,"BDCL, Patna",portal,2026-01_all_nsq.json,125
2026-01,state:Karnataka,nsq,Diclofenac Potassium & Chlorzoxazone Tablets,SMT-3395,Sep-2025,Aug-2027,"SMBJ Pharmaceuticals Pvt Ltd. Plot No. 330, Phase 1, HSIIDC Industrial Estate, Barhi, Dist Sonepat 131101",The sample nas been declared as Not of Standard Quality as it does not conform to IP Standards with respect Teet fhe to Test for Disintegration,Karnataka,portal,2026-01_all_nsq.json,126
2026-01,"state:DTL Baddi, Himachal Pradesh",nsq,Cefodoxime Proxetil & Ofloxacin Tablet,SKTC25002,Sep-2025,Aug-2027,"Sharika Biotech Jagat Khana, Village Neehli Dhang, Nalagarh, Dsitt. Solan",Assay of ofloxacin,"DTL Baddi, Himachal Pradesh",portal,2026-01_all_nsq.json,127
2026-01,"state:DTL Baddi, Himachal Pradesh",nsq,Ciprofloxacin Tablets 500mg,SB2512,Oct-2025,Sep-2029,"Sharika Biotech Jagat Khana, Village Neehli Dhang, Nalagarh, Dsitt. Solan",Assay of ciprofloxacin,"DTL Baddi, Himachal Pradesh",portal,2026-01_all_nsq.json,128
2026-01,"state:DTL Baddi, Himachal Pradesh",nsq,Defidrot Suspension,L058711-24,Nov-2024,Oct-2026,"Adsila organics Pvt Ltd. Liwaspur road, vill Bhalagarh 131021",The sample does not conforms to claim as per patent & Proprietary in respect to the Assay of Drotaverine Hydrochloride.,"DTL Baddi, Himachal Pradesh",portal,2026-01_all_nsq.json,129
2026-01,"state:DTL Baddi, Himachal Pradesh",nsq,Doxylamine Succinate Pyridoxine Hydrochloride & Folic acid Tablets,NPT25140A,Jun-2025,May-2027,"Nexkem Pharmaceuticals Pvt Ltd. IP-47, Khasra No. 84, Mantri Farmm Vill. Raipur, Tehsil Bhagwanpur, Roorkee, District Haridwar- 247661",The sample does not conform to claim as per patent & proprietary in respect to the Disintegration Test.,"DTL Baddi, Himachal Pradesh",portal,2026-01_all_nsq.json,130
2026-01,"state:DTL, Bengaluru, Karnataka",nsq,Iron & Folic Acid Syrup IP,880525-BKN20,May-2025,Apr-2027,"Biogenetic Drugs Pvt. Ltd.,Vill. Jharmazri, Baddi-174103, Dist. Solan, H.P",Test for pH and Assay for Elemental Iron,"DTL, Bengaluru, Karnataka",portal,2026-01_all_nsq.json,131
2026-01,"state:RDTL, Hubli, Karnataka",nsq,Omeprazole Gastro-resistant Capsules IP 20 mg,JDC-1592,Apr-2025,Mar-2027,"Jpee Drugs, Plot No-53, Sector 6-A, SIDCUL, Haridwar (Uttarakhand)",Test for Dissolution,"RDTL, Hubli, Karnataka",portal,2026-01_all_nsq.json,132
2026-01,"state:RDTL, Hubli, Karnataka",nsq,"Cefixime, Azithromycin & Lactic Acid Bacillus Tablets",CHO-50003,Jan-2025,Dec-2026,"Park Pharmaceuticals, 272, Ind, Area, Phase II, Panchkula-134113",Assay for Cefixime (as Anhydrous) & Azithromycin (as Anhydrous) only,"RDTL, Hubli, Karnataka",portal,2026-01_all_nsq.json,133
2026-01,"state:DTL, Bengaluru, Karnataka",nsq,Calcium Carbonate & Vitamin D3 (Cholecalciferol) Tablets IP,NLT-43425,Jul-2025,Jun-2027,"Nutra Life Healthcare Pvt. Ltd., Plot No. 44-45, Shiv Ganga Industrial-Estate, Lakeshwari, Bhagwanpur, Roorkee Distt, Haridwar, Uttarkhand",Assay for Vitamin D3,"DTL, Bengaluru, Karnataka",portal,2026-01_all_nsq.json,134
2026-01,"state:RDTL, Hubli, Karnataka",nsq,Luliconazole Lotion IP 1% w/v,SWNL24J03,Oct-2024,Sep-2026,"National Laboratories (Unit-II), Village & P.O. Manpura, Baddi-Nalagarh Road, Distt. Solan (H.P)-174101,",Assay for Luliconazole only,"RDTL, Hubli, Karnataka",portal,2026-01_all_nsq.json,135
2026-01,"state:RDTL, Bellary, Karnataka",nsq,Metformin Hydrochloride (ER) and Glimepiride Tablets IP,244TGT008,Jun-2025,May-2027,"Swiss Garnier Life Sciences, 21-23 Industrial area, Mehatpur, Dist., UNA, Himachal Pradesh India-174315. India",Assay for Glimepiride,"RDTL, Bellary, Karnataka",portal,2026-01_all_nsq.json,136
2026-01,"state:RDTL, Bellary, Karnataka",nsq,Cefixime Dispersible Tablets IP,DTBE13A,May-2025,Apr-2027,"Digital Vision, Village Khari, Mauza Ogli, Suketi Road, Kala-Amb, Distt, Sirmour (H.P) 173030 (H.P)",Test for Dissolution and Assay for Cefixime,"RDTL, Bellary, Karnataka",portal,2026-01_all_nsq.json,137
2026-01,"state:RDTL, Bellary, Karnataka",nsq,Enrofloxacin & Bromhexine HCL Oral Solution (Quinrox-BH Antibacterial & Mucolytic For Veterinary Use),QXB0525,Jun-2025,May-2027,"Indovet Life Sciences Pvt. Ltd., D.No.7-8-290/1 1st & 2nd Floors Goutham Nagar, Ferozguda Village, Balangar Mandal Medchal- Malkajgiri District. Pin Code-500011 Telangana State, India",Description,"RDTL, Bellary, Karnataka",portal,2026-01_all_nsq.json,138
2026-01,"state:RDTL, Bellary, Karnataka",nsq,Telmisartan Tablets IP 40 mg,MVT-534,Aug-2024,Jul-2026,"Bonn Schtering Bio Sciences, Plot No. 64 & 65, First Floor, Electronic Park, Thirubhavanai Mandipet Commune Puducherry-605107",Test for Dissolution,"RDTL, Bellary, Karnataka",portal,2026-01_all_nsq.json,139
2026-01,"state:RDTL, Bellary, Karnataka",nsq,Paracetamol Tablets IP 500 mg,4D189,Feb-2025,Jan-2027,"Elegant Drugs Pvt. Ltd., R.S.No. 59/3a, Chalmatti-581196 (Dist.: Dharwad St Karnataka",Test for Dissolution,"RDTL, Bellary, Karnataka",portal,2026-01_all_nsq.json,140
2026-01,"state:RDTL, Bellary, Karnataka",nsq,"Aceclofenac, Paracetamol & Serratiopeptidase Tablets",APSP-45,Apr-2025,Mar-2027,"Franklin Laboratories (India) Pvt. Ltd., Khasra No. 140-141, Makhanpur, Bhagwanpur, Roorkee, Distt. Haridwar, Uttarakhand",Description,"RDTL, Bellary, Karnataka",portal,2026-01_all_nsq.json,141
2026-01,"state:RDTL, Bellary, Karnataka",nsq,Rabeprazole Sodium Gastro-Resistant Tablets IP 20 mg,TG25015E,Aug-2025,Jul-2027,"Curehealth Phaemaceuticals Pvt. Ltd., Vill, Raipur, P.O. Deothi, Tehsil & District Solan (H.P)-173211",Description,"RDTL, Bellary, Karnataka",portal,2026-01_all_nsq.json,142
2026-01,"state:RDTL, Bellary, Karnataka",nsq,"Aceclofenac, Paracetamol & Chlorzoxazone Tablets",VGT/2201,Apr-2024,Mar-2026,"Vats Biotech Pvt. Ltd., Vill. Kailar P.O. Saproon, Teh& Distt, Solan-173211 (H.P)",Description and Assay for Aceclofenac,"RDTL, Bellary, Karnataka",portal,2026-01_all_nsq.json,143
2026-01,"state:DTL, Bengaluru, Karnataka",nsq,"Metformin Hydrochloride (SR) Tablets IP 1000mg,",JDT-7754,Feb-2024,Jan-2026,"Jpee Drugs, Plot No.53, Sector 6-A SIDCUL Haridwar (Uttarakhand)",Description,"DTL, Bengaluru, Karnataka",portal,2026-01_all_nsq.json,144
2026-01,"state:DTL, Bengaluru, Karnataka",nsq,Paracetamol Tablets IP 500 mg,PYA24001,Jun-2024,May-2026,"Danish Health Care (P) Ltd., (AN ISO 9001:2015 & GMP Certified Company) 76/27-28, Industrial Estate, Maxi Road, Ujjain-456010 India",Description,"DTL, Bengaluru, Karnataka",portal,2026-01_all_nsq.json,145
2026-01,"state:DTL, Bengaluru, Karnataka",nsq,Ibuprofen Suspension 100mg/5ml,PL-022502,Feb-2025,Jan-2027,"Primus Pharmaceuticals, Sadhoura Road, Mouza Ogli Khari, Vill. Asgarpur Majra, Kala Amb, Distt. Sirmour-(H.P) 173030",Test for pH,"DTL, Bengaluru, Karnataka",portal,2026-01_all_nsq.json,146
2026-01,"state:DTL, Bengaluru, Karnataka",nsq,Iron & Folic Acid Syrup IP,1340625-BKN20,Jun-2025,May-2027,"Biogenetic Drugs Pvt. Ltd., Vill-Jharmazri, Baddi 174103, Dist. Solan H.P",Test for Dissolution,"DTL, Bengaluru, Karnataka",portal,2026-01_all_nsq.json,147
2026-01,"state:DTL, Bengaluru, Karnataka",nsq,Piroxicam & Paracetamol Injection [POK-P] (FOR VETRINARY USE ONLY),PK-2535,Jun-2025,May-2027,"Sunvet Pharma Pvt. Ltd., Village-Upper Moginand, Nahan Road, Kala Amb, Distt. Sirmour-173030 (H.P)",Test for Sterility and Description,"DTL, Bengaluru, Karnataka",portal,2026-01_all_nsq.json,148
2026-01,"state:DTL, Bengaluru, Karnataka",nsq,Sodium Bicarbonate Injection I.P,524,Aug-2025,Jul-2027,"Carewin Pharmaceuticals (Guj) Pvt. Ltd., 38, Saket Ind. Estste-II, N.H No.8A, P.O. Moraiya TA. Sanand, Ahmedabad",Description and Test for Particulate matter,"DTL, Bengaluru, Karnataka",portal,2026-01_all_nsq.json,149
2026-01,"state:DTL, Bengaluru, Karnataka",nsq,"Levosalbutamol, Ambroxol Hydrochloride & Guaiphenesin Syrup",PLP-005,Oct-2024,Sep-2026,"Finemax Formulation Pvt. Ltd., No-1/4, First Floor, Thirumuruga Complex, Leelavathi Nagar, Chikkarayapuram, Chenni-600069",Description,"DTL, Bengaluru, Karnataka",portal,2026-01_all_nsq.json,150
2026-01,"state:DTL, Bengaluru, Karnataka",nsq,Meropenem Injection IP,SDIC449B,Sep-2025,Aug-2027,"Sunvet Healthcare, Vill. Khari, Mauza Ogli, Kala Amb, Distt. Sirmour, 173030 (HP)",Tests for pH and Loss on drying,"DTL, Bengaluru, Karnataka",portal,2026-01_all_nsq.json,151
2026-01,"state:RDTL, Hubli, Karnataka",nsq,Ciprofloxacin Tablets I.P 500mg,CCT1303,Apr-2025,Mar-2027,"Unicure India Ltd., C-21, 22 & 23, Sector-3 Noida-201301 Distt, Gautam Budh Nagar (U.P)",Test for Uniformity of Weight,"RDTL, Hubli, Karnataka",portal,2026-01_all_nsq.json,152
2026-01,"state:RDTL, Bellary, Karnataka",nsq,Nitrazepam Tablets IP 5 mg,208,Jan-2025,Dec-2027,"Elite Pharma Pvt. Ltd., 1210/11/12, Phase III, G.I.D.C., Vatva, Ahmedabad-382445, Gujarat, India",Test for Dissolution only,"RDTL, Bellary, Karnataka",portal,2026-01_all_nsq.json,153
2026-01,"state:RDTL, Hubli, Karnataka",nsq,Nimesulied & Paracetamol Tablets,24T021,Apr-2024,Mar-2027,"Medico Labs, 628, G.I.D.C., Phase IV, Vatva, Ahmedabad-382445",Test for Disintegration only,"RDTL, Hubli, Karnataka",portal,2026-01_all_nsq.json,154
2026-01,"state:RDTL, Bellary, Karnataka",nsq,"Calcium, Calcitriol & Vitamin K27 Softgel Capsules",D251340C,Jun-2025,May-2027,"Sigma Softgel & Formulation, Plot No.171, HPSIDC, Industrial Area, Baddi-173205, Distt Solan (HP)",Test for Disintegration,"RDTL, Bellary, Karnataka",portal,2026-01_all_nsq.json,155
2026-01,"state:RDTL, Bellary, Karnataka",nsq,Pantoprazole Tablets IP,T 3006,May-2025,Apr-2027,"Hamax Pharmaceuticals, 703, G.I.D.C., Industrial Estate, Makarpura, Vadodara-390010 (Gujarat)",Description,"RDTL, Bellary, Karnataka",portal,2026-01_all_nsq.json,156
2026-01,"state:RDTL, Bellary, Karnataka",nsq,"Methylcobalamin, Alpha Lipoic Acid, Pyridoxine Hydrochloride & Folic Acid Soft Gelatin Capsules)",BSG251184A,Aug-2025,Jul-2027,"Bionexy Pharma, Plot No. 31-B, Industrial Area, Lodhimajra, Tehsil Baddi, Distt. Solan-HP-173205","Test for Disintegration? and ?Assay for Methylcobalamin, Alpha Lipoic Acid Pyridoxine Hydrochloride","RDTL, Bellary, Karnataka",portal,2026-01_all_nsq.json,157
2026-01,state:DTL Thiruvananthapuram,nsq,Flunarizine Tablets IP 10mg,AUJ01AQA,Aug-2025,Jul-2028,"Pure & Cure Healthcare Pvt.Ltd, Plot No. 26A, 27-30, Sector-8A, I.I.E, SIDCUL, Ranipur, Haridwar-249 403, Uttarakhand","sample fails the test 'Descriptive Part' for tablets as per IP, as specified in the laboratory protocol.",DTL Thiruvananthapuram,portal,2026-01_all_nsq.json,158
2026-01,state:DTL Thiruvananthapuram,nsq,Iron Sucrose Injection USP 20mg/ml,VIN 24011,Feb-2024,Jan-2026,"Infallible Pharma Pvt.Ltd, At. Plot No. H-10, H-10/1, MIDC, Satpur, Nashik-422007","sample fails the tests 'Content of Chloride and pH as per USP, as specified in the Laboratory Protocol.",DTL Thiruvananthapuram,portal,2026-01_all_nsq.json,159
2026-01,state:RDTL Ernakulam,nsq,"Lorazepam Tablets IP 1mg,",5071TNI,Apr-2025,Mar-2028,"Windlas Biotech Limited (Plant-2), Khasra No. 141 to 143 & 145, Mohabewala Indl. Area, Dehradun-248110 (U.K) India",The particular sample fails the tests Dissolution and Assay.,RDTL Ernakulam,portal,2026-01_all_nsq.json,160
2026-01,state:RDTL Ernakulam,nsq,Salbutamol Syrup IP,SVK 24049,Nov-2024,Oct-2026,"Labinduss Ltd, I.D.A, Kanjikode-678623, Kerala",sample fails the test pH as per IP .,RDTL Ernakulam,portal,2026-01_all_nsq.json,161
2026-01,state:DTL Thiruvananthapuram,nsq,Telmisartan Tablets IP 40mg,BPLT-25010,Jan-2025,Dec-2026,"Bennet Pharmaceuticals Limited, Village Chanal Majra, Nr. Manpura, Baddi, Tal. Nalagarh, Dist.Solan (HP)-173205, Himachal Pradesh",sample fails the 'Descriptive Part' as per IP,DTL Thiruvananthapuram,portal,2026-01_all_nsq.json,162
2026-01,state:DTL Thrissur,nsq,Paracetamol Tablets IP 500mg,PAK-632,Jan-2024,Dec-2026,"Healer's Lab, Unit II, Plot No. 33, HPSIDC, Extn. Baddi, Distt. Solan (H.P)","sample fails the test ""Dissolution"" as per IP",DTL Thrissur,portal,2026-01_all_nsq.json,163
2026-01,"state:SDT&RL, Bhubaneswar",nsq,Paracetamol,TF3059A,Jun-2023,May-2026,"Navkar Lifesciences, Plot No-76, Lodhi Majra, Industrial Area Baddi, Dist-(Solan)H.P.",Dissolution Test,"SDT&RL, Bhubaneswar",portal,2026-01_all_nsq.json,164
2026-01,"state:SDT&RL, Bhubaneswar",nsq,Pantoprazole,2425105,Jun-2024,May-2026,"Ronak Life Care Private Limited. RS No 41(Part), Vill Rajpur, Ta&Dist-Patan-384265, 88, Nilakanth Estate, Sarkhej, Ahmedabad-382210, Gujurat",Dissolution Test,"SDT&RL, Bhubaneswar",portal,2026-01_all_nsq.json,165
2026-01,"state:SDT&RL, Bhubaneswar",nsq,"Levocetirizine DiHydrochloride, Montelukast",SRT-034,Feb-2024,Jan-2026,"Sresan Pharmaceutical Manufacturer, No-787, Bangalore Highways, Sunguvarchatram (Mathura), Kanchepuram, Dist-602106",Description,"SDT&RL, Bhubaneswar",portal,2026-01_all_nsq.json,166
2026-01,"state:SDT&RL, Bhubaneswar",nsq,Albendazole Tablets IP 400 mg,APR-00,Jan-2025,Dec-2026,"Hindustan Antibiotics Ltd,Pimpri, Pune-411 018, India",The sample does not conform to I.P. with respect to test for Dissolution.,"SDT&RL, Bhubaneswar",portal,2026-01_all_nsq.json,167
2026-01,state:DTL Jaipur,nsq,Calcium with Vitamin D3 Suspension,JDL-3549,Dec-2024,Nov-2026,"JPEE Drugs, Plot No. 53, Sector-6A, SIDCUL, Haridwar (Uttarakhand)",The sample does not conform to the claim with respect to Assay of Vitamin D3.,DTL Jaipur,portal,2026-01_all_nsq.json,168
2026-01,state:DTL Jaipur,nsq,Paracetamol Tablets IP,GTF0653,Mar-2025,Feb-2027,"Digital Vision, 176, Mauza Ogli, Nahan Road, Kala-Amb, Distt. Sirmour (H.P.)-173030",The sample does not conform to the IP with respect to Assay.,DTL Jaipur,portal,2026-01_all_nsq.json,169
2026-01,state:DTL Jaipur,nsq,"Ambroxol Hydrochloride, Terbutaline Sulphate, Guaiphenesin & Menthol Syrup",DLS3877,Jan-2025,Dec-2026,"Dhwanilife Care Pvt. Ltd., Plot No. C-20/2, (C-39) & C-20/3, (C-40) Arvind Mega Park, Village- Chachrawadi Vasna, Ahmedabad, Gujarat, 382213.",The sample does not conform to the claim with respect in Assay of Ambroxol Hydrochloride.,DTL Jaipur,portal,2026-01_all_nsq.json,170
2026-01,state:DTL Jaipur,nsq,"Aceclofenac, Paracetamol & Serratiopeptidase Tablets",MDT-4458,Sep-2025,Aug-2027,"Mayasha Lifesciences, H.B.86, Village- Bhatian, Nalagarh, Distt.-Solan (H.P.) 174101.",The sample does not conform to the claim with respect to Assay of Aceclofenac.,DTL Jaipur,portal,2026-01_all_nsq.json,171
2026-01,state:DTL Jaipur,nsq,"Calcium Levulinate, Cholecalciferol & Cyanocobalmin Injetion Vet",JIN25-028,May-2025,Apr-2027,"Janya Biocare Pvt. Ltd., Khasra No-169, Tanshipur, Roorkee (U.K.)",The sample does not conform to the IP with respect to Assay of Cholecalciferol.,DTL Jaipur,portal,2026-01_all_nsq.json,172
2026-01,state:DTL Jaipur,nsq,"Calcium Carbonate Vitamin D3, Magnesium & Zinc Sulphate Tablets",LTA-47700,Apr-2025,Sep-2026,"Lifevision Healthcare, Plot No. 138-139-140-141-142, E.P.I.P., Phase-I, Jharmajri, Baddi, Distt. Solan (H.P.) 174103.",The sample does not conform to the claim with respect to Assay of Vitamin D3 and Elemental Zinc.,DTL Jaipur,portal,2026-01_all_nsq.json,173
2026-01,state:DTL Jaipur,nsq,"Ambroxol Hydrochloride, Terbutaline Sulphate and Guaiphenesin Syrup & Menthol Syrup",MDL-B458,Sep-2024,Aug-2026,"Marvellon Pharmaceuticals Pvt. Ltd., Kh. No. 114, Vill. Damowala, P.O. Barotiwala Baddi, Distt. Solan (H.P.)-174103.","The sample does not conform to the claim with respect to In Assay Terbutaline Sulphate, Ambroxol Hydrochloride and Guaiphenesin.",DTL Jaipur,portal,2026-01_all_nsq.json,174
2026-01,state:DTL Jaipur,nsq,"Ambroxol Hydrochloride, Terbutaline Sulphate and Guaiphenesin Syrup",AT18S125,Sep-2025,Aug-2027,"CIPCO Limited, 35-36/1, A.B. Road, Pigdamber, Dist. Indore 453331 (MP) India",The sample does not conform to the claim with respect to In Assay of Ambroxol Hydrochloride.,DTL Jaipur,portal,2026-01_all_nsq.json,175
2026-01,state:DTL Jaipur,nsq,Amlodipine & Atenolol Tablets IP,TH-130010,Nov-2024,Oct-2027,"Centurion Remedies Pvt. Ltd., G/5, G/6, Industrial Estate, Gorwa, Vadodara-390016.",The sample does not conform to the I.P. with respect to Assay of Amlodipine.,DTL Jaipur,portal,2026-01_all_nsq.json,176
2026-01,state:DTL Jaipur,nsq,"Ambroxol Hydrochloride, Terbutaline Sulphate and Guaiphenesin Syrup",AT22A225,Aug-2025,Jul-2027,"CIPCO Limited, 35-36/1, A.B. Road, Pigdamber, Dist. Indore 453331 (MP) India",The sample does not conform to the claim with respect to Assay of Ambroxol Hydrochloride.,DTL Jaipur,portal,2026-01_all_nsq.json,177
2026-01,state:DTL Jaipur,nsq,"Ambroxol Hydrochloride, Terbutaline Sulphate and Guaiphenesin Syrup",AT13A225,Aug-2025,Jul-2027,"CIPCO Limited, 35-36/1, A.B. Road, Pigdamber, Dist. Indore 453331 (MP) India",The sample does not conform to the claim with respect to Assay of Ambroxol Hydrochloride.,DTL Jaipur,portal,2026-01_all_nsq.json,178
2026-01,state:DTL Jaipur,nsq,"Ambroxol Hydrochloride, Terbutaline Sulphate and Guaiphenesin Syrup",AT48J325,Jul-2025,Jun-2027,"CIPCO Limited, 35-36/1, A.B. Road, Pigdamber, Dist. Indore 453331 (MP) India",The sample does not conform to the claim with respect to Assay of Ambroxol Hydrochloride.,DTL Jaipur,portal,2026-01_all_nsq.json,179
2026-01,state:DTL Jaipur,nsq,Calcium with Vitamin D3 Suspension,JDL-3543,Dec-2024,Nov-2026,"JPEE Drugs, Plot No. 53, Sector-6A, SIDCUL, Haridwar (Uttarakhand)",The sample does not conform to the claim with respect to Assay of Vitamin D3.,DTL Jaipur,portal,2026-01_all_nsq.json,180
2026-01,state:DTL Jaipur,nsq,"Ambroxol Hydrochloride, Terbutaline Sulphate and Guaiphenesin Syrup",AT11S125,Sep-2025,Aug-2027,"CIPCO Limited, 35-36/1, A.B. Road, Pigdamber, Dist. Indore 453331 (MP) India",The sample does not conform to the claim with respect to Assay of Ambroxol Hydrochloride.,DTL Jaipur,portal,2026-01_all_nsq.json,181
2026-01,state:DTL Jaipur,nsq,Cefixime & Ofloxacin Tablets,MBT-24775,Sep-2025,Aug-2027,"Mayoford Pharma, Near Railway Crossing, Chambaghat, Solan, Distt. Solan (H.P.) 173213",The sample does not conform to the claim with respect to Assay of Anhydrous Cefixime.,DTL Jaipur,portal,2026-01_all_nsq.json,182
2026-01,state:Karnataka,nsq,Paracetamol Tablets IP 650mg,PCT25094,May-2025,Apr-2027,"Vivek Pharmachem (India) Ltd., NH-8, Chimanpura, Amer, Jaipur-303102.",The sample has been declared as Not of Standard Quality as it does not conform to IP standards with respect to Test for Dissolution only.,Karnataka,portal,2026-01_all_nsq.json,183
2026-01,state:DTL Jaipur,nsq,Rabeprazole Sodium Gastro-resistant and Domperidone Prolonged-release Capsules,BHC-25070175,Jul-2025,Dec-2026,"BON-HEUR Pharmaceuticals, Plot No. 130B-131, Sector-6A, IIE-Sidcul, Haridwar-249403 Uttarakhand.",The sample does not conform to the claim with respect to Assay of Rabeprazole Sodium.,DTL Jaipur,portal,2026-01_all_nsq.json,184
2026-01,state:DTL Jaipur,nsq,Doxycycline & Lactic Acid Bacillus Tablets,T4514,Nov-2024,Oct-2026,"Titanes Pharma, Vill. Bathu, Tehsil Haroli, Distt. Una (HP) 174507.",The sample does not conform to the claim with respect to Assay of Doxycycline & Description.,DTL Jaipur,portal,2026-01_all_nsq.json,185
2026-01,state:DTL Jaipur,nsq,Pregabalin & Nortriptyline Tablets,PT-042515,Apr-2025,Mar-2027,"Primus Pharmaceuticals, Sadhoura Road, Mouza Ogli Khari Vill Asgarpur Majra, Kala Amb, Distt. Sirmour-(H.P.) 173030.",The sample does not conform to the claim with respect to Assay in Nortriptyline.,DTL Jaipur,portal,2026-01_all_nsq.json,186
2026-01,"state:Drugs Testing Laboratory, Chennai-06",nsq,Povidone-Iodine Ointment USP,OG5019A,Jul-2025,Jun-2027,"Navkar Lifesciences, Plot No.76, Lodhi Majra, Industrial Area, Baddi, Distt. Solan (H.P)",Content,"Drugs Testing Laboratory, Chennai-06",portal,2026-01_all_nsq.json,187
2026-01,"state:Drugs Testing Laboratory,  Madurai-19",nsq,"Dextromethorphan Hbr, Phenylephrine Hcl, Chlorpheniramine Maleate Syrup",OML25074,Jul-2025,Jun-2027,"Omish Laboratories Pvt. Ltd, Plot No.D-10, Grallops Industrial Part-1,Ahmedabad-Rajkot Highway, NH-8A, Rajoda, Bavla, Ahmedabad - 382220(Gujarat)",Content,"Drugs Testing Laboratory,  Madurai-19",portal,2026-01_all_nsq.json,188
2026-01,"state:Drugs Testing Laboratory,  Madurai-19",nsq,Iron and folic acid syrup IP,LAV25159AL,Aug-2025,Oct-2026,"Hindustan Laboratories Limited, Plot No.5-9, 1, Survey No. 38/2, Aliyali, Palghar (W), Dist-Palghar - 401404 (M.S)",Description,"Drugs Testing Laboratory,  Madurai-19",portal,2026-01_all_nsq.json,189
2026-01,"state:Drugs Testing Laboratory, Madurai-19",nsq,"Phenylephrine Hcl & Chlorpheniramine Maleate, Paracetamol Oral Suspension",BHCI273,Mar-2025,Feb-2028,"Baseman Healthcare Inc, Plot No.10 & 11, GST Road, Balaram Avenue, Thanakkankulam Village, Madurai, Tamilnadu-625006",Content,"Drugs Testing Laboratory, Madurai-19",portal,2026-01_all_nsq.json,190
2026-01,"state:Drugs Testing Laboratory,  Madurai-19",nsq,"Terbutaline Sulphate, Guaiphenesin, Ambroxol Hydrochloride and Menthol Syrup",BKS24014C,Nov-2024,Oct-2026,"Cachet Pharmaceuticals Pvt. Ltd, Village - Thana, Baddi, Dist. Solan, Himachal Pradesh-173 205",Content,"Drugs Testing Laboratory,  Madurai-19",portal,2026-01_all_nsq.json,191
2026-01,"state:Drugs Testing Laboratory,  Madurai-19",nsq,"Terbutaline Sulphate, Bromhexine Hcl, Guaiphenesin Syrup",D240694,Sep-2024,Aug-2026,"Dr.Reddy's Laboratories Limited, Plot No.57, Village Kunjhal, P.O, Barotiwala, Tehsil Baddi, Dist. Solan (HP)-174103",Content,"Drugs Testing Laboratory,  Madurai-19",portal,2026-01_all_nsq.json,192
2026-01,"state:Drugs Testing Laboratory, Chennai-06",nsq,"Ambroxol Hydrochloride, Terbutaline Sulphate, Guaiphenesin And Menthol Syrup",MZYA02,Jan-2025,Dec-2026,"Zeta Formulation Pvt. Ltd., No.157, GST Road (Ground & First Floor), Pukkathurai, Madhuranthagam Taluk, Kancheepuram District, 603116",Content,"Drugs Testing Laboratory, Chennai-06",portal,2026-01_all_nsq.json,193
2026-01,"state:Drugs Testing Laboratory,  Madurai-19",nsq,"Dextromethorphan Hydrobromide, Phenylephrine Hydrochloride and Chlorpheniramine Maleate Syrup",SRLF250099,Jun-2025,May-2027,"Systole Remedies Pvt Ltd, Vill.Ogli, Kala Amb, Teh.Nahan, Distt.Sirmour (HP)-173030",Content,"Drugs Testing Laboratory,  Madurai-19",portal,2026-01_all_nsq.json,194
2026-01,"state:Drugs Testing Laboratory,  Chennai-06",nsq,"Ambroxol Hydrochloride, Guaiphenesin & Levosalbutamol Sulphate Syrup",SBL-8,Apr-2025,Mar-2027,"Sarthak Biotech Pvt. Ltd, 198-A, Sector-3, HSIIDC, Kamal-132001 (HR)",Content,"Drugs Testing Laboratory,  Chennai-06",portal,2026-01_all_nsq.json,195
2026-01,"state:Drugs Testing Laboratory, Chennai-06",nsq,"Levosalbutamol Sulphate, Ambroxol Hydrochloride And Guaiphenesin Syrup",ASL24318,Dec-2024,Nov-2026,"AASSK Pharmaceuticals Pvt. Ltd, S.No.243/2, Plot No.9, Dr.Ambedkar Street, Kozhumanivakkam Village, Mangadu, Chennai-600122",Content,"Drugs Testing Laboratory, Chennai-06",portal,2026-01_all_nsq.json,196
2026-01,"state:Drugs Testing Laboratory,  Chennai-06",nsq,"Ambroxol Hydrochloride, Guaiphenesin, Levosalbutamol Sulphate Syrup",A-250613,Jun-2025,May-2027,"Onex Pharmaceuticals, G1-234, RIICO, Hirawala, Industrial Area, Kanota,JP (RAJ.),303012",Content,"Drugs Testing Laboratory,  Chennai-06",portal,2026-01_all_nsq.json,197
2026-01,"state:Drugs Testing Laboratory, Chennai-06",nsq,"Terbutaline Sulphate, Guaiphenesin & Ambroxol Hcl Syrup",HTD-24103,Apr-2024,Mar-2026,"American Pharma and Sciences, 40, Bharathi Street, Ayyappa Nagar, K.K. Nagar, Tamilnadu, 620021",Content,"Drugs Testing Laboratory, Chennai-06",portal,2026-01_all_nsq.json,198
2026-01,"state:Drugs Testing Laboratory,  Chennai-06",nsq,Telmisartan Tablets IP 40mg,STS-126,Jun-2025,May-2027,"Marc Lifesciences Sikkim, Khasara No.35, 36, 409, 410, Vill. Julanglay, Block L, Maneydara Namthang, Distt. Namchi, South Sikkim",Dissolution,"Drugs Testing Laboratory,  Chennai-06",portal,2026-01_all_nsq.json,199
2026-01,"state:Drugs Testing Laboratory,  Chennai-06",nsq,Telmisartan Tablets IP 40 mg,STS-117,May-2025,Apr-2027,"Marc Lifesciences Sikkim, Khasara No.35, 36, 409, 410, Vill. Julanglay, Block L, Maneydara Namthang, Distt. Namchi, South Sikkim",Dissolution,"Drugs Testing Laboratory,  Chennai-06",portal,2026-01_all_nsq.json,200
2026-01,"state:Drugs Testing Laboratory,  Chennai-06",nsq,Atorvastatin Calcium Tablets IP 10mg,HTN792G,Jul-2024,Jun-2026,"Himalaya Meditek Pvt. Ltd, Plot No.35 & 36, Pharmacity, selaqui, Industrail Area, Dehradun, 248197",Dissolution,"Drugs Testing Laboratory,  Chennai-06",portal,2026-01_all_nsq.json,201
2026-01,"state:Drugs Testing Laboratory,  Chennai-06",nsq,"Clobetasol Propionate, Neomycin, Miconazole Nitrate & Chlorhexidine Cream",DLPS5019,Jul-2025,Jun-2027,"Leeford Healthcare Ltd., At:Plot No.77, 78, 79-A, 79-B & 116, EPIP, Phase-II, village-Thana, Tehsil-Baddi, Distt. Solan, (HP), 173205",Content,"Drugs Testing Laboratory,  Chennai-06",portal,2026-01_all_nsq.json,202
2026-01,"state:Drugs Testing Laboratory,  Madurai-19",nsq,"Paracetamol, Chlorpheniramine Maleate, Phenylephrine Hydrochloride, Sodium Citrate & Menthol Suspension",24L041,May-2024,Apr-2026,"Acumen Pharmaceuticals Pvt. Ltd. -Unit-II, RS No.2, Plot No.67-69 & 109-111, Kurumbapet, Puducherry-605009",Content,"Drugs Testing Laboratory,  Madurai-19",portal,2026-01_all_nsq.json,203
2026-01,"state:Drugs Testing Laboratory,  Madurai-19",nsq,"Dextromethorphan HBR, Phenylephrine Hcl & Chlorpheniramine Maleate Syrup",ALD1185,May-2025,Apr-2027,"Alzey Pharmaceuticals Pvt. Ltd., Plot No.202, HSIIDC, Industrial Estate, Phase-I, Barwala, Distt.-Panchkula (HR)-134118",Content,"Drugs Testing Laboratory,  Madurai-19",portal,2026-01_all_nsq.json,204
2026-01,"state:Drugs Testing Laboratory,  Chennai-06",nsq,Dexamethasone Tablets IP 0.5mg,TA24659,Aug-2024,Jul-2026,"Saintlife Pharmaceuticals Ltd, 323, Central Hope Town, Industrial Area, Selaqui, Dehradun-248011, Uttarakhand, India",Dissolution & Content,"Drugs Testing Laboratory,  Chennai-06",portal,2026-01_all_nsq.json,205
2026-01,"state:Drugs Testing Laboratory,  Madurai-19",nsq,Lornoxicam & Paracetamol Tablets,CT60058,Apr-2025,Mar-2027,"Cosmas Pharmacls Ltd., Buranwala Road, Village: Kotla, P.O.: Barotiwala, Solan (HP)-174103",Uniformity of Weight,"Drugs Testing Laboratory,  Madurai-19",portal,2026-01_all_nsq.json,206
2026-01,"state:Drugs Testing Laboratory,  Madurai-19",nsq,"Dextromethorphan Hydrobromide, Phenylephrine Hydrochloride and Chlorpheniramine Maleate Syrup",ML25245,Aug-2025,Jul-2027,"Medimark Drugs & Pharmaceuticals, Plot No.39, Sector-6A, IIE, SIDCUL, Haridwar-249403 (U.K)",Content,"Drugs Testing Laboratory,  Madurai-19",portal,2026-01_all_nsq.json,207
2026-01,"state:Drugs Testing Laboratory, Chennai-06",nsq,Benzalkonium Chloride Disinfectant Fluid,MSSK01,Nov-2025,Oct-2027,"Surfactants and Allied Chemicals (P) Ltd, Plot No.4, Gowri nagar, Mugalivakkam, Chennai, TN, India, 600116",Content,"Drugs Testing Laboratory, Chennai-06",portal,2026-01_all_nsq.json,208
2026-01,"state:Drugs Testing Laboratory, Chennai-06",nsq,"Terbutaline Sulphate, Ambroxol, Hydrochloriode. Guaiphenesin & Menthol Syrup",DL505018,May-2025,Apr-2027,"Renowed Life Sciences, Plot No. 10,11, Sector-6B, SIDCUL, Haridwar-249403, Uttarakhand (India)",Content,"Drugs Testing Laboratory, Chennai-06",portal,2026-01_all_nsq.json,209
2026-01,"state:Drugs Testing Laboratory, Chennai-06",nsq,"Levosalbutamol, Ambroxol Hydrochloride & guaiphenesin Oral Drops",BL24-249,Nov-2024,Oct-2026,"Biocore Pharmaceuticals, Plot No.8-C, D.I.C, Indl. Area, Lodhimajra, Baddi, distt. Solan (HP),173205",Content,"Drugs Testing Laboratory, Chennai-06",portal,2026-01_all_nsq.json,210
2026-01,"state:Drugs Testing Laboratory, Chennai-06",nsq,Clopidogrel Tablets IP,BCGT25042,Jul-2025,Jun-2027,"Bactolac Formulations Pvt. Ltd, Plot No.70 (Part), TSIIC-IALA, Phase-I, Cherlapally Village, Kapra Mandal, Medchal-malkajgiri District, Telangana-500051, India",Description,"Drugs Testing Laboratory, Chennai-06",portal,2026-01_all_nsq.json,211
2026-01,"state:Drugs Testing Laboratory, Chennai-06",nsq,Clopidogrel Tablets IP,BCGT25048,Jul-2025,Jun-2027,"Bactolac Formulations Pvt. Ltd, Plot No.70 (Part), TSIIC-IALA, Phase-I, Cherlapally Village, Kapra Mandal, Medchal-malkajgiri District, Telangana-500051, India",Description,"Drugs Testing Laboratory, Chennai-06",portal,2026-01_all_nsq.json,212
2026-01,"state:Drugs Testing Laboratory, Chennai-06",nsq,Clopidogrel Tablets IP,BCGT25049,Jul-2025,Jun-2027,"Bactolac Formulations Pvt. Ltd, Plot No.70 (Part), TSIIC-IALA, Phase-I, Cherlapally Village, Kapra Mandal, Medchal-malkajgiri District, Telangana-500051, India",Description,"Drugs Testing Laboratory, Chennai-06",portal,2026-01_all_nsq.json,213
2026-01,"state:Drugs Testing Laboratory, Madurai-19",nsq,"Terbutaline Sulphate, Bromhexine Hydrochloride, Guiaphenesin & Menthol Syrup",EM1LF002,Apr-2025,Mar-2027,"Unicure India Ltd, Plot No.46(B), 49B, Vill. Raipur, Bhawanpur, Roorkee, Distt. Haridwar, Uttarakhand (India)",Content,"Drugs Testing Laboratory, Madurai-19",portal,2026-01_all_nsq.json,214
2026-01,state:Uttar Pradesh,nsq,ROSE-4 DSR,C2269,Jan-2025,Dec-2026,"Supercure Biotech Pvt. Ltd. Plot No. 99/4/1, Friends Colony, G.T. Road, Kundli, District-Sonepat (Haryana)",content of Rabeprazole,Uttar Pradesh,portal,2026-01_all_nsq.json,215
2026-01,state:Uttar Pradesh,nsq,Pantoprazole Sodium Gastro-resistant & Domperidone Prolonged Release Capsule IP,C-1594,Feb-2024,Jan-2026,"Supercure Biotech Pvt. Ltd. Plot No. 99/4/1, Friends Colony, G.T. Road, Kundli, District-Sonepat (Haryana)",Assay of Domperidone,Uttar Pradesh,portal,2026-01_all_nsq.json,216
2026-01,state:Uttar Pradesh,nsq,Enteric Coated Rabeprazole Sodium & Domperidone Sustained Release Capsule,SMC-1073,Jul-2024,Jun-2026,"SMBJ Pharmaceuticals Pvt. Ltd., Plot No. 330, Phase-I, HSIIDC, Industrial Estate, Barhi, District - Sonepat-131101 (Haryana)",content of Rabeprazole Sodium,Uttar Pradesh,portal,2026-01_all_nsq.json,217
2026-01,state:Uttar Pradesh,nsq,Prednisolone Tablets IP 5mg,ATS-25001,May-2025,Apr-2028,"Okvik Pharma Pvt. Ltd. 1913-K, HSIIDC, Phase-I, Rai, Industrial Area, Sonepat ? 131029 (Haryana)",Assay,Uttar Pradesh,portal,2026-01_all_nsq.json,218
2026-01,state:FDAL Maharashtra,spurious,Trypsin-Chymotrypsin Tablets,2KU6L055,Dec-2024,Nov-2027,Under Investigation | Under Investigation,"The product is purported to be spurious, however, the same is subject to outcome of investigation",FDAL Maharashtra,portal,2026-01_all_spurious.json,1
2026-01,central,spurious,Azithromycin USP/EP/IP,129-250324-1,Mar-2025,Mar-2029,Under Investigation | Under Investigation,"The product is purported to be spurious, however, the same is subject to outcome of investigation","CDTL, Mumbai",portal,2026-01_all_spurious.json,2
2026-01,state:West Bengal,spurious,Ofloxacin And Ornidazole Tablets IP,E-50032,Jan-2025,Dec-2028,Under Investigation | Under Investigation,"The product is purported to be spurious, however, the same is subject to outcome of investigation",West Bengal,portal,2026-01_all_spurious.json,3
2026-01,central,spurious,Trypsin-Chymotrypsin Tablets,2KU6L050,Dec-2024,Nov-2027,Under Investigation | Under Investigation,"The product is purported to be spurious, however, the same is subject to outcome of investigation","CDL, Kolkata",portal,2026-01_all_spurious.json,4
2026-02,"state:FDTL,Uttarakhand",nsq,Montelukast & Levocetirizine Dihydrochloride,E9AIY029,Aug-2025,Jul-2027,"Pharma Force Lab (Unit II) Plot No. 83-86, Industrial Area Gondpur, Tehsil Paonta Sahib, Distt. Sirnour (HP)",Assay of Montelukast Sodium IP & Levocetirizine Dihydrochloride IP,"FDTL,Uttarakhand",portal,2026-02_all_nsq.json,1
2026-02,"state:FDTL,Uttarakhand",nsq,"Amobroxol Hydrochloride, Guaiphenesin and Levosalbutamol Sulphate Syrup",RPL-1013,Oct-2025,Sep-2027,"Rumy Pharmaceuticals Plot No. 40, DIC Indl. Area Baddi, Distt. Solan (HP) 173205",Assay of Levosalbutamol Sulphate IP,"FDTL,Uttarakhand",portal,2026-02_all_nsq.json,2
2026-02,"state:FDTL,Uttarakhand",nsq,"Levosalbutamol Sulphate, Ambroxol HCl & Guaiphenesin Syrup",DR010,Nov-2024,Oct-2026,"Trio Lifescience Pvt. Ltd. 3008, GIDC Phase-IV Vatva, Ahmedabad 382445",Assay of Levosalbutamol Sulphate IP : Less than prescribed limit.,"FDTL,Uttarakhand",portal,2026-02_all_nsq.json,3
2026-02,"state:FDTL,Uttarakhand",nsq,Mefenamic Acid IP 250 mg & Dicyclomine Hydrochloride IP 20 mg Tablets,ST251442,Jul-2025,Jun-2027,"Star Filteration System, Rampur Jattan, Trilokpur road, Kala-Amb, Tehsil Nahan, Distt. Sirmour-173030 (HP)",Description,"FDTL,Uttarakhand",portal,2026-02_all_nsq.json,4
2026-02,"state:FDTL,Uttarakhand",nsq,Sorbitol Solution 70% IP,2526016,Jun-2025,May-2030,Gujarat Ambuja Exports Ltd.,Water : 25.9994% (Limit 28.0%-32.0%) ? Less than prescribed limit.,"FDTL,Uttarakhand",portal,2026-02_all_nsq.json,5
2026-02,state:Government of NCT of Delhi,nsq,Calveo Moisturizing Hair Masque (Keratin & Botox),10,Sep-2024,Aug-2027,"Resa Life Science , P-51, Sector-3, Bawana Indl. Area, Delhi-110039",Test For pH,Government of NCT of Delhi,portal,2026-02_all_nsq.json,6
2026-02,state:Government of NCT of Delhi,nsq,Golecha Mirchi Mehandi Cone,A-1978,May-2025,Apr-2027,"Golecha Herbal Unlimited (Unit 2), D-116, Sector 4, DSIIDC, Bawana Industrial Area, Delhi-110039",Test Loss On Drying,Government of NCT of Delhi,portal,2026-02_all_nsq.json,7
2026-02,state:Government of NCT of Delhi,nsq,Golecha Heena Paste Maroon,A-1980,May-2025,Apr-2028,"Golecha Herbal Unlimited (Unit 2), D-116, Sector 4, DSIIDC, Bawana Industrial Area, Delhi-110039",Test Loss On Drying,Government of NCT of Delhi,portal,2026-02_all_nsq.json,8
2026-02,central,nsq,"Ambroxol Hydrochloride, Levosalbutamol & Guaiphenesin Syrup",LG24-0413,Mar-2024,Feb-2026,"Athens Life Sciences,Mauza Rampur, Jattan, Nahan Road, Kala Amb, Distt. Sirmour, H.P.-173030",The sample does not conform to Manufacturer's specification with respect to tests of Assay of Levosalbutamol and Ambroxol Hydrochloride.,"CDL, Kolkata",portal,2026-02_all_nsq.json,9
2026-02,central,nsq,"Pheniramine Maleate Injection IP 2 ml.,",2123096,Oct-2023,Sep-2026,"Sanofi India Ltd. Plot No. J-174, J-168, J-168/1, M.I.D.C., Tarapur- 401506, Baisar, Dist- Thane","The sample does not conform to I.P with respect to test for 'pH', 'Particulate matter', 'Assay of Pheniramine Maleate' and 'Description'.","CDL, Kolkata",portal,2026-02_all_nsq.json,10
2026-02,central,nsq,Absorbent Cotton Wool IP,010,Jul-2025,Jun-2028,"Jindal Medicot Ltd.Village Thathal, Tehsil Amb, Distt. Una (H.P.)","The sample does not conform to I.P. 2022 with respect to Sinking time, Fluorescence, Water soluble substances and Sulphated ash.","CDL, Kolkata",portal,2026-02_all_nsq.json,11
2026-02,central,nsq,Dispersible Aspirin Tablets,T-6705,Jul-2025,Jun-2027,"Jackson Laboratories Pvt.Ltd. 22-24, Majitha Road, Bye Pass, Amritsar-143 001(India)",The sample is not of standard quality for the reason stated under Description of the tablets.,"RDTL, Guwahati",portal,2026-02_all_nsq.json,12
2026-02,central,nsq,"Dextromethorphan HBr, Phenylephrine HCl & Chlorpheniramine Maleate Syrup",CPL250106,Oct-2025,Sep-2027,"CIEL Pharma Pvt. Ltd.Plot No. 1 & 2, Industrial Estate Davni, HPSDIC, Baddi, District Solan - 173205, Himachal Pradesh","The sample does not conform to claim as per Patent and Proprietary in respect to the Assay of Phenylephrine Hydrochloride, Chlorpheniramine Maleate","RDTL, Chandigarh",portal,2026-02_all_nsq.json,13
2026-02,central,nsq,"Phenylephrine Hydrochloride & Chlorpheniramine Maleate Syrup IP,",2512231,Dec-2025,Nov-2027,"Saar Biotech Pvt. Ltd.VPO - Bhud, Tehsil - Baddi Distt. Solan (H.P.) 173 205",The sample does not conform to claim as per IP 2022 in respect to the Test of Total fungal count.,"RDTL, Chandigarh",portal,2026-02_all_nsq.json,14
2026-02,central,nsq,"Tranexamic Acid Injection I.P,",TG-156,Aug-2025,Jul-2027,"Marc Laboratories Ltd. (Unit III),Plot No.107 & 112, H.P.S.I.D.C, Baddi, Distt. Solan (HP)",The sample received does not conform to I.P. 2022 specification with respect to the test for bacterial endotoxins only.,"CDTL, Hyderabad",portal,2026-02_all_nsq.json,15
2026-02,central,nsq,Iron with Folic Acid Syrup IP,IFIS25026,Nov-2025,Apr-2027,"Galpha Laboratories Ltd.,Village- Thana, Baddi, Himachal Pradesh- 173205, H.O. E-221, Kanakia Zillon, Junction Of LBS & CST Road, BKC Annex, Kurla West, Mumbai- 400070",The sample does not conform to I.P with respect to the tests for Assay of Ferrous Sulphate equivalent to Elemental Iron and Free ferric compounds.,"CDTL, Indore",portal,2026-02_all_nsq.json,16
2026-02,"state:SDTL, Assam",nsq,Pantoprazole Sodium GR Tablets IP 40 MG,BCT24-1912,Mar-2025,Feb-2027,"Biocenna Healthcare Pvt Ltd., Kh No. 218, Vill. Khatakheri, Near Dev Bhoomi, IND. Area, Puhana, Roorkee-247661, UK",The sample does not conform to I.P.w.r.t. the test for Dissolution.,"SDTL, Assam",portal,2026-02_all_nsq.json,17
2026-02,"state:SDTL, Assam",nsq,Riboflavin Tablets IP 5 MG,RB-2433,Nov-2024,Oct-2027,"Askon Healthcare, 11-B, Industrial Area, Maxi Road, Ujjain - 456010",The sample does not conform to I.P. w.r.t. the tests for Dissolution.,"SDTL, Assam",portal,2026-02_all_nsq.json,18
2026-02,state:DTL Thiruvananthapuram,nsq,Telmisartan Tablets IP 40MG,493TTF008,Jul-2025,Jun-2027,"Swiss Garnier Life Sciences, 21-23, Industrial Area, Mehalpur, Dist.UNA, Himachal Pradesh - 174 315","Sample fails the test Dissolution as per IP, as specified in the Laboratory Protocol",DTL Thiruvananthapuram,portal,2026-02_all_nsq.json,19
2026-02,state:DTL Thrissur,nsq,Sodium Bicarbonate Tablets USP 1000mg,T-2406004,Jun-2024,May-2026,"Rivpra Formulations Pvt. Ltd, Plot No.8, Sector-6A, IIE, SIDCUL, Haridwar- 249403(U.K)",Sample Shows Category of Tablets (Capping and Brittleness) as described under DCC Guidelines on NSQ Drugs approved in 1993.,DTL Thrissur,portal,2026-02_all_nsq.json,20
2026-02,state:DTL Thrissur,nsq,Paracetamol and Tramadol Hydrochloride Tablets IP,LBHK25001,Feb-2025,Jan-2028,"Chimak Health Care, Below D.F.O Office, P.O, Galanag, Solan-173212 (H.P)",The Sample does not conform to IP Standards with respect to Dissolution.,DTL Thrissur,portal,2026-02_all_nsq.json,21
2026-02,state:DTL Thiruvananthapuram,nsq,Sodium Chloride Injection IP 0.9%w/v,1F243223,Jun-2024,May-2027,"Aculife Healthcare Pvt. Ltd, Sachana, Gujarat- 382150, India",Sample fails the tests ' Sterility and Bacterial Endotoxins'.,DTL Thiruvananthapuram,portal,2026-02_all_nsq.json,22
2026-02,"state:SDTL, Punjab",nsq,Gabapentin capsules IP 400mg,LPC25029,Feb-2025,Jan-2027,"Levotic Pharma Plot No-6, Phase-II, Industrial Area, Sansarpur Terrace, Distt-Kangra, HP-176501",Description and Uniformity of Weight,"SDTL, Punjab",portal,2026-02_all_nsq.json,23
2026-02,state:DTL Jaipur,nsq,Calcium with Vitamin D3 Suspension,JDL-3539,Dec-2024,Nov-2026,"JPEE Drugs, Plot No. 53, Sector-6A, SIDCUL, Haridwar (Uttarakhand)",The sample does not conform to the claim with respect to Assay of Vitamin D3 (Nil).,DTL Jaipur,portal,2026-02_all_nsq.json,24
2026-02,"state:DTL, Madurai-19",nsq,Glipizide Tablets IP 5 mg,TCY24030AL,Dec-2024,Nov-2026,"Hindustan Laboratories Limited, Plot No.5-9, Survey No.38/2, Aliyali, Palghar (W), Dist-Palghar-401404(MS) Maharashtra",Description,"DTL, Madurai-19",portal,2026-02_all_nsq.json,25
2026-02,"state:DTL, Madurai-19",nsq,Betamethasone Valerate Ointment IP,RH896,Aug-2025,Jul-2027,"Curetech Skincare, Plot No.32, 33 & 34, Phase-IV, Bhatoli Kalan, Baddi, Distt. Solan (HP)-173205",Content,"DTL, Madurai-19",portal,2026-02_all_nsq.json,26
2026-02,"state:DTL, Puducherry",nsq,Levocetirizine Tablets IP 5 mg,R25021,Jan-2025,Dec-2026,"Ripcord Pharmaceuticals Pvt. Ltd., T-4/23A, Five star MIDC, Kagal, Kolhapur, Maharashtra-416236",Failed Description,"DTL, Puducherry",portal,2026-02_all_nsq.json,27
2026-02,central,nsq,Rabeprazole & Domperidone Capsules,ORECA-007,Oct-2024,Sep-2026,"Laborate Pharmaceuticals India Ltd. (Unit-II),# 31, Rajban Road, Nariwala, Paonta Sahib (H.P.)",The sample does not conform to Manufacturer's Specification with respect to the Test of Dissolution of Rabeprazole Sodium in acid and buffer stage.,"CDL, Kolkata",portal,2026-02_all_nsq.json,28
2026-02,"state:DTL, Dalgate Srinagar Kashmir (J & K)",nsq,Paracetamol DispersibleTablets BP 500mg,HPJ405,Sep-2024,Aug-2027,"Med Manor Organics Pvt.Ltd Uint II,Kh no.143 M/7,Village Raipur,Pargana Bhagwanpur ,Tehsil Roorkee,Dist Haridwar Uttrakhand-247661.",The sample does not conform to I.P w.r.t the Disintegration test and finess of Dispersion.,"DTL, Dalgate Srinagar Kashmir (J & K)",portal,2026-02_all_nsq.json,29
2026-02,"state:DTL, Dalgate Srinagar Kashmir (J & K)",nsq,Sodium Chloride and Dextrose Injection IP(0.9% W/V and 5% W/v),(N)251074,Apr-2025,Mar-2027,"Klokter Lifesciences Pvt.Ltd Samora,Indri Road,Karnal-132041.",The sample does not conform to I.P w.r.t Sterility Test,"DTL, Dalgate Srinagar Kashmir (J & K)",portal,2026-02_all_nsq.json,30
2026-02,central,nsq,Promethazine Injection IP,HLI511G,Jul-2025,Jun-2027,"Himalaya Meditek Pvt. Ltd.Plot No. 35&36, Pharmacity, Selaqui Induatrial Area, Dehradun-248197","The sample does not conform to I.P. with respect to test for pH, Particulate matter, Extractable volume, Assay of Promethazine Hydrochloride and Description.","CDL, Kolkata",portal,2026-02_all_nsq.json,31
2026-02,central,nsq,Telmisartan & Hydrochlorothiazide Tablets IP,L-RT25187,May-2025,Apr-2027,"Rachil Pharma,At M/s. Qurx Pharmaceuticals, 191-191A, Industrial Area, Phase III, Sansarpur Terrace, Distt. Kangra (H.P.)-176501",The sample does not conform to IP with respect to the Test of Dissolution of Hydrochlorothiazide.,"CDL, Kolkata",portal,2026-02_all_nsq.json,32
2026-02,central,nsq,Rabeprazole Sodium Injection IP,MD24120,Sep-2024,Aug-2026,"Martin & Brown Bio-Sciences Pvt. Ltd. K.No. 918/419, Malkumajra, Nalagarh Road, Baddi, Dist.Solan (H.P.)-173205","The sample does not conform to I.P. with respect to the tests of Clarity of solution, Particulate matter, pH, Related substances, Assay of Rabeprazole Sodium and Description.","CDL, Kolkata",portal,2026-02_all_nsq.json,33
2026-02,central,nsq,Gentamycin Injection I.P. 30ml,GM-30,Nov-2025,Oct-2027,"Aster Medicines Pvt. Ltd. Phase II, Plot No. E4 (Part) Industrial area. Hazipur-844101 (Vaishali)",The sample does not conform to I.P. with respect to test for 'Particulate matter' and 'Description'.,"CDL, Kolkata",portal,2026-02_all_nsq.json,34
2026-02,central,nsq,Promethazine Hydrochloride Injection IP 25mg/ml,AHL0107,Aug-2025,Jul-2027,"Abaris Healthcare Pvt.Ltd. Survey No. 2458/001, 2458/002, 2458/003, Untav Rajpur Dharpura Road, Rajpur, Tal: Kadi, Dist.Mehsana 384440, Gujarat",The sample does not conform to IP with respect to the Test of Particulate matter and Description.,"CDL, Kolkata",portal,2026-02_all_nsq.json,35
2026-02,central,nsq,Compound Sodium Lactate Injection IP 500 ml (Ringer Lactate Solution for Injection ),CGF250512,May-2025,Apr-2027,"Haseeb Pharmaceuticals Pvt. Ltd. Plot No.F9/14, 15, 16, MIDC, Nagpur- 440016.",The sample does not conform to I.P. with respect to test for Bacterial endotoxins.,"CDL, Kolkata",portal,2026-02_all_nsq.json,36
2026-02,central,nsq,"Chlorpheniramine Maleate, Dextromethorphan Hydrobromide & Phenylephrine Hydrochloride Syrup",R02GL2520,Feb-2025,Jan-2027,"Rednex Pharmaceuticals Pvt. Ltd. Survey No.586 & 231 NR, SKF Bearing, Bavla Bagdogra, NH-8A, Kerala, Tal. - Bavla, Ahmedabad-382220.","The sample does not conform to claim as per Schedule V, Drugs & Cosmetics Act in respect to the Assay of Dextromethorphan Hydrobromide","CDL, Kolkata",portal,2026-02_all_nsq.json,37
2026-02,central,nsq,"Calcitriol, Calcium Citrate Malate, Vitamin K2-7, Methylcobalamin, Zinc, Magnesium & L-Methyl Folate Soft Gelatin Capsules",LSG-3892,Jan-2025,Jun-2026,"Lifevision Healthcare,Plot No. 140-141, E.P.I.P., Phase-1, Jharmajri, Baddi, Distt. Solan (H.P.) 174 103",The sample does not conform to claim as per Schedule V Drugs.and Cosmetics Act !940 with respect to Assay of Zinc Oxide and L-Methylfolate Calcium.,"CDL, Kolkata",portal,2026-02_all_nsq.json,38
2026-02,central,nsq,"Aceclofenac, Paracetamol & Serratiopeptidase Tablets (100mg/325mg/15mg)",GT50230,Jul-2025,Jun-2027,"Omega Pharma,Khasra No.482, Village-Saliyar, Roorkee-247667, Distt-Haridwar, Uttarakhand",The sample does not conform to Manufacturer Method with respect to Assay of Serratiopeptidase.,"CDL, Kolkata",portal,2026-02_all_nsq.json,39
2026-02,central,nsq,Zinc Acetate Dispersible Tablets 20 mg,TD250606,Apr-2025,Mar-2027,"Orchid Medilife Pvt. Ltd. Khasra No. 646/513, Vill. Kaundi, P.O. Thana, Tehsil Baddi, Distt. Solan (H.P.) 173205",The sample is not of standard quality for the reason stated under Description of the tablets.,"RDTL, Guwahati",portal,2026-02_all_nsq.json,40
2026-02,central,nsq,Thiamine Tablets BP 100mg (Vitamin B1),T-4446,Feb-2025,Jan-2027,"Jackson Laboratories Pvt.Ltd. 22-24, Majitha Road, Bye Pass, Amritsar-143 001(India)",The sample does not conform to claim as per B.P. 2025 in respect to the Test of Description,"RDTL, Guwahati",portal,2026-02_all_nsq.json,41
2026-02,central,nsq,Paracetamol Tablets IP 500 mg,T50182,May-2025,Apr-2027,"Zenith Drugs Ltd. 72/5 and 72/3, 72/4, 74/1/1, 75/1/1, Muradpura (Orangpura), Dhar Road, Near Kalaria, INDORE 453001 (MP) INDIA",The sample does not comply as per I.P. 2022 with respect to the test for Dissolution of paracetamol.,"RDTL, Guwahati",portal,2026-02_all_nsq.json,42
2026-02,central,nsq,Aspirin Gastro-resistant Tablets IP 75 mg.,ANET1295,Dec-2024,Nov-2026,"Unicure India Ltd. C-21, 22 & 23, Sector-3, Noida-201301, Distt. Gautam Budh Nagar (U.P)",The sample does not comply as per I.P. 2022 with respect to the test for Dissolution in Acid stage for Aspirin.,"RDTL, Guwahati",portal,2026-02_all_nsq.json,43
2026-02,central,nsq,Cefixime Oral Suspension IP,LXS3-49,Nov-2024,Oct-2026,"Lark Laboratories (India) Ltd. Post Bag No.23 New Delhi- 110020, Works At: SP-1192E, Pase-IV, RIICO Industrial Area, Bhiwadi Area, Bhiwadi- 301019, Distt. Alwar, Rajasthan",The sample does not conform to claim as per I.P. 2022 with respect to the test for Assay of Cefixime (asTrihydrate) equivalent to Cefixime.,"RDTL, Guwahati",portal,2026-02_all_nsq.json,44
2026-02,central,nsq,"Lycopene, Vitamin A, Vitamin E, Vitamin C, Zinc & Selenium Soft Gelatin Capsules",BSG250404A,Mar-2025,Feb-2027,"Bionexy Pharma,Plot No. 31-B, Industrial Area, Lodhamajra, Tehsil, Baddi, Distt. Solan- 173205 (H.P.)","The sample does not conform to claim as per Manufacturer Specification with respect to the test for Assay of Vitamin E Acetate and Vitamin A (as Palmitate), uniformity of weight,net fill weight and Description.","RDTL, Guwahati",portal,2026-02_all_nsq.json,45
2026-02,central,nsq,Telmisartan Tablets IP 40 mg.,1116-002,Aug-2025,Jul-2027,"Signature Phytochemical Industries,122, MI, Selaqui Industrial Area, Dehradun - 248 011",The sample does not comply as per I.P. 2022 with respect to the test for Dissolution of Telmisartan.,"RDTL, Guwahati",portal,2026-02_all_nsq.json,46
2026-02,central,nsq,Loperamide Hydrochloride Tablets IP 2 mg,T50022,Jan-2025,Dec-2026,"Zenith Drugs Ltd.72/5 and 72/3, 72/4, 74/1/1, 75/1/1, Muradpura (Orangpura), Dhar Road, Near Kalaria, INDORE 453001 (MP) INDIA",The sample does not comply as per I.P. 2022 with respect to the test for Dissolution of Loperamide Hydrochloride.,"RDTL, Guwahati",portal,2026-02_all_nsq.json,47
2026-02,central,nsq,"Diphenhydramine Hydrochloride, Ammonium Chloride, Sodium Citrate & Menthol Syrup",S285011,Apr-2025,Mar-2027,"Goa Antibiotics & Pharmaceuticals Ltd. Village Anji, P.O. Barog Distt.Solan 173211 (HP) India",The sample does not conform to claim as per Patent and Proprietary in respect to the Assay of Sodium Citrate.,"RDTL, Chandigarh",portal,2026-02_all_nsq.json,48
2026-02,central,nsq,"Paracetamol,Phenylephrine HCL & Chlorpheniramine Maleate Suspension,",LPL-25543,Jul-2025,Jun-2027,"Prochem Pharmaceuticals (P) Ltd.140-141, Makkanpur, Bhagwanpur, Roorkee, Dist. Haridwar (U.K.) 247661",The sample does not conform to claim as per Patent and Proprietary in respect to the Assay of Phenylephrine Hydrochloride.,"RDTL, Chandigarh",portal,2026-02_all_nsq.json,49
2026-02,central,nsq,"Ambroxol Hydrochloride, Guaiphenesin & Terbutaline Sulphate Syrup",L-2508007,Aug-2025,Jul-2027,"Rivpra Formulation Pvt.Ltd.Plot No.8, Sector-6A, I.I.E. SIDCUL, Haridwar-249 403 (U.K.)",The sample does not conform to claim as per Patent and Proprietary in respect to the Test of Total fungal count,"RDTL, Chandigarh",portal,2026-02_all_nsq.json,50
2026-02,central,nsq,"Dextromethorphan Hbr, Chlorpheniramine Maleate & Phenylephrine HCl Syrup",BL25-380A,Nov-2025,Oct-2027,"Biocore Pharmaceuticals, Plot No. 8-C, D.I.C., Industrial Area, Lodhimajra, Baddi, Distt. Solan (H.P.) 173205",The sample does not conform to claim as per Patent and Proprietary in respect to the Assay of Phenylephrine Hydrochloride,"RDTL, Chandigarh",portal,2026-02_all_nsq.json,51
2026-02,central,nsq,"Ambroxol Hydrochloride, Guaiphenesin, Terbutaline Sulphate, Cetirizine Hydrochloride and Menthol Syrup",HLAC25001,Nov-2025,Oct-2027,"Health Biotech Ltd.Village Sandoli, Nalagarh Road, Baddi, Distt. Solan (H.P.) India- 173205",The sample does not conform to claim as per Patent and Proprietary in respect to the Assay of Ambroxol Hydrochloride,"RDTL, Chandigarh",portal,2026-02_all_nsq.json,52
2026-02,central,nsq,Mesalamine Prolonged Release Tablets IP,STG-251667,Aug-2025,Jul-2027,"Supermax Drugs & Pharmaceuticals Pvt. Ltd. (Unit-II),Khasra No. 322, Nanheda, Anantpur, Bhagwanpur, Roorkee-247668 Dist. Haridwar, Uttarakhand.","The sample does not conform to claim as per IP 2022 and in respect to the Test of Dissolution (3 Hours), Dissolution ( 8 Hours)","RDTL, Chandigarh",portal,2026-02_all_nsq.json,53
2026-02,central,nsq,"Ambroxol Hydrochloride, Guaiphenesin & Terbutaline Sulphate Syrup",L-2508003,Aug-2025,Jul-2027,"Rivpra Formulation Pvt. Ltd. Plot No. 8, Sector-6A, I.I.E., SIDCUL, Haridwar-249 403 (U.K.) INDIA.",The sample does not conform to claim as per Patent and Proprietary in respect to the Test of Total fungal count,"RDTL, Chandigarh",portal,2026-02_all_nsq.json,54
2026-02,central,nsq,Ceftriaxone Injection IP 1000 mg,PCD-120,Oct-2024,Apr-2027,"Marc Laboratories Ltd. (Unit III),Plot No.107 & 112, H.P.S.I.D.C, Baddi, Distt. Solan (HP)",The sample does not conform to claim as per IP 2022 in respect to the Test of Particulate matter,"RDTL, Chandigarh",portal,2026-02_all_nsq.json,55
2026-02,central,nsq,Cefotaxime Sodium Injection I.P. 1 g,TPLG-93,Aug-2024,Jul-2026,"Supermax Drugs & Pharnaceuticals(P) Ltd. H-1231, DSIDC Industrial Complex, Narela, Delhi-110040",The sample does not conform to claim as per IP 2022 in respect to the Test of Particulate matter,"RDTL, Chandigarh",portal,2026-02_all_nsq.json,56
2026-02,central,nsq,"Diphenhydramine Hydrochloride, Ammonium Chloride, Sodium Citrate and Terpin Hydrate Syrup",B46826001,Jan-2026,Dec-2027,"Torque Phamrmaceuticals Pvt. Ltd.13B-14, EPIP-1, Jharmajri, H.P.-173 205",The sample does not conform to claim as per Patent and Proprietary in respect to the Assay of Sodium Citrate.,"RDTL, Chandigarh",portal,2026-02_all_nsq.json,57
2026-02,central,nsq,"Diphenhydramine Hydrochloride, Ammonium Chloride, Sodium Citrate & Menthol Syrup",2519031L002,Dec-2025,Nov-2027,"Scott - Edil Pharmacia Ltd. Unit-II, Plot No. 21-22 Phase-I, E.P.I.P., Phase-1, Jharmajri, Baddi, Distt. Solan-173205 (HP), INDIA",The sample does not conform to claim as per Patent and Proprietary in respect to the Assay of Sodium Citrate.,"RDTL, Chandigarh",portal,2026-02_all_nsq.json,58
2026-02,central,nsq,Bacillus clausii Spores Suspension,C125R01,Sep-2025,Aug-2027,"Allianz Biosciences Pvt.Ltd. R.S. NO. 55/1,2 &3, Whirlpool Road, Thiruvandarkoil, Mannadipet Commune, Puducherry-605102.","The sample does not conform to claim as per Manufacturers specification in respect to the Test of Pseudomonas aeruginosa, Microbial limit test, Total Yeast and Moulds Count and assay/Content of Bacillus Clausii Spores.","CDTL, Mumbai",portal,2026-02_all_nsq.json,59
2026-02,central,nsq,Drotaverine Hydrochloride Suspension,OL25619,Nov-2025,Oct-2027,"Devbhoomi Pharmaceuticals,Khasra No. 27, Mandawar, Bhagwanpur, Roorkee, Distt. Haridwar (U.K.)",That the sample received does not conform to Manufactureres specification with respect to the test for Assay of Drotaverine Hydrochloride,"CDTL, Mumbai",portal,2026-02_all_nsq.json,60
2026-02,central,nsq,Sorbitol 70% IP (Non Crysallizing),HM-SB-004,Jun-2025,Jun-2030,"Gujarat Ambuja Exports Ltd.1 Vrindavan Road, Post Dalpur, Taluka Pranjit, District Sabarkantha, Gujarat-383120",The sample does not conforms to I.P. 2022 with respect to the Test for Ethylene glycol,"CDTL, Mumbai",portal,2026-02_all_nsq.json,61
2026-02,central,nsq,"Paracetamol, Phenylephrine HCL, Chlorpheniramine Maleate, Sodium Citrate & Menthol Suspension",251061,Oct-2025,Sep-2027,"Truelife Pharma Pvt. Ltd.18, 19, Shyam Estate, Santej Khatraj Road, Santej, Ta. Kalol, Dist. Gandhinagar - 382721",The sample received does not conform to Manufacturers specification with respect to the test for Sodium citrate Assay,"CDTL, Mumbai",portal,2026-02_all_nsq.json,62
2026-02,central,nsq,Glycerin IP,G125050095,Aug-2025,Aug-2029,"Godrej Industries Ltd.Burjorji Nagar, Plot No. 3, Village Kanerao, Taluka-Valla, Distt. Bharuch, Gujarat",The sample does not conform to I.P. 2022 with respect to the test for Water.,"CDTL, Mumbai",portal,2026-02_all_nsq.json,63
2026-02,central,nsq,Polyethylene Glycol 4000 Oral Laxative Liquid,LRL25027,Sep-2025,Jun-2027,"Eskag Pharma Pvt. Ltd.Unit-I, Plot No.: 32, Sector-6A, I.I.E., SIDCUL, Ranipur, Haridwar, Uttarakhand-249403.","The sample does not conform to claim as per Manufacturers specification in respect to the Microbial Enumerationtest Test (Total bacterial count, Total Fungal Count.)","CDTL, Mumbai",portal,2026-02_all_nsq.json,64
2026-02,central,nsq,Levocetirizine HCl & Montelukast Sodium Suspension,GL250137,Oct-2025,Sep-2027,"Grownbury Pharmaceuticals Pvt. Ltd., Plot No. 11, Sector 12, IIE SIDCUL, Haridwar, Uttarakhand 249003.","The sample does not conforms to Manufacturers specification with respect to the Test for pH, Total yeasts and molds count, Microbial contamination, Total bacterial count","CDTL, Mumbai",portal,2026-02_all_nsq.json,65
2026-02,central,nsq,"Oxetacain,Aluminuim Hydroxide , Magnesium Hydroxide, Anaesthetic Antacid gel,",SG2511,Jan-2025,Jun-2027,"Sevlok Pharmaceutical Co.,147, GIDC, Antalia, Bilimora 396 321",The sample received does not conform to Manufacturers specification with respect to the test for Assay of Oxetacaine,"CDTL, Mumbai",portal,2026-02_all_nsq.json,66
2026-02,central,nsq,Sorbitol Solution 70% IP Non-Crystalline,UK252608,Sep-2025,Sep-2030,"Gujarat Ambuja Export Ltd. C-60C & E. Eldeco Sidcul Industrial Park, Sitarganj, DIST-U.S. NAGAR, PIN 262405, Uttarakhand",The sample received does not conform to I.P. 2022 with respect to the test for water.,"CDTL, Mumbai",portal,2026-02_all_nsq.json,67
2026-02,central,nsq,Nevirapine oral suspension USP 50mg/5ml,L071,Nov-2025,Oct-2027,"Dynamism Lab,Plot No. 846/1, NR. Sachin Factory, Rajpur, Tal-Kadi, Dist- Mehsana 382715",The sample received does not conform to I.P. 2022 with respect to the test for Microbial contimation (Total aerobic count),"CDTL, Mumbai",portal,2026-02_all_nsq.json,68
2026-02,central,nsq,Sorbitol Solution 70% IP Non-Crystalline,HM-SB 003,Jun-2025,May-2030,"Gujarat Ambuja Exports Ltd.1 Vrindavan Road, Post Dalpur, Taluka Pranjit, District Sabarkantha, Gujarat-383120",The sample does not conforms to claim I.P. 2022 withn respect to the Test for Ethylene glycol,"CDTL, Mumbai",portal,2026-02_all_nsq.json,69
2026-02,central,nsq,Sorbitol 70% IP (Non Crysallizing),HM-SB-011,Sep-2025,Aug-2030,"Gujarat Ambuja Exports Ltd.1 Vrindavan Road, Post Dalpur, Taluka Pranjit, District Sabarkantha, Gujarat-383120",The sample does not conforms to claim I.P. 2022 withn respect to the Test for Ethylene glycol,"CDTL, Mumbai",portal,2026-02_all_nsq.json,70
2026-02,central,nsq,Sodium Bicarbonate Tablets I.P. 1000 mg,T-2504229,Apr-2025,Mar-2027,"Rivpra Formulation Pvt. Ltd.,Plot No.8, Sector-6A, I.I.E. SIDCUL, Haridwar-249 403 (U.K.)",The sample received does not conform to I.P. 2022 with respect to the test for Disintegration,"CDTL, Mumbai",portal,2026-02_all_nsq.json,71
2026-02,central,nsq,Amikacin Sulphate Injection IP,AI25030,Dec-2025,Nov-2027,"Maan Pharmaceuticals Ltd. Plot-1, G.I.D.C, Phase-II, Modhera Road, Mehsana-384002, Gujarat, INDIA",The sample received does not conform to I.P. 2022 with respect to the test for Sterility.,"CDTL, Mumbai",portal,2026-02_all_nsq.json,72
2026-02,central,nsq,Nicorandil Tablets I.P. 5 mg,425-1598,Jul-2025,Jun-2027,"Zee Laboratories Ltd. Behind 47, Industrial Area, Paonta Sahib-173025",The sample received does not conform to I.P. 2022 specification with respect to the tests for Dissolution and Assay only.,"CDTL, Hyderabad",portal,2026-02_all_nsq.json,73
2026-02,central,nsq,Paracetamol Tablets IP 500 mg,IPCL25031,May-2025,Apr-2028,"Pinnacle Life Sciences Pvt. Ltd. Khasra No. 63, Vill. Juddi Kalan, Baddi-173205, Distt. Solan (HP)",The sample received does not conform to I.P. 2022 specification with respect to the test for Dissolution,"CDTL, Hyderabad",portal,2026-02_all_nsq.json,74
2026-02,central,nsq,Refined Glycerine IP,23,Jun-2025,Jun-2028,"Chemex Oil Pvt Ltd, Plot No. 216, Kunjhal, Barotiwala, Solan-174103, Himachal Pradesh, India","The sample received does not conform to I.P. 2022 specification with respect to the tests for refractive index, relative density, water and Assay of glycerin content only.","CDTL, Hyderabad",portal,2026-02_all_nsq.json,75
2026-02,central,nsq,Amoxycillin & Potassium Clavulanate Injection IP 1.2 gm,PD052505A,May-2025,Apr-2027,"Primus Pharmaceuticals,Sadhoura Road, Mouza Ogli Khari, Vill. Asgarpur Majra, Kala Amb, Distt. Sirmour (H.P.) 173030",The sample received does not conform to I.P. 2022 specification with respect to the Assay for the content of potassium clavulanate equivalent to clavulanic acid only.,"CDTL, Hyderabad",portal,2026-02_all_nsq.json,76
2026-02,central,nsq,Amoxycillin and Potassium Clavulanate Injection IP 500 mg +100 mg,TAC-612,May-2025,Apr-2030,"Marc Laboratories Ltd. (Unit III),Plot No.107 & 112, H.P.S.I.D.C, Baddi, Distt. Solan (HP)",The sample received does not conform to I.P. 2022 specification with respect to the Assay for the content of potassium clavulanate equivalent to clavulanic acid only.,"CDTL, Hyderabad",portal,2026-02_all_nsq.json,77
2026-02,central,nsq,Baclofen Tablets IP 10 mg,N2501643,May-2025,Apr-2028,"Intas Pharmaceuticals Ltd.Samardung Road, Kabrey Block, Namthang Elaka, Sikkim-737132, India.",The sample does not conform to I.P with respect to the test for Lactam.,"CDTL, Indore",portal,2026-02_all_nsq.json,78
2026-02,"state:SDTL, Vijayawada",nsq,Tramadol Capsules IP 5 mg,1686-06,Aug-2025,Jul-2027,Hab Pharmaceuticals & Research Ltd.,Uniformity of Weight,"SDTL, Vijayawada",portal,2026-02_all_nsq.json,79
2026-02,"state:SDTL, Vijayawada",nsq,Azithromycin Oral Suspension,SFV25120,May-2025,Apr-2027,Sanasan Formulation,Assay,"SDTL, Vijayawada",portal,2026-02_all_nsq.json,80
2026-02,"state:SDTL, Vijayawada",nsq,Telmisartan Tablets IP 40mg,TLB06E24,May-2024,Apr-2026,Bajaj Healthcare Ltd.,Dissolution,"SDTL, Vijayawada",portal,2026-02_all_nsq.json,81
2026-02,"state:SDTL, Vijayawada",nsq,Paracetamol Tablets IP 500mg,MPCF2402,Sep-2024,Aug-2027,Seldom Pharma Pvt. Ltd.,Dissolution,"SDTL, Vijayawada",portal,2026-02_all_nsq.json,82
2026-02,"state:SDTL, Assam",nsq,Pantoprazole GR & Domperidone PR Capsules IP,ACPD4014N,Jul-2024,Jun-2026,"VRD Pharmaceuticals & Surgicals Pvt Ltd., Kishanpur, Guru Majra Road, Baddi., The. Nalagarh, Distt. Solan-174101 (HP)",The sample does not conform to I.P.w.r.t. the test for Dissolution,"SDTL, Assam",portal,2026-02_all_nsq.json,83
2026-02,"state:SDTL, Assam",nsq,Telmisartan Tablets IP 40 mg,BPLT-25027,Jan-2025,Dec-2026,"Bennet Pharmaceuticals Ltd., Chanal Majra, Near Manpura, Baddi. Tal. Nalagarh, Dist.- Solan (HP), 173205",The sample does not conform to I.P.w.r.t. the test for Dissolution,"SDTL, Assam",portal,2026-02_all_nsq.json,84
2026-02,"state:SDTL, Assam",nsq,Levocetirizine Hydrochloride and Montelukast Sodium Tablets IP,UGT-25293L,Mar-2025,Feb-2027,"Ultra Drugs Pvt. Ltd., Manpura, Nalagarh, Dist. Solan-174101",The sample does not conform to I.P.w.r.t. the test for Dissolution,"SDTL, Assam",portal,2026-02_all_nsq.json,85
2026-02,"state:RDTL, Guwahati",nsq,Aspirin Gastro-resistant Tablets IP 75 mg.,ANET1295,Dec-2024,Nov-2026,"Unicure India Ltd, C-21, 22 & 23, Sector-3, Noida-201301, Distt. Gautam Budh Nagar (UP)",The sample does not conform to I.P.w.r.t. the tests for Dissolution in Acid Stage for Aspirin.,"RDTL, Guwahati",portal,2026-02_all_nsq.json,86
2026-02,"state:SDTL, Assam",nsq,Telmisartan Tablets IP 40 mg,PTT-011,Jul-2025,Jun-2027,"Quality Pharma Production Pvt. Ltd., Unit-2, Industrial Area, Lahoal, Dibrugarh, Assam-786010",The sample does not conform to I.P.w.r.t. the tests for ?Dissolution?.,"SDTL, Assam",portal,2026-02_all_nsq.json,87
2026-02,"state:SDTL, Assam",nsq,Telmisartan IP 40 mg,BPLT-24335,Oct-2024,Sep-2026,"Bennet Pharmaceuticals Ltd., Chanal Majra, Near Manpura, Baddi. Tal. Nalagarh, Dist.- Solan (HP), 173205",The sample does not conform to I.P.w.r.t. the tests for Dissolution.,"SDTL, Assam",portal,2026-02_all_nsq.json,88
2026-02,"state:SDTL, Assam",nsq,Bisacodyl GR Tablets IP 5MG,LMT240480,Apr-2024,Mar-2026,"Life Max Cancer Laboratories, Plot No.106 & 106A, Sector-6A, IIE, SIDCUL, Haridwar-249403 (UK), India.",The sample does not conform to I.P.w.r.t. the test for Dissolution and Assay,"SDTL, Assam",portal,2026-02_all_nsq.json,89
2026-02,"state:SDTL, Assam",nsq,Telmisartan Tablets IP 40 mg,BPLT-24302,Oct-2024,Sep-2026,"Bennet Pharmaceuticals Ltd., Chanal Majra, Near Manpura, Baddi. Tal. Nalagarh, Dist.- Solan (HP), 173205",The sample does not conform to I.P.w.r.t. the test for Dissolution.,"SDTL, Assam",portal,2026-02_all_nsq.json,90
2026-02,"state:SDTL, Assam",nsq,Telmisartan Tablets IP 40 mg,BPLT-25010,Jan-2025,Dec-2026,"Bennet Pharmaceuticals Ltd., Chanal Majra, Near Manpura, Baddi. Tal. Nalagarh, Dist.- Solan (HP), 173205",The sample does not conform to I.P.w.r.t. the test for Dissolution and Assay,"SDTL, Assam",portal,2026-02_all_nsq.json,91
2026-02,"state:SDTL, Assam",nsq,Telmisartan Tablets IP 40 mg,BPLT-25041,Feb-2025,Jan-2027,"Bennet Pharmaceuticals Ltd., Chanal Majra, Near Manpura, Baddi. Tal. Nalagarh, Dist.- Solan (HP), 173205",The sample does not conform to I.P. w.r.t. the tests for Dissolution.,"SDTL, Assam",portal,2026-02_all_nsq.json,92
2026-02,"state:SDTL, Assam",nsq,Itraconazole Capsules IP 200MG,AGC240040,May-2024,Apr-2026,"Asterisk Healthcare V.P.O., Bathri, Tehsil Haroli, Distt. Una (H.P.)-174301",The sample does not conform to I.P. w.r.t. the tests for Dissolution.,"SDTL, Assam",portal,2026-02_all_nsq.json,93
2026-02,"state:SDTL, Assam",nsq,Paracetamol Tablets IP 650 MG,PCT25046,Apr-2025,Mar-2027,"Vivek Pharmachem (India) Ltd., Nh-8, Chimanpura, Amer, Jaipur-302028,Rajasthan",The sample does not conform to I.P. w.r.t. the tests for Dissolution.,"SDTL, Assam",portal,2026-02_all_nsq.json,94
2026-02,"state:RDTL, Guwahati",nsq,"Lycopene, Vitamin A, Vitamin E, Vitamin C, Zinc & Selenium Soft Gelatin Capsules",BSG250404A,Mar-2025,Feb-2027,"Bionexy Pharma, Plot No. 31- B, Industrial Area, Lodhamajra, Tehsil, Baddi, Distt. Solan-173205 (H.P.)","The sample does not conform to Assay of Vitamin E Acetate and Vitamin A (as Palmitate), Net fill weight, uniformity of weight and Description","RDTL, Guwahati",portal,2026-02_all_nsq.json,95
2026-02,"state:Directorate of Food & Drugs, Bambolim, Goa.",nsq,Metformin Hydrochloride Prolonged Release and Glimepiride Tablets IP,GVGT1119C,Oct-2025,Sep-2027,"Voizmed Pharma Pvt. Ltd., Plot No. 133, 134 & 135, Village Kotla, Barotiwala, Tehsil Baddi, Distt. Solan (H. P.) - 174103.",The sample does not conform to IP standards with respect to the Dissolution test for Glimepiride IP,"Directorate of Food & Drugs, Bambolim, Goa.",portal,2026-02_all_nsq.json,96
2026-02,"state:RDTL, Hubli, Karnataka",nsq,"Paracetamol, Chlorpheniramine Maleate, Caffeine and Phenylephrine Hydrochloride Tablets",MAAI20724,Jul-2024,Jun-2027,"Suraksha Pharma Pvt. Ltd., 410, Karondi, Roorkee-247667, Uttarakhand",Test for Disintegration only,"RDTL, Hubli, Karnataka",portal,2026-02_all_nsq.json,97
2026-02,"state:RDTL, Bellary, Karnataka",nsq,Nitrazepam Tablets IP 10 mg,AXZ24003P,Jan-2024,Jun-2028,"Anglo-French Drugs & Industries Limited,Plot No.4, Phase II,Peenya Industrial Area, Peenya, Bengaluru-560058",Identification tests for Nitrazepam,"RDTL, Bellary, Karnataka",portal,2026-02_all_nsq.json,98
2026-02,"state:DTL, Bengaluru, Karnataka",nsq,Ofloxacin & Ornidazole Tablets IP,DT241211B,Aug-2024,Jul-2026,"DM Pharma Private. Limited., Village Bhud, NH-21A, Baddi, District. Solan (H.P)-173205",Description,"DTL, Bengaluru, Karnataka",portal,2026-02_all_nsq.json,99
2026-02,"state:DTL, Bengaluru, Karnataka",nsq,Ondansetron Hydrochloride Oral Solution IP,INT-01,Apr-2025,Mar-2027,"Sresan Pharmaceutical manufacturer, No.787, Bangalore Highways, Sunguvarchatram, (Mathura) Kancheepuram Dist 602106",Test for pH,"DTL, Bengaluru, Karnataka",portal,2026-02_all_nsq.json,100
2026-02,"state:DTL, Bengaluru, Karnataka",nsq,"Meloxicam, Paracetamol & Serratiopeptidase Bolus (Vet.)",T-24451,Nov-2024,Oct-2027,"Minil Laboratories Pvt. Ltd., 26, Industrial Estate, digiana Jammu-180010 (J & K)",Assay for Serratiopeptidase,"DTL, Bengaluru, Karnataka",portal,2026-02_all_nsq.json,101
2026-02,"state:DTL, Bengaluru, Karnataka",nsq,Aceclofenac & Paracetamol Tablets,GT18022B,Feb-2025,Jan-2027,"J.M. Laboratories., Village-Bhanat, P.O-Ghatti, Subathu Road, Solan (H.P)-173211",Description,"DTL, Bengaluru, Karnataka",portal,2026-02_all_nsq.json,102
2026-02,"state:DTL, Bengaluru, Karnataka",nsq,"Methylcobalamin, Alpha Lipoic Acid, Inositol Folic Acid, Chromium Picolinate, Selenium Dioxide & Benfotiamine Capsules",MMC-2902,Jun-2025,Nov-2026,"Mayoford Pharma, Near Railway Crossing, Chambaghat, Solan Distt: Solan (H.P)-173213",Assay for Benfortiamine and Alpha Lipoic Acid,"DTL, Bengaluru, Karnataka",portal,2026-02_all_nsq.json,103
2026-02,"state:DTL, Bengaluru, Karnataka",nsq,Fenofibrate Capsules I.P (200 mg),FFC1201,Jul-2024,Jun-2026,"Unicure India Ltd, C-21, 22 & 23, Sector-3, Noida-201301, Distt. Gautam Budh Nagar (UP)",Test for Uniformity of Weight and Dissolution,"DTL, Bengaluru, Karnataka",portal,2026-02_all_nsq.json,104
2026-02,"state:DTL, Bengaluru, Karnataka",nsq,"Methylcobalamin, Alpha Lipoic Acid, Pyridoxine HCl., Folic Acid, Zinc Sulphate, Chromium Picolinate, Selenium Dloxide, Biotin & Inoslotol Tablets",AABT-2502,May-2025,Oct-2026,"Verax Life Sciences Pvt. Ltd., K.No. 435, Vill Surajmajra, Baddi, Distt. Solan, (H.P)-173205",Test for Disintegration,"DTL, Bengaluru, Karnataka",portal,2026-02_all_nsq.json,105
2026-02,"state:DTL, Bengaluru, Karnataka",nsq,Norfloxacin & Tinidazole Tablets,NTT24001,Nov-2024,Oct-2027,"Danish Health Care (P) Ltd., 76/27-28, Industrial Estate, Maxi Road, Ujjain-456010 India",Tests for ?Uniformity of Weight? and ?Disintegration,"DTL, Bengaluru, Karnataka",portal,2026-02_all_nsq.json,106
2026-02,"state:RDTL, Bellary, Karnataka",nsq,Pantoprazole Gastro-resistant Tablets I.P,CBT25-1043D,Jul-2025,Jun-2027,"C.B. Healthcare, Vill. Messa Tibba, Tehsil Nalagarh, Distt. Solan (H.P)-174101",Test for Dissolution,"RDTL, Bellary, Karnataka",portal,2026-02_all_nsq.json,107
2026-02,"state:RDTL, Bellary, Karnataka",nsq,Rabeprazole Sodium Tablets IP 20 mg,T-240787,Jul-2024,Jun-2026,"Medirose Drugs & Pharmaceuticals, 51, Industrial Area, Phase-III, Sansarpur Terrace, Distt. Kangra, Pin-176501 (H.P)",Test for Dissolution of Rabeprazole Sodium,"RDTL, Bellary, Karnataka",portal,2026-02_all_nsq.json,108
2026-02,"state:RDTL, Bellary, Karnataka",nsq,"Aceclofenac, Paracetamol & Thiocolchicoside Tablets",SPT-03412,Jun-2025,May-2027,"Savya Pharmaceuticals, Plot No. 5A-4, Sector 09, IIE Pantnagar, USN-263153 (UK)",Description,"RDTL, Bellary, Karnataka",portal,2026-02_all_nsq.json,109
2026-02,"state:RDTL, Bellary, Karnataka",nsq,Rabeprazole Sodium Tablets IP,SPT-02029,Jul-2024,Jun-2026,"Savya Pharmaceuticals, Plot No. 5A-4, Sector 09, IIE Pantnagar, USN-263153 (UK)",Test for Dissolution of Rabeprazole Sodium,"RDTL, Bellary, Karnataka",portal,2026-02_all_nsq.json,110
2026-02,"state:RDTL, Bellary, Karnataka",nsq,IVERMECTIN Tablets 10 mg (Veterinary) Melt in Mouth Flavoured Tablets,TB074,Apr-2025,Sep-2027,"Insat Pharma Pvt. Ltd., Plot No:45/A, G.I.D.C, Estate, Kansari-388630 Khambhat, Dist: Anand, Gujarat At:70/1 G.I.D.C. Estate, Kansari-388630",Test for Disintegration,"RDTL, Bellary, Karnataka",portal,2026-02_all_nsq.json,111
2026-02,"state:RDTL, Hubli, Karnataka",nsq,Ferrous Sulphate and Folic Acid Tablets I.P,CIF-X39,Mar-2025,Feb-2027,"Cyano Pharma (P) Ltd, 115-C, Industrial Estate, Pologround, Indore-452015",Test for Uniformity of content of Folic Acid only,"RDTL, Hubli, Karnataka",portal,2026-02_all_nsq.json,112
2026-02,"state:DTL, Bengaluru, Karnataka",nsq,Aceclofenac and Paracetamol Tablets,INT-02,Apr-2025,Mar-2028,"Sresan Pharmaceutical manufacturer, No.787, Bangalore Highways, Sunguvarchatram, (Mathura) Kancheepuram Dist 602106","Test for Uniformity of Weight, Assay for Paracetamol and Aceclofenac","DTL, Bengaluru, Karnataka",portal,2026-02_all_nsq.json,113
2026-02,"state:DTL, Bengaluru, Karnataka",nsq,Ferrous Sulphate and Folic Acid Tablets IP,CIF-Y06,Apr-2025,Mar-2027,"Cyano Pharma (P) Ltd, 115-C, Industrial Estate, Pologround, Indore-452015",Description,"DTL, Bengaluru, Karnataka",portal,2026-02_all_nsq.json,114
2026-02,"state:DTL, Bengaluru, Karnataka",nsq,Glycerin IP,7,Sep-2024,Aug-2027,"Medivin (India) Pharma Lab, No.51/1., Ramiahna Palya, Thagachaguppe, Kumbalgodu Post,Bengaluru-560074","Identification test, Water, Ethylene Glycol, Diethylene Glycol and Related Substance test and Assay for Glycerinn","DTL, Bengaluru, Karnataka",portal,2026-02_all_nsq.json,115
2026-02,state:DTL Thiruvananthapuram,nsq,Metformin & Sitagliptin Tablets BP,TMSG-017,Jul-2025,Jun-2027,"J.P Industries, Bhud, Baddi, Distt. Solan, HP, India","Sample fails the test Assay of Sitagliptin and Dissolution of Metformin Hydrochloride and Sitagliptin as per BP, as specified in the in the laboratory protocol.",DTL Thiruvananthapuram,portal,2026-02_all_nsq.json,116
2026-02,state:DTL Thiruvananthapuram,nsq,"Aceclofenac, Paracetamol & Chlorzoxazone Tablets,",GT14431B,Jul-2024,Jun-2026,"JM Laboratories, Village Bhanat P.O, Ghatti, Subathu Road, Solan, HP -173 211","Sample fails the test Assay for Aceclofenac' in Aceclofenac, Paracetamol and Chlorzoxazone Tablets as specified in the Laboratory Protocol.",DTL Thiruvananthapuram,portal,2026-02_all_nsq.json,117
2026-02,state:DTL Thiruvananthapuram,nsq,Telmisartan Tablets IP 40mg,493TTF022,Aug-2025,Jul-2027,"Swiss Garnier Life Sciences, 21-23, Industrial Area, Mehalpur, Dist.UNA, Himachal Pradesh - 174 315","Sample fails the test Dissolution as per IP, specified in the Laboratory Protocol",DTL Thiruvananthapuram,portal,2026-02_all_nsq.json,118
2026-02,state:DTL Thrissur,nsq,Oral Rehydration Salts IP ORS Powder,ODSC-667,Jul-2025,Jun-2027,"Nestor Pharmaceuticals Limited 11, Western Extension Area, Faridabad-121001, India",Sample does not conform to IP standards with respect to Assay of Potassium.,DTL Thrissur,portal,2026-02_all_nsq.json,119
2026-02,state:DTL Thiruvananthapuram,nsq,Diclofenac Sodium Tables IP 50mg,G25RDA025,May-2025,Apr-2027,"Acme Generics Private Limited, Plot No.115, HPSIDC, Industrial Area, Vill. Davni P.O, Gurumajra, Tehsil Nalagarh, Dist. Solan, HP-174101","Sample fails the test Dissolution as per IP, as specified in the Laboratory Protocol",DTL Thiruvananthapuram,portal,2026-02_all_nsq.json,120
2026-02,state:DTL Thiruvananthapuram,nsq,"Atenolol Tablets IP 50 MG,",TT 251884,Nov-2025,Oct-2027,"Trugen Pharmaceuticals Pvt. Ltd, Vill, Tejjupur, Near Chodiala Railway Station, Roorkee Distt. Haridwar, Uttarakhand-247661","Sample fails the test Dissolution as per IP, as specified in the Laboratory Protocol",DTL Thiruvananthapuram,portal,2026-02_all_nsq.json,121
2026-02,state:DTL Thiruvananthapuram,nsq,Enalapril Maleate Tablets IP 2.5mg,ENC01L5A,Nov-2025,Oct-2027,"Kalpraj Techno Fab Pvt. Ltd, Plot No. 24A&24B, Sector C, Industrial Area, Mandideep, Distt-Raisen- 462046 (M.P), India","Sample fails the test Dissolution as per IP, as specified in the Laboratory Protocol",DTL Thiruvananthapuram,portal,2026-02_all_nsq.json,122
2026-02,state:DTL Thiruvananthapuram,nsq,Telmisartan Tablets IP 40mg,493TTF015,Aug-2025,Jul-2027,"Swiss Garnier Life Sciences, 21-23, Industrial Area, Mehalpur, Dist.UNA, Himachal Pradesh - 174 315","Sample fails the test Dissolution as per IP, as specified in the Laboratory Protocol",DTL Thiruvananthapuram,portal,2026-02_all_nsq.json,123
2026-02,state:DTL Thrissur,nsq,Telmisartan Tablets IP,TG25C049A,Mar-2025,Feb-2027,"Systole Remedies Pvt. Ltd, Vill.Ogli, Kala Amb, The.Nahan, Distt.Sirmour (H.P)-173030",Sample fails the test Dissolution as per IP.,DTL Thrissur,portal,2026-02_all_nsq.json,124
2026-02,state:DTL Thiruvananthapuram,nsq,Doxycycline Hyclate Tablets USP-100MG,DX 5042,Jan-2025,Dec-2028,"Kerala State Drugs and Pharmaceuticals Ltd, Kalavoor P.O, Alappuzha, Kerala-688522",Sample fails the test Dissolution as per USP as specified in the Laboratory Protocol,DTL Thiruvananthapuram,portal,2026-02_all_nsq.json,125
2026-02,state:DTL Thiruvananthapuram,nsq,Cefuroxime Axetil Tablets IP,VCT/459,Jun-2024,May-2026,"Vats Biotech Pvt. Ltd, Vill, Kailar P.O, Saproon Teh.&Distt. Solan- 173211",Sample fails the tests Assay and Dissolution as per IP as specified in the Laboratory Protocol.,DTL Thiruvananthapuram,portal,2026-02_all_nsq.json,126
2026-02,state:DTL Thiruvananthapuram,nsq,Flunarizine Tablets IP 10mg,AUJ01AQA,Aug-2025,Jul-2028,"Pure & Cure Healthcare Pvt. Ltd, Plot No.26A, 27-30, Sector 8A, IIE, SIDCUL, Ranipur, Haridwar-249403, Uttarakhand",Sample fails the Descriptive part for tablets as per IP.,DTL Thiruvananthapuram,portal,2026-02_all_nsq.json,127
2026-02,state:DTL Konni,nsq,Salbutamol Sulphate Syrup IP,L-25075,May-2025,Apr-2027,"Daffohils Laboratories Pvt. Ltd..,F-109-110, UPSIDC Industrial Area, Selaqui, Dehradun, U.K-248011, India",Sample fails the pH mentioned in the laboratory protocol as per IP.,DTL Konni,portal,2026-02_all_nsq.json,128
2026-02,state:DTL Thiruvananthapuram,nsq,Aspirin Gastro Resistant Tablets IP 75mg,ANET 1269,Oct-2024,Sep-2026,"Unicure India Ltd, C-21, 22 & 23, Sector-3, Noida-201301, Distt. Gautam Budh Nagar (UP)",Sample fails the test Dissolution' as per IP as specified in the Laboratory Protocol,DTL Thiruvananthapuram,portal,2026-02_all_nsq.json,129
2026-02,state:DTL Thiruvananthapuram,nsq,Hydroxychloroquine Tablets IP 200mg,CQN469,Jul-2025,Jun-2028,"Overseas Healthcare Pvt. Ltd, 335Km, Milestone, National Highway No.1 P.O, Box No.25, Phillaur-144410 (Pb)","Sample fails the test Dissolution as per IP,as specified in the Laboratory Protocol",DTL Thiruvananthapuram,portal,2026-02_all_nsq.json,130
2026-02,state:DTL Konni,nsq,Metoprolol Tartrate Tablets IP 50mg (Metoder 50),SG25068,Jun-2025,May-2027,"Sanctus Global Formulations Limited, Khasra No.587/588, Village Kunjhal, Backside Jharmajri, Tehsil Baddi, Distt. Solan (H.P)-174103",Sample fails the test ' Dissolution' mentioned in the Laboratory Protocol as per IP.,DTL Konni,portal,2026-02_all_nsq.json,131
2026-02,state:DTL Konni,nsq,Telmisartan Tablets IP 40mg,493TTF012,Aug-2025,Jul-2027,"Swiss Garnier Life Sciences, 21-23, Industrial Area, Mehalpur, Dist.UNA, Himachal Pradesh - 174 315",Sample fails the test Dissolution mentioned in the Laboratory Protocol as per IP.,DTL Konni,portal,2026-02_all_nsq.json,132
2026-02,state:DTL Thrissur,nsq,Labetalol Tablets I.P 100mg,LA1TE011,Aug-2024,Jul-2026,"Unicure India Ltd,Plot No.46 (B),/ 49B, Vill, Raipur, Bhagwanpur, Roorkee, Uttarakhand.",The sample does not conform to IP Standards with respect to the test Dissolution.,DTL Thrissur,portal,2026-02_all_nsq.json,133
2026-02,state:DTL Konni,nsq,"Glimepiride Tablets IP, 1mg",GF12503,Jul-2025,Jun-2027,"Megasys Biotek Pvt. Ltd, Kinfra Industries Park P.O, Koratty, Thrissur, Kerala-680309",Sample fails the test Dissolution mentioned in the Laboratory Protocol as per IP.,DTL Konni,portal,2026-02_all_nsq.json,134
2026-02,"state:FDAL, Mumbai",nsq,Acecnovis SP,TA5008F,Jan-2025,Dec-2026,Navkar Lifescienses Plot No. 76 Lodhi Majra Industrial Area Distt. Solan Baddi-173205,The content of serratiopeptidase is less (i.e. 71.27% of the labelled amount) than the permissible limits.,"FDAL, Mumbai",portal,2026-02_all_nsq.json,135
2026-02,"state:Office of Drugs Controller, Meghalaya",nsq,Zinc Acetate Dispersable Tablets 20 mg,TD250606,Apr-2025,Mar-2027,"Orchid Medlife Pvt.Ltd Khasra No. 646/513, Vill.Kaundi,P.O Thana,Tehsil Baddi, Distt.Solan (HP)173205","The sample is not of standard quality for the reason stated under ""Description"" of the tablets","Office of Drugs Controller, Meghalaya",portal,2026-02_all_nsq.json,136
2026-02,"state:Office of Drugs Controller, Meghalaya",nsq,Paracetamol Tablets IP 500 mg,T50182,May-2025,Apr-2027,"Zenith Drugs Limited, 72/5 and 72/3,72/4,74/1/1, 75/1/1, Muradpura(Orangpura), Dhar Road,Near Kalaria,INDORE 453001(MP) INDIA","The sample does not comply as per I.P.2022 with respect to the test for ""Dissolution""of Paracetamol","Office of Drugs Controller, Meghalaya",portal,2026-02_all_nsq.json,137
2026-02,"state:DTL, Pasteur Hills,Shillong-Meghalaya",nsq,Amoxycillin & Potassium Clavulanate Oral Suspension,PD24089,Sep-2024,Aug-2026,"Affy Parenterals Vill.Gullerwala,P.O. Baddi,Distt. Solan-173205",The sample shows absence of Clavunic acid both in Identification test and Assay,"DTL, Pasteur Hills,Shillong-Meghalaya",portal,2026-02_all_nsq.json,138
2026-02,"state:DTL, Pasteur Hills,Shillong-Meghalaya",nsq,Ibuprofen & Paracetamol,4993,Aug-2024,Jul-2026,"Eden Drugs Pvt.Ltd. S.G.R.D.J. Airport Road, Meerankot, Distt. Amritsar, Punjab-143101",Content of Paracetamol in the sample is below the permissible limit prescribed in IP,"DTL, Pasteur Hills,Shillong-Meghalaya",portal,2026-02_all_nsq.json,139
2026-02,"state:SDT&RL, Bhubaneswar",nsq,Telmisartan Tablets IP 40mg,SPT40102,Mar-2024,Feb-2026,"Surge Pharmaceuticals PVT LTD, Plot no- C-78, C-79, Additonal MIDC, Jejuri-412303, Taluka Purandhar District Pune, Maharashtra, India",Dissolution test,"SDT&RL, Bhubaneswar",portal,2026-02_all_nsq.json,140
2026-02,"state:SDT&RL, Bhubaneswar",nsq,Nitrazepam Tablets IP 5mg,T240496,Apr-2024,Mar-2026,"Ikon Pharmachem Pvt. Ltd. E-2, Sara Industrial Estate, Central Hope Town, Rampur, Selaqui, Dehradun-248197, Uttarakhand",Dissolution test,"SDT&RL, Bhubaneswar",portal,2026-02_all_nsq.json,141
2026-02,"state:SDT&RL, Bhubaneswar",nsq,"Sucralfate, Oxetacaine",AL-24115,Jul-2024,Jun-2026,"Accretion Pharmaceuticals Ltd. 29, Xcelon Industrial Park-1, 1st floor, Opp. MN Desal Petrol Pump, Nr. Tajpur Patiya Changodar, Dist-Ahmedabad-382213","Description, Content of Oxetacaine","SDT&RL, Bhubaneswar",portal,2026-02_all_nsq.json,142
2026-02,"state:SDT&RL, Bhubaneswar",nsq,"Amoxycillin, Clavulanic Acid",MVA2416,Jun-2024,May-2026,"Astam Helathcare Pvt. Ltd. Vill-Theda, The-Nalagarh, Distt-174101 HP",Content of Clavulanic Acid,"SDT&RL, Bhubaneswar",portal,2026-02_all_nsq.json,143
2026-02,"state:CDL, Kolkata",nsq,Telmisartan & Hydrochlorothiazide Tablets,L-RT25187,May-2025,Apr-2027,"Rachil Pharma, At-M/s. Qurx Pharmaceuticals, 191-191A, Industrial Area, Phase III, Sansarpur Terrace, Distt. Kangra(HP)-176501",Test of Dissolution of Hydrochlorothiazide,"CDL, Kolkata",portal,2026-02_all_nsq.json,144
2026-02,"state:SDTL, Punjab",nsq,Aceclofenac & Paracetamol Tablets,TN-4880,Jun-2025,May-2027,"Neptune Life Sciences Pvt Ltd., 100-B, EPIP, Phase-II, Thana, Baddi-173205","The Above product is official in IP, but the same is not mentioned anywhere on the label.","SDTL, Punjab",portal,2026-02_all_nsq.json,145
2026-02,"state:SDTL, Punjab",nsq,Fenbendazole (VET),CPL/FBZ/25149,Sep-2025,Aug-2030,"Chemino Pharma Ltd, Plot NO 411/1, LIC Seltor, Silvassa Road, GIDC, Vapi, Dist. Valsad, Gujarat-396195",1. The identification test for Fenbendazole found to be Negative. 2. The identification test for Tapentadol HCI found to be positive. 3. %age content of Tapentadol HCI found to be 101.54w/w(on as such basis).,"SDTL, Punjab",portal,2026-02_all_nsq.json,146
2026-02,"state:SDTL, Punjab",nsq,Methylcobalamin Oral Disintegrating Tablets 1500mcg,MOD1085D,Jul-2025,Jun-2027,"Pulse Pharmaceuticals Pvt Ltd. Khasra No. 400, 407 Karondi, Roorkee, Uttarakhand.",Description,"SDTL, Punjab",portal,2026-02_all_nsq.json,147
2026-02,"state:SDTL, Punjab",nsq,"Aceclofenac and Paracetamol Tablets,",PT-08/27,Aug-2024,Jul-2026,"Progressive Lifesciences Pvt. Ltd., Laitherdevahoon, P.O. Jhabrera, Roorkee, Distt. Haridwar-247665 Uttarakhand.",Description,"SDTL, Punjab",portal,2026-02_all_nsq.json,148
2026-02,"state:SDTL, Punjab",nsq,"Cholecalciferol Tablets 60,000 IU",NGT25007,Aug-2025,Jan-2027,"Tirupati Medicare Ltd, Nahan Road, Paonta sahib, Dist. Sirmour 173025, HP, India.",The contents of Cholecalciferol found to be 90585.84 I.U(150.97%)labeled claim of 60000 I.U per UC tab.,"SDTL, Punjab",portal,2026-02_all_nsq.json,149
2026-02,"state:SDTL, Punjab",nsq,Pregabalin capsules IP 300mg,LPC25138,Dec-2025,Nov-2027,"Levotic Pharma Plot No-6, Phase-II, Industrial Area, Sansarpur Terrace, Distt-Kangra, HP-176501",The contents of Pregabalin found to be 345.40mg per Capsule (115.13%) against labeled claim of 300.0mg per capsule.,"SDTL, Punjab",portal,2026-02_all_nsq.json,150
2026-02,state:DTL Jaipur,nsq,Pheniramine Maleate Injection IP,PH5V152,Jun-2025,May-2027,"GBN Pharmaceuticals, F-49(A), RIICO Industrial Area, Phase-II, Ajeetgarh-332701, Dist. Sikar (Raj.)",The sample does not conform to the IP with respect to Sterility.,DTL Jaipur,portal,2026-02_all_nsq.json,151
2026-02,state:DTL Jaipur,nsq,Pheniramine Maleate Injection IP,PH5V111B,May-2025,Apr-2027,"GBN Pharmaceuticals, F-49(A), RIICO Industrial Area, Phase-II, Ajeetgarh-332701, Dist. Sikar (Raj.)",The sample does not conform to the IP with respect to Sterility.,DTL Jaipur,portal,2026-02_all_nsq.json,152
2026-02,state:DTL Jaipur,nsq,Ofloxacin & Ornidazole Oral Suspension,SLG25160,May-2025,Apr-2027,"Safecon Lifesciences Pvt. Ltd., B-36, E.P.I.P. Shastri Puram, UPSIDC, Sikandra-282007.",The sample does not conform to the claim with respect to Assay of Ornidazole.,DTL Jaipur,portal,2026-02_all_nsq.json,153
2026-02,state:DTL Jaipur,nsq,Propoxur Sulphanilamide & Cetrimide Dusting Powder,GLEP-002,Apr-2025,Mar-2027,"Grampus Laboratories, Johron, Industrial Area, Kala Amb, Distt. Sirmour, H.P.-173030.",The sample does not conform to the claim with respect to Assay of Propoxur.,DTL Jaipur,portal,2026-02_all_nsq.json,154
2026-02,state:DTL Jodhpur,nsq,"Aceclofenac, Paracetamol & Serratiopeptidase Tablets",ST-2531,Apr-2025,Mar-2027,"Stafford Laboratories Pvt. Ltd., 143, Raipur Ind. Area, Bhagwanpur, Roorkee (U.K.)",The sample does not conform to the claim with respect to Assay of Aceclofenac.,DTL Jodhpur,portal,2026-02_all_nsq.json,155
2026-02,state:DTL Bikaner,nsq,Paracetamol Tablets IP 650mg,BPLT-25032,Feb-2025,Jan-2027,"Bennet Pharmaceuticals Ltd., Village Chanal Majra, Nr. Manpura, Badi, Tal-Nalagarh, Distt. Solan (H.P.) 173205.",The sample does not conforms to the I.P. with respect to Description as black spots are observed on surface of tablets.,DTL Bikaner,portal,2026-02_all_nsq.json,156
2026-02,state:DTL Jodhpur,nsq,Ibuprofen & Paracetamol I.P.,TIC-45,Aug-2025,Jul-2027,"Parth Formulation Pvt. Ltd., G1-31 (I&H), RIICO Ind. Area, Gegal-305023.",The sample does not conform to the I.P. with respect to Description as sticking and picking defect observed on surface of tablets.,DTL Jodhpur,portal,2026-02_all_nsq.json,157
2026-02,state:DTL Jaipur,nsq,"Paracetamol, Phenylephrine Hydrochloride Diphenhydramine, Hydrocloride & Caffeine Tablets",YLT25023,Jun-2025,May-2027,"YL Pharma, Plot No. 9H(1), Village Katha, Teh. Baddi, Dist. Solan (H.P.) 173205.",The sample does not conform to the claim with respect to in Assay of Phenylephrine Hydrochloride & Caffeine (Anhydrous) (NIL).,DTL Jaipur,portal,2026-02_all_nsq.json,158
2026-02,state:DTL Udaipur,nsq,Ibuprofen & Paracetamol Tablets I.P.,"TIC-47,",Oct-2025,Sep-2027,"Parth Formulation Pvt. Ltd., G1-31, (I&H) RIICO Industrial Area, Gegal-305023",The sample does not conforms to the IP with respect to description as it shows defect like sticking and picking of tablets.,DTL Udaipur,portal,2026-02_all_nsq.json,159
2026-02,state:DTL Udaipur,nsq,Aceclofenac & Paracetamol Tablets,ADT24078C,Mar-2024,Feb-2026,"Astonea Labs Ltd., Village Haripur, Teh. Raipur Rani, Dist. Panchkula, Haryana, India",The sample does not conform to the claim with respect to Colour as it shows the presence of Sunset Yellow.,DTL Udaipur,portal,2026-02_all_nsq.json,160
2026-02,state:DTL Jaipur,nsq,"Ambroxol Hydrochloride, Terbutaline Sulphate and Guaiphenesin Syrup",AT25J325,Jul-2025,Jun-2027,"Cipco Limited, 35-36/1, A.B. Road, Pigdamber, Dist. Indore 453331 (MP) India",The sample does not conform to the claim with respect to in Assay of Ambroxol Hydrochloride.,DTL Jaipur,portal,2026-02_all_nsq.json,161
2026-02,state:DTL Jaipur,nsq,"Ambroxol Hydrochloride, Terbutaline Sulphate and Guaiphenesin Syrup",AT23J325,Jul-2025,Jun-2027,"Cipco Limited, 35-36/1, A.B. Road, Pigdamber, Dist. Indore 453331 (MP) India.",The sample does not conform to the claim with respect to in Assay of Ambroxol Hydrochloride.,DTL Jaipur,portal,2026-02_all_nsq.json,162
2026-02,state:DTL Jaipur,nsq,"Ambroxol Hydrochloride, Terbutaline Sulphate and Guaiphenesin Syrup",AT31J325,Jul-2025,Jun-2027,"Cipco Limited, 35-36/1, A.B. Road, Pigdamber, Dist. Indore 453331 (MP) India.",The sample does not conform to the claim with respect to Assay of Ambroxol Hydrochloride.,DTL Jaipur,portal,2026-02_all_nsq.json,163
2026-02,state:DTL Jaipur,nsq,Propoxur Sulphanilamide & Cetrimide Powder,EE-240603,Jun-2024,May-2026,"Ethicare Laboratories, 15, Industrial Estate, Digiana, Jammu-180010",The sample does not conform to the claim with respect to Assay of Propoxur.,DTL Jaipur,portal,2026-02_all_nsq.json,164
2026-02,state:DTL Jaipur,nsq,Calcium with Vitamin D3 Suspension,JDL-3543,Dec-2024,Nov-2026,"JPEE Drugs, Plot No.-53, Sector-6A, SIDCUL, Haridwar (Uttarakhand)",The sample does not conform to the claim with respect to Assay of Vitamin D3 (Nil).,DTL Jaipur,portal,2026-02_all_nsq.json,165
2026-02,state:DTL Jaipur,nsq,Calcium with Vitamin D3 Suspension,JDL-3584,Mar-2025,Feb-2027,"JPEE Drugs, Plot No.-53, Sector-6A, SIDCUL, Haridwar (Uttarakhand)",The sample does not conform to the claim with respect to Assay of Vitamin D3 (Nil).,DTL Jaipur,portal,2026-02_all_nsq.json,166
2026-02,state:DTL Jaipur,nsq,Calcium with Vitamin D3 Suspension,JDL-3578,Mar-2025,Feb-2027,"JPEE Drugs, Plot No.-53, Sector-6A, SIDCUL, Haridwar (Uttarakhand)",The sample does not conform to the claim with respect to Assay of Vitamin D3 (Nil).,DTL Jaipur,portal,2026-02_all_nsq.json,167
2026-02,state:DTL Jaipur,nsq,Hydroxyzine Hydrochloride SR Tablets 25mg,JT-2411149,Nov-2024,Oct-2026,"Jineka Healthcare (P) Ltd., 15, Sector-6B, IIE, Ranipur, Haridwar -249403 (U.K.)",The sample does not conform to the claim with respect to Assay.,DTL Jaipur,portal,2026-02_all_nsq.json,168
2026-02,"state:DCL, Telangana",nsq,Paracetamol tablets 300 mg,CTQ228,Dec-2024,May-2027,"Costal medicare Pvt.Ltd, Rs No. 9/2 &5 Ramchandrapuram, Sumarpalli, Main Road, Krishna - 521212 Andhra Pradesh.",Dissolution test does not comply.,"DCL, Telangana",portal,2026-02_all_nsq.json,169
2026-02,"state:DCL, Telangana",nsq,Cefpodoxime Proxetil & Potassium Clavulanate Oral Suspension,BD400461A,Mar-2025,Aug-2026,"Gnosis Pharmaceuticals Pvt.Ltd, Nahan Road, Village Moginand, Kala-Amb, Distt:Sirmour, HP-173030, Himachal Pradesh.",Sample Tabonic CV Dry syrup does not comply assay for Cefpodoxime and Clavulanic acid as per STP.,"DCL, Telangana",portal,2026-02_all_nsq.json,170
2026-02,"state:DTL, Madurai-19",nsq,Vildagliptin Tablets IP 50mg,VGT505,Jun-2025,May-2027,"Healer's Lab Unit-II, Plot No.33, H.P.S.I.D.C., Extn., Baddi, Distt-Solan (HP)",Content,"DTL, Madurai-19",portal,2026-02_all_nsq.json,171
2026-02,"state:DTL, Madurai-19",nsq,Paracetamol and Caffeine Tablets IP,APSDN 2506,Apr-2025,Mar-2027,"Konis Pharmaceuticals Pv t. Ltd., Jagriti sadan, Subathu Road, Solan-173212 (HP)",Description,"DTL, Madurai-19",portal,2026-02_all_nsq.json,172
2026-02,"state:DTL,Chennai-06",nsq,Amlodipine Tablets IP 5mg,RT-251061,Oct-2025,Sep-2027,"Relief Biotech Pvt. Ltd, Khasra No.72, Makhyali Dundi, Peerpura Road, Roorkee ByPass, Delhi Road, Manglour, Roorkee-247656, Haridwar (UK)",Content,"DTL,Chennai-06",portal,2026-02_all_nsq.json,173
2026-02,"state:DTL,Chennai-06",nsq,Pantoprazole Sodium Tablets IP 40mg,M25796006,Sep-2025,Aug-2027,"Dr.Miltons Laboratories Private Limited, R.S.No.135/6, Sanyasikuppam Village, Thirubuvanai (Post), Mannadipet Commune, Puducherry-605107",Dissolution,"DTL,Chennai-06",portal,2026-02_all_nsq.json,174
2026-02,"state:King Institute of Preventive Medicine & Research, Guindy, Chennai-32",nsq,Gentamicin Injection I.P-40mg/ml,683507,May-2025,Apr-2027,"Zazen Pharma Pvt. Ltd, Plot. No.7 & 8, Off N.H.No.8, Vasai Phata, Vasai (E ), Dist. Phalgar, Pin- 401 208, Maharashra.",pH,"King Institute of Preventive Medicine & Research, Guindy, Chennai-32",portal,2026-02_all_nsq.json,175
2026-02,"state:King Institute of Preventive Medicine & Research, Guindy, Chennai-32",nsq,Gentamicin Injection I.P-40mg/ml,683508,May-2025,Apr-2027,"Zazen Pharma Pvt. Ltd, Plot. No.7 & 8, Off N.H.No.8, Vasai Phata, Vasai (E ), Dist. Phalgar, Pin- 401 208, Maharashra.",pH,"King Institute of Preventive Medicine & Research, Guindy, Chennai-32",portal,2026-02_all_nsq.json,176
2026-02,"state:DTL, Chennai-06",nsq,Telmisartan Tablets IP 40mg,STS-119,May-2025,Apr-2027,"Marc Lifesciences Sikkim, Khasara No.35, 36, 409, 410, Vill. Julanglay, Block L, Maneydara Namthang, Distt. Namchi, South Sikkim",Dissolution,"DTL, Chennai-06",portal,2026-02_all_nsq.json,177
2026-02,"state:DTL, Chennai-06",nsq,Paracetamol Paediatric Oral Suspension I.P,SAI-1808,Jul-2025,Jun-2027,"Sree Saie Pharma, Old No.423/1, New No.239/5A, Plot No.3, Poothurai Village, Vanur Taluk, Villupuram Dt., 605111 Tamil Nadu",Content,"DTL, Chennai-06",portal,2026-02_all_nsq.json,178
2026-02,"state:DTL, Chennai-06",nsq,Albendazole Tablets IP 400mg,SP250725,Jul-2025,Jun-2027,"Sharun Pharmaceuticals Pvt. Ltd, R.S.No.195/9 & 197/4, Pangoor, Ariyur Revenue Village, Villianur, Puducherry, 605102",Dissolution,"DTL, Chennai-06",portal,2026-02_all_nsq.json,179
2026-02,"state:DTL, Chennai-06",nsq,Pantoprazole Gastro- Resistant Tablets IP 40mg,LXT-25052,Apr-2025,Mar-2027,"Lexus India Limited, D-3 & 4, Industrial Area, Selaqui, Dehradun (UK), 2348011, India",Dissolution,"DTL, Chennai-06",portal,2026-02_all_nsq.json,180
2026-02,"state:DTL, Chennai-06",nsq,Atorvastatin Tablets IP 10mg,CT250131A,May-2025,Apr-2027,"Candour Pharmaceuticals, Vill. OGLI, Suketi Road, Kala Amb, Distt. Sirmour (HP),173030",Dissolution,"DTL, Chennai-06",portal,2026-02_all_nsq.json,181
2026-02,"state:DTL, Chennai-06",nsq,Betamethasone Valerate Ointment IP,RF653,Jun-2025,May-2027,"Curetech Skincare, Plot No.32, 33 & 34, Phase-IV, Bhatoli Kalan, Baddi, Distt. Solan (HP)-173205",Content,"DTL, Chennai-06",portal,2026-02_all_nsq.json,182
2026-02,"state:DTL, Chennai-06",nsq,Ketoconazole Soap,KEZ-017,Aug-2025,Jul-2027,"SMB Healthcare, 36, Aadarsh Ind. Park, Phase 3, GIDC, Pansar Road, Chhatral, Gandhinagar,",Content,"DTL, Chennai-06",portal,2026-02_all_nsq.json,183
2026-02,"state:DTL, Chennai-06",nsq,Albendazole Tablets IP 400mg,B250984,Jul-2025,Jun-2027,"Bochem Healthcare Pvt. Ltd, 83-84, Industrial Area, Dewas Road, Nagziri, Ujjain 456010 (M.P), India",Dissolution,"DTL, Chennai-06",portal,2026-02_all_nsq.json,184
2026-02,"state:DTL, Chennai-06",nsq,"Ambroxol Hcl, Terbutaline Sulphate, Guaiphenesin & Menthol Syrup",CBL-0284/25,Mar-2025,Feb-2027,"C.B. Healthcare, Vill. Messa Tibba, Tehsil Nalagarh, Distt. Solan (H.P)-174101",Content,"DTL, Chennai-06",portal,2026-02_all_nsq.json,185
2026-02,"state:DTL, Chennai-06",nsq,Clopidogrel Tablets IP,BCGT25021,Jun-2025,May-2027,"Bactolac Formulations Pvt. Ltd, Plot No.70 (Part), TSIIC-IALA, Phase-I, Cherlapally Village, Kapra Mandal, Medchal-Malkajgiri District, Telangana-500051, India",Description,"DTL, Chennai-06",portal,2026-02_all_nsq.json,186
2026-02,"state:DTL, Madurai-19",nsq,Vildagliptin Tablets IP 50mg,VL25028,Jun-2025,May-2027,"Eurokem Labortories Pvt., Ltd, C-25, SIDCO Pharmaceutical Complex, Alathur, Thiruporur-603 110",Content,"DTL, Madurai-19",portal,2026-02_all_nsq.json,187
2026-02,"state:DTL, Madurai-19",nsq,Drotaverine Hydrochloride Suspension,A20718,Apr-2025,Mar-2027,"Aspen Lifescieces Pvt., Ltd, Plot No.57, Nagkalan Industrial Area, Majitha Road, Amritsar-143601",Content,"DTL, Madurai-19",portal,2026-02_all_nsq.json,188
2026-02,"state:DTL, Chennai-06",nsq,Omeprazole Capsules IP 20mg,HCN460G,Jul-2024,Jun-2026,"Himalaya Meditek Pvt. Ltd, Plot No.35 & 36, Pharmacity, Selaqui Industrial Area, Dehradun, 248197",Dissolution.,"DTL, Chennai-06",portal,2026-02_all_nsq.json,189
2026-02,"state:DTL, Chennai-06",nsq,Telmisartan Tablets IP 40mg,GTM54,Feb-2025,Jan-2027,"Super formulations Pvt. Ltd, 16-B & 15-F, Industrial Area, Maxi Road, Ujjain (MP)-456010",Dissolution.,"DTL, Chennai-06",portal,2026-02_all_nsq.json,190
2026-02,"state:DTL, Chennai-06",nsq,Telmisartan Tablets IP 40mg,STS-123,Jun-2025,May-2027,"Marc Lifesciences Sikkim, Khasara No.35, 36, 409, 410, Vill. Julanglay, Block L, Maneydara Namthang, Distt. Namchi, South Sikkim",Dissolution.,"DTL, Chennai-06",portal,2026-02_all_nsq.json,191
2026-02,"state:SDTL, Kolkata, WB",nsq,Glimepiride & Metformin Hydrochloride Prolonged Release Tablet I.P.,LGN03/133 /01,Mar-2024,Feb-2026,"Logos Pharma, Nalagarh, Dist. Solan, H.P.-174 101",The sample does not conform to I.P. as per Assay result of Glimepride.,"SDTL, Kolkata, WB",portal,2026-02_all_nsq.json,192
2026-02,"state:SDTL, Kolkata, WB",nsq,"Amoxycillin, Potassium Clavulanate & Lactic Acid Bacillus Tab",CHTC4419,Mar-2025,Feb-2027,"Park Pharmaceuticals, Vill. Kalujhanda, Near Nanakpur, The Baddi, Dist. Solan, H.P.",1) The sample declared as Not of Standard Quality in assay of Potassium Clavunalate e.q. to Clavulanic acid. 2) The sample does not conform to claim.,"SDTL, Kolkata, WB",portal,2026-02_all_nsq.json,193
2026-02,"state:SDTL, Kolkata, WB",nsq,"Amoxycillin, Potassium Clavulanate & Lactic Acid Bacillus Tab",CT24271,Feb-2025,Jan-2027,"Curehealth Pharmaceuticals, P.O. Deothi Tehsil, Dist. Solan-173221, H.P.",The sample does not conform to standard in respect of the test for ?Assay? performed.,"SDTL, Kolkata, WB",portal,2026-02_all_nsq.json,194
2026-02,"state:DTL, Puducherry",nsq,Risperidone 3 mg with Trihexyphenidyl Hydrochloride 2 mg Tablets,TYOT-1435,Feb-2025,Jan-2027,"Tanmed Pharma (I) Pvt. Ltd., No. 1/429, Multi Industrial Nagar, Gerugambakkam, Chennai-600 128",Failed Average Weight,"DTL, Puducherry",portal,2026-02_all_nsq.json,195
2026-02,"state:DTL, Dalgate Srinagar Kashmir (J & K)",nsq,Paracetamol Tablets IP 500mg,PCT1211,Aug-2024,Jul-2026,"Unicure India Ltd, C-21, 22 & 23, Sector-3, Noida-201301, Distt. Gautam Budh Nagar (UP)",The sample does not confirm to IP2022 requirement withespect to Dissolution Test,"DTL, Dalgate Srinagar Kashmir (J & K)",portal,2026-02_all_nsq.json,196
2026-02,"state:DTL, Dalgate Srinagar Kashmir (J & K)",nsq,Diclofenac Sodium Injection,2507017,Mar-2025,Feb-2027,"Neon Laboratories Ltd.at Plot No.G84/1,Tarapur MIDC boisar 401506.",The sample does not conform to I.P w.r.t the test for Description and Particulate matter,"DTL, Dalgate Srinagar Kashmir (J & K)",portal,2026-02_all_nsq.json,197
2026-02,central,nsq,Disinfectant Fluid Black Phenolic Type Normal Grade-1,MCI040,Jun-2024,May-2026,"Mittal Chemical Industries,G-1/9 Growth Centre, RIICO, Dholpur, Raj.",The sample does not conform to claim as per As per Drugs and Cosmetics Act- Schedule O and IS 1061:2017 with respect to Grade and Germicidal Value,"CDL, Kolkata",portal,2026-02_all_nsq.json,198
2026-02,state:DTL Thiruvananthapuram,nsq,"Sterile Hypodermic Needles (For Single Use Only) Needle Size:0.55x25 mm (24Gx1"")",2428024NA1,Oct-2024,Sep-2029,"Nihal Healthcare, 33, E.P.I.P-1, Jharmajri, Baddi, distt. Solan- 173205(H.P), India","Sample fails the tests Cleanliness and Lubricant"" as specified in the laboratory protocol .",DTL Thiruvananthapuram,portal,2026-02_all_nsq.json,199
2026-02,state:DTL Thiruvananthapuram,nsq,Absorbent Cotton Wool IP 500gm,3208,Aug-2025,Jul-2028,"SJD Surgicot Pvt. Ltd, Bhiwani Road, JIND-126102 (HR)","Sample fails the 'Descriptive Part, Fluorescence Ether soluble substances, Water soluble substances, Neps and Sulphated Ash' as per IP, as specified in the Laboratory Protocol",DTL Thiruvananthapuram,portal,2026-02_all_nsq.json,200
2026-02,central,nsq,Silky Gold Foley Balloon Catheter (Siliconised),25F22,Jun-2025,May-2030,"Ribbel International Ltd. 20th Mile Jatheri Road,P.O. Rai Sonepat-131029,Haryana",The sample does not comply as per I.P. 2022 with respect to the Bacterial Endotoxins Test.,"RDTL, Guwahati",portal,2026-02_all_nsq.json,201
2026-02,central,nsq,Single use Hypodermic Needle,455 62R,Nov-2025,Oct-2030,"Hindustan Syringes & Medical Devices Ltd. 174, 178/25, Ballabgarh, Faridabad, Haryana-121004",The sample does not conform to claim with respect to test for Sterility.,"CDL, Kolkata",portal,2026-02_all_nsq.json,202
2026-02,"state:BDCL, Patna",nsq,Tablets Paracetamol,2504,Aug-2024,Jul-2026,"SMBJ Pharmaceuticals Pvt Ltd. Plot No. 3030, Phase-I HSIDC, Indl Estae, Barhi-131101 Haryana",The sample does not conform to IP with respect to the Dissolutiion for paracetamol,"BDCL, Patna",portal,2026-02_all_nsq.json,203
2026-02,state:Maharashtra,nsq,"Atorvastatin, Aspirin & Clopidogrel Capsules s",ADH24148A,Oct-2024,Sep-2026,"Astonea Labs Private Limited, Vill. Haripur, Teh. Raipur Rani, Distt. Panchkula-134204 (Haryana)",Test free Salycylic Acid,Maharashtra,portal,2026-02_all_nsq.json,204
2026-02,state:Uttar Pradesh,nsq,Gemcirol-XT,DT-035,Apr-2025,Mar-2027,"Magnus Biotech Pvt. Ltd., Mugal Mazra Road, Village ? Kunjpua, P.O.-Karnal (Haryana)",content of Vitamin D3,Uttar Pradesh,portal,2026-02_all_nsq.json,205
2026-02,"state:FDTL,Uttarakhand",nsq,"Coldfresh-P DS Suspension (Phenylephrine HCl, Paracetamol & Chlorpheniramine Maleate Suspension)",SP24193,Oct-2024,Sep-2026,"Sivanta Pharmaceuticals Plot NO. 3238, Phase-II, GIDC, Chhatral, Ta. Kalol, Dist. Gandhinagar-382719, Gujarat.",Suspended Matter/Sedimentation Observed.,"FDTL,Uttarakhand",portal,2026-02_all_nsq.json,206
2026-02,"state:FDTL,Uttarakhand",nsq,Isopropyl Alcohol IP,9190090325,Mar-2025,Feb-2028,"Thermo Fisher scientific India Pvt. Ltd. At : Plot No. A-1/4906/17, B/H Paras Industrial, GIDC, Estate, Ankleshwar-393002, Gujrat.",Water : 0.8624% (Limit NMT 0.5%) ?More than prescribed limit.,"FDTL,Uttarakhand",portal,2026-02_all_nsq.json,207
2026-02,"state:FDTL,Uttarakhand",nsq,Metoprolol Succinate Extended Release Tablets IP,DLT-1431,Sep-2024,Aug-2026,"Daffohills Laboratories Pvt. Ltd. F-109-110, UPSIDC Indl. Area Selaqui, Dehradun-248011",Assay of Metoprolol Succinate IP- Less than prescribed limit.,"FDTL,Uttarakhand",portal,2026-02_all_nsq.json,208
2026-02,"state:FDTL,Uttarakhand",nsq,Aspirin Gastro-Resistant Tablets IP 150 mg,ASB02B25,Feb-2025,Jan-2027,"Bajaj Healthcare Ltd. R.S. No. 1818, Manjusar-Savli Road, At : & Post-Manjusar, Tal. Savli, Dist. Vadodra-391775",Rough Surface on Tablets Description,"FDTL,Uttarakhand",portal,2026-02_all_nsq.json,209
2026-02,"state:FDTL,Uttarakhand",nsq,Cefixime Tablets IP,18252131A,May-2025,Oct-2027,"Macleods Pharmaceuticals Ltd. Kh. No. 21,22,66,67 & 68, Aho-Yangtam, Namchepung, P.O. : Ranipool, Sikkim 737135",Storage-Does not comply with IP,"FDTL,Uttarakhand",portal,2026-02_all_nsq.json,210
2026-02,"state:FDTL,Uttarakhand",nsq,Coolfresh-D (Omeprazole and Domperidone Capsules IP),C032506,Mar-2025,Feb-2027,"Swefn Pharmaceuticals Pvt. Ltd. 7 Sopan Kesar Indl. Hub, Vil. Moraiya, Tal. Sanand, Dist. Ahmedabad-3822123",Assay of Domperidone IP,"FDTL,Uttarakhand",portal,2026-02_all_nsq.json,211
2026-02,"state:FDTL,Uttarakhand",nsq,"Paracetamol, Phenylephrine HCl, Chlorpheniramine Maleate & Sodium Citrate Syrup",BR649,Jun-2025,May-2028,"Centaur Pharmaceuticals Pvt. Ltd. Plot No. 907, MIE, Bahadurgarh-124507, Dist. Jhajjar, Haryana.",Sedimentation observed on the lower surface of bottle.,"FDTL,Uttarakhand",portal,2026-02_all_nsq.json,212
2026-02,"state:FDTL,Uttarakhand",nsq,Ranyloc Syrup,ABSL25-0069,May-2025,Apr-2027,"Alexin Biosciences Barotiwala, plot No. 151/196, Paonta Sahib, Dist. Sirmour-173025",Storage-Does not comply with IP,"FDTL,Uttarakhand",portal,2026-02_all_nsq.json,213
2026-02,"state:FDTL,Uttarakhand",nsq,"Dextromethorphan Phenylephrine HCL, Ambroxol, Chlorpheniramine Maleate & Menthol Syrup",NPL-5105,Jul-2025,Jun-2027,"Nathan Pharma Pvt. Ltd. Plot No. 8, DIC, Industrial Area, Baddi, Distt. Solan (HP) 173205","Assay of Dextromethorphan HBr IP, Phenylephrine HCl IP & Chlorpheniramine Maleate IP : Less than preacribed limit.","FDTL,Uttarakhand",portal,2026-02_all_nsq.json,214
2026-02,"state:FDTL,Uttarakhand",nsq,"Paracetamol, Diclofenac Sodium & Chlorzoxazone Tablets IP",NPL-5105,Dec-2024,Nov-2026,"IBN Herbals Kh. No. 63, Vill. Juddi Kalan, Baddi 173205, Dist. Solan (HP)",Rough surface on tablets,"FDTL,Uttarakhand",portal,2026-02_all_nsq.json,215
2026-02,"state:FDTL,Uttarakhand",nsq,"Paracetamol Phenylephrine HCl, Diphenh",ANT-1925,Jul-2025,Jun-2027,"Avalon Medicines Pvt. Ltd. Plot No. 1271, Phase-1, Sec. 38, HSIIDC Rai, Sonipat-131029 (HR)",Description,"FDTL,Uttarakhand",portal,2026-02_all_nsq.json,216
2026-02,"state:FDTL,Uttarakhand",nsq,"Ketoconazole, Iodochlorhydroxyquinoline, tolnaftate, Neomycin Sulphate & Clobetasol Propionate",GE25077,Jun-2025,May-2027,"Lifecom Pharmaceuticals (India) Pvt.Ltd. Khasra No. 1180/282, Vill. Nanheda Anantpur, Bhagwanpur, Roorkee, Haridwar (UK)",Assay of clobetasol Propionate IP & Ketoconazole IP,"FDTL,Uttarakhand",portal,2026-02_all_nsq.json,217
2026-02,central,spurious,Betamethasone And Clioquinol Cream BP,K73G,Nov-2025,Oct-2027,Under Investigation | Under Investigation,"The product is purported to be spurious, however, the same is subject to outcome of investigation","CDL, Kolkata",portal,2026-02_all_spurious.json,1
2026-02,"state:SDTL, Assam",spurious,Urseodeoxycholic Acid Tablets IP 300 MG,GTG2220A,Jul-2025,Jun-2027,Under Investigation | Under Investigation,"The product is purported to be spurious, however, the same is subject to outcome of investigation","SDTL, Assam",portal,2026-02_all_spurious.json,2
2026-02,central,spurious,Clobetasol Propionate & Gentamicin Sulphate Cream,IA00187A,Jul-2025,Jun-2027,Under Investigation | Under Investigation,"The product is purported to be spurious, however, the same is subject to outcome of investigation","CDL, Kolkata",portal,2026-02_all_spurious.json,3
2026-02,"state:SDTL, Kolkata, WB",spurious,Amoxycillin & Potassium Clavulanate Tablet IP,25440617,Feb-2025,Jul-2026,Under Investigation | Under Investigation,"The product is purported to be spurious, however, the same is subject to outcome of investigation","SDTL, Kolkata, WB",portal,2026-02_all_spurious.json,4
2026-03,"state:SDTL, Assam",nsq,Riboflavin Tablets IP 5 mg,RB-2433,Nov-2024,Oct-2027,"Askon Healthcare, 11- B, Industrial Area, Maxi Road, Ujjain - 456010",The sample does not conform to I.P.w.r.t. the tests for Dissolution.,"SDTL, Assam",portal,2026-03_all_nsq.json,1
2026-03,"state:SDTL, Assam",nsq,Aceclofenac & Paracetamol Tablets,MGT24-034,Jul-2024,Jun-2026,"Medglobe Therapeutics Ltd. Khasra No-311, Raipur Village, Bhagwanpur Pargana, Roorkee- 247667(UK)",The sample does not conform to I.P.w.r.t. the tests for Assay and Dissolution of Aceclofenac.,"SDTL, Assam",portal,2026-03_all_nsq.json,2
2026-03,"state:SDTL, Assam",nsq,Amlodipine Besylate Tablets IP 5 mg.,TA25-30,Jan-2025,Dec-2026,"Om Biomedic Pvt. Ltd., Plot No. 68,69, 82 & 83, Sector-6A, IIE, SIDCUL, Haridwar-249403",The sample does not conform to I.P. w.r.t. the tests for Assay,"SDTL, Assam",portal,2026-03_all_nsq.json,3
2026-03,"state:SDTL, Assam",nsq,Amoxycillin & Potasium Clavulanate Tablets I.P. 625 mg,BRE-172,Jul-2025,Dec-2026,"Park Pharmaceuticals, Kalujhanda, Near Nanakpur Teh, Baddi, Distt.- Solan (HP)-174103",The sample does not conform to I.P. w.r.to the tests for Dissolution,"SDTL, Assam",portal,2026-03_all_nsq.json,4
2026-03,"state:SDTL, Assam",nsq,Rabeprazole Tablets IP 20 mg,TRA510,Mar-2025,Feb-2027,"Synmedic Laboratories, Sp-3-5,A And C, Riico Industrial Area Keshwana, Kotputli,Jaipur, Rajasthan-303108",The sample does not conform to I.P. w.r.to the tests for Dissolution,"SDTL, Assam",portal,2026-03_all_nsq.json,5
2026-03,state:Chhattisgarh,nsq,Cefixime & Ofloxacin IP,ETB- 062521,Jun-2025,May-2027,"Evertouch Bio Remedies, WHO GMP Certified Company Plot No. I 1/5 UPSIDC Kosi Kotwan, Mathura 281403",Misbrandad,Chhattisgarh,portal,2026-03_all_nsq.json,6
2026-03,state:Chhattisgarh,nsq,Aceclofenac and Paracetamol,T2478,Aug-2024,Jul-2027,Ceza Formulation Pvt Ltd 236 Sector-E Sanwer Road Indore (MP) India 452015,Misbrandad,Chhattisgarh,portal,2026-03_all_nsq.json,7
2026-03,"state:FDL, Vadodara",nsq,"Paracetamol, Phenyephrine hydrochloride, Chlorpheniramine Maleate, Sodium Citrate & Menthol Suspension",241175,Nov-2024,Oct-2026,"True Life Pharma PVt. Ltd., 18,19, Shyam Estate, Santej- Khatraj Raod,Santej, Ta.: Kalol, Dist.: Gandhinagar-382721.",Phenyephrine hydrochloride content,"FDL, Vadodara",portal,2026-03_all_nsq.json,8
2026-03,"state:FDL, Vadodara",nsq,"Levosalbutamol, Ambroxol & Guaiphenesin Syrup",L25071,Nov-2024,Oct-2026,"Tuttsan Pharma Pvt. Ltd., Plot No. 10, Block No. 58, At & Post :Khatraj, Ta.: Kalol, Dist. : Gandhinagar.",Guaiphenesin Content,"FDL, Vadodara",portal,2026-03_all_nsq.json,9
2026-03,"state:FDL, Vadodara",nsq,"Dextromethorphan hydrobromide, phenylephrine hydrochloride & Chlorpheniramine Maleate Syrup",L 24326,Nov-2024,Oct-2026,"KNM Pharma Pvt. Ltd., 13, Mahagujarat Industrial Estate, opp. Nova Petrochemicals Limnited., Moraiya, Ta.: Sanand, Dist.: Ahmedabad, Gujarat",Microbial Contamination (Total Aerobic Viable Count),"FDL, Vadodara",portal,2026-03_all_nsq.json,10
2026-03,"state:FDL, Vadodara",nsq,Enteric Coated Rabeprazole Sodium 20 mg & Domperidone Sustained Release 30 mg Capsules,404F004,Nov-2024,Oct-2026,"Inventia Healthcare Ltd., F1-F1/1, Additional Ambernath, MIDC, Ambernath (East), Dist.: Thane-421506.",Rabeprazole Sodium Content,"FDL, Vadodara",portal,2026-03_all_nsq.json,11
2026-03,"state:FDL, Vadodara",nsq,"Paracetamol, Phenyephrine hydrochloride & Chlorpheniramine Maleate Syrup",ML24224,Nov-2024,Oct-2026,"Maa Pharma Tech., Survey No. 915/2, Block Part-B, Jetalpur, Pirana road, At & Post: Girmatha Village, Ta.: Daskroi, Dist.: Ahmedabad-382425",Phenyephrine hydrochloride content,"FDL, Vadodara",portal,2026-03_all_nsq.json,12
2026-03,"state:DTL, Baddi",nsq,"Diclofenac Potassium, Paracetamol & Chlorzoxazone Tablets.",AT24-1055,Nov-2024,Oct-2026,"ASPO pharmaceuticals LLP. Plot no.-10, HIMUDA Industrial area phase-IV, Bhatoli kalan, Baddi, Distt.Solan.HP-173205, India.",Disintegration Test.,"DTL, Baddi",portal,2026-03_all_nsq.json,13
2026-03,"state:DTL, Baddi",nsq,Povidone-Iodine Solution,HEPO24007,Jul-2024,Jun-2026,"Health Biotech Ltd Sandoli, Nalagarh road, Baddi,DIstt-SOlan H.P 173205",Assay of available Iodine,"DTL, Baddi",portal,2026-03_all_nsq.json,14
2026-03,"state:DTL, Baddi",nsq,Clavocil-375,BT0124016C,Jan-2024,Jan-2026,"Alencure Biotech Pvt. Ltd. Village: Nagal, Suketi Road, P.O. Moginand, Kala Amb, Distt. Sirmour- 173030 HP India)",Failed,"DTL, Baddi",portal,2026-03_all_nsq.json,15
2026-03,"state:DTL, Konni",nsq,Ranitidine Hydrochloride Tablets IP 150mg,RDT24029,Jun-2024,May-2026,"Vivek Pharmachem (India) Limited, NH-8, Chimanpura, Amer, Jaipur-302 028",Description,"DTL, Konni",portal,2026-03_all_nsq.json,16
2026-03,"state:DTL, Thiruvananthapuram",nsq,Folic Acid Tablets IP 5mg,F65092,Aug-2025,Jul-2028,"Kerala State Drugs and Pharmaceuticals Ltd, Kalavoor.P.O, Alappuzha, Kerala-688522",Sample fails the test Dissolution as per IP,"DTL, Thiruvananthapuram",portal,2026-03_all_nsq.json,17
2026-03,"state:DTL, Thrissur",nsq,Diclofenac Sodium Tablets IP 50mg,DG5028,Feb-2025,Jan-2027,"Kerala State Drugs and Pharmaceuticals Ltd, Kalavoor.P.O, Alappuzha, Kerala-688522",Dissolution as per IP,"DTL, Thrissur",portal,2026-03_all_nsq.json,18
2026-03,"state:RDTL, Ernakulam",nsq,Paracetamol Tablets IP 500mg,PAK-634,Jan-2024,Dec-2026,"Healer's Lab, Unit-II, Plot No.33, HPSIDC, Extn.Baddi, Dist. Solan(HP)",Dissolution as per IP,"RDTL, Ernakulam",portal,2026-03_all_nsq.json,19
2026-03,"state:DTL, Thiruvananthapuram",nsq,Hydroxychloroquine Sulphate Tablets IP 200mg,T-2511405,Nov-2025,Oct-2027,"Rivpra Formulation Pvt.Ltd, Plot No.8, Sector 6A, IIE, Sidcul, Haridwar-249403.",Dissolution as per IP,"DTL, Thiruvananthapuram",portal,2026-03_all_nsq.json,20
2026-03,"state:DTL, Konni",nsq,Telmisartan Tablets IP 40mg,493TTF011,Aug-2025,Jul-2027,"Swiss Garnier Life Sciences, No.21-23, Industrial Area, Mehatpur, Distt. Una, Himachal Pradesh-174315, India",Dissolution as per IP,"DTL, Konni",portal,2026-03_all_nsq.json,21
2026-03,"state:RDTL, Ernakulam",nsq,Dicyclomine Tablets IP,THY25001AL,Jan-2025,Dec-2027,"Hindustan Laboratories Limited, Plot No.5-9, Survey No. 38/2, Aliyali, Palghar(W), Dist.Palghar-401404 (MS)",Description,"RDTL, Ernakulam",portal,2026-03_all_nsq.json,22
2026-03,"state:RDTL, Ernakulam",nsq,Serratiopeptidase Tablets IP,MT250227,Feb-2025,Jan-2027,"Mancare Laboratories Pvt.Ltd, Plot No.11, Pharmacity, Selaqui, Dehradun, Uttarakhand-248011",Disintegration,"RDTL, Ernakulam",portal,2026-03_all_nsq.json,23
2026-03,"state:DTL, Thiruvananthapuram",nsq,Thyroxine Sodium Tablets IP 150mcg,BER01ABA,Feb-2025,Jan-2027,"Malik Life Sciences Pvt.Ltd, Plot No. 16, Vardhman Indl. Estate, Vill. Bahadarpur Saini, NH 58, Haridwar-247667 (Uttarakhand)",Dissolution as per IP,"DTL, Thiruvananthapuram",portal,2026-03_all_nsq.json,24
2026-03,"state:DTL, Thrissur",nsq,Prochlorperazine Maleate Mouth Dissolving Tablets,NMD5T-020,Apr-2025,Mar-2027,"Iosis Remedies Pvt.Ltd, Rajpura Road, Village-Khera Nihla, Tehsil-Nalagarh, Distt;Solan, Himachal Pradesh-174101",Disintegration & Assay,"DTL, Thrissur",portal,2026-03_all_nsq.json,25
2026-03,"state:DTL, Thrissur",nsq,Cefixime & Ofloxacin Tablets,CT/25/277,Jul-2025,Jun-2027,"Ciphem Pharma, Plot No.30, Subhlakshmi Ind.Estate, Opp. Sanket Ind. Estate, At. Moraiya, Ta.Sanand, Ahmedabad-382213",Assay of Cefixime Anhydrous and Ofloxacin,"DTL, Thrissur",portal,2026-03_all_nsq.json,26
2026-03,"state:DTL, Thiruvananthapuram",nsq,Prednisolone Tablets IP 10mg,PHTC-02,Jan-2025,Dec-2026,"Nestor Pharmaceuticals Limited, 11, Western Extension Area, Faridabad-121001",Dissolution,"DTL, Thiruvananthapuram",portal,2026-03_all_nsq.json,27
2026-03,"state:DTL, Thiruvananthapuram",nsq,Allopurinol Tablets IP 100mg,425-2191,Oct-2025,Sep-2027,"Zee Laboratories Ltd, Behind 47, Industrial Area, Paontasahib-173025",Assay,"DTL, Thiruvananthapuram",portal,2026-03_all_nsq.json,28
2026-03,"state:DTL, Thiruvananthapuram",nsq,Sterile Water for Injection IP 10ml,BIB24228,Nov-2024,Oct-2027,"Bioiv Labs Pvt.Ltd, Hadbast-126, Ropar Road, Vill. Mussewal Teh. Nalagarh, Dist.Solan (H.P)-174 101",Sterility,"DTL, Thiruvananthapuram",portal,2026-03_all_nsq.json,29
2026-03,"state:FDAL, Mumbai",nsq,Anrex Cough Syrup Codeine Phosphate & Triprolidine HCI Syrup,AN-1629,Oct-2024,Sep-2026,"Pharma Chemico Laboratories. Deonghat , PO Saproon Solan, 173211 (HP)",The content fo triprolidine hydrochloride is less than the schedule V limit.,"FDAL, Mumbai",portal,2026-03_all_nsq.json,30
2026-03,"state:FDAL, Mumbai",nsq,Pregabalin & Methylcobalamin Capsule IP,25DC015A,Aug-2025,Jan-2027,"Mas Kashmik Formulation Pvt. Ltd. Pf-13, Opp. Procter & Gamble, Bol, Gidc-Ahmedabad Gujarat Sanand-382170",The content of Methylcobalmin,"FDAL, Mumbai",portal,2026-03_all_nsq.json,31
2026-03,"state:FDAL, Mumbai",nsq,"Ambroxol Hcl, Guaiphenesin, Levosalbutamol & Mentho",BL-S004,May-2025,Apr-2027,"BLBK Pharmaceutical Pvt. Ltd. F-108, UPSIDC Industrial Area, Selaqui, Dehradun (UK) -248011",The content of ethylene Glycol,"FDAL, Mumbai",portal,2026-03_all_nsq.json,32
2026-03,"state:SDT&RL, Bhubaneswar",nsq,Cefixime (Anhydrous),WCD24036A,May-2024,Apr-2026,"Welcure Remedies, Nahan Road, Vill.: Moginand, Distt.: Sirmour-173030 (H.P.)",Content of Cefixime and Description,"SDT&RL, Bhubaneswar",portal,2026-03_all_nsq.json,33
2026-03,"state:SDT&RL, Bhubaneswar",nsq,Metronidazole Tablets IP 400 mg,MET23027SL,May-2025,Apr-2027,"Shiva Biogenetic Laboratories Pvt. Ltd., Village: Manpura, Baddi, Dist.: Solan (H.P.)-174101",Dissolution,"SDT&RL, Bhubaneswar",portal,2026-03_all_nsq.json,34
2026-03,"state:SDT&RL, Bhubaneswar",nsq,Rabeprazole Sodium,TDT306B,Apr-2024,Mar-2026,"Amster Labs Unit-II, Hilltop, Ind. Estate, Vill.: Bhatauli Kalan, Baddi, Dist.: Solan (H.P.)",Dissolution,"SDT&RL, Bhubaneswar",portal,2026-03_all_nsq.json,35
2026-03,"state:SDT&RL, Bhubaneswar",nsq,Rabeprazole Gastro-resistant Tablets IP,TG24-14255,Jun-2024,May-2026,"Athens Life Sciences, Mauza: Rampur Jattan, Nahan Raod, Kala Amb. Distt.: Sirmour, H.P.-173030",Content of Rabeprazole Sodium,"SDT&RL, Bhubaneswar",portal,2026-03_all_nsq.json,36
2026-03,"state:SDTL, Punjab",nsq,Pregabalin & Methylcobalamin Capsules IP,PGC2508006C,Aug-2025,Jan-2027,"Asterisk Healthcare, V.P.O. Bathri, Tehsil Haroli, Distt. UNA (H.P)-174301",Dissolution,"SDTL, Punjab",portal,2026-03_all_nsq.json,37
2026-03,"state:SDTL, Punjab",nsq,Telmisartan And Amlodipine Tablets IP,HT25434,Jul-2025,Jun-2027,"HBC Healthcare Pvt. Ltd., Block/Survey No. 609, Paiki 002, Ambassan (Amipur), Nr Shankus Water Park, Ahmedabad-Mehsana-384435, Gujarat, INDIA.",Description,"SDTL, Punjab",portal,2026-03_all_nsq.json,38
2026-03,"state:SDTL, Punjab",nsq,Aceclofeanc & Paracetamol Tablets,T4276,Oct-2024,Sep-2027,"Titanes Pharm, Village Bathu, Tehsil Haroli, Distt. Una (H.P) 174507","The above Product is official in I.P, but is the same mention anywhere on the label","SDTL, Punjab",portal,2026-03_all_nsq.json,39
2026-03,"state:SDTL, Punjab",nsq,Magnesium Sulphate IP,7075,Nov-2025,Oct-2028,"Supreme Chemicals, Vill Chak Gujjran, P.O Piplanwala, Jalandhar Road, Hoshiarpur",LOSS ON DRYING,"SDTL, Punjab",portal,2026-03_all_nsq.json,40
2026-03,"state:SDTL, Punjab",nsq,Magnesium Sulphate IP,2220-Z,Nov-2025,Oct-2028,"Salix Pharmachem VPO Nasrala, Jalandhar Road, Distt-Hoshiarpur",LOSS ON DRYING,"SDTL, Punjab",portal,2026-03_all_nsq.json,41
2026-03,"state:SDTL, Punjab",nsq,Levocetirizine Dihydrochloride Tablets I.P,ATGI4259,Sep-2024,Aug-2026,"Actinova Pvt. Ltd. At 147 Mauza Sansiwala, PO Barotiwala, Tehsil Baddi Dist- Solan 174103 (H.P.)",Content of Levocetirizine Dihydrochloride,"SDTL, Punjab",portal,2026-03_all_nsq.json,42
2026-03,"state:DTL, Jaipur",nsq,"Amoxycillin, Potassium Clavulanate & Lactic Acid Bacillus Tablets",BHD250158G,Jun-2025,Nov-2026,"Bionial Healthcare Pvt. Ltd., Plot No. D-97, Industrial Area, Phase-7, S.A.S. Nagar, Mohali Panjab (160055)",Assay of Clavulanic Acid.,"DTL, Jaipur",portal,2026-03_all_nsq.json,43
2026-03,"state:DTL, Jaipur",nsq,Ondansetron Orally Disintegrating Tablets IP 8mg,TG24-0742,Apr-2024,Mar-2026,"Athens Life Sciences, Mauza: Rampur Jattan, Nahan Raod, Kala Amb. Distt.: Sirmour, H.P.-173030","Assay, Disintegration & Dissolution.","DTL, Jaipur",portal,2026-03_all_nsq.json,44
2026-03,"state:DTL, Jaipur",nsq,"Diclofenac Sodium, Paracetamol and Chlorzoxazone Tablets",ZACF 2505,Jul-2025,Jun-2027,"Akums Drugs & Pharmaceuticals Ltd., 19,20,21, Sector-6A, I.I.E., SIDCUL, Ranipur, Haridwar-249403, Uttarakhand.",Description,"DTL, Jaipur",portal,2026-03_all_nsq.json,45
2026-03,"state:DTL,Chennai",nsq,Telmisartan Tablets IP 40mg,GTM52,Feb-2025,Jan-2027,"Super Formulations Pvt. Ltd, 16-B & 15-F, Industrial Area, Maxi Road, Ujjain (MP)-456010",Dissolution,"DTL,Chennai",portal,2026-03_all_nsq.json,46
2026-03,"state:DTL,Chennai",nsq,Glimepiride Tablets IP 1mg,M25799018,Jun-2025,May-2027,"Dr.Miltons Laboratories Pvt.. Ltd.R.S.No.135/6, Sanyasikuppam Village, Thirubuvanai (Post), Mannadipet Commune, Puducherry-605107",Dissolution,"DTL,Chennai",portal,2026-03_all_nsq.json,47
2026-03,"state:DTL,Chennai",nsq,Povidone-Iodine Cleansing Solution USP 7.5% w/v,DIT24008,Sep-2024,Aug-2026,"Divtatv Wellness Pvt.Ltd, Plot No:55-56, Competent Industrial Park, Faridpur, Bareilly U.P., 243503",Content,"DTL,Chennai",portal,2026-03_all_nsq.json,48
2026-03,"state:DTL,Chennai",nsq,Povidone Iodine & Ornidazole Ointment,MOE-140C,Aug-2025,Jul-2027,"Mefro Organic Ltd., Plot No, 4, Phase-1, Indl.Area, Tahliwal, Teh.-Haroli, Distt.UNA (H.P), 174507",Content,"DTL,Chennai",portal,2026-03_all_nsq.json,49
2026-03,"state:DTL,Madurai",nsq,Atenolol & Amlodipine Tablets IP,EDT25111,Mar-2025,Feb-2027,"Exodrugs, Plot No.19, Industrial Area, Khadeen, Parwanoo, Distt. Solan (HP)-173220",Content,"DTL,Madurai",portal,2026-03_all_nsq.json,50
2026-03,"state:DTL,Madurai",nsq,"Acebrophylline, Terbutaline Sulphate & Guaiphenesin Syrup",S251069C,Jan-2025,Dec-2026,"Unispeed Pharmaceuticals Pvt. Ltd, 445/2, Behind Wrigley's, Vill. Katha, Baddi, Distt. Solan (HP)-173205",Content,"DTL,Madurai",portal,2026-03_all_nsq.json,51
2026-03,"state:DTL,Chennai",nsq,Vitamin B-Complex Tablets NFI (Prophylactic),GBC239,Jun-2025,Nov-2026,"Super formulations Pvt. Ltd., 16-B & 15-F, Industrial Area, Maxi Road, Ujjain (MP)-456010",Content,"DTL,Chennai",portal,2026-03_all_nsq.json,52
2026-03,"state:DTL,Chennai",nsq,Gamma Benzene Hexachloride Lotion USP,H-378,Jun-2025,May-2027,"Cotec Healthcare Pvt. Ltd, NH.No.74, Roorkee-Dehradun Highway, Kishanpur Roorkee, Uttarakhand 247667",Content,"DTL,Chennai",portal,2026-03_all_nsq.json,53
2026-03,"state:DTL,Madurai",nsq,Clotrimazole Vaginal gel 2% w/w,501,Feb-2025,Jul-2026,"CU-V-KAR Genetic Medicines Pvt. Ltd, 14, Pharmacity, Selaqui, Distt. Dehradun, Uttarakhand 248011",Content,"DTL,Madurai",portal,2026-03_all_nsq.json,54
2026-03,"state:DTL,Chennai",nsq,Telmisartan Tablets IP 40mg,STS-122,Jun-2025,May-2027,"Marc Lifesciences Sikkim, Khasara No.35, 36, 409, 410, Vill. Julanglay, Block L, Maneydara Namthang, Distt. Namchi, South Sikkim",Dissolution,"DTL,Chennai",portal,2026-03_all_nsq.json,55
2026-03,"state:DTL,Chennai",nsq,Azithromycin Tablets IP 250 mg,HAZT-2501,Aug-2025,Jul-2027,"Heal (India) Laboratories Pvt. Ltd, No.197/1, Periyapalayam Road, Manjankaranai- 601 102, Tamilnadu",Dissolution,"DTL,Chennai",portal,2026-03_all_nsq.json,56
2026-03,"state:DTL,Madurai",nsq,"Terbutaline Sulphate, Ambroxol Hydrochloride, Guaiphenesin and Menthol Syrup",KBS-106A,Sep-2025,Aug-2027,"Krebz Healthcare Pvt. Ltd. No.2/5, Kanniamman Nagar, 6th Street, Vanagaram, Chennai-600 095",Content,"DTL,Madurai",portal,2026-03_all_nsq.json,57
2026-03,"state:DTL,Madurai",nsq,Triprolidine Hydrochloride & Codeine Phosphate Syrup,TBHX0972,Feb-2025,Jan-2027,"Three B Healthcare Ltd., Opp. Dental College, Rampur Road, Paonta Sahib, Distt. Sirmour (HP) - 173025.",Content,"DTL,Madurai",portal,2026-03_all_nsq.json,58
2026-03,"state:DTL,Madurai",nsq,Betahistine hydrochloride tablets IP 8mg,TZOT-0158,May-2025,Apr-2027,"Tanmed pharma (I) Pvt. Ltd.,No.1/429, Multi Industrial Nagar, Gerugambakkam, Chennai - 600128.",Content,"DTL,Madurai",portal,2026-03_all_nsq.json,59
2026-03,"state:DTL,Madurai",nsq,Amlodipine Tablets IP 5mg,RT-250791,Jul-2025,Jun-2027,"Relif Biotech Pvt. Ltd.,Khasa no.72, Makhyali Dundi, Peerpura Road, Roorkee Bypass, Delhi road, Manglour, Roorkee-247656, Haridwar(U.K)",Content,"DTL,Madurai",portal,2026-03_all_nsq.json,60
2026-03,"state:King Institute of Preventive Medicine & Research, Guindy, Chennai-32",nsq,Oxytetracycline Dihydrate Injection IP (VET) 30ml,OLIJ25012,Jul-2025,Jun-2027,"Vivek Pharmaceuticals Pvt. Ltd. , EPIP, Bari Brahmana, Jammu-181133, (J&K), India.",BET,"King Institute of Preventive Medicine & Research, Guindy, Chennai-32",portal,2026-03_all_nsq.json,61
2026-03,"state:DTL,Madurai",nsq,Permethrin Soap 5% w/w,1003,Sep-2025,Aug-2027,"Emc, Esdab Medicare Pvt. Ltd., Plot No.D3&D4, Block-A, SIPCOT Industrial Complex, Pallapatti Village, Nilakottai (TK), Dindigul (Dt.), Tamilnadu-624601",Content,"DTL,Madurai",portal,2026-03_all_nsq.json,62
2026-03,"state:King Institute of Preventive Medicine & Research, Guindy, Chennai-32",nsq,Piperacillin & Tazobactam Inj I.P-4.5gm,NTB42503,Sep-2025,Aug-2027,"Nitin Lifesciences Ltd, 92-93, Sector 3, H.S.I.I.D.C Industrial Area, Karnal-132001(Haryana)",Assay,"King Institute of Preventive Medicine & Research, Guindy, Chennai-32",portal,2026-03_all_nsq.json,63
2026-03,"state:DTL,Chennai",nsq,"Boric Acid, Benzoic Acid, Salicylic Acid, Zinc Oxide & Sulphur Ointment",A33,Jul-2025,Jun-2027,"RSK Pharmacy, 192, HSIIDC, Food Park, Saha, 133104",Content,"DTL,Chennai",portal,2026-03_all_nsq.json,64
2026-03,"state:DCL,Telangana",nsq,Hydroxychloroquine Sulphate Tablets IP 200 mg,A042502F,Jun-2025,May-2027,"Lifecare Formulations Pvt. Ltd Plot No. B-66, 7th Cross, PIPDIC Industrial Estate, Mettupalayam, Puducherry-605 009 PUDUCHERRY",Dissolution test does not comply as per IP 2022.,"DCL,Telangana",portal,2026-03_all_nsq.json,65
2026-03,"state:DCL,Telangana",nsq,"Amoxycillin, Potassium Clavulanate & Lactic Acid Bacillus Oral Suspension",JMD-250326D,Mar-2025,Aug-2026,"JMM Formulation Pvt. Ltd Village Khari, Mouza-Ogli, Suketi Road, Kala Amb Tehsil, Nahan, Distt.: Sirmour, HP ? 173 030 HIMACHAL PRADESH",The Samples does not comply Assay of Clavulanic Acid.,"DCL,Telangana",portal,2026-03_all_nsq.json,66
2026-03,state:Gujarat,nsq,Infusion Set- Nonvented,GIV-053,Nov-2024,Oct-2026,"Apex Medical Devices., Plot No. 10/B, Shyam Ujjawal Ind., Opp. State Bank of India, Phase-1, GIDC, Vatva, Ahmedabad-382445.",Bacterial Endotoxins,Gujarat,portal,2026-03_all_nsq.json,67
2026-03,central,nsq,Absorbent Gauze,705,Sep-2025,Aug-2030,"Pearsons Healthcare Products,5-A, Muraripuram, Behind Amarpali Cinema, Meerut-2","The sample does not conform to B.P. with respect to threads per stated length, weight per unit area, absorbency, water soluble substances, starch and dextrins, fluorescence and sulphated ash.","CDL, Kolkata",portal,2026-03_all_nsq.json,68
2026-03,"state:DCL,Telangana",nsq,ABSORBENT COTTON WOOL (IP),722,Sep-2025,Aug-2028,"NH Healthcare 16-E-2, APIIC, Kattedan, Rajendranagar, RR Dist. ? 500077. Telangana",Description and Neps parameters,"DCL,Telangana",portal,2026-03_all_nsq.json,69
2026-03,central,nsq,Disposable Electrosurgical Control Pencil,CPAP/1124,Nov-2024,Oct-2027,"Amkay Products Ltd. ,Amkay House, 27, Acchad Industrial Estate, Village Acchad 401606 Tal- Talasari - Palghar, Maharashtra",The sample does not conform to claim as per Patent and Proprietary in respect to the Test of Length of cable,"RDTL, Chandigarh",portal,2026-03_all_nsq.json,70
2026-03,"state:FDAL, Mumbai",nsq,Anchor White Toothpaste,B343,Mar-2025,Mar-2028,"Khasra No. 58-60, 62-65, Village Padarth Haridwar, Uttarakhand-249404",Microbial Count,"FDAL, Mumbai",portal,2026-03_all_nsq.json,71
2026-03,"state:FDL, Vadodara",nsq,Activated Teeth Whitening Powder with Charcoal,DC5092,Nov-2024,Oct-2026,"Dentiglow, Surat-395006",Total Microbial Count & Total Yeast and Mould Count,"FDL, Vadodara",portal,2026-03_all_nsq.json,72
2026-03,"state:FDL, Vadodara",nsq,ALPC Wellness Rosemary Water for thick Hair,AR5112,Nov-2024,Oct-2026,"ALPC, Surat",Total Microbial Count,"FDL, Vadodara",portal,2026-03_all_nsq.json,73
2026-03,central,nsq,Mehandi Cone,PMC-1744,Dec-2025,Nov-2026,"Pushp Henna Pvt. Ltd.,Regd. Office: Nr.nKushal Krishi Farm, Sojat Road Marg, Sojat City - 306104, (Raj.) India",The sample does not conform to claim as per IS 17318:2020 in respect to the Test of Total viable count.,"RDTL, Chandigarh",portal,2026-03_all_nsq.json,74
2026-03,central,nsq,Mehandi Cone,Not mentioned,Nov-2025,Apr-2026,"Gopal Krishna And Company,Khasra No. 4286/21, Plot No. 12, 13, 28, 29, Bera Lakhetiya, Mela Chowk Road, Near Shree Siray Cinema, Sojat City, Distt. Pali 306104, Rajasthan",The sample does not conform to claim as per IS 17318:2020 in respect to the Test of Total viable count,"RDTL, Chandigarh",portal,2026-03_all_nsq.json,75
2026-03,central,nsq,Mehendi Cone,K06N,Nov-2025,Oct-2026,"Yutika Natural Pvt. Ltd.,Plot No. 1, Khasra No. 678/2, Siriyari Road, Village Vopari, Tehsil Marwar Junction, Dist Pali, Rajasthan-306023",The sample does not conform to claim as per IS 17318:2020 in respect to the Test of Total viable count.,"RDTL, Chandigarh",portal,2026-03_all_nsq.json,76
2026-03,"state:DTL,Chennai",nsq,Ketoconazole Medicated Soap 75 g,9221,Oct-2025,Sep-2027,"Vimson Derma, 816/3, Kothari Estate, Santej-382 721 (Gujarat)",Content,"DTL,Chennai",portal,2026-03_all_nsq.json,77
2026-03,central,nsq,Mehandi Fast Cone,1225JH,Dec-2025,Jun-2026,"Sankhla Mehandi Udhyog,H-115, G-116(A) Industrial Area, 3rd Phase, Sojat City - 306104 (Raj.)",The sample does not conform to claim as per IS 17318:2020 in respect to the Test of Total viable count,"RDTL, Chandigarh",portal,2026-03_all_nsq.json,78
2026-03,"state:DTL, Punjab",nsq,Baidyanath Kamin Vidravan Ras,KVR001,Dec-2023,Nov-2028,"Yuvnam Pvt. Ltd. Formaly Known as Prannjivani Healthcare Pvt Ltd, plot no 72/8, Karamtoli, gutuwa,Ranchi",In respect of Tablet disintegration time,"DTL, Punjab",portal,2026-03_all_nsq.json,79
2026-03,"state:DTL, Bengaluru, Karnataka",nsq,Metformin Hydrochloride (SR) Tablets IP 1000MG),JDT-8355,Sep-2024,Aug-2026,"Jpee Drugs, Plot No.53, Sector 6-A, SIDCUL, Haridwar (Uttarkhand)",Description only,"DTL, Bengaluru, Karnataka",portal,2026-03_all_nsq.json,80
2026-03,"state:DTL, Bengaluru, Karnataka",nsq,"Nimesulide, Paracetamol and Chloroxazone Tablets)",GST30990,Jun-2023,May-2026,"HSN International, Plot No. 54-55, Sector-6A, Sidcul, Haridwar (Uttarkhand)-249403",Test for Disintegration only,"DTL, Bengaluru, Karnataka",portal,2026-03_all_nsq.json,81
2026-03,"state:DTL, Bengaluru, Karnataka",nsq,Cefpodoxime Proxetil Dispersible Tablets,T250218E,May-2025,Apr-2027,"Polestar Power Industrial, (WHO-GMP Certified Company) (Pharma Division) Vill. Damuwala, Haripur Road, Barotiwala, Baddi, Distt. Solan (HP)-174103",Test for Uniformity of Dispersion,"DTL, Bengaluru, Karnataka",portal,2026-03_all_nsq.json,82
2026-03,"state:RDTL, Bellary, Karnataka",nsq,Nimesulide & Paracetamol Tablets,T3604,Nov-2024,Oct-2027,"Leben Laboratories Pvt. Ltd., Plot No.L-4 & L-15 Phase-III, M.I.D.C. Akola-444104, (M.S) India",Test for Disintegration,"RDTL, Bellary, Karnataka",portal,2026-03_all_nsq.json,83
2026-03,"state:RDTL, Hubli, Karnataka",nsq,Flupirtine Maleate & Paracetamol Tablets,LGT-250659B,Jul-2025,Jun-2027,"Live Well Healthcare Plot No.80A-1, EPIP, Phase-1, Jharmajri Baddi, Distt.Solan-173205 (H.P)",Assay of Paracetamol only,"RDTL, Hubli, Karnataka",portal,2026-03_all_nsq.json,84
2026-03,"state:RDTL, Hubli, Karnataka",nsq,(Telmisartan & Amlodipine Tablets),TG24K067A,Nov-2024,Oct-2026,"Systole Remedies Pvt. Ltd., (A GMP-GLP Certified Company) Vill. Ogli, Kala Amb, The. Nahan, Dist. Sirmour (H.P)-173030",Assay of Amlodipine and test for Dissolution of Amlodipine & Telmisartan only,"RDTL, Hubli, Karnataka",portal,2026-03_all_nsq.json,85
2026-03,"state:RDTL, Bellary, Karnataka",nsq,Aceclofenac & Paracetamol Tablets,AP25002,May-2025,Apr-2027,"Novazing Pharma Pvt. Ltd., 153 New-2, Industrial Area, Mandideep-462046",Assay for Aceclofenac & Paracetamol,"RDTL, Bellary, Karnataka",portal,2026-03_all_nsq.json,86
2026-03,"state:RDTL, Bellary, Karnataka",nsq,(Amlodipine Tablets IP),AMAS0249,Feb-2025,Jan-2028,"Micro labs Limited, Mamring, Namthang Road, Namchi-737132, Sikkim",Assay for Amlodipine,"RDTL, Bellary, Karnataka",portal,2026-03_all_nsq.json,87
2026-03,"state:RDTL, Bellary, Karnataka",nsq,Pantoprazole Gastro-Resistant Tablets IP 40 mg,WT/25/332,Jul-2025,Jun-2027,"Wellmed Pharma, Plot No. 9A, Industrial area, Phase(3), Tahliwal, Dist. UNA, H.P-174301",Test for Dissolution,"RDTL, Bellary, Karnataka",portal,2026-03_all_nsq.json,88
2026-03,"state:RDTL, Bellary, Karnataka",nsq,(Pantoprazole Gastro-Resistant Tablets IP 40 mg),AGT40814,Aug-2024,Jul-2026,"Alventa Pharma Limited, Vill: Kishanpura, Baddi-Nalagarh Road,-Tehsil Baddi, Distt Solan (H.P)-174101",Description,"RDTL, Bellary, Karnataka",portal,2026-03_all_nsq.json,89
2026-03,"state:DTL, Bengaluru, Karnataka",nsq,Liquid Paraffin and Milk of Magnesia Suspension,24003AC-SB,Dec-2024,Nov-2026,"Shiva Biogenetic Pharmaceuticals (P) Ltd., Village-Manpura, Baddi, Dist Solan, H.P-174101 India",Assay for Milk Magnesia,"DTL, Bengaluru, Karnataka",portal,2026-03_all_nsq.json,90
2026-03,"state:DTL, Bengaluru, Karnataka",nsq,"Paracetamol, Levocetirizine Hydrochloride & Phenyleprine Hydrochloride Tablets",AMT-0309,Apr-2024,Mar-2026,"Avalon Medicines Pvt. Ltd., Plot No.1271, Phase I, Sector 38, HSIIDC, RAI, Sonepat-131029 (HR)",Description,"DTL, Bengaluru, Karnataka",portal,2026-03_all_nsq.json,91
2026-03,"state:DTL, Bengaluru, Karnataka",nsq,"(Ambroxol Hydrochloride, Levosalbutamol Sulphate & Guaiphenesin Syrup)",PL-08/184,Aug-2025,Jul-2027,"Progressive LifeSciences Pvt, Ltd., (An ISO 9001:2015, GMP & GLP Certified Company) Latherdevahoon, P.O. Jhabrera, Roorkee, Distt. Haridwar 247665 (U.K)",Description,"DTL, Bengaluru, Karnataka",portal,2026-03_all_nsq.json,92
2026-03,"state:DTL, Bengaluru, Karnataka",nsq,"Ambroxol Hydrochloride, Guaiphenesin, Terbutaline Sulphate & Menthol Syrup",2510057,Oct-2025,Sep-2027,"Blazed Pharmaceuticals Pvt. Ltd.,No.3, Balajinagara, Thigalarapalya Main Road, Peenya 2nd Stage, Bengaluru-560058",Description,"DTL, Bengaluru, Karnataka",portal,2026-03_all_nsq.json,93
2026-03,"state:DTL, Bengaluru, Karnataka",nsq,Amoxycillin & Potassium Clavulanate Tablets IP,JMT-251014C,Oct-2025,Mar-2027,"JMM Formulation Pvt. Ltd., Village: Khari, Mouza-Ogli, Suketi Road, Kala amb Tehsil: Nahan, DSistt.: Sirmour, (H.P) 173030 India",Description,"DTL, Bengaluru, Karnataka",portal,2026-03_all_nsq.json,94
2026-03,"state:DTL, Bengaluru, Karnataka",nsq,"Cefixime, Ofloxacin & (Lactic Acid Bacillus) Tablets",MBT-24239,Dec-2024,Nov-2026,"Mayoford Pharma, Near Railway Crossing, Chambaghat Solan, Distt. Solan (H.P) 173213",Test for Uniformity of Weight,"DTL, Bengaluru, Karnataka",portal,2026-03_all_nsq.json,95
2026-03,"state:DTL, Bengaluru, Karnataka",nsq,"(Paracetamol, Chlorpheniramine Maleate & Phenylephrine Hydrochloride Tablets)",GT27292C,Aug-2025,Jul-2027,"J.M. Laboratories., Village-Bhanat, P.O.-Ghatti, Subathu Road, Solan, (H.P)-173211",Description,"DTL, Bengaluru, Karnataka",portal,2026-03_all_nsq.json,96
2026-03,"state:RDTL, Bellary, Karnataka",nsq,(Fexofenadine Hydrochloride & Montelukast Sodium Tablets),GB25051,Aug-2025,Jan-2028,"Devbhoomi Pharmaceuticals, Khasra No.27, Mandwar, Bhagawanpur Roorkee, Distt. Haridwar (U.K)",Assay for Montelukast only,"RDTL, Bellary, Karnataka",portal,2026-03_all_nsq.json,97
2026-03,"state:RDTL, Bellary, Karnataka",nsq,Progesterone Soft Gelatin Capsules 200mg,P24K007,Nov-2024,Oct-2026,"Olive Healthcare, 197/2, Athiyawad, Dabhel Village, Nani Daman (U.T) Daman-396210 India",Description,"RDTL, Bellary, Karnataka",portal,2026-03_all_nsq.json,98
2026-03,"state:RDTL, Bellary, Karnataka",nsq,"Methylcobalamin, Pyridoxine HCL & Folic Acid Tablets",J-505,Sep-2025,Feb-2027,"Manish Pharma Lab., 5, G.I.D.C., Viramgam-382150 (Gujarat)",Description & Assay for Pyridoxine Hydrochloride,"RDTL, Bellary, Karnataka",portal,2026-03_all_nsq.json,99
2026-03,"state:RDTL, Bellary, Karnataka",nsq,Aspirin Gastro-Resistant Tablets IP 150 mg,ASB07J24,Oct-2024,Sep-2026,"Bajaj Healthcare Ltd., R.S. No.1818, Manjusar-Savli Road, At & Post: Manjusar, Tal. Savli, Dist. Vadodara, Gujarat, India",Test for Dissolution,"RDTL, Bellary, Karnataka",portal,2026-03_all_nsq.json,100
2026-03,"state:RDTL, Bellary, Karnataka",nsq,"Aceclofenac, Paracetamol & Chlorzoxazone Tablets",ST243397,Mar-2025,Feb-2027,"Star Filteration Systems, Rampur Jattan, Trilokpur Road, Kala-Amb, Tehsil Nahan, District Sirmaur-173030 HP",Description,"RDTL, Bellary, Karnataka",portal,2026-03_all_nsq.json,101
2026-03,"state:DTL, Bengaluru, Karnataka",nsq,"Ambroxol Hydrochloride, Guaiphenesin & Terbutaline Sulphate Syrup",L-2508006,Aug-2025,Jul-2027,"Rivpra Formulation Pvt. Ltd., Plot No.8, Sector-6A, I.I.E, SIDCUL Haridwar-249403 (U.K)",Description,"DTL, Bengaluru, Karnataka",portal,2026-03_all_nsq.json,102
2026-03,"state:DTL, Bengaluru, Karnataka",nsq,"Aceclofenac, Paracetamol & Chlorzoxazone Tablets",DT-306A,Sep-2025,Aug-2027,"Magnus Biotech Pvt. Ltd., Mugal Mazra Road, Vill Kunjpura, P.O Bada Gaon, Dist. Karnal-132023 (HR)",Description,"DTL, Bengaluru, Karnataka",portal,2026-03_all_nsq.json,103
2026-03,"state:DTL, Bengaluru, Karnataka",nsq,Amoxycillin & Potassium Clavulanate & Lactic Acid Bacillus Tablets,MYRTAB-799,Dec-2024,May-2026,"Mayer Lab, Chambaghat, Adjacent to Railway Crossing District, Solan (H.P) 173213",Description & Assay for Clavulanic Acid,"DTL, Bengaluru, Karnataka",portal,2026-03_all_nsq.json,104
2026-03,"state:RDTL, Hubli, Karnataka",nsq,Spoorthi Gramflour Soap,02,Oct-2024,Sep-2027,"Spoorthi Herbals No.:299, SH1 Kalakupi, Airport Road, Belagavi, Karnataka-591121",Test for Matter Insoluble in Alcohol only,"RDTL, Hubli, Karnataka",portal,2026-03_all_nsq.json,105
2026-03,"state:RDTL, Bellary, Karnataka",nsq,Aceclofenac & Paracetamol Tablets IP,HPP25002,Jul-2025,Jun-2027,"Danish Health Care (P) Ltd., 76/27-28, Industrial Estate, Maxi Road, Ujjain-456010 India",Test for Uniformity of weight,"RDTL, Bellary, Karnataka",portal,2026-03_all_nsq.json,106
2026-03,"state:RDTL, Bellary, Karnataka",nsq,Ibuprofen and Paracetamol Suspension,SP25623,Apr-2025,Mar-2027,"Shape Pharma Pvt. Ltd., Pl.No.4, Surendranagar-Rajkot Highway Road, Shekhpar-363510 Gujarat, India",Assay for Ibuprofen and Paracetamol,"RDTL, Bellary, Karnataka",portal,2026-03_all_nsq.json,107
2026-03,"state:RDTL, Hubli, Karnataka",nsq,"L-Methyl Folate, Pyridoxal-5 Phosphate & Methylcobalamin Tablets",HT-24011133,Nov-2024,Oct-2026,"Helax Health Care Private Limited, Khasra No.410, Vill Karondi, Roorkee-247667 Dist. Haridwar (U.K)",Test for Uniformity of Weight,"RDTL, Hubli, Karnataka",portal,2026-03_all_nsq.json,108
2026-03,"state:RDTL, Bellary, Karnataka",nsq,Iron & Folic Acid Syrup IP,740525-BKN20,May-2025,Apr-2027,"Biogenetic Drugs Pvt. Ltd.,Vill. Jharmazri, Baddi-174103, Dist. Solan, H.P.,",Description,"RDTL, Bellary, Karnataka",portal,2026-03_all_nsq.json,109
2026-03,"state:DTL, Bengaluru, Karnataka",nsq,Phenylephrine Hydrochloride & Chlorpheniramine Maleate Syrup IP,SP25267,Mar-2025,Feb-2027,"Seejar Pharmaceuticals, Plot No.5, Survey No. 198, Paiki-1/Paiki-2/Paiki-1, B/H CCL Factory, NR. Gokuldham Godown, Budasan, Ta. Kadi Dist. Mehsana",Test for pH,"DTL, Bengaluru, Karnataka",portal,2026-03_all_nsq.json,110
2026-03,"state:DTL, Bengaluru, Karnataka",nsq,Amitriptyline Tablets IP 25mg,VSPT2545,Sep-2025,Aug-2027,"Vertex Pharma Chemicals, Plot No.60-A & 61-A, PIPDIC Electronic Park, Thirubhuvanai, Puducherry",Description,"DTL, Bengaluru, Karnataka",portal,2026-03_all_nsq.json,111
2026-03,"state:DTL, Bengaluru, Karnataka",nsq,"Pregabalin, L-Methyl folate Calcium, Pyridoxal 5 Phosphate, Alpha lipoic acid & Methylcobalamin Tablets",MT-250016,Jan-2025,Dec-2026,"Matins Healthcare Pvt. Ltd., (A WHO-GMP Certified Company) Plot No.10, Sector-5, I.I.E Sidcul Haridwar-249403 (UK)",Test for Disintegration,"DTL, Bengaluru, Karnataka",portal,2026-03_all_nsq.json,112
2026-03,"state:DTL, Bengaluru, Karnataka",nsq,Pioglitazone Hydrochloride Tablets IP,GT27476A,Aug-2025,Jul-2027,"J.M. Laboratories., Village-Bhanat, P.O-Ghatti, Subathu Road, Solan (H.P)-173211",Test for Dissolution,"DTL, Bengaluru, Karnataka",portal,2026-03_all_nsq.json,113
2026-03,"state:DTL, Bengaluru, Karnataka",nsq,Levosalbutamol Sulphate Ambroxol Hydrochloride and Guaiphenesin Expectorant,18251296A,Mar-2025,Feb-2027,"Macleods Pharmaceuticals Ltd., Khasra No. 21, 22, 66, 67 & 68, Aho-Yangtam Namchepung, PO: Ranipool Sikkim-737135",Description,"DTL, Bengaluru, Karnataka",portal,2026-03_all_nsq.json,114
2026-03,"state:DTL, Bengaluru, Karnataka",nsq,Enrofloxacin Injection IP 10% (Vet),ENIJ25008,Oct-2025,Sep-2027,"Vivek Pharmaceuticals Pvt. Ltd, EPIP, Bari- Brahmana, Jammu-181133 (J&K)",Test for Paracetamol matter,"DTL, Bengaluru, Karnataka",portal,2026-03_all_nsq.json,115
2026-03,"state:DTL, Bengaluru, Karnataka",nsq,Hydroxyzine Hydrochloride Sustained Release Tablets,GT0825146,Aug-2025,Jul-2027,"Galcare Pharmaceuticals Pvt. Ltd., Plot No. 217 & 218, Manglam Industrial Park, Manoharpur and Kalyanpura, Delhi Road, Jaipur, Rajasthan",Description,"DTL, Bengaluru, Karnataka",portal,2026-03_all_nsq.json,116
2026-03,"state:DTL, Bengaluru, Karnataka",nsq,"Ambroxol Hydrochloride, Terbutaline Sulphate, Guaiphenesin & Menthol Syrup",SP25812,Aug-2025,Jul-2027,"Seejar Pharmaceuticals, Plot No.5, Survey No.198, Paiki-1/Paiki-2/Paiki-1, B/H CCL Factory, NR. Gokuldham Godown, Budasan, TA. Kadi Dist. Mehsana","Assay for Ambroxol Hydrochloride, Guaiphenesin and Terbutaline Sulphate","DTL, Bengaluru, Karnataka",portal,2026-03_all_nsq.json,117
2026-03,state:DTL Thiruvananthapuram,nsq,Etoposide Injection IP 100MG/5 ML,BJ1025006A,Jul-2025,Jun-2027,"GLS Pharma Limited, Plot No.10, Phase I, IDA, Jeedimetla, Hyderabad 500055, Telengana State",The sample fails the test 'Sterility' as per IP,DTL Thiruvananthapuram,portal,2026-03_all_nsq.json,118
2026-03,state:DTL Thiruvananthapuram,nsq,Cefixime Oral Suspension 100 mg/5ml Dry Syrup 30 ml,CADB-07,Sep-2024,Aug-2026,"Nestor Pharmaceuticals Limited, 11, Western Extension Area, Faridabad -121 001","The Sample fails the test 'Description, water and Assay as per IP",DTL Thiruvananthapuram,portal,2026-03_all_nsq.json,119
2026-03,state:DTL Thiruvananthapuram,nsq,Risperidone Tablets IP 4mg,HTN172G,Jul-2025,Jun-2027,"Himalaya Meditek Pvt Ltd., Plot No.35&36, Pharmacity, Selaqui Industrial Area, Dehradun - 248197",The sample fails the test 'Dissolution' as per IP,DTL Thiruvananthapuram,portal,2026-03_all_nsq.json,120
2026-03,state:DTL Thrissur,nsq,Telmisartan Tablets IP 40mg,493TTF019,Aug-2025,Jul-2027,"Swiss Garnier Life Sciences, No.21-23, Industrial Area, Mehatpur, Distt. UNA, Himachal Pradesh -174315",The sample fails the test 'Dissolution' as per IP,DTL Thrissur,portal,2026-03_all_nsq.json,121
2026-03,"state:SDT&RL, Bhubaneswar",nsq,Amisulpride Tablets IP 50 mg,T-2406091,Jun-2024,May-2026,"MBC Industries, (WHO-GMP Pharma Manufacturing Unit), Vill: Johron, Trilokpur Road, Kala Amb, Dist.: Sirmour (H.P.)-173030",Dissolution test,"SDT&RL, Bhubaneswar",portal,2026-03_all_nsq.json,122
2026-03,"state:SDT&RL, Bhubaneswar",nsq,Paracetamol Tablets IP 650 mg,DRT23139,Nov-2023,Oct-2026,"Eastern Healthcare, Plot No. 7, Sector-6A, IIE, SIIDCUL, Haridwar-249403 (Uttarakhand)",Dissolution test,"SDT&RL, Bhubaneswar",portal,2026-03_all_nsq.json,123
2026-03,state:DTL Thiruvananthapuram,nsq,Absorbent Cotton wool IP,L2401173,Dec-2024,Nov-2029,"Nuvo Medsurg Pvt. Ltd, 104. sector-16, HSIIDC, Bahaduragarh, Haryana, 124507 , India","Sample fails the test 'Descriptive Part, Surface Active substances, Absorbency, Ether soluble substances, Water soluble substances, Neps, Sulphated Ash and Loss on Drying' as per IP",DTL Thiruvananthapuram,portal,2026-03_all_nsq.json,124
2026-03,state:DTL Thiruvananthapuram,nsq,Nuvo Absorbent Cotton Wool IP,C2501158,Mar-2025,Feb-2030,"Nuvo Medsurg Pvt. Ltd, 104. sector-16, HSIIDC, Bahaduragarh, Haryana, 124507 , India","Sample fails the test 'Descriptive Part, Surface Active substances, Absorbency, Ether soluble substances, Water soluble substances, Neps, Sulphated Ash and Loss on Drying' as per IP",DTL Thiruvananthapuram,portal,2026-03_all_nsq.json,125
2026-03,"state:DTL, Bengaluru, Karnataka",nsq,SURGICAL SPIRIT I.P,250704,Jul-2025,Jun-2027,"Pharmacare,No.76, Khata No.1253/76, KachohallI Village,Dasanapura Hobli, Bengaluru-562162",Test for Weight per ml,"DTL, Bengaluru, Karnataka",portal,2026-03_all_nsq.json,126
2026-03,"state:DTL, Bengaluru, Karnataka",nsq,Rice water and NIACINAMIDE hybrid sunscreen,GF25,Mar-2025,Feb-2027,"Sprivil Healthcare Pvt. Ltd. L-1/4, Addl MIDC, Satara 415004",Test for Total Fatty Substance Content,"DTL, Bengaluru, Karnataka",portal,2026-03_all_nsq.json,127
2026-03,"state:RDTL, Bellary, Karnataka",nsq,Ketoconazole Soap 2% w/w),ADE25561,May-2025,Apr-2027,"Astonea Labs Pvt. Ltd., Vill. Haripur, Teh. Raipur Rani, Distt. Panchkula, Haryana, India-134204",Assay ketoconazole,"RDTL, Bellary, Karnataka",portal,2026-03_all_nsq.json,128
2026-03,central,nsq,Paracetamol Tablets IP 650mg,GMW0825055AK,Oct-2025,Sep-2028,"Ipca Laboratories Ltd.,C-6, Sara Ind. Estate , Chakrata Road, Rampur, Dehradun 248197",The sample received does not conform to I.P. 2022 with respect to the test for Dissolution,"CDTL, Mumbai",portal,2026-03_all_nsq.json,129
2026-03,central,nsq,"Choline Salicylate, Lignocaine HCL, Benzalkonium Chloride GEL",AXO-267,Oct-2025,Sep-2027,"Axelus Pharma Private Limited,Plot No. 3401/A, G.I.D.C., Panoli, Dist.-Bharuch",The sample doe not conform to the Manufacturer's specification with respect to the Assay of Choline Salicylate.,"CDTL, Mumbai",portal,2026-03_all_nsq.json,130
2026-03,central,nsq,Vitamin E Capsules USP 400mg,113VR2511,Jun-2025,May-2027,"Renown Pharmaceuticals Pvt. Ltd.,Survey No. 143/A & B, Village: Ranu, Taluka: Padra, Dist- Vadodara-391445, (Gujarat), India",The sample received does not conform to USP specification with respect to the test for Disintegration only,"CDTL, Hyderabad",portal,2026-03_all_nsq.json,131
2026-03,"state:SDTL, Assam",nsq,Ondansetron Orally Disintegrating Tablets IP 4 mg,OSD-2501,Nov-2025,Oct-2027,"Apple Formulations Pvt. Ltd. Plot No. 208, Kishanpur, Roorkee, UK-247667",The sample does not conform to I.P.w.r.t. the tests for Assay,"SDTL, Assam",portal,2026-03_all_nsq.json,132
2026-03,state:Chhattisgarh,nsq,CALCID,ALGE4061,May-2024,Apr-2026,"Actinova Pvt. Ltd. At 147 Mauza Sansiwala, PO Barotiwala, Tehsil Baddi Dist- Solan 174103 (H.P.)",Description,Chhattisgarh,portal,2026-03_all_nsq.json,133
2026-03,state:Chhattisgarh,nsq,Luliconazole Cream 1 % Lulizu,TCE108B,May-2024,Apr-2026,"Natinal Laboratories (Unit-II) Village & P.S. Manpura Baddi Nalagarh Road, Distt Solan (H.P.)",Misbrandad,Chhattisgarh,portal,2026-03_all_nsq.json,134
2026-03,"state:FDL, Vadodara",nsq,"Dextromethorphan hydrobromide, phenylephrine hydrochloride & Chlorpheniramine Maleate Syrup",L 24371,Nov-2024,Oct-2026,"KNM Pharma Pvt. Ltd., 13, Mahagujarat Industrial Estate, opp. Nova Petrochemicals Limnited., Moraiya, Ta.: Sanand, Dist.: Ahmedabad, Gujarat",Microbial Contamination (Total Aerobic Viable Count),"FDL, Vadodara",portal,2026-03_all_nsq.json,135
2026-03,"state:FDL, Vadodara",nsq,Nifedipine Sustained Released Tablet IP,NR019,Nov-2024,Oct-2026,"Nabros Pharma Pvt. Ltd., NH No. 8, Kheda-387411",Dissolution,"FDL, Vadodara",portal,2026-03_all_nsq.json,136
2026-03,"state:DTL, Baddi",nsq,Amoxycillin and Potassium Clavilanate Oral Suspension IP,TDS532,Sep-2025,Aug-2027,"Titanes Pharma, Vill Bathu, Tehsil Haroli, Distt Una HP 174509",Assay of Amoxycillin and Pottassium Clavuanate,"DTL, Baddi",portal,2026-03_all_nsq.json,137
2026-03,"state:DTL, Baddi",nsq,Paracetamol Tablets IP 500mg,279-YPM,Oct-2024,Sep-2026,"York's Pharma 21st Mile Stone, FGC Road, Amritsar PB",Dissolution of Paracetamol.,"DTL, Baddi",portal,2026-03_all_nsq.json,138
2026-03,"state:SDTL, Tripura",nsq,Amoxycillin and Potassium Clavulanate Tablets IP,BYC0037,Jul-2025,Dec-2026,"Sun Pharmaceuticals Ind. Ltd., Acme Plaza, Andheri ? Kurla Road, Andheri (E) , Mumbai ? 400059. At: Plot no. 16, Vardhman Industrial Estate, Vill. Bahadurpur Saini, NH-58, Haridwar (Uttarakhand) ? 247667.",Dissolution of Amoxycillin performed.,"SDTL, Tripura",portal,2026-03_all_nsq.json,139
2026-03,"state:SDTL, Tripura",nsq,Ondansetron Hydrochloride Oral Solution IP,ODS3602,Jan-2026,Dec-2027,"Modern Laboratories, 45-47, Sector D-2, Industrial Area, Sanwer Road, Indore (M.P.)",pH and Assay,"SDTL, Tripura",portal,2026-03_all_nsq.json,140
2026-03,"state:DTL, Puducherry",nsq,SODIUM BICARBONATE TABLETS IP 1000mg,D2240982,Oct-2024,Sep-2027,"Stanford Laboratories Pvt. Ltd., 8, Industrial area, Mehatpur, Distt. Una, (H.P.) 174315, India",Misbranded-Incorrect Labelling,"DTL, Puducherry",portal,2026-03_all_nsq.json,141
2026-03,"state:DTL, Puducherry",nsq,PIRACETAM SYRUP,ZRSL1085,Nov-2024,Oct-2026,"ZRS Pharmaceuticals India Pvt. Ltd., Khasra No. 481, 490/3, 562/489/1, Opposite sector-6, Tehsil Kasauli, Parwanoo, Solan, H.P. 173220",Misbranded-Incorrect Labelling,"DTL, Puducherry",portal,2026-03_all_nsq.json,142
2026-03,"state:DTL, Puducherry",nsq,"AMBROXOL HCl, TERBUTALINE SULPHATE , GUAIPHENESIN & MENTHOL SYRUP",BLA-101,Feb-2025,Jan-2027,"Seagull Laboratories India Pvt. Ltd., 29, Mehatpur Industrial Area, Mehatpur, Distt. Una-174315 (H.P)",Failed pH & Weight/ml and Misbranded-Incorrect Labelling,"DTL, Puducherry",portal,2026-03_all_nsq.json,143
2026-03,state:Government of NCT of Delhi,nsq,Albendazole Tablets IP 400,UTI048A,Sep-2025,Aug-2027,"Haustus Biotech Pvt. Ltd., Plot No. 44-45, Indl. Area, Tahliwal, Distt. Una, (H.P)",TEST FOR DISSOLUTION,Government of NCT of Delhi,portal,2026-03_all_nsq.json,144
2026-03,"state:DTL,Dalgate Srinagar Kashmir, J&K",nsq,Cloxase-SP,TG25115E,Jul-2025,Jun-2027,"Systole Remedies Pvt.Ltd ( A GMP-GLP Certified Company) Vill Ogli,Kala Amb The Nahan Distt Sirmour(HP).17303.","The sample does not confirm to IP2022 requirement withespect to,""UNIFOR+Q130:Q131MITY OF WEIGHTS""","DTL,Dalgate Srinagar Kashmir, J&K",portal,2026-03_all_nsq.json,145
2026-03,"state:DTL,Dalgate Srinagar Kashmir, J&K",nsq,DICAL-500,T-4349,Feb-2025,Jan-2027,"Jackson Laboratories Pvt.Ltd 22-24,Majitha Road,Byepass,Amritsar-143001",Thesample does not conform to I.P w.r.t the test for Dissolution Test,"DTL,Dalgate Srinagar Kashmir, J&K",portal,2026-03_all_nsq.json,146
2026-03,"state:DTL,Dalgate Srinagar Kashmir, J&K",nsq,PAN RFT Suspension,25700019,Apr-2025,Mar-2027,"Alkem Laboratories LTD .At :16-17,EPIP SIDCO,Kartholi Bari Brahmana ,Jammu 181133.",The sample fails in the test for Description.,"DTL,Dalgate Srinagar Kashmir, J&K",portal,2026-03_all_nsq.json,147
2026-03,central,nsq,Diclofenac Sodium Injection I.P. 75 mg/2ml.,VB/LEF0789,Jul-2025,Jun-2027,"Venus Bio Sciences Pvt. Ltd.,116, EPIP-1, Jharmajri, Dist-Solan, Himachal Pradesh, Pin-173205",The sample does not conform to I.P. with respect to the tests of Identification and Assay of Diclofenac Sodium.,"CDL, Kolkata",portal,2026-03_all_nsq.json,148
2026-03,central,nsq,Rabeprazole Sodium (Enteric-coated) and Domperidone (Sustained-release) Capsules,ARDC25051,Aug-2025,Jul-2027,"Prosperity Drugs Pvt. Ltd.,Village -Belikhol, Baddi-Nalagarh Road, Dist. Solan-174101 (HP)",The sample does not conform to Manufacturer's Specification with respect to the test of Dissolution of Rabeprazole Sodium in buffer stage.,"CDL, Kolkata",portal,2026-03_all_nsq.json,149
2026-03,central,nsq,Lactulose Solution IP 10 gm/15ml,LLS1337,Aug-2025,Jul-2027,"Unicure India Ltd.,C-21, 22 & 23, Sector-3, Noida - 201 301, Distt. : Gautam Budh Nagar (U.P.).",The sample does not conform to IP with respect to test for Microbial contamination and Assay/content of Lactulose,"CDL, Kolkata",portal,2026-03_all_nsq.json,150
2026-03,central,nsq,Buprenorphine Injection IP 0.3ml,AMB25003,Aug-2025,Jul-2027,"Farbe Firma Pvt. Ltd.,Plot No.: 1508, GIDC, Ankleshwar Gujarat 393002 - INDIA",The sample does not conform to I.P. with respect to the Test of pH,"CDL, Kolkata",portal,2026-03_all_nsq.json,151
2026-03,central,nsq,Enteric Coated Rabeprazole Sodium & Domperidone Sustained release Capsules,SPK-1412,May-2025,Apr-2027,"Spanker Biotech Ltd.,Vill. Makhanu Majra, Bhud Road, Baddi, Tehsil Nalagarh, Distt. Solan - 173205 (H.P.)",The sample does not conform to Manufacturer's Specification with respect to the test of Dissolution of Rabeprazole Sodium in buffer stage.,"CDL, Kolkata",portal,2026-03_all_nsq.json,152
2026-03,central,nsq,Tacrolimus Capsule I.P. 2 mg,CSF-D0134,Jul-2025,Jun-2027,"Spen Formulations Pvt. Ltd.,Plot No-123, Industrial Area, Mehatpur, Distt. UNA- 174315 (H.P.)",The sample does not conform to I.P. with respect to the tests of Dissolution and Assay of Tacrolimus,"CDL, Kolkata",portal,2026-03_all_nsq.json,153
2026-03,central,nsq,Pre & Probiotic Capsules,CC25260109A,Aug-2025,Jan-2027,"CMG Biotech Pvt.Ltd.,(UNIT-II) Plot No.58, Phase III, Industrial Area, Sansarpur Terrace, Tehsil Jaswan, Distt. Kangra, Himachal Pradesh - 176501","The sample does not conform to claim with respect to the identification of Clostridium butyricum and Assay of Clostridium butyricum,","CDL, Kolkata",portal,2026-03_all_nsq.json,154
2026-03,central,nsq,Divalproex Sodium Extended-release Tablets IP,N2407173,Jul-2024,Jun-2026,"Talent Healthcare,66-67, Sector-6A, SIDCUL, IIE Haridwar-249403(Uttarakhand)",The sample does not conform to IP and Manufacturer's specification for the reason stated under Description.,"CDL, Kolkata",portal,2026-03_all_nsq.json,155
2026-03,central,nsq,Amikacin Sulphate Injection I.P.,V251007C,Oct-2025,Sep-2027,"Oscar Remedies Pvt. Ltd.,,Oscar House, Badi Majra, Yamuna Nagar-135001 (HR)",The sample does not conform to I.P. with respect to test for Particulate matter and Description.,"CDL, Kolkata",portal,2026-03_all_nsq.json,156
2026-03,central,nsq,Dicloxacillin Capsules IP 500 mg,C-3140,Oct-2024,Sep-2026,"Jackson Laboratories Pvt.Ltd,22-24, Majitha Road, Bye Pass, Amritsar-143 001(India)","The sample does not conform to I.P with respect to the tests of water, Dissolution and Assay of Dicloxacillin.","CDL, Kolkata",portal,2026-03_all_nsq.json,157
2026-03,central,nsq,Ciprofloxacin Tablets I.P. 500 mg,GT31156,Mar-2024,Feb-2026,"Omega Pharma. ,Khasra No.482, Village Saliyar, Roorkee-247667, Distt. Haridwar. (Uttarakhand",The sample does not conform to I.P. with respect to Description.,"CDL, Kolkata",portal,2026-03_all_nsq.json,158
2026-03,central,nsq,Ranitidine Hydrochloride Tablets IP 150 mg,TMG-240616,Mar-2024,Feb-2026,"Prochem Pharmaceuticals Pvt. Ltd.,140-141, Makkanpur, Bhagwanpur, Roorkee, Dist. Haridwar (U.K.) 247661",The sample does not conform to I.P. with respect to Description,"CDL, Kolkata",portal,2026-03_all_nsq.json,159
2026-03,central,nsq,"Paracetamol, Chlorpheniramine Maleate & Phenylephrine Hydrochloride Syrup",AS 24082,Jan-2025,Dec-2026,"Arbro Pharmaceuticals Pvt. Ltd.,6/14, Kirti Nagar Industrial Area, New Delhi - 110015.",Assay of Phenylephrine Hydrochloride.,"CDL, Kolkata",portal,2026-03_all_nsq.json,160
2026-03,central,nsq,Pantoprazole IP 40 mg Tablets,DHPLT/040525,May-2025,Apr-2027,"Durgaji Healthcare Pvt.Ltd. Plot No-28, Khasra No-80K, 80KH, Raipuri Sekhari Industrial Area, Raipur, Bhagwanpur, Dist-Haridwar, Uttra Khand",The sample does not conform to IP with respect to test for Dissolution (Buffer Stage),"CDL, Kolkata",portal,2026-03_all_nsq.json,161
2026-03,central,nsq,"Salbutamol Sulphate, I.P (Equivalent to salbutamol) -2mg Bromhexine Hydrochloride, IP-4mg Guaiphenesin, IP-100mg Menthol, IP-1mg",PL-182,Sep-2025,Aug-2027,"Panacea Laboratories,Md. K.C. Road, Ghola, Kolkata-700111, West Bengal, India",The sample does not conform to manufacturers specification with respect to the Assay of Bromhexine Hydrochloride.,"CDL, Kolkata",portal,2026-03_all_nsq.json,162
2026-03,central,nsq,Mesalamine Prolonged release Tablets IP 1200 MG,G/30471,Nov-2023,Apr-2026,"Solitaire Pharmacia Pvt. Ltd,Plot no. 25, HPSIDC-Industrial Area, Extension-1, Baddi- 173205 (H.P.)",The sample does not conform to IP 2022 and Manufacturers Specification with respect to the test of Dissolution.,"CDL, Kolkata",portal,2026-03_all_nsq.json,163
2026-03,central,nsq,Allopurinol Tablets I.P. 100 MG,425-1324,Jun-2025,May-2027,"Zee Laboratories Ltd.,Behind 47, Industrial Area, Paonta Sahib-173025",The sample does not conform to I.P with respect to Assay of Allopurinol.,"CDL, Kolkata",portal,2026-03_all_nsq.json,164
2026-03,central,nsq,Tacrolimus Capsule I.P. 0.5 mg,CSF-D0023,Feb-2025,Jan-2027,"Spen Formulations Pvt. Ltd.,Plot No.123, Industrial Area, Mehatpur, Distt. UNA- 174315 (H.P.)",The sample does not conform to I.P. with respect to the tests of Dissolution and Assay of Tacrolimus,"CDL, Kolkata",portal,2026-03_all_nsq.json,165
2026-03,"state:DCL,Telangana",nsq,"Ferrous Ascorbate, Folic Acid & Zinc Soft Gelatin Capsules",CD-250808B,Apr-2025,Mar-2027,"Capsoft healthcare Pvt Ltd Shed no-6, khasra no. 760-761, khalsa complex, village karuna, sai road, baddi, solan-173205 (HP) HIMACHAL PRADESH",Assay and Identification of Folic Acid and Ferrous 2.Uniformity of weight and Disintegration,"DCL,Telangana",portal,2026-03_all_nsq.json,166
2026-03,"state:DCL,Telangana",nsq,IRON & FOLIC ACID SYRUP IP/IRON & FOLIC ACID SYRUP IP 60 ML,RIFS-221,Jan-2025,Jun-2026,"Revat Laboratories Pvt. Ltd. 12-321, Opp. I.D.A, Kurnool Road, Pemamitia, Ongole-523002 Andhra Pradesh","Assay of Iron, Folic Acid and pH","DCL,Telangana",portal,2026-03_all_nsq.json,167
2026-03,"state:SDTL, Tripura",nsq,Paradol 650 (Paracetamol Tablets IP 650 mg),725001,Jun-2025,May-2027,"S.DHOLE & Co. IDCO Plot No. 30, Industrial Estate, Angaragadia, Balasore ? 756001, Odisha.",Description and Dissolution,"SDTL, Tripura",portal,2026-03_all_nsq.json,168
2026-03,"state:DTL, Puducherry",nsq,"Levosalbutamol,Ambroxol Hydrochloride & Guaiphenesin Syrup",MGR-011,Apr-2025,Mar-2027,"Mediguard Remedies R.S NO.106/1,Perambai Village, Vanur TK,Villupuram Dt - 605 110 Tamilnadu, India.",Assay for Ambroxol Hydrochloride,"DTL, Puducherry",portal,2026-03_all_nsq.json,169
2026-03,central,nsq,Rabeprazole Sodium Injection IP,MD25B16,Feb-2025,Jan-2027,"Martin And Brown Bio-Sciences Pvt. Ltd.,K.NO. 918/419, Malkumajra, Nalagarh Road, Baddi, Dist.Solan (H.P.)-173205",The sample does not conform to I.P with respect to test for pH.,"CDL, Kolkata",portal,2026-03_all_nsq.json,170
2026-03,central,nsq,Lactulose Solution IP 10 gm/15ml,LLS1311,May-2025,Apr-2027,"Unicure India Ltd.,C-21, 22 & 23, Sector-3, Noida - 201 301, Distt. : Gautam Budh Nagar (U.P.).",The sample does not conform to IP with respect to test for Microbial contamination and Assay/content of Lactulose,"CDL, Kolkata",portal,2026-03_all_nsq.json,171
2026-03,central,nsq,Pantoprazole Gastro resistant tablets I.P 40 mg,RP-T458,Jun-2024,May-2026,"Roma Pharma Pvt. Ltd. Unit-II,Village- Nagali, P.O. Barog, Tehsil & Distt. Solan (H.P.)- 173211","The sample does not conform to claim as per IP in respect to the Test of Description, Dissolution (Buffer Stage), Dissolution (Acid Stage)","CDL, Kolkata",portal,2026-03_all_nsq.json,172
2026-03,central,nsq,Tacrolimus Capsule I.P. 1 mg,CSF-D0133,Jul-2025,Jun-2027,"Spen Formulations Pvt. Ltd.,Plot No-123, Industrial Area, Mehatpur, Distt. UNA- 174315 (H.P.)",The sample does not conform to I.P. with respect to the test of Dissolution and Assay of Tacrolimus,"CDL, Kolkata",portal,2026-03_all_nsq.json,173
2026-03,central,nsq,Calcium Carbonate & Vitamin D3 Tablets,SPD-T116,Jun-2025,May-2027,"Sia Pharma Pvt. Ltd.,Plot No. 170, HSIIDC, Barhi, Indl. Area, Phase-1, Sonepat- 131101, Haryana, India.",The sample does not conform to claim as per I.P. 2022 with respect to the test for Assay of Vitamin D3 and Uniformity of weight of tablets.,"RDTL, Guwahati",portal,2026-03_all_nsq.json,174
2026-03,central,nsq,Ramipril Tablets IP 2.5 MG,PT-51725,May-2025,Apr-2027,"Pharmaroots Healthcare.,Khasra No. 411, Village Tipra, P.O. Barotiwala, Tehsil Baddi, Distt. Solan, H.P. -174103",The sample does not conform to claim as per IP 2022 in respect to the test of Dissolution and Assay of Ramipril,"RDTL, Chandigarh",portal,2026-03_all_nsq.json,175
2026-03,central,nsq,"Dextromethorphan, Phenylephrine and Chlorpheniramine Syrup",SML-2643,Dec-2025,Nov-2027,"Saitech Medicare Pvt. Ltd.,Village-Kheri, Trilokpur Road, Kala-Amb, Dist. Sirmour, (H.P.) 173030",The sample does not conform to claim as per Patent and Proprietary in respect to the Assay of Phenylephrine Hydrochloride,"RDTL, Chandigarh",portal,2026-03_all_nsq.json,176
2026-03,central,nsq,Albendazole Tablets IP,PGT24953,Nov-2024,Oct-2027,"Affy Parenterals.,(WHO-cGMP/ISO 9001: 2015 Certified Co.), Vill. Gullerwala, PO- Baddi, Distt. Solan-173205 (H.P.)",The sample does not conform to claim as per IP 2022 in respect to the Test of Dissolution,"RDTL, Chandigarh",portal,2026-03_all_nsq.json,177
2026-03,central,nsq,"Sodium Chloride Injection IP 0.9%w/v,",G503007,Jan-2025,Dec-2026,"Albert David Limited,B-12, 13 Meerut Road Ind. Area, Ghaziabad-201003","The sample does not conform to claim as per IP 2022 in respect to the Test of Description, Particulate matter and pH.","RDTL, Chandigarh",portal,2026-03_all_nsq.json,178
2026-03,central,nsq,Liposomal Amphotericin B Injection 50 Mg,AB250491A,Sep-2025,Aug-2027,"Gufic Biosciences Limited,Gufic Biosciences Limited N.H. No. 8, Kabilpore 396424, Navsari, Gujarat (INDIA)","The sample does not conform to claim as per Patent and Proprietary and IS 10654:2002 in respect to the Test of pH, Free drug","RDTL, Chandigarh",portal,2026-03_all_nsq.json,179
2026-03,central,nsq,Levocetirizine Dihydrochloride and Montelukast Syrup,LR25J006,Oct-2025,Sep-2027,"Rhombus Pharma Pvt. Ltd,Survey NO. 807/002 near Ethicro Industries, Lakshmanpura, Ta. Kadi, Distt. Mehsana, Pin-382165, Gujarat, India.",The sample received does not conform to I.P. 2022 with respect to the test for pH,"CDTL, Mumbai",portal,2026-03_all_nsq.json,180
2026-03,central,nsq,Sorbitol Solution 70 % IP (Non Crystalizing),SB031,Jun-2022,May-2027,"Gujarat Ambuja Exports Ltd.,1 Vrindavan Road, Post Dalpur, Taluka Pranjit, District Sabarkantha, Gujarat-383120",The sample received does not conform to I.P. 2022 with respect to the test for Ethylene glycol,"CDTL, Mumbai",portal,2026-03_all_nsq.json,181
2026-03,central,nsq,"Paracetamol, Phenylephrine Hydrochloride and Chlorpheniramine Maleate Oral Drops",SPL/1327,Jan-2025,Dec-2026,"Espee Formulaion Pvt. Ltd.,Sector No. 2, Plot No. 15, Rajkot-Gonda N. H. No. 27, Village - Shapar, Dist. Rajkot, Gujarat",The sample does not conform to the claim with respect to the test for Uniformity of volume.,"CDTL, Mumbai",portal,2026-03_all_nsq.json,182
2026-03,central,nsq,"Levosalbutamol Sulphate, Ambroxol Hydrochloride & Guaiphenesine Expectorant",L-25172,Dec-2025,Nov-2027,"Vital Formulations Limited,I/146, Phase IV, G.I.D.C., Vithal Udhyognagar-388 121, Dist. Anand, (Guj.) India.",The sample does not conform to claim as per Manufacturer specification in respect to the Test of pH,"CDTL, Mumbai",portal,2026-03_all_nsq.json,183
2026-03,central,nsq,Ibuprofen & Paracetamol Suspension,OML25170A,Dec-2025,Nov-2027,"Omish Laboratories Pvt. Ltd.,Plot No.: D-10, Gallops Industrial Park-1, Ahmedabad- Rajkot Highway, NH-8A, Rajoda, Bavla, Ahmedabad- 382220 (Gujarat)",The sample received does not conform to manufacturer's specification with respect to the test for Microbial contamination (Total aerobic microbial count).,"CDTL, Mumbai",portal,2026-03_all_nsq.json,184
2026-03,central,nsq,Fentanyl Citrate Injection I.P.,FN25003,Oct-2025,Sep-2027,"Maan Pharmaceuticals Ltd,Plot-1, G.I.D.C, Phase-II, Modhera Road, Mehsana-384002, Gujarat, INDIA",The sample received does not conform to I.P. 2022 with respect to the test for Bacterial Endotoxin and Sterility.,"CDTL, Mumbai",portal,2026-03_all_nsq.json,185
2026-03,central,nsq,"Levosalbutamol Sulphate, Ambroxol HCl & Guaiphenesin Syrup",8131,Sep-2025,Aug-2027,"Ipzah Pharmaceuticals Pvt. Ltd.,C-85, Industrial Focal Point, Patiala - 147001",The sample received does not conform to manufacturers specification with respect to the description only.,"CDTL, Hyderabad",portal,2026-03_all_nsq.json,186
2026-03,central,nsq,Oral Rehydration Salts IP,S565005,May-2025,Oct-2026,"Goa Antibiotics & Pharmaceuticals Ltd.,(Subsidiary Of HLL Lifecare Ltd, A Government Of India Enterprise) Village Anji, P.O. Barog, Distt. Solan, 173211 (HP) INDIA",The sample received does not conform to I.P. 2022 specification with respect to the test for Assay of Potassium content only.,"CDTL, Hyderabad",portal,2026-03_all_nsq.json,187
2026-03,central,nsq,"Paradichlorobenzene,Benzocaine,Chlorbutol &Turpentine Oil Ear Drops",N25V9055,Aug-2025,Jul-2027,"Om Sai Pharma Pack,Plot No. 38 & 39, Sector-11, I.I.E., Sidcul, Haridwar, Uttarakhand-249403",The sample received does not conform to manufacturer?s specification with respect to the test for Assay of Paradichlorobenzene content only,"CDTL, Hyderabad",portal,2026-03_all_nsq.json,188
2026-03,central,nsq,"Ear wax softening drops,",5CU01,Mar-2025,Feb-2027,"Vivimed Labs Limited.,Plot NO.:8, Phase V, IDA, Jeedimetla, Medchal-Malkajgiri Dist. Telangana State - 500 055","The sample received does not conform to manufacturer?s specification with respect to the test for Assay for the contents of Paradichlorobenzene, Chlorbutol and Turpentine OIL only.","CDTL, Hyderabad",portal,2026-03_all_nsq.json,189
2026-03,central,nsq,Pantoprazole Gastro-resistant Tablets IP,KT25028,Mar-2025,Feb-2027,"Keron Lifesciences Pvt. Ltd.,D-5, Sara, Industrial Estate Rampur Selaqui, Dehradun 248197 (U.K)",The sample does not conform to I.P with respect to the test for Dissolution (Buffer stage).,"CDTL, Indore",portal,2026-03_all_nsq.json,190
2026-03,central,spurious,Buprenorphine Injection IP 2ml,LM1889,Dec-2023,Nov-2029,Under Investigation | Under Investigation,"The product is purported to be spurious, however, the same is subject to outcome of investigation","CDL, Kolkata",portal,2026-03_all_spurious.json,1
2026-04,central,nsq,Itraconazole Capsules USP 100 mg,ITR 19,Jul-2025,Jun-2027,"Bal Pharma Ltd.,21 & 22, Bommasandra Industrial Area, Bangalore-560099, INDIA.",The sample does not conform to U.S.P. with respect to Dissolution test.,"CDL, Kolkata",portal,2026-04_all_nsq.json,1
2026-04,central,nsq,Absorbent Cotton Wool IP,2085,Mar-2025,Feb-2027,"Jind Surgicals,24-27, HSIIDC Industrial Area, New Hansi Road, Jind-126 102, Haryana",The sample is not of standard quality for the reason stated under Description.,"RDTL, Guwahati",portal,2026-04_all_nsq.json,2
2026-04,state:DTL Konni,nsq,Esomeprazole Tablets IP,ZTF-037A,Jun-2025,May-2027,"Zoic Biotech Pvt .Ltd, Plot no.C-15, Focal Point , Ind.Area, Chanalon, Mohali , Punjab-140103",The sample fails the test 'Dissolution' as per IP,DTL Konni,portal,2026-04_all_nsq.json,3
2026-04,central,nsq,Pantoprazole Gastro-resistant & Domperidone Prolonged-release Capsules IP,AGC240287,Jan-2025,Dec-2026,"Asterisk Healthcare,V.P.O. Bathri, Tehsil Haroli, Distt. UNA (H.P.) 174 301",The sample does not conform to IP and Manufacturer's Specification with repect to the test of Dissolution of Domperidone.,"CDL, Kolkata",portal,2026-04_all_nsq.json,4
2026-04,central,nsq,Misoprostol Tablets IP 200 mcg,BGW02AAA,Feb-2025,Jan-2027,"Akums Drugs & Pharmaceuticals Ltd.,47, 48, Sector-6A, I.I.E., SIDCUL, Ranipur, Haridwar-249 403, Uttarakhand, INDIA.",The sample does not conform I.P with respect to the Assay of Misoprostol,"CDL, Kolkata",portal,2026-04_all_nsq.json,5
2026-04,central,nsq,Vitamin B-complex with Lysin & Calcium Pantothenate Syrup 100 ml,BP-134,May-2025,Oct-2026,"Amba Research Laboratories,Road No. 21, Rajiv Nagar, Patna-24",The sample does not conform to claim as per Schedule V of Drugs and Cosmetics Act 1940 with respect to Assay of Thiamine Hydrochloride.,"CDL, Kolkata",portal,2026-04_all_nsq.json,6
2026-04,central,nsq,Pepsin & Fungal Diastase Syrup,SPA250909,Apr-2025,Sep-2026,"Skymap Pharmaceuticals Pvt. Ltd.,B-3, Dev Bhoomi Industrial Estate Puhana Iqbalpur Road,Roorkee-247667",The sample does not conform to Manufacturer's Specification with respect to Test for Identification and Assay of Pepsin activity,"CDL, Kolkata",portal,2026-04_all_nsq.json,7
2026-04,central,nsq,Diclofenac Sodium Injection I.P. 75 mg/2ml,VB/LEF0789,Jul-2025,Jun-2027,"Venus Bio Sciences Pvt. Ltd.,116, EPIP-1, Jharmajri, Dist-Solan, Himachal Pradesh, Pin-173205",The sample does not conform to I.P. with respect to the tests of Identification and Assay of Diclofenac Sodium. The sample gives positive test for Identification of Buprenorphine. The sample is deemed to be spurious vide section 17 B of Drugs and Cosmetics Act 1940 and Rule 1945.,"CDL, Kolkata",portal,2026-04_all_nsq.json,8
2026-04,central,nsq,Diazepam Injection I.P. 2ml,DA-2412,Feb-2025,Jan-2027,"Systochem Laboratories Ltd.,B-75 Roop Nagar, Indl., Area, Loni-201102,Ghaziabad","The sample does not conform to I.P. with respect to the tests of Identification of Diazepam, Particulate matter, pH, Assay of Diazepam and for the reason stated under Description.","CDL, Kolkata",portal,2026-04_all_nsq.json,9
2026-04,central,nsq,Divalproex Sodium Extended-release Tablets IP,N2407172,Jul-2024,Jun-2026,"Talent Healthcare,66-67, Sector-6A, SIDCUL, IIE Haridwar-249403(Uttarakhand)",The sample does not conform to I.P. for the reason stated under Description.,"CDL, Kolkata",portal,2026-04_all_nsq.json,10
2026-04,central,nsq,Iron Sucrose Injection USP 5 Ml,MA24G50,Jul-2024,Jun-2026,"Martin & Brown Bio-Sciences Pvt. Ltd..,K.No. 918/419, Malkumajra, Nalagarh Road, Baddi, Dist.Solan (H.P.)-173205","The sample does not conform to U.S.P with respect to the tests of pH, Alkalinity and Particulate matter.","CDL, Kolkata",portal,2026-04_all_nsq.json,11
2026-04,central,nsq,Metformin Hydrochloride Prolonged Release and Glimepiride Tablets IP,T5107,Jul-2025,Jun-2027,"Merril Pharma Pvt. Ltd.,Unit-II, Plot No24,25,31,32, Somnath Industrial Park,Kerala GIDC,Near Bavla,Ahmedabad-382220,Gujarat,India",The sample does not conform to IP with respect to the Test of Dissolution for Glimepiride.,"CDL, Kolkata",portal,2026-04_all_nsq.json,12
2026-04,central,nsq,Albendazole Tablets I.P. 400 mg,MT250995,Oct-2025,Sep-2027,"Mancare Laboratories Pvt. Ltd.,Plot No. 11, Pharmacity, Selaqui, Dehradun, Uttarkhand-248011",The sample does not conform to I.P. with respect to test for Dissolution.,"CDL, Kolkata",portal,2026-04_all_nsq.json,13
2026-04,central,nsq,Albendazole Tablets I.P. 400 mg,MT250996,Oct-2025,Sep-2027,"Mancare Laboratories Pvt. Ltd.,Plot No. 11, Pharmacity, Selaqui, Dehradun, Uttarkhand-248011",The sample does not conform to I.P. with respect to test for Dissolution.,"CDL, Kolkata",portal,2026-04_all_nsq.json,14
2026-04,central,nsq,"Levosalbutamol, Ambroxol Hydrochloride HCl & Guaiphenesin Syrup",SL241141J,Nov-2024,Oct-2026,"Star Filteration Systems.,Rampur Jattan Trilokpur Road Kala Amb Tehsil Nahan Distt. Sirmour 173030(HP)",The sample does not conform to claim with respect to the tests of Uniformity of Volume and Assay of Ambroxol Hydrochloride.,"CDL, Kolkata",portal,2026-04_all_nsq.json,15
2026-04,central,nsq,Xylometazoline Hydrochloride Nasal Drops IP,E25057,Jul-2025,Jun-2027,"Agron Remedies Pvt. Ltd.,Sarverkhera, Moradabad Road, Kashipur-244713, (Uttarakhand)..",The sample does not conform to IP with respect to test for pH and Uniformity of weight.,"CDL, Kolkata",portal,2026-04_all_nsq.json,16
2026-04,central,nsq,Metformin Hydrochloride Prolonged Release and Glimepiride Tablets IP,T5110,Jul-2025,Jun-2027,"Merril Pharma Pvt. Ltd.,Unit-II, Plot No24,25,31,32, Somnath Industrial Park,Kerala GIDC,Near Bavla,Ahmedabad-382220,Gujarat,India",The sample does not conform to IP with respect to the test of Dissolution of Glimepiride.,"CDL, Kolkata",portal,2026-04_all_nsq.json,17
2026-04,central,nsq,Compound Sodium Lactate Injection IP,03BF2084,Jun-2023,May-2026,"Paschim Banga Pharmaceutical,,NH-31,TIN Mile Hat, Sonapur Hat, PS- Chopra, Dist. Uttar Dinajpur, PIN- 733214 (WB)",The sample does not conform to I.P. with respect to test for Sterility,"CDL, Kolkata",portal,2026-04_all_nsq.json,18
2026-04,central,nsq,Buprenorphine Injection IP,ASG1590,Nov-2022,Oct-2026,"SNG Pharmaceuticals (p) Ltd.,,101/B.K.B Complex Opp. Mahavir Nagar, N.H.No. 8, Vapi-396191 At 75/1 G.I.D.C, Vapi-396195",The sample does not conform to I.P. with respect to tests of Sterility and Assay of Buprenorphine.,"CDL, Kolkata",portal,2026-04_all_nsq.json,19
2026-04,central,nsq,Paracetamol Tablets IP 650 mg,G02090B,Jan-2025,Dec-2026,"Growmed Life Pharma,Plot No.: 18/19, Mahalaxmi Ind. Estate, Iyava, Ta Sanand, Dist-Ahmedabad -382110 (Gujrat).",The sample does not conform to IP with respect to the test of Dissolution.,"CDL, Kolkata",portal,2026-04_all_nsq.json,20
2026-04,central,nsq,Albendazole Tablets IP 400 mg,MT250998,Oct-2025,Sep-2027,"Mancare Laboratories Pvt. Ltd.,Plot No. 11, Pharmacity, Selaqui, Dehradun, Uttarkhand-248011",The sample does not conform to I.P. with respect to test for Dissolution,"CDL, Kolkata",portal,2026-04_all_nsq.json,21
2026-04,central,nsq,Albendazole Tablets I.P. 400 mg,MT250994,Oct-2025,Sep-2027,"Mancare Laboratories Pvt. Ltd.,Plot No. 11, Pharmacity, Selaqui, Dehradun, Uttarkhand-248011",The sample does not conform to I.P. with respect to test for Dissolution,"CDL, Kolkata",portal,2026-04_all_nsq.json,22
2026-04,central,nsq,Buprenorphine Injection IP 2ml,BUP325007,Sep-2025,Aug-2027,"Indus Pharma Pvt. Ltd.,A-181, RIICO Industrial Area, Ghiloth, Alwar, Rajasthan - 301705",The sample does not conform to I.P. with respect to the test of Particulate Matter and for the reason stated under Description.,"CDL, Kolkata",portal,2026-04_all_nsq.json,23
2026-04,central,nsq,Iron Sucrose Injection USP 100mg/5ml,25488,Dec-2025,Nov-2027,"T. Walkers Pharmaceuticals Pvt. Ltd.,Gat No. 285/A, Plot No. 10 plus 11, Village - Kasaramboli, At P.O. Ambedvet, Tal. Mulshi, Dist. Pune - 412108",The sample does not conform to U.S.P with respect to test for pH and Alkalinity.,"CDL, Kolkata",portal,2026-04_all_nsq.json,24
2026-04,central,nsq,Rabeprazole Sodium Injection IP 20mg/vial,MD24E34,May-2024,Apr-2026,"Martin & Brown Bio-Sciences Pvt. Ltd..,K.No. 918/419, Malkumajra, Nalagarh Road, Baddi, Dist.Solan (H.P.)-173205","The sample does not conform to I.P with respect to the tests of pH, Particulate matter, Clarity of Solution and Assay of Rabeprazole Sodium","CDL, Kolkata",portal,2026-04_all_nsq.json,25
2026-04,central,nsq,Rabeprazole Sodium Injection I.P. 20 mg/vial,MD24K17,Nov-2024,Oct-2026,"Martin & Brown Bio-Sciences Pvt. Ltd..,K.No. 918/419, Malkumajra, Nalagarh Road, Baddi, Dist.Solan (H.P.)-173205","The sample does not conform to I.P. with respect to the tests of Description, Clarity of solution, Particulate matter, pH, Related substances and Assay of Rabeprazole Sodium","CDL, Kolkata",portal,2026-04_all_nsq.json,26
2026-04,central,nsq,Dexamethasone Sodium Phosphate Injection IP,UMI25267,Oct-2025,Sep-2027,"Ultramark Healthcare Pvt. Ltd.,(Geeta Vihar, Threekay Lane, Ferozepur Road, Ludhiana-142021)","The sample does not conform to IP with respect to tests for Particulate matter, Free Dexamethasone, Sterility and Assay of Dexamethasone Phosphate, and is also not of standard quality for the reason stated under Description.","CDL, Kolkata",portal,2026-04_all_nsq.json,27
2026-04,"state:Directorate of State Drugs Control & Research Laboratory ,2 , Convent Lane, Kol-15",nsq,Telmisartan Tab I.P 40 mg,GT-2508,Mar-2025,Feb-2027,"Helax Health Care Pvt. Ltd. Khasra No 410, Vill- Karondi, Dist- Haridwar",SAMPLE DOES NOT CONFIRM TO IP.,"Directorate of State Drugs Control & Research Laboratory ,2 , Convent Lane, Kol-15",portal,2026-04_all_nsq.json,28
2026-04,"state:Directorate of State Drugs Control & Research Laboratory ,2 , Convent Lane, Kol-15",nsq,Metjeel 25 XL ( Metoprolol Succinate Prolonged Released Tablet I.P ),TN - 5974,Sep-2025,Aug-2027,"Helax Health Care Pvt. Ltd. Khasra No 410, Vill- Karondi, Dist- Haridwar","1) SAMPLE DOES NOT CONFIRM TO IP. 2) The sample strip shows the product name "" METJEEL 25XL"" where the inspection memo shows it ""Meetjeel 25XL""","Directorate of State Drugs Control & Research Laboratory ,2 , Convent Lane, Kol-15",portal,2026-04_all_nsq.json,29
2026-04,"state:DTL, Puducherry",nsq,Erythromycin Stearate Tablets IP,ATG5K933,Nov-2025,Oct-2027,"Anrose Pharma, 147, Mauza-Sansiwala, Post-Barotiwala, Tehsil-Kasauli, Distt. Solan (H.P)",Description,"DTL, Puducherry",portal,2026-04_all_nsq.json,30
2026-04,"state:DTL, Puducherry",nsq,Ibuprofen And Paracetamol Tablets IP,ISW24176,Aug-2024,Jul-2027,"IBN Herbals (A unit of curetech formulation (P) Ltd) Khasara No. 63, Vill. Juddi Kalan, Baddi-173 205, Distt. Solan (H.P)",Disintegration,"DTL, Puducherry",portal,2026-04_all_nsq.json,31
2026-04,"state:DTL, Puducherry",nsq,Loperamide Hydrochloride Tablets IP 2mg,GTE1588,May-2025,Apr-2027,"Gidsha Pharmaceuticals, Plot No. 611 612 , Mega GIDC, Kharedi, Dahod, 389151, Gujarat",Misbranded-Incorrect Labelling,"DTL, Puducherry",portal,2026-04_all_nsq.json,32
2026-04,"state:DTL, Puducherry",nsq,Paracetamol Tablets IP 650 mg,CAAL25054,Dec-2025,Nov-2028,"Curetech Formulations (P) Ltd., Vill.Juddi,kalan,Baddi-173 205 Distt Solan (HP)",Dissolution,"DTL, Puducherry",portal,2026-04_all_nsq.json,33
2026-04,state:MDTL Kathua,nsq,Ibuprofen and Paracetamol Tablets IP,TB251005,Dec-2025,Nov-2027,"Agron Remedies Pvt. Ltd. Sarverkhera, Moradabad Road, Kashipur-244713 (Uttarakhand)",The sample fails in the Test for Description,MDTL Kathua,portal,2026-04_all_nsq.json,34
2026-04,state:MDTL Kathua,nsq,Diabit-GM,T25F640A,Jun-2025,May-2027,"Bajaj Formulations Khasra No. 161, Village- Lakeshwary, Bhagwanpur, Roorkee, Distt. Haridwar (U.K)",The sample fails in the Test for Description,MDTL Kathua,portal,2026-04_all_nsq.json,35
2026-04,state:MDTL Kathua,nsq,R Zara-DSR Capsules,SC-05856,Oct-2025,Sep-2027,"Samay Pharma India Pvt. Ltd. Plot No. 34-35, Industrial Area, Trilokpur Road, Kala Amb, District Sirmour, Himachal Pradesh-173030",SPURIOUS 1.The sample fails in the test for Identification & also the Assay contents of Rabeprazole Sodium IP & Domperidone IP are found NIL. 2.The sample is also found Misbranded as Sunset Yellow in the label needs to be mentioned Sunset Yellow FCF.,MDTL Kathua,portal,2026-04_all_nsq.json,36
2026-04,"state:DTL,Dalgate Srinagar kashmir.",nsq,Albendazole Tablets IP 400mg,296725043,Apr-2025,Mar-2027,"Ravenbhel Healthcare Pvt.Ltd. 16-17,EPIP,SIDCO Kartholi,Baroi Brahmana,Jammu-181133",The sample does not conform to IP 2022 requirements w.r.t Dissolution Test,"DTL,Dalgate Srinagar kashmir.",portal,2026-04_all_nsq.json,37
2026-04,"state:DTL,Dalgate Srinagar kashmir.",nsq,Esomeprazole Tablets IP,AYT070385,Jul-2025,Jun-2027,"Adwin Pharma , Vill Rampur Jattan, Trilokpur Road kala Amb Tehsil Nahan Distt .Sirmour (HP) 173030.",The sample does not conform to IP 2022 requirements w.r.t Dissolution Test,"DTL,Dalgate Srinagar kashmir.",portal,2026-04_all_nsq.json,38
2026-04,"state:DTL,Dalgate Srinagar kashmir.",nsq,Dexamethasone sodium Phosphate Injection IP,DIH-227/10,Oct-2025,Sep-2027,"Indo Gulf Pharmaceuticals 5.4 Km,Meerut Road,Muzaffarnagar-251003(UP)",The sample does not conform to IP 2022 requirements w.r.t Sterility Test,"DTL,Dalgate Srinagar kashmir.",portal,2026-04_all_nsq.json,39
2026-04,state:CFDL Jammu,nsq,"Ofloxacin 100mg, Ornidazole 2500mg & Loperamide 7.5mg Bolus IP",DF-1677,Sep-2025,Aug-2027,"DUTCH FORMULATIONS 32, Industrial Area Village Johron, Kala-Amb, Distt Sirmour H.P-173030","Assay of Ofloxacin, Ornidazole & Loperamide",CFDL Jammu,portal,2026-04_all_nsq.json,40
2026-04,central,nsq,"Terbutaline ,Ambroxol,Guaiphenesin and Levomenthol Syrup",S122509,Dec-2025,Nov-2028,"Aglowmed Ltd.,51, Raipur, Roorkee - 247 661",The sample does not conform to claim with respect to the Assay of Levomenthol.,"CDL, Kolkata",portal,2026-04_all_nsq.json,41
2026-04,central,nsq,"Combi Pack of Vitamin C Injection I.P. With Methylcobalamin, Folic Acid & Niacinamide Injection",WZ-4817A&B,Sep-2025,Feb-2027,"Sunvet Pharma Pvt. Ltd.,Village-Upper Moginand, Nahan Road, Kala Amb. Distt. Sirmour -173030 (H.P.)","The sample does not conform to Manufacturer's Specification and IP with respect to test for pH, Particulate Matter and is also not of standard quality for the reason stated under Description.","CDL, Kolkata",portal,2026-04_all_nsq.json,42
2026-04,central,nsq,Disinfectant Fluid Black Phenolic Type Normal Grade-1,MCI040,Jun-2024,May-2026,"Mittal Chemical Industries,G-1/9 Growth Centre, RIICO, Dholpur, Raj.",The sample does not conform to claim as per Drugs and Cosmetics Act - Schedule O and IS 1061:2017 with respect to Grade and Germicidal Value.,"CDL, Kolkata",portal,2026-04_all_nsq.json,43
2026-04,central,nsq,"Bromhexine Hydrochloride,Terbutaline Sulphate,Guaiphenesin & Menthol Syrup",R02GL2529,Jan-2025,Dec-2026,"Rednex Pharmaceuticals Pvt. Ltd.,Survey No.586 & 231 NR, SKF Bearing, Bavla Bagdogra, NH-8A, Kerala, Tal. - Bavla, Ahmedabad-382220.",The sample does not conform to claim as per Manufacturer method & specification in respect to the Assay of Menthol,"CDL, Kolkata",portal,2026-04_all_nsq.json,44
2026-04,central,nsq,Compound Sodium Lactate Injection Ip (Ringer Lactate Solution For Injection IP,OM251102,Nov-2025,Oct-2027,"Haseeb Pharmaceuticals Pvt. Ltd.,,Plot No.F9/14, 15, 16, MIDC, Nagpur- 440016.",The sample does not comply as per I.P. 2022 with respect to the BET,"RDTL, Guwahati",portal,2026-04_all_nsq.json,45
2026-04,central,nsq,"Telmisartan Tablets IP 40mg,",384TTF055,May-2025,Apr-2027,"Swiss Garnier Life Sciences NO. 21-23, Industrial Area, Mehatpur, Distt. UNA, Himachal Pradesh - 174315",The sample does not conform to claim as per IP 2022 and Addendum 2024 in respect to the Test of Dissolution,"RDTL, Chandigarh",portal,2026-04_all_nsq.json,46
2026-04,central,nsq,Hyoscine Butylbromide Injection IP,HLI591H,Aug-2025,Jul-2028,"Himalaya Meditek Pvt. Ltd.,Plot No.: 35 & 36, Pharmacity, Selaqui Industrial Area, Dehradun-248 197",The sample does not conform to claim as per IP 2022 in respect to the Test of Particulate matter.,"RDTL, Chandigarh",portal,2026-04_all_nsq.json,47
2026-04,central,nsq,Doxylamine Succinate & Pyridoxine Hydrochloride Tablets,DXM2534,Jul-2025,Jun-2028,"Maneesh Pharmaceuticals Ltd.,Village Balyana, Barotiwala, Tehsil Kasauli, Dist. Solan (H.P.) 174103.",The sample received does not conform to Manufacturers specification with respect to the test for Thickness,"CDTL, Mumbai",portal,2026-04_all_nsq.json,48
2026-04,central,nsq,"Paracetamol, Phenylephrine Hydrochloride & Chlorpheniramine Maleate Suspension125mg/5mg/1mg (60ml)",PRL2501-03,Jan-2025,Dec-2026,"Regent Ajanta Biotech,Kh. No. 86-87,Makhiyali Dundi,Peerpura Road, Delhi Highway Haridwar,Uttarakhand 247667",The sample received does not conform to Manufacturers specification with respect to the test for Description and Assay of Phenyleprhine hydrochloride.,"CDTL, Mumbai",portal,2026-04_all_nsq.json,49
2026-04,central,nsq,Sorbitol 70% IP (Non Crysallizing),KA/017,Aug-2025,Aug-2030,"Gujarat Ambuja Exports Limited,Sy No 153/1,154-1/2/3,Madli Cross P.B Road (NH-4),Village Hulsoggi 581205P.O Manakatti,TQ Shiggoan Dist Haveri/Karnataka","The sample received does not conform to IP 2022 specification with respect to the content of ethylene glycol impurity, which is exceeding permissible limit","CDTL,Hyderabad",portal,2026-04_all_nsq.json,50
2026-04,central,nsq,Paracetamol Tablets BP 500mg,RHR069,Dec-2025,Nov-2028,"Rathod Pharmachem Private Limited,Plot No.: 117, Pipaldhara, Gandevi-Kharel Road Ta.Gandevi, Dist. Navsari - 396430, Gujarat, India.",The sample received does not conform to b.p. 2025 specification with respect to the test for Dissolution,"CDTL,Hyderabad",portal,2026-04_all_nsq.json,51
2026-04,central,nsq,"Terbutaline Sulphate, Ambroxol Hydrochloride Guaiphenesin & Menthol Syrup,",OL25629,Sep-2025,Aug-2027,"Saintlife Pharmaceuticals Ltd AN ISO-9001 2015/QMS Cert.Co WHO & GMP Certified Company,323,Central Hope-Town Industrial Area, Selaquil Dehradun -248011(U.K))",The sample received does not conform to manufacturers specification with respect to the Description only.,"CDTL,Hyderabad",portal,2026-04_all_nsq.json,52
2026-04,central,nsq,Diclofenac Sodium & Paracetamol Tablets,TL30162,Jan-2024,Dec-2026,"Taurus Life Sciences Ltd.,C-50, Gallops Industrial Park-II, Changodar Bavla Highway, Vasna-Chancharwadi, Dist. Ahmedabad-382213",The sample is not of standard quality with respect to the reason stated under Description.,"CDTL,Indore",portal,2026-04_all_nsq.json,53
2026-04,central,nsq,Deflazacort Oral Suspension,JLL2526,Dec-2025,Nov-2027,"Janveda Healthceutical Pvt. Ltd.,26, Gopi Estate, Changodar, Ahmedabad-382213",The sample does not conform to claim as per Manufacture's Specification with respect to the Assay of Deflazacort.,"CDTL,Indore",portal,2026-04_all_nsq.json,54
2026-04,"state:SDTL, Assam",nsq,Pantoprazole & Domperidone Capsules IP,SPJ241197,Sep-2024,Aug-2026,"Aristo Pharmaceuticals Private Ltd., Vill Makhnumajra, P.O.- Bhud, Baddi, Dist. Solan (H.P.) -173205",The sample does not conform to I.P. w.r.to the tests for Identification and Assay Spurious,"SDTL, Assam",portal,2026-04_all_nsq.json,55
2026-04,"state:SDTL, Assam",nsq,Cefixime Tablets IP 200 mg,25460922,May-2025,Apr-2027,"Alkem Health Science, A Unit of Alkem Laboratories Limited Unit-2, Samardung, Karek Block, P.O.- Namthang, Dist. Namchi, Sikkim-737137",The sample does not conform to I.P. w.r.to the tests for Identification and Assay Spurious,"SDTL, Assam",portal,2026-04_all_nsq.json,56
2026-04,"state:SDTL, Assam",nsq,Ofloxacin & Ornidazole Tablets IP,E50058,Jan-2025,Dec-2028,"Medley Pharmaceuticals Ltd., Lane No- 3, Phase-1, SIDCO Industrial Complex, Bari Brahmana, Jammu-181133",The sample does not conform to I.P. w.r.to the tests for Dissolution And Assay,"SDTL, Assam",portal,2026-04_all_nsq.json,57
2026-04,"state:SDTL, Assam",nsq,Cefpodoxime Tablets IP 200 Mg,BPA250167,Jan-2025,Dec-2026,"Aristo Pharmaceuticals Private Ltd., Vill Makhnumajra, P.O.- Bhud, Baddi, Dist. Solan (H.P.) -173205",The sample does not conform to I.P. w.r.to the tests for Identification and Assay Spurious,"SDTL, Assam",portal,2026-04_all_nsq.json,58
2026-04,"state:SDTL, Assam",nsq,Telmisartan & Amlodipine Tablets IP,BPF251519,Jun-2025,May-2027,"Aristo Pharmaceuticals Private Ltd., Vill Makhnumajra, P.O.- Bhud, Baddi, Dist. Solan (H.P.) -173205",The sample does not conform to I.P. w.r.to the tests for Identification and Assay Spurious,"SDTL, Assam",portal,2026-04_all_nsq.json,59
2026-04,"state:SDTL, Assam",nsq,Telmisartan Tablets IP 40 mg,2513000079,Aug-2025,Aug-2027,"Alembic Pharmaceuticals Ltd., Samardung Basti, Karek Block, Namthang Ilaka, Namchi, Sikkim-737126",The sample does not conform to I.P. w.r.to the tests for Dissolution & Assay,"SDTL, Assam",portal,2026-04_all_nsq.json,60
2026-04,"state:SDTL, Assam",nsq,Calcium & Vitamin D3 Tablets,24443315,Sep-2024,Aug-2026,"Alkem Health Science, A Unit of Alkem Laboratories Limited Unit-2, Samardung, Karek Block, P.O.- Namthang, Dist. Namchi, Sikkim-737137",The sample does not conform to I.P. w.r.to the tests for Dissolution & Assay,"SDTL, Assam",portal,2026-04_all_nsq.json,61
2026-04,"state:SDTL, Assam",nsq,Paracetamol Tablets IP 500mg,IPCL25031,May-2025,Apr-2028,"Pinnacle Klife Science Private Limited, At Khasra, No.63, Vill. Juddi Kalan. Baddi-173205, Distt. Solan(H.P.)",The sample does not conform to I.P. w.r.to the tests for Dissolution.,"SDTL, Assam",portal,2026-04_all_nsq.json,62
2026-04,"state:SDTL, Assam",nsq,Telmisartan Tablets IP 40 Mg,BPLT-25104,May-2025,Apr-2027,"Bennet Pharmaceuticals Limited, Vill.ChanalMajra, NR. Manpura, Bdadi, Tal. Nalagarh, Distt. Solan(H.P.) 173205",The sample does not conform to I.P. w.r.to the tests for Dissolution.,"SDTL, Assam",portal,2026-04_all_nsq.json,63
2026-04,"state:FDL, Vadodara",nsq,"Paracetamol, Phenyephrine hydrochloride, Chlorpheniramine Maleate, Sodium Citrate & Menthol Suspension",241175,Nov-2024,Oct-2026,"True Life Pharma Pvt. Ltd., 18,19, Shyam Estate, Santej- Khatraj Raod,Santej, Ta.: Kalol, Dist.: Gandhinagar-382721.",Phenyephrine hydrochloride content,"FDL, Vadodara",portal,2026-04_all_nsq.json,64
2026-04,"state:FDL, Vadodara",nsq,"Levosalbutamol, Ambroxol & Guaiphenesin Syrup",L25071,Nov-2024,Oct-2026,"Tuttsan Pharma Pvt. Ltd., Plot No. 10, Block No. 58, At & Post :Khatraj, Ta.: Kalol, Dist. : Gandhinagar.",Guaiphenesin Content,"FDL, Vadodara",portal,2026-04_all_nsq.json,65
2026-04,"state:FDL, Vadodara",nsq,"Dextromethorphan hydrobromide, phenylephrine hydrochloride & Chlorpheniramine Maleate Syrup",L 24371,Nov-2024,Oct-2026,"KNM Pharma Pvt. Ltd., 13, Mahagujarat Industrial Estate, opp. Nova Petrochemicals Limnited., Moraiya, Ta.: Sanand, Dist.: Ahmedabad, Gujarat",Microbial Contamination (Total Aerobic Viable Count),"FDL, Vadodara",portal,2026-04_all_nsq.json,66
2026-04,"state:FDL, Vadodara",nsq,"Dextromethorphan hydrobromide, phenylephrine hydrochloride & Chlorpheniramine Maleate Syrup",L 24326,Nov-2024,Oct-2026,"KNM Pharma Pvt. Ltd., 13, Mahagujarat Industrial Estate, opp. Nova Petrochemicals Limnited., Moraiya, Ta.: Sanand, Dist.: Ahmedabad, Gujarat",Microbial Contamination (Total Aerobic Viable Count),"FDL, Vadodara",portal,2026-04_all_nsq.json,67
2026-04,"state:FDL, Vadodara",nsq,Nifedipine Sustained Released Tablet IP,NR019,Nov-2024,Oct-2026,"Nabros Pharma Pvt. Ltd., NH No. 8, Kheda-387411",Dissolution,"FDL, Vadodara",portal,2026-04_all_nsq.json,68
2026-04,"state:FDL, Vadodara",nsq,Enteric Coated Rabeprazole Sodium 20 mg & Domperidone Sustained Release 30 mg Capsules,404F004,Nov-2024,Oct-2026,"Inventia Healthcare Limited., F1-F1/1, Additional Ambernath, MIDC, Ambernath (East), Dist.: Thane-421506.",Rabeprazole Sodium Content,"FDL, Vadodara",portal,2026-04_all_nsq.json,69
2026-04,state:DTL Baddi Distt. Solan HP,nsq,Cefuroxime Axetil Tablets I.P.,SSTG25503,Jan-2026,Dec-2027,Shri Sai Balaji Pharmatech Pvt Ltd. 20 Ext HPSIDC Ind. Area Baddi H.P.,Assay,DTL Baddi Distt. Solan HP,portal,2026-04_all_nsq.json,70
2026-04,state:DTL Baddi,nsq,Sodium Bicarbonate Enteric Coated Tablets 500 mg,STG-250674,Jan-2025,Jan-2027,"Supermax Drugs & Pharmaceuticals Pvt. Ltd.(Unit-II) Khasra No.322, Nanheda, Anantpur, Bhagwanpur, Roorkee-247668 Distt. Haridwar, Uttarakhand",The sample does not confirm to claim as per Patent & Proprietory in respect to the Disintegration Test.,DTL Baddi,portal,2026-04_all_nsq.json,71
2026-04,"state:DTL, Bengaluru, Karnataka",nsq,Calamine Lotion,021,Dec-2024,Nov-2026,"Medivin (India) Pharma Lab,#51/1,Ramaiahana Palya,Thagachaguppe, Kumbalagodu Post,Bengaluru-560074",Assay for Calamine (Zinc Oxide) and Liquid Paraffin,"DTL, Bengaluru, Karnataka",portal,2026-04_all_nsq.json,72
2026-04,"state:DTL, Bengaluru, Karnataka",nsq,Ketoconazole Tablets IP 200 mg,AD00112001,Jan-2025,Dec-2026,"Admed Pharma Pvt. Ltd., Plot No.87, HPSIDC, Industrial Area, Baddi, Distt. Solan, HP-173205",Description,"DTL, Bengaluru, Karnataka",portal,2026-04_all_nsq.json,73
2026-04,"state:DTL, Bengaluru, Karnataka",nsq,Ramipril Tablets IP 2.5 mg,BPRA25002,Apr-2025,Mar-2027,"Ravian Life Sciences Pvt. Ltd., Plot No.34, Sector-8A,IIE, SIDCUL, Haridwar-249403 (Uttarakhand)",Test for Dissolution and Assay for Ramipril,"DTL, Bengaluru, Karnataka",portal,2026-04_all_nsq.json,74
2026-04,"state:DTL, Bengaluru, Karnataka",nsq,Loperamide Hydrochloride Capsules I.P,C-2127,Dec-2024,Nov-2026,"Supercure Biotech Pvt. Ltd., (An ISO 9001:2015 Certified Company) Plot No-99/4/1, Friends Colony, G.T road Kundli, Haryana, India",Dissolution Test,"DTL, Bengaluru, Karnataka",portal,2026-04_all_nsq.json,75
2026-04,"state:DTL, Bengaluru, Karnataka",nsq,Montelukast Sodium and Levocetirizine Dihydrochloride Syrup,SP25990,Oct-2025,Sep-2027,"Seejar Pharmaceuticalls, Plot No.5, Survey No.198, Paiki-1/Paiki-2/Paiki-1, B/H CCL Factory, NR. Gokuldham Godown, Budasan, TA. Kadi, Dist. Mehsana-382715",Assay for Montelukast,"DTL, Bengaluru, Karnataka",portal,2026-04_all_nsq.json,76
2026-04,"state:DTL, Bengaluru, Karnataka",nsq,Calcium and Vitamin D3 Tablets IP,HCL5154,Apr-2025,Mar-2027,"Hanuchem Laboratories, Plot No.15-16-17, Sector-5, Industrial Area-Parwanoo, Distt, Solan-173220 (H.P)",Assay for Vitamin D3,"DTL, Bengaluru, Karnataka",portal,2026-04_all_nsq.json,77
2026-04,"state:DTL, Bengaluru, Karnataka",nsq,Cefixime & Potassium Clavulanate Tablets,MYRTAB-971,Mar-2025,Oct-2026,"Mayer Lab, Chambaghat, Adjacent to Railway Crossing, District Solan (H.P)-173213",Assay for Clavulanic acid,"DTL, Bengaluru, Karnataka",portal,2026-04_all_nsq.json,78
2026-04,"state:DTL, Bengaluru, Karnataka",nsq,Levocetirizine Hydrochloride and Montelukast Sodium Tablets IP (5 mg/10 mg),310225017,May-2025,Apr-2027,"Ravenbhel Healthcare Pvt. Ltd., 16-17, EPIP, SIDCO, Kartholi Bari Brahmana, Jammu-181133",Description,"DTL, Bengaluru, Karnataka",portal,2026-04_all_nsq.json,79
2026-04,"state:DTL, Bengaluru, Karnataka",nsq,Sodium Chloride (0.9% w/v) & Dextrose (5%w/v) Injection IP,PT25DNS2148C,Nov-2025,Oct-2028,"Promea Therapeutics Private Limited, Plot No. M4, Medical Device Park, Sultanpur (V). Ameenpur (M), Sangareddy (Dist), Telangana-502319",Test for Sterility,"DTL, Bengaluru, Karnataka",portal,2026-04_all_nsq.json,80
2026-04,"state:DTL, Bengaluru, Karnataka",nsq,Cetirizine Hydrochloride Tablets I.P. 10mg,LPT2425300,Feb-2025,Jan-2027,"Lannett Pharmaceuticals Pvt. Ltd., Plot No. D-8C & D-8D, Sigaddi Geowth Centre, SIDCUL Industrial Area, Kotdwar-246149 (UK)",Description,"DTL, Bengaluru, Karnataka",portal,2026-04_all_nsq.json,81
2026-04,"state:DTL, Bengaluru, Karnataka",nsq,Flunixin Meglumine Injection 50mg/ml,AFM-02,Oct-2025,Sep-2027,"Agron Remedies Pvt. Ltd. Sarverkhera, Moradabad Road, Kashipur-244713 (Uttarakhand)",Description,"DTL, Bengaluru, Karnataka",portal,2026-04_all_nsq.json,82
2026-04,"state:DTL, Bengaluru, Karnataka",nsq,"Oxetacaine, Dried Aluminium Hydroxide gel & Magnesium Hydroxide oral Suspension",SP25411,May-2025,Apr-2027,"Seejar Pharmaceuticals, Plot No.5, Survey No. 198, Paiki-1/Paiki-2/Paiki-1,B/H CCL Fctory, NR. Gokuldham Godown, Budasan, TA. KADI Dist. Mehsana-382715","Assay for Oxetacaine, Dried Aluminium Hydroxide gel & Magnesium Hydroxide","DTL, Bengaluru, Karnataka",portal,2026-04_all_nsq.json,83
2026-04,"state:DTL, Bengaluru, Karnataka",nsq,"Aceclofenac, Paracetamol and Serratiopeptidase Tablets",C24T140E,Jan-2025,Dec-2026,"Cartel Laboratories, An ISO 9001: 2015 & GMP Certified Company Plot No.10/A & 11/A, Chengicherla, Medchal-Malkajgiri Dist. Hyderabad-92",Assay for Serratiopeptidase,"DTL, Bengaluru, Karnataka",portal,2026-04_all_nsq.json,84
2026-04,state:DTL Thiruvananthapuram,nsq,Aspirin Gastro-Resistant Tablets IP 75mg,ANET1243,May-2024,Apr-2026,"Unicure India Ltd, C-21,22&23, Sector-3, Noida- 201 301, Distt.Gautam Budh Nagar (UP)","The Sample fails the test 'Descriptive Part, Dissolution, Salicylic Acid and Assay as per IP",DTL Thiruvananthapuram,portal,2026-04_all_nsq.json,85
2026-04,state:DTL Thiruvananthapuram,nsq,Glimepiride Tablets IP,AMT-2153,Sep-2025,Aug-2027,"Avalon Medicines Pvt. Ltd., Plot No.1271, Phase I, Sector 38, HSIIDC, RAI, Sonepat-131029 (HR)",The sample fails the test 'Dissolution' as per IP,DTL Thiruvananthapuram,portal,2026-04_all_nsq.json,86
2026-04,state:DTL Thiruvananthapuram,nsq,Methyl Prednisolone Tablets IP 4mg,B2508249B,Aug-2025,Jul-2027,"Bymaa Laboratories Private Limited, A-19,20,21&22, Electronic Park, PIPDIC Industrial Estate, Thirubhuvanai, Puducherry- 605107",The sample fails the test 'Dissolution' as per IP,DTL Thiruvananthapuram,portal,2026-04_all_nsq.json,87
2026-04,central,nsq,Sitagliptin & Metformin Prolonged-Release Tablets BP,AXC0111,Jul-2025,Jun-2027,"Exemed Pharmaceuticals,Plot No. 133/1 & 133/2, G.I.D.C., Selvas Road, Vapi-396195, Dist. Valsad, INDIA",The sample does not conform to B.P. with respect to the Assay of Sitagliptin.,"CDL, Kolkata",portal,2026-04_all_nsq.json,88
2026-04,"state:FDAL, Maharashtra",nsq,Amoxycillin & Potassium Clavulanate Tablets IP,ABT25223,Aug-2025,Jan-2027,"Plot No. 20, Ext. HPSIDC Ind Area, Baddi, Dist. Solan HP-173205",The content of Amoxycillin in the sample is less(i.e.49.79% of stated amount) and the content of clavulanic acid in the sample is less (i.e.6.56% of the stated amount) than IP limit. (IP Limit-Not less than 90% and Not more than 120% of stated amount) The content of Clavulanic Acid in the sample is less (i.e 29.38% of stated amount ) than the IP limit (IP limit not less than 80% of sated amount) 2. The sample does not comply with IP requirements for the Dissolution test of Amoxicillin and Clavulanic Acid,"FDAL, Maharashtra",portal,2026-04_all_nsq.json,89
2026-04,"state:SDT&RL, Bhubaneswar",nsq,Rabeprazole Sodium Tablets,T24.398,Aug-2024,Jul-2026,"Oaksun Lifesciences, Plot No. 36,37,38,46&47, Chengicherla (V) Medipally (M), Medchal - Malkajigiri (Dist.) T.S.-500092",Dissolution test under acid & Buffer stage,"SDT&RL, Bhubaneswar",portal,2026-04_all_nsq.json,90
2026-04,"state:SDT&RL, Bhubaneswar",nsq,Pantoprazole Sodium Tablets 40 mg,T24.240,May-2024,Apr-2026,"Oaksun Lifesciences, Plot No. 36,37,38,46&47, Chengicherla (V) Medipally (M), Medchal - Malkajigiri (Dist.) T.S.-500092",Dissolution (buffer stage),"SDT&RL, Bhubaneswar",portal,2026-04_all_nsq.json,91
2026-04,"state:SDT&RL, Bhubaneswar",nsq,Cyproheptadine Hydrochloride Syrup I.P.,SR-086,Dec-2024,Nov-2026,"Sresan Pharmaceutical Manufacturer 787, Bangalore Highways, Sunguvarchatiram, Kancheepuram Dist-602106",Content of Cyproheptadine HCI,"SDT&RL, Bhubaneswar",portal,2026-04_all_nsq.json,92
2026-04,"state:SDT&RL, Bhubaneswar",nsq,Ramipril Tablets I.P. 1.25mg,MLS-24943,Oct-2025,Sep-2026,"Nexkem Pharmaceuticals Pvt. Ltd., Khasra No.-69-70, Khatakheri, Bhagwanpur, Roorke-247667, Haridwar (U.K.)",Content of Ramipril & Dissolution test,"SDT&RL, Bhubaneswar",portal,2026-04_all_nsq.json,93
2026-04,"state:State Lab, DCL, Telangana",nsq,Ferrous Ascorbate and Folic Acid Tablet,NAC25006,Nov-2025,Oct-2027,"Nuvista Pharmaceuticals Pvt.Ltd, Plot No. 48, Phase-II, IDA, Mallapur, Medchal, Malkajgiri, Hyderabad - 76 Telangana.","1. Assay for Elemental Iron Does not complies as per IP 2022. 2. In the compostion the label should be mentioned as Ferrous Ascorbate and Folic Acid IP. But the label is mentioned as only Ferrous Ascorbate and Folic Acid. The letters IP is not mentioned on the strip. 3. In the compostion it should be mentioned as Ferrous Ascrobate equivalent to Elemental Iron, but it is labelled as only Ferrous Ascorbate 100 mg.","State Lab, DCL, Telangana",portal,2026-04_all_nsq.json,94
2026-04,state:DTL Jaipur,nsq,Albendazole Tablets IP,PGT24427,Jul-2024,Jun-2027,"Affy Parenterals, Vill. Gullerwala, P.O. Baddi, Distt. Solan-173205 (HP)",The sample does not conform to the IP with respect to Dissolution.,DTL Jaipur,portal,2026-04_all_nsq.json,95
2026-04,state:DTL Jaipur,nsq,Cefpodoxine Proxetil Tablets IP,VT242312,Dec-2024,Nov-2026,"VADSP PHARMACEUTICALS, Plot No.: 124, E.P.I.P. Ind. Area Phase-1, Jharmajri, Baddi (H.P.) 174103.",The sample does not conform to the IP as it does not contain Cefpodoxime (Nil),DTL Jaipur,portal,2026-04_all_nsq.json,96
2026-04,state:DTL Jaipur,nsq,"Ambroxol Hydrochloride, Levosalbutamol & Guaiphenesin Drops",GLF0712B,Jul-2025,Jun-2027,"Digital Vision, 176, Mauza Ogli, Nahan Road, Kala-Amb, Distt. Sirmour (H.P.)-173030. Mfd For : M/s Acoowell Pharma Pvt. Ltd., Nagar Suketi Road, Kala Amb, Distt. Sirmour-173030 (H.P.)",The sample does not conform to the claim with respect to Assay.,DTL Jaipur,portal,2026-04_all_nsq.json,97
2026-04,state:DTL Jaipur,nsq,Methylprednisolone Tablets IP 4mg,T252005,Jul-2025,Jun-2027,"United Bioceuticals Pvt. Ltd., Plot No. 33 C, Industrial Park-IV, Begumpur, Haridwar-249402, Uttarakhand.",The sample does not conform to the IP with respect to in Assay & Dissolution of Methylprednisolone.,DTL Jaipur,portal,2026-04_all_nsq.json,98
2026-04,state:DTL Jaipur,nsq,Dextromethorphan Hbr & Chlorphenramine Maleate Syrup,TLLM-188,Dec-2024,Nov-2026,"Taksa Lifesciences Pvt. Ltd., E-47, Industrial Area, Focal Point, Derabassi, Distt. Mohali (PB) Pin Code 140507",The sample does not conform to the claim with respect to Assay of Chlorpheniramine Maleate.,DTL Jaipur,portal,2026-04_all_nsq.json,99
2026-04,state:DTL Jaipur,nsq,Cefuroxime Axetil Tablets IP,VT252942,Mar-2026,Feb-2028,"VADSP PHARMACEUTICALS, Plot No.: 124, E.P.I.P. Ind. Area Phase-1, Jharmajri, Baddi (H.P.) 174103.",The sample does not conform to the IP with respect to Assay.,DTL Jaipur,portal,2026-04_all_nsq.json,100
2026-04,state:DTL Jaipur,nsq,Ciprofloxacin Tablets I.P. 500 mg,GT50135,May-2025,Apr-2028,"Omega Pharma, Khasra No.-482, Village-Saliyar, Roorkee- 247667, Distt. Haridwar (Uttarakhand)",The sample does not conform to the IP with respect to Assay and Dissolution of Ciprofloxacin Hydrochloride Equivalent to Ciprofloxacin.,DTL Jaipur,portal,2026-04_all_nsq.json,101
2026-04,state:DTL Jaipur,nsq,Coral Calcium & Vitamin D3 Tablets,MLS-251719,Feb-2026,Jan-2028,"Maskon Life Sciences Pvt. Ltd., Kh. No. 69 &70, Khatakheri, Bhagwanpur, Roorkee (U.K.) India",The sample does not conform to the claim with respect to Assay of Vitamin D3 (Nil).,DTL Jaipur,portal,2026-04_all_nsq.json,102
2026-04,state:DTL Jaipur,nsq,Amoxycillin Potassium Clavulanate & Lactic Acid Bacillus Tablets,VT252296,Dec-2025,May-2027,"VADSP PHARMACEUTICALS, Plot No.: 124, E.P.I.P. Ind. Area Phase-1, Jharmajri, Baddi (H.P.) 174103.",The sample does not conform to the claim as it does not contain Clavulanic Acid (Nil).,DTL Jaipur,portal,2026-04_all_nsq.json,103
2026-04,"state:State Lab, DCL, Telangana",nsq,Povidone-Iodine Solution IP (10%),RSPI25091B,Sep-2025,Aug-2027,"Rsons Medikits India 5-5-35/275/2, 1st Floor, Shaktipuram, I.E. Kukatpally, Hyderabad - 500072 Telangana.",Assay for available Iodine does not complies as per IP 2022 monograph.,"State Lab, DCL, Telangana",portal,2026-04_all_nsq.json,104
2026-04,"state:State Lab, DCL, Telangana",nsq,Azithromycin Oral Suspension 100 ml,25243,Jul-2025,Jun-2027,"HYT Formulations 1st 2nd & rd Floors Room, 7-17/28, Satyanarayanapuram, Parvathapur, Medipally, Hyderabad - 50009 Telangana.",The sample does not meets the Specification wrt. Assay of Azithromycin as per STP.,"State Lab, DCL, Telangana",portal,2026-04_all_nsq.json,105
2026-04,"state:State Lab, DCL, Telangana",nsq,Rosuvastatin with Fenofibrate Tablets,RDF-2504,Jun-2025,Jun-2027,"Life Line Pharma 188/1, Iyyanar Koil Road, Mettupalayam, Puducherry - 605009. Puducherry.605009",MISBRANDED DRUG In the composition the label should be mentioned as Rosuvastatin and Fenofibrate tablets IP. But the label is mentioned as only Rosuvastatin and Fenofibrate tablets. Hence it is Misbranded drug as per section 17 of Drugs and Cosmetics Act 1940.,"State Lab, DCL, Telangana",portal,2026-04_all_nsq.json,106
2026-04,"state:SDTL, Tripura",nsq,Pantoprazole Gastro ? Resistant & Domperidone Prolonged ? Release Capsules IP,KC25G002,Jul-2025,Jun-2027,"Keylink Global Exim Pvt. Ltd., K.H. No. 111/143, Vill. Dhermajra, Tehsil, Nalagarh, Distt. Solan (H.P.) ? 174101.",The sample does not conform to Standard Quality in respect of the tests for Dissolution in Buffer stage performed.,"SDTL, Tripura",portal,2026-04_all_nsq.json,107
2026-04,"state:SDTL, Tripura",nsq,Amoxycillin and Potassium Clavulanate Tablets IP,BYC0043,Aug-2025,Jan-2027,"Sun Pharmaceuticals Ind. Ltd., Acme Plaza, Andheri ? Kurla Road, Andheri (E) , Mumbai ? 400059.",The sample does not conform to standard in respect of the test for Dissolution of Amoxycillin performed.,"SDTL, Tripura",portal,2026-04_all_nsq.json,108
2026-04,"state:SDTL, Tripura",nsq,Amoxycillin and Potassium Clavulanate Tablets IP,25442306,Jun-2025,Nov-2026,"Alkem Health Science, A unit of Alkem Laboratories Limited, Unit-2, Samardung, Karek Block, P.O.: Namthang, Distt. Namchi, Sikkim - 737137.",The sample does not conform to standard quality in respect of the test for ?Dissolution of Amoxycillin and Assay for Clavulanic Acid performed.,"SDTL, Tripura",portal,2026-04_all_nsq.json,109
2026-04,"state:SDTL, Tripura",nsq,Amoxycillin and Potassium Clavulanate Tablets IP,CF10077,Mar-2025,Aug-2026,"Finecure Pharmaceuticals Ltd., Plot No. C14+C15+C16/1, Arvind Megapark, Vasna Chacharwadi, Taluka:Sanand, Ahmedabad.",The sample does not conform to standard in respect of the test for Dissolution of Amoxycillin performed.,"SDTL, Tripura",portal,2026-04_all_nsq.json,110
2026-04,central,nsq,INFUSION SET,G25I020339,Sep-2025,Aug-2030,"Romsons Group Pvt. Ltd.,Plant-2, C-1 & C-2, Foundry Nagar, Agra-282006 (U.P.) INDIA",The sample does not conform to manufacturer specification and ISO 8536-4 with respect to sterility.,"CDL, Kolkata",portal,2026-04_all_nsq.json,111
2026-04,"state:State Lab, DCL, Telangana",nsq,"Rolled Bandage, Schedule F (II)",26,Apr-2025,Apr-2028,"Karunamoorthy Surigcals Ayyanapuram, Chatrapatti - 626 102 Tamil Nadu.","The sample does not complies for test parameyters1. Length 2,Width 3. Warp and 4.Weight in Grams/Sq.Met","State Lab, DCL, Telangana",portal,2026-04_all_nsq.json,112
2026-04,"state:RDTL,Guwahati",nsq,Absorbent Cotton Wool I.P,2085,Mar-2025,Feb-2027,"Jind Surgicals 24-27, HSIIDC Industrial Area, New Hansi Road, Jind-126102, Haryana",The sample is not of standard quality for the reason stated under Description,"RDTL,Guwahati",portal,2026-04_all_nsq.json,113
2026-04,"state:State Lab, DCL, Telangana",nsq,Absorbent Gauze IS 758,183,Aug-2025,Jul-2028,"Sri Vishnuram Company 759/15, Balasubramaniapuram Street, Post Box NO. 30, Chatrapatti - 626 102. Tamil Nadu.",The sample does not complies for test parameters 1. Threads per dm 2.Length 3. Width and 4.Weight In Gm/Sq.Met.,"State Lab, DCL, Telangana",portal,2026-04_all_nsq.json,114
2026-04,state:DTL Thiruvananthapuram,nsq,Liquid Paraffin IP 100 ml,208,Dec-2025,May-2028,"Repacked by- Medi Smith Pharma Lab, #20A 1st Phase, KIADB, Mysore Road, Kumbalagodu, Bangalore- 560074",The sample fails the test Light Absorption as per IP,DTL Thiruvananthapuram,portal,2026-04_all_nsq.json,115
2026-04,state:RDTL Chandigarh,nsq,Mehandi Cone,PMC1744,Dec-2025,Nov-2026,"PUSHP HENNA PVT. LTD., Regd. Office : Nr. Kushal Krishi Farm, Sojat Road Marg, Sojat City?306104 (Raj.) India",The Sample does not conform to claim as per IS 17318:2020 in respect to the Test of Total viable count.,RDTL Chandigarh,portal,2026-04_all_nsq.json,116
2026-04,"state:FDL, Vadodara",nsq,Activated Teeth Whitening Powder with Charcoal,DC5092,Nov-2024,Oct-2026,"Dentiglow, Surat-395006",Total Microbial Count & Total Yeast and Mould Count,"FDL, Vadodara",portal,2026-04_all_nsq.json,117
2026-04,"state:FDL, Vadodara",nsq,ALPC Wellness Rosemary Water for thick Hair,AR5112,Nov-2024,Oct-2026,"ALPC, Surat",Total Microbial Count,"FDL, Vadodara",portal,2026-04_all_nsq.json,118
2026-04,state:DTL Bhopal,nsq,Prem Dulhan Fast Colour Cone (For Fast & Dark Colour),PD07A,Jul-2025,Jun-2026,"Prem Green Pvt. Ltd., Khasra No. 678/12, Siryari Road, Vill. Vopari, Tehsil- Marwar Junction, District-Pali (Raj)-306023.",The sample fails to comply in respect of labelling as per cosmetic Act.,DTL Bhopal,portal,2026-04_all_nsq.json,119
2026-04,"state:FDAL, Mumbai",nsq,Pantoprazole & Domperidone Tablet,GT501287a,Nov-2025,Oct-2027,"Gnosis Pharmaceuticals Pvt. Ltd. Nahan Road, Village Mognand, Kala-Amb Dist. Sirmour-173030",The sample does not comply with IP requirment for the Dissolution -A for Pantoprazole,"FDAL, Mumbai",portal,2026-04_all_nsq.json,120
2026-04,"state:FDAL, Mumbai",nsq,Paracetamol Tablets IP,2506006,Jun-2025,May-2028,"Aban Pharmaceuticals Plot No. 1018, Kerala, G.I.D.C Bavla, Dist. Ahmedabad-382220",The samole does not comply with IP requirment for the Dissolution test.,"FDAL, Mumbai",portal,2026-04_all_nsq.json,121
2026-04,central,spurious,Ursodeoxycholic Acid Tablets IP,GTF2281A,Aug-2024,Jul-2026,Under Investigation | Under Investigation,"The product is purported to be spurious, however, the same is subject to outcome of investigation","CDL, Kolkata",portal,2026-04_all_spurious.json,1
2026-04,"state:SDTL, Assam",spurious,"L-Carnitine, L- Tartarate ,Mecobalamin & Folic Acid Tablets",B95Y032,Mar-2025,Feb-2027,Under Investigation | Under Investigation,"The product is purported to be spurious, however, the same is subject to outcome of investigation","SDTL, Assam",portal,2026-04_all_spurious.json,2
2026-05,central,nsq,Iron Sucrose Injection USP,MFS-124,Nov-2025,Oct-2027,"Marc Laboratories Ltd. Unit-III,Plot No. 107 & 112, H.P.S.I.D.C., Baddi, Distt. Solan (H.P.)",The sample does not conform to U.S.P with respect to test for pH and Alkalinity,"CDL, Kolkata",portal,2026-05_all_nsq.json,1
2026-05,central,nsq,Swabs Sterile,14,May-2025,Apr-2028,"Pearsons Healthcare Products,5-A, Muraripuram, Meerut City- 250 002, (U.P.)","The sample does not conform to B.P.C. with respect to thread per stated length, weight per unit area, surface active substance and sulphated ash","CDL, Kolkata",portal,2026-05_all_nsq.json,2
2026-05,central,nsq,Cotton Bandage (Non Sterile),943,May-2025,Apr-2027,"Sapna Bunkar Hath Kargha Sahkari Samiti Ltd.B-12(D), Malviya Industrial Area, Jaipur","The sample does not conform to claim as per Schedule F-(II) with respect to test for Threads per dm, Weight In Gm/sq.m, Length and Fluorescence","CDL, Kolkata",portal,2026-05_all_nsq.json,3
2026-05,state:MDTL Kathua,nsq,"Paracetamol, Phenylephrine HCL, Caffeine and Disphenhydramine HCL Tablets",UT-250656D,May-2025,Apr-2027,"Ultra Drugs Pvt. Ltd. (Unit-II) HS No. 211, K. No. 77/1, 78/1 Vill. Katha, Baddi, Distt. Solan (H.P.) 173205",The sample fails in the Test for Description and Disintegration,MDTL Kathua,portal,2026-05_all_nsq.json,4
2026-05,"state:DTL,Dalgate Srinagar kashmir.",nsq,Aceclofenac and Thiocolchicoside Tablets,VT251855,Nov-2025,Oct-2027,"VADSP Pharmaceuticals,, Plot No.: 124, E.P.I.P. Ind. Area Phase-1, Jharmajri, Baddi (H.P.) 174103. Mfd for : M/s IQMED Healthcare, Smridhi Enclave, Basement Floor, Unit A 479, Katewa Nagar, New Sanganer Road, Jaipur-302019.",The sample does not conform to IP 2022 requirements w.r.t Assay of Thiocolchicoside,"DTL,Dalgate Srinagar kashmir.",portal,2026-05_all_nsq.json,5
2026-05,central,nsq,Amoxycillin and Potassium Clavulanate & Lactic Acid Bacillus Tablets,JMT-2511010,Nov-2025,Apr-2027,"JMM Formulation Pvt. Ltd.,Village Khari, Mouza-Ogli, Suketi Road, Kala amb Tehsil: Nahan, Distt. Sirmour, H.P. 173030, India",The sample does not conform to claim with respect to Assay of Lactic Acid Bacillus,"CDL, Kolkata",portal,2026-05_all_nsq.json,6
2026-05,central,nsq,Rabeprazole Sodium Injection IP,MD25C11,Mar-2025,Feb-2027,"Martin And Brown Bio-Sciences Pvt.Ltd.,K.No. 918/419, Malkumajra, Nalagarh Road, Baddi, Distt. Solan (H.P) 173205","The sample does not conform to I.P with respect to the tests of Particulate matter, Clarity of Solution, Uniformity of weight and for the reason stated under Description","CDL, Kolkata",portal,2026-05_all_nsq.json,7
2026-05,central,nsq,Rosuvastatin Tablets IP 20 mg,RVST-1040,Nov-2025,Oct-2027,"Wings Biotech LLP,43 and 44, HPSIDC, Industrial Area, Baddi-173205 (H.P)",The sample does not conform to I.P with respect to the test for Related substances,"CDL, Kolkata",portal,2026-05_all_nsq.json,8
2026-05,"state:SDTL, Kolkata, West Bengal.",nsq,TELMISARTAN TAB I.P. 40 MG.,GT-25044,May-2025,Apr-2027,"Helax Healthcare Pvt. Ltd., Khasra No. 410, Vill. Karondi, Deradun Rd, Roorkee, Haridwar, Uttarakhand-247 667.",The sample does not conform to I.P.,"SDTL, Kolkata, West Bengal.",portal,2026-05_all_nsq.json,9
2026-05,"state:DTL,Dalgate Srinagar kashmir.",nsq,Gabapentin Tablets IP 300 mg,TSF-DO897,May-2025,Apr-2027,"Spen Formulations Pvt.Ltd. Plot No 123.Industrail Area,Mehatpur,Distt.UNA-174315(HP)",The sample does not conform to IP 2022 requirements w.r.t Dissolution Test,"DTL,Dalgate Srinagar kashmir.",portal,2026-05_all_nsq.json,10
2026-05,"state:DTL,Dalgate Srinagar kashmir.",nsq,Bisacodyl Gastro Resistant Tablets IP,2518853T001,Jan-2025,Dec-2027,"Scott-Edil Pharmacia Ltd,Unit -II,Plot No 21-22,EPIP,Phase -I,Jharmajri Baddi,Solan -173205(HP) India.",The sample does not conform to IP 2022 requirements w.r.t Dissolution Test,"DTL,Dalgate Srinagar kashmir.",portal,2026-05_all_nsq.json,11
2026-05,"state:DTL,Dalgate Srinagar kashmir.",nsq,Diclofenac Sodium Injection,PGY25252,Apr-2025,Mar-2027,"Affy Parenterals Vill Gulerwa;la ,P.o Baddi ,Distt Solan 173205(H.P)",The sample does not conform to IP 2022 requirements w.r.t pH,"DTL,Dalgate Srinagar kashmir.",portal,2026-05_all_nsq.json,12
2026-05,"state:DTL,Dalgate Srinagar kashmir.",nsq,Rabeprazole sodium IP 40mg,JKFP25002,Oct-2025,Sep-2027,"Cadila pharmaceuticlas Limited ,Industrail Growth Center,SIDCO,samba-184121,State of J and K.",The sample does not conform to IP 2022 requirements w.r.t Dissolution Test,"DTL,Dalgate Srinagar kashmir.",portal,2026-05_all_nsq.json,13
2026-05,"state:DTL,Dalgate Srinagar kashmir.",nsq,Sodium Picosulphate Oral Solution BP,EFLH-25016,Mar-2025,Feb-2027,"Leeford Healthcare Ltd at Plot No 888B,EPIP,Phase II,Village thana Baddi,Distt Soaln H.P.173205",The sample does not conform to IP 2022 requirements w.r.t Assay,"DTL,Dalgate Srinagar kashmir.",portal,2026-05_all_nsq.json,14
2026-05,central,nsq,"Dextromethorphan Hydrobromide,Ambroxol Hydrochloride,Chlorpheniramine Maleate , Phenylephrine Hydrochloride & Menthol Syrup",CLRA4004,Dec-2024,Nov-2026,"Crest Lifesciences Pvt. Ltd.,Plot No. 127-128, EPIP Phase-I, Jharmajri, Tehsil Baddi, Distt. Solan (Himachal Pradesh) 174103","The sample does not conform to claim with respect to Assay of Phenylephrine Hydrochloride, Ambroxol Hydrochloride and Menthol","CDL, Kolkata",portal,2026-05_all_nsq.json,15
2026-05,central,nsq,Aceclofenac (SR) & Rabeprazole Sodium (EC) Capsules,YC337A,Jul-2025,Jun-2027,"Saphnix Life Sciences,Village-Barotiwala, Paonta Sahib, Distt. Sirmour, Himachal Pradesh-173025",The sample does not conform to Manufacturer's Specification with respect to the test of Dissolution of Rabeprazole Sodium in buffer stage,"CDL, Kolkata",portal,2026-05_all_nsq.json,16
2026-05,central,nsq,Roller Bandage cloth (Non sterile),RBC-10/16,Aug-2024,Aug-2027,"Lifecare Surgicals ,Plot No 169, Industrial Park, Nuzvid-521201, Krishna District, Andhra Pradesh","The sample does not conform to the Schedule F(II) with respect to threads per dm (weft), length and foreign matter","CDL, Kolkata",portal,2026-05_all_nsq.json,17
2026-05,central,nsq,Pregabalin & Nortriptyline Tablets,ST25417C,Nov-2025,Oct-2027,"Sahika Pharmaceuticals Pvt. Ltd.,Unit-Mauja Rampur Jattan, Trilokpur Road, Kala Amb Industrial Area, Sirmour, (H.P.) 173030.",The sample does not conform to Manufacturer's Specification with respect to Assay of Pregabalin,"CDL, Kolkata",portal,2026-05_all_nsq.json,18
2026-05,central,nsq,Ferric Carboxymaltose Injection 50 mg/ml,RC25001,Sep-2025,Aug-2027,"Maan Pharmaceuticals Ltd,Plot-1, G.I.D.C., Phase-II, Modhera Road, Mehsana-384002, Gujarat India",The sample does not conform to Manufacturer's specification with respect to test for Bacterial endotoxins,"CDL, Kolkata",portal,2026-05_all_nsq.json,19
2026-05,central,nsq,Triamcinolone Acetonide Injection IP,NB02I065b,Feb-2025,Jan-2027,"NDB Healthcare,Vill. Lower Ambota, Sec-5, Parwanoo, Distt. Solan (H.P.)-173220",The sample does not conform to IP with respect to test for Sterility,"CDL, Kolkata",portal,2026-05_all_nsq.json,20
2026-05,central,nsq,Heparin Sodium Injection IP 5000 IU/ml,HSV22406,Nov-2024,Oct-2026,"Nandani Medical Laboratories Pvt. Ltd.,221/5, Bicholi Hapsi, Kanadia Road, Indore-452016 M.P",The sample does not conform to I.P. with respect to the Assay of Heparin (Anti-factor IIa activity),"CDL, Kolkata",portal,2026-05_all_nsq.json,21
2026-05,central,nsq,Absorbent Cotton Wool IP,COT100-08-2K25-11,Nov-2025,Oct-2028,"Selemp Pharma Enterprises,21-22, 23-4B/273 To 277, 4th Floor, Vasavi Pharma Market Complex, Gollapudi, Vijayawada 521225, Andhra Pradesh",The sample does not conform to I.P. with respect to fluorescence and water soluble substances,"CDL, Kolkata",portal,2026-05_all_nsq.json,22
2026-05,central,nsq,Teneligliptin & Metformin Hydrochloride Extended Release tablets IP,T-2503098,Mar-2025,Feb-2027,"Rivpra Formulation Pvt. Ltd.,Plot No.8, Sector-6A, I.I.E. SIDCUL, Haridwar-249 403 (U.K.)",The sample does not conform to I.P. with respect to the Dissolution and Assay of Teneligliptin,"CDL, Kolkata",portal,2026-05_all_nsq.json,23
2026-05,central,nsq,Propylene Glycol IP,PG-IP/2024-25/2158,Jul-2024,Jun-2029,"Manali Petrochemicals Ltd,Plant II, Sathangadu Village, Manali, Chennai 600068","The sample does not conform to I.P. with respect to the test for ""Water""","CDL, Kolkata",portal,2026-05_all_nsq.json,24
2026-05,central,nsq,"Ambroxol, Terbutaline Guaiphenesin with Menthol Syrup",AL24-0611A,Dec-2024,Nov-2026,"ASPO PHARMACEUTICALS LLP,Plot No 10, HIMUDA Industrial Area, Phase IV, Bhatoli Kalan, Baddi, Disttt. Solan (HP)-173205","The sample does not conform to Manufacturer's Specification with respect to Assay of Ambroxol Hydrochloride, Guaiphenesin, and Terbutaline Sulphate","CDL, Kolkata",portal,2026-05_all_nsq.json,25
2026-05,central,nsq,Iron Sucrose Injection USP,MFS-122,Nov-2025,Oct-2027,"Marc Laboratories Ltd. Unit-III,Plot No. 107 & 112, H.P.S.I.D.C., Baddi, Distt. Solan (H.P.)",The sample does not conform to U.S.P with respect to test for 'pH' and 'Alkalinity',"CDL, Kolkata",portal,2026-05_all_nsq.json,26
2026-05,central,nsq,Ceftriaxone Injection I.P.,18251528A,Apr-2025,Mar-2027,"Macleods Pharmaceuticals Ltd,Khasra No. 21 ,22,66,67 & 68, Aho-Yangtam, Namchepung, PO: Ranipool, Sikkim - 737135.","The sample does not conform to I.P with respect to the tests of Appearance of solution, Clarity of Solution and Particulate Matter","CDL, Kolkata",portal,2026-05_all_nsq.json,27
2026-05,central,nsq,"Ampicillin & Cloxacillin Capsules, Mediclox- Plus (as per Front Side of The sample strips), Betamox Plus (as per back side of The sample strips) and Amoxycillin, Cloxacillin & Lactic Acid Bacillus Capsules (As per Form 18)",PBEAL001,Feb-2025,Jan-2027,"Laborate Pharmaceuticals India Ltd.,(Unit II) 31, Rajban Road, Nariwala, Paonta Sahib (H.P.)","The sample does not conform to claim with respect to Identification and Assay of Ampicillin. The sample is found to contain 246.8 mg Amoxycillin per capsule however, there is no label claim for Amoxycillin in The sample. The sample is deemed to be misbranded drug vide Section 17 of Drugs and Cosmetics Act 1940 and Rule thereunder.","CDL, Kolkata",portal,2026-05_all_nsq.json,28
2026-05,central,nsq,Dextromethorphan Hydrobromide Chlorpheniramine Maleate Bromohexine Hydrobromide Syrup,AR651,Jan-2026,Dec-2027,"Biva Biotech,R.O-Uma Complex, R. K. Nagar-20 A.0-Kanaulus Taluka Lalpur, Dist-Jamnagar, GUJRAT-361280","The sample does not conform to claim as per Schedule V, Drugs & Cosmetics Rules 1945 with respect to Assay of Dextromethorphan Hydrobromide, and Chlorpheniramine Maleate.","CDL, Kolkata",portal,2026-05_all_nsq.json,29
2026-05,central,nsq,Heparin Sodium Injection IP 5000 IU/ml,BSV22501,Feb-2025,Jan-2027,"Nandani Medical Laboratories Pvt. Ltd.,221/5, Bicholi Hapsi, Kanadia Road, Indore-452016",The sample does not conform to I.P. with respect to Assay of Heparin (Anti-factor IIa activity),"CDL, Kolkata",portal,2026-05_all_nsq.json,30
2026-05,central,nsq,Ofloxacin & Metronidazole Suspension,CF610,Nov-2025,Oct-2027,"Biva Healthcare,R.O. R.K. Nagar-20 A.O.: Kanaulus Taluka, Lalpur, Dist Jamnagar, Gujarat-361280",The sample does not conform to claim with respect to the test of Identification and Assay of Metronidazole and Ofloxacin,"CDL, Kolkata",portal,2026-05_all_nsq.json,31
2026-05,central,nsq,Vidagliptin Tablets IP 50 MG.,TVA407,Apr-2024,Mar-2027,"Synmedic Laboratories,SP-3-5 A And C, RIICO Industrial Area Keshwana, Kotputli, Jaipur, Rajasthan-303108.",The sample does not conform to I.P. with respect to the Dissolution and Assay of Vildagliptin.,"CDL, Kolkata",portal,2026-05_all_nsq.json,32
2026-05,central,nsq,"Calcium Carbonate, Vitamin D3, Methylcobalamin, L Methylfolate Calcium And Pyridoxal 5-Phosphate",ST25-2587,Aug-2025,Jul-2027,"Salud Care (India) Ltd.,Plot No. 435, Kishanpur, Jamalpur, Roorkee, Distt. Haridwar, Uttarakhand (India).",The sample does not conform to Manufacturer Specification with respect to 'Assay of 'L-Methylfolate Calcium equiv. to L-Methylfolate'.,"CDL, Kolkata",portal,2026-05_all_nsq.json,33
2026-05,central,nsq,Itraconazole Capsules BP 65 mg.,HC-2507123,Jul-2025,Jun-2027,"Helax Health Care Private Limited,(A WHO-GMP & GLP Certified Company) Khasra No. 410, Village Karondi Distt Haridwar","The sample does not conform to claim as per B.P. with respect to the test for ""Assay"" and ""Dissolution"" of Itraconazole","RDTL, Guwahati",portal,2026-05_all_nsq.json,34
2026-05,central,nsq,Albendazole Tablets I.P. 400 mg,AT25/120,May-2025,Apr-2027,"Accuwell Medics Private Limited,Survey No. 414, Ashwamegh Ind. Estate, Changodar Ahmedabad-382213 (Guj) India","The sample does not comply as per I.P. 2022 with respect to the test for ""Dissolution"" of Albendazole.","RDTL, Guwahati",portal,2026-05_all_nsq.json,35
2026-05,central,nsq,Co-trimoxazole Tablets IP 960 mg,OMT25087,Jun-2025,May-2027,"Omish Laboratories Pvt. Ltd.,Plot No.: D-10, Gallops Industrial Park-1, Ahmedabad- Rajkot Highway, NH-8A, Rajoda, Bavla, Ahmedabad- 382220 (Gujarat)","The sample does not comply as per I.P. 2022 with respect to the test for ""Dissolution"" of Sulphamethoxazole.","RDTL, Guwahati",portal,2026-05_all_nsq.json,36
2026-05,central,nsq,INFUSION SET,IV2512068,Dec-2025,Nov-2030,"Primesurge International,FF-Vimal Estate, Swastik Cross Road, Amraiwadi, Ahmedabad- 380026.",The sample does not comply as per I.P. 2022 with respect to the test for Sterility.,"RDTL, Guwahati",portal,2026-05_all_nsq.json,37
2026-05,central,nsq,"Cholecalciferol Chewable Tablets 60,000 IU",T-5224,Jan-2026,Dec-2027,"Pharma Synth Formulations Ltd.,Plot No. 18-22, Sector-6B, SIDCUL-IIE, Haridwar, UK.",The sample does not conform to claim as per Patent and Proprietary in respect to the Assay of Cholecalciferol.,"RDTL, Chandigarh",portal,2026-05_all_nsq.json,38
2026-05,central,nsq,Ondansetron Tablets IP,ONST-1006,Jul-2026,Jun-2027,"Wings Biotech LLP,43 and 44, HPSIDC, Industrial Area, Baddi-173205 (H.P)",The sample does not conform to claim as per IP 2022 and Addendum 2024 in respect to the test of Dissolution.,"RDTL, Chandigarh",portal,2026-05_all_nsq.json,39
2026-05,central,nsq,Pregabalin capsules IP 300 mg,SC2602602,Feb-2026,Jan-2028,"Scout Lifescience Pvt Ltd,Plot No.353, Sector-2, Industrial Growth Centre, HSIIDC, Saha, Ambala, Haryana, India-133104",The sample received does not conform to the I.P. 2022 standard with respect to the test for Dissolution and Description,"CDTL, Mumbai",portal,2026-05_all_nsq.json,40
2026-05,central,nsq,Amlodipine Tablets IP 5mg,GAB36,Nov-2025,Oct-2027,"Super Formulations Pvt Ltd,16-B & 15-F, Industrial Area, Maxi Road, Ujjain (M.P) 456010",The sample received does not conform to I.P. 2022 with respect to the test for Related substances other test could not be done due to technical reason.,"CDTL, Mumbai",portal,2026-05_all_nsq.json,41
2026-05,central,nsq,Aspirin Gastro-resistant and Atorvastatin Capsules IP (75mg/10mg),AAC5053,Jul-2025,Jun-2027,"Vivimed Labs Limited.,D-125 & 128, Phase III, I.D.A., Jeedimetla, Medchal-Malkajgiri Dist Telangana State-500 055",The sample does not conforms to I.P.2022 with respect to the Test for Related substances for Aspirin and Atorvastatin.,"CDTL, Mumbai",portal,2026-05_all_nsq.json,42
2026-05,central,nsq,Lactulose Solution U.S.P.,HL154,Dec-2025,Nov-2027,"Azine Healthcare Pvt. Ltd.,Plot No. 401, GIDC Kerala, Bavla-382220, Dist. Ahmedabad, Gujarat",The sample does not conforms to IP addendum-2024 with respect to the tests for Related Substances.,"CDTL, Mumbai",portal,2026-05_all_nsq.json,43
2026-05,central,nsq,Amlodipine Besylate Tablets IP,AML-2506,Dec-2025,Nov-2027,"Apple Formulations Pvt. Ltd. Plot No.208, Kishanpur, Roorkee- 247667(U.K.)",The sample received does not conform to I.P. 2022 with respect to the test for Related substances. other test could not be done due to technical reason.,"CDTL, Mumbai",portal,2026-05_all_nsq.json,44
2026-05,central,nsq,Levocetirizine Dihydrochloride Syrup,1C0149,Mar-2026,Feb-2028,"Deep Pharma,Unit-2, Survey No.293/3, Behind Jalaram Mandir, Kalikund-Kheda Road, Dholka-382225, Dist. Ahmedabad",The sample does not conform to Manufacturers specification with respect to the test of Microbial contamination (Total aerobic viable count).,"CDTL, Mumbai",portal,2026-05_all_nsq.json,45
2026-05,central,nsq,Phytomenadione Injection BP,57P25001,Jan-2025,Dec-2026,"Radiant Parenterals Ltd.,242/5 & 6, G.I.D.C. Estate at & Post Waghodia, Dist- Vadodara, Gujarat- 391760",The sample does not conform to I.P. 2022 with respect to the test for pH.,"CDTL, Mumbai",portal,2026-05_all_nsq.json,46
2026-05,central,nsq,Ofloxacin and Ornidazole Tablets,WT-957,Feb-2025,Jan-2028,"Wilcure Remedies Pvt. Ltd.PH No. 10, Gram Mirzapur, Khandwa Road, Dist. Indore 452020 (MP), India.",The sample received does not conforms to I.P. 2022 with respect to the test for Related substances,"CDTL, Mumbai",portal,2026-05_all_nsq.json,47
2026-05,central,nsq,Thyroxine Sodium Tablets IP 50mcg,1030,Apr-2025,Mar-2027,"Healthy Life Pharma Pvt. Ltd.,Factory: N-31/1, M.I.D.C., Tarapur, Boisar - 401 506, Dist. Palghar.","The sample does not conform to I.P with respect to the "" Assay, Dissolution and Uniformity of content of Thyroxine Sodium equivalent to anhydrous Thyroxine Sodium.","CDTL, Indore",portal,2026-05_all_nsq.json,48
2026-05,"state:BDCL, Patna",nsq,Amoxycillin and Potassium Clavulanate Tablets IP,TB250485K,Aug-2025,Jan-2027,"Polestar Power Industries (Pharma Divison) Village-Damuwala. Haripur Road, Baroliwal Baddi, Dist. Solan 170103","The sample does not conform specification with respect to content of Amoxycillin and Clavunate Acid A,pxuco;;om 52.27% , Cavulanic Acid 19.24% of claim)","BDCL, Patna",portal,2026-05_all_nsq.json,49
2026-05,"state:BDCL, Patna",nsq,Amoxycillin and Potassium Clavulanate Tablets IP,9187,Sep-2025,Aug-2027,"Apex Formulation, Khasra No. 49/6,Nayagaon, District Sirmour, 173001",The sample does not conform specification with respect Identification and content of Amoxycillin and Claclanic acid This sample is deemed to be Spurious,"BDCL, Patna",portal,2026-05_all_nsq.json,50
2026-05,"state:SDTL, Chhattisgarh",nsq,Aceclofenac & Paracetamol Tablets,LV25DT-066B,Apr-2025,Mar-2027,"L.V. Life Sciences, VPO Gurumajra, Baddi ,Distt.- Solan ( H.P.) 174101",Misbrandad,"SDTL, Chhattisgarh",portal,2026-05_all_nsq.json,51
2026-05,"state:SDTL, Chhattisgarh",nsq,Aceclofenac & Paracetamol Tablets,SAI-25029,Jan-2025,Dec-2026,"Anon Pharmaceutical, A-1 R.I.A. Harsuliya 303005",Misbrandad,"SDTL, Chhattisgarh",portal,2026-05_all_nsq.json,52
2026-05,"state:SDTL, Chhattisgarh",nsq,Aceclofenac & Paracetamol Tablets,MT-250777,May-2025,Apr-2027,"Matins Healthcare Pvt. Ltd. Plot No 10, Sector- 5 IIE , SIDCUL Haridwar- 249403 (UK)",Misbrandad,"SDTL, Chhattisgarh",portal,2026-05_all_nsq.json,53
2026-05,"state:SDTL, Chhattisgarh",nsq,"Aceclofenac, Paracetamol, Phenylephrine Hcl Cetirizine Hcl & Caffeine",GT-25294A,Aug-2025,Jul-2028,Not Applicable,Misbrandad,"SDTL, Chhattisgarh",portal,2026-05_all_nsq.json,54
2026-05,"state:SDTL, Chhattisgarh",nsq,"Aceclofenac, Paracetamol Tablets",ACPUT-004,Jul-2025,Jun-2028,"Laborate Pharmaceuticals India Ltd., 51 Indl. Area Paonta Sahib ( H.P.)",Misbrandad,"SDTL, Chhattisgarh",portal,2026-05_all_nsq.json,55
2026-05,"state:SDTL, Chhattisgarh",nsq,Itraconazole Capsule,BBC25I02A,Dec-2025,Nov-2027,"Bayberry Pharmaceuticals Pvt. Ltd., Vill Katha, Tehsil Baddi Distt. Solan (H.P.)",Misbrandad,"SDTL, Chhattisgarh",portal,2026-05_all_nsq.json,56
2026-05,"state:Government Analyst, Food & Drugs Admn. Bambolim, Goa.",nsq,Atorvastatin Tablets IP 10mg,AUVT1304,Jul-2025,Jun-2027,"Unicure India Ltd., C-21,22 & 23, Sector 3 Noida, Distt: Gautam Budh Nagar, (U.P.) - 201301",Does not conform to IP Standards with respect to the Dissolution Test,"Government Analyst, Food & Drugs Admn. Bambolim, Goa.",portal,2026-05_all_nsq.json,57
2026-05,"state:FDL, Vadodara",nsq,"Dextromethorphan Hydrobromide, Cetirizine Dihydrochloride, Ambroxol Hydrochloride & Methol Syrup",DLS5271,Aug-2025,Jul-2027,"Dhwanilife care Pvt. Ltd., Plot No. C-20, (C-39) & C-20(3), (C-40), Arvind Park, Village: Chacharwadi-Vasna, Ahmedabad, Gujarat-382213.",Ambroxol Hydrochloride content,"FDL, Vadodara",portal,2026-05_all_nsq.json,58
2026-05,"state:FDL, Vadodara",nsq,Omeprazole Capsules IP,B251266,Aug-2025,Jul-2027,"Bochem Healthcare Pvt. Ltd., 83,84, Industrial Area, Dewas Road, Nagziri, Ujjain- 456010",Dissolution (Acid Satge),"FDL, Vadodara",portal,2026-05_all_nsq.json,59
2026-05,"state:FDL, Vadodara",nsq,Lamotrigine Dispersible Tablets IP 25 mg,L-160006,Aug-2025,Jul-2027,"Centurion Laboratories Pvt. Ltd., P-2, Bio-tech Park, Manjusar, Savli, Dist.: Vadodara-391775",Dissolution,"FDL, Vadodara",portal,2026-05_all_nsq.json,60
2026-05,"state:FDL, Vadodara",nsq,Levocetirizine Hydrochloride & Montelukast Syrup,JLH2523,Aug-2025,Jul-2027,"Janveda Healthceuticals Pvt. Ltd.,26, Gopi Industrial Esatate, B/h Ramdev Masala, Sarkhej-Bavla Road, Changodar-382213, Ahmedabad.",Content of Levocetirizine Hydrochloride & Montelukast,"FDL, Vadodara",portal,2026-05_all_nsq.json,61
2026-05,"state:FDL, Vadodara",nsq,Paracetamol IP 650 mg Tablet,T-25111,Aug-2025,Jul-2027,"Vital Formulations Limited., I/146, Phase-IV, GIDC, Vithal Udhyognagar-388121, Dist.: Anand (Guj) India",Dissolution,"FDL, Vadodara",portal,2026-05_all_nsq.json,62
2026-05,"state:DTL , Baddi",nsq,"Terbutaline Sulphate, Ambroxol Hydrochloride, Guaiphenesin and Menthol Syrup",SPL-1934,Nov-2025,Oct-2027,Sheen Pharmaceuticals Wariana Industrial Complex Jal. P.b. 144021,The Sample does not confirm to claim as Patient & Propritary in respect to the Assay of Menthol,"DTL , Baddi",portal,2026-05_all_nsq.json,63
2026-05,"state:DTL , Baddi",nsq,Tiotropium Bromide MH IP 9 mcg/dose Inhailer,PPIN-OVR954,Nov-2025,Sep-2027,"Precept Pharma Ltd. Village Doduwal, Baddi, Distt. Solan (H.P)- 173205",The sample does not conforms to claim as per patent & Propriatery in respect to the Identification & Assay of Tiotropium Bromide,"DTL , Baddi",portal,2026-05_all_nsq.json,64
2026-05,"state:RDTL, Bellary, Karnataka",nsq,Metformin Hydrochloride & Glimepiride Tablets (GLIMAFF-2 Tablets,GVGT1138,Oct-2025,Sep-2027,"Voizmed Pharma Pvt. Ltd. Plot No. 133,134 & 135, Village Kotla Barotiwala, Tehsil Baddi, Distt. Solan H.P-174103",Assay,"RDTL, Bellary, Karnataka",portal,2026-05_all_nsq.json,65
2026-05,"state:RDTL, Bellary, Karnataka",nsq,Pantoprazole & Domperidone Tablet,BCV4001DZ,Jul-2024,Jun-2026,"VPAM Healthcare Pvt. Ltd. Plot No. 16&17, Sector-5 Indl Area Paranoo Dist.Solan 173220",Test for Disintegration Only,"RDTL, Bellary, Karnataka",portal,2026-05_all_nsq.json,66
2026-05,"state:RDTL, Bellary, Karnataka",nsq,Mefenamic acid and Paracetamol Tablets,T 3209,May-2024,Apr-2027,"Jersy Pharma 152-B, South Giri Road T.P. Kundram Madural 625005",Assay,"RDTL, Bellary, Karnataka",portal,2026-05_all_nsq.json,67
2026-05,"state:RDTL, Bellary, Karnataka",nsq,Paracetamol Tablets 300mg,CTQ-227,Dec-2024,May-2027,"Coastal Medicare Pvt. Ltd. RS No. 9/2, 5, Ramchandrapura M. Surampalli Krishna Dist. 521212",Dissolution,"RDTL, Bellary, Karnataka",portal,2026-05_all_nsq.json,68
2026-05,"state:RDTL, Bellary, Karnataka",nsq,Thicolehicoside Capsule IP,XH24IC007,Sep-2024,Aug-2026,Xenone Healthcare Pvt. Ltd. Village Khera-Nihla Nalagarh Dist. Solan HP 174101,Dissolution,"RDTL, Bellary, Karnataka",portal,2026-05_all_nsq.json,69
2026-05,"state:RDTL, Bellary, Karnataka",nsq,"Diclofenac Diethylamine linseed oil, Methyl Slaicylate & Menthol Gel",R G 5,Apr-2025,Mar-2027,"Pilco Healthcare Pvt. Ltd. Plot No. 28 Sector-3 I.I.E Pantnagar Sidcul, Rudarapur",Assay,"RDTL, Bellary, Karnataka",portal,2026-05_all_nsq.json,70
2026-05,"state:RDTL, Bellary, Karnataka",nsq,Telmisartan Tablets IP 40 mg,TEP25086AL,Apr-2025,Mar-2027,"Hindustan Laboratories Ltd. Plot No. 5-9, 1, Survey No. 38/2, Aliyali, Palghar(W) Dist-Palghar 401404",Description,"RDTL, Bellary, Karnataka",portal,2026-05_all_nsq.json,71
2026-05,"state:RDTL, Bellary, Karnataka",nsq,"Terbutaline Sulphate, Bromhexine Hydrochloride Guaiphenesin & Menthol Syrup",ULD014,Apr-2025,Mar-2027,"Haustus Biotech Pvt. Ltd. 44-45, Industrial Area, Tahiwal, Distt UNA",Assay,"RDTL, Bellary, Karnataka",portal,2026-05_all_nsq.json,72
2026-05,"state:RDTL, Bellary, Karnataka",nsq,Benfotiamine Methylcobalamin Alpha Lipoic Acid Folic Acid Chromium Picolinate Myo Inositol & Pyridoxine Hydrochloride Tablets,29AW27,Jan-2025,Jun-2026,"Sarv Pharmaceuticals Plot No. 28, Sector-3A, IIE, SIDCUL, Haridwar, Uttarakhand 2494 03",Disintegration,"RDTL, Bellary, Karnataka",portal,2026-05_all_nsq.json,73
2026-05,"state:RDTL, Bellary, Karnataka",nsq,Paracetamol & Caffeine Tablets IP,HRA25001,Apr-2025,Mar-2027,"Danish Healthcare (P) Ltd. 76/26-2B, Industrial Estare, Maxi Road, Ujjain-456010 M.P",Assay and Dissolution,"RDTL, Bellary, Karnataka",portal,2026-05_all_nsq.json,74
2026-05,"state:RDTL, Bellary, Karnataka",nsq,Sugical Spirit IP,31444,Jun-2025,May-2027,"Pharmacare NO. 76, Khata No. 1253/76, Kachohalli Village Dasanapura Hobli Bengaluru-562162",Test for Weight per ml,"RDTL, Bellary, Karnataka",portal,2026-05_all_nsq.json,75
2026-05,"state:RDTL, Bellary, Karnataka",nsq,"Potassium Nitrate, Sodium Monofluorophosphate & Triclosam Oral Gel",25B34,Feb-2025,Jan-2027,"Mediosa Pharmaceuticals, Khasra No. 401/85 & 404/9, First Floor, Biral Road, Opp Abbott Healthcare Bhatol Khurd Baddi, Distt. Solan HP-173205",Assay,"RDTL, Bellary, Karnataka",portal,2026-05_all_nsq.json,76
2026-05,"state:RDTL, Bellary, Karnataka",nsq,Cefipodoxime Tablets IP 200mg,TCS25-0238A,Aug-2025,Jul-2027,"Athens Life Sciences, Mauza Rampur Jattan, Nahan Road, Lala Amb Distt. Sirmour H.P 173030",Dissolution,"RDTL, Bellary, Karnataka",portal,2026-05_all_nsq.json,77
2026-05,"state:RDTL, Bellary, Karnataka",nsq,Steril-Fine hand sanitizer 500ml,36526,Aug-2025,Apr-2027,"Kalaci Pharma (India), HSIIDC Indl Estate, Rai-131029 Sonipat Haryana,",Identification and Assay,"RDTL, Bellary, Karnataka",portal,2026-05_all_nsq.json,78
2026-05,"state:RDTL, Bellary, Karnataka",nsq,Steril-Fine hand sanitizer 500ml,MPLHS008,Aug-2023,Jul-2026,"Medifine Pharma Lab No. 33/3, Maanay Estate, Kumbalgodud Village Kengeri Hobli, Bengaluru-560074",Identification and Assay,"RDTL, Bellary, Karnataka",portal,2026-05_all_nsq.json,79
2026-05,"state:RDTL, Bellary, Karnataka",nsq,Paracetamol Tablets IP 500mg,42675,Apr-2025,Mar-2027,"Infinitive Pharmaceutical Industries. Plot No. 63, G.I.D.C Industrial Estate, Disa-385535 Gujarat",Dissolution,"RDTL, Bellary, Karnataka",portal,2026-05_all_nsq.json,80
2026-05,"state:RDTL, Bellary, Karnataka",nsq,Metoprolol Succinate Prolonged-release Tablets IP,MER2135D,Jul-2025,Jun-2027,"Pulse Pharmaceutical Pvt. Ltd. Khasra No. 400m407, 409 Karondi Roorkee Uttarakhand-247667",Description,"RDTL, Bellary, Karnataka",portal,2026-05_all_nsq.json,81
2026-05,state:RDTL Ernakulam,nsq,Folic Acid Tablets IP. 0.4 mg,FO1TE033,Oct-2024,Sep-2027,"Unicure India Limited, Plot No. 46(B)/49B, Vill.Raipur, Bhagwanpur, Roorkee, Distt. Haridwar, Uttarakhand",Descriptive,RDTL Ernakulam,portal,2026-05_all_nsq.json,82
2026-05,state:DTL Thrissur,nsq,Folic Acid Tablets IP. 0.4 mg,FO1TE048,Oct-2024,Sep-2027,"Unicure India Limited, Plot No. 46(B)/49B, Vill.Raipur, Bhagwanpur, Roorkee, Distt. Haridwar, Uttarakhand","Description, Dissolution and Assay",DTL Thrissur,portal,2026-05_all_nsq.json,83
2026-05,state:DTL Konni,nsq,Aspirin Gastro-resistant Tablets IP 75 mg,ANET1273,Oct-2024,Sep-2026,"Unicure India Limited, C-21,22&23, Sector-3, Noida-201301, Distt: Gautam Budh Nagar (U.P)","Dissolution, Salicylic Acid and Assay as per IP",DTL Konni,portal,2026-05_all_nsq.json,84
2026-05,state:DTL Thrissur,nsq,Thyroxine Sodium Tablets IP 25 mcg,BGL06AAB,Jan-2026,Dec-2027,"Malik Lifesciences Pvt Ltd, Plot No-16, Vardhman Indl. Estate, Vill-Bahadarpur Saini, N.H. 58, Haridwar-247667 (Uttarakhand)",Dissolution.,DTL Thrissur,portal,2026-05_all_nsq.json,85
2026-05,state:RDTL Ernakulam,nsq,Lorazepam Tablets I.P. 2 mg,T240628,Jun-2024,May-2027,"Micron Pharmaceuticals, 2117,A2, Phase III, G.I.D.C, Vapi-396195",Dissolution.,RDTL Ernakulam,portal,2026-05_all_nsq.json,86
2026-05,state:DTL Thiruvananthapuram,nsq,Diclofenac Sodium Tablets IP 50mg,DG 5031,Feb-2025,Jan-2027,"Kerala State Drugs and Pharmaceuticals Ltd., Kalavoor P.O., Alappuzha, Kerala-688 522",Dissolution.,DTL Thiruvananthapuram,portal,2026-05_all_nsq.json,87
2026-05,state:DTL Konni,nsq,Paracetamol and Domperidone Tablets (Dompar),4C11469,Dec-2024,Nov-2027,"Cipla Ltd, Plot No. 27, Jharmajri, Baddi (H.P.) 173205",Disintegration,DTL Konni,portal,2026-05_all_nsq.json,88
2026-05,state:DTL Thrissur,nsq,Telmisartan Tablets IP 40 mg,TM 5144,Sep-2025,Aug-2027,"Kerala State Drugs and Pharmaceuticals Ltd., Kalavoor P.O., Alappuzha, Kerala-688 522",Description,DTL Thrissur,portal,2026-05_all_nsq.json,89
2026-05,state:DTL Thiruvananthapuram,nsq,Telmisartan Tablets IP 40 mg,TM5142,Sep-2025,Aug-2027,"Kerala State Drugs and Pharmaceuticals Ltd., Kalavoor P.O., Alappuzha, Kerala-688 522",Description,DTL Thiruvananthapuram,portal,2026-05_all_nsq.json,90
2026-05,state:DTL Thrissur,nsq,Aspirin Gastro-resistant Tablets IP 75 mg,ANET1283,Oct-2024,Sep-2026,"Unicure India Ltd., C-21,22&23, Sector -3, Noida-201301, Distt. Gautam Budh Nagar (U.P)","Dissolution, Salicylic Acid and Assay",DTL Thrissur,portal,2026-05_all_nsq.json,91
2026-05,"state:FDAL, Mumbai",nsq,Vitamin B -Complex with Vitamin C Capsules Beco-Aid,3315,Apr-2025,Sep-2026,"Super Fomulations Pvt. Ltd. 16-B, 15-F Industrial Area, Maxi Road, Ujjain-456010",The content of Calcium Pantothernate in the sample is less (i.e.27.52% of the labelled amount) than the permissible limitds. The above formulation is officialo in IP as water soluble vitamins capusle therefore the drug is declared as misbranded vide rule 96 and section 17(B) of Drugs ad Cosmetics Act 1940 and Rules therunder.,"FDAL, Mumbai",portal,2026-05_all_nsq.json,92
2026-05,"state:FDAL, Mumbai",nsq,Chlorpheniramine Maleate Tablets IP 4mg,T241254,Dec-2024,Nov-2026,"Medisky Pharmacetuicals Pvt. Ltd. Plot No. 260, G.I.D.C Dist. Sabarkantha (Gujarat) Talod-383215",100 Intact blister strips of 10 tablets each were received for analysis out fo these 100 tabetws 314 tablets found berittle and can not be removed intact formt he blister streip reamining 686 tablets can be remove from the strips in intact condition.,"FDAL, Mumbai",portal,2026-05_all_nsq.json,93
2026-05,"state:FDAL, Mumbai",nsq,Telmikind Trio 12.5,A50AX026,Nov-2024,Oct-2026,"Synokem Lifesciences Pvt. Ltd. Plot No. 11, Sector-4 I.I.E Sidcul R, Haridwar-249403","Two Intact strips of ten tablets each werereceived for analysis. Whin the stri0ps were opened for analysis, it was observed that the coating of four tyablets adhered to the inner surface fo the strips at the centre and peeled off while remonving out the tablets from strips","FDAL, Mumbai",portal,2026-05_all_nsq.json,94
2026-05,"state:SDT&RL, Bhubaneswar",nsq,Esomeprazole,VGT230127,Jun-2023,May-2026,"Vapi Care Pharma Pvt. Ltd., Plot No. 225/3, Near Morarji Circle, GIDC Vapi, Dist.: Valsad-396195, Gujarat, India",Dissolution test under buffer stage,"SDT&RL, Bhubaneswar",portal,2026-05_all_nsq.json,95
2026-05,"state:SDT&RL, Bhubaneswar",nsq,Paracetamol Tablets IP 500 mg,GAB2566,Nov-2023,Oct-2026,"Aagya Biotech Pvt. Ltd., 1.5 km, Manglour-Saharanpur Road, Manglour-247656, Roorkee, Distt.: Haridwar (U.K.), India",Description,"SDT&RL, Bhubaneswar",portal,2026-05_all_nsq.json,96
2026-05,"state:SDT&RL, Bhubaneswar",nsq,Prochlorperazine Maleate Tablets IP,ST-21941,Aug-2023,Jul-2026,"Sunvij Drugs Pvt. Ltd. 511, GIDC, Waghodia, Baroda, Baroda-391760 (Guj.),",Description,"SDT&RL, Bhubaneswar",portal,2026-05_all_nsq.json,97
2026-05,"state:SDT&RL, Bhubaneswar",nsq,Montelukast & Levocetrizine Hydrochloride Syrup,CRL2407068B,Jul-2024,Jun-2026,"Casca Remedies Pvt. Ltd., Kuldeep Nagar, Ambala Cantt., Haryana",Content of Levocetrizine Hydrochlroride & Montelukast,"SDT&RL, Bhubaneswar",portal,2026-05_all_nsq.json,98
2026-05,"state:SDTL, Punjab",nsq,Vitamin E Acetate Soft Gelatin Caspules,D26SBM07,Mar-2026,Feb-2028,"Caspian Pharmaceuticals, Suketi Road, Mauza Ogli, Kala Amb, Himachal Pradesh-173030",The Product is official in USP Which is not Printed on the strips as required under the Act.,"SDTL, Punjab",portal,2026-05_all_nsq.json,99
2026-05,"state:SDTL, Punjab",nsq,Vitamin E Acetate Soft Gelatin Caspules,D26SBM08,Mar-2026,Feb-2028,"Caspian Pharmaceuticals, Suketi Road, Mauza Ogli, Kala Amb, Himachal Pradesh-173030",The Product is official in USP Which is not Printed on the strips as required under the Act.,"SDTL, Punjab",portal,2026-05_all_nsq.json,100
2026-05,"state:SDTL, Punjab",nsq,Oral Rehydration Salts IP,4042,Mar-2026,Feb-2028,"Super Fomulations Pvt. Ltd. 16-B, 15-F Industrial Area, Maxi Road, Ujjain-456010",Average Net Contents per sachet found to be 20.179gm. Per sachet against claim of 20.5gm per sachet.,"SDTL, Punjab",portal,2026-05_all_nsq.json,101
2026-05,"state:SDTL, Punjab",nsq,Rabeprazole Sodium (Enteric-Coated) & Domperidone (SR) Capsules.,IGC-0044,Jan-2025,Oct-2027,"I.G. Pharma Ltd., 12.4KM, Meerut Road, Roorkee, Dist. Haridwar (UK)",The content of Rabeprazole Sodium found to be 16.22mg/Capsule against labelled claim of 20.0mg/Capsule,"SDTL, Punjab",portal,2026-05_all_nsq.json,102
2026-05,"state:SDTL, Punjab",nsq,Oral Rehydration Salts IP,4025,Mar-2026,Feb-2028,"Super Fomulations Pvt. Ltd. 16-B, 15-F Industrial Area, Maxi Road, Ujjain-456010",Average Net Contents per sachet found to be 20.0675gm against claim of 20.5gm per sachet.,"SDTL, Punjab",portal,2026-05_all_nsq.json,103
2026-05,"state:SDTL, Punjab",nsq,Vitamin E Acetate Soft Gelatin Caspules,D26SBM05,Mar-2026,Feb-2028,"Caspian Pharmaceuticals, Suketi Road, Mauza Ogli, Kala Amb, Himachal Pradesh-173030",The Product is official in USP Which is not Printed on the strips as required under the Act.,"SDTL, Punjab",portal,2026-05_all_nsq.json,104
2026-05,state:DTL Jodhpur,nsq,Cefpodoxime Proxetil Tablets IP,VT241139,Aug-2024,Jul-2026,"VADSP Pharmaceuticals,, Plot No.: 124, E.P.I.P. Ind. Area Phase-1, Jharmajri, Baddi (H.P.) 174103. Mfd for : M/s IQMED Healthcare, Smridhi Enclave, Basement Floor, Unit A 479, Katewa Nagar, New Sanganer Road, Jaipur-302019.",The sample does not conform to the I.P. with respect to Assay of Cefpodoxime Proxetil eq. to Cefpodoxime.,DTL Jodhpur,portal,2026-05_all_nsq.json,105
2026-05,state:DTL Jaipur,nsq,Dexamethasone Sodium Phosphate Injection IP 10 ml,V250909,Sep-2025,Aug-2027,"Oscar Remedies Pvt. Ltd., Oscar House, Badi Majra, Yamunanagar-135001 (HR)",The sample does not conform to the IP with respect to Assay of Dexamethasone Sodium Phosphate eq. to Dexamethasone Phosphate.,DTL Jaipur,portal,2026-05_all_nsq.json,106
2026-05,state:DTL Jaipur,nsq,"Rosuvastatin, Aspirin and Clopidogrel Capsules",SIBP25509,Aug-2025,Jul-2027,"Bioaltus Pharmaceuticals Pvt. Ltd., Plot No. 2236, Mining, Rangpo, East Sikkim-727132. Marketed By : Anax Lifesciences Pvt. Ltd., 407, Swamin-The Business Hub, Opp. SMS Medical Collage and Hospital, Visat-Tapovan Highway, Motera, Ahmedabad, Gujrat-380005.",The sample does not conform to the claim with respect to Assay of Rosuvastatin and Aspirin.,DTL Jaipur,portal,2026-05_all_nsq.json,107
2026-05,state:DTL Jaipur,nsq,Bethanechol Chloride Tablets USP 25mg,T251976,Oct-2025,Sep-2027,"Ikon Pharmachem Pvt. Ltd., E-2, Sara Industrial Estate, Central Hope Town, Rampur, Selaqui, Dehradun-248197 (Uttarakhand) Marketed by : BIOVIA Lifesciences LLP, F-6, Gajanan Park, Khergaon, Nasik-422205.",The sample does not conform to the USP with respect to Assay.,DTL Jaipur,portal,2026-05_all_nsq.json,108
2026-05,state:DTL Jaipur,nsq,Dexamethasone Injection IP 8 mg/ 2 ml,AGDX23,Oct-2025,Mar-2027,"Agron Remedies Pvt. Ltd., Sarverkhera, Moradabad Road, Kashipur-244713 (Uttarakhand)",The sample does not conforms to the IP with respect to Assay of Dexamethasone Sodium Phosphate eq. to Dexamethasone Phosphate.,DTL Jaipur,portal,2026-05_all_nsq.json,109
2026-05,state:DTL Jaipur,nsq,Nimesulide & Paracetamol Tablet,T-25066,Nov-2025,Oct-2027,"Soft Medicaps Ltd., 50-B, 52-A, 53-C, 53-D, Industrial Area-1, Sector-C, A.B. Road, District-dewas- 455001 (Madhya Pradesh)",The sample does not conforms to the claim with respect to Assay of Nimesulide and Paracetamol.,DTL Jaipur,portal,2026-05_all_nsq.json,110
2026-05,state:DTL Jaipur,nsq,Ofloxacin & Ornidazole Oral Suspension,"SLG25277,",Sep-2025,Aug-2027,"Safecon Lifesciences Pvt. Ltd., B-36, E.P.I.P. Shastri Puram, UPSIDC, Sikandra-282007. Agra",The sample does not conform to the claim with respect to Assay of Ofloxacin and Ornidazole.,DTL Jaipur,portal,2026-05_all_nsq.json,111
2026-05,state:DTL Jaipur,nsq,Levocetirizine Tablets IP,PGT25-2392G,Sep-2025,Aug-2027,"Plena Remedies, Plot No. 17, Industrial Area (Himuda), Bhatoli Kalan, Baddi, Distt. Solan (H.P.)- 173205",The sample does not conforms to the IP with respect to Assay of Levocetirizine Hydrochloride.,DTL Jaipur,portal,2026-05_all_nsq.json,112
2026-05,state:DTL Jaipur,nsq,Pheniramine Maleate Injection I.P.,"BWI-2502,",Jan-2026,Dec-2027,"Blitz Pharmaceuticals Pvt. Ltd., 34, Ind. Area, Hathin-121103.",The sample does not conform to the IP with respect to Assay of Pheniramine Maleate.,DTL Jaipur,portal,2026-05_all_nsq.json,113
2026-05,state:DTL Jaipur,nsq,Cefpodoxime Proxetil Tablets IP 200mg,25A-BT041,Apr-2025,Mar-2027,"Orison International, Vill. Khari, Mauza Ogli, Kala Amb, Distt. Sirmour-173030 (H.P.)",The sample does not conforms to the claim with respect to Assay of Cefpodoxime and Dissolution.,DTL Jaipur,portal,2026-05_all_nsq.json,114
2026-05,state:DTL Jaipur,nsq,Ramipril Tablets IP 2.5 mg,TA26022,Jan-2026,Dec-2027,"Saintlife Pharmaceuticals Ltd., 323, Central Hope Town, Industrial Area, Selaqui, Dehradun-248011, Uttarakhand, INDIA",The sample does not conform to the IP with respect to Assay.,DTL Jaipur,portal,2026-05_all_nsq.json,115
2026-05,"state:DTL, Jaipur",nsq,Oxytocin Injection IP 5 IU/ml,I-7881,Nov-2025,Oct-2027,"Jackson Laboratories Pvt. Ltd., 22-24, Majitha Road, Bye Pass, Amritsar- 143001 (India)",The sample does not conform to the IP as it does not contain Oxytocin (Synthetic) Nil.,"DTL, Jaipur",portal,2026-05_all_nsq.json,116
2026-05,"state:DTL, Chennai-06",nsq,Clopidogrel Tablets IP,BCGT25020,Jun-2025,May-2027,"Bactolac Formulations Pvt. Ltd, Plot No.70 (part), TSIIC-IALA, Phase-I, Cherlapally Villag, Kapra Mandal, Medchal-Malkajgri District, Telangana-500051.",Content & Dissolution,"DTL, Chennai-06",portal,2026-05_all_nsq.json,117
2026-05,"state:DTL, Chennai-06",nsq,Metformin Hydrochloride Prolonged Release Tablets IP 500mg,TB-167,Mar-2026,Feb-2028,"Carewell Steuart Pharma Pvt.Ltd. Plot no. G-24, TANSIDCO Industrial Estate , Kakkalur-602003",Description,"DTL, Chennai-06",portal,2026-05_all_nsq.json,118
2026-05,"state:DTL, Chennai-06",nsq,Ketoconazole & Cetrimide Soap,CX-041,Nov-2025,Oct-2027,"SMB Healthcare , 36,Aadarsh Ind. Park. Phase-3, GIDC, Pansar Road, Chhatral, Dist. Gandhinagar-382729.",Content,"DTL, Chennai-06",portal,2026-05_all_nsq.json,119
2026-05,"state:King Institute of Preventive Medicine & Research, Guindy, Chennai-32",nsq,Ondansetron Injection IP-2ml M-SET,A25BI018C,Nov-2025,Oct-2027,"Nixi Laboratories Pvt. Ltd, VPO: Mouza Ogli, Sadhura Road. Kala-Amb, Distt. Sirmour-173030(HP)",Assay,"King Institute of Preventive Medicine & Research, Guindy, Chennai-32",portal,2026-05_all_nsq.json,120
2026-05,"state:King Institute of Preventive Medicine & Research, Guindy, Chennai-32",nsq,Compound Sodium Lactate Injection IP 500ml RL,TG5225015,Jul-2025,Jun-2028,"Kamla Amrut Pharmaceuticals LLP, Survey No. 53,56,57, Nr. Kamla Amrut Industrial Park, Indrad Ta.: Kadi Dist.: Mehsana -382715, Gujarat, India",BET,"King Institute of Preventive Medicine & Research, Guindy, Chennai-32",portal,2026-05_all_nsq.json,121
2026-05,"state:DTL, Chennai-06",nsq,Paracetamol Tablets IP 500mg,PTT-512,Apr-2025,Mar-2028,"Healer's Lab Unit II, Plot.No.33, H.P.S.I.D.C., Extn., BADDI, DISTT. Solan (HP).",Dissolution,"DTL, Chennai-06",portal,2026-05_all_nsq.json,122
2026-05,"state:DTL,  Madurai-19",nsq,Atorvastatin Tablets IP 10mg,ND251642,Oct-2025,Sep-2027,"Nanoceut Therapeutics Pvt. Ltd., R.S.No. 104/19A, EVR Street, Sedarapet, Puducherry - 605111.",Content,"DTL,  Madurai-19",portal,2026-05_all_nsq.json,123
2026-05,"state:DTL, Chennai-06",nsq,"Terbutaline Sulphate, Bromhexine HCL, Guaiphenesin & Menthol Syrup",AL25061,Jun-2025,May-2027,"Cian Healthcare Limited, Kh.No. 248, Village Sisona, Bhagwanpur, Roorkee, Haridwar, Uttarakhand, India.",Content,"DTL, Chennai-06",portal,2026-05_all_nsq.json,124
2026-05,"state:DTL, Chennai-06",nsq,Atorvastatin Tablets IP 10mg,RT - 250622,Jun-2025,May-2027,"Relief Biotech Pvt.Ltd., Khasra No. 72, Makhyali Dundi, Peerpura Road, Roorkee Bypas, Delhi Road, Manglour, Roorkee, Haridwar (U.K), 247656",Dissolution,"DTL, Chennai-06",portal,2026-05_all_nsq.json,125
2026-05,"state:King Institute of Preventive Medicine & Research, Guindy, Chennai-32",nsq,"Oxytetracycline HCL, Injection I.P (Vet)",FK-797,Dec-2025,Nov-2027,"Coax Bioremedies Pvt.Ltd.83, Sector-28, Industrial Area, Delhi Road, Hisar-125044.",BET,"King Institute of Preventive Medicine & Research, Guindy, Chennai-32",portal,2026-05_all_nsq.json,126
2026-05,"state:King Institute of Preventive Medicine & Research, Guindy, Chennai-32",nsq,Ondansetron Injection IP-2mg/ml,TON-102,Nov-2025,Oct-2027,"Marc Laboratories Ltd.(Unit III) Plot No.107&112, H.P.S.I.D.C, Baddi, Distt: Solan(H.P).",pH,"King Institute of Preventive Medicine & Research, Guindy, Chennai-32",portal,2026-05_all_nsq.json,127
2026-05,"state:DTL,  Madurai-19",nsq,Norfloxacin Tablets IP 400 mg,RT-250413,Apr-2025,Mar-2027,"Relief Biotech Pvt.Ltd., Khasra. No. 72, Makhyali Dundi, Peerpura Road, Roorkee, Bypass, Delhi Road, Manglore, Roorkee, Haridwar (U.K), 247656",Content,"DTL,  Madurai-19",portal,2026-05_all_nsq.json,128
2026-05,"state:DTL, Chennai-06",nsq,Drotaverine HCL Suspension,L-25244,Oct-2025,Sep-2027,"Daffohils Laboratories Pvt.Ltd., F-109-110, UPSIDC Industrial Area, Selaqui, Dehradun, U.K.-248011",Content,"DTL, Chennai-06",portal,2026-05_all_nsq.json,129
2026-05,"state:DTL, Chennai-06",nsq,Clopidogrel and Aspirin Capsules,ND260242,Jan-2026,Dec-2027,"Nanoceut Therapeutics Pvt. Ltd., R.S.No. 104/19A, EVR Street, Sedarapet, Puducherry - 605111.",Free Salicylic acid,"DTL, Chennai-06",portal,2026-05_all_nsq.json,130
2026-05,"state:DTL,  Madurai-19",nsq,Gliclazide & Metformin hydrochloride sustained release tablets,475TGC002,Jan-2026,Dec-2027,"Swiss Garnier Life Sciences, 21-23, Industrial Area, Mehatpur, Dist. Una, Himachal Pradesh, India - 174 315",Content,"DTL,  Madurai-19",portal,2026-05_all_nsq.json,131
2026-05,"state:DTL, Chennai-06",nsq,Povidone - Iodine Ointment USP - 15g,2501125,Jan-2025,Dec-2026,"Biodeal Pharmaceuticals Limited Vill. Saini Majra, Nalagarh - Ropar Road, Nalagarh -174101, Distt.Solan, Himachal Pradesh, India.",Content,"DTL, Chennai-06",portal,2026-05_all_nsq.json,132
2026-05,"state:DTL, Chennai-06",nsq,"Ambroxol Hydrochloride, Levosalbutamol Sulphate & Guaiphenesin Syrup",AGL1143,Mar-2026,Feb-2027,"Revive Formulation India Pvt. Ltd. R.S.No.#76/3, Perumal Nagar , Agasampattu Village, Vanur Taluk, Tamil Nadu-605109",Content,"DTL, Chennai-06",portal,2026-05_all_nsq.json,133
2026-05,"state:DTL, Chennai-06",nsq,Telmisartan Tablets IP 40mg,STS-124,Jun-2025,May-2027,"Marc Lifesciences Sikkim, Khasara No. 35,36,409,410, Vill, Julanglay, Block L, maneydara Namthang, Distt. Namchi, South Sikkim.",Dissolution,"DTL, Chennai-06",portal,2026-05_all_nsq.json,134
2026-05,"state:SDTL,Govt. of Tripura, Agartala",nsq,Amoxycillin and Potassium Clavulanate Tablets IP),25443747,Sep-2025,Feb-2027,"Alkem Health Science, A unit of Alkem Laboratories Limited, Unit-2, Samardung, Karek Block, P.O.: Namthang, Distt. Namchi, Sikkim - 737137.",The sample does not conform to standard in respect of the test for Assay & Dissolution of Amoxycillin.,"SDTL,Govt. of Tripura, Agartala",portal,2026-05_all_nsq.json,135
2026-05,"state:SDTL,Govt. of Tripura, Agartala",nsq,Levocetrizine Dihydrochloride Tablets IP),LEE-2501,Jun-2025,May-2027,"Apple Formulations Pvt. Ltd., Plot No. 208, Kishanpur, Roorkee ? 247667 (U.K.)",The sample does not conform to standard in respect of the test for Description performed.,"SDTL,Govt. of Tripura, Agartala",portal,2026-05_all_nsq.json,136
2026-05,"state:SDTL,Govt. of Tripura, Agartala",nsq,Amoxycillin And Potassium Clavulanate Tablets IP,125D155,Aug-2025,Jan-2027,"Medreich Ltd. 12th Mile, Old Madras Road, Virgonagar, Bengaluru-560049.",The sample does not conform to standard quality in respect of the test for Dissolution of Amoxycillin and Assay for Clavulanic Acid performed.,"SDTL,Govt. of Tripura, Agartala",portal,2026-05_all_nsq.json,137
2026-05,"state:SDTL,Govt. of Tripura, Agartala",nsq,Amoxycillin And Potassium Clavulanate Tablets IP,BYC0095,Nov-2025,Oct-2027,"Sun Pharmaceuticals Ind. Ltd., Acme Plaza, Andheri ? Kurla Road, Andheri (E) , Mumbai ? 400059.At: Plot no. 16, Vardhman Industrial Estate, Vill. Bahadurpur Saini, NH-58, Haridwar (Uttarakhand) ? 247667. Mfg.Lic.No. : 36/UA/LL/SC/P - 2024",The sample does not conform to standard in respect of the test for Dissolution of Amoxycillin performed.,"SDTL,Govt. of Tripura, Agartala",portal,2026-05_all_nsq.json,138
2026-05,"state:SDTL,Govt. of Tripura, Agartala",nsq,Amoxycillin and Potassium Clavulanate Tablets IP,25443966,Oct-2025,Mar-2027,"Alkem Health Science, A unit of Alkem Laboratories Limited, Unit-2, Samardung, Karek Block, P.O.: Namthang, Distt. Namchi, Sikkim - 737137.",The sample does not conform to standard quality in respect of the test for Dissolution of Amoxycillin and Assay for Clavulanic Acid performed.,"SDTL,Govt. of Tripura, Agartala",portal,2026-05_all_nsq.json,139
2026-05,"state:SDTL,Govt. of Tripura, Agartala",nsq,Amoxycillin and Potassium Clavulanate Tablets IP,25444364,Nov-2025,Apr-2027,"Alkem Health Science, A unit of Alkem Laboratories Limited, Unit-2, Samardung, Karek Block, P.O.: Namthang, Distt. Namchi, Sikkim - 737137.",The sample does not conform to standard quality in respect of the test for Dissolution of Amoxycillin and Assay for Clavulanic Acid performed.,"SDTL,Govt. of Tripura, Agartala",portal,2026-05_all_nsq.json,140
2026-05,"state:SDTL, Uttarakhand",nsq,Metformin HCl I.P. (as Prolonged Release Form & Glimepiride I.P,TPT26008,Jan-2026,Dec-2027,"Taj Pharma India Ltd., Plot No. 1019, Sarigar, GIDC Road No. 10, Distt.-Valsad, Gujarat-396155.",Assay of Glimepiride IP- less than Prescribed limit,"SDTL, Uttarakhand",portal,2026-05_all_nsq.json,141
2026-05,"state:SDTL, Uttarakhand",nsq,Cefixime Dispersible Tablets IP 200 mg,AB24069,Nov-2024,Oct-2026,"Skymap Pharmaceuticals Pvt. Ltd., B-3, Devbhoomi Indl. Estate, Puhana Iqbalpur Road, Roorkee-247667.",Misbranded,"SDTL, Uttarakhand",portal,2026-05_all_nsq.json,142
2026-05,"state:SDTL, Uttarakhand",nsq,Pantoprazole sodium (EC) & Domperidone (SR) Capsules,MT-25025,Mar-2025,Feb-2027,"Shri sai Pharmatech Pvt. Ltd.20, Ext. HPSIDC, Ind. Area Baddi (HP) 173205",Assay of Domperidone IP- less than prescribed limit.,"SDTL, Uttarakhand",portal,2026-05_all_nsq.json,143
2026-05,"state:SDTL, Uttarakhand",nsq,"Dextromethorphan HBr, Phenylephrine HCl & Chlorpheniramine Maleate Softgel Capsules).",BSG251314C,Sep-2025,Aug-2027,"Bionexy Pharma, Plot No. 31-B, Indl. Area, Lodhimajra, Tehsil, Baddi, Distt. Solan (H.P.)-173205.",Assay of Dextromethorphan HBr IP- Less than prescribed Limit.,"SDTL, Uttarakhand",portal,2026-05_all_nsq.json,144
2026-05,"state:SDTL, Uttarakhand",nsq,Nimesulide & Paracetamol Tablets.,IPL24832,Oct-2024,Sep-2027,"IBN Herbals, Kh. No. 63, Vill.-Juddi Kalan, Baddi-173205, Dist. Solan (H.P.).",Disintegration test : does not comply with IP.,"SDTL, Uttarakhand",portal,2026-05_all_nsq.json,145
2026-05,"state:SDTL, Uttarakhand",nsq,"Voglibose, Glimepiride & Metformin HCl (SR) Tablets).",TPT26010,Jan-2026,Dec-2027,"Taj Pharma India Ltd., Plot No. 1019, Sarigar, GIDC Road No. 10, Distt.-Valsad, Gujarat-396155.",Description : one out of 20 tablets blue layer half broken found. & Assay of Glimepiride IP- less than Prescribed limit,"SDTL, Uttarakhand",portal,2026-05_all_nsq.json,146
2026-05,"state:SDTL, Kolkata, West Bengal.",nsq,TELMISARTAN TAB I.P. 40 MG.,GT-25043,May-2025,Apr-2027,"Helax Healthcare Pvt. Ltd., Khasra No. 410, Vill. Karondi, Deradun Rd, Roorkee, Haridwar, Uttarakhand-247 667.",The sample does not conform to I.P.,"SDTL, Kolkata, West Bengal.",portal,2026-05_all_nsq.json,147
2026-05,central,nsq,Absorbent Cotton Wool I.P.,C-111,Apr-2025,Mar-2027,"Vinayak Manutrade (P) Ltd.,Plot No. 87B, RICCO Industrial Area, Jhotwara Jaipur (Raj.) 302012",The sample does not conform to IP with respect to test for 'Water soluble substances,"CDL, Kolkata",portal,2026-05_all_nsq.json,148
2026-05,central,nsq,Roller Bandage cloth (Non sterile),MD/MRBC 051,Mar-2025,Mar-2027,"Medicure Enterprises,Plot No. 96, APIIC Industria Estate OPP. MRO Office, Singarayakonda(M), Prakasam(DT), Andhra Pradesh","The sample does not conform to the Schedule F(II) with respect to threads per dm (warp), weight in gm/sq.m and length","CDL, Kolkata",portal,2026-05_all_nsq.json,149
2026-05,central,nsq,Gauze Bandage,2,Nov-2025,Nov-2028,"VS Healthcare,B-43, 2nd Floor, Okhla Industrial Area, Phase-1, New Delhi-110020","The sample does not conform to with respect to description, mass in gm/sq.m, absorbency, scouring loss and freedom from optical whitener.","CDL, Kolkata",portal,2026-05_all_nsq.json,150
2026-05,central,nsq,Absorbent Cotton Wool I.P.,C-115,May-2025,Apr-2027,"Vinayak Manutrade (P) Ltd.,Plot No. 87B, RICCO Industrial Area, Jhotwara Jaipur (Raj.) 302012",The sample does not conform to IP with respect to test for Water soluble substances and Sulphated ash,"CDL, Kolkata",portal,2026-05_all_nsq.json,151
2026-05,"state:State Lab, DCL, Telangana",nsq,Absorbent Gauze IS 758,177,Apr-2025,Mar-2028,"Sri Vishnuram Company 759/15, Balasubramniapuram Street, Post Box No. 30, Chatrapatti - 626 102 Tamil Nadu.","Sample does not meets Length, Width, and weight in gm / sq met as per IS 758.","State Lab, DCL, Telangana",portal,2026-05_all_nsq.json,152
2026-05,"state:FDAL, Mumbai",nsq,UV ETO SPF 50+ Sunscreen Lotion,C014,Mar-2025,Feb-2028,"Elegant Cosmed Pvt. Ltd. Plot No. 32& 33, Kuvadava, Rajkot-360023 Gujarat",The sample does not comply with Microbial examination,"FDAL, Mumbai",portal,2026-05_all_nsq.json,153
2026-05,"state:SDTL, Chhattisgarh",nsq,Lipstick,C-1005,,,Kiss Love Cosmetics Delhi,Misbrandad,"SDTL, Chhattisgarh",portal,2026-05_all_nsq.json,154
2026-05,"state:FDAL, Mumbai",nsq,Skeenglow Facewash,020,Jun-2025,May-2028,"GCOS Products , 37, Aadarsh Industrial Park, Phase-3, Chhatral GIDC Pansar Road, Chhatra, Tachhatra, Ta-Kalol",The sample does not comply with I.S. 14648: 2011 Reaffirmed 2021 requirments for Microbial Examination,"FDAL, Mumbai",portal,2026-05_all_nsq.json,155
2026-05,"state:SDTL, Andhra
Pradesh, Vijayawada",nsq,Telmisartan Tablets IP 40 mg,DT2503015A,Mar-2025,Feb-2027,"Indo Rama Healthcare Pvt Ltd, 204-205, HSIIDC, Manakpur, Industrial Area, Jagadhri, Distt Yamunanagar, HR",Dissolution Test,"SDTL, Andhra
Pradesh, Vijayawada",portal,2026-05_all_nsq.json,156
2026-05,"state:RDTL, Kurnool,
Andhra Pradesh",nsq,Paracetamol Tablets IP 650 mg,RPCT-221,Dec-2025,Nov-2027,"Revat Laboratories Pvt Ltd, D.No.12-321, Opp. IDA, Kurnool Road, Pernamitta, Ongole - 523002",Uniformity of Weight,"RDTL, Kurnool,
Andhra Pradesh",portal,2026-05_all_nsq.json,157
2026-05,"state:SDTL, Andhra
Pradesh, Vijayawada",nsq,Rabeprazole Sodium & Domperidone Capsules,HPC-5116,Sep-2025,Aug-2027,"Helpzyn Pharmaceuticals, Vill: Ogli, Near UCO Bank, Nahan Road, Kala Amb, Dist. Sirmour-173030",Assay of Rabeprazole and Domperidone,"SDTL, Andhra
Pradesh, Vijayawada",portal,2026-05_all_nsq.json,158
2026-05,"state:RDTL Kurnool,
Andhra Pradesh",nsq,Aceclofenac & Paracetamol Tablets,APT-2509,Aug-2025,Jul-2027,"APT Formulations Pvt Ltd, Plot No. 77, ALEAP, Surampalli-521212",Dissolution and Assay of Aceclofenac,"RDTL Kurnool,
Andhra Pradesh",portal,2026-05_all_nsq.json,159
2026-05,"state:SDTL, Andhra
Pradesh, Vijayawada",nsq,Acetyl Salicylic Acid Tablets IP 75 mg,PFTC-23,May-2025,Apr-2027,"Nestor Pharmaceuticals Ltd, 11, Western Extension Area, Faridabad-121001",Dissolution and Assay,"SDTL, Andhra
Pradesh, Vijayawada",portal,2026-05_all_nsq.json,160
2026-05,"state:CDL, Kolkata",nsq,Triamcinolone Acetonide Injection IP,NB021065b,Feb-2025,Jan-2027,"NDB Healthcare. Vill: Lower Ambota, Sec-5, Parwanoo, Dist.: Solan (HP)-173220",Sterility,"CDL, Kolkata",portal,2026-05_all_nsq.json,161
2026-05,"state:SDT&RL, Bhubaneswar",nsq,Rabeprazole Gastro Resistant Tablets IP,UT-240943B,Jun-2024,May-2026,"Ultra Drugs Pvt. Ltd. (Unit-II) HS No. 211, K. No. 77/1, 78/1, Katha, Baddi, Distt.: Solan (HP)-173205",Dissolution test (Buffer Stage),"SDT&RL, Bhubaneswar",portal,2026-05_all_nsq.json,162
2026-05,central,spurious,Cefixime Dispersible Tablets IP,TC2439,Oct-2024,Mar-2027,Under Investigation | Under Investigation,"The product is purported to be spurious, however, the same is subject to outcome of investigation.","CDL, Kolkata",portal,2026-05_all_spurious.json,1
2026-05,central,spurious,Amoxycillin and Potassium Clavulanate Tablets IP,825D167,Jun-2025,Nov-2026,Under Investigation | Under Investigation,"The product is purported to be spurious, however, the same is subject to outcome of investigation","CDL, Kolkata",portal,2026-05_all_spurious.json,2
2026-06,"state:DTL, Chennai-06",nsq,Permethrin Medicated Soap,9147,Sep-2025,Aug-2027,"Vimson Derma, 816/3, Kothari Estate, Santej - 382721, (Gujarat).",Content,"DTL, Chennai-06",portal,2026-06_all_nsq.json,1
2026-06,"state:DTL, Chennai-06",nsq,Magnesium Sulphate Injection I.P-2ml,201,Jan-2026,Dec-2027,"Hindustan Medicines Pvt Ltd, Barauni - 851112.",pH,"DTL, Chennai-06",portal,2026-06_all_nsq.json,2
2026-06,"state:DTL, Madurai-19",nsq,Ranitidine Oral Solution IP,RAN191,Jul-2025,Jun-2027,"Revive Formulation India Pvt, Ltd. R.S.No.#76/3, Perumal Nagar, Agasampattu Village, Vanur Taluk, Tamil Nadu-605109",Content,"DTL, Madurai-19",portal,2026-06_all_nsq.json,3
2026-06,"state:DTL, Chennai-06",nsq,Telmisartan Tablets IP 40mg,GTM94,May-2025,Apr-2027,"Super Formulations Pvt.Ltd, 16-B & 15-F, Industrial Area, Maxi Road, Ujjain (MP), 456010.",Dissolution,"DTL, Chennai-06",portal,2026-06_all_nsq.json,4
2026-06,"state:DTL, Chennai-06",nsq,Telmisartan Tablets IP 40mg,MT-032673,Mar-2026,Feb-2028,"Merion Care Pvt.Ltd, Khasra No. 1296, Mandhala, Barotiwala,Tehsil-Baddi, Distt. Solan (HP), 174103",Dissolution and Content,"DTL, Chennai-06",portal,2026-06_all_nsq.json,5
2026-06,"state:DTL, Chennai-06",nsq,Azithromycin Oral Suspension IP,26150,Mar-2026,Feb-2028,"Zeta Formulation Private Limited, No. 157, GST Road (Ground & First Floor), Pukkathurai, Madurandagam, Kanchipuram Dist-603116",pH and Content,"DTL, Chennai-06",portal,2026-06_all_nsq.json,6
2026-06,"state:SDTL,Chhattisgarh",nsq,Aceclofenac and Paracetamol,T251109,Nov-2025,Oct-2027,"Medisky Pharmaceuticals Pvt. Ltd., Plot No 260 GIDC Talod 383215 Dist. Sabarkantha Gujrat India",Misbrandad,"SDTL,Chhattisgarh",portal,2026-06_all_nsq.json,7
2026-06,"state:SDTL, Punjab",nsq,Cetirizine Syrup IP,CIZ-2604,Mar-2026,Feb-2028,"Apple Formulations Pvt. Ltd., Plot No. 208, Kishanpur, Roorkee-247667 (U.K)",pH,"SDTL, Punjab",portal,2026-06_all_nsq.json,8
2026-06,"state:SDTL, Punjab",nsq,Oral Rehydration Salts IP,4047,Mar-2026,Feb-2028,"Super Formulations Pvt. Ltd., 16-B & 15-F, Industrial Area, Maxi Road, Ujjain (M.P.)-456010",Net Weight,"SDTL, Punjab",portal,2026-06_all_nsq.json,9
2026-06,"state:SDTL, Punjab",nsq,Gamma Benzene Hexachloride Lotion USP,6P46,Apr-2026,Mar-2028,"Yacca Lifesciences Pvt Ltd, (A WHO-GMP Certified Company) 156, Raipur, Bhagwanpur, Roorkee-247661 (INDIA)",The Cited Product is official in IP Which it is Printed USP an the label of the cited product.,"SDTL, Punjab",portal,2026-06_all_nsq.json,10
2026-06,"state:DTL, Chennai-06",nsq,Gentamicin Injection IP-40mg/ml-2ml,683511,Nov-2025,Oct-2027,"Zazen Pharma Pvt. Ltd., Plot No.7&8, Off N.H.No.8, Vasai Phata, Vasai (E), Dist. Phalgar, Pin-401208, Maharastra.",pH,"DTL, Chennai-06",portal,2026-06_all_nsq.json,11
2026-06,"state:SDTL, Punjab",nsq,Oral Rehydration Salts IP,4043,Mar-2026,Feb-2028,"Super Formulations Pvt Ltd, 16-B & 15-F, Industrial Area, Maxi Road, Ujjain (M.P) 456010",Net Weight,"SDTL, Punjab",portal,2026-06_all_nsq.json,12
2026-06,"state:SDTL, Guwahati",nsq,Telmisartan Tablets IP 20mg,PRT2601-29,Jan-2026,Dec-2027,"Regent Ajanta Biotech 86-87, Vill. Makhiyali Dundi, Peerpura Road, Roorkee-247667, Uttarakhand (India)",The sample does not conform to I.P. w.r.to the tests for Dissolution,"SDTL, Guwahati",portal,2026-06_all_nsq.json,13
2026-06,"state:SDTL, Guwahati",nsq,Telmisartan Tablets IP 80mg,PT50022A,Nov-2025,Oct-2027,"Gnosis Pharmaceuticals Pvt Ltd., Nahan Road, Vill. Moginand, Kala-Amb, Dist. Sirmour, HP-173030",The sample does not conform to I.P. w.r.to the tests for Dissolution,"SDTL, Guwahati",portal,2026-06_all_nsq.json,14
2026-06,"state:SDTL, Guwahati",nsq,Itraconazole Capsule IP 200 mg,IG25045,Jun-2025,May-2027,"Innova Captab Ltd., 1281/1, Hilltop Industrial Estate, Near EPIP, Phase-I, Jharmajra, Baddi, Distt. Solan (H.P), India",The sample does not conform to I.P. w.r.to the tests for Dissolution,"SDTL, Guwahati",portal,2026-06_all_nsq.json,15
2026-06,"state:SDTL, Guwahati",nsq,Telmisartan & Amlodipine Besylate Tablets IP,PRT2602-149,Feb-2026,Jan-2028,"Regent Ajanta Biotech 86-87, Vill-Makhiyali Dundi,Peerpura Road, Roorkee-247667, Uttarkhand",The sample does not conform to I.P. w.r.to the tests for Dissolution,"SDTL, Guwahati",portal,2026-06_all_nsq.json,16
2026-06,"state:SDTL, Guwahati",nsq,Telmisartan Tablets IP 20mg,PRT2601-30,Jan-2026,Dec-2027,"Regent Ajanta Biotech 86-87, Vill-Makhiyali Dundi,Peerpura Road, Roorkee-247667, Uttarkhand",The sample does not conform to I.P. w.r.to the tests for Dissolution,"SDTL, Guwahati",portal,2026-06_all_nsq.json,17
2026-06,"state:SDTL, Guwahati",nsq,Telmisartan Tablets IP 40 Mg,SPE250642,May-2025,Apr-2027,"Aristo Pharmaceuticals Pvt. Ltd., Plot Nos-2040-46, NH. 10, Baghey Khola, P.O.- Majhitar, Sikkim-737136",The sample does not conform to I.P. w.r.to the tests for Identification and Assay,"SDTL, Guwahati",portal,2026-06_all_nsq.json,18
2026-06,"state:SDTL, Guwahati",nsq,Telmisartan & Amlodipine Tablets IP,25440443,Jan-2025,Dec-2026,"Alkem Health Science Unit-2, Samardung, Karek Block, P.O: Namthang, Dist. Namchi, Sikkim-737137",The sample does not conform to I.P. w.r.to the tests for Dissolution,"SDTL, Guwahati",portal,2026-06_all_nsq.json,19
2026-06,"state:SDTL, Guwahati",nsq,Pantoprazole Gastro Resistant Tablets IP 40mg,SPG240936,Jul-2024,Dec-2026,"Aristo Pharmaceuticals Pvt. Ltd., Plot No-2040-46, NH. 10, Baghey Khola, P.O.- Majhitar, Sikkim-737136",The sample does not conform to I.P. w.r.to the tests for Identification Assay,"SDTL, Guwahati",portal,2026-06_all_nsq.json,20
2026-06,"state:SDTL, Guwahati",nsq,Telmisartan 40mg & Amlodipine 5mg Tablets IP,BPH252331,Aug-2025,Jul-2027,"Aristo Pharmaceuticals Pvt. Ltd., Makhnumajra, P.O.- Bhud Baddi. Distt. Solan (HP)-173205",The sample does not conform to I.P. w.r.to the tests for Dissolution,"SDTL, Guwahati",portal,2026-06_all_nsq.json,21
2026-06,"state:SDTL, Guwahati",nsq,Telmisartan 40mg & Amlodipine Besylate Tablets IP 5mg,PRT2512-47,Dec-2025,Nov-2027,"Regent Ajanta Biotech, 86-87, Vill. Makhiyali Dundi, Peerpura Road, Roorkee-247667 (UK)",The sample does not conform to I.P. w.r.to the tests for Dissolution,"SDTL, Guwahati",portal,2026-06_all_nsq.json,22
2026-06,"state:SDTL, Guwahati",nsq,Enteric Coated Rabeprazole Sodium & Domperidone Sustained Release Capsules,RDAA24009,Oct-2024,Sep-2026,"Signova Healthcare Pvt Ltd, Unit-II, EPIP, Silasundari Ghopa, Amingaon, North Guwahati, Assam-781031",The sample does not conform to I.P. w.r.to the tests for Dissolution & Assay,"SDTL, Guwahati",portal,2026-06_all_nsq.json,23
2026-06,"state:SDTL, Guwahati",nsq,Cilnidipine Tablets IP 10 mg,MT261003,Apr-2026,Mar-2028,"Mascot Health Series Pvt. Ltd., 79 & 80, Sec-6A, IIE Sidcul Haridwar-249403",The sample does not conform to I.P. w.r.to the tests for Dissolution,"SDTL, Guwahati",portal,2026-06_all_nsq.json,24
2026-06,"state:SDTL, Guwahati",nsq,"Amoxycillin & Potassium Clavulanate Tablets IP 625 MG,",825D001,Jan-2025,Jun-2026,"Medrich Ltd. ,Survey No. 12 &15, Gundarahalli village, Sulibele Hobli, HoskoteTaluk, Bengaluru Rural District-562114",The sample does not conform to I.P. w.r.to the tests for Identification and Assay,"SDTL, Guwahati",portal,2026-06_all_nsq.json,25
2026-06,"state:SDTL, Guwahati",nsq,Ibuprofen Tablets IP 400 mg,IBPT-1002,Jul-2024,Jun-2027,"Wings Biotech LLP,43 & 44, HPSIDC, Industrial Area, Baddi-173205 (HP)",The sample does not conform to I.P. w.r.to the tests for Dissolution,"SDTL, Guwahati",portal,2026-06_all_nsq.json,26
2026-06,"state:SDTL, Guwahati",nsq,Amlodipine & Atenolol Tablets IP,G65Y010,Jan-2025,Dec-2026,"Mankind Pharma Ltd., Doring Block, Bermiok Elaka, Distt. Namchi, Sikkim-737126",The sample does not conform to I.P. w.r.to the tests for Identification and Assay,"SDTL, Guwahati",portal,2026-06_all_nsq.json,27
2026-06,"state:SDTL, Guwahati",nsq,Amoxycillin & Potassium Clavulanate Tablets IP,25442245,Jun-2025,Nov-2026,"Alkem Health Science, A Unit of Alkem Laboratories Limited Unit-2, Samardung, Karek Block, P.O.- Namthang, South Sikkim-737137",The sample does not conform to I.P. w.r.to the tests for Identification and Assay,"SDTL, Guwahati",portal,2026-06_all_nsq.json,28
2026-06,"state:SDTL, Guwahati",nsq,Amoxycillin& Potassium Clavulanate Tablets IP,MFK0983,Dec-2024,Nov-2026,"Medicef Pharma , Plot No-28,29 & 48, Phase-I, Epip,Jharmajri,Baddi, , Distt. Solan-173205 (HP),",The sample does not conform to I.P. w.r.to the tests for Identification and Assay,"SDTL, Guwahati",portal,2026-06_all_nsq.json,29
2026-06,"state:SDTL,Chhattisgarh",nsq,Aceclofenac and Paracetamol,ET25246,Dec-2025,Nov-2028,"EDKEM Pharmaceuticals Ltd., M-9M12 Gallops Industrial Area Park - II Chancharvadi Vasna Bavla- Changodar Highway Ahmedabad- 382210",Misbrandad,"SDTL,Chhattisgarh",portal,2026-06_all_nsq.json,30
2026-06,"state:FDL, Bambolim Goa",nsq,Pantoprazole Gastro Resistant Tablets IP 40mg,T-3423,Nov-2024,Oct-2026,"Jackson Laboratories Pvt. Ltd., 22-24, Majitha Road, Bye Pass, Amritsar, 143001, India.",Does not conform to IP Standards with respect to Description and Dissolution Test,"FDL, Bambolim Goa",portal,2026-06_all_nsq.json,31
2026-06,"state:FDL, Vadodara",nsq,Amoxycillin Oral Suspension IP,PDB108A,Nov-2024,Oct-2026,"Aan Life science Private Limited., Survey No. 144/1, P1, Village. Ghodasar -387110. Ta. Mahemdabad, Dist. Kheda, Gujarat. India.",Content of Amoxycillin.,"FDL, Vadodara",portal,2026-06_all_nsq.json,32
2026-06,"state:FDL, Vadodara",nsq,Amoxycillin Oral Suspension IP,PDB110A,Nov-2024,Oct-2026,"Aan Life science Private Limited., Survey No. 144/1, P1, Village. Ghodasar -387110. Ta. Mahemdabad, Dist. Kheda, Gujarat. India.",Content of Amoxycillin.,"FDL, Vadodara",portal,2026-06_all_nsq.json,33
2026-06,"state:FDL, Vadodara",nsq,Amoxycillin Oral Suspension IP,PDB121A,Nov-2024,Oct-2026,"Aan Life science Private Limited., Survey No. 144/1, P1, Village. Ghodasar -387110. Ta. Mahemdabad, Dist. Kheda, Gujarat. India.",Content of Amoxycillin.,"FDL, Vadodara",portal,2026-06_all_nsq.json,34
2026-06,"state:FDL, Vadodara",nsq,Amoxycillin Oral Suspension IP,PDB117A,Nov-2024,Oct-2026,"Aan Life science Private Limited., Survey No. 144/1, P1, Village. Ghodasar -387110. Ta. Mahemdabad, Dist. Kheda, Gujarat. India.",Content of Amoxycillin.,"FDL, Vadodara",portal,2026-06_all_nsq.json,35
2026-06,"state:FDL, Vadodara",nsq,Amoxycillin Oral Suspension IP,PDB098A,Nov-2024,Oct-2026,"Aan Life science Private Limited., Survey No. 144/1, P1, Village. Ghodasar -387110. Ta. Mahemdabad, Dist. Kheda, Gujarat. India.",Content of Amoxycillin.,"FDL, Vadodara",portal,2026-06_all_nsq.json,36
2026-06,"state:FDL, Vadodara",nsq,Amoxycillin Oral Suspension IP,PDB099A,Nov-2024,Oct-2026,"Aan Life science Private Limited., Survey No. 144/1, P1, Village. Ghodasar -387110. Ta. Mahemdabad, Dist. Kheda, Gujarat. India.",Content of Amoxycillin.,"FDL, Vadodara",portal,2026-06_all_nsq.json,37
2026-06,"state:FDL, Vadodara",nsq,Amoxycillin Oral Suspension IP,PDB119A,Nov-2024,Oct-2026,"Aan Life science Private Limited., Survey No. 144/1, P1, Village. Ghodasar -387110. Ta. Mahemdabad, Dist. Kheda, Gujarat. India.",Content of Amoxycillin.,"FDL, Vadodara",portal,2026-06_all_nsq.json,38
2026-06,"state:FDL, Vadodara",nsq,Amoxycillin Oral Suspension IP,PDB111A,Nov-2024,Oct-2026,"Aan Life science Private Limited., Survey No. 144/1, P1, Village. Ghodasar -387110. Ta. Mahemdabad, Dist. Kheda, Gujarat. India.",Content of Amoxycillin.,"FDL, Vadodara",portal,2026-06_all_nsq.json,39
2026-06,"state:FDL, Vadodara",nsq,Amoxycillin Oral Suspension IP,PDB114A,Nov-2024,Oct-2026,"Aan Life science Private Limited., Survey No. 144/1, P1, Village. Ghodasar -387110. Ta. Mahemdabad, Dist. Kheda, Gujarat. India.",Content of Amoxycillin.,"FDL, Vadodara",portal,2026-06_all_nsq.json,40
2026-06,"state:FDL, Vadodara",nsq,Cyproheptadine HCL & Tricholine Citrate Syrup,CL25122,Aug-2025,Jul-2027,"Clever Formulations., 75, Kapasi Industrial Park, Santej, Gandhinagar-380060",Microbial Contamination: Total Aerobic Viable Count (TAC),"FDL, Vadodara",portal,2026-06_all_nsq.json,41
2026-06,"state:FDL, Vadodara",nsq,Amoxycillin Oral Suspension IP,PDB105A,Nov-2024,Oct-2026,"Aan Life science Private Limited., Survey No. 144/1, P1, Village. Ghodasar -387110. Ta. Mahemdabad, Dist. Kheda, Gujarat. India.",Content of Amoxycillin.,"FDL, Vadodara",portal,2026-06_all_nsq.json,42
2026-06,"state:FDL, Vadodara",nsq,Amoxycillin Oral Suspension IP,PDB107A,Nov-2024,Oct-2026,"Aan Life science Private Limited., Survey No. 144/1, P1, Village. Ghodasar -387110. Ta. Mahemdabad, Dist. Kheda, Gujarat. India.",Content of Amoxycillin.,"FDL, Vadodara",portal,2026-06_all_nsq.json,43
2026-06,"state:FDL, Vadodara",nsq,"Dextromethorphan Hydrobromide, Chlorpheniramine Maleate & Phenylephrine Hydrochloride Syrup",S-199/25,Jul-2025,Jun-2027,"Aban Pharmaceuticals., Plot No. 1018, Kerala GIDC, Bavla, Dist. Ahmedabad-382 220",Dextromethorphan Hydrobromide content,"FDL, Vadodara",portal,2026-06_all_nsq.json,44
2026-06,"state:FDL, Vadodara",nsq,"Dextromethorphan Hydrobromide, Phenylephrine Hydrochloride & Chlorpheniramine Maleate Syrup",OML24074,Dec-2024,Nov-2026,"Omish Laboratories Pvt. Ltd., Plot no. D-10, Gallops Industrial Park-1, Ahmedabad- Rajkot Highway, NH 8A, Rajoda, Bavla, Ahmedabad-382220. (Gujarat).",Phenylephrine Hydrochloride Content,"FDL, Vadodara",portal,2026-06_all_nsq.json,45
2026-06,"state:FDL, Vadodara",nsq,"Terbutaline Sulphate, Ambroxol Hydrochloride, Guaiphenesin & Menthol Expectorant",JLI2586,Sep-2025,Aug-2027,"Janveda Healthceutical Pvt. Ltd., 26, Gopi Industrial Estate, Changodar, Ahmedabad-382213. (Gujarat)",Ambroxol Hydrochloride content,"FDL, Vadodara",portal,2026-06_all_nsq.json,46
2026-06,state:DTL Bikaner,nsq,Cefixime Dispersible Tablet IP,VT240492,May-2024,Apr-2026,"VADSP Pharmaceuticals, Plot No. 124, E.P.I.P. Ind. Area, Phase-I, Jharmajri, Baddi (H.P.) 174103",The sample does not conform to the IP with respect to Assay of Cefixime Trihydrate eq. to Anhydrous Cefixime.,DTL Bikaner,portal,2026-06_all_nsq.json,47
2026-06,"state:DTL, Baddi",nsq,Compound Sodium Lactate Injection ( Ringer Lactate Solution for IP ) 500 ml,OMF241105,Nov-2024,Oct-2026,"Haseeb Pharmaceuticala Pvt. Ltd. Plot no. F-9/14,15,16, MIDC Nagpur-440016, India.","The Sample does not conform to claim as per IP 2022 in respect to the pH Particulate Matter ,Bacterial Endotoxins & Sterility","DTL, Baddi",portal,2026-06_all_nsq.json,48
2026-06,state:RDTL Ernakulam,nsq,Dicyclomine Tablets IP 10 mg,THY25005AL,Apr-2025,Mar-2028,"Hindustan Laboratories Limited, Plot.No. 5-9,1, Survey No. 38/2, Aliyali, Palghar (W), Dist-Palghar-401404(M.S).",Sample does not conform to IP standards with respect to Description.,RDTL Ernakulam,portal,2026-06_all_nsq.json,49
2026-06,"state:DTL, TVPM",nsq,Paracetamol Tablets IP 500 mg,AMJ0711,Dec-2023,Nov-2026,"Acme Formulations Pvt Ltd., Ropar Road, Nalagarh Distt. Solan, Himachal Pradesh-174 101",Dissolution,"DTL, TVPM",portal,2026-06_all_nsq.json,50
2026-06,"state:DTL, TVPM",nsq,Telmisartan Tablets IP 40 mg,TM5143,Sep-2025,Aug-2027,"Kerala State Drugs and Pharmaceuticals Ltd, Kalavoor P.O., Alappuzha, Kerala-688 522.","It fails the Descriptive part for tablets as per IP, as specified in the laboratory protocol. As per IP, tablets should have sufficient hardness to withstand handling without crumbling or breaking. These tablets are soft and in powdered condition and cannot be removed from the strips in intact form","DTL, TVPM",portal,2026-06_all_nsq.json,51
2026-06,state:RDTL Ernakulam,nsq,"Mefenamic Acid Tablets B.P. 500 mg,",T-2506151,Jun-2025,May-2027,"Aagya Biotech Pvt Ltd., 1.5 K.M, Manglour- Saharanpur Road,Manglour-247656, Roorkee, Distt.Haridwar (U.K.), India",The Sample does not confirms to BP standards with respect to the test Disintegration,RDTL Ernakulam,portal,2026-06_all_nsq.json,52
2026-06,"state:DTL, Thrissur",nsq,Ranitidine Oral Solution IP,L5E068,May-2025,Apr-2027,"Samyan Health Care Pvt. Ltd., Plot No. 26-27, HPSIDC, Ind.Area, Vill. Davni, Baddi, Distt.Solan (HP) 173205",Sample does not conform to IP standards with respect to Assay,"DTL, Thrissur",portal,2026-06_all_nsq.json,53
2026-06,"state:RDTL, Ernakulam",nsq,Bisacodyl gastro-resistant Tablets IP,2518853T002,Jun-2025,May-2028,"Scott-Edil Pharmacia Ltd., Unit II, Plot No. 21-22, EPIP, Phase -1, Jharmajri, Baddi, Distt.Solan-173205(HP), India.",Sample does not conform to IP 2022 standards. This particular batch sample fails the test Dissolution,"RDTL, Ernakulam",portal,2026-06_all_nsq.json,54
2026-06,state:RDTL Ernakulam,nsq,Mefenamic Acid and Paracetamol Tablets,T3209,May-2024,Apr-2027,"Jersy Pharma, 152-B, South Giri Road, T.P. Kundram, Madurai-625 005","Sample does not conform to Schedule V of the Drugs Rules, 1945 with respect to the Assay of Mefenamic Acid as specified in the laboratory protocol.",RDTL Ernakulam,portal,2026-06_all_nsq.json,55
2026-06,"state:DTL, Konni",nsq,Folic Acid Tablets IP 0.4 mg,FO1TE063,Nov-2024,Oct-2027,"Unicure India Ltd., Plot No. 46 (B),/49B,Vill. Raipur,Bhagwanpur,Roorkee Distt. Haridwar, Uttarakhand",Sample does not conform to IP standards. It fails the tests Dissolution and Assay as per IP.,"DTL, Konni",portal,2026-06_all_nsq.json,56
2026-06,"state:DTL, TVM",nsq,Esomeprazole Tablets IP,ZRST-3430,Feb-2026,Jan-2028,"ZRS Pharmaceuticals India Pvt Ltd, Khasra No.481, 490/3, 562/489/1, Opposite Sector-6, Tehsil Kasauli, Parwanoo, Solan, HP-173220",Sample does not conform to IP Standards. If fails the tests Assay and Dissolution as per IP,"DTL, TVM",portal,2026-06_all_nsq.json,57
2026-06,"state:RDTL, Ernakulam",nsq,Vitamin B- Complex Forte Zinc Capsules.,CV-1120052,Nov-2024,Oct-2026,"Centurion Remedies Pvt Ltd, G-5 &6, B.I.D.C Gorwa Vadodara 390016, India",Sample fails in the descriptive part as per schedule V of drugs and cosmetics act and rules there under.,"RDTL, Ernakulam",portal,2026-06_all_nsq.json,58
2026-06,"state:RDTL, Ernakulam",nsq,"Fluorometholone Eye Drops IP , Flomia Eyedrops",HE5106A,Apr-2025,Mar-2027,"Hanuchem Laboratories, Plot No 13, Sector-5, Industrial Area, Parwanoo, Distt. Solan (H.P)",The sample does not conform to IP standards. This particular batch of sample fails the tests Sterility and Assay,"RDTL, Ernakulam",portal,2026-06_all_nsq.json,59
2026-06,"state:RDTL, Ernakulam",nsq,"Cilnidipine Tablets IP 10 mg,",GTV26001,Jan-2026,Dec-2027,"VTV Formulations India Pvt Ltd, Khasra No 27, Mandawar, Bhagwanpur, Roorkee, Dist, Haridwar (U.K)",Sample does not conform to IP 2022 standards. This particular batch sample fails the test Dissolution,"RDTL, Ernakulam",portal,2026-06_all_nsq.json,60
2026-06,"state:RDTL, Ernakulam",nsq,Paracetamol Tablets IP 500 mg,PAK-643,Feb-2024,Jan-2027,"Healer's Lab Unit II, Plot No. 33, H.P.S.I.D.C, Extn, Baddi, Distt-solan (H.P)",Sample does not conform to IP 2022 standards. This particular batch sample fails the test Dissolution,"RDTL, Ernakulam",portal,2026-06_all_nsq.json,61
2026-06,"state:DTL, Chennai-06",nsq,Paracetamol Oral Suspension IP,25K-3031,Nov-2025,Oct-2027,"Varav Biogenesis Pvt.Ltd, Plot No. 3 & 3A, Industrial Area, Trilokpur Road, Kala AMB, Distt. Sirmour (HP) - 173030",Content,"DTL, Chennai-06",portal,2026-06_all_nsq.json,62
2026-06,"state:SDTL,Chhattisgarh",nsq,Aceclofenac and Paracetamol,SPT251764A,Aug-2025,Jul-2027,Salus Pharmaceuticals Als 480/21 Harraipur PO Gaunmajara Tah- Baddi Distt- Solan (H.P.) 173205,Misbrandad,"SDTL,Chhattisgarh",portal,2026-06_all_nsq.json,63
2026-06,"state:FDAL, Mumbai",nsq,Tinycold-AF Chlorpheniramine Maleate & Phenylephrine Hydrochloride Syrup IP,AI.25089,Jul-2025,Jun-2027,"Cian Healthcare Kh. NO. 248, Village Sisona, Bhagwanpur, Roorkee Haridwar, Uttarakhand Roorkee",The content of phanylephrine Hydrochloride in the sample is less (i.e. 66.80% of the labelled amount ) than IP limit (IP 90% to 110%),"FDAL, Mumbai",portal,2026-06_all_nsq.json,64
2026-06,"state:FDAL, Mumbai",nsq,Paracetamol Paediatric Oral suspension IP,L5DD15,Jan-2025,Dec-2026,"Zenith Drugs Ltd. 72/5 & 72/3, 72/4 74/1, 75/1, Muradpura Jorangpura, Dhar Road, NBr. Kalaria, Indore-453001 M.P","The sample does not comply with IP requirement for related substances test. The sample does notshow identification test for colour carmoisine, Hence the sample is misbranded vide rule 96 and section 17(b) and 17 ( c) of Drugs and Cosmetics Act 1940 and Rules thereunder","FDAL, Mumbai",portal,2026-06_all_nsq.json,65
2026-06,"state:FDAL, Mumbai",nsq,Paracetamol Paediatric Oral suspension IP,LB5172,Oct-2025,Sep-2027,"Zenith Drugs Ltd. 72/5 & 72/3, 72/4 74/1, 75/1, Muradpura Jorangpura, Dhar Road, NBr. Kalaria, Indore-453001 M.P",The sample does not comply with IP requirement for related substances.,"FDAL, Mumbai",portal,2026-06_all_nsq.json,66
2026-06,"state:FDAL, Mumbai",nsq,Co-Trimoxazole Oral Suspension IP,L25/0106A,May-2025,Apr-2027,"Samkem , 15-B & 10-B A.K.V.N Industrial Area, Rangwasa, Roa 453331",Content of Trimethoprim In the Sample Is Less (I.E 60.52% Of The Labelled Amount) than the IP limits.,"FDAL, Mumbai",portal,2026-06_all_nsq.json,67
2026-06,"state:SDT&RL,
Bhubaneswar",nsq,Rabeprazole Gastro resistant Tablets IP 20 m,UA01493,Jun-2024,May-2026,"LUPIN Ltd., 4th mile, Bhasmey, KarmareyBhasmey block, Duga llaka, Sikkim-737132, India",Dissolution test (Buffer stage),"SDT&RL,
Bhubaneswar",portal,2026-06_all_nsq.json,68
2026-06,"state:SDT&RL,
Bhubaneswar",nsq,Lorazepam Tablets IP 1mg,NTE0461,Jul-2024,Jun-2026,"Digital Vision, 176, Mauza Ogli, Nahan Road, KalaAmb, Distt.: Sirmour (?.?.)- 173030",Assay and Dissolution,"SDT&RL,
Bhubaneswar",portal,2026-06_all_nsq.json,69
2026-06,"state:SDT&RL,
Bhubaneswar",nsq,"Montelukast, Levocetrizine Dihydrochloride",ALL1169,Aug-2024,Jul-2026,"Arcon Labs, Plot No. 100, DIC, Industrial Area Baddi, Distt.: Solan (H.P.)173205",Content of Montelukast,"SDT&RL,
Bhubaneswar",portal,2026-06_all_nsq.json,70
2026-06,"state:SDT&RL,
Bhubaneswar",nsq,Amoxycillin & Potassium Clavulanate Tablets IP,VT251183,Aug-2025,Jan-2027,"VADSP Pharmaceuticals, Plot No. 124, E.P.I.P. Ind. Area, Phase-1, Jharmajri, Baddi (H.P.)173205",Dissolution test and content of Clavulanic Acid,"SDT&RL,
Bhubaneswar",portal,2026-06_all_nsq.json,71
2026-06,"state:SDT&RL,
Bhubaneswar",nsq,Vitamin B1 Vitamin B6 Vitamin B2 Niacinamide Calcium D Pentothenate,10512,Feb-2025,Jan-2027,"Healthy Life Pharma Pvt. Ltd., Factory-N31/1, MIIDC Tarapur, Biosar, Dist.: Palghar- (HP) 401506",Vitamin B1 & for reason stated under description,"SDT&RL,
Bhubaneswar",portal,2026-06_all_nsq.json,72
2026-06,"state:SDT&RL,
Bhubaneswar",nsq,Fungal Diastase (Estimated in terms of amylase activity) Pepsin (Estimated in terms ofvolume of undissolved egg albumin),SR-14,May-2025,Apr-2027,"Sresan Pharmaceutical Manufacturer No. 787. Bangalore Highways, Sunguvarchathra m(Mathu??), Kancheepuram, Dist-602106",Alpha amylase activity and Pepsin content,"SDT&RL,
Bhubaneswar",portal,2026-06_all_nsq.json,73
2026-06,"state:SDT&RL,
Bhubaneswar",nsq,Azithromycin Oral Suspension IP 100 mg/5ml,1501/25,Aug-2024,Jul-2026,"Livin Formulations Survey no. 807, IDA, Medchal 501401",Content of Azithromycin,"SDT&RL,
Bhubaneswar",portal,2026-06_all_nsq.json,74
2026-06,"state:SDT&RL,
Bhubaneswar",nsq,Fungal Diastase (Estimated in terms of amylase activity) Pepsin (Estimated in terms ofvolume of undissolved egg albumin),380725-UN,Jul-2025,Dec-2026,"Biogenetic Drugs Ptv. Ltd., Jharmajri, Baddi, Dist-Solan(H.P",Content of Pepsin,"SDT&RL,
Bhubaneswar",portal,2026-06_all_nsq.json,75
2026-06,"state:SDTL, Punjab",nsq,Gamma Benzene Hexachloride Lotion USP,6P48,Apr-2026,Mar-2028,"Yacca Lifesciences Pvt Ltd, (A WHO-GMP Certified Company) 156, Raipur, Bhagwanpur, Roorkee-247661 (INDIA)",The Product is official in I.P but is mentioned as USP on the label,"SDTL, Punjab",portal,2026-06_all_nsq.json,76
2026-06,"state:SDTL, Punjab",nsq,Telmisartan Tablets IP 40mg,RT-251154,Nov-2025,Oct-2027,"Relief Biotech Pvt. Ltd., Khasra No. 72, Makhyali Dundi, Peerpura Road, Roorkee Bypass, Delhi Road, Manglour, Roorkee-247656, Haridwar (U.K.)",1. Description 2. Dissolution (7Units Foumd to be less than 60% against I.P Limit of max. Two Units to be less than 60% against labeled claim also 7units found to be less than 50% against I.P Limit of No Unit to be less than 50% against Labeled claim.),"SDTL, Punjab",portal,2026-06_all_nsq.json,77
2026-06,"state:SDTL, Punjab",nsq,Gamma Benzene Hexachloride Lotion USP,6P45,Apr-2026,Mar-2028,"Yacca Lifesciences Pvt Ltd, (A WHO-GMP Certified Company) 156, Raipur, Bhagwanpur, Roorkee-247661 (INDIA)",The Cited Product is official in I.P Which it is Printed USP an the label of the cited product.,"SDTL, Punjab",portal,2026-06_all_nsq.json,78
2026-06,"state:SDTL, Punjab",nsq,Gamma Benzene Hexachloride Lotion USP,6P47,Apr-2026,Mar-2028,"Yacca Lifesciences Pvt Ltd, (A WHO-GMP Certified Company) 156, Raipur, Bhagwanpur, Roorkee-247661 (UK)",The Cited Product is official in I.P Which it is Printed as USP on the label of the cited product.,"SDTL, Punjab",portal,2026-06_all_nsq.json,79
2026-06,"state:SDTL, Punjab",nsq,Methylcobalamin Oral Disintegrating Tablets 1500 mcg,MOD10205D,Dec-2025,Nov-2027,"Pulse Pharmaceuticals Pvt. Ltd., Khasra No. 400, 407, 409 Karondi, Roorkee, Uttarakhand-247667",Description,"SDTL, Punjab",portal,2026-06_all_nsq.json,80
2026-06,"state:SDTL, Punjab",nsq,ORAL REHYDRATION SALTS IP,4033,Mar-2026,Mar-2028,"SUPER FORMULATIONS PVT. LTD., 16-B & 15-F, Industrial Area, Maxi Road, Ujjain (M.P.)-456010",Average Net Contents per sachet found to be 20.3532gm against claim of 20.5gm per sachet,"SDTL, Punjab",portal,2026-06_all_nsq.json,81
2026-06,"state:SDTL, Punjab",nsq,Amoxycillin And Potassium Clavunate Tablets,SPAR25007,Feb-2025,Jan-2027,"Cosmas Research Lab Ltd., Village: Gaunsura, P.P. Noorpur Bet, Hambran, Ludhiana-141008",The contents of Clavulanic Acid found to be 107.16mg/Tablet (85.728%) against claim of 125.0mg/Tablet.,"SDTL, Punjab",portal,2026-06_all_nsq.json,82
2026-06,"state:SDTL, Punjab",nsq,Enteric Coated Rabeprazole Sodium & Domperidone (SR) Capsules,VDR24002,Sep-2024,Aug-2026,"Windlas Biotech Limited Plain-2, Khasra No. 141 to 143 & 145, Mohabewala Indl. Area, Dehradun-248110 (U.K.) R.O. 40/1, Mohabewala Indl. Area, Dehradun",Uniformity of Weight,"SDTL, Punjab",portal,2026-06_all_nsq.json,83
2026-06,state:DTL Jaipur,nsq,Povidone- Iodine Solution IP 5%,PI-61,Sep-2025,Aug-2027,"Vinayak Manutrade (P) Ltd., Plot No. 87B, RIICO Industrial Area, Jhotwara, Jaipur (Raj) 302012","The sample does not conform to the IP with respect to Description, Identification pH and Assay (Nil)",DTL Jaipur,portal,2026-06_all_nsq.json,84
2026-06,state:DTL Lucknow,nsq,Ciprofloxacin Tablets IP 500mg,CPT25066,Jun-2025,May-2028,"Vivek Pharmachem (India) Ltd., N.H. 8, Chimanpura, Amer, Jaipur- 303102","The sample does not conform to IP, in Respect of Dissolution.",DTL Lucknow,portal,2026-06_all_nsq.json,85
2026-06,state:DTL Jaipur,nsq,Amoxycillin & Potassium Clavulanate Tablets I.P. (Moxkit-CV 625),MICTAB- 2302,Mar-2025,Aug-2026,"Micro Formulations, Chambaghat, Near Railway Crossing, Solan, Distt. Solan (H.P.) 173213 Mkt by M/s Boyel Pharma Pvt. Ltd., Raheja Centre Point 294, CST Road, Near Mumbai University Off. Bandra Kurla Complex, Santacruz (E) Mumbai Maharashtra 400098, India",The sample does not conform to the IP with respect to Assay of Clavulanic Acid (NIL) and Amoxycillin.,DTL Jaipur,portal,2026-06_all_nsq.json,86
2026-06,"state:DTL, Madurai-19",nsq,Tolperisone Hydrochloride 150 mg and Diclofenac Sodium 50 mg,WON24021G,Nov-2024,Oct-2026,"Windlas Biotech Limited (Plant-2), Khasra No. 141 to 143 & 145, Mohabewala Industrial Area, Dehradun-248110, Uttarakhand R.O.: 40/1, Mohabewala Indl. Area, Dehradun",Content,"DTL, Madurai-19",portal,2026-06_all_nsq.json,87
2026-06,"state:DTL, Madurai-19",nsq,Povidone-Iodine & Metronidazole Ointment,25343A,Aug-2025,Jul-2027,"Athens Life Sciences, Manza Rampur Jattan, Nahan Road, Kala Amb, Distt. Sirmour, HP-173030",Content,"DTL, Madurai-19",portal,2026-06_all_nsq.json,88
2026-06,"state:DTL, Madurai-19",nsq,Pantoprazole Gastro-Resistant Tablets IP 40 mg,MMPT9348,Jan-2026,Dec-2027,"Middle Mist Pharmaceuticals Pvt., Ltd., #1/230, Leelavathy Nagar, Kundrathur Main Road, Chikkarayapuram Chennai-69",Content,"DTL, Madurai-19",portal,2026-06_all_nsq.json,89
2026-06,"state:DTL, Chennai-06",nsq,"Clobetasol Propionate, Neomycin, Miconazole Nitrate & Chlorhexidine Cream",DLPS5108,Nov-2025,Oct-2027,"Leeford Healthcare Ltd, AT-PLOT No.77 ,78, 79-A, 79-B & 116, EPIP, Phase-II, Village - Thana, Tehsil-Baddi, Distt. Solan (HP), India, 173205.",Content,"DTL, Chennai-06",portal,2026-06_all_nsq.json,90
2026-06,"state:DTL, Chennai-06",nsq,Glimepiride Tablets IP 1mg,M25799027,Oct-2025,Sep-2027,"Dr. Miltons Laboratories Private Limited, R.S.No.135/6, Sanyasikuppum Village, Thirubuvanai (Post), Mannadipet Commune, Puducherry, 605107",Dissolution,"DTL, Chennai-06",portal,2026-06_all_nsq.json,91
2026-06,"state:DTL, Udaipur",nsq,Drotaverine Hydrochloride & Mefenamic Acid Tablets,DMR-504,Jan-2026,Dec-2027,"Healer?s Lab Unit II, Plot No. 33, H.P.S.I.D.C. Extn., Baddi, Distt-Solan (H.P.)",The sample does not conforms to the claim with respect to description as it show physical instability in the form of Mottling.,"DTL, Udaipur",portal,2026-06_all_nsq.json,92
2026-06,"state:DTL, Madurai-19",nsq,Phenylephrine Hydrochloride & Chlorpheniramine Maleate Syrup IP,KKP-006,Feb-2025,Jan-2027,"Park Pharmaceuticals, Vill Kalujhanda Near Nanakpur, Teh Baddi, Distt. Solan (H.P) - 174103.",Content,"DTL, Madurai-19",portal,2026-06_all_nsq.json,93
2026-06,"state:DTL, Madurai-19",nsq,Carbimazole Tablets IP,2510306,Oct-2025,Sep-2027,"Biodeal Pharmaceuticals Ltd. Vill. Saini Majra, Nalagarh - Ropar Road, Nalagarh -174101, Dist.Solan, Himachal Pradesh, India.",Content,"DTL, Madurai-19",portal,2026-06_all_nsq.json,94
2026-06,"state:DTL, Madurai-19",nsq,Ambroxol Hydrochloride Terbutaline Sulphate Guaiphenesin & Menthol Syrup,RG-043,Aug-2025,Jul-2027,"Redner Formulations, R.S.No.2/1, Kurumbapet, Villianur Commune, Puducherry-605009",Content,"DTL, Madurai-19",portal,2026-06_all_nsq.json,95
2026-06,"state:DTL, Chennai-25",nsq,Phenazone & Lidocaine Hydrochloride Ear Drops -5ml,AOT01ACB,Jan-2026,Dec-2027,"Pure & Cure Healthcare Pvt. Ltd., Plot No.26A, 27-30, Sector-8A, I.I.E., SIDCUL, Ranipur, Haridwar-249403",Content,"DTL, Chennai-25",portal,2026-06_all_nsq.json,96
2026-06,"state:DTL, Madurai-19",nsq,Clobetasol Propionate and Salicylic Acid Ointment,J014,Oct-2025,Sep-2028,"Karlin Pharmaceuticlas & Exports Private Limited Plot No: 15, S F No 227, Sidco Industrial Estate, Thirumudivakkam, Kundrathur Taluk, Kancheepuram District, Tamil Nadu-600044.",Content,"DTL, Madurai-19",portal,2026-06_all_nsq.json,97
2026-06,"state:DTL, Chennai-06",nsq,Glimepiride Tablets IP 1mg,M25799030,Nov-2025,Oct-2027,"Dr. Miltons Laboratories Private Limited, R.S.No.135/6, sanyasikuppum Village, Thirubuvanai (Post), Mannadipet Commune, Puducherry, 605107",Dissolution,"DTL, Chennai-06",portal,2026-06_all_nsq.json,98
2026-06,"state:DTL, Chennai-06",nsq,Gamma Benzene Hexachloride Lotion USP,H-516,Sep-2025,Aug-2027,"Cotec Healthcare Pvt.Ltd., NH.No.74, Roorkee-Dehradun Highway, Kishanpur Roorkee - 247667 Uttarakhand.",Content,"DTL, Chennai-06",portal,2026-06_all_nsq.json,99
2026-06,"state:DTL, Madurai-19",nsq,Amitriptyline Tablets IP 25 mg,GAMT4,Oct-2025,Sep-2027,"Super Formulations Pvt.Ltd., 16-B & 15-F, Industrial Area, Maxi Road, Ujjain (MP)-456010.",Content,"DTL, Madurai-19",portal,2026-06_all_nsq.json,100
2026-06,"state:DTL, Madurai-19",nsq,Sucralfate & Oxetacaine Suspension,SCI-2508,Dec-2025,Nov-2027,"Apple Formulations Pvt. Ltd., Plot No 208, Kishanpur, Roorkee - 247667 (U.K)",Content,"DTL, Madurai-19",portal,2026-06_all_nsq.json,101
2026-06,"state:DTL, Chennai-06",nsq,Promethazine Hydrochloride Syrup IP,MDL-C819,Dec-2025,Nov-2027,"Marvellon Pharmaceuticals Pvt.Ltd., KH.No.114, VILL. Damowala, P.O, Barotiwala, Baddi, Distt. Solan (HP), 174103.",Content,"DTL, Chennai-06",portal,2026-06_all_nsq.json,102
2026-06,"state:DTL, Chennai-06",nsq,Ketoconazole & Chlorhexidine Gluconate Lotion,129,Sep-2025,Feb-2027,"Argion Cosmed India Pvt. Ltd., 1st Floor Old No 58, New No. 81, Golden Estate, Periya Pannacherry, Gerugambakkam, Tamil Nadu, 600122.",Content,"DTL, Chennai-06",portal,2026-06_all_nsq.json,103
2026-06,"state:DTL, Chennai-06",nsq,"Terbutaline Sulphate, Bromhexine Hydrochloride, Guaiphenesin & Menthol Syrup",EM1LF005,Apr-2025,Mar-2027,"Unicure India Ltd.,Plot No. 46(B), / 49B, VILL, Raipur, Bhagwanpur, Roorkee, Distt. Haridwar, Uttarakhand (INDIA)",Content,"DTL, Chennai-06",portal,2026-06_all_nsq.json,104
2026-06,"state:DTL, Chennai-06",nsq,"Ambroxol Hydrochloride, Terbutaline, Guaiphenesin & Menthol Syrup",KL08501,Mar-2025,Feb-2027,"Kinesis Laboratories Pvt.Ltd., VILL. Dharampur Sai Road, Baddi, Distt. Solan (HP), 173205",Content,"DTL, Chennai-06",portal,2026-06_all_nsq.json,105
2026-06,"state:DTL, Madurai-19",nsq,"Dextromethorphan Hydrobromide, Phenylephrine Hcl, Chlorpheniramine Maleate Syrup",VDGS-483,Sep-2025,Aug-2027,"Vzoic Healthcare Pvt. Ltd., Plot No.236, Ind. Area, Phase-IX, S.A.S Nagar, Mohali-160062 (Pb)",Content,"DTL, Madurai-19",portal,2026-06_all_nsq.json,106
2026-06,"state:State Lab, DCL, Telangana",nsq,Amoxycillin & Potassium Clavulanate Tablets IP,VT251451,Sep-2025,Feb-2027,"VADSP Pharmaceuticals, Plot No. 124, E.P.I.P. Indl. Area, Phase-I, Jharmajri, Baddi-174 103 (HP). Himachal Pradesh.",The Sample does not meets the Specifications wrt. Assay and Dissolution of Clavulanic acid as per IP.,"State Lab, DCL, Telangana",portal,2026-06_all_nsq.json,107
2026-06,"state:State Lab, DCL, Telangana",nsq,Atorvastatin Tablets IP 10mg,AC25002,May-2025,Apr-2027,"Eurokem Laboratories (P) Ltd, C-25, SIDCO Pharmaceuticals Complex, Alathur, Thiruporur - 603110 Tamil Nadu",The Sample does not meets the Specifications wrt. Dissolution Test as per IP.,"State Lab, DCL, Telangana",portal,2026-06_all_nsq.json,108
2026-06,"state:State Lab, DCL, Telangana",nsq,"Cefpodoxime Proxetil Tablets IP 200mg,",LBCC2601,Jun-2026,Feb-2028,"Linux Life Sciences Pvt.Ltd, at: E-41, Industrial Area, Focal Point, Derabassi (District), SAS Nagar Punjab 140 201 Punjab",The Sample does not meets the Specifications wrt.Description and Dissolution Test as per IP.,"State Lab, DCL, Telangana",portal,2026-06_all_nsq.json,109
2026-06,"state:State Lab, DCL, Telangana",nsq,Formaldehyde IP Solution,FD4686,Sep-2023,Aug-2026,"Krishna Pharma C-18/5/A, I.D.A, Uppal, Medchal Malkajgiri Dist, Hyderabad - 500 039, Telangana.",The Sample does not comply test parameter description as it contains white crystals. 2. Label states Formaldehyde I.P solution which is not availabe in current edition of IP.,"State Lab, DCL, Telangana",portal,2026-06_all_nsq.json,110
2026-06,"state:State Lab, DCL, Telangana",nsq,Telmisartan Tablets IP,AR250764,Jun-2025,May-2027,"Alteus Remedies Pvt.Ltd, EPIP, Kartholi, SIDCO Industrial Lane, Bari Brahmana, Distt. Samba - 181133 (J & K) Jammu and Kashmir.","The Dissolution test for Telmisartan tablets does not comples, hence it is Not of Standard Quality.","State Lab, DCL, Telangana",portal,2026-06_all_nsq.json,111
2026-06,"state:SDFTL US Nagar,UK",nsq,Levocetirizine HCl & Montelukast Sodium Syrup.,SL-151,Jun-2025,May-2027,"Shivam Enterprises (Pharma Division), Suketi Road, Kala-Amb, Distt. Sirmour (H.P.)-173030.",Assay Of Montelukast Sodium I.P. ? Less than prescribed limit.,"SDFTL US Nagar,UK",portal,2026-06_all_nsq.json,112
2026-06,"state:SDFTL US Nagar,UK",nsq,Ranitidine HCL I.P. 150 mg).,25S007B01,Oct-2025,Sep-2027,"Daundi Biological Pvt. Ltd., Khatauni No.513, Kh. No. 87, Minutes Central Hope Town, Tehsil Vikasnagar, Dehradun-248197.",Storage - Does not comply with I.P.,"SDFTL US Nagar,UK",portal,2026-06_all_nsq.json,113
2026-06,"state:SDFTL US Nagar,UK",nsq,Ferrous Sulphate & Folic Acid Tablets I.P.,B250205,Feb-2025,Jan-2027,"Bochem Healthcare Pvt. Ltd., 83-84, Indl. Area, Dewas Road, Mazziri, Ujjain- 456010",Description Tablets having Mottling Defect/Discoloration.,"SDFTL US Nagar,UK",portal,2026-06_all_nsq.json,114
2026-06,"state:SDFTL US Nagar,UK",nsq,Ciprofloxacin HCl Tablets I.P,CXHDT5006,Apr-2025,Mar-2028,"Laborate Pharmaceuticals India Ltd. III, Yamuna Nagar Road, Satiwala, Paonta Sahib, Distt. Sirmour-173025 (H.P.)",Description Rough surface on each Tablets.,"SDFTL US Nagar,UK",portal,2026-06_all_nsq.json,115
2026-06,"state:SDFTL US Nagar,UK",nsq,"Aceclofenac, Paracetamol & Serratiopeptidase Tablets",FND0826009AK,Feb-2026,Jul-2028,"Ipca Laboratories Ltd., C-6, Sara Ind. Estate, Chakrata Road, Dehradun-248197",Description Rough surface on each Tablets.,"SDFTL US Nagar,UK",portal,2026-06_all_nsq.json,116
2026-06,"state:SDFTL US Nagar,UK",nsq,Aceclofenac & Paracetamol Tablets I.P.,5725004,Mar-2025,Feb-2028,"Leeford Healthcare Ltd., At : Plot No.79A & 79B, EPIP, Phase II, Vill.Thana, Tehsil Baddi, Dist. Solan ? 173205 (H.P.).",Description Rough surface on each Tablets.,"SDFTL US Nagar,UK",portal,2026-06_all_nsq.json,117
2026-06,"state:DTL, Puducherry",nsq,Ofloxacin Tablets IP,SPA252289,Oct-2025,Sep-2028,"Skymap Pharmaceuticals Pvt Ltd., B-3, Dev Bhoomi Industrial Estate, Puhana Iqbalpur Road,Roorkee-247 667",Failed Dissolution test,"DTL, Puducherry",portal,2026-06_all_nsq.json,118
2026-06,"state:DTL, Puducherry",nsq,Loperamide Hydrochloride Tablets IP 2mg,2402,Mar-2025,Feb-2027,"Abil Healthcare 311, Khandelwal Compound, Palda, Indore",Failed Assay,"DTL, Puducherry",portal,2026-06_all_nsq.json,119
2026-06,state:Delhi,nsq,Rabeprazole Sodium Tablet IP,ATG5H619,Aug-2025,Jul-2027,"Anrose Pharma 147, Mauza Sansiwala, Barotiwala, Tehsil- Kasauli, Distt. Solan (HP)",Test For Assay (Content) Of Rabeprazole Sodium,Delhi,portal,2026-06_all_nsq.json,120
2026-06,state:Delhi,nsq,Paracetamol Paediatric Oral Suspension IP,L5G174,Jul-2025,Jun-2027,"Smayan Healthcare Pvt. Ltd. Plot No. 8- 9-26-27, HPSIDC Industrial Area, Davni, Baddi, Distt. Solan (H.P)-1732025",Test For Assay (Content) Of Paracetamol,Delhi,portal,2026-06_all_nsq.json,121
2026-06,state:Delhi,nsq,Paracetamol Paediatric Oral Suspension IP,L5G175,Jul-2025,Jun-2027,"Smayan Healthcare Pvt. Ltd. Plot No. 8- 9-26-27, HPSIDC Industrial Area, Davni, Baddi, Distt. Solan (H.P)-1732025",Test For Assay (Content) Of Paracetamol,Delhi,portal,2026-06_all_nsq.json,122
2026-06,"state:DTL,DALGATE SRINAGAR KASHMIR( J AND K)",nsq,Thiocolchicoside Injection 4mg/2ml,UFI60301,Mar-2026,Feb-2028,"VTV Formulations India Pvt.Ltd.At Vill .Gullarwala,sai road,Baddi-173205,distt.Solan(HP)","The sample does not confirm to the prescribed Standards of quality with respect to following three parameters Decription,Particulate matter,Sterility Test.","DTL,DALGATE SRINAGAR KASHMIR( J AND K)",portal,2026-06_all_nsq.json,123
2026-06,state:MDTL Kathua,nsq,Teicoplanin Injection IP 200mg,LY052509B,Jul-2025,Jun-2027,"Protech Telelinks Mauza Ogli, Suketi Road, Kala Amb, Distt. Sirmour-173030 (H.P.)",The sample does not conform for the test Description of Powders for Injection.,MDTL Kathua,portal,2026-06_all_nsq.json,124
2026-06,state:MDTL Kathua,nsq,Nexicold Total,AMT-1925,Jul-2025,Jun-2027,"Avalon Medicines Private Limited Plot No-1271, Phase I, Sector 38, HSIIDC, Raj, Sonipat-131029 (HR)","The sample does not conform to the tests Description and Disintegration of Tablets. Also, the colour is not mentioned on the label which is violation of Rule 127(2) of Drug Rules, 1945.",MDTL Kathua,portal,2026-06_all_nsq.json,125
2026-06,"state:FDAL, Mumbai",nsq,Shubham Kumkum,SE002,Oct-2025,Mar-2027,"Shubham Enterprises, Gat No. 409/1, Kem-Kandhar Road, A/P Kem Tq, Karmala, Dist. Solapur","The sample does not comply with specification for kumkum powder for the test of pH. And fineness residue on 75 micron sieve, for test of pH and fineness 1. pH. 2.94 (Limit5.5 to 9.0 2. Fineness on 75 Micron sieve 19.37% by mass (IS limit max 1.5% by mass","FDAL, Mumbai",portal,2026-06_all_nsq.json,126
2026-06,"state:FDAL, Mumbai",nsq,Kumkum Pinjar,06,Feb-2026,Jan-2028,"M.V. Vaze Consumer Products House No. 107/3, Vazu Building, Tq. Tuljarpur, Dist. Osmanabad-Tuljarpur 413601",The sample does not comply with specification for kumkum powder for the test of pH. pH. 2.70 is limit 5.5 to 9.0,"FDAL, Mumbai",portal,2026-06_all_nsq.json,127
2026-06,state:DTL Jaipur,nsq,Neeta Mehandi Cone,A09N,Jan-2026,Dec-2026,"Yutika Natural Pvt. Ltd., Plot No. 01, Khasra No. 678/2, Siriyari Road, Village Vopari, Tehsil-Marwar Junction, Dist. Pali, Rajasthan 306023.",The sample of cosmetics ? (C) Does not conform to the claims made on the label as to the nature and quality of the cosmetic with respect to Microbial Contamination.,DTL Jaipur,portal,2026-06_all_nsq.json,128
2026-06,state:DTL Jaipur,nsq,Neeta Mehandi Cone,A12N,Jan-2026,Dec-2026,"Yutika Natural Pvt. Ltd., Plot No. 01, Khasra No. 678/2, Siriyari Road, Village Vopari, Tehsil-Marwar Junction, Dist. Pali, Rajasthan 306023.",The sample of cosmetics ? (C) Does not conform to the claims made on the label as to the nature and quality of the cosmetic with respect to Microbial Contamination.,DTL Jaipur,portal,2026-06_all_nsq.json,129
2026-06,"state:FDAL, Mumbai",nsq,Triphala Churna,TRC0924,Sep-2024,Aug-2026,"Inducare Pharma Pvt. Ltd.Factory-C-34, Jejuri, MIDC, Jejuri,Pune","Light brown coloured powder containing lumps 2. The sample does not found to contain insects, wabbing , Larvae and any other extraneous matter when observed in normal day light with naked eye.","FDAL, Mumbai",portal,2026-06_all_nsq.json,130
2026-06,"state:FDAL, Mumbai",nsq,Hingwasht Churna,HC09/24,Sep-2024,Aug-2026,"Inducare Pharma Pvt. Ltd.Factory-C-34, Jejuri, MIDC, Jejuri,Pune","The sample does not comply with API requirement for total Ash(i.e 32%) which is more than the permissible limit2. The sample does not found to contain insects, wabbing , Larvae and any other extraneous matter when observed in normal day light with naked eye.","FDAL, Mumbai",portal,2026-06_all_nsq.json,131
2026-06,state:DTL Jaipur,nsq,"Thiamine Riboflavin, Niacinamide, Cynocobalamin & Liver Crude Injection (LIVGROW) Vetrinary Injection.",VL250515,Feb-2026,Jan-2028,"VADSP Pharmaceuticals, Plot No. 124, E.P.I.P. Ind. Area, Phase-I, Jharmajri, Baddi (H.P.) 174103",The sample does not conform to the claim with respect to Assay of Cynocobalamin (Nil) and Riboflavin (Nil),DTL Jaipur,portal,2026-06_all_nsq.json,132
2026-06,central,nsq,Etodolac Tablets IP,PNT5-1754A,Mar-2026,Feb-2028,"Pacific India,Village Dhana (Bagh Bania) Tehsil Nalagarh, District Solan H.P.",The sample received does not conform to i.p.2022 specification with respect to the test for Dissolution,CDTL-Hyderabad,portal,2026-06_all_nsq.json,133
2026-06,central,nsq,Cyproheptadine Hydrochloride & Tricholine Citrate Syrup,ZL-021,Dec-2025,Nov-2027,"Glorius Pharmaceuticals,Mainpura, Danapur, Cantt , Patna-801503","The sample does not conform to claim with respect to the test for Assay of Cyproheptadine Hydrochloride and Tricholine Citrate, and Description.",CDL Kolkata,portal,2026-06_all_nsq.json,134
2026-06,central,nsq,B-Complex with L-Lysine & Zinc Syrup,BL-2650,Dec-2024,May-2026,"Bioland Pharma,Plot No. 145, Industrial Estate, HSIIDC, Saha-133104 (AMBALA) Haryana","The sample does not conform to claim as per Schedule V of Drugs and Cosmetics Act and Rules 1945 with respect to Assay of Zinc, Vitamin B3, Vitamin B1, Vitamin B2, Vitamin B6 and Vitamin D3.",CDL Kolkata,portal,2026-06_all_nsq.json,135
2026-06,central,nsq,"Noscapine, Sodium Citrate, Ammonium Chloride Oral Suspension",D3801625,Mar-2025,Aug-2027,"Biological E. Limited,Plot No. 31 & 32, Pharma City, Selaqui, Dehradun-248 011, Uttarakhand",The sample does not conform to Manufacturer's specification with respect to Assay of Noscapine.,CDL Kolkata,portal,2026-06_all_nsq.json,136
2026-06,central,nsq,Albendazole Tablets IP 400 mg,MT250979,Oct-2025,Sep-2027,"Mancare Laboratories Pvt. Ltd.,Plot No. 11, Pharmacity, Selaqui, Dehradun, Uttarkhand-248011",The sample does not conform to IP with respect to test for Dissolution and Assay of Albendazole,CDL Kolkata,portal,2026-06_all_nsq.json,137
2026-06,central,nsq,Montelukast Tablets I.P.,CRT-250217,Feb-2025,Jan-2027,"Civron Pharmaceuticals,13 Industrial Area Phase III Sansarpur Terrace Dist Khangra Himachal Pradesh 176501",The sample is found to be Not of Standard Quality for the reason stated under Description.,CDL Kolkata,portal,2026-06_all_nsq.json,138
2026-06,central,nsq,Levetiracetam Tablets IP 1000mg,ADT251795,Jun-2025,May-2027,"Astonea Labs Limited,Vill-Haripur, Teh-Raipur Rani, Distt-Panchkula, Haryana, INDIA-134204",The sample is found Not of Standard Quality for the reason stated under Description as per Schedule V of Drugs and Cosmetic Acts and Rules.,CDL Kolkata,portal,2026-06_all_nsq.json,139
2026-06,central,nsq,"Levosalbutamol Sulphate, Ambroxol HCl & Guaiphenesin Syrup 60 ml",SD-1376C,Jul-2025,Jun-2027,"Sano-Cito Therapeutics Inc.,Vill. Loharan, P.O. Ghatti, Solan-173211 (H.P.).",The sample does not conform to claim as per Schedule V of Drugs and Cosmetic Acts and Rules 1945 with respect to Assay/content of Levosalbutamol sulphate Equivalent to Levosalbutamol.,CDL Kolkata,portal,2026-06_all_nsq.json,140
2026-06,central,nsq,Trypsin-Chymotrypsin Tablets,2KU6M021,May-2025,Apr-2028,"Torrent Pharmaceuticals Ltd,,32 No. Middle Camp, Nh-10, East District, Gangtok, Sikkim-737 135.",The sample does not conform to Manufacturer's specification with respect to Assay of Trypsin-Chymotrypsin activity.,CDL Kolkata,portal,2026-06_all_nsq.json,141
2026-06,central,nsq,Gentamicin Eye/Ear Drops 5 ml,1224-226,Jun-2024,May-2026,"Zee Laboratories Ltd.,Behind 47, Industrial Area, Paonta Sahib-173025",The sample does not conform to Manufacturer's specification with respect to test for Particulate Matter,CDL Kolkata,portal,2026-06_all_nsq.json,142
2026-06,central,nsq,Deferasirox Dispersible Tablets 100mg,DFA03G25,Jul-2025,Jun-2027,"Bajaj Healthcare Ltd,R.S. No. 1818, Manjusar-Savli Road, At & Post -Manjuasar, Tal. Savli, Dist. Vadodara-391775, Gujarat, India",The sample is declared to be not of standard quality for the reason stated under Description and as it does not conform to Manufacturer's Specification with respect to the tests of Hardness and Friability.,CDL Kolkata,portal,2026-06_all_nsq.json,143
2026-06,central,nsq,Lenvatinib Capsules IP 4 mg,ACC2502LV,May-2025,Apr-2027,"Aprazer Healthcare Pvt. Ltd.,Vill. Kotla, Barotiwala - 174 103 Distt: Solan, Himachal Pradesh",The sample does not conform toI.P. with respect to the test for Identification Lenvatinib mesylate eq. to Lenvatinib.,CDL Kolkata,portal,2026-06_all_nsq.json,144
2026-06,central,nsq,Calcium & Vitamin D3 Tablets IP,T-250024,Apr-2025,Mar-2027,"Sunlife Sciences,130, Kurdi, Jabrera Road, Manglour, Roorkee, Distt. Haridwar (U.K)",The sample does not conform to claim as per I.P. 2022 with respect to the test for Assay of Vitamin D3.,"RDTL, Guwahati",portal,2026-06_all_nsq.json,145
2026-06,central,nsq,Ibuprofen Tablets IP 400 mg,IBK-2503,Jun-2025,May-2028,"Askon Health Care,11-B, Industrial Area, Maxi Road,Ujjain-456010(M.P.)",The sample does not comply as per I.P. 2022 with respect to the test for Dissolution of Ibuprofen.,"RDTL, Guwahati",portal,2026-06_all_nsq.json,146
2026-06,central,nsq,Escitalopram Oxalate & Clonazepam Tablets IP,NT250199,Sep-2025,Aug-2027,"Oxford Pharma,Khasra No. 913, Puhana Chowk, Dehradun Road, Roorkee, Distt. Haridwar, Uttarakhand 247667",The sample does not conform to the I.P. with respect to test for Related Substance and Description.,CDL Kolkata,portal,2026-06_all_nsq.json,147
2026-06,central,nsq,Pantoprazole Gastro-resistant Tablets IP,TG25-03290,Feb-2025,Jan-2027,"Athens Life Sciences,Mauza Rampur, Jattan, Nahan Road, Kala Amb, Distt. Sirmour, H.P.-173030",The sample does not comply as per I.P. 2022 with respect to the test for Dissolution in Acid Stage for Pantoprazole and Description.,"RDTL, Guwahati",portal,2026-06_all_nsq.json,148
2026-06,central,nsq,"Bromhexine Hydrochloride, Terbutaline Sulphate, Guaiphenesin & Menthol Syrup",L-2601029,Jan-2026,Dec-2027,"Rivpra Formulation Pvt. Ltd.,Plot No.8, Sector-6A, I.I.E. SIDCUL, Haridwar-249 403 (U.K.)",The sample does not conform to claim as per Patent and Proprietary in respect to the Assay of Bromhexine Hydrochloride.,"RDTL, Chandigarh",portal,2026-06_all_nsq.json,149
2026-06,central,nsq,Atorvastatin Tablets IP 20mg,0062,Jul-2025,Jun-2027,"Hindustan Antibiotics Ltd,(A Govt. of India Enterprise) Pimpri, Pune - 411 018, INDIA.",The sample does not conform to claim as per IP 2022 in respect to test of Related substances.,"RDTL, Chandigarh",portal,2026-06_all_nsq.json,150
2026-06,central,nsq,Povidone-Iodine Ointment USP 5% w/w,EP25081AL,Oct-2025,Sep-2027,"Hindustan Laboratories Limited,Plot No. 5-9, 1, Survey No. 38/2, Aliyali, Palghar (W), Dist - Palghar 401404 (M.S.)",The sample does not conform to claim as per USP 2025 in respect to the Assay of Povidone-Iodine as Available Iodine,"RDTL, Chandigarh",portal,2026-06_all_nsq.json,151
2026-06,central,nsq,Esomeprazole Magnesium Tablets IP 40mg,VGT250168,Sep-2025,Aug-2028,"Vapi Care Pharma Pvt. Ltd.,Plot No.225/3, Near Morarji Circle, Gidc Vapi, Dist.Valsad-396195 Gujarat",The sample does not conform to claim as per IP 2022 and Addendum 2024 in respect to the test of Dissolution (Buffer Stage).,"RDTL, Chandigarh",portal,2026-06_all_nsq.json,152
2026-06,central,nsq,Phenytoin Sodium Injection USP 2ml,33P25002,Sep-2025,Aug-2027,"Radiant Parenterals Ltd.,242/4,5 & 6, G.I.D.C. Estate at & Post Waghodia, Dist- Vadodara, Gujarat- 391760",The sample does not conform to U.S.P. 48 with respect to the Test for Alcohol and Propylene Glycol content ( Alcohol content),"CDTL, Mumbai",portal,2026-06_all_nsq.json,153
2026-06,central,nsq,Adenosine Injection IP 6 mg/2ml,I5K048,Nov-2025,Oct-2027,"Smayan Healthcare Pvt. Ltd.,Plot No. 8-9-26-27, HPSIDC Ind. Area, Vill. Davni, Baddi, Distt. Solan (H.P.)-173205",The sample does not conforms to I.P. 2022 with respect to the test for pH,"CDTL, Mumbai",portal,2026-06_all_nsq.json,154
2026-06,central,nsq,Simethicone Drops 30ml,EH25057,Nov-2025,Oct-2028,"Priya Life Science,174-A, 175, Siddhi Industrial Infrastructure Park, Opp. Waghodia GIDC, Waghodia Vadodara- 391760",The sample does not conform to Manufacturers specification with respect to test for pH and Assay.,"CDTL, Mumbai",portal,2026-06_all_nsq.json,155
2026-06,central,nsq,Adenosine Injection IP 6 mg/2ml,WADG25002A,Oct-2025,Sep-2027,"Welcure Remedies,,Nahan Road, Village Moginand, Kala Amb, District Sirmour, Himachal Pradesh -173030","The sample is not of standard quality as per I.P. 2022 with respect to the Test for Identification, Particulate matter, Sterility, Bacterial endotoxins, Assay/content of Adenosine and is also not of standard quality for the reasons stated under Description","CDTL, Mumbai",portal,2026-06_all_nsq.json,156
2026-06,central,nsq,"Paracetamol Paediatric Oral Suspension IP 250mg, 60ml",SL25156,Mar-2026,Feb-2028,"Skylink Pharma,Survey No. 413 , Indrad, Near Hitachi, Chhatral Kadi Road, Tal. Kadi, District Mehsana-382715, Gujarat, India",The sample does not conform to as per I.P. 2022 with respect to the test of Microbial contamination (Total aerobic viable count).,"CDTL, Mumbai",portal,2026-06_all_nsq.json,157
2026-06,central,nsq,Adenosine Injection IP 6 mg/2ml,WADG25001A,Aug-2025,Jul-2027,"Welcure Remedies,Nahan Road, Vill. Moginand, Kala-Amb, Distt. Sirmour (H.P.) 173030","The sample does not conforms to I.P. 2022 with respect to the Test of Identification, Particulate matter, Sterility, Bacterial endotoxins and Assay. The sample is deemed spurious as per D and C Act section 17 (B).","CDTL, Mumbai",portal,2026-06_all_nsq.json,158
2026-06,central,nsq,Disposable Syringe For Single Use Only,052502GX01,May-2025,Apr-2028,"Sterisafe Health Solutions,120-121, Industrial Area, Near Bhawani Dharam Kanta, Bapi- 303507 R.J",The sample does not comply as per IP 2022 with respect to the test for Sterility.,"RDTL, Guwahati",portal,2026-06_all_nsq.json,159
2026-06,"state:DTL, Bengaluru, Karnataka",nsq,Surgical Spirit IP,SS004,Jun-2023,Jan-2027,"Medifine Pharma Lab.,No.33/3, Maanay Estate,Kumbalgodu Villa,Kengeri Hobli,Bengaluru-560074","Weight per ml, Identification test A and Assay for Methyl Salicylate and Diethyl Phthalate","DTL, Bengaluru, Karnataka",portal,2026-06_all_nsq.json,160
2026-06,"state:SDTL,Andhra
Pradesh,
Vijayawada",nsq,Paracetamo l Tablets IP 650 mg,CMHP26001,Jan-2026,Dec-2028,"Curetech Formulations Pvt Ltd, Vill: Juddi Kalan, Baddi173205, Distt Solan",Dissolution Test,"SDTL,Andhra
Pradesh,
Vijayawada",portal,2026-06_all_nsq.json,161
2026-06,"state:SDTL,Andhra
Pradesh,
Vijayawada",nsq,Closantel& Ivermectin Oral Liquid Vet,NAP-25068,Nov-2025,Oct-2027,"Nuvista Pharmaceuticals Pvt Ltd., Plot No.48, Phase-II, IDA, Mallapur, MedchalMalkajgiri,Hyderabad-76",Identificatio n and Assay of Ivermectin,"SDTL,Andhra
Pradesh,
Vijayawada",portal,2026-06_all_nsq.json,162
2026-06,state:DRUG TESTING LABORATORY BADDI,nsq,BENZYL BENZOATEE APPLICATION IP,3172,Dec-2025,Nov-2027,"Karnani pharmaceuticals Pvt ltd, fact:38, pharma 38, pharma city selaqui, dehradun uttarakhand)",The sample does not conform to claim as per IP 2022 in respect to the Assay of Benzyl Nenzoate,DRUG TESTING LABORATORY BADDI,portal,2026-06_all_nsq.json,163
2026-06,"state:DTL, Bengaluru, Karnataka",nsq,Metformin Hydrochloride Prolonged Release and Glimepiride Tablets IP (500mg/2mg),PRT-250229,Feb-2025,Jan-2027,"Preet Remedies Ltd., 183-186, HPSIDC, Industrial Area, Baddi-173205 (H.P)",Description,"DTL, Bengaluru, Karnataka",portal,2026-06_all_nsq.json,164
2026-06,"state:DTL, Bengaluru, Karnataka",nsq,Iodine Tincture 2% v/v),TI-2411,Sep-2024,Aug-2026,"Cymer Pharma, 25/1/3/25, S.D.A Compound, Lasudia Mori, Dewas Naka, Indore-452010 (MP) India",Alcohol content and Assay for Iodine and Potassium Iodide,"DTL, Bengaluru, Karnataka",portal,2026-06_all_nsq.json,165
2026-06,"state:DTL, Bengaluru, Karnataka",nsq,Chlorhexidine Gluconate Solution IP,HEL-2433,Sep-2024,Aug-2026,"Texas Lifesciences Pvt. Ltd., 314, G.I.D.C Phase II, Dediyasan, Mehsana-384002",Assay for Chlorhexidine Gluconate,"DTL, Bengaluru, Karnataka",portal,2026-06_all_nsq.json,166
2026-06,"state:DTL, Bengaluru, Karnataka",nsq,Paracetamol Infusion IP 10 mg/ml,DI115132,Nov-2025,Oct-2027,"Ultra Laboratories Pvt. Ltd., Plot No.102-B & 102-B (P-1), Pharmaceutical SEZ, KIADB Industrial Estate, Hassan, Karnataka-573201",Description only,"DTL, Bengaluru, Karnataka",portal,2026-06_all_nsq.json,167
2026-06,"state:RDTL, Hubli, Karnataka",nsq,Paracetamol Tablets I.P 650 mg,PCT25058,Apr-2025,Mar-2027,"Vivek Pharmachem (India) Ltd., NH-8, Chimanpura, Amer, Jaipur-303102",Test for Dissolution,"RDTL, Hubli, Karnataka",portal,2026-06_all_nsq.json,168
2026-06,"state:RDTL, Bellary, Karnataka",nsq,Deflazacort Tablets 6 mg,GT25943,Sep-2025,Aug-2027,"Devbhoomi Pharmaceuticals, Khasra No.27, Mandwar, Bhagawanpur Roorkee, Distt. Haridwar (U.K)",Assay for Deflazacort,"RDTL, Bellary, Karnataka",portal,2026-06_all_nsq.json,169
2026-06,"state:RDTL, Hubli, Karnataka",nsq,"Milk of Magnesia, Liquid Paraffin & Sodium Picosulfate",HL24152,Nov-2024,Oct-2026,"Healtech Biosciences, Plot No.228, HPSIDC, Industrial Area, Baddi, Distt. Solan (H.P)-173205",Description only,"RDTL, Hubli, Karnataka",portal,2026-06_all_nsq.json,170
2026-06,"state:RDTL, Hubli, Karnataka",nsq,"Permethrin, Cetrimide, Aloe vera & Eucalyptus oil",25F170,Mar-2025,Feb-2027,"Fabian life sciences.. Phase I, Vatva, GIDC, Ahmedabad Gujarat",Assay for Permethrin and Cetrimide only.,"RDTL, Hubli, Karnataka",portal,2026-06_all_nsq.json,171
2026-06,"state:RDTL, Hubli, Karnataka",nsq,Ferrous Sulphate And Folic Acid Tablets I.P.,CFR-Y15,Apr-2025,Mar-2027,"Cyano Pharma (P) Ltd, 115-C, Industrial Estate, Pologround, Indore - 452015",Description,"RDTL, Hubli, Karnataka",portal,2026-06_all_nsq.json,172
2026-06,"state:RDTL, Bellary, Karnataka",nsq,Ofloxacin & Ornidazole Tablets IP,SHT-26877,Aug-2025,Jul-2027,"Sunvet Healthcare Village Shambuwala, Paonta Road, Distt-Sirmour (H.P.) 173001",Test for Dissolution for Ofloxacin & Ornidazole,"RDTL, Bellary, Karnataka",portal,2026-06_all_nsq.json,173
2026-06,"state:DTL, Bengaluru, Karnataka",nsq,"Terbutaline Sulphate, Bromhexine HCl, Guaiphenesin & Menthol Syrup",M24317,Dec-2024,Nov-2026,"Healcure Lifesciences, Plot No. 73D, HPSIDC Industrial area, Baddi, Distt. Solan, (H.P.)",Assay for Bromhexine Hydrochloride and Description as per Schedule V of Drugs and Cosmetics Act 1940 & Rules 1945 thereunder,"DTL, Bengaluru, Karnataka",portal,2026-06_all_nsq.json,174
2026-06,"state:DTL, Bengaluru, Karnataka",nsq,Levosalbutamol Sulphate Ambroxol Hydrochloride and Guaiphenesin Expectorant.,18253692A,Sep-2025,Aug-2027,"Macleods Pharmaceuticals Ltd. , Khasra No.21,22,66,67 & 68, Aho-Yangtam Namchepung, Po:Ranipool Sikkim",Description as per Schedule V of Drugs and Cosmetics act 1940 & Rules 1945 thereunder.,"DTL, Bengaluru, Karnataka",portal,2026-06_all_nsq.json,175
2026-06,"state:DTL, Bengaluru, Karnataka",nsq,Furosemide & Spironolactone Tablets,CT24251187B,Oct-2024,Sep-2026,"CMG Biotech Pvt.Ltd. (Unit-Ii), Plot No-58, Phase Iii, Industrial Area Sansarpur Terrace H.P-176501.",Description as per Schedule V of Drugs and Cosmetics act 1940 & Rules 1945 thereunder.,"DTL, Bengaluru, Karnataka",portal,2026-06_all_nsq.json,176
2026-06,"state:RDTL, Bellary, Karnataka",nsq,Ofloxacin And Ornidazole Tablet IP,GT301348,Dec-2025,Nov-2026,"Gnosis Pharmaceuticals Pvt.Ltd., Nahan Road, Village Moginand, Kala-Amb, Distt. Sirmour ( H.P.) 173030",Description,"RDTL, Bellary, Karnataka",portal,2026-06_all_nsq.json,177
2026-06,"state:RDTL, Bellary, Karnataka",nsq,AzithromycinTablets IP,25I-T1749,Dec-2025,Nov-2027,"Orison Pharma International Khari, Mauza-Ogli , Kala-Amb 173030 (H.P)",Test for Uniformity of Weight of Tablets,"RDTL, Bellary, Karnataka",portal,2026-06_all_nsq.json,178
2026-06,"state:RDTL, Bellary, Karnataka",nsq,Azithromycin Oral Suspension,AZ/L/01/5005,Oct-2025,Sep-2027,"Vital Therapeutics &Formulations Pvt. Ltd. Plot.No.47B/2, Phase-1 Ida, Cherlapally, Medchal-Malkjgiri-500051 Dist.Telangana,India.",Assay for Azithromycin Anhydrous,"RDTL, Bellary, Karnataka",portal,2026-06_all_nsq.json,179
2026-06,"state:DTL, Bengaluru, Karnataka",nsq,STERI FINE HAND SANITIZER,PS006,Jun-2025,May-2027,"Kalpa Industries, Ibrahim Patmnam Mandal Rr District Ts-501510",Identification and Assay for Ethanol,"DTL, Bengaluru, Karnataka",portal,2026-06_all_nsq.json,180
2026-06,"state:RDTL, Hubli, Karnataka",nsq,Albendazole Tablets IP 400mg,UT-969,Sep-2024,Aug-2026,"Clevus Lifesciences Near Apple Terminal Market, Sector 6, Parwanoo-173220 (H.P)",Test for Dissolution only,"RDTL, Hubli, Karnataka",portal,2026-06_all_nsq.json,181
2026-06,"state:DTL, Konni",nsq,Paracetamol Tablets IP 500mg,PAK-752,Jul-2024,Jun-2027,"Healer's Lab Unit II, Plot No. 33, H.P.S.I.D.C Extn.Baddi, Distt Solan (HP)",The sample does not conform to IP standards. It fails the test Dissolution and Description' mentioned in the laboratory protocol as per IP,"DTL, Konni",portal,2026-06_all_nsq.json,182
2026-06,"state:DTL, Konni",nsq,Paracetamol Tablets IP 500mg,PAK-619,Jan-2024,Dec-2026,"Healer's Lab Unit II, Plot No. 33, H.P.S.I.D.C Extn.Baddi, Distt Solan (HP)",The sample does not conform to IP standards. It fails the test Dissolution and Description mentioned in the laboratory protocol as per IP,"DTL, Konni",portal,2026-06_all_nsq.json,183
2026-06,"state:RDTL, Ernakulam",nsq,Ferrous Asparto Glycinate L- Methylfolate Calcium & Methylcobalamin Soft Gelatin Capsules,D251058A,Apr-2025,Mar-2027,"Sigma Softgel & Formulation, Plot No. 171, HPSIDC, Industrial Area, Baddi-173205, Dist-Solan (H.P)",Sample does not confrom to Schedule V of the Drug Rule 1945 with respect to the disintegration and assay of L-Methylfolate Calcium as specified in the laboratory protocol.,"RDTL, Ernakulam",portal,2026-06_all_nsq.json,184
2026-06,state:DTL TVPM,nsq,Diclofenac Sodium Tabelts IP 50 mg,DG5034,Mar-2025,Feb-2027,"Kerala State Drugs & Pharmaceuticals Ltd., Kalavoor P.O., Alappuzha,Kerala-688522","The sample does not conform to IP standards. If fails the Descriptive part as per IP,as specified in the Laboratory Protocol.",DTL TVPM,portal,2026-06_all_nsq.json,185
2026-06,state:RDTL Ernakulam,nsq,Serratiopeptidase Tablets I P 10 mg,MT260002,Jan-2026,Dec-2027,"Mancare Laboratories Pvt Ltd., Plot No. 11, Pharmacity, Selaqui, Dehradun, Uttarakhand-248011.",It fails the test Disintegration as per IP,RDTL Ernakulam,portal,2026-06_all_nsq.json,186
2026-06,"state:DTL, TVPM",nsq,Paracetamol Tablets IP 500 mg,PAK-628,Jan-2024,Dec-2026,"Healer's Lab Unit II, Plot No. 33, HPSIDC Extn.Baddi, Distt Solan (HP)",It fails the test Dissolution as per IP as specified in the Laboratory Protocol.,"DTL, TVPM",portal,2026-06_all_nsq.json,187
2026-06,"state:DTL, Thrissur",nsq,Pantoprazole Gastro Resistant Tablets IP 40 mg,ZTC-165,Mar-2025,Feb-2027,"Zoic biotech Pvt . Ltd., Plot No. C-15, Focal Point, Ind.Area, Chanalon, Mohali (Punjab) 140103",The sample does not conform to the IP standards with respect to the test for Dissolution,"DTL, Thrissur",portal,2026-06_all_nsq.json,188
2026-06,"state:RDTL, Ernakulam",nsq,Telmisartan Tablets IP 40 mg,493TTF009,Aug-2025,Jul-2027,"Swiss Garnier Life Sciences, No. 21-23, Industrial Area, Mehatpur, Dist. UNA, Himachal Pradesh-174315, India",The sample does not conform to IP standards with respect to the test Dissolution.,"RDTL, Ernakulam",portal,2026-06_all_nsq.json,189
2026-06,"state:DTL, Konni",nsq,Paracetamol Tablets IP 500 mg,PAK-557,Sep-2023,Aug-2026,"Healer's Lab Unit II, Plot No.33, HPSIDC, Extn.Baddi, Distt-Soaln, HP",The sample does not conform to IP standards. It fails the test Dissolution.,"DTL, Konni",portal,2026-06_all_nsq.json,190
2026-06,"state:SDTL, Tripura, Agartala",nsq,Levocetirizine Dihydrochloride Tablets IP 5mg,PRT2501-149,Jan-2025,Dec-2026,"Regent Ajanta Biotech, 86-87, Village Makhiyali Durdi, Peerpura Road, Roorkee ? 247667, Uttarakhand (India)",The sample does not conform to standard quality in respect of the test for Description performed.,"SDTL, Tripura, Agartala",portal,2026-06_all_nsq.json,191
2026-06,state:Andmand Nicobar,nsq,Voglibose Tablets I.P 0.3mg,VBT1408,Apr-2026,Mar-2028,Unicure India Ltd,Misbranded,Andmand Nicobar,portal,2026-06_all_nsq.json,192
2026-06,state:Andmand Nicobar,nsq,Methotrexate Tablets IP 2.5mg,SPOT260026B,Feb-2026,Jan-2028,Salus Pharmaceuticals,Misbranded,Andmand Nicobar,portal,2026-06_all_nsq.json,193
2026-07,"state:SDT&RL, Bhubaneswar",nsq,Pantoprazole Tablets IP,PEP5001,Feb-2025,Jan-2027,"Finecure Pharmaceuticals Ltd. PF-5 & 6, Sanand Industrial Estate-II, GIDC, Sanand, District: Ahmedbad",Dissolution test,"SDT&RL, Bhubaneswar",portal,2026-07_all_nsq.json,1
2026-07,state:Govt Analyst Punjab,nsq,METHOTREXATE TABLETS IP 7.5 MG,L09-2501,Feb-2025,Jan-2027,"Macmillon Pharmaceuticals Pvt Ltd., 62-663, Vijay Nagar, Batala. Road, Amritsar-143001.",Description,Govt Analyst Punjab,portal,2026-07_all_nsq.json,2
2026-07,state:Govt Analyst Punjab,nsq,Calcium and Vitamin D3 Tablets IP,CH26T203,May-2026,Oct-2027,"Cureza Healthcare Pvt Ltd., Survey No. 63/1, 67/1, Village-Solsinda, Tehsil-Sanwer, District-Indore, (M.P.) 453551",Dissolution :-(Calcium) Does not complies with IP limit as 3 out of 6 tablets are less than Q-25% Also some tablets can't even dissolve completely within the prescribed time limit.,Govt Analyst Punjab,portal,2026-07_all_nsq.json,3
2026-07,state:Govt Analyst Punjab,nsq,Oral Rehydration Salts IP,4063,May-2026,Apr-2028,"Super Formulations Pvt Ltd., 16-B & 15-F, Industrial Area, maxi Road, Ujjain (M.P.)-456010",Net Weight,Govt Analyst Punjab,portal,2026-07_all_nsq.json,4
2026-07,state:Govt Analyst Punjab,nsq,Oral Rehydration Salts IP,4057,May-2026,Apr-2028,"Super Formulations Pvt Ltd., 16-B & 15-F, Industrial Area, maxi Road, Ujjain (M.P.)-456010",Net Weight,Govt Analyst Punjab,portal,2026-07_all_nsq.json,5
2026-07,state:Govt Analyst Punjab,nsq,Pregabalin Capsules IP 300mg,DMC-260508A,May-2026,Apr-2028,"DIVINE MEDICARE, V.P.O Lodhwan Tehsil Nurpur Distt. Kangra (H.P.)-176201",The Contents of Pregabali found to be 211.16mg/Capsule against the claim of 300.0mg/Capsule.,Govt Analyst Punjab,portal,2026-07_all_nsq.json,6
2026-07,state:Govt Analyst Punjab,nsq,Itraconazole 100mg IP,MC004,Jul-2025,Jun-2027,"MK Healthcare, Khasra No 1112, Gahlian Khas Kangra, Himchal Pradesh 176029.",1. The content of Itraconazole found to be 63.54 mg per capsule (63.54%) against labelled claim of 100 mg per capsule. 2. The composition on the label is not as per I.P monograph,Govt Analyst Punjab,portal,2026-07_all_nsq.json,7
2026-07,state:Govt Analyst Punjab,nsq,PHENYLEPHRINE HYDROCHLORIDE AND CHLORPHENIRAMINE MALEATE SYRUP IP,XL260053,Jan-2026,Dec-2027,"Xcell Labs, Plot No. 146 Export Promotion Ind. Park-1, Jharmajri, Baddi, Distt. Solan (H.P)",pH,Govt Analyst Punjab,portal,2026-07_all_nsq.json,8
2026-07,state:Govt Analyst Punjab,nsq,"Pregabalin IP 75mg, Nortripyline 10mg and Methylcobalamin IP 1500mcg,",ADT252729A,Oct-2025,Sep-2027,"Astonea Labs Pvt. Ltd.., VIL Haripur, The. Raipur Rani, Distt, Panchkula, Haryana-134204, INDIA",The content of Methylcobalamin found to be 668.61 mcg per tablet (44.574%) against labelled claim of 1500 mcg per tablet.,Govt Analyst Punjab,portal,2026-07_all_nsq.json,9
2026-07,state:Govt Analyst Punjab,nsq,Dinoprost Tromethamine Injection,VPT409,Sep-2025,Aug-2027,"Vetsun Pharmaceuticals, 251, 252 Sisona Bhagwanpur Roorkee, Distt-Haridwar-247661 U.K",pH,Govt Analyst Punjab,portal,2026-07_all_nsq.json,10
2026-07,state:DTL Jaipur,nsq,Alprazolam Tablets IP 0.5mg,TA25315,Mar-2025,Feb-2028,"SAINTLIFE PHARMACEUTICALS LTD., 323, Central Hope Town, Industrial Area, Selaqui, Dehradun-248011, Uttarakhand, INDIA",The sample does not conform to the IP with respect to Dissolution.,DTL Jaipur,portal,2026-07_all_nsq.json,11
2026-07,state:DTL Bikaner,nsq,Paracetamol Tablets IP 650mg,FT5427,Oct-2025,Sep-2027,"Forgo Pharmaceuticals, 27, DIC Ind Area, Barotiwala, Teh: Baddi, Distt. Solan (HP) 174103",The sample does not conforms to the I.P. with respect to Dissolution Test.,DTL Bikaner,portal,2026-07_all_nsq.json,12
2026-07,state:DTL Jaipur,nsq,Dinoprostone Gel,H-084,Feb-2025,Jan-2027,"COTEC HEALTHCARE Pvt. LTD., NH No. 74, Roorkee- Dehradun Highway Kishanpur, Roorkee-247667 (UK) India","The sample does not conforms to the claim with respect to Average fill, Uniformity of weight and Assay.",DTL Jaipur,portal,2026-07_all_nsq.json,13
2026-07,state:RDTL Guwahati,nsq,Disposable Syringe for Single Use Only (STERILIFE) 2ml,052502GX01,May-2025,Apr-2028,"STERISAFE HEALTH SOLUTIONS, 120-121, Industrial Area, Near Bhawani Dharam Kanta, Bapi- 303507.",The sample does not comply as per IP 2022 with respect to the test for Sterility.,RDTL Guwahati,portal,2026-07_all_nsq.json,14
2026-07,state:DTL Jaipur,nsq,Nifedipine Sustained Release Tablets IP 10mg,ANY25001,Dec-2025,Nov-2028,"J.B. Chemicals & Pharmaceuticals Ltd., 128/1, GIDC, Ankleshwar 393002",The sample does not conforms to the claim with respect to Dissolution (Acid Stage).,DTL Jaipur,portal,2026-07_all_nsq.json,15
2026-07,state:DTL Jaipur,nsq,Cefixime & Ofloxacin Dispersible Tablets,T4646,Nov-2024,Apr-2027,"Titanes Pharma, Vill. Bathu, Tehsil- Haroli, Distt. Una (HP) 174507.","The sample does not conform to the claim with respect to Assay, Uniformity of dispersion and Disintegration.",DTL Jaipur,portal,2026-07_all_nsq.json,16
2026-07,state:DTL Jaipur,nsq,Cefixime with Lactic Acid Bacillus Dispersible Tablets,CT/25/792,Jan-2026,Dec-2027,"Ciphem Pharma, Plot No. 30, Subhlakshmi Ind. Estate, Opp. Sanket Ind. Estate, At. Moraiya, Ta. Sanand, Ahmedabad-382213.",The sample does not conform to the claim with respect to Assay of Cefixime Trihydrate Eq. to Anhydrous Cefixime.,DTL Jaipur,portal,2026-07_all_nsq.json,17
2026-07,state:DTL Jaipur,nsq,Metronidazole Tablets IP 400 mg,T4500,Nov-2024,Apr-2027,"Titanes Pharma, Vill. Bathu, Tehsil- Haroli, Distt. Una (HP) 174507.",The sample does not conforms to the IP with respect to Dissolution.,DTL Jaipur,portal,2026-07_all_nsq.json,18
2026-07,state:DTL Jodhpur,nsq,Levocetirizine Dihydrochloride Tablets I.P.,B13225006,Nov-2025,Oct-2027,"TORQUE PHARMACEUTICALS Pvt. LTD., 13B-14, EPIP-I, Jharmajri, H.P.-173205.",The sample does not conform to the I.P. with respect to Dissolution of Levocetirizine Dihydrochloride.,DTL Jodhpur,portal,2026-07_all_nsq.json,19
2026-07,state:DTL Jaipur,nsq,Betamethasone Sodium Phosphate Injection I.P.,HL11006M,Dec-2025,Nov-2027,"Himalaya Meditek Pvt. Ltd., Plot No. 35 & 36, Pharmacity, Selaqui, Industrial Area, Dehradun-248197.","The sample does not conforms to the IP with respect to Description, Particulate Matter and Assay.",DTL Jaipur,portal,2026-07_all_nsq.json,20
2026-07,state:RDTL. Bellary Karnataka,nsq,"ketoconazole, Chloridexidine Glueconate & Cetrinide Shampoo",L047D25,Apr-2025,Mar-2027,"Disinfecto Chemical Industrial Pvt. Ltd. D-7 ,Chinlat industrial area, Lucknow -226019 India",Assay for chlorhexidine Gluconate only,RDTL. Bellary Karnataka,portal,2026-07_all_nsq.json,21
2026-07,state:DTL Bhopal,nsq,Dynaflex Plus,VGT240120,Jun-2024,May-2027,"Vapi Care Pharma Pvt. Ltd. Plot No. 225/3, Near Morarji Circle GIDC, Vapi, Valsad- 396195, Gujrat",NSQ,DTL Bhopal,portal,2026-07_all_nsq.json,22
2026-07,"state:FDAL, Mumbai",nsq,KT Kids Cleansing Shampoo Soothes the scalp 200 ML,KTK0012,Apr-2026,Apr-2028,"CCIGMAA LIFESTYLE Pvt LTD. 12 ACO-OP 2 nd Floor,Plot No 1 Compound No.I Marol Co-Operative Indl Estate,Morshi R Andheri(E) Mumbai 400059",The Sample Does Not Comply With Is 17117:2019 (Reaffirmed 2024) For Hair Shampoo For Babies Specification Req(Jirements For Micribial Count. The Sample Is Misbranded for the Manner of Labelling As Given Rule 34(10) (e) and rule 35 of cosmetics rule 2020.,"FDAL, Mumbai",portal,2026-07_all_nsq.json,23
2026-07,"state:FDAL, Chhatrapati Sambhajinagar",nsq,Diabetis-All Powder,A-1,Jul-2025,Jul-2030,"Dr. Puri Proprietory Product, At Post:-Jaigaon, Tal Sinnar, Dist -Nashik, Sinnar.",The Sample gives TLC and HPLC [dentification Test for the Presence of Pioglitazone Hydrochloride. lFound Content of Pioglitazone Hydrochloride: 0.32mg/gm. The Sample is declared as Spurious Vide Section 33-EEA(d) of Drugs And Cosmetics Act 1940 and Rules thereunder.,"FDAL, Chhatrapati Sambhajinagar",portal,2026-07_all_nsq.json,24
2026-07,"state:FDAL, Chhatrapati Sambhajinagar",nsq,Hajmola Regular,BM1250,Mar-2026,Feb-2028,"Dabur India Ltd., Village Manakpur, Tehsil-Baddi, Distt.-Solan, Himachal Pradesh-174101","Total 120 Tablets received for analysis,out of 120 Tablets, 13 Tablets are found in broken condition and some powder is found in container when observed in normal day light with unaided eyes.","FDAL, Chhatrapati Sambhajinagar",portal,2026-07_all_nsq.json,25
2026-07,"state:Drugs Testing Laboratory, Madurai-19",nsq,Ramipril Tablets IP 5mg,R25183701K,Nov-2025,Oct-2027,"Reltsen Healthcare, Spl. Plot No 9-11, PIPDIC Electronic Park, Thirubuvanai, Puducherry - 605107",Ramipril (64.20%),"Drugs Testing Laboratory, Madurai-19",portal,2026-07_all_nsq.json,26
2026-07,"state:DCL, Telangana",nsq,Roller Bandage Non Sterilized,RC13,Dec-2025,Nov-2028,"Mohan Pharma B-5/2, Industrial Estate, Suryapet - 508 214 Telangana.","The Sample Does not conform to schedule F-II with respect to Description, Threads per dm (Warp) Length & Width.","DCL, Telangana",portal,2026-07_all_nsq.json,27
2026-07,state:Lucknow Lab,nsq,Drotaverine Hydrochloride & Diclofenac Potassium Tablets,KFCR6023,Mar-2026,Feb-2028,"Cris Pharma (India) Ltd. E-11, UPSIDC, Industrial Area, Selaqui, Dehradun-248011 (U.K.)",Identification - Doesn't conforms to I.P.,Lucknow Lab,portal,2026-07_all_nsq.json,28
2026-07,state:Lucknow Lab,nsq,Dexamethasone Tablets IP 0.5 mg,KJKBH25134,Nov-2025,Oct-2028,"Cadila Pharmaceuticals Ltd. Industrial Growth Center, Sidco, Samba 184121, State J & K",Dissolution,Lucknow Lab,portal,2026-07_all_nsq.json,29
2026-07,central,nsq,Sodium Chloride Injection IP 0.9%w/v,G2604H025,May-2026,Apr-2028,"MKA Remedies Pvt. Ltd,Village- Narsohi, Pargana Khairabad, Police Station- Shahmaholi, Sitapur-261131 UP",The sample does not conforms to I.P. 2022 with respect to the test for Particulate contamination.,"CDTL, Mumbai",portal,2026-07_all_nsq.json,30
2026-07,central,nsq,Metronidazole Infusion B.P. 0.5% w/v,L04A032607,Mar-2026,Feb-2029,"Althea Pharma Pvt. Ltd.,Plot No. 374, Shed E, Alpha Industrial Park, Athiawad, Dabhel, Nani Daman, Daman (U.T) 396210, INDIA",The sample does not comply as per B.P. 2025 with respect to the test for Sterility.,"RDTL, Guwahati",portal,2026-07_all_nsq.json,31
2026-07,central,nsq,Paracetamol Tablets IP 500mg,CHT-50351,Feb-2025,Jan-2028,"Cotec Healthcare Pvt. Ltd.,NH. No. 74, Roorkee-Dehradun Highway, Kishanpur, Roorkee - 247667 (Uttarakhand)",The sample does not comply as per I.P. 2022 with respect to the test for Dissolution of Paracetamol.,"RDTL, Guwahati",portal,2026-07_all_nsq.json,32
2026-07,central,nsq,Oxytocin Injection IP 5IU/ml,I-7881,Nov-2025,Oct-2027,"Jackson Laboratories Pvt.Ltd,22-24, Majitha Road, Bye Pass, Amritsar-143 001(India)",The sample does not conform to claim as per IP 2022 in respect to the Test of Identification by HPLC and Particulate Matter,"RDTL, Chandigarh",portal,2026-07_all_nsq.json,33
2026-07,central,nsq,Bupropion Hydrochloride Prolonged Release Tablets IP,LGT-260293,Feb-2026,Jan-2028,"Live Well Healthcare,Plot No.: 80-A-I, EPIP, Phase-1, Jharmajri, Baddi , Distt. Solan- 173205 (H.P.)","The sample does not conform to claim as per IP 2022 in respect to the Test of Identification by HPLC, Identification by IR and Assay of Bupropion Hydrochloride.","RDTL, Chandigarh",portal,2026-07_all_nsq.json,34
2026-07,central,nsq,"Racecadotril Capsules IP 100mg,",C042604,Apr-2026,Mar-2028,"Swefn Pharmaceuticals Pvt. Ltd.,7, Sopan Kesar Industrial Hub, Vil. Moraiya, Tal. Sanand, Dist. Ahmedabad- 382213.",The sample does not conform to claim as per IP 2022 in respect to Assay of Racecadotril.,"RDTL, Chandigarh",portal,2026-07_all_nsq.json,35
2026-07,central,nsq,Telmisartan Tablets IP 20 mg,HT250167,Aug-2025,Jul-2027,"MEDICAMEN Biotech Ltd.,86-87, Sec-6A, IIE, SIDCUL, Haridwar-249403 (Uttarakhand)",The sample received does not conform to the I.P. 2022 standard with respect to the test for Dissolution.,"CDTL, Mumbai",portal,2026-07_all_nsq.json,36
2026-07,central,nsq,Sodium Bicarbonate Tablets I.P. 1000 mg,T-2509202,Sep-2025,Aug-2027,"Rivpra Formulation Pvt. Ltd,(WHO-GMP Certified Company) Plot No. 8, Sector-6A, I.I.E., SIDCUL, Haridwar-249 403 (Uttarakhand), INDIA",The sample does not conform to I.P (Addendum 2024) with respect to the Test of Disintegration,"CDTL, Indore",portal,2026-07_all_nsq.json,37
2026-07,state:RDTL. Bellary Karnataka,nsq,Cypermethion 10% High Cis,9023,Aug-2025,Jul-2027,"Mac Royal Biotech Baddi Road, Nalagarh Distt. Solan (H.P)",Assay for Cypermethrin highcis,RDTL. Bellary Karnataka,portal,2026-07_all_nsq.json,38
2026-07,state:Govt Analyst Punjab,nsq,METHOTREXATE TABLETS IP 7.5 MG,L09-2402,Dec-2024,Nov-2026,"Macmillon Pharmaceuticals Pvt Ltd., 62-663, Vijay Nagar, Batala. Road, Amritsar-143001.",Description,Govt Analyst Punjab,portal,2026-07_all_nsq.json,39
2026-07,"state:SDTL,Andhra
Pradesh,
Vijayawada",nsq,Paracet amol Tablets IP 500 mg,CTF2 5007,Sep-2025,Aug-2028,"Curetech Formulations Pvt. Ltd., DVill: Juddi Kalan, Baddi-173205, Distt Solan",Dissolution Test,"SDTL,Andhra
Pradesh,
Vijayawada",portal,2026-07_all_nsq.json,40
2026-07,"state:SDTL,Andhra
Pradesh,
Vijayawada",nsq,Rabepra zole Gastro Resistant Tablets IP 20 mg,T-2611 36,Nov-2025,Oct-2027,"Merril Pharma Pvt. Ltd., Plot No. 212, Raipur, Bhagwanpur, Roorkee-247667 (UK)",Dissolution Test,"SDTL,Andhra
Pradesh,
Vijayawada",portal,2026-07_all_nsq.json,41
2026-07,"state:SDTL,Andhra
Pradesh,
Vijayawada",nsq,Paracet amol Tablets IP 650 mg,YT-250671E,Oct-2025,Sep-2027,"Yuventis Life Sciences, Promoted by Medvexl, Plot No.7 & Ext. Phase Ill, HPSIDC, Baddi, Dist Solan",Dissolution Test,"SDTL,Andhra
Pradesh,
Vijayawada",portal,2026-07_all_nsq.json,42
2026-07,"state:SDTL,Andhra
Pradesh,
Vijayawada",nsq,Pantopr azole Gastro Resistant Tablets IP20 mg,CIT-8736,Dec-2025,Nov-2027,"Conscaff India, Nahan Road, Kala-Amb, Dist!. Sirmour (HP) 173030",Dissolution Test,"SDTL,Andhra
Pradesh,
Vijayawada",portal,2026-07_all_nsq.json,43
2026-07,"state:SDTL,Guwahati",nsq,Ciprofloxacin Hydrochloride Tablets IP 250mg,T50540,Dec-2025,Nov-2027,"Zenith Drugs Ltd., 72/5 & 72/3,72/4,74/1/1,75/1/1 Muradpura (Orangpura),Dhar Road,Near Kalaria,Indore 453001( MP), INDIA",The sample does not conform to I.P. w.r.to the tests for Dissolution,"SDTL,Guwahati",portal,2026-07_all_nsq.json,44
2026-07,"state:SDTL,Guwahati",nsq,Paracetamol Tablets IP 650mg,T60095,Mar-2026,Feb-2028,"Zenith Drugs Ltd. 72/5 & 72/3,72/4,74/1/1,75/1/1 Muradpura (Orangpura),Dhar Road,Near Kalaria,Indore 453001( MP), INDIA",The sample does not conform to I.P. w.r.to the tests for Dissolution,"SDTL,Guwahati",portal,2026-07_all_nsq.json,45
2026-07,"state:SDTL,Guwahati",nsq,Ferrous Ascorbate & Folic Acid Tablets IP,LTA-45315A,Oct-2024,Sep-2026,"Life Vision Healthcare , Plot No.140-141,E.P.I.P.,Phase-1, Jharmajri,Baddi,Dist-Solan, HP-174103",The sample does not conform to I.P. w.r.to the tests for Assay,"SDTL,Guwahati",portal,2026-07_all_nsq.json,46
2026-07,"state:CDL,Kolkata",nsq,Paracetamol Tablets IP 650mg.,AGT40557,May-2024,Apr-2027,"Alventa Pharma Ltd., Vill-Kishanpura,Baddi-Nalagarh Road,Tehsil Baddi, Dist-Solan ,(HP)-174101",The sample does not conform to I.P. w.r.to the tests for Dissolution,"CDL,Kolkata",portal,2026-07_all_nsq.json,47
2026-07,"state:SDTL,Guwahati",nsq,Cefixime Dispersible Tablets IP,DB240368,Dec-2024,Nov-2026,"Daxin Pharmaceuticals Pvt. Ltd. Plot No. 121-122 EPIP, Jharmajri Phase-I, The. Baddi, Solan (HP)174103",The sample does not conform to I.P. w.r.to the tests for Assay,"SDTL,Guwahati",portal,2026-07_all_nsq.json,48
2026-07,"state:CDL,Kolkata",nsq,Amoxycillin & Potassium Clavulanate Tablets IP,KT25030,Feb-2025,Jan-2027,"Orbit Lifescience Pvt. Ltd., AT, BaldaIndl. Park, Plot No.- 10/C & 11/C, Survey No.-256/P-1, Vill. BaddiTaluka-Pardi, Distt. Valsad-396125.",The sample does not conform to I.P. w.r.to the tests for Dissolution and Assay of Clavulanic Acid,"CDL,Kolkata",portal,2026-07_all_nsq.json,49
2026-07,"state:CDL,Kolkata",nsq,Amoxycillin & Potassium Clavulanate Tablets IP,VT251527,Sep-2025,Feb-2027,"VADSP Pharmaceuticals, Plot No-124, E.P.I.P.Ind. Area, Phase-1, Jharmajri, Baddi (HP)174103",The sample does not conform to I.P. w.r.to the tests for Dissolution and Assay of Clavulanic Acid,"CDL,Kolkata",portal,2026-07_all_nsq.json,50
2026-07,"state:SDTL,Guwahati",nsq,Bisacodyl Tablets IP 5mg,8676,Mar-2026,Feb-2029,"Healthy Life Pharma Pvt. Ltd., Factory: N-31/1, M.I.D.C., Tarapur, Boiser, Dist. Palghar-401506, INDIA",The sample does not conform to I.P. w.r.to the tests for Assay,"SDTL,Guwahati",portal,2026-07_all_nsq.json,51
2026-07,"state:RDTL,Guwahati",nsq,Buprenorphine 2 mg and Naloxone 0.5 mg Sublingual Tablets IP,25CT0314,Mar-2025,Feb-2027,"Consern Pharna Ltd., Focal Point ,VPO Tibba, Distt. Ludhiana-141120 (Pb.), INDIA",The sample is of not of standard quality for the reason stated under Description,"RDTL,Guwahati",portal,2026-07_all_nsq.json,52
2026-07,"state:SDTL, Raipur",nsq,Albendazole Tablets IP 400mg,MT251013,Oct-2025,Sep-2027,"Mancare Laboratories Pvt.Ltd., Plot No 11 Pharmacity Selaqui Dehradun Uttarakhand",Dissolution,"SDTL, Raipur",portal,2026-07_all_nsq.json,53
2026-07,"state:SDTL, Raipur",nsq,Sodium Bicarbonat Tablets USP 500mg,25087,Nov-2025,Oct-2027,"Steadfast edishield Pvt. Ltd., At Kh. No- 322 Nanhera Anantpur Bhagwanpur Roorkee Dist- Haridwar UK- 247668",Misbranding,"SDTL, Raipur",portal,2026-07_all_nsq.json,54
2026-07,"state:Food & Drugs Laboratory Bambolim, Goa.",nsq,Glipizide Tablets IP,SPA252473,Nov-2025,Oct-2027,"Skymap Pharmaceuticals Pvt. Ltd., B-3, Dev Bhoomi Industrial Estate, Puhana Iqbalpur Road, Roorkee-247667.",Does not conform to IP Standards with respect to Dissolution Test,"Food & Drugs Laboratory Bambolim, Goa.",portal,2026-07_all_nsq.json,55
2026-07,"state:Food & Drugs Laboratory Bambolim, Goa.",nsq,Aceclofenac & Paracetamol Tablets,T2601006/A,Jan-2026,Dec-2028,"Empree Medicament India Pvt. Ltd ,99, C&D, KIADB Indl. Estate, Honaga, Belgaum - 591156",Does not conform to IP Standards with respect to Dissolution Test,"Food & Drugs Laboratory Bambolim, Goa.",portal,2026-07_all_nsq.json,56
2026-07,"state:Food & Drugs Laboratory Bambolim, Goa.",nsq,Glimepiride Tablets IP 4mg,T2512152,Dec-2025,Nov-2027,"Rivpra Formulation Pvt. Ltd; Plot No. 8, Sector 6A, I.I.E., Sidcul, Haridwar - 249403 (U.K.)",Does not conform to IP Standards with respect to Dissolution Test,"Food & Drugs Laboratory Bambolim, Goa.",portal,2026-07_all_nsq.json,57
2026-07,"state:Food & Drugs Laboratory Bambolim, Goa.",nsq,Atorvastatin and Clopidogrel Tablets,PGT25-3110A,Nov-2025,Oct-2027,"Plena Remedies, Plot No. 17, Industrial Area (Himuda), Bhatkoli, Kalan, Baddi, Distt. Solan (H.P.)- 173205.",Does not conform to required standards with respect to the test Assay,"Food & Drugs Laboratory Bambolim, Goa.",portal,2026-07_all_nsq.json,58
2026-07,"state:FDL, Vadodara",nsq,Amoxycillin Oral Suspension IP,AMS2532,Jun-2025,Nov-2026,"Modern Laboratories., 45-47, Sector D-2, Industrial Area, Sanwer Road, Indore-452015. India.",Content of Amoxycillin.,"FDL, Vadodara",portal,2026-07_all_nsq.json,59
2026-07,"state:FDL, Vadodara",nsq,ZEDCORIL EXPECTORANT,0064,Apr-2026,Mar-2029,"Lexine Technochem Pvt. Ltd., Plot No. 373, Opp. Ramakaka Deri, Chhani, Vadodara-391740. Gujarat",Content of Salbutamol,"FDL, Vadodara",portal,2026-07_all_nsq.json,60
2026-07,"state:Gov
Analyst Analyst.
Haryana
Chandigarh",nsq,Deomax-LB (Amoxycillin. Cloxaeillin & Lactic Acid Closacillin & Lacne Acd Bacillus Capsules,JPC-3100,Oct-2024,Sep-2026,"JMH Pharma. Plot No. Is Handwar Road 82. Handwar Road, Bhagwanpur. Uttarakhand",The sample does not pass the Assay of Anhy drous Amoxycillin & Cloxacillin per capsule is 10.86 mg & 67.73 mg against the claimed 250 mg.,"Gov
Analyst Analyst.
Haryana
Chandigarh",portal,2026-07_all_nsq.json,61
2026-07,"state:Gov
Analyst Analyst.
Haryana
Chandigarh",nsq,R-Zara DSR Capsules,SC-08656,Jan-2026,Dec-2027,"Samay Pharma India Pvt. Ltd. Plot No 34-35 Industrial Area. Trilokpur Road, Kala Amb, District Sirmour, Himachal Pradesh 173030",The sample does not pass the following test Assay Rabeprazole Sodium per capsule is 0.0 mg against claim of 20mg and Domperidone per capsule is 0.0mg against claim of 30mg.,"Gov
Analyst Analyst.
Haryana
Chandigarh",portal,2026-07_all_nsq.json,62
2026-07,"state:DTL, Baddi",nsq,Sodium chloride injection IP 0.9% w/v,(N)25567,Nov-2025,Oct-2027,"klokter Lifesciences private Ltd., Samora indri road , Karnal 132041",Fail in Assay,"DTL, Baddi",portal,2026-07_all_nsq.json,63
2026-07,"state:SDTL, Jharkhand",nsq,Iron n& Folic Acid Tablets I?,QT1572,Mar-2025,Feb-2027,"Quest Laboratories Ltd. Plot No. 45, Sector-III, Pithampur, Dist. Dhar-454775 (M.P)",The sample does not conform to claim as per IP in respect to test for Description,"SDTL, Jharkhand",portal,2026-07_all_nsq.json,64
2026-07,"state:SDTL, Jharkhand",nsq,Oral Rehydration salts IP(ORS),CHPLO- 002,Feb-2026,Jan-2028,"Cureza Healthcare Pvt. Ltd. 63/1, 67/1 Dharampuri Solsindha. Tehsil Sanwar Ujjain Roasd, Indore-453551",The sample does not conform to claim as per IP in respect to test for Description,"SDTL, Jharkhand",portal,2026-07_all_nsq.json,65
2026-07,central,nsq,Aceclofenac Sustained Release and Enteric Coated Rabeprazole Sodium Capsules,C50200B,Dec-2025,Nov-2027,"Samson Laboratories Pvt. Ltd.,(WHO-GMP Certified Company) 152, Sansiwala, Barotiwala, Distt. Solan (H.P.) - 174103.",The sample received does not conform to manufacturers specification with respect to the test for Assay of rabeprazole sodium content only.,"CDTL, Hyderabad",portal,2026-07_all_nsq.json,66
2026-07,central,nsq,Ondansetron Tablets IP 4 mg,TB251158,Jan-2026,Dec-2027,"Agron Remedies Pvt. Ltd.,Sarverkhera, Moradabad Road, Kashipur 244713","The sample received does not conform to i.p. 2022, ip addendum 2024 specification with respect to the test for related substances (total impurities) only.","CDTL, Hyderabad",portal,2026-07_all_nsq.json,67
2026-07,central,nsq,Telmisartan & Hydrochlorothiazide Tablets IP,AMT-2460,Nov-2025,Oct-2027,"Avalon Medicines Private Limited,Plot No-1271, Phase I, Sector 38, HSIIDC, Rai Sonipat-131029 (HR)",The sample received does not conform to i.p. 2022 specification with respect to the test for Dissolution of hydrochlorothiazide only.,"CDTL, Hyderabad",portal,2026-07_all_nsq.json,68
2026-07,central,nsq,Methylprednisolone Tablets I.P.,NHD24554A,Nov-2024,Oct-2026,"Nest Healthcare Pvt. Ltd,Plot No. 300 GIDC, Odhav, Ahmedabad-382 415, Gujarat, India",The sample does not conform to IP with respect to the test for Dissolution,"CDTL, Indore",portal,2026-07_all_nsq.json,69
2026-07,central,nsq,Metformin Hydrochloride Prolonged-Released and Glimepiride Tablets IP,60002727,Mar-2026,Feb-2028,"USV Private Limited,Plot No. 538 to 540, 597 to 618, 619 to 625, GIDC Indl. Area-Savli, Taluka-Savli, Manjusar, Vadodara - 391 775.",The sample does not conform to claim as per Manufacture's Specification with respect to the test for Dissolution of Metformin Hydrochloride.,"CDTL, Indore",portal,2026-07_all_nsq.json,70
2026-07,central,nsq,Amoxycillin & Cloxacillin Capsules,ZABG2611,May-2026,Oct-2027,"Malik Lifesciences Pvt. Ltd,Plot No. 16, Vardhman Indl.Estate, Vill-Bahadarpur Saini, N.H. 58, Haridwar-247 667 (Uttarakhand)",The sample does not conform to Manufacture's Specification with respect to the test for Assay of Amoxycillin Trihydrate eq. to Amoxycillin and Cloxacillin Sodium equivalent to Cloxacillin and Dissolution Cloxacillin Sodium equivalent to Cloxacillin,"CDTL, Indore",portal,2026-07_all_nsq.json,71
2026-07,"state:DTL, Baddi",nsq,Sodium chloride injection IP 0.9% w/v,(N)25479,Sep-2025,Aug-2027,"klokter Lifesciences private Ltd., Samora indri road , Karnal 132041",Fail in Assay,"DTL, Baddi",portal,2026-07_all_nsq.json,72
2026-07,state:RDTL. Bellary Karnataka,nsq,"Glimepiride, Ploglitazonehci & Metformin HCI (SR) Tablets",DPT-016,Apr-2025,Mar-2027,"Demexico Pharmaceuticals Pvt. Ltd., F-48, Selaqui, Industrial area Dehradun (UK)-243011",The sample has been declared as NSQ as it does not conform to label claim with respect to Assay for Metformin Hydrochloride and Pioglitazone,RDTL. Bellary Karnataka,portal,2026-07_all_nsq.json,73
2026-07,state:RDTL. Bellary Karnataka,nsq,Ondansetron Orally Disntagrating Tablets IP,SPT252281,Oct-2025,Sep-2027,"Salus Pharmaceutical, 480/211 Harraipur, PO Gurumajra, Tehsil Baddi Dist. Solan HP-173205",The sample has been declared as NSQ as it does not conform to IP standard with respect to Test for Disintegration,RDTL. Bellary Karnataka,portal,2026-07_all_nsq.json,74
2026-07,state:RDTL. Bellary Karnataka,nsq,Phenytoi Tablets IP 100mg,T-4710,Mar-2025,Feb-2027,"Jackson Laboratories Pvt. Ltd., 22-24, Majitha Road, Bye Pass, Amritsar-143001",The sample has been declared as NSQ quality with respect to Description.,RDTL. Bellary Karnataka,portal,2026-07_all_nsq.json,75
2026-07,state:RDTL. Bellary Karnataka,nsq,ASPIRIN GASTRO- RESISTANT TABLETS I.P. 75 MG,CBT-0254,Oct-2025,Sep-2027,Crossasia Biotech Pvt. Ltd. Survery No. 488 A.B. Road Girwai industrial Area Beldarpura Gwalior 474002 (M.P),Description test for Salicylic Acid Assay for Aspirin and test for Dissolution,RDTL. Bellary Karnataka,portal,2026-07_all_nsq.json,76
2026-07,state:RDTL. Bellary Karnataka,nsq,"Calcium citarate malate, Vitamain k2 -7 , Vitamin D3, methylcobalamin Zinc and Magnesium Tablets",25KHT-0857,Aug-2025,Jul-2027,"Kaalimga Healthcare 1st Floor, kh No. 386/76/2 vill. Juddi kalan baddi, Distt. Solan (H.P)- 173205",test for Disintegration and label claim woth respect to the Identification and Assay for Vitamin D3,RDTL. Bellary Karnataka,portal,2026-07_all_nsq.json,77
2026-07,state:RDTL. Bellary Karnataka,nsq,Gliclazide Extended release Tablets 60 mg,T511617,Nov-2025,Oct-2027,ION Healthcare Pvt. Ltd.Baddi- Barotiwala Road Baddi Distt. Solan (H.P) 173205,test for Dissolution for Gliclazide at 4th hour and 12th hour as per Manufacturer's method,RDTL. Bellary Karnataka,portal,2026-07_all_nsq.json,78
2026-07,state:RDTL. Bellary Karnataka,nsq,"Milk of Magnesia, Liquid Paraffin & Sodium Picosulfate Suspension",UF2834807B,Oct-2024,Sep-2026,"Ultra Durgs Formulations Pvt. Ltd. Plot no. 338/278,Vill.Manakpur, Lodhimajra,Tehsil -Baddi, Distt. Solan (H.P) 173205",Description only,RDTL. Bellary Karnataka,portal,2026-07_all_nsq.json,79
2026-07,state:RDTL. Bellary Karnataka,nsq,Acctaminophen Oral suspension I.P. 125 mg,HL76,Mar-2025,Feb-2027,"Azine Healthcare Pvt.ltd Plot no. 401 , GIDC Kerala, Bavla-382220, Dist. Ahmedabad (Gujrat)",Description and Assay for Paracetamol,RDTL. Bellary Karnataka,portal,2026-07_all_nsq.json,80
2026-07,state:RDTL. Bellary Karnataka,nsq,Soflgel Capsules Ferrous ascorbate Folic Acid &Zinc Soft Getatin Capsules,CD-251244B,Jan-2025,May-2027,"Capsoft Healthcare Pvt. Ltd. (An ISO & GMP Certified Company )Shed No. 6, Khasra No. 760-761 Klralsa Complex , Village kanuma ,Sai Road Baddi ,Solan- 173205 (H/P)","Description & Disintegration test ""and does not conform to label claim with respect to "" Assay for folic Acid",RDTL. Bellary Karnataka,portal,2026-07_all_nsq.json,81
2026-07,state:RDTL. Bellary Karnataka,nsq,Culse The Beauty soap papaya Fruit Mix,CT06,Jan-2025,May-2027,"Goodbuy Beauty Prohtets Door no. 13/515 A , 13/515B, Uppuparai Thottam,Madlukkarai Coimbatore-641105",Test for Matter Insolubic in Alcohol,RDTL. Bellary Karnataka,portal,2026-07_all_nsq.json,82
2026-07,state:RDTL. Bellary Karnataka,nsq,Calcium and Vitamin D3 Tablets IP 500mg/250 I.U,PJCT-016,Feb-2025,Jan-2027,"Laborate Pharmaceuticals India Ltd. 31 Rajban Road nariwala, Paonta Sahib (H.P)",Assay for Vitamin D3,RDTL. Bellary Karnataka,portal,2026-07_all_nsq.json,83
2026-07,"state:RDTL, Bellary Karnataka",nsq,Methylcobalamin Alpha Lipoic Acid Pyridoxine HCL Folic Acid &Vitamin D3 Tablets,LC25F031C,Jun-2025,Nov-2026,"Life care Neuro Products Ltd. 70/1, dharampur, EPIP Phase-II , Baddi-173205 (H.P.)",Disintegration test,"RDTL, Bellary Karnataka",portal,2026-07_all_nsq.json,84
2026-07,"state:RDTL, Bellary Karnataka",nsq,Omerprazole Capsules I.P 20 mg.,OPZDC4059,Nov-2024,Oct-2026,"Laborate Pharmaceutical India Ltd. 111, Yamuna nagar Road Satiwala, Panota Sahib, District Simnaur -173205 (H.P)",Test for Dissolution for Omeprazole both at Acid and Buffer Stage,"RDTL, Bellary Karnataka",portal,2026-07_all_nsq.json,85
2026-07,state:RDTL Ernakulam,nsq,Oral Rehydration Salts I.P,ODSC-1010,Nov-2025,Oct-2027,"Nestor Pharmaceuticals Ltd., 11-Western Extension Area, Faridabad-121001, India",Sample does not conform to IP standards. It fails the test Assay as per IP and hence declared as Not of Standard Quality,RDTL Ernakulam,portal,2026-07_all_nsq.json,86
2026-07,state:RDTL Ernakulam,nsq,Nicoz-5 Nicorandil Tablets IP 5 mg,NBT-251045,Oct-2025,Sep-2027,"A.N.D Healthcare Ltd., Plot No. C-42, Focal Point, Kurali, Mohali-140103",Sample does not conform to IP Standards. If fails the test 'Dissolution' and 'Assay',RDTL Ernakulam,portal,2026-07_all_nsq.json,87
2026-07,"state:DTL, Thrissur",nsq,Paracetamol Tablets IP 500 mg,PAK-825,Jan-2025,Dec-2027,"Healer's Lab Unit II, Plot No. 33, H.P.S.I.D.C Extn.Baddi, Distt Solan (HP)",The sample does not conform to the IP standards with respect to the test for Dissolution,"DTL, Thrissur",portal,2026-07_all_nsq.json,88
2026-07,"state:DTL, Thrissur",nsq,Mefenamic Acid & Paracetamol Tablets,T-252174,Mar-2025,Feb-2027,"Merril Pharma Pvt.Ltd, Plot No. 212, Raipur, Bhagwanpur, Roorkee-247667(UK)",The sample does not conform to Schedule V of the Drugs Rule 1945 with respect to the test disintegration.,"DTL, Thrissur",portal,2026-07_all_nsq.json,89
2026-07,"state:DTL, Konni",nsq,Pantoprazole Tablets IP,AGW01AKA,Sep-2025,Aug-2027,"Pure & Cure Healthcare Pvt. Ltd, Plot No. 26A,27-30, Sector-8A, I.I.E, SIDCUL, Ranipur, Haridwar-249403, Uttarakhand",The sample does not conform to IP standards. It fails the test Dissolution.,"DTL, Konni",portal,2026-07_all_nsq.json,90
2026-07,"state:DTL, Thrissur",nsq,Omeprazole Gastro-resistant Capsules IP 20 mg,GC108503,Mar-2025,Feb-2027,"Bengal Chemicals & Pharmaceuticals Ltd., Kh.No. 105-106, Vill Katha, Baddi-173205(H.P), India",The sample does not conform to IP standards with respect to the test for Dissolution.,"DTL, Thrissur",portal,2026-07_all_nsq.json,91
2026-07,"state:DTL, Thrissur",nsq,Diclofenac Sodium Tablets IP 50 mg,DG 5033,Mar-2025,Feb-2027,"Kerala State Drugs Pharmaceuticals Ltd., Kalavoor P.O., Alappuzha,Kerala-688522",The sample does not conform to IP standards with respect to the test Dissolution and also shows Category B defect of tablets (Capping).,"DTL, Thrissur",portal,2026-07_all_nsq.json,92
2026-07,"state:DTL, TVPM",nsq,Paracetamol Paediatric Syrup IP 60 ml,PCS25194,Sep-2025,Aug-2027,"Vivek Pharmachem(India) Ltd, NH-8, Chimanpura, Amer, Jaipur-302 028","The sample does not conform to IP standards. It fails the test Microbial Examination of Non- Sterile Product as per IP, as specified in the Laboratory protocol.","DTL, TVPM",portal,2026-07_all_nsq.json,93
2026-07,"state:DTL, TVPM",nsq,Telmisartan Tablets IP 40 mg,493TTF004,Jul-2025,Jun-2027,"Swiss Garnier Life Sciences, No. 21-23, Industrial Area, Mehatpur, Dist. UNA, Himachal Pradesh-174315, India",The sample does not conform to IP standards. If fails the test Dissolution as per IP,"DTL, TVPM",portal,2026-07_all_nsq.json,94
2026-07,"state:DTL, TVPM",nsq,Telmisartan Tablets IP 40 mg,493TTF014,Aug-2025,Jul-2027,"Swiss Garnier Life Sciences, No. 21-23, Industrial Area, Mehatpur, Dist. UNA, Himachal Pradesh-174315, India",The sample does not conform to IP standards. It fails the test Dissolution as per IP,"DTL, TVPM",portal,2026-07_all_nsq.json,95
2026-07,state:DTL Bhopal,nsq,Ferrous Ascorbate & Folic Acid Tablets IP,FAM-677,Aug-2025,Jan-2027,"Healer's Lab Unit II Plot NO. 33, H.P.S.I.D.C. , Extn. Baddi, Distt. Solan (H.P)",NSQ,DTL Bhopal,portal,2026-07_all_nsq.json,96
2026-07,state:DTL Bhopal,nsq,Ferrous Ascorbate & Folic Acid Tablets IP,FAM-656,Aug-2025,Jan-2027,"Healer's Lab Unit II Plot NO. 33, H.P.S.I.D.C. , Extn. Baddi, Distt. Solan (H.P)",NSQ,DTL Bhopal,portal,2026-07_all_nsq.json,97
2026-07,state:DTL Bhopal,nsq,Ferrous Ascorbate & Folic Acid Tablets IP,FAM-629,May-2025,Oct-2026,"Healer's Lab Unit II Plot NO. 33, H.P.S.I.D.C. , Extn. Baddi, Distt. Solan (H.P)",NSQ,DTL Bhopal,portal,2026-07_all_nsq.json,98
2026-07,state:DTL Bhopal,nsq,Ferrous Ascorbate & Folic Acid Tablets IP,FAM-649,May-2025,Oct-2026,"Healer's Lab Unit II Plot NO. 33, H.P.S.I.D.C. , Extn. Baddi, Distt. Solan (H.P)",NSQ,DTL Bhopal,portal,2026-07_all_nsq.json,99
2026-07,state:DTL Bhopal,nsq,Ferrous Ascorbate & Folic Acid Tablets IP,FAM-628,May-2025,Oct-2026,"Healer's Lab Unit II Plot NO. 33, H.P.S.I.D.C. , Extn. Baddi, Distt. Solan (H.P)",NSQ,DTL Bhopal,portal,2026-07_all_nsq.json,100
2026-07,state:DTL Bhopal,nsq,Cetin Plus Suspension 60ml,GL027412,Dec-2024,Nov-2026,Asian Pharma Khasra No. 105-106 village Katha Baddi 173205 HP,NSQ,DTL Bhopal,portal,2026-07_all_nsq.json,101
2026-07,"state:SDT&RL, Bhubaneswar",nsq,Paracetamol Tablets IP 650 mg,UT-3765,Jan-2024,Dec-2026,"Yacca Pharmaceutical Pvt. Ltd. 11 th Km, stone, Dehradun Road, Roorkee-247667(U.K.)",Dissolution test,"SDT&RL, Bhubaneswar",portal,2026-07_all_nsq.json,102
2026-07,state:DTL Jabalpur (M.P.),nsq,Flexon Suspension,DPK241894,Oct-2024,Sep-2027,"Aristo Pharmaceuticals Pvt. Ltd. Survey No. 371, Kunwar Falia, Village: Dabhel, Nani Daman-396210 Daman (U.T.)",Suspension does not dispose uniformaly on shaking,DTL Jabalpur (M.P.),portal,2026-07_all_nsq.json,103
2026-07,state:DTL Jabalpur (M.P.),nsq,Pacimol MF 250 Suspension,INCO14030R,Sep-2024,Aug-2027,"Ipca Laboratory Ltd. Sejavta, Ratlam 457001 MP",Suspension does not dispose uniformaly on shaking,DTL Jabalpur (M.P.),portal,2026-07_all_nsq.json,104
2026-07,state:DTL Jabalpur (M.P.),nsq,Pacimol MF 250 Suspension,INCO14035R,Oct-2024,Sep-2027,"Ipca Laboratory Ltd. Sejavta, Ratlam 457001 MP",Suspension does not dispose uniformaly on shaking,DTL Jabalpur (M.P.),portal,2026-07_all_nsq.json,105
2026-07,state:DTL Jabalpur (M.P.),nsq,KUFFTUSS-Q Tablets,IGT-0511,Dec-2024,Nov-2027,IG Pharma Ltd. 12.4 KM Meerut Road Roorkee Dist. Haridwar (U.K.),Mottled appeareance,DTL Jabalpur (M.P.),portal,2026-07_all_nsq.json,106
2026-07,state:DTL Bhopal,nsq,Amoxyclllin CapsulesIP 250mg,MBC-111,Oct-2024,Sep-2026,Mayasha Lifesciences H.B. 86 Village Bhatian Nalagarh Dist. Solan HP 174101,The sample fails to comply in respect of contains of the drug which is less than the calim,DTL Bhopal,portal,2026-07_all_nsq.json,107
2026-07,"state:FDAL, Mumbai",nsq,AZITHROMYCIN ORAL SUSPENSION IP 200 MG/5ML,41410,Oct-2024,Sep-2026,"ZENITH DRUGS Ltd. 72/5 & 72/3,72/4,74/1/1 75/1/1 Muradpura(Orangpura) Dhar Road,Near Kalaria,Indore 453001(M.P.)India","1. The content of azithromycin in the sample is less(i.e. 65.76% of the labelled amount than the i.p. Limits. 2.Tthe sample is infested with fungus growth. all the observations are done in normal daylight conditions with unaided eyes.4xl5 ml intact brown coloured plastic bottles received for analysis. When opens for analysis, it is observed that in all these 4X15 ML bottles particles are stick around the neck of the bottle. During analysis when the content from these 4x15 ml bottles after shaking transferred individually in clean dry sterilised glass beaker, contains yellow coloured suspension. Yellow coloured suspension which mixes uniformly after shaking.","FDAL, Mumbai",portal,2026-07_all_nsq.json,108
2026-07,"state:FDAL, Mumbai",nsq,Pepsin & Fungal Diastase Syrup 200ml,MLS25934,Dec-2025,Nov-2027,"MANCARE LABORATORIES Pvt LTD. Plot No 11 Pharmacity Selaqui Dehradun,Uttarakhand 248011.",The content of fungal diastase in the sample is less(i.e.17.36% of the labelled amount) than the permissible limits.,"FDAL, Mumbai",portal,2026-07_all_nsq.json,109
2026-07,"state:FDAL, Mumbai",nsq,ASPIRIN TABLET IP 75MG,240968,Sep-2024,Aug-2027,MODI ANTIBIOTICS Plot No-28 G.I.D.C. Estate Odhav Ahmedabad 382415,"l]five (5) intact strips often (10) tablets each were received for analysis. When the strips were opened for analysis and observed in normal daylight conditions with unaided eyes it was observed that, each pocket of the strip contains off whte,circular tablets with shiny needle shape crystals all over the surface. The tablets are very brittle in nature. 2. The content of aspirin in the sample is less (i.e.0.32% oof the labelled amount) than the i.p.limits.","FDAL, Mumbai",portal,2026-07_all_nsq.json,110
2026-07,"state:FDAL, Mumbai",nsq,ASPIRIN TABLET IP 75MG,250168,Jan-2025,Dec-2027,MODI ANTIBIOTICS Plot No-28 G.I.D.C. Estate Odhav Ahmedabad 382415,"1. five (5) intact strips of ten (10) tablets each were received for analysis. When the strips were opened for analysis and observed in normal daylight conditions with unaided eyes it was observed that, each pocket of the strip contains off whte,circular tablets with shiny needle shape crystals all over the surface. The tablets are very brittle in nature. 2 The co tent of aspirin in the sample is less (i.e.0.32% oof the labelled amount) than the i.p.limits.","FDAL, Mumbai",portal,2026-07_all_nsq.json,111
2026-07,"state:FDAL, Chhatrapati Sambhajinagar",nsq,Glimepiride Tablets IP 2mg,CHPLT1027,Dec-2025,Nov-2027,"Cureza Healthcare Pvt. Ltd., 63/1, 67/1, Dharampuri, -Sol. Sindha, Ujjain Road,-Indore, 453 551",The Sample does not Comply with IP Requirements for the Dissolution Test.,"FDAL, Chhatrapati Sambhajinagar",portal,2026-07_all_nsq.json,112
2026-07,"state:FDAL, Chhatrapati Sambhajinagar",nsq,Telmisartan Tablets IP 40 mg,CT25624,Dec-2025,Nov-2027,"Century Nova Drugs Pvt. Ltd., 85-86, Phase-II, A.K.V.N., Industrial Area, Umaria- Dungaria-482003.",The Sample does not Comply for Description as the Tablets shows uneven Light Brown coloured Spots all over the Surface of the Tablets,"FDAL, Chhatrapati Sambhajinagar",portal,2026-07_all_nsq.json,113
2026-07,"state:FDAL, Chhatrapati Sambhajinagar",nsq,Cefixime Dispersible Tablets IP 200mg,25D-BT150,Jul-2025,Jun-2027,"Orison Pharma International, Vill. Khari, Mauza Ogli, Kala Amb, Distt.-Sirmour, (H.P.)-173030.",The Sample does not Comply for Description as the Tablets shows Light Brown coloured Spots all over the Surface of the Tablets.,"FDAL, Chhatrapati Sambhajinagar",portal,2026-07_all_nsq.json,114
2026-07,state:DTL Jaipur,nsq,FORMALDEHYDE SOLUTION B.P.,F-25,Dec-2025,Nov-2027,"VINAYAK MANUTRADE (P) LTD., Plot No. 87B, RIICO Industrial Area, Jhotwara, Jaipur (Raj.) 302012.",The sample does not conforms to the BP with respect to Description.,DTL Jaipur,portal,2026-07_all_nsq.json,115
2026-07,state:DTL Bikaner,nsq,Tapentadol Hydrochloride Tablets,T087J44,Jan-2026,Dec-2027,"Biomax Biotechnics (P) Ltd., 261, HSIIDC, Industrial Estate, Alipur, Barwala-134118 (Haryana).",The sample does not conforms to the claim with respect to Assay.,DTL Bikaner,portal,2026-07_all_nsq.json,116
2026-07,"state:Drugs Testing Laboratory, Chennai-06",nsq,Amoxycillin Capsules IP 500mg,BC12250010,May-2025,Apr-2027,"Alencure Biotech Pvt.Ltd. Village: Nagal, Suketi Road, P.O Moginand, Kala Amb, Distt. Sirmour-173030, (HP) India.",Content of Amoxycillin (82.7%),"Drugs Testing Laboratory, Chennai-06",portal,2026-07_all_nsq.json,117
2026-07,"state:Drugs Testing Laboratory, Chennai-06",nsq,Clopidogrel & Aspirin Tablets,TSF-C2763,Oct-2024,Sep-2026,"Spen Formulations Pvt. Ltd., Plot No.123, Industrial Area, Mehatpur, Distt.UNA-174315(HP)",Description,"Drugs Testing Laboratory, Chennai-06",portal,2026-07_all_nsq.json,118
2026-07,"state:Drugs Testing Laboratory, Chennai-06",nsq,Betamethasone Valerate Ointment IP,RF695,Jun-2025,May-2027,"Curetech Skincare, Plot No.32,33 & 34, Phase-IV, Bhatoli Kalan, Baddi, Distt. Solan (HP)-173205",Content of Betamethasone (73.7%),"Drugs Testing Laboratory, Chennai-06",portal,2026-07_all_nsq.json,119
2026-07,"state:Drugs Testing Laboratory, Madurai-19",nsq,Ofloxacin Metronidazole and Simethicone Suspension,OXG2501,Sep-2025,Aug-2027,"Apple Formulations Pvt. Ltd., Plot No 208, Kishanpur, Roorkee - 247667 (U.K)",Content of Metronidazole (45.68%),"Drugs Testing Laboratory, Madurai-19",portal,2026-07_all_nsq.json,120
2026-07,"state:Drugs Testing Laboratory, Madurai-19",nsq,Pantoprazole Gastro-resistant Tablets IP,AT-1952A,Jun-2025,May-2027,"Azot Life Sciences, Vill. Chew. P.O.Kumarhatti, Distt. Solan-173229(H.P)",Content of Pantoprazole (84.7%),"Drugs Testing Laboratory, Madurai-19",portal,2026-07_all_nsq.json,121
2026-07,"state:Drugs Testing Laboratory, Chennai-06",nsq,Terbinafine Hydrochloride Tablets IP 250mg,AT25110990A,Nov-2025,Oct-2027,"Accura Care Pharmaceuticals Pvt.Ltd, Vill.Moginand, Nahan Road, Kala Amb, Distt.Sirmour (H.P), 173030",Dissolution,"Drugs Testing Laboratory, Chennai-06",portal,2026-07_all_nsq.json,122
2026-07,"state:Drugs Testing Laboratory, Chennai-06",nsq,Clopidogrel & Aspirin Tablets,GT31923C,Feb-2026,Jan-2028,"J.M.Laboratories, Village-Bhanat, P.O.-Ghatti, Subathu Road, Solan (H.P), 173211.",Free salicylic Acid (12.01%) and Content of Aspirin (77.13%),"Drugs Testing Laboratory, Chennai-06",portal,2026-07_all_nsq.json,123
2026-07,"state:Drugs Testing Laboratory, Chennai-06",nsq,Telmisartan Tablets IP 40mg,STS-114,May-2025,Apr-2027,"Marc Lifesciences Sikkim, Khasara No. 35, 36, 409, 410, Vill, Julanglay, Block L, Maneydara Namthang, Distt. Namchi, South Sikkim.",Dissolution,"Drugs Testing Laboratory, Chennai-06",portal,2026-07_all_nsq.json,124
2026-07,"state:Drugs Testing Laboratory, Chennai-06",nsq,"Clobetasol Propionate, Neomycin, Miconazole Nitrate & Chlorhexidine Cream",DLPS5111,Nov-2025,Oct-2027,"Leeford Healthcare Ltd., At:Plot No. 77, 78, 79-A, 79-B & 116, Epip, Phase-II, Village-Thana, Tehsil-Baddi, Distt. Solan (HP), India, 173205.",Content of Chlorhexidine (51.5%),"Drugs Testing Laboratory, Chennai-06",portal,2026-07_all_nsq.json,125
2026-07,"state:Drugs Testing Laboratory, Madurai-19",nsq,Albendazole Tablets IP 400 mg,SP250907,Sep-2025,Aug-2027,"Sharun Pharmaceuticals Pvt.Ltd., R.S.No. 195/9 & 197/4, Pangoor, Ariyur Revenue Village, Villianur Puducherry-605 102.",Uniformity of Weight,"Drugs Testing Laboratory, Madurai-19",portal,2026-07_all_nsq.json,126
2026-07,"state:Drugs Testing Laboratory, Chennai-06",nsq,"Ambroxol Hydrochloride, Terbutaline Sulphate, Guaiphenesin & Menthol Syrup",BGL250945,Sep-2025,Aug-2027,"Bestcare Formulation Pvt, Ltd., Plot No. B-15 & 16, Pipdic Electronic Park, Thirubhuvanai, Puducherry-605 107",Content of Ambroxol Hydrochloride(75.7%) and Terbutaline Sulphate (85.6%),"Drugs Testing Laboratory, Chennai-06",portal,2026-07_all_nsq.json,127
2026-07,"state:Drugs Testing Laboratory, Madurai-19",nsq,Aceclofenac & Paracetamol Tablets,BLPT-053,Apr-2026,Mar-2028,"Bonn Stering Bio Science LLP. Plot No. 64 & 65 Electronic park, Thirubuvanai, Mannadipet commune, Puducherry-605107",Content of Aceclofenac (81.98%) and Paracetamol (81.62%),"Drugs Testing Laboratory, Madurai-19",portal,2026-07_all_nsq.json,128
2026-07,"state:Drugs Testing Laboratory, Madurai-19",nsq,Aceclofenac & Paracetamol Tablets IP,MT250239,Jun-2025,May-2028,"Oxford Pharma, Puhana Chowk, Roorkee, Distt. Haridwar-247667 (U.K)",Content of Aceclofenac (82.94%),"Drugs Testing Laboratory, Madurai-19",portal,2026-07_all_nsq.json,129
2026-07,"state:Drugs Testing Laboratory, Chennai-06",nsq,Clopidogrel & Aspirin Tablets IP,P0825176T,Aug-2025,Jul-2027,"Pharmaroots Healthcare, Khasra No. 411, Village Tipra, P.O, Barotiwala, Tehsil Baddi, Distt. Solan (HP), 174103","Dissolution, Free Salicylic Acid, Content of Clopidogrel (38.20%) and Aspirin (21.8%)","Drugs Testing Laboratory, Chennai-06",portal,2026-07_all_nsq.json,130
2026-07,state:Lucknow Lab,nsq,Cefixime & Lactic Acid Bacillus Tablets,DF-8021,Mar-2026,Feb-2028,"Velnex Medicare India Pvt. Ltd., - Plot No. 278, HSIDC Saha (133104) HR",Identity test negative for Cefixime,Lucknow Lab,portal,2026-07_all_nsq.json,131
2026-07,"state:Drugs Testing Laboratory, Madurai-19",nsq,Metronidazole and Povidone Iodine Ointment,XOJM25015,Jul-2025,Jun-2027,"Helios Pharmaceuticals (Div. of P.K.T.P. Pvt Ltd.,) Village Malpur PO Bhud, Baddi, Tehsil Nalagarh Dist. Solan (HP)-173205.",The sample does not conform to Label claim with respect to the content of Availabe Iodine in Povidone Iodine(79.59%),"Drugs Testing Laboratory, Madurai-19",portal,2026-07_all_nsq.json,132
2026-07,"state:Drugs Testing Laboratory, Madurai-19",nsq,Levocetirizine & Montelukast Sodium Dispersible tablets,ABC04ABA,Dec-2025,Nov-2027,"Pure & Cure Healthcare Pvt. Ltd.,(A Subsidiary of Akums Drugs & Pharmaceuticals Ltd.) Plot No.26A, 27-30, Sector-8A, I.I.E., SIDCUL, Ranipur, Haridwar-249403, Uttarakhand.",The sample does not conform to Label claim with respect to content of Montelukast in Montelukast sodium),"Drugs Testing Laboratory, Madurai-19",portal,2026-07_all_nsq.json,133
2026-07,"state:Drugs Testing Laboratory, Madurai-19",nsq,Tolperisone & Paracetamol Tablets,TB26.084,Feb-2026,Jan-2028,"Verax Life Sciences Pvt. Ltd., K.No. 435, Vil. Surajmajra, Baddi, Distt. Solan (HP)-173205",The sample does not conform to label claim with respect to content of Tolperisone Hydrochloride,"Drugs Testing Laboratory, Madurai-19",portal,2026-07_all_nsq.json,134
2026-07,"state:Drugs Testing Laboratory, Chennai-06",nsq,Diclofenac Sodium Tablets IP 50mg,SP250935,Sep-2025,Aug-2027,"Sharun Pharmaceuticals Pvt.Ltd., R.S.No. 195/9 & 197/4, Pangoor, Ariyur Revenue Village, Villianur Puducherry-605 102.",Dissolution,"Drugs Testing Laboratory, Chennai-06",portal,2026-07_all_nsq.json,135
2026-07,"state:Drugs Testing Laboratory, Chennai-06",nsq,Diclofenac Sodium Tablets IP 50mg,SP250934,Sep-2025,Aug-2027,"Sharun Pharmaceuticals Pvt.Ltd., R.S.No. 195/9 & 197/4, Pangoor, Ariyur Revenue Village, Villianur Puducherry-605 102 India",Dissolution,"Drugs Testing Laboratory, Chennai-06",portal,2026-07_all_nsq.json,136
2026-07,"state:Drugs Testing Laboratory, Chennai-06",nsq,"Diclofenac Diethylamine, Virgin Linseed oil, Menthol & Methyl Salicylate Gel",JDB766,Feb-2025,Jan-2027,"Curetech Slincare, Plot No. 32,33& 34, Phase - IV, Bhatoli Kalan, Baddi, Distt. Solan (H.P.)-173205.","The sample does not conform to label claim with respect to the content of Diclofenac Diethylamine,and Methyl Salicylate","Drugs Testing Laboratory, Chennai-06",portal,2026-07_all_nsq.json,137
2026-07,"state:Drugs Testing Laboratory, Chennai-06",nsq,Atorvastatin Tablets IP 10mg,AV26072,Apr-2026,Sep-2027,"Eurokem Laboratories Pvt Ltd, C-25, SIDCO Pharmceutical Complex, Alathur, Thiruporur -603110.",Dissolution,"Drugs Testing Laboratory, Chennai-06",portal,2026-07_all_nsq.json,138
2026-07,"state:Drug testing laboratory, Chennai-6",nsq,Carvedilol Tablets IP 6.25mg,P1225138TA,Dec-2025,Nov-2027,"Pharma Roots Healthcare, Khasra No, 411, Village Tipra, P.O, Barotiwala, Tehsil Baddi, Distt. Solan (HP), 174103",Dissolution,"Drug testing laboratory, Chennai-6",portal,2026-07_all_nsq.json,139
2026-07,"state:Drug testing laboratory, Chennai-6",nsq,Betamethasone valerate & Salicylic Acid Ointment,BE533,Jun-2025,May-2027,"Bestcare Formulation Pvt, Ltd., Plot No. B-15 & 16, Pipdic Electronic Park, Thirubhuvanai, Puducherry-605 107",Content (Nil),"Drug testing laboratory, Chennai-6",portal,2026-07_all_nsq.json,140
2026-07,"state:King Institute of Preventive Medicine & Research, Guindy, Chennai-32",nsq,Midazolam injection I.P-1mg-5ml,MZ-2606,Jan-2026,Dec-2027,"Vindas Chemical Industries (P) Ltd. Plot No.65, Sector-1, Indl Area, Pitampur - 454775. Dist. Dhar",pH (4.1) and Assay (87.2%),"King Institute of Preventive Medicine & Research, Guindy, Chennai-32",portal,2026-07_all_nsq.json,141
2026-07,"state:Drugs Testing Laboratory, Chennai-06",nsq,"Ambroxol Hydrochloride, Terbutaline Sulphate, Guiaphenesin & Menthol Syrup",FMX-030/26,Mar-2026,Feb-2028,"Finemax Formulation Private Ltd., No. 1/4, first floor, Thirumuruga complex, Leelavathi nagar, Chikarayapuram, Chennai 600069. India, Tamilnadu.",The sample does not conform to label claim with respect to the content of Ambroxol Hydrochloride and Terbutaline Sulphate.,"Drugs Testing Laboratory, Chennai-06",portal,2026-07_all_nsq.json,142
2026-07,"state:DCL, Telangana",nsq,Pantoprazole Gastro-Resistant Tablets IP,R2516403J,Oct-2025,Sep-2027,"Reltsen Healthcare Spl Plot No. 9-11, Pipdic electronic park, Thirubhuvanai, Puducherry-605 107 Puducherry. Mrkt: Maclife Labs india Pvt.Ltd, Plot No.19, Baghameeri, Kukatpally, Hyderabd - 500 072.","Sample Does not meets the Specifications wrt, Dissolution (All 6 Tablets dissolved in acid stage) as per IP","DCL, Telangana",portal,2026-07_all_nsq.json,143
2026-07,"state:DCL, Telangana",nsq,Metronidazole Tablets IP 200 mg,MZ241001,Oct-2024,Sep-2026,"Cipco Pharmaceuticals 35-36/1, AB Road, Pigdamber Dist. Indore - 453 331 (MP) India, Madhya Pradesh.","The Dissolution test Does Not Complies as per IP Specification, hence it is of Not of Standard Quality.","DCL, Telangana",portal,2026-07_all_nsq.json,144
2026-07,"state:DCL, Telangana",nsq,Rabeprazole Sodium Gastro-Resistant Tablets I.P.,BLT-25798A,Nov-2025,Oct-2027,"Brit Lifescience V.P.O. Moginand, Nahan Road, Distt. Sirmour (H.P). 173030. Himachal Pradesh.",MISBRANDED In the composition the label should be mentioned as Rabeprazoe sodium IP. But the label is mentioned as Rabeprazole Sodium equivalent to Rabeprazole. Hence it is misbranded drug as per section 17 of Drugs and Cosmetics Act 1940.,"DCL, Telangana",portal,2026-07_all_nsq.json,145
2026-07,"state:DTL, Delhi",nsq,Pantoprazole and Domperidone Tablets,AN-06-25,Oct-2025,Sep-2027,"Anchor Pharma Pvt. Ltd., Plot No. B-6, O.I.D.C Ringanwada, Daman-396210",TEST FOR DISINTEGRATION TIME,"DTL, Delhi",portal,2026-07_all_nsq.json,146
2026-07,"state:SDTL, Tripura, Agartala",nsq,Glimepiride Tablets IP 1mg,GTA-2501,Jan-2025,Jan-2027,"Apple Formulations Pvt. Ltd., Plot No. 208, Kishanpur, Roorkee-247667 (U.K.).",The sample does not conform to standard quality in respect of the test for ?Description? performed.,"SDTL, Tripura, Agartala",portal,2026-07_all_nsq.json,147
2026-07,"state:GORAKHPUR LAB, UP",nsq,"Betamethasone, Clindamycin & Nicotinamide Cream",1391,Feb-2026,Jan-2028,"Lucrose Pharma Pvt. Ltd. Flat No. 197, First Floor Block A, Sector MU-II, Greater Noida-201309",Content of Betamethasone & Clindamycin,"GORAKHPUR LAB, UP",portal,2026-07_all_nsq.json,148
2026-07,"state:GORAKHPUR LAB, UP",nsq,Rabeprazole Sodium (EC) & Domperidone (SR) Capsules,CG24-0548M,Oct-2024,Sep-2026,"Humankind Pharmaceuticals Lunia Mohalla, Dehradun-248001",Content of Rabeprazole Sodium,"GORAKHPUR LAB, UP",portal,2026-07_all_nsq.json,149
2026-07,"state:GORAKHPUR LAB, UP",nsq,"Cefixime, Azithromycin and Lactic Acid Bacillus Tablets",TB25115,Mar-2025,Feb-2027,"Forgo Pharmaceuticals (P) Ltd. Plot No. 92 Industrial Area, Phase-I, Panchkula (Haryana)",Content of anhydrous Azithromycin,"GORAKHPUR LAB, UP",portal,2026-07_all_nsq.json,150
2026-07,"state:GORAKHPUR LAB, UP",nsq,"Aceclofenac, Paracetamol & Serratiopeptidase Tablets",TG25-1919B,Oct-2025,Sep-2027,"Menrik Biomerge Pvt. Ltd. 5, Manak Vihar, Opp. Yojna Vihar, New Delhi-110092",Content of Aceclofenac,"GORAKHPUR LAB, UP",portal,2026-07_all_nsq.json,151
2026-07,"state:GORAKHPUR LAB, UP",nsq,Amoxycillin and Potassium Clavulanate Tablets IP (500 mg+125mg,CVTC-815,Sep-2025,Aug-2027,"Nestor Pharmaceuticals Ltd. 11, Western Extension Area, Faridabad-121001, India.",Content of Clavulanic Acid,"GORAKHPUR LAB, UP",portal,2026-07_all_nsq.json,152
2026-07,"state:KANPUR LAB, UP",nsq,Diclofenac Sodium Injection I.P.,ZYCD15018,Oct-2025,Sep-2027,"Laborate Pharmaceuticals India Ltd. 111, Yamuna Nagar Road, Satiwala Paonta Sahib, Distt. Sirmour-173025 (HP)",Content of Diclofenac Sodium,"KANPUR LAB, UP",portal,2026-07_all_nsq.json,153
2026-07,"state:VARANASI,UP",nsq,Dr. Wash Intimate Hygiene,IW-0225,Feb-2025,Jan-2028,Magic of Herbs Magic of Herbs Haryana-133001,Idetity test Negative for Lactic Acid,"VARANASI,UP",portal,2026-07_all_nsq.json,154
2026-07,"state:AGRA,",nsq,Bithoquin Bolus,V260301,Mar-2026,Jun-2027,"Apple Biotech Healthcare Pvt. Ltd. Vill. Deep Nagar, Tehsil Payal, Ludhiana-141421 (PB) India",Disintegration Test,"AGRA,",portal,2026-07_all_nsq.json,155
2026-07,state:MEERUT LAB,nsq,Diclofenac Sodium Gastro -Resistant Tablets IP,T-25056,Sep-2025,Aug-2027,"Geson Pharma Pvt. Ltd Industrial Area, Sarojini Nagar, Lucknow",Disintegration Test,MEERUT LAB,portal,2026-07_all_nsq.json,156
2026-07,state:Lucknow Lab,nsq,Cinnarizine Tablets IP,MV115027,Dec-2025,Nov-2028,"Geno Pharmaceuticals Pvt. Ltd, Karaswada, Mapusa, Goa 403528 At C/12-13, M.I.D.C. Bhosari Pune",Identification - Doesn't conforms to I.P.,Lucknow Lab,portal,2026-07_all_nsq.json,157
2026-07,state:Lucknow Lab,nsq,"Aceclofenac 100 mg, Serratiopeptidase 15 mg & Paracetamol 325 mg Tablets",FND0825055AK,Dec-2025,May-2028,"Ipca Laboratories Ltd. Unit-II, 393/ Melli Horethang Road, Gom Block, Bharikhola, South District, Sikkim 737121",Identity test negative for Aceclofenac and Paracetamol,Lucknow Lab,portal,2026-07_all_nsq.json,158
2026-07,state:Lucknow Lab,nsq,Alprazolam Tablets IP 0.50 mg,AT25417,Oct-2025,Sep-2028,"Aarpik Pharmaceuticals Pvt. Ltd. C1/306/5, Kerala, G.I.D.C. Kerala Bavla Road, Distt.-Ahmedabad",Identification - Doesn't conforms to I.P.,Lucknow Lab,portal,2026-07_all_nsq.json,159
2026-07,state:Lucknow Lab,nsq,Amoxycillin & Potassium Clavulanate Tablets IP,826D074,Mar-2026,Aug-2027,"Medreich Ltd., Survey No. 14 &v 15, Gundarahalli Village, Sulibele Hobli, Hoskote Taluk Bengaluru Rural District-562114",Identification - Doesn't conforms to I.P.,Lucknow Lab,portal,2026-07_all_nsq.json,160
2026-07,state:Lucknow Lab,nsq,Pantoprazole Gastro-resistant Tablets IP 40 mg,SPK251470,Oct-2025,Mar-2028,"Aristo Pharmaceuticals Pvt. Ltd. Plot Nos.: 2040-46, N.H. 10 Baghey Khola, P.O. Majhitar, East Sikkim-737136",Identification - Doesn't conforms to I.P.,Lucknow Lab,portal,2026-07_all_nsq.json,161
2026-07,state:Lucknow Lab,nsq,Metronidazole Tablets IP 200 mg,ME025002,Dec-2025,Nov-2028,"Danish Healthcare (P) Ltd. 76/27-29, Industrial Estate Maxi Road, Ujjain 456010, India",Uniformity of Weight,Lucknow Lab,portal,2026-07_all_nsq.json,162
2026-07,state:Lucknow Lab,nsq,Calcium and Vitamin D3 Tablets IP 500mg/250 IU,PJCT-021,Feb-2025,Jan-2027,"Laborate Pharmaceuticals India Ltd . # 31, Rajban Road, Nariwala, Paonta Sahib (H.P.)",Identification of Vitamin D3 - Doesn't conforms to I.P.,Lucknow Lab,portal,2026-07_all_nsq.json,163
2026-07,state:Lucknow Lab,nsq,Amoxicillin and Potassium Clavulanate Tablets IP,26440256,Jan-2026,Jun-2027,"Alkem Health Sciences A Unit of Alkem Laboratories Ltd. Unit-2, Samardung, Kaerk Block, P.O. Namthang, District-Namchi, Sikkim-737137",Identification - Doesn't conforms to I.P.,Lucknow Lab,portal,2026-07_all_nsq.json,164
2026-07,state:Lucknow Lab,nsq,"Triprolidine Hydrochloride & Codeine Phosphate Syrup, 100 ml",L-221226,Nov-2025,Oct-2027,"BDC Pharmaceuticals 272, Ind. Area, Phase-II, Kalamb HP-236250",Content of Triprolidine Hydrochloride & Codeine Phosphate,Lucknow Lab,portal,2026-07_all_nsq.json,165
2026-07,state:Lucknow Lab,nsq,"Aceclofenac, Paracetamol and Serratiopeptidase Tablets",F9AHY065,Oct-2025,Sep-2027,"Pharma Force Lab 53-55, Ind. Area, Gondpur, Paonta Sahib (HP)-173025",Identity test negative for Aceclofenac and Content of Paracetamol,Lucknow Lab,portal,2026-07_all_nsq.json,166
2026-07,state:Lucknow Lab,nsq,Ibuprofen Tablets IP 200 mg,INR25036,Nov-2025,Oct-2027,"Danish Healthcare (P) Ltd. 76/27-29, Industrial Estate Maxi Road, Ujjain 456010, India",Dissolution,Lucknow Lab,portal,2026-07_all_nsq.json,167
2026-07,state:Lucknow Lab,nsq,Albendazole Tablets IP 400 mg,SAO-210,Dec-2025,Nov-2028,"Sikkim, Khasra No. 35,36,409,410 Vill. Julanglay, Block-L, Maneydara, Namthang, Distt. Namchi, South Sikkim.",Dissolution,Lucknow Lab,portal,2026-07_all_nsq.json,168
2026-07,state:Lucknow Lab,nsq,Levofloxacin Tablets IP 500 mg,JC00116,Jan-2026,Dec-2027,"Lupin Ltd. EPIP, Sidco Industrial Complex Kartholi, Bari Brahmana, Jammu J& K-181133 India",Identification - Doesn't conforms to I.P.,Lucknow Lab,portal,2026-07_all_nsq.json,169
2026-07,state:Lucknow Lab,nsq,Ondansetron Orally Disintegration Tablets IP,ST-34645,Oct-2024,Sep-2026,"Samay Pharma India Pvt. Ltd Plot No.- 34-35, Industrial Area, Trilokpur Road, Kala Amb, District Sirmour, Himanchal Pradesh-173030",Disintegration Test,Lucknow Lab,portal,2026-07_all_nsq.json,170
2026-07,state:Lucknow Lab,nsq,Omeprazole & Domperidone Capsules,AC25/211,Jan-2026,Dec-2027,"Accuwell Medics Private Ltd. Suvery No.-414, Ashwamegh Ind. Estate, Changodar, Ahmedabad-382213 (Guj) India",Content of Omeprazole & Domperidone,Lucknow Lab,portal,2026-07_all_nsq.json,171
2026-07,state:Lucknow Lab,nsq,Triamcinolone Acetonide Injection IP (40mg/ml) (1ml),NPK0260,Dec-2024,Nov-2027,"Nitin Life Sciences Ltd. Rampur Road, Paonta Sahib, Distt. Sirmour-173025 (H.P.) India",Assay,Lucknow Lab,portal,2026-07_all_nsq.json,172
2026-07,state:Lucknow Lab,nsq,"Itraconazole, Capsules IP",CG25-0392A,Nov-2025,Oct-2027,"Athens Life Sciences Mauza-Rampur Jatten Nahan Road, Kala Amb, Dist-Sirmour (HP) 173030",Assay,Lucknow Lab,portal,2026-07_all_nsq.json,173
2026-07,state:Lucknow Lab,nsq,Amoxycillin Dispersible Tablets IP,UOT25-522,Sep-2025,Aug-2027,"Unisharp Organics Pvt. Ltd. Alamgir, Lalru-140501",Assay,Lucknow Lab,portal,2026-07_all_nsq.json,174
2026-07,state:Lucknow Lab,nsq,Cefixime Tablets IP,25460922,May-2025,Apr-2027,"Alkem Health Sciences A Unit of Alkem Laboratories Ltd. Unit-3, Samardung, Kaerk Block, P.O. Namthang, District-Namchi, Sikkim-737137",Identification - Doesn't conforms to I.P.,Lucknow Lab,portal,2026-07_all_nsq.json,175
2026-07,state:Lucknow Lab,nsq,Pantoprazole Gastro-resistant Tablets IP 40 mg,25444650,Dec-2025,May-2028,"Alkem Health Science, A unit of Alkem Laboratories Ltd., Unit-2, Samardung Karek Block, P.O. Namthang, District-Namchi, Sikkim-737137",Identification - Doesn't conforms to I.P.,Lucknow Lab,portal,2026-07_all_nsq.json,176
2026-07,state:Lucknow Lab,nsq,Amoxycillin & Potassium Clavulanate Tablets IP,MFL0122,Mar-2025,Feb-2027,"Medicef Pharma, Plot No.-28, 29 & 48, Phase-I, EPIP, Jharmajri, Baddi, Distt. Solan-173205 (H.P.), India",Identification - Doesn't conforms to I.P.,Lucknow Lab,portal,2026-07_all_nsq.json,177
2026-07,state:Lucknow Lab,nsq,Diclofenac Sodium and Paracetamol Tablets IP,I501103,Feb-2025,Jan-2027,"Zydus Healthcare Ltd., (Unit II), 967 (P), 968 (P), 970 (P), Duga Circle, Kamarey Bhasmay, Kumek, Sikkim-737132",Description & Dissolution,Lucknow Lab,portal,2026-07_all_nsq.json,178
2026-07,central,nsq,Diclofenac Gastro-Resistant Tablets IP,250264A,May-2025,Apr-2028,"Bal Pharma Limited ,Plot No. 1,2,3 And 69, Sector-4, IIE, SIDCUL Pantnagar, Rudrapur, Distt. - Udham Singh Nagar, Uttarakhand, INDIA",The sample does not conform to I.P 2022 with respect to test for Related substances,"CDTL, Mumbai",portal,2026-07_all_nsq.json,179
2026-07,state:Lucknow Lab,nsq,Cefpodoxime Proxetil & Clavulanic Acid Tablets,BT-0564,Sep-2025,Feb-2027,"Addll Biotech Pvt. Ltd. Vill. Kaundi, P.O. Thana, Tehsil Baddi, Distt. Solan-173205 (H.P.)",Identity test negative for Cefpodoxime Proxetil & Clavulanic Acid,Lucknow Lab,portal,2026-07_all_nsq.json,180
2026-07,state:Lucknow Lab,nsq,Diclofenac Sodium & Paracetamol Tablets,AHT-2502262,Feb-2026,Jan-2028,"Aru Health Care Pvt. Ltd. - K-12, Industrial Area, Begrajpur, Muzaffarnagar-251003 (UP)",Disintegration Test,Lucknow Lab,portal,2026-07_all_nsq.json,181
2026-07,state:Lucknow Lab,nsq,Cefixime & Azithromycin Tablets,MWDC-5421G,Jan-2026,Dec-2027,"Geenac Pharma, - Plot No.-582, Raipur, Bhagwanpur, Roorkee, Uttarakhand-247667",Identity test negative for Cefixime & Azithromycin,Lucknow Lab,portal,2026-07_all_nsq.json,182
2026-07,state:Lucknow Lab,nsq,"Cefixime, Ofloxacine & Lactic Acid Bacillus Tablets",ST-25190,Jan-2026,Dec-2027,"Candimed Life Sciences, - 77/1, Industrial Area, Dehradun, Uttarakhand",Identity test negative for Cefixime & Ofloxacin,Lucknow Lab,portal,2026-07_all_nsq.json,183
2026-07,state:Lucknow Lab,nsq,"Amoxycillin & Potassium Clavulanate, Lactic Acid Bacillus Tablets",MWDC-5421G,Jan-2026,Dec-2027,"Sabi Pharmaceuticals Pvt. Ltd - . Shivnath Gogoi Path, 10/150, Bhagarbari, Panjahari, Gowahati-781037, Assam",Identity test negative for Amoxycillin & Clavulanic Acid,Lucknow Lab,portal,2026-07_all_nsq.json,184
2026-07,state:Lucknow Lab,nsq,"Ferrous Ascorbate, Folic Acid and Cyanocobalamin Suspension",18260226A,Jan-2026,Dec-2028,"Macleods Pharmaceuticals Ltd. - Khasra No. 21,22,66,67 & 68, Aho- Yangtam, Namchepung, PO: Ranipool, Sikkim - 737135",Identity test negative for Folic Acid & content of Elemental Iron,Lucknow Lab,portal,2026-07_all_nsq.json,185
2026-07,state:Lucknow Lab,nsq,Glimepiride Tablets IP,5GAC030,Dec-2025,Nov-2028,"Sanofi India Ltd., - L-121, Verna Industrial Estate, Verna, Goa-403722",Dissolution,Lucknow Lab,portal,2026-07_all_nsq.json,186
2026-07,state:Lucknow Lab,nsq,Amoxycillin and Potassium Clavulanate Tablets IP,CBZ19ADA,Dec-2025,Nov-2027,"Malik Lifesciences Pvt. Ltd. - (A Subsidiary of Akumes Drugs & Pharmaceuticals Ltd.) Plot NO. 16, Vardhman Indl. Estate, Vill. Bahadarpur Saini, N.H. 58, Haridwar-247667 (Uttarakhand)",Dissolution of Amoxycillin,Lucknow Lab,portal,2026-07_all_nsq.json,187
2026-07,state:Lucknow Lab,nsq,Cefpodoxime Proxetil Oral Suspension IP,LBL2501002,Jan-2026,Dec-2027,"Life Gem Medi Healthcare (India) I.P. - 46 Raipur Sahkari Audhyogic Kshetra, Raipur, Bhagwanpur, Roorkee, Haridwar (U.K.) Pin Code-247661",Assay,Lucknow Lab,portal,2026-07_all_nsq.json,188
2026-07,state:Lucknow Lab,nsq,"Amoxycillin, Potassium Clavulanate & Lactic Acid Bacillus Tablets",BR-1227,Mar-2026,Aug-2027,"Velnex Medicare India Pvt. Ltd., - Plot No. 278, HSIDC Saha (133104) HR",Identification - Doesn't conforms to I.P.,Lucknow Lab,portal,2026-07_all_nsq.json,189
2026-07,state:Lucknow Lab,nsq,Ondansetron Tablets IP 4 mg,TG252335,Nov-2025,Oct-2027,"Symbiosis Pharmaceuticals Pvt. Ltd. - (Plant-I) Symbiosis House, Suketi Road, Kala Amb-173030 (H.P.)",Assay & Dissolution,Lucknow Lab,portal,2026-07_all_nsq.json,190
2026-07,state:Lucknow Lab,nsq,"Cefixime, Azithromycin & Lactic Acid Bacillus Tablets",ST-25193,Jan-2025,Dec-2027,"Candimed Life Sciences, - 77/7, Industrial Area, Dehradun, Uttarakhand-248110",Identity test negative for Cefixime & Azithromycin,Lucknow Lab,portal,2026-07_all_nsq.json,191
2026-07,state:Lucknow Lab,nsq,Aceclofenac & Paracetamol Tablets IP,T-2504296,Apr-2025,Mar-2028,"Gopal Lifesciences, - (Unit-II), Hill Top, Ind. Estate, Near Export Zone, Jharmajri, Baddi-173205",Dissolution,Lucknow Lab,portal,2026-07_all_nsq.json,192
2026-07,state:Lucknow Lab,nsq,Cefpodoxime Proxetil IP 200 mg Tablets,SRTC-2403,Aug-2025,Jul-2027,"Velnex Medicare India Pvt. Ltd., - Plot No. 278, HSIDC Saha (133104) HR",Identification - Doesn't conforms to I.P.,Lucknow Lab,portal,2026-07_all_nsq.json,193
2026-07,state:Lucknow Lab,nsq,Cefpodoxime & Ofloxacin Tablets,C9AKX031,Dec-2024,Nov-2026,"Relax Pharmaceuticals Pvt. Ltd. - (Unit-II) 49-A-B, Gondpur, Industrial Area, Paonta Sahib, Distt. Sirmour (H.P.)-173025",Identity test negative for Cefpodoxime Proxetil & Ofloxacin,Lucknow Lab,portal,2026-07_all_nsq.json,194
2026-07,state:Lucknow Lab,nsq,Amoxycillin & Potassium Clavulanate Tablets IP,TB250343C,Jun-2025,Feb-2027,"Polestar Power Industries - (PHARMA DIVISION) Vill. Damuwala, Hajuri Road, Barotiwala, Baddi, Distt. Solan (H.P.)-174103",Identification - Doesn't conforms to I.P.,Lucknow Lab,portal,2026-07_all_nsq.json,195
2026-07,state:Lucknow Lab,nsq,"Cefixime, Azithromycin & Lactic Acid Bacillus Tablets",PL-26089,Sep-2025,Aug-2027,"Velnex Medicare India Pvt. Ltd., - Plot No. 278, HSIDC Saha (133104) HR",Identity test negative for Cefixime & Azithromycin,Lucknow Lab,portal,2026-07_all_nsq.json,196
2026-07,state:SFDTL Uttarakhand,nsq,"Dextromethorphan HBr, Phenylephrine HCl & Chlorpheniramine Maleate Syrup).",ABSL25-0183A,Oct-2025,Sep-2027,"Alexin Biosciences, Barotiwala, Plot No. 151/196, Paonta Sahib, Dist. Sirmour-173025",MISBRANDED DRUGS.,SFDTL Uttarakhand,portal,2026-07_all_nsq.json,197
2026-07,state:SFDTL Uttarakhand,nsq,Orlistat Capsules USP 120 mg,TPC25015,Sep-2025,Aug-2027,"Taj Pharma India Ltd., Plot No. 1019, Sarigar, GIDC Road No. 10, Distt.-Valsad, Gujarat-396155.",01.IDENTIFICATION TEST OF ORLISTAT U.S.P. ? Found to be negative. 02. ASSAY OF ORLISTAT U.S.P.: NIL.,SFDTL Uttarakhand,portal,2026-07_all_nsq.json,198
2026-07,state:SFDTL Uttarakhand,nsq,Obelow-60 (Orlistat Capsules USP 60 mg,TPC26003,Jan-2026,Dec-2027,"Taj Pharma India Ltd., Plot No. 1019, Sarigar, GIDC Road No. 10, Distt.-Valsad, Gujarat-396155.",01. IDENTIFICATION TEST OF ORLISTAT U.S.P. ? Found to be negative. 02. ASSAY OF ORLISTAT U.S.P.: NIL.,SFDTL Uttarakhand,portal,2026-07_all_nsq.json,199
2026-07,state:SFDTL Uttarakhand,nsq,Pantoprazole Gastro- Resistant & Domperidone Prologed Release Capsules I.P.,CG26-0049R,Mar-2026,Feb-2028,"Athens Life Sciences Mauza Rampur Jattan, Nahan Road, Kala-Amb, Distt. Sirmour H.P. ? 173030",01. ASSAY OF PANTOPRAZOLE SODIUM I.P. & DOMPERIDONE I.P. ? Less than prescribed limit.,SFDTL Uttarakhand,portal,2026-07_all_nsq.json,200
2026-07,state:SFDTL Uttarakhand,nsq,Telmisartan & Amlodipine Tablets I.P.,2510095,Oct-2025,Sep-2027,"Sai Sarvaa Biotech Pvt. Ltd., Plot -08,09, Balaji Nagar, Pattanur, Auroville, P.O. Vanur (TK), Villupurum (Dt.)-605101.",01. ASSAY OF AMLODIPINE I.P. ?Less than prescribed limit.,SFDTL Uttarakhand,portal,2026-07_all_nsq.json,201
2026-07,state:SFDTL Uttarakhand,nsq,"Spasmore (Acetaminophen, Tramadol HCl & Dicyclomine HCl Capsules).",SE026040,Apr-2026,Mar-2028,"Danish Healthcare (P) Ltd., 76/27-29 Indl. Estate, Ujjain-456010.",01. ASSAY OF TRAMADOL HCL I.P. & DICYCLOMINE HCL I.P. ?Less than prescribed limit.,SFDTL Uttarakhand,portal,2026-07_all_nsq.json,202
2026-07,state:SFDTL Uttarakhand,nsq,Aceclofenac and Parcetamol IP),T251733C,Sep-2025,Aug-2027,"Bajaj Formulations Khasra No. 161, Village-Lakeshwary Bhagwanpur, Roorkee, Distt. Haridwar (UK)",01. ASSAY OF ACECLOFENAC I.P. ?Less than prescribed limit.,SFDTL Uttarakhand,portal,2026-07_all_nsq.json,203
2026-07,state:SFDTL Uttarakhand,nsq,"Celltus-B (Ambroxol Hydrochloride, Terbutaline Sulphate, Guaiphenesin & Menthol Syrup)",CLAM-2525,Dec-2025,Nov-2027,"Comex Pharma, Plot NO. 158 & 158-A, Sec-3, Indl. Area, HSIIDC, Karnal -132001",01. ASSAY OF TERBUTALINE SULPHATE I.P. ?Less than prescribed limit.,SFDTL Uttarakhand,portal,2026-07_all_nsq.json,204
2026-07,state:SFDTL Uttarakhand,nsq,Cefixime Dispersible Tablets I.P.,CCT-24035,Jul-2024,Jun-2026,"Catrax Healthcare Pvt. Ltd., Plot No. 45, EPIP, Phase I, Jharmajri, Baddi, Solan, 173205 (H.P.)",01. ASSAY OF CEFIXIME TRIHYDRATE I.P. ?Less than prescribed limit.,SFDTL Uttarakhand,portal,2026-07_all_nsq.json,205
2026-07,state:SFDTL Uttarakhand,nsq,"Ferrous Assorbate, Folic Acid and Cyanocobalamin Suspension",18260226A,Jan-2026,Dec-2028,"Macleods Pharmaceuticals Ltd. Khasra No. 21, 22, 66, 67 & 68, Aho- Yangtam, Namchepung, P.O. Ranipool, Sikkim-737135",01. ASSAY OF FOLIC ACID I.P. ?Less than prescribed limit.,SFDTL Uttarakhand,portal,2026-07_all_nsq.json,206
2026-07,state:SFDTL Uttarakhand,nsq,Nimesulide & Paracetamol Tablets,Not Mentioned,,,"Euphoria India Pharmaceuticals, Plot No.145, HPSIDC, Ind. Area Baddi, Solan-173205 (H.P.).",MISBRANDED DRUGS.,SFDTL Uttarakhand,portal,2026-07_all_nsq.json,207
2026-07,state:SFDTL Uttarakhand,nsq,Amoxycillin &Potassium Clavulanate Tablets,Not Mentioned,,,"Astam Healthcare Pvt. Ltd., Vill. Thada, Teh. Nalagarh, Distt. Solan- 174101 (H.P.).",MISBRANDED DRUGS.,SFDTL Uttarakhand,portal,2026-07_all_nsq.json,208
2026-07,state:Chandigarh,nsq,ONEM Injection,70425008E,Nov-2025,Oct-2027,"Onxy Biotec Ltd. Unit-II Vill. Teliwala, P.O Manjhcli, Tehsil Nalagarh, Distt. Solan HP",pH,Chandigarh,portal,2026-07_all_nsq.json,209
2026-07,"state:DTL, Delhi",nsq,Pantoprazole Gastro-resistant and Domperidone Prolonged- released Capsules IP,25441645,May-2025,Apr-2027,"Alkem Health Science, Unit-2, Samardung, Karek Block, P.O.: Namthang District-Namchi, Sikkim-737137",TESTS FOR ASSAY (CONTENT) OF PANTOPRAZOLE & UNIFORMITY OF WEIGHT,"DTL, Delhi",portal,2026-07_all_nsq.json,210
2026-07,"state:DTL, Delhi",nsq,Pantoprazole Gastro-resistant Tablets IP,GD25214,Dec-2025,Nov-2027,"Skymap Pharmaceuticals Pvt. Ltd., B-3 Devbhoomi Industrial Estate, Puhana Iqbalpur Road, Roorkee-247667",TEST FOR DISSOLUTION,"DTL, Delhi",portal,2026-07_all_nsq.json,211
2026-07,"state:DTL, Delhi",nsq,"Oxytocin Injection IP 5IU/ml,",I-7881,Nov-2025,Oct-2027,"Jackson Laboratories Pvt. Ltd. 22-24, Majitha Road, Bye Pass, Amritsar ? 143 001 (India)",The sample failed in Identification test of Oxytocin,"DTL, Delhi",portal,2026-07_all_nsq.json,212
2026-07,"state:DTL, Delhi",nsq,BETAMETHASONE VALERATE AND NEOMYCIN SKIN CREAM,YW6K,Feb-2026,Jul-2027,"GlaxoSmithKline Pharmaceuticals Ltd., A-10, M.I.D.C., Ambad-Pathardi Block, Nashik 422 010 Regd. Office: Dr. Annie Besant Road, Worli, Mumbai 400 030",The Sample does not conform to claim with respect to the Assay of Neomycin Sulphate.,"DTL, Delhi",portal,2026-07_all_nsq.json,213
2026-07,"state:DTL,DALGATE SRINAGAR KASHMIR( J AND K)",nsq,Cefpodoxime Dispersible Tablets Nexopod -100DT,BL-033E25,May-2025,Apr-2027,"Austin Pharmaceuticals Ltd.(A GMP CERTIFIED COMPANY) E-40 ,industrail Focal Point,Derabassi-140507.","The sample fails in the test, Description","DTL,DALGATE SRINAGAR KASHMIR( J AND K)",portal,2026-07_all_nsq.json,214
2026-07,central,nsq,Colecalciferol Drops,26-XJFD-098,Apr-2026,Sep-2027,"Stedman Pharmceuticals Pvt.Ltd,C-4 SIDCO Pharmaceutical Complex, Alathur, Chengalpattu Dist C-4 SIDCO Pharmaceutical Complex, Alathur, Chengalpattu Dist , Tamilnadu",The sample does not conform to claim with respect to the test for Related substances.,"CDL, Kolkata",portal,2026-07_all_nsq.json,215
2026-07,central,nsq,Lactic Acid Bacillus Capsules,DY0225060,Nov-2025,Oct-2027,"Uni Medicolabs,Plot No. 21-22 Pharmac City Selaqui Dehradun 248011 Uttarakhand India",The sample does not conform to Manufacturer's specification with respect to test for Microbial Limit Test with regard to Total Yeast and Mold count,"CDL, Kolkata",portal,2026-07_all_nsq.json,216
2026-07,central,nsq,"Paracetamol, Phenylephrine HCL, Guaiphenesin, Cetirizine Hydrochloride & Ambroxol HCL Tablets",SBT-3351,Jul-2025,Jun-2027,"Supercure Biotech Pvt. Ltd.,Plot No. 99/4/1, Friends Colony, G.T. Road, Kundli, Haryana - 131028 (INDIA)",The sample is found to be Not of Standard Quality for the reason stated under Description.,"CDL, Kolkata",portal,2026-07_all_nsq.json,217
2026-07,central,nsq,Compound Sodium Lactate Injection I.P.,EE26A006,Jan-2026,Dec-2027,"Hindustan Polyfab,Plot No. 12, Ind. Area, Davni, Baddi, (HP) 173205",The sample does not conform to I.P. with respect to test for Sterility.,"CDL, Kolkata",portal,2026-07_all_nsq.json,218
2026-07,central,nsq,Tranexamic Acid Injection IP,TRI2502,Feb-2026,Jan-2028,"Blitz Pharmaceuticals Pvt. Ltd.,34, Industrial Area, Hathin 121103 HR",The sample does not conform to I.P. with respect to test for Particulate matter and is also not of standard quality for the reason stated under Description,"CDL, Kolkata",portal,2026-07_all_nsq.json,219
2026-07,central,nsq,"Iron, Folic Acid, Cyanocobalamin & Zinc Sulphate Syrup",BV616,Oct-2025,Mar-2027,"Biva Healthcare,R.O. R.K. Nagar-20 A.O.: Kanaulus Taluka, Lalpur, Dist Jamnagar, Gujrat-361280",The sample does not conform to claim as per Schedule V of Drugs and Cosmetics Rules 1945 with respect to Assay of Cyanocobalamin.,"CDL, Kolkata",portal,2026-07_all_nsq.json,220
2026-07,central,nsq,Amikacin Sulphate Injection IP 250mg/2ml,PVI25042,Dec-2025,Nov-2027,"Plica Vaccines Pvt. Ltd.,Khasra No. 46, G.T. Road, Chapraula, Gautam Buddha Nagar, U.P. 201009",The sample does not conform to I.P. with respect to test for Particulate matter and is also not of standard quality for the reason stated under Description.,"CDL, Kolkata",portal,2026-07_all_nsq.json,221
2026-07,central,nsq,"Amino Acids (10%w/v) Injection with Electrolytes, Dextrose Injection IP (15%w/v) and Intravenous Fat Emulsion with Medium & Long Chain Triglycerides (20% w/v) in a Triple Chamber Bag",5D250116,Apr-2025,Mar-2027,"Acculife Healthcare Pvt. Ltd.,Sachana, Gujarat 382150","The sample does not conform to claim with respect to Assay of L-Cysteine Hydrochloride Monohydrate, Sterility and Bacterial Endotoxin test of Infusion set.","CDL, Kolkata",portal,2026-07_all_nsq.json,222
2026-07,central,nsq,Cefuroxime Axetil & Potassium Clavulanate Tablets I.P.,CXCA25014E,Aug-2025,Jan-2027,"J.M Laboratories,Village-Bhanat, P.O-Ghatti, Subathu Road, Solan (HP)-173211",The sample does not conform to I.P. with respect to the tests of Dissolution and Assay of Cefuroxime and Clavulanic Acid.,"CDL, Kolkata",portal,2026-07_all_nsq.json,223
2026-07,central,nsq,Compound Sodium Lactate Injection IP,EE26A003,Jan-2026,Dec-2027,"Hindustan Polyfab,Plot No. 12, Ind. Area, Davni, Baddi, (HP) 173205",The sample does not conform to I.P. with respect to test for Sterility.,"CDL, Kolkata",portal,2026-07_all_nsq.json,224
2026-07,central,nsq,Promethazine Injection I.P. 2ml,HLI992M,Dec-2026,Nov-2027,"Himalaya Meditek Pvt. Ltd.Plot No. 35&36, Pharmacity, Selaqui Induatrial Area, Dehradun-248197",The sample does not conform to I.P with respect to test for 'Particulate matter' and is also not of standard quality for the reason stated under Description.,"CDL, Kolkata",portal,2026-07_all_nsq.json,225
2026-07,central,nsq,Rabeprazole Sodium Injection I.P. 20 mg/vial,MD24K17,Nov-2024,Oct-2026,"Martin & Brown Bio-Sciences Pvt. Ltd.,K.No. 918/419, Malkumajra, Nalagarh Road, Baddi, Dist.Solan (H.P.)-173205","The sample does not conform to I.P. with respect to the Description, pH, Clarity of solution, Particulate matter and Assay of Rabeprazole Sodium","CDL, Kolkata",portal,2026-07_all_nsq.json,226
2026-07,central,nsq,Ferric Carboxymaltose Injection 50 mg/ml,RC26003,Jan-2026,Dec-2027,"Maan Pharmaceuticals Ltd,Plot-1, G.I.D.C, Phase-II, Modhera Road, Mehsana-384002, Gujarat, INDIA",The sample does not conform to Manufacturer's specification with respect to test for Particulate matter and Bacterial endotoxins.,"CDL, Kolkata",portal,2026-07_all_nsq.json,227
2026-07,central,nsq,Buprenorphine Injection IP. 2ml,BUP324040,Dec-2024,Jul-2026,"Indus Pharma Pvt. Ltd.,A-181, RIICO, Ghiloth, Alwar, Rajasthan. Pin-301705 (India)",The sample does not conform to I.P. with respect to tests of Particulate matter and Assay of Buprenorphine.,"CDL, Kolkata",portal,2026-07_all_nsq.json,228
2026-07,central,nsq,Levodropropizine & Chlorpheniramine Maleate Syrup,FL5024,Jun-2025,May-2027,"Forgo Pharmaceuticals,27 DICIND Area Barotiwala, Teh Baddi, Distt. Solan (HP) 174103",The sample does not conform to Manufacturer's specification with respect to test for'pH and Assay of Chlorpheniramine Maleate.,"CDL, Kolkata",portal,2026-07_all_nsq.json,229
2026-07,central,nsq,"Vitamin A, Vitamin D3, Vitamin B1 and Niacinamide Tablets",CBT-0178,Sep-2025,Feb-2027,"Crossasia Biotech Pvt. Ltd.,Survey No. 488, A.B. Road, Girwai Industrial Area, Beldarpura, Gwalior- 474002 (M.P.)",The sample does not conform to Manufacturer's specification with respect to Assay of Vitamin A (Acetate) and Vitamin B1,"CDL, Kolkata",portal,2026-07_all_nsq.json,230
2026-07,central,nsq,Pantoprazole and Domperidone Tablets,T-241215,Dec-2024,Nov-2026,"Medirose Drugs And Pharmaceuticals,51 Industrial Area Phase III Sansarpur Terrace Distt. Khangra 176501 H.P.",The sample does not conform to claim with respect to above tests and The sample is not of standard quality for the reason stated under Description.,"CDL, Kolkata",portal,2026-07_all_nsq.json,231
2026-07,central,nsq,Alfacalcidol with Calcium Carbonate Capsules,CA-3160034,Jan-2026,Jun-2027,"Centurion Remedies Pvt. Ltd,G-5,6, B.I.D.C, Gorwa, Vadodara-390016",The sample does not conform to Manufacturer Specification with respect to the tests for Uniformity of weight and Assay of Alfacalcidol.,"CDL, Kolkata",portal,2026-07_all_nsq.json,232
2026-07,central,nsq,Chlorhexidine Mouthwash IP,WOR25041G,Dec-2025,Nov-2028,"Windlas Biotech Limited (Plant-2), Khasra No. 141 to 143 & 145, Mohabewala Indl. Area, Dehradun-248110 (U.K.)..",The sample does not conform to claim as per I.P. 2022 with respect of test for Assay of Chlorhexidine Gluconate.,"RDTL, Guwahati",portal,2026-07_all_nsq.json,233
2026-07,central,nsq,Folic Acid Tablets IP,F0L1T5010,Oct-2025,Sep-2027,"Acme Life Tech-LLP,Plot No. 103, 104, 105 - EPIP, Phase-1, Jharmajri, Baddi, Dist.: Solan, (H.P.) 173 205",The sample does not comply as per I.P. 2022 with respect to the test for Dissolution of Folic Acid.,"RDTL, Guwahati",portal,2026-07_all_nsq.json,234
2026-07,central,nsq,Folic Acid Tablets IP,SPT-41378,Nov-2025,Oct-2027,"Shervotec Pharmaceuticals,82/4 & 82/5 HPSIDC Baddi Dist Solan H.P. 173205",The sample does not comply as per I.P. 2022 with respect to the test for Dissolution of Folic acid.,"RDTL, Guwahati",portal,2026-07_all_nsq.json,235
2026-07,central,nsq,Buprenorphine 2 mg and Naloxone 0.5 mg Sublingual Tablets I.P.,25CT0314,Mar-2025,Feb-2027,"Consern Pharma Limited ,Focal Point, VPO Tibba, Distt. Ludhiana-141 120 (Pb.),",The sample is not of standard quality for the reason stated under Description of the tablets.,"RDTL, Guwahati",portal,2026-07_all_nsq.json,236
2026-07,central,nsq,Ibuprofen Tablets I.P. 400 mg,IBPT-1003,Jul-2024,Jun-2027,"Wings Biotech LLP,43 and 44, HPSIDC, Industrial Area, Baddi-173205 (H.P)",The sample does not comply as per I.P. 2022 with respect to the test for Dissolution of Ibuprofen.,"RDTL, Guwahati",portal,2026-07_all_nsq.json,237
2026-07,central,nsq,Amoxycillin & Potassium Clavulanate Tablets I.P.,HPT25002,Jun-2025,Nov-2026,"Hariom Pharmaceuticals,Plot No. 20, Ext. HPSIDC, Ind Area, Baddi, Distt. Solan (H.P.) 173205",The sample does not conform to claim as per I.P. 2022 with respect to the test for Assay and Dissolution of Amoxycillin and Clavulanic Acid.,"RDTL, Guwahati",portal,2026-07_all_nsq.json,238
2026-07,central,nsq,Handloom Rolled Bandages,024,Jan-2026,Dec-2027,"Kota Saree Avam Hath kargha Vastra Utpadak Kray-Vikray Sahakari Samiti Ltd.,Kota (Raj.)",The sample does not conform to claim as per Schedule F-(II) with respect to test for Fluorescence,"CDL, Kolkata",portal,2026-07_all_nsq.json,239
2026-07,central,spurious,Buprenorphine Injection I.P. 2ml,LM1888,Apr-2023,May-2029,Under Investigation | Under Investigation,"The product is purported to be spurious, however, the same is subject to outcome of investigation.","CDL, Kolkata",portal,2026-07_all_spurious.json,1
2026-08,"state:FDL, Vadodara",nsq,Chlorine Tablets,292,Jun-2026,Dec-2026,"Hind Pharma. 11-G, Industrial Area, Govindpura, Bhopal-462022. M.P. India",Description Available chlorine,"FDL, Vadodara",portal,2026-08_all_nsq.json,1
2026-08,"state:FDL, Vadodara",nsq,Montelukast sodium & Levocetirizine hydrochloride Tablets IP,VRNT-933,Mar-2025,Feb-2027,"Vrihaan Pharmaceuticals LLP. Plot no 17A, V2 House, Shreenathji ESTATE, Changodar. Ahmadabad 382213",Dissolution,"FDL, Vadodara",portal,2026-08_all_nsq.json,2
2026-08,state:DTL-Baddi,nsq,Calcium Carbonate with Vit. D3 Tablets IP,SNT-250038,Feb-2026,Jan-2028,"SVR Healthcare Vill. Barotiwala, Paonta Sahib, Distt Sirmaur",The sample does not conforms to claim as per IP 2022 in respect to the test of Dissolution of calcium and Assay of Vit.D3 Claim 250 i.u Found 179.15 IU,DTL-Baddi,portal,2026-08_all_nsq.json,3
2026-08,state:DTL-Baddi,nsq,Linezolid Tablets IP 600mg,TG261185,May-2026,Apr-2028,"Symbiosis Pharmaceuticals Pvt. Ltd., Suketi Road, Kala Amb-173030 (Sirmour) HP",The sample does not conform to claim as per IP 2022 in respect to the Test of Dissolution of Linezolid.,DTL-Baddi,portal,2026-08_all_nsq.json,4
2026-08,"state:SDTL, Jharkhand",nsq,Albendazole Tablets IP 400mg,ANE01AOB,Apr-2026,Mar-2028,"Pure & Cure Heatlhcare Pvt. Ltd. Plot No. 26A, 27-30 Sector 8A, I.I.E SIDCUL Ranipur, Haridwar-249403 UK",In respect of Uniformity of weight,"SDTL, Jharkhand",portal,2026-08_all_nsq.json,5
2026-08,"state:DTL, Bengaluru, Karnataka",nsq,Cefuroxime Axetil IP,CT503513C,Mar-2025,Feb-2027,"Nikvin Healthcare (I) Pvt. Ltd., Baddi-Barotiwala Road Govt. Timber Depot, Vill. Katha, Baddi (H.P)-173205",Description,"DTL, Bengaluru, Karnataka",portal,2026-08_all_nsq.json,6
2026-08,"state:DTL, Bengaluru, Karnataka",nsq,Sitagliptin Phosphate and Metformin Hydrochloride Tablets (Sitarise-M),TG242142,Dec-2024,Nov-2026,"Symbiosis Pharmaceuticals Pvt. Ltd. Suketi Road, Kala Amb-173030 (Sirmour) HP",Description and test for Uniformity of weight as per indian Pharmacopoeia,"DTL, Bengaluru, Karnataka",portal,2026-08_all_nsq.json,7
2026-08,"state:RDTL, Hubli, Karnataka",nsq,"Calcium, Vitamin D3, Methylcobalamin, L-Methylfolate Calcium & Pyridoxal-5-Phosphate Tablets",COA02AAA,May-2025,Apr-2027,"Akums Drugs & Pharmaceuticals Ltd., At: Plot No. 26A, 27-30, Sector-8A, I.I.E, SIDCUL, Ranipur, Haridwar Uttarakhand-249403",Assay for Vitamin D3,"RDTL, Hubli, Karnataka",portal,2026-08_all_nsq.json,8
2026-08,"state:RDTL, Hubli, Karnataka",nsq,Paracetamol and Tramadol Hydrochloride Tablets I.P,COS03AHA,Jun-2025,May-2027,"Pure and Cure Healthcare Pvt. Ltd., Plot No. 26A, 27-30, Sector-8A, I.I.E., SIDCUL, Ranipur, Haridwar, Uttarakhand",Assay for Tramadol Hydrochloride,"RDTL, Hubli, Karnataka",portal,2026-08_all_nsq.json,9
2026-08,"state:SFDTL, Uttarakhand",nsq,Disodium Hydrogen Citrate Solution,KBI26068C,Feb-2026,Jan-2029,"Stadmed Pvt. Ltd. C-18, Sarojni Nagar Industrial Estate Lucknow-226008.",Assay of Disodium Hydrogen Citrate B.P.,"SFDTL, Uttarakhand",portal,2026-08_all_nsq.json,10
2026-08,central,nsq,Sodium Chloride And Dextrose Injection I.P. (0.9% w/v & 5% w/v),P260553007,May-2026,Apr-2029,"Vision Parenteral Pvt. Ltd.,A-2-44,45 Sector- 15, GIDA Industrial Area Gorakhpur- 273209 (U.P.) India.",The sample does not conform to IP with respect to Extractable Volume.,"CDL, Kolkata",portal,2026-08_all_nsq.json,11
2026-08,central,nsq,Rolled Bandage,AE-RB6-10-2K25-03,Mar-2025,Feb-2028,"Arunachala Enterprises ,D.no. 23-4B/278 To 285, Vasavi Pharma Market Complex 4th Floor, Opp Ayyappa Swamy Temple, Gollapudi, Vijayawada 521225, AP",The sample does not conform to Schedule F(II) with respect to length.,"CDL, Kolkata",portal,2026-08_all_nsq.json,12
2026-08,central,nsq,Absorbent Cotton Wool IP,433,Nov-2023,Oct-2026,"Siva Sivani Surgical Cottons(P) Ltd. ,Fac: S.No. 11/3, Kovvur Road, Kakinada",The sample does not conform to I.P. with respect to Surface active substances and water soluble substances.,"CDL, Kolkata",portal,2026-08_all_nsq.json,13
2026-08,"state:SFDTL, Uttarakhand",nsq,Dextromethorphan Hydrobromide and Chlorpheniramine Maleate Cough Syrup,CPL60022,Jan-2026,Dec-2027,"HSN Biotech, Plot No 40, Sector 6A, Sidcul, Haridwar-249403 (U.K.).",Assay of Chlorpheniramine Maleate I.P.,"SFDTL, Uttarakhand",portal,2026-08_all_nsq.json,14
2026-08,"state:SFDTL, Uttarakhand",nsq,Oxytocin Injection I.P.,91707,Jun-2026,May-2028,"Neon Laboratories Ltd., Biosar Road Palghar -401404 M.S.",Assay of Oxytocin I.P.,"SFDTL, Uttarakhand",portal,2026-08_all_nsq.json,15
2026-08,"state:DTL, Chennai-06",nsq,Absorbent cotton IS 16468,COT06,Jan-2026,Dec-2027,"Raja Surgicals, 283/4, Rajapalayam Road, Chatrapatti - 626102.","Surface active substances, Neps , Sinking time , sulphated Ash","DTL, Chennai-06",portal,2026-08_all_nsq.json,16
2026-08,"state:DTL, Chennai-06",nsq,Absorbent Cotton Wool IP,568,Feb-2026,Jan-2029,"United Cotton, H-82/83, Riico Industrial Area, Phase-II, Bagru, Jaipur(Raj.) - 303007.",Neps Sulphated Ash,"DTL, Chennai-06",portal,2026-08_all_nsq.json,17
2026-08,"state:DTL, Chennai-06",nsq,Absorbent Cotton wool IP,2118,Oct-2025,Sep-2028,"Jind Surgicals, 24-27, HSIIDC Industrial Area, New Hansi Road, Jind-126102 (Haryana)","Description, Fluorescence, Neps Sulphated Ash","DTL, Chennai-06",portal,2026-08_all_nsq.json,18
2026-08,"state:DTL, Chennai-06",nsq,Absorbent Cotton wool IP 500gm (NOT STERILISED) 500g,3265,Jan-2026,Dec-2027,"SJD Surgicot Pvt. Ltd., Bhiwani Road, Jind-126102 (HR).","Water-holding capacity Fluorescence, Neps Water-soluble substances and Sulphated Ash","DTL, Chennai-06",portal,2026-08_all_nsq.json,19
2026-08,"state:DTL, Chennai-06",nsq,Absorbent Cotton Wool IP,R/0500/72,Mar-2025,Feb-2029,"Mohini Health & Hygiene Ltd.., Plot no. 109, Sector III, Industrial Area-Pithampur, Dist.Dhar(M.P)",Neps,"DTL, Chennai-06",portal,2026-08_all_nsq.json,20
2026-08,"state:DTL, Chennai-06",nsq,Absorbent Cotton Wool IP,3284,Mar-2026,Feb-2028,"SJD Surgicot Pvt Ltd., Bhiwani Road, Jind-126102(HR).","Water-holding capacity, Surface active substances, Fluorescence, Neps and Sulphated Ash","DTL, Chennai-06",portal,2026-08_all_nsq.json,21
2026-08,"state:DTL, Chennai-06",nsq,Absorbent Cotton Wool I.P. 500g,R/0500/274,Oct-2025,Sep-2029,"Mohini Health & Hygiene Ltd, Plot No. 109, Sector III, Industrial area - Pithampur, Dist. Dhar 454774 (M.P), India.",Neps,"DTL, Chennai-06",portal,2026-08_all_nsq.json,22
2026-08,"state:DTL, Chennai-06",nsq,Absorbent Cotton wool IP 500gm (NOT STERILISED) 500g,3263,Dec-2025,Nov-2027,"SJD Surgicot Pvt. Ltd., Biwani Road, Jind-126102 (HR).","Water-holding capacity fluorescence, Neps , water-soluble substances and Sulphated Ash .","DTL, Chennai-06",portal,2026-08_all_nsq.json,23
2026-08,"state:DTL, Chennai-06",nsq,Absorbent cotton Gauze IS 758,49,Dec-2025,Nov-2028,"Aanand Products, 4/3916, Vanniyapatti Road, Near Petrol Bunk, Mottamalai, Pudur Pillaiyarkulam - 626137, Virudhunagar, Tamilnadu","Mass, Length and Width","DTL, Chennai-06",portal,2026-08_all_nsq.json,24
2026-08,"state:DTL, Madurai-19",nsq,Vildagliptin Tablets IP 50 mg,VGT-509,Nov-2025,Oct-2027,"Healer's Lab Unit II, Plot No. 33, H.P.S.I.D.C, Extn.,Baddi, Distt.Solan (H.P)",Content- Viladagliptin,"DTL, Madurai-19",portal,2026-08_all_nsq.json,25
2026-08,"state:DTL, Chennai-06",nsq,Roller Guaze IS 758,38,Nov-2025,Oct-2028,"Rajalakshmi Medical Device, 8/137M1, New Street, Sankarapandiyapuram, Chatrapatti - 626102 (via) Rajapalayam, Virudhunagar District, Tamilnadu.","Length, width, freedom from optical whitener - does not conform to IS 758 specification","DTL, Chennai-06",portal,2026-08_all_nsq.json,26
2026-08,"state:SFDTL, Uttarakhand",nsq,Pantoprazole Sodium & Domperidone Capsules,SC-2085,Mar-2026,Feb-2028,"Sidhdeep Biotech (P) Ltd., Shyampur Road, Hapur-245101(U.P.)",Assay of Pantoprazole Sodium I.P. and Domperidone I.P.,"SFDTL, Uttarakhand",portal,2026-08_all_nsq.json,27
2026-08,state:LUCKNOW LAB,nsq,Betamethasone Tablets IP,T-25071,Nov-2025,Apr-2027,"Geson Pharma Pvt. Ltd. - G-17, Industrial Area, Sarojini Nagar, Lucknow",The sample does not conforms to IP in respect of Assay and Uniformity of content of Betamethasone.,LUCKNOW LAB,portal,2026-08_all_nsq.json,28
2026-08,state:LUCKNOW LAB,nsq,Esomeprazole Magnesium (EC) & Domperidone (SR) Capsules,AC26-0089A,Mar-2026,Feb-2028,"Algen Healthcare Ltd. - 134/2, Village-Khara Khari Sadhaura Road, Kala Amb, Distt. Sirmour (H.P.) 173030","The sample does not conform to declared formula, in respect of content of Esomeprazol",LUCKNOW LAB,portal,2026-08_all_nsq.json,29
2026-08,state:LUCKNOW LAB,nsq,Trypsin-Chymotrypsin Tablets,CFT26002ES,Feb-2026,Jan-2028,"East African (India) Overseas - 1 Pharmacity, Selaqui Dehradun, U.K. 248011","The sample does not conform to prescribed standard, in respect of Disintegration",LUCKNOW LAB,portal,2026-08_all_nsq.json,30
2026-08,state:LUCKNOW LAB,nsq,Tramadol Hydrochloride & Paracetamol Tablets IP,MT-1231,Nov-2025,Oct-2027,"Maxilla Medisciences Pvt. Ltd. - Plot No.-14,15,16, Express Industrial Park Gam-Oed, Near Pirana Gate Circle, S.P. Ring Road, Pirana, Ahmedabad-382425, Gujarat, India",The sample does not conform to IP in respect of Dissolution,LUCKNOW LAB,portal,2026-08_all_nsq.json,31
2026-08,state:LUCKNOW LAB,nsq,Cefpodoxime Proxetil Oral Suspension IP,DB25064,Sep-2025,Aug-2027,"Symbiosis Pharmaceuticals Pvt. Ltd. - At : C/o Ovation Remedies, Behind IIT Engg. College, Trilokpur Road, Kala Amb- 173030 (Sirmour) HP","The sample does not conforms to I.P., in respect of content of anhydrous Cefpodoxime",LUCKNOW LAB,portal,2026-08_all_nsq.json,32
2026-08,state:LUCKNOW LAB,nsq,"Aceclofenac, Paracetamol & Seratiopeptidase Tablets",DT-06456,Aug-2025,Jul-2027,"Dual Healthcare - Plot No. 34-35, Industrial Area, Trilokpur Road, Kala Amb, District- Sirmour, Himachal Pradesh - 173030","The sample does not conform to declared formula, in respect of Content of Paracetamol & Aceclofenac",LUCKNOW LAB,portal,2026-08_all_nsq.json,33
2026-08,state:LUCKNOW LAB,nsq,"Aceclofenac, Paracetamol & Seratiopeptidase Tablets",MDT-4635,Nov-2025,Oct-2027,"Mayasha Lifesciences - H.B. 86, Village - Bhatian, Nalagarh, Distt.- Solan (H.P.) 174101","The sample does not conform to declared formula, in respect of Content of Paracetamol & Aceclofenac",LUCKNOW LAB,portal,2026-08_all_nsq.json,34
2026-08,state:LUCKNOW LAB,nsq,Levetiracetam Tablets IP 500 mg,N2601077,Apr-2026,Mar-2029,"Intas Pharmaceuticals Ltd. - Samardung Road, Kabrey Block, Namthang Elaka, Sikkim-737132 India","The sample does not conform to IP, in respect of Dissolution",LUCKNOW LAB,portal,2026-08_all_nsq.json,35
2026-08,"state:DTL, Dalgated Srinagar Kashmir",nsq,Paracetamol Tablets Ip 500mg,RBT-2183,Dec-2025,Nov-2028,"Rockbrook Overseas Pvt.Ltd.DIC,Indl Estate Govindsar Kathua-184102.",The sample does not confom to IP 2022 requirements with respect to Dissolution Test,"DTL, Dalgated Srinagar Kashmir",portal,2026-08_all_nsq.json,36
2026-08,central,nsq,Choline Theophyllinate 50mg & Terbutaline Sulphate 1.25 mg Syrup,KPD-2502,Oct-2025,Sep-2027,"Aries Drugs Pvt. Ltd. ,Plot No.90, Sector-IIDC, IIE, SIDCUL, Pantnagar, Distt- U.S. Nagar, Uttarakhand-263153",The sample does not conform to Manufacturer's specification with respect to Assay of Terbutaline Sulphate.,"CDL, Kolkata",portal,2026-08_all_nsq.json,37
2026-08,central,nsq,Bupivacaine Hydrochloride In Dextrose Injection USP,BKBP02601,May-2026,Apr-2028,"Themis Medicare Ltd. ,11/12, Udyog Nagar, S. V. Road, Goregaon West, Mumbai PIN 400104. At: Gat No: 218, Near Katwad Fata, Village: Telegaon , Tal: Dindori, Nashik-422004",The sample does not conform to USP with respect to the test for pH and Bacterial Endotoxin.,"CDL, Kolkata",portal,2026-08_all_nsq.json,38
2026-08,central,nsq,"Calcitriol, Calcium Carbonate, Zinc, Magnesium, Vitamin K2-7, Methylcobalamin & L- Methyl Folate Soft Gelatin Capsules",CD-252145B,Oct-2025,Sep-2027,"Capsoft Healthcare Pvt. Ltd. ,Shed No.6, Khasra No.760-761, Khalsa Complex, Village Karuana, Sai Road, Baddi, Solan-173205 (H.P)","The sample does not conform to claim with respect to the Assay of Elemental Zinc, Methylcobalamin and L-Methylfolate.","CDL, Kolkata",portal,2026-08_all_nsq.json,39
2026-08,central,nsq,Dexamethasone Sodium Phosphate Injection IP,CHI-60004,Jan-2026,Dec-2027,"Cotec Healthcare Ltd. Kh. No. 593/1, Roorkee- Dehradun Highway, Kishanpur, Roorkee- 247667(Uttarakhand) India.",The sample does not conform to IP with respect to the tests for'Particulate matter and Assay of Dexamethasone Sodium Phosphate eq. to Dexamethasone Phosphate and is also not of standard quality for the reason stated under Description.,"CDL, Kolkata",portal,2026-08_all_nsq.json,40
2026-08,central,nsq,Azithromycin & Lactic Acid Bacillus Tablets,GT30389J,Dec-2025,Nov-2027,"J.M.Laboratories.,Village-Bhanat, PO - Ghatti, Subathu Road, Solan (HP) 173211",The sample does not conform to claim as per Schedule V of Drug and Cosmetics Act and Rules 1945 with respect to Assay of Lactic Acid Bacillus.,"CDL, Kolkata",portal,2026-08_all_nsq.json,41
2026-08,central,nsq,"Aceclofenac 100mg, Serratiopeptidase 15mg & Paracetamol 325mg Tablets",FND0725001BH,Jan-2025,Jun-2027,"Ipca Laboratories Ltd. ,393/394, Melli Jorethang Road, Gom Block, Bharikhola, South District, Sikkim 737 121","The sample does not conform to claim with respect to Identification and Assay/content of Aceclofenac, Paracetamol and Serratiopeptidase activity.","CDL, Kolkata",portal,2026-08_all_nsq.json,42
2026-08,central,nsq,Itraconazole Capsules IP 200 mg,02T65,Dec-2025,Nov-2027,"Kivi Labs Ltd. ,147-148, GIDC, Por-Ramangamdi, Dist. Baroda-391243, Gujarat.",The sample does not conform to I.P. with respect to the Dissolution test.,"CDL, Kolkata",portal,2026-08_all_nsq.json,43
2026-08,central,nsq,Rabeprazole Sodium Injection IP,MD25A16,Jan-2025,Dec-2026,"Martin & Brown Bio-Sciences Pvt. Ltd. ,K.No 918/419, Malkumajra, Nalagarh Road, Baddi, Distt. Solan (H.P.) 173205","The sample does not conform to I.P. with respect the tests of Description, Clarity of solution, Particulate matter, pH, Related substances and Assay of Rabeprazole Sodium.","CDL, Kolkata",portal,2026-08_all_nsq.json,44
2026-08,central,nsq,Bupivacaine Hydrochloride in Dextrose Injection USP 4ml,BD25G2,Aug-2025,Jul-2027,"Arco Lifesciences (I) Pvt. Ltd. ,C-86, M.I.D.C., Hingna, Nagpur-16",The sample does not conform to U.S.P. with respect to Assay of Dextrose Anhydrous,"CDL, Kolkata",portal,2026-08_all_nsq.json,45
2026-08,central,nsq,Amikacin Sulphate Injection IP,UGL-24375A,Oct-2024,Sep-2026,"Ultra Drugs Pvt. Ltd. ,Plot No. 1315-1318, VPO Manpura, Baddi-Nalagarh Road, Distt. Solan (H.P.) 174101.",The sample does not conform to I.P. with respect to test for ' Particulate Matter' and is also not of standard quality for the reason stated under Description,"CDL, Kolkata",portal,2026-08_all_nsq.json,46
2026-08,central,nsq,Itraconazole Capsules IP,AC-662H,Nov-2025,Oct-2027,"Azot Life Sciences,Vill. Chewa, P.O. Kumarhatti, Distt. Solan-173229 (H.P.)",The sample does not conform to I.P. with respect to test for Dissolution.,"CDL, Kolkata",portal,2026-08_all_nsq.json,47
2026-08,"state:SFDTL, Uttarakhand",nsq,Montelukast Sodium & Levocetirizine Hydrochloride Suspension,DL508027,Aug-2025,Jul-2027,"Renowed Life Sciences Plot No. 10,11, Sector-6B, IIE, Sidcul, Haridwar 249403 Uttarakhand (India)",Assay of Levocetirizine Hydrochloride .,"SFDTL, Uttarakhand",portal,2026-08_all_nsq.json,48
2026-08,"state:SFDTL, Uttarakhand",nsq,Montelukast & Levocetirizine Hydrochloride Syrup,PTKLA004,Nov-2025,Oct-2027,"Laborate Pharmaceuticals India Ltd (Unit II) 31, Rajban road, Nariwala, Paonta Sahib (HP)",Assay of Levocetirizine Hydrochloride,"SFDTL, Uttarakhand",portal,2026-08_all_nsq.json,49
2026-08,"state:SFDTL, Uttarakhand",nsq,Disodium Hydrogen Citrate Solution,KBI26030C,Feb-2026,Jan-2029,"Stadmed Pvt. Ltd. C-18, Sarojni Nagar Industrial Estate Lucknow-226008.",Assay of Disodium Hydrogen Citrate B.P.,"SFDTL, Uttarakhand",portal,2026-08_all_nsq.json,50
2026-08,"state:DTL, Delhi",nsq,Telmisartan 40 mg and Amlodipine 5mg tablets IP,18240554,Jul-2024,Jun-2027,"Glenmark Pharmaceuticals Ltd., Samlik Marchak, Industrial Growth Centre, Near Ranipool, Distt. Gangtok, Sikkim: 737135",Test For Assay (Content) Of Telmisartan,"DTL, Delhi",portal,2026-08_all_nsq.json,51
2026-08,"state:DTL, Delhi",nsq,Bupropion Hydrochloride Extended Release Tablets IP 150 mg,379AB04,Oct-2024,Sep-2026,"Sarv Pharmaceuticals, Plot No.-28, Sector-3A, IIE., SIDCUL, Haridwar-249403 Uttarakhand",Test For Description & Assay (Content) Of Bupropion Hydrochloride,"DTL, Delhi",portal,2026-08_all_nsq.json,52
2026-08,"state:DTL, Delhi",nsq,Sodium Bicarbonate Tablet USP 500 mg,T252024,Nov-2025,Oct-2027,"Ikon Pharmachem Pvt. Ltd., E-2, Sara Industrial Estate, Central Hope Town, Rampur, Selaqui, Dehradun-248197 (Uttarakhand)",Test For Assay (Content) Of Sodium Bicarbonate,"DTL, Delhi",portal,2026-08_all_nsq.json,53
2026-08,"state:DTL,Dalgated Srinagar Kashmir",nsq,"Levocetirizine Dihydrochloride,Montelukast Soidum & Ambroxol (SR)",ITH002,Aug-2025,Jul-2027,"Cis Life Care Pvt.Ltd.44-45,Indl.Area,Tahiwal Distt.Una(H.P)",The sample does not confom to IP 2022 requirements with respect to Uniformity of weight,"DTL,Dalgated Srinagar Kashmir",portal,2026-08_all_nsq.json,54
2026-08,"state:SDT&RL, Bhubaneswar",nsq,Paracetamol Pediatric Oral Suspension IP,SOLOT-027,Oct-2024,Sep-2026,"Strausswell Organics, VPO Bhud, Baddi, Dist. Solan, HP(173205)",Assay and Related Substances,"SDT&RL, Bhubaneswar",portal,2026-08_all_nsq.json,55
2026-08,central,nsq,Haloperidol Injection I.P.,HP404,May-2024,Apr-2027,"Tamman Titoe Pharma Pvt. Ltd. ,56-57, SIDCO Pharmaceuticals Complex, Alathur 603110, Tamilnadu",The sample does not comply as per I.P. 2022 with respect to the test for Sterility.,"RDTL, Guwahati",portal,2026-08_all_nsq.json,56
2026-08,central,nsq,Compound Sodium Lactate Injection I.P.,03BF2457,Mar-2024,Feb-2027,"Paschim Banga Pharmaceutical (A Unit Of Farista Vanijya Pvt. Ltd.),NH-31, Tin Mile Hat, Sonapur Hat, P.S.-Chopra, Dist Uttar Dinajpur, Pin 733 214 (W.B.)",The sample does not comply as per I.P. 2022 with respect to the test for Sterility and Particulate Contamination.,"RDTL, Guwahati",portal,2026-08_all_nsq.json,57
2026-08,central,nsq,Cefpodoxime Proxetil Dispersible Tablets,CT25005B,Jan-2025,Dec-2026,"Alps Communication Pvt. Ltd.,Village - Johron, Trilokpur Road, Kala Amb, Distt. Sirmour - 173 030, (H.P.) INDIA.",The sample is not of standard quality for the reason stated under Description of the tablets.,"RDTL, Guwahati",portal,2026-08_all_nsq.json,58
2026-08,central,nsq,Prednisolone Tablets IP,PRD2516,Dec-2025,Nov-2027,"Concord Drugs Ltd. ,Survey No.: 249,Brahmanapally , R.R. Dist., Telangana-501511",The sample is not of standard quality for the reason stated under Description of the tablets.,"RDTL, Guwahati",portal,2026-08_all_nsq.json,59
2026-08,central,nsq,Levocetirizine Hydrochloride and Montelukast Tablets,41046,Nov-2025,Oct-2027,"Ronak Life Care Pvt. Ltd. ,R.S. No. 41 (Part), At & Post Rajpur, Dist Patan-384265",The sample does not comply as per I.P. 2022 with respect to the test for Dissolution of Montelukast.,"RDTL, Guwahati",portal,2026-08_all_nsq.json,60
2026-08,central,nsq,"Dextromethorphan Hydrobromide Phenylephrine Hydrochloride and Chlorpheniramine Maleate Syrup,",JLJ2523,Oct-2025,Sep-2027,"Janveda Healthceutical Pvt. Ltd. ,26, Gopi Estate Changodar, Ahmedabad-382213 (Gujrat)",The sample does not conform to claim as per Patent and Proprietary in respect to the Assay of Phenylephrine Hydrochloride,"RDTL, Chandigarh",portal,2026-08_all_nsq.json,61
2026-08,central,nsq,Amoxicillin And Potassium Clavulanate Tablets IP,GBR1240,Jun-2026,May-2028,"Brooks Laboratories Ltd., At : Vill. Kishanpura, Nalagarh Road, Baddi, (H.P.) - 174 101.",The sample does not conform to claim as per IP 2022 in respect to the Test of Dissolution of Amoxycillin.,"RDTL, Chandigarh",portal,2026-08_all_nsq.json,62
2026-08,central,nsq,Rabeprazole Sodium Tablets IP 20 mg,N2600742,Mar-2026,Feb-2028,"Intas Pharmaceuticals Ltd.,Samardung Road, Kabrey Block, Namthang Elaka, South Sikkim-737132, INDIA.",The sample does not conform to claim as per IP 2022 and Addendum 2024 in respect to the Test of Dissolution (Buffer Stage).,"RDTL, Chandigarh",portal,2026-08_all_nsq.json,63
2026-08,central,nsq,Rabeprazole Sodium Gastro Resistant and Domperidone Prolonged Release Capsules,2604209,Apr-2026,Mar-2028,"Sai Sarvaa Biotech Pvt. Ltd.,Plot No. 8 & 9, Balaji Nagar, Pattanur, Auroville (Po), Vanur (TK), Villupuram (Dt.) Pin - 605 101.","The sample does not conform to claim as per Patent and Proprietary in respect to the Test of Dissolution of Domperidone (12th hours), Dissolution of Rabeprazole Sodium (buffer stage).","RDTL, Chandigarh",portal,2026-08_all_nsq.json,64
2026-08,central,nsq,Sodium Bicarbonate Tablets USP 1000 mg,T-2502219,Feb-2025,Jan-2027,"Rivpra Formulation Pvt. Ltd, Plot No. 8, Sector-6A, I.I.E., SIDCUL, Haridwar-249 403 (Uttarakhand), INDIA",The sample does not conform to claim as per USP 2025 in respect to the Test of Description.,"RDTL, Chandigarh",portal,2026-08_all_nsq.json,65
2026-08,"state:FDL, Vadodara",nsq,Chlorine Tablets,291,Jun-2026,Dec-2026,"Hind Pharma. 11-G, Industrial Area, Govindpura, Bhopal-462022. M.P. India",Description Available chlorine,"FDL, Vadodara",portal,2026-08_all_nsq.json,66
2026-08,central,nsq,Clopidogrel Tablets IP,BCGT25016,May-2025,Apr-2027,"Bactolac Formulation Pvt. Ltd.,Plot No. 70 (part) , TSIIC-IALA, Phase-I, Cherlapally Village, Kapra Mandal, Medchal-Malkajgiri District, Telangana-500051, INDIA",The sample does not conform to claim as per IP 2022 in respect to the Test of Dissolution,"RDTL, Chandigarh",portal,2026-08_all_nsq.json,67
2026-08,central,nsq,Salicylic Acid & Benzoic Acid Antiseptic Powder 150mg,4226D025,Apr-2026,Sep-2028,"Khushboo Beauty Care,Survey No. 69/4/2, Village Athal, Silvassa-396230, Dadra And Nagar Haveli","The sample received does not conform to Manufacturers specification with respect to the test for Microbial limit test, Total aerobic microbial count, Total combined yeasts and moulds count.","CDTL, Mumbai",portal,2026-08_all_nsq.json,68
2026-08,central,nsq,Glycopyrrolate Injection IP 0.2 mg/ml,I-7981,Dec-2025,Nov-2027,"Jackson Laboratories Pvt.Ltd. ,22-24, Majitha Road, Bye Pass, Amritsar-143 001(India)",The sample received does not conform to IP 2022 specification with respect to the test for sterility only,"CDTL, Hyderabad",portal,2026-08_all_nsq.json,69
2026-08,central,nsq,Losartan Potassium USP,LOP0110526II,May-2026,Apr-2031,"Synergene Active Ingredients Pvt. Ltd., Unit-II,,Plot No.59D, JNPC, Parawada (V), Parawada (M), Anakapalli-531021, A. P. India.",The sample does not conform to USP with respect to the test of Water Determination.,"CDTL, Indore",portal,2026-08_all_nsq.json,70
2026-08,central,nsq,Vildagliptin Tablets I.P. 50 mg,VFGT1214,Mar-2025,Feb-2027,"Unicure India Ltd. ,C-21, 22 & 23, Sector-3, Noida-201301, Distt. Gautam Budh Nagar (U.P)",The sample does not conform to I.P with respect to the test for Assay of Vildagliptin,"CDTL, Indore",portal,2026-08_all_nsq.json,71
2026-08,"state:SDTL, Andhra Pradesh",nsq,Diclofenac Potass um & Serratiopeptidase Tablets,25010040,Oct-2025,Nov-2027,"Aban Pharmaceuticals Plot No. 1018, Kerala, G.I.D.C., Bavla, Dist. Ahmedabad-382220.","The Sample does not confirm to the standards of Disintegration Test mentioned under General Requirements of IP as per Standards for Patent and Proprietary Medicines in Schedule-V of Drugs and Cosmetics Act, 1940 and Rules there under.","SDTL, Andhra Pradesh",portal,2026-08_all_nsq.json,72
2026-08,"state:SDTL, Andhra Pradesh",nsq,MELOGAIN P Injection Vet,GHL-1093,Jan-2026,Dec-2027,"Greycross Healthcare Vill. Jolan Kalan, Tehsil-Derabassi, Distt. SAS Nagar (PB).",The Sample does not comply with the Test for Assay of Meloxicam and Paracetamol as per the STP,"SDTL, Andhra Pradesh",portal,2026-08_all_nsq.json,73
2026-08,"state:SDTL, Andhra Pradesh",nsq,Pregabalin Sustained Release Tablets,VGT261113,Mar-2026,Feb-2028,"Vrindavan Global Plot No. 23-B & C, Ind. Area, Lodhimajra, Baddi, Distt. Solan (H.P) - 173 205",The Sample failed in Assay (i.e. Label Claim) of Pregabalin as mentioned under Standards 1940 and Rules for Patent there under.,"SDTL, Andhra Pradesh",portal,2026-08_all_nsq.json,74
2026-08,"state:SDTL, Andhra Pradesh",nsq,"Mecobalamin, Alpha Lipoic Acid, Pyridoxine HCI And Folic Acid Softgel Capsules",US-25119D,May-2025,Apr-2027,"Ultra Drugs Pvt Ltd (Unit-II) HS No 211, K. No.77/1, 78/1, Vill. Katha, Baddi, Distt. Solan (H.P) 173205.","The Sample failed in Identification Test and Assay (ie, Label Claim) of Pyridoxine HCI and Folic Acid and also in Assay (i.e. Label Claim) of Alpha Lipoic Acid as mentioned under Standards for Patent and Proprietary Medicines in Schedule-V of Drugs and Cosmetics Act, 1940 and Rules there under.","SDTL, Andhra Pradesh",portal,2026-08_all_nsq.json,75
2026-08,"state:SDTL, Guwhati, Assam",nsq,Azithromycin Tablets IP 500 mg,2408001232,Oct-2024,Sep-2026,"Alembic Pharmaceuticals Ltd., Samardung Basti, Karek Block, Namthang Ilaka,Namchi, Sikkim-737126",The sample does not conform to I.P. w.r.to the tests for Identification and Assay,"SDTL, Guwhati, Assam",portal,2026-08_all_nsq.json,76
2026-08,"state:SDTL, Guwhati, Assam",nsq,Paracetamol Tablets IP 500 mg,PCTJ26004,Mar-2026,Feb-2028,"Vivek Pharmaceuticals Pvt. Ltd., EPIP, Bari-Brahmana, Jammu-181133 (J&K) INDIA",The sample does not conform to I.P. w.r.to the tests for Dissolution,"SDTL, Guwhati, Assam",portal,2026-08_all_nsq.json,77
2026-08,"state:SDTL, Guwhati, Assam",nsq,Cefixime Tablets IP,25460922,May-2025,Apr-2027,"Alkem Health Science, A Unit of Alkem Laboratories Limited, Unit-3, Samardung, Karek Block, P.O. Namthang, District Namchi, Sikkim-737137",The sample does not conform to I.P. w.r.to the tests for Dissolution and Assay,"SDTL, Guwhati, Assam",portal,2026-08_all_nsq.json,78
2026-08,"state:SDTL, Guwhati, Assam",nsq,Paracetamol Tablets IP 650 mg,T60093,Mar-2026,Feb-2028,"Zenith Drugs Limited, 72/5 & 72/3, 72/4, 74/1/1, 75/1/1, Muradpura (Orangpura), Dhar Road, Near Kalaria, Indore-453001 (MP), India",The sample does not conform to I.P. w.r.to the tests for Dissolution,"SDTL, Guwhati, Assam",portal,2026-08_all_nsq.json,79
2026-08,"state:SDTL, Raipur",nsq,Rabeprazole Gastro-resistant Tablets IP,TG25-1583L,Sep-2025,Aug-2027,"Athens Life Sciences, Mauza Rampur, Jattan, Nahan Road, Kala Amb, Dist.- Sirmour H.P. -173030",Assay and Dissolution,"SDTL, Raipur",portal,2026-08_all_nsq.json,80
2026-08,"state:FDL, Vadodara",nsq,Zinc Sulphate Dispersible Tablets IP 20mg,3C0152,Feb-2026,Jan-2028,"Deep Pharma, Unit-2, Survey No. 293/3, Behind Jalaram Mandir, Kalikund-Kheda Road, Dholka-382225. Dist.- Ahmedabad.",Description,"FDL, Vadodara",portal,2026-08_all_nsq.json,81
2026-08,"state:RDTL, Hubli, Karnataka",nsq,Meropenem for Injection IP 1gm,M24114F,Oct-2024,Sep-2026,"Rica Enterprises, Vill. Khari Mauza Ogli, Kala Amb, Distt. Sirmour 173030 (H.P)",Tests for Clarity of solution and Particulate Matter,"RDTL, Hubli, Karnataka",portal,2026-08_all_nsq.json,82
2026-08,"state:DTL, Bengaluru, Karnataka",nsq,Cefpodoxime Proxetil Tablets IP (MOONPOD-200 TABLETS),MYS-25020,May-2025,Apr-2027,"Supermax Laboratories, Plot No. 40, Pharmacity, Selaqui Industrial Area, Dehradun-248011",Description,"DTL, Bengaluru, Karnataka",portal,2026-08_all_nsq.json,83
2026-08,"state:DTL, Bengaluru, Karnataka",nsq,Amoxycillin Dispersible Tablets IP 250mg,SBT-25033,Aug-2025,Jul-2027,"Spectrum Formulation Pvt. Ltd., Khasra No. 12, Makhanpur, Bhagwanpur, Roorkee, Haridwar (U.K) 247661",Test for Uniformity of Weight,"DTL, Bengaluru, Karnataka",portal,2026-08_all_nsq.json,84
2026-08,"state:RDTL, Hubli, Karnataka",nsq,"Kojic Acid Dipalmitate, Vitamin E & Glycerin Soap",HS-1787,Dec-2024,Nov-2026,"D R Skincare, Uppli Road, Sangrur, Punjab-148001 (India)",Assay for Vitamin E Acetate only,"RDTL, Hubli, Karnataka",portal,2026-08_all_nsq.json,85
2026-08,"state:RDTL, Bellary, Karnataka",nsq,"Aluminium Hydroxide, Magnesium Hydroxide and Oxetacaine Suspension",SP25755,Aug-2025,Jul-2027,"Seejar Pharmaceuticals, Plot No.5, Survey No. 198, PAIKI-1/PAIKI-2/PAIKI-1, B/H CCL Factory, NR, Gokuldham Godown, Budasan, TA, Kadi Dist. Mehsana 382715",Assay for Oxetacaine,"RDTL, Bellary, Karnataka",portal,2026-08_all_nsq.json,86
2026-08,"state:RDTL, Hubli, Karnataka",nsq,Loperamide Hydrochloride Tablets I.P,IGT-0484,Nov-2024,Oct-2027,"IG Pharma Ltd., 12, 4KM, Meerut Road, Roorkee, Distt, Haridwar UK",Description,"RDTL, Hubli, Karnataka",portal,2026-08_all_nsq.json,87
2026-08,"state:RDTL, Hubli, Karnataka",nsq,Metoclopramide Hydrochloride Tablets I.P. 10 mg,GD1225008AS,Aug-2025,Jul-2028,"Ipca Laboratories Ltd., 393/394, Melli Jorethang Road, Gom Block Bharikola, South District, Sikkim",Assay for Metoclopramide Hydrochloride,"RDTL, Hubli, Karnataka",portal,2026-08_all_nsq.json,88
2026-08,"state:DTL, Bengaluru, Karnataka",nsq,Folic Acid Tablets IP 5 mg,FTV25002,Mar-2025,Feb-2027,"Danish Health Care (P) Ltd., 76/27-28, Industrial Estate, Maxi Road, Ujjain-456010 India",Description,"DTL, Bengaluru, Karnataka",portal,2026-08_all_nsq.json,89
2026-08,"state:RDTL, Bellary, Karnataka",nsq,Itraconazole Capsules 200 mg,MEX-055,Feb-2026,Jan-2028,"Manja Pharmaceuticals Pvt. Ltd., Navghar Road, Vasai-East, 401202 (MS)",Dissolution,"RDTL, Bellary, Karnataka",portal,2026-08_all_nsq.json,90
2026-08,"state:RDTL, Hubli, Karnataka",nsq,Itraconazole Capsules 100 mg,MEX-042,Dec-2025,Nov-2027,"Manja Pharmaceuticals Pvt. Ltd., Navghar Road, Vasai-East, 401202 (MS)",Test for Dissolution,"RDTL, Hubli, Karnataka",portal,2026-08_all_nsq.json,91
2026-08,"state:DTL, Bengaluru, Karnataka",nsq,Aspirin Gastro-resistant and Atorvastatin Capsules IP (75 mg/10 mg),AAC5066,Aug-2025,Jul-2027,"Vivimed Labs Limited., D-125 & 128, Phase III, I.D.A. Jeedimelta, Medchal, Malkajgiri (Dist) Telangana State-500055",Test for Dissolution of Aspirin and Atorvastatin,"DTL, Bengaluru, Karnataka",portal,2026-08_all_nsq.json,92
2026-08,"state:DTL, Bengaluru, Karnataka",nsq,Ofloxacin Tablets IP,MT-25C15,Mar-2025,Feb-2027,"Martin & Brown Bio-Sciences Pvt. Ltd., K.No-918/419, Malkumajra, Nalgarh Road, Baddi, Distt. Solan (H.P) 173205",Test for Uniformity of Weight,"DTL, Bengaluru, Karnataka",portal,2026-08_all_nsq.json,93
2026-08,"state:RDTL, Hubli, Karnataka",nsq,Ferrous Ascorbate & Folic Acid Tablets IP,T-250352,Jul-2025,Jun-2027,"Daffohils Laboratoies Pvt. Ltd., F-109-110, UPSIDC, Industrial Area, Selaqui, Dehradun, U.K, 248011",Assay for elemental Iron only,"RDTL, Hubli, Karnataka",portal,2026-08_all_nsq.json,94
2026-08,"state:RDTL, Bellary, Karnataka",nsq,Aceclofenac & Paracetamol Tablets,T-22573,Sep-2025,Aug-2028,"Jakson Laboratories Pvt. Ltd., Plot No. 56 & 61, Industrial Area, Phase-III, Sansarpur Terrace, Dist. Kangra (H.P)-176501",Description,"RDTL, Bellary, Karnataka",portal,2026-08_all_nsq.json,95
2026-08,"state:RDTL, Bellary, Karnataka",nsq,Ofloxacin & Ornidazole Tablets IP,AT24/817,Jan-2025,Dec-2026,"Accuwell Medics Pvt. Ltd., Survey No.414, Ashwamegh Ind. Estate, Changodar, Ahmedabad-382213, (Guj), India","Test for Uniformity of Weight of Tablets, Assay for Ofloxacin and Test for Dissolution of Ofloxacin and Ornidazole","RDTL, Bellary, Karnataka",portal,2026-08_all_nsq.json,96
2026-08,"state:DTL, Bengaluru, Karnataka",nsq,Paracetamol Tablets I.P.650 mg,GTD0070,Jan-2025,Dec-2027,"Tidal Laboratories Pvt. Ltd., Patch-5, Phase-II, Gowaithai, Distt. Bilaspur-174201 (H.P) India",Test for Dissolution,"DTL, Bengaluru, Karnataka",portal,2026-08_all_nsq.json,97
2026-08,"state:RDTL, Hubli, Karnataka",nsq,Ketoconazole 1% Medicated Soap,JSM25-0276,Aug-2025,Jul-2027,"Jaisanshu Medicare Pvt. Ltd., Khasra No.32 Shiv Ganga Industrial Estate, Roorkee Distt Haridwar (Uttarakhand) India",Assay,"RDTL, Hubli, Karnataka",portal,2026-08_all_nsq.json,98
2026-08,"state:DTL, Bengaluru, Karnataka",nsq,TICSOP Medicated Soap,SA-052502,May-2025,Apr-2027,"East African (India) Oversease, Plot No. 8, Pharmacity, Selaqul, Dehradun-248011 (U.K)",Assay for Permethrin,"DTL, Bengaluru, Karnataka",portal,2026-08_all_nsq.json,99
2026-08,"state:DTL, Bengaluru, Karnataka",nsq,"Meloxicam, Paracetamol & Serratiopeptidase Bolus",ZSBA2519,Aug-2025,Jul-2027,"Acme Life Tech-LLP, Plot No.103, 104, 105-EPIP, Phase-1, Jharmajri, Baddi Dist. Solan (H.P) 173205",Description,"DTL, Bengaluru, Karnataka",portal,2026-08_all_nsq.json,100
2026-08,"state:DTL, Bengaluru, Karnataka",nsq,Compound Sodium Lactate Injection IP RL,KI056158,May-2026,Apr-2029,"Ultra Laboratories Pvt. Ltd., Plot No.102-B & 102-B (P-1), Pharmaceutical SEZ, KIADB Industrial Estate, Hassan, Karnataka-573201",Test for Bacterial Endotoxins only,"DTL, Bengaluru, Karnataka",portal,2026-08_all_nsq.json,101
2026-08,"state:RDTL, EKM",nsq,Loperamide Hydrochloride Tablets IP 2 mg,SBT3269,Jul-2025,Jun-2027,"Supercure Biotech Pvt.Ltd, Plot No.99/4/1, Friends Colony, G.T Road, Kundli, Haryana-131028",Dissolution and Assay of Loperamide Hydrochloride,"RDTL, EKM",portal,2026-08_all_nsq.json,102
2026-08,"state:RDTL, EKM",nsq,Diclofenac Sodium Tablets IP 50 mg,DG5027,Feb-2025,Jan-2027,"Kerala State Drugs and Pharmaceuticals Ltd, Kalavoor.P.O., Alappuzha, Kerala-688522",Sample does not conform to IP standards with respect to the test Dissolution and also shows category B defect of tablets (Capping) as described under DCC Guidelines on NSQ Drugs,"RDTL, EKM",portal,2026-08_all_nsq.json,103
2026-08,"state:RDTL, EKM",nsq,Folic Acid Tablets IP 0.4 mg,F01TE055,Oct-2024,Sep-2027,"Unicure India Ltd., Plot No.46 (B)/49B, Vill.Raipur, Bhagwanpur, Roorkee, Distt. Haridwar, Uttarakhand",The particular batch of sample fails in Descriptive part and tests Dissolution and Assay of Folic acid,"RDTL, EKM",portal,2026-08_all_nsq.json,104
2026-08,"state:DTL, Thrissur",nsq,Montelukast Tablets IP 10 mg,T251209,Dec-2025,Nov-2027,"Micron Pharmaceuticals, 2117, A2. Phase III, GIDC, Vapi 396195",The sample does not conform to IP standards with respect to the test Dissolution,"DTL, Thrissur",portal,2026-08_all_nsq.json,105
2026-08,"state:DTL, Thrissur",nsq,Paracetamol Tablets IP 500 mg,PAK-758,Jul-2024,Jun-2027,"Healer's Lab Unit II, Plot No. 33, H.P.S.I.D.C, Extn.,Baddi, Distt.Solan (H.P)",The sample does not conform to IP standards with respect to the test Dissolution,"DTL, Thrissur",portal,2026-08_all_nsq.json,106
2026-08,"state:RDTL, EKM",nsq,Telmisartan Tablets IP 40 mg,493TTF024,Aug-2025,Jul-2027,"Swiss Garnier Life Sciences, No. 21-23, Industrial Area, Mehatpur, Distt.Una, Himachal Pradesh-174315",The sample does not conform to IP standards with respect to the test Dissolution,"RDTL, EKM",portal,2026-08_all_nsq.json,107
2026-08,"state:RDTL, EKM",nsq,Telmisartan Tablets IP 40 mg,493TTF026,Nov-2025,Oct-2027,"Swiss Garnier Life Sciences, No. 21-23, Industrial Area, Mehatpur, Distt.Una, Himachal Pradesh-174315",The sample does not conform to IP standards with respect to the test Dissolution.,"RDTL, EKM",portal,2026-08_all_nsq.json,108
2026-08,"state:DTL, Thrissur",nsq,Telmisartan Tablets IP 40 mg,TM5145,Sep-2025,Aug-2027,"Kerala State Drugs and Pharmaceuticals Ltd, Kalavoor.P.O., Alappuzha, Kerala-688522",The sample does not conform to IP standards with respect to Description.,"DTL, Thrissur",portal,2026-08_all_nsq.json,109
2026-08,"state:DTL, Thrissur",nsq,Calcium and Vitamin D3 Tablets IP (500 mg +250 IU),CUTC-224,Dec-2025,Nov-2027,"Nestor Pharmaceuticals Ltd., 11, western Extension Area, Faridabad-121001",The sample does not conform to IP standards with respect to the test Dissolution,"DTL, Thrissur",portal,2026-08_all_nsq.json,110
2026-08,"state:DTL, Thrissur",nsq,Telmisartan Tablets IP 40 mg,TM 5139,Sep-2025,Aug-2027,"Kerala State Drugs and Pharmaceuticals Ltd, Kalavoor.P.O., Alappuzha, Kerala-688522",The sample does not conform to IP standards with respect to Description.,"DTL, Thrissur",portal,2026-08_all_nsq.json,111
2026-08,"state:DTL, Thrissur",nsq,Paracetamol Tablets IP 500 mg,PAK-584,Nov-2023,Oct-2026,"Healer's Lab Unit II, Plot No. 33, H.P.S.I.D.C, Extn.,Baddi, Distt.Solan (H.P)",The sample does not conform to IP standards with respect to the test Dissolution. The sample shows category B defects of tablets (presence of dark brown colour spots) as described under DCC Guidelines on NSQ Drugs approved in 1993.,"DTL, Thrissur",portal,2026-08_all_nsq.json,112
2026-08,"state:DTL, Thrissur",nsq,Paracetamol Tablets IP 500 mg,PAK-637,Feb-2024,Jan-2027,"Healer's Lab Unit II, Plot No. 33, H.P.S.I.D.C, Extn.,Baddi, Distt.Solan (H.P)",The sample does not conform to IP standards with respect to the test Dissolution. The sample shows category B defects of tablets (presence of dark brown colour spots) as described under DCC Guidelines on NSQ Drugs approved in 1993.,"DTL, Thrissur",portal,2026-08_all_nsq.json,113
2026-08,"state:RDTL, EKM",nsq,Cyclophosphamide Tablets IP 50 mg Cycloxan,CWC1006,Mar-2026,Feb-2028,"Zydus Life Sciences Limited, At. Block No. 426, Bavla- Bagodara Highway, Village- Bavla, Dist. Ahmedabad-382220",The sample does not conform to IP standards. It fails the test Dissolution and Assay,"RDTL, EKM",portal,2026-08_all_nsq.json,114
2026-08,"state:RDTL, EKM",nsq,Calcium and Vitamin D3 Tablets IP (500 mg +250 IU)(Calcium 500 mg & Vitamin D3 250 IU),CUTC-39,Jun-2025,May-2027,"Nestor Pharmaceuticals Ltd., 11, western Extension Area, Faridabad-121001",The sample does not conform to IP standards. It fails the test Dissolution.,"RDTL, EKM",portal,2026-08_all_nsq.json,115
2026-08,"state:RDTL, EKM",nsq,"Sodium Alginate , Sodium Bicarbonate & Calcium Carbonate Chewable Tablets",CSH01AAB,Feb-2026,Jan-2028,"Akums Drugs & Pharmaceuticals Ltd, At. Plot No. 26A, 27-30, Sector-8A, I.I.E, SIDCUL, Ranipur, Haridwar-249403, Uttarakhand","Sample does not conform to Schedule V of Drugs Rules 1945 with respect to the test, Assay of Sodium Alginate","RDTL, EKM",portal,2026-08_all_nsq.json,116
2026-08,"state:DTL, Thrissur",nsq,Sodium Bicarbonate Tablets IP 500 mg,T-2603386,Mar-2026,Feb-2028,"Rivpra Formulation Pvt.Ltd., Plot No. 8, sector-6A, I.I.E, SIDCUL, Haridwar-249 403 ( UK),",The sample does not conform to the IP standards with respect to the test Disintegration,"DTL, Thrissur",portal,2026-08_all_nsq.json,117
2026-08,"state:DTL, Thrissur",nsq,Paracetamol Tablets IP 500 mg,PAK-636,Feb-2024,Jan-2027,"Healer's Lab Unit II, Plot No. 33, H.P.S.I.D.C, Extn.,Baddi, Distt.Solan (H.P)",The sample does not conform to the IP standards with respect to the test Dissolution. The sample shows category B defects of tablets (Presence of spots) as described under DCC Guidelines on NSQ Drugs approved in 1993,"DTL, Thrissur",portal,2026-08_all_nsq.json,118
2026-08,"state:DTL , TVPM",nsq,"Enalmet-5, Enalapril Maleate Tablets IP 5 mg",VDT-250294,Mar-2025,Feb-2027,"Vidhyasha Pharmaceuticals, 28, Industrial Area, Johron, Trilokpur Road, Kala Amb, Distt. Sirmour-173 030, Himachal Pradesh.",The sample does not conform to the IP standards. It fails the tests Dissolution and Assay as per IP,"DTL , TVPM",portal,2026-08_all_nsq.json,119
2026-08,"state:DTL, Konni",nsq,Omeprazole Capsules IP,GF 20033,Mar-2025,Feb-2027,"Finecure Pharmaceuticals Ltd., PF-5 & 6, Sanand Industrial Estate-II,GIDC,Sanand, District Ahmedabad",The sample does not conform to the IP standards. It fails the tests Dissolution mentioned in the laboratory protocol,"DTL, Konni",portal,2026-08_all_nsq.json,120
2026-08,state:DTL Jabalpur (M.P.),nsq,Mefenaic acid and paracetamol Suspension,0l25038,Jan-2025,Dec-2026,Devbhoomi Pharma Roorkee Dist. Haridwar (U.K.),Suspension does not dispose uniformely on shaking,DTL Jabalpur (M.P.),portal,2026-08_all_nsq.json,121
2026-08,state:DTL Jabalpur (M.P.),nsq,Nimesulide and paracetamol Tablets,SPT-39912,Apr-2025,Mar-2027,"Shervotech Pharmaceuticals, Plot No. 82/4 & 82/5 HPSIDC Baddi Dist. Solan H.P.",Mottled appeareance,DTL Jabalpur (M.P.),portal,2026-08_all_nsq.json,122
2026-08,state:DTL Jabalpur (M.P.),nsq,Mefnetra-DS Suspension,S2503039A,Mar-2025,Feb-2027,"Unispeed Pharmaceuticals Pvt. Ltd. 445/2, Behind Wrigley;s. Vill. Katha, Baddi, Distt. Solan (H.P.)",Suspension does not dispose uniformely on shaking,DTL Jabalpur (M.P.),portal,2026-08_all_nsq.json,123
2026-08,state:DTL Jabalpur (M.P.),nsq,MEFROX SPAS-DS Suspension,DLS3672,Jan-2025,Dec-2026,Dhawanilife care Pvt. Ltd. Plot no. C-20/2 (C-39) & C-20/3 (C-40) Arvind Mega Park Village Chacharwadi Vasna Ahemdabad Gujrat,Suspension does not dispose uniformely on shaking,DTL Jabalpur (M.P.),portal,2026-08_all_nsq.json,124
2026-08,state:DTL Jabalpur (M.P.),nsq,Pyrimef DS Suspension,APDS-25002,Mar-2025,Feb-2027,"Shiva biogenetic Pharmaceuticals Pvt. Ltd. Village Manpura, Baddi Dist. Solan (H.P.)",Suspension does not dispose uniformely on shaking,DTL Jabalpur (M.P.),portal,2026-08_all_nsq.json,125
2026-08,state:DTL Bhopal,nsq,Amoxycillin and potassium Clavunate Tablets Ip,BMT-25079,Aug-2025,Jul-2027,"Mancare Laboratories Pvt. Ltd. (Unit III) , D-7 UPSIDC Industrial Area, Selaqui, Dehradun 248011 Uttarakhand",Description,DTL Bhopal,portal,2026-08_all_nsq.json,126
2026-08,"state:FDAL, Mumbai",nsq,Pantprazole Gastro Resistant Tablet IP 40mg,075T113,Jul-2025,Jun-2027,"Mamta Pharmaceuticals, 537, GIDC, Waghodia Dist. Baroda, 391760",The sample does not comply with IP requirements for the Dissolution -B test for Pantprazole,"FDAL, Mumbai",portal,2026-08_all_nsq.json,127
2026-08,"state:FDAL, Mumbai",nsq,Rabeprazole Sodium & Domperidone Tablets,SPT-41856,Jan-2026,Dec-2027,"Shervotec Pharmaceuticals, Plot No. 82/4 & 82/5, HPSIDC, Baddi, Dist-Solan, 173205",The sample does not comply with IP requirements fo the Disintegrarion Test for Enteric Coated Tablets,"FDAL, Mumbai",portal,2026-08_all_nsq.json,128
2026-08,"state:FDAL, Mumbai",nsq,Metronidazole Tablets IP 400mg,IT6050,Feb-2026,Jan-2029,"Inducare Pharmaceutical and Research Foundatiion, G-32, Jejuri MIDC, Tal-Purandar, Dist. Pune Maharashtra Jejuri-412303","1.The Content of Metronidazole in the Sample is less (i.e. 32.44% of stated Amount) the I.P. Limits. (I.P. Limit: Not less than 90% and not more than 110% of stated Amount). 2. The Sample does not Comply with IP requirements for the Dissolution Test. The Sample is declared as Misbranded Vide Rule 96: Section 17(c) of the Drugs and Cosmetics Act 1940 and Rules 1945, as Manufacturer has stated, 1.Tablets are film Coated but, the Tablets are found uncoated. 2. Each Film Coated Tablet contains: Metronidazole Tablets IP 400 mg, Instead of Metronidazole IP400 mg.","FDAL, Mumbai",portal,2026-08_all_nsq.json,129
2026-08,"state:SDTL, Punjab",nsq,Azithromycin Oral Suspension IP 100mg/5ml,AZS1401,May-2026,Apr-2028,"Unicure India Ltd., C-21, 22, & 23, Sector-3, Noida- 201301 Gautam Budh Nagar (U.P).",The content of Azithromycin I.P. eq to Anhydrous Azithromycin found to be 80.34 mg per 5 ml (80.34%) against label claim of 100 mg per 5 ml,"SDTL, Punjab",portal,2026-08_all_nsq.json,130
2026-08,"state:FDAL, Mumbai",nsq,Metronidazole Tablets IP 200mg,IT6151,Feb-2026,Jan-2029,"Inducare Pharmaceutical and Research Foundatiion, G-32, Jejuri MIDC, Tal-Purandar, Dist. Pune Maharashtra Jejuri-412303","1. Content of Metronidazole in the Sample is less (i.e. 52.75% of stated Amount) than the I.P. Limits. (I.P. Limit: Not less than 90% and not more than 110% of stated Amount). 2.The Sample does not Comply with IP requirements for the Dissolution Test. The Sample is declared as Misbranded Vide Rule 96: Section 17(c) of the Drugs and Cosmetics Act 1940 and Rules 1945, as Manufacturer has stated, The Tablets are film Coated but, the Tablets are found uncoated.","FDAL, Mumbai",portal,2026-08_all_nsq.json,131
2026-08,"state:FDAL, Mumbai",nsq,Iron and Folic Acid IP (Large),TCW25029AL,Nov-2025,Oct-2027,"Hindustan Laboratories Ltd. Plot No. 5-9,1, Survey No. 38/2, Aliyal , Palghar(W) Dsit-Palghar, 401404",The Content of Folic Acid in the Sample is less (i.e.62.36% of stated Amount) than the I.P. Limit. (I.P. Limit- Not less than 90% of the stated Amount),"FDAL, Mumbai",portal,2026-08_all_nsq.json,132
2026-08,"state:FDAL, Mumbai",nsq,Pantoprazole Gastro-Resistant Tablets IP 40mg,APT-241290,Jan-2025,Dec-2026,"Abod Pharmaceutical, Plot No. 18-C, Khasra No. 150-151, IP-4, Begumpur, Bahadrabad-Haridwar-249402",The Sample does not Comply with IP requirements for the Dissolution-B Test.,"FDAL, Mumbai",portal,2026-08_all_nsq.json,133
2026-08,"state:FDAL, Mumbai",nsq,Indansetron Tablets IP,ONS124,Feb-2026,Jan-2029,"Vikas Pharmaceutical Laboratoires , Ram Mandir Estate, Ram Mandir Road, Goregaon, East, Mumbai-63",The Sample does not Comply with IP Requirements for the Dissolution Test.,"FDAL, Mumbai",portal,2026-08_all_nsq.json,134
2026-08,"state:FDAL, Mumbai",nsq,Enteric Coateed Rabeprazoel Sodium & Domperidone Sustained Release Capsules (20mg+30mg),RBZ25065,Aug-2025,Jul-2027,"Tirupati Medicare Ltd. Nahan Road, Paonta Sahib Dist. Sirmour, 173025",The Content of Rabeprazole Sodium in the Sample is less (i.e. 57.65% of Stated Amount) than Schedule V Limit.,"FDAL, Mumbai",portal,2026-08_all_nsq.json,135
2026-08,"state:FDAL, Mumbai",nsq,Rosuvastatin Tablets IP 5mg,IT04501,Jul-2025,Jun-2025,"Inducare Pharmaceutical and Research Foundatiion, G-32, Jejuri MIDC, Tal-Purandar, Dist. Pune Maharashtra Jejuri-412303","The sample does not comply with IP requirements for the dissolution test, The Sample is Declared As Misbranded Vide Rule 96 Section 17(b) and 127, of Drugs And Cosmetics Act, 1940 And Rules 1945, as the Manufacturer does not stated name of the Colour used, in the Composition of Sample, on the Sample blisters and carton and Mfg. Date is not mentioned on the Sample Blisters","FDAL, Mumbai",portal,2026-08_all_nsq.json,136
2026-08,"state:FDAL, Mumbai",nsq,Domperidone Tablets IP 10mg,IT14501,Sep-2025,Aug-2028,"Inducare Pharmaceutical and Research Foundatiion, G-32, Jejuri MIDC, Tal-Purandar, Dist. Pune Maharashtra Jejuri-412303","The Sample Does Not Comply With IP requirements for the Dissolution test. The Sample is Declared As Misbranded Vide Rule 96 Section 17(b) and (c), of Drugs And Cosmetics Act, 1940 And Rules 1945, as the Manufacturing details about Mfg. Date and Exp. Date mentioned on Sample Carton and Sample Strips are different. Also Manufacturer mentioned name of Active Ingredients as Domperidone instead of Domperidone Maleate Equivalent to Domperidone.","FDAL, Mumbai",portal,2026-08_all_nsq.json,137
2026-08,"state:FDAL, Mumbai",nsq,Itraconazole Capsule 200mg,B23225009,Oct-2025,Sep-2027,"Torque Pharmaceuticals Pvt. Ltd. 13B-14, EPIP-1, Jharmajri, HP Jharmajri, 173205","The Sample Does Not Comply with IP requirements for the Dissolution test,The Sample is Declared As Misbranded Vide Rule 96 and Section 17(b) of Drugs And Cosmetics Act, 1940 And Rules 1945, as the Manufacturer does not stated IP on Sample Carton and Blister.","FDAL, Mumbai",portal,2026-08_all_nsq.json,138
2026-08,"state:SDT&RL, Bhubaneswar",nsq,Cefixime Oral Suspension I.P.,CEXD-1074,Jun-2025,Nov-2026,"WINGS BIOTECH LLP, 43 & 44, HPSIDC, Industrial Area, Baddi-173205 (H.P)",Content for Anhydrous Cefixime,"SDT&RL, Bhubaneswar",portal,2026-08_all_nsq.json,139
2026-08,"state:SDT&RL, Bhubaneswar",nsq,Enteric Coated Rabeprazole Sodium & Domperiodne Sustained Release Capluses,PC-40473,Oct-2024,Sep-2026,"Pharmaroots Healthcare, Khasra No. 411, Village Tipra, PO-Barotiwala, Tehsil baddi, Dist-Solan, HP",Content for Rabeprazole Sodium & Dissolution for Rabeprazole sodium & Domperidone,"SDT&RL, Bhubaneswar",portal,2026-08_all_nsq.json,140
2026-08,"state:SDT&RL, Bhubaneswar",nsq,Fungal Diastase Papain,WHL-02335,Apr-2025,Mar-2027,"Warner Hindustan Pvt. Ltd., 24-85/7, Sy. No.548 & 551, Laxminarayan Nagar Colony, New IDA, Uppal, Hyderbad-39(TS)",Alpha amylase activity,"SDT&RL, Bhubaneswar",portal,2026-08_all_nsq.json,141
2026-08,"state:SDTL, Punjab",nsq,Calcium and Vitamin D3 Tablets IP (NIL),CH26T309,Jun-2026,Nov-2027,"Cureza Healthcare Pvt Ltd., Survey No. 63/1, 67/1, Village-Solsinda, Tehsil-Sanwer, District-Indore, (M.P.) 453551",Dissolution Test (Three out of six units even at Stage I less than Q-25 i.e 45%),"SDTL, Punjab",portal,2026-08_all_nsq.json,142
2026-08,"state:SDTL, Punjab",nsq,Ibuprofen Tablets I.P 400mg,IBBT1401,Apr-2026,Mar-2028,"UNICURE INDIA LTD., C-21, 22, & 23, Sector-3, Noida- 201301 Gautam Budh Nagar (U.P).",Dissolution Test: (Four out of Six units at stage I are less than Q-25% i.e less than 50%),"SDTL, Punjab",portal,2026-08_all_nsq.json,143
2026-08,"state:SDTL, Punjab",nsq,Oral Rehydration Salts IP,4092,Jun-2026,May-2028,"Super Formulations Pvt. Ltd., 16-B & 15-F, Industrial Area, Maxi Road, Ujjain (M.P.)-456010",Average Net Weight,"SDTL, Punjab",portal,2026-08_all_nsq.json,144
2026-08,"state:SDTL, Punjab",nsq,DEC-Plus,T2604049,Apr-2026,Mar-2028,"Oscar Remedies Pvt. Ltd.., Oscar House, Badi Majra, Yamuna Nagar-135001 (HR)",The content of Etoricoxib found to be 51.94 mg per tablet against labelled claim of 60 mg per tablet.,"SDTL, Punjab",portal,2026-08_all_nsq.json,145
2026-08,"state:SDTL, Punjab",nsq,Calcium and Vitamin D3 Tablets IP,CH26T364,Jun-2026,Nov-2027,"Cureza Healthcare Pvt Ltd., Survey No. 63/1, 67/1, Village-Solsinda, Tehsil-Sanwer, District-Indore, (M.P.) 453551",Uniformity of Weight,"SDTL, Punjab",portal,2026-08_all_nsq.json,146
2026-08,"state:DTL, Jaipur",nsq,Misoprostol Tablets I.P. 200 mcg,6132,Jun-2025,May-2027,"Healthy Life Pharma Pvt. Ltd., Factory : N-31/1, M.I.D.C., Tarapur, Boisar, Dist. Palghar-401506",The sample does not conforms to the IP with respect to Assay.,"DTL, Jaipur",portal,2026-08_all_nsq.json,147
2026-08,"state:DTL, Jaipur",nsq,B-Complex Tablets NFI,T-9006,Feb-2026,Jan-2028,"Jackson Laboratories Pvt. Ltd., 22-24, Majitha Road, Bye Pass, Amritsar-143001 (India)","The sample does not conforms to the claim with respect to Assay of Vitamin B1(Nil), Calcium-D-Pantothenate (Nil) and Description it show physical instability in the form of cracking & mottling","DTL, Jaipur",portal,2026-08_all_nsq.json,148
2026-08,"state:DTL, Jaipur",nsq,Calcium & Vitamin D3 Tablets IP (AVCAL D3),SPT260796B,Apr-2026,Mar-2028,"Salus Pharmaceuticals, 480/211, Harraipur, PO Gurumajra, Teh. Baddi, Distt. Solan (H.P.) 173205",The sample does not conforms to the IP with respect to Assay of Vitamin D3,"DTL, Jaipur",portal,2026-08_all_nsq.json,149
2026-08,"state:DTL, Jaipur",nsq,Telmisartan & Amlodipine Tablets IP (Telsa A),"GTF2327C,",Oct-2025,Sep-2027,"Digital Vision, 176, Mauza Ogli, Nahan Road, Kala-Amb, Distt. Sirmour (H.P.)-173030",The sample does not conforms to the IP with respect to Assay of Amlodipine Besilate Eq. to Amlodipine,"DTL, Jaipur",portal,2026-08_all_nsq.json,150
2026-08,"state:DTL, Bikaner",nsq,Bilastine Tablets 20 mg,II502,Apr-2025,Mar-2027,"KLM Laboratories Pvt. Ltd., Plot No. 381, Horizon Industrial Park, Near Bamangam, Ta. Karjan, Vadodara-391243.",The sample does not conforms to the I.P. with respect to Dissolution Test,"DTL, Bikaner",portal,2026-08_all_nsq.json,151
2026-08,"state:DTL, Jaipur",nsq,Amoxycillin & Potassium Clavulanate Tablets IP (MOXIPILTM ? CV625,AEX35031,Sep-2025,Feb-2027,"PIL Pharmaceuticals Limited, Plot No. 71 & 72, Sector-6A, IIE, SIDCUL, Haridwar-249403, (Uttarakhand) India",The sample does not conforms to the IP with respect to Assay of Potassium Clavulanate Diluted eq. to Clavulanic Acid.,"DTL, Jaipur",portal,2026-08_all_nsq.json,152
2026-08,"state:DTL, Jaipur",nsq,Calcium Carbonate and Vitamin D3 Tablets IP (CALCIGAT),"GBT26241,",Jun-2026,Nov-2027,"Gats Biotech Pvt. Ltd., 121, Silver Soil Industrial Park, Gram Anantpura-303704.",The sample does not conforms to the IP with respect to Assay of Vitamin D3 and Colour.,"DTL, Jaipur",portal,2026-08_all_nsq.json,153
2026-08,"state:DTL, Jaipur",nsq,Ofloxacin & Ornidazole Tablets IP (Ofcy-OZ),GT500155A,Apr-2025,Mar-2028,"Gnosis Pharmaceuticals Pvt. Ltd., Nahan Road, Village, Moginand, Kala Amb, Kala Amb, Distt. Sirmour, H.P. -173030.",The sample does not conforms to the IP with respect to Description as it show physical instability in the form of mottling.,"DTL, Jaipur",portal,2026-08_all_nsq.json,154
2026-08,"state:DTL, Jaipur",nsq,Ondansetron Injection IP,26ERB36,Feb-2026,Jan-2028,"SVP LIFE SCIENCES, Sector-C 10/1, Sara Industrial Estate, Rampur, Selaqui, Dehradun (U.K.)-248197 Marketed by : CLANTIS div. OF Sencare Life Sciences, SCF-5, Third Floor, Agromall, Sector 20, Panchkula, Haryana.",The sample does not conforms to the IP with respect to Sterility.,"DTL, Jaipur",portal,2026-08_all_nsq.json,155
2026-08,"state:DTL, Jaipur",nsq,Dexamethasone Sodium Phosphate Injection IP,V250519,May-2025,Apr-2027,"Oscar Remedies Pvt. Ltd.., Oscar House, Badi Majra, Yamunanagar-135001 (HR)",The sample does not conforms to the IP with respect to Sterility and Free Dexamethasone.,"DTL, Jaipur",portal,2026-08_all_nsq.json,156
2026-08,"state:DTL, Jaipur",nsq,BUPIVACAINE HYDROCHLORIDE IN DEXTROSE INJECTION USP (Bupicain- HEAVY),BKBP O2601,May-2026,Apr-2028,"Themis Medicare Limited, At : Gat No.: 218, Near Katwad Fata, Village: Talegaon, Tal.-Dindori Nashik-722004.",The sample does not conforms to the USP with respect to Bacterial Endotoxin.,"DTL, Jaipur",portal,2026-08_all_nsq.json,157
2026-08,"state:DTL, Madurai-19",nsq,Salbutamol Sulphate Tablets IP 4mg,SST25006,Sep-2025,Aug-2027,"Danish Health care (P) Ltd., 76/27-29, Industrial Estate, Maxi Road, Ujjain-456010, India.",Content of Salbutamol in Sulphate Salbutamol,"DTL, Madurai-19",portal,2026-08_all_nsq.json,158
2026-08,"state:DTL, Chennai-06",nsq,Co-Trimoxazole oral Suspension IP,585,Aug-2025,May-2027,"Pharmssan, 1/25-1, Mallampatthu Road, Vayaloor Main Road, Tiruchirapalli - 102.",Content - Trimethoprim and Sulphamethoxazole,"DTL, Chennai-06",portal,2026-08_all_nsq.json,159
2026-08,"state:DTL, Chennai-06",nsq,"Rosuvastatin, Clopidogrel & Aspirin Capsules",LC26A044H,Jan-2026,Jun-2027,"Lifecare Neuro Products Limited, 70/1, Dharampur, Nr. Epip Phase - II, Baddi 173205, Himachal Pradesh.",Free Salicylic Acid,"DTL, Chennai-06",portal,2026-08_all_nsq.json,160
2026-08,"state:DTL, Madurai-19",nsq,Sucralate & Oxetacaine suspension,BGL250915,Sep-2025,Aug-2027,"Bestcare Formulation Pvt, Ltd.,Plot No. B-15 & 16, Pipdic Electronic Park, Thirubhuvanai, Puducherry- 605 107",Content - Oxetacaine,"DTL, Madurai-19",portal,2026-08_all_nsq.json,161
2026-08,"state:DTL, Chennai-06",nsq,"Diclofenac Diethylamine, Methyl Salicylate, Menthol & Linseed oil Gel",M006,Aug-2025,Jul-2027,"Elegant Cosmed Pvt. Ltd., Plot No. 32 & 33, GIDC, Kuvadva, 360023, Gujarat.",Content - Diclofenac Diethylamine,"DTL, Chennai-06",portal,2026-08_all_nsq.json,162
2026-08,"state:King Institute of Preventive Medicine & Research, Guindy, Chennai-32",nsq,Propofol Injection I.P 1%w/v-10ml.,V25248,Sep-2025,Aug-2027,"Vital Healthcare Pvt. Ltd works, Plot no. H-10,H-10/1, MIDC, Satpur, Nashik-422 007.",BET,"King Institute of Preventive Medicine & Research, Guindy, Chennai-32",portal,2026-08_all_nsq.json,163
2026-08,"state:King Institute of Preventive Medicine & Research, Guindy, Chennai-32",nsq,Dexamethasone Injection IP 4mg/ml-2ml,592519,Jul-2025,Jun-2027,"Zazen Pharma Pvt. Ltd., Plot No.7&8, Off N.H.No.8, Vasai Phata, Vasai (E), Dist. Phalgar, Pin-401208, Maharastra.",Assay,"King Institute of Preventive Medicine & Research, Guindy, Chennai-32",portal,2026-08_all_nsq.json,164
2026-08,"state:DTL, Chennai-06",nsq,"Ambroxol Hydrochloride, levosalbutamol sulphate and Guaiphenesin Syrup",BL-299,Feb-2026,Jan-2028,"Bonn Stering Bio Science LLP, Plot No.64 &65, Electronic Park, Thirubuvanai, Mannadipet Commune, Puducherry, 605107.",Content - Ambroxol Hydrochloride,"DTL, Chennai-06",portal,2026-08_all_nsq.json,165
2026-08,"state:DTL, Chennai-06",nsq,"Levosalbutamol Sulphate, Ambroxol Hydrochloride Guaiphenesin Syrup",NBVL-07,Aug-2025,Jul-2027,"NTK PHARMAA, 7/136, Kudrathur Main Road, Kovoor, Chennai, 600128.",Content - Levosalbutamol in Levosalbutamol Sulphate,"DTL, Chennai-06",portal,2026-08_all_nsq.json,166
2026-08,"state:DTL, Chennai-06",nsq,"Tryspin, Bromelain & Rutoside Trihydrate Dispersible Tablets",NHD26176B,Feb-2026,Jan-2028,"Nest Healthcare Private Limited, Plot No. 300, G.I.D.C., Odhav, Ahmedabad-382415 ( Gujarat), India.",Uniformity of Dispersion,"DTL, Chennai-06",portal,2026-08_all_nsq.json,167
2026-08,"state:DTL, Madurai-19",nsq,"Guaiphenesin, Ambroxol Hydrochloride, Menthol and Terbutline Sulphate Syrup",L260424,Apr-2026,Mar-2028,"SGS Formulation Pvt Ltd., S-111, SIDCO Industrial Estate, Kakkalur - 602003. Thiruvallur (Dist), Tamil Nadu. India.",Content of Ambroxol Hydrochloride and Terbutline Sulphate,"DTL, Madurai-19",portal,2026-08_all_nsq.json,168
2026-08,"state:DTL, Madurai-19",nsq,"Diclofenac Diethylamine, Virgin Linseed oil, Menthol & Methyl Salicylate, Capsaicin Gel",25438,Feb-2026,Jan-2028,"Terrace Pharmaceuticals (P) Ltd., 3-B(a) Phase-III, Industrial Area, Sansarpur Terrace, Distt. Kangra (H.P)- 176501.",Content of Diclofenac Diethylamine,"DTL, Madurai-19",portal,2026-08_all_nsq.json,169
2026-08,"state:DTL, Chennai-06",nsq,"Levosalbutamol, Ambroxol Hydrochloride, Guaiphenesin & Menthol Syrup",BL25-049A,May-2025,Apr-2027,"Biocore Pharmaceuticals, Plot No. 8-C . D.I.C. Indi. Area, Lodhimajra, Baddi, Distt. Solan (HP), 173205.",Content - Levosalbutamol in Levosalbutamol Sulphate and Ambroxol Hydrochloride,"DTL, Chennai-06",portal,2026-08_all_nsq.json,170
2026-08,"state:King Institute of Preventive Medicine & Research, Guindy, Chennai-32",nsq,Ivermectin Injection I.P.- 1ml,CL1613,Jan-2026,Dec-2028,"Crescent labs Pvt Ltd, Plot No. 508/2, Near lasundra bus stand, Vadodara savli road, Tundav, Tal. Savli, Vadodara, Gujarat - 391 775.",Assay,"King Institute of Preventive Medicine & Research, Guindy, Chennai-32",portal,2026-08_all_nsq.json,171
2026-08,"state:King Institute of Preventive Medicine & Research, Guindy, Chennai-32",nsq,Dexamethasone Injection IP-2ml,TDDUI-005,Oct-2025,Sep-2027,"Laborate pharmaceuticals India Ltd, 51, Indl. Area, Paonta Sahib (H.P)",Assay,"King Institute of Preventive Medicine & Research, Guindy, Chennai-32",portal,2026-08_all_nsq.json,172
2026-08,"state:King Institute of Preventive Medicine & Research, Guindy, Chennai-32",nsq,Midazolam injection I.P-1mg-5ml,MZ-2514,Jul-2025,Jun-2027,"Vindas Chemical Industries (P) Ltd. Plot No.65, Sector-1, Indl Area, Pitampur - 454775. Dist. Dhar (M.P)",pH and Assay,"King Institute of Preventive Medicine & Research, Guindy, Chennai-32",portal,2026-08_all_nsq.json,173
2026-08,"state:DTL, Chennai-06",nsq,"Ambroxol Hydrochloride, Terbutaline Sulphate, Guaiphenesin and menthol syrup",AMS26D059,Mar-2026,Feb-2028,"Alop Medi-Sciences Pvt Ltd., Shamti, Solan-173212. H.P",Content of Terbutaline Sulphate,"DTL, Chennai-06",portal,2026-08_all_nsq.json,174
2026-08,"state:DTL, Chennai-06",nsq,Clopidogrel Tablets IP 75mg,CPT-508,Jan-2026,Dec-2027,"Healer's Lab Unit II, Plot No. 33, H.P.S.I.D.C, Extn.,Baddi, Distt.Solan (H.P)",Description,"DTL, Chennai-06",portal,2026-08_all_nsq.json,175
2026-08,"state:DTL, Chennai-06",nsq,Clotrimazole Lotion IP,G003,Jul-2026,Jun-2028,"Karlin Pharmaceuticals & Exports Private Limited, Plot No. 15, S F No 227, SIDCO Industrial Estate, Thirumudivakkam, Kundrathur Taluk, Kancheepuram District, Tamilnadu, 600044.",pH,"DTL, Chennai-06",portal,2026-08_all_nsq.json,176
2026-08,"state:DTL, Chennai-06",nsq,Glimepiride Tablets IP 1mg,M25799027,Oct-2025,Sep-2027,"Dr. Miltons Laboratories Private Limited, R.S.No.135/6, sanyasikuppum Village, Thirubuvanai (Post), Mannadipet Commune, Puducherry, 605107",Dissolution,"DTL, Chennai-06",portal,2026-08_all_nsq.json,177
2026-08,"state:King Institute of Preventive Medicine & Research, Guindy, Chennai-32",nsq,Dexamethasone Sodium Phosphate Injection I.P -2ml,CHI-60027,Jan-2026,Dec-2027,"Cotec Healthcare Ltd., Kh. No. 593/1, Roorkee-Dehradun Highway, Kishanpur Roorkee - 247667 Uttarakhand, India.",BET,"King Institute of Preventive Medicine & Research, Guindy, Chennai-32",portal,2026-08_all_nsq.json,178
2026-08,"state:King Institute of Preventive Medicine & Research, Guindy, Chennai-32",nsq,Dexamethasone Injection I.P -2ml,CDDUI-008,Dec-2025,Nov-2027,"Laborate pharmaceuticals India Ltd, 51, Indl. Area, Paonta Sahib (H.P)",Assay,"King Institute of Preventive Medicine & Research, Guindy, Chennai-32",portal,2026-08_all_nsq.json,179
2026-08,"state:DTL, Chennai-06",nsq,"Liquid Paraffin, Milk of Magnesia and sodium Picosulfate Oral Emulsion",85LLX015,Jun-2025,May-2027,"Swiss Garnier Life Sciences, 21-23, Industrial Area, Mehatpur, Dist. Una, Himachal Pradesh, India - 174 315",General requirements,"DTL, Chennai-06",portal,2026-08_all_nsq.json,180
2026-08,"state:DTL, Chennai-06",nsq,Povidone - Iodine &Sucralfate oinment,090,Jan-2026,Dec-2027,"Plus Formulations, Plot No. 50, Sector -8A, IIE, Sidcul, Haridwar, Uttarakhand, 249403.",Content - Available Iodine in povidone iodine,"DTL, Chennai-06",portal,2026-08_all_nsq.json,181
2026-08,"state:DTL, Chennai-06",nsq,Atorvastatin Tablets IP 10mg,AT26036,Mar-2026,Aug-2027,"Eurokem Laboratories Pvt Ltd, C-25, SIDCO Pharmceutical Complex, Alathur, Thiruporur -603110.",Dissolution,"DTL, Chennai-06",portal,2026-08_all_nsq.json,182
2026-08,"state:DTL, Chennai-06",nsq,"Bromhexine, Terbutaline and Guaiphenesin Mentholated Syrup",SL254444,Feb-2026,Jan-2028,"Star Filteration Systems, Rampur Jattan, Trilokpur Road, Kala-Amb, Tehsil nahan, District Sirmour (HP), 173030.",Content - Terbutaline Sulphate,"DTL, Chennai-06",portal,2026-08_all_nsq.json,183
2026-08,"state:DTL, Chennai-06",nsq,Clopidogrel Tablets IP 75mg,T26B106,Feb-2026,Jan-2028,"Dr. ARS (India) Labs Pvt Ltd., No. 311-B 1st & 2nd Floor, Kabir Nagar Main Road, Masthanpatti, Madurai, Tamilnadu, 625020.",Content & Dissolution,"DTL, Chennai-06",portal,2026-08_all_nsq.json,184
2026-08,"state:State Lab, DCL, Telangana",nsq,Telmisartan 40 mg tablets I.P.,DEMT-250831B,Apr-2025,Mar-2027,"Dr.Edwin Medilabs Pvt. Ltd.plot no. B-29,industrial area, focal point chanalon, kurali, sas nagar - 140103(pb). Punjab.",Sample Does not meets the Specifications wrt. Uniformity of weight as per IP,"State Lab, DCL, Telangana",portal,2026-08_all_nsq.json,185
2026-08,"state:State Lab, DCL, Telangana",nsq,"Ambroxol Hcl, Terbutaline Sulphate, Guaiphenesin & Menthol Syrup I.P.",LXR25-1,May-2025,Apr-2027,"Leostar Healthcare Pvt Ltd Plot No.10, Biotech Park, Phase-Iii, Genome Valley, Karkapatla, Telangana-502 281 Telangana.","Sample Does not comply Description, Assay for Ambroxol Hydrochloride","State Lab, DCL, Telangana",portal,2026-08_all_nsq.json,186
2026-08,"state:State Lab, DCL, Telangana",nsq,"Cyanocobalamin, Calcium Pantothenate, Gabapentin, Pyridoxine Hcl & Folic Acid Tablets",SGB.2504,Dec-2025,Nov-2027,"Gothic pharmaceuticals pvt. Ltd plot no: 68, cherlapally, ida phase-ii, hyderabad -51. Telangana.",Sample Does not meets the Specifications Wrt. Assay of Gabapentin,"State Lab, DCL, Telangana",portal,2026-08_all_nsq.json,187
2026-08,"state:State Lab, DCL, Telangana",nsq,Amoxycillin 500 Mg Capsules I.P.,GH25HC-4A,Aug-2025,Jul-2027,Glivert healthcare llp vill. Rania-209304 Uttar Pradesh.,In the compostion the label should be mentioned as Amoxycillin IP. But the label is mentioned as only Amoxycillin. Hence it is misbranded drug as per section 17 of Drugs and Cosmetics Act 1940.,"State Lab, DCL, Telangana",portal,2026-08_all_nsq.json,188
2026-08,"state:SDTL, Agartala, Govt. of Tripura",nsq,Paracetamol Tablets IP,PPETL009,Oct-2025,Sep-2028,"Laborate Pharmaceuticals India Ltd.,31, Rajban Road, Nariwala, Paonta Sahib (H.P.)",The sample does not conform to standard quality in respect of the test for Dissolution performed.,"SDTL, Agartala, Govt. of Tripura",portal,2026-08_all_nsq.json,189
2026-08,"state:SDTL, Agartala, Govt. of Tripura",nsq,Ibuprofen & Paracetamol Tablets IP,KFM-2502,Sep-2025,Aug-2028,"Askon Health Care, 11-B, Industrial Area, Maxi Road, Ujjain - 456010, M.P.",The sample does not conform to standard quality in respect of the test for Description performed.,"SDTL, Agartala, Govt. of Tripura",portal,2026-08_all_nsq.json,190
2026-08,state:GORAKHPUR LAB,nsq,Paroxetin Tablets IP 10 mg,T-4714,Mar-2025,Feb-2027,"Jackson Laboratories Pvt. Ltd. - 22-24, Majitha Road, Bypass, Amritsar- 143001 (India)",The sample does not conform to IP in respect of Assay (content of Paroxetin),GORAKHPUR LAB,portal,2026-08_all_nsq.json,191
2026-08,state:GORAKHPUR LAB,nsq,Rabeprazole Sodium (EC) & Domperidone (SR) Capsules,PGC25-377E,Nov-2025,Oct-2027,"Plena Remedies, - Plot No.-17, Industrial Area, (Himuda) Bhatoli Kalan Baddi, Distt. Solan (HP)-173205",The sample does not conform to declared formula in respect of content of Rabeprazole Sodium,GORAKHPUR LAB,portal,2026-08_all_nsq.json,192
2026-08,state:VARANASI LAB,nsq,Amoxicillin & Potassium Clavulanate Tablets,GNT-4081C,Jun-2025,May-2027,"Geenac Pharma, - Plot No.-582, Raipur, Bhagwanpur, Roorkee, Uttarakhand-247667","The sample does not conform to declared formula in respect of Identity test for Amoxicillin & Clavulanic Acid, Hence, Spurious",VARANASI LAB,portal,2026-08_all_nsq.json,193
2026-08,state:VARANASI LAB,nsq,Mebendazole IP & Ivermectin IP Vet Oral Powder,VBC-0116,Jan-2026,Jul-2027,"Vrindha Biotech Pvt. Ltd. - Khasra No. 111KA-112KA, Shiv Ganga Industrial Estate Lakeshwari, Bhagwanpur, Roorkee, Haridwar (U.K.)",The sample does not conforms to declared formula in respect of content of Mebendazole & inermectin.,VARANASI LAB,portal,2026-08_all_nsq.json,194
2026-08,state:ALIGARH LAB,nsq,Pantoprazole For Injection I.P. 40 mg,1250095,Jun-2025,May-2027,"Agron Remedies Pvt. Ltd. - Sarverkhera, Moradabad Road, Kashipur-244713 (Uttarakhand)",The sample does not conform to IP in the respect of content of pantoprazole and particulate matter.,ALIGARH LAB,portal,2026-08_all_nsq.json,195
2026-08,state:AGRA LAB,nsq,Bithoquin Bolus,V260302,Mar-2026,Jun-2027,"Apple Biotech Healthcare Pvt. Ltd. - Vill. Deep Nagar, Tehsil Payal, Ludhiana-141421 (PB) India",The sample is not of standard quality in respect of Disintegration Test,AGRA LAB,portal,2026-08_all_nsq.json,196
2026-08,state:AGRA LAB,nsq,Levcon-M,TG25-2281A,Dec-2025,Nov-2027,"Athens Life Sciences - Mauza-Rampur Jatten Nahan Road, Kala Amb, Dist-Sirmour (HP) 173030",The sample is spurious as it does not contain Montelukast,AGRA LAB,portal,2026-08_all_nsq.json,197
2026-08,state:AGRA LAB,nsq,Gentamicin Injection IP,25BU126,Sep-2025,Aug-2027,"SVP Life Sciences - C/10-1 Sara Industrial Estate, Selaqui, Dehradun.","The sample is not of standard quality in respect of particulate matter ot declared formula, on the basis of tests done.",AGRA LAB,portal,2026-08_all_nsq.json,198
2026-08,state:MEERUT LAB,nsq,Bithionol Sulphoxide Bolus,V260305,Mar-2026,Jun-2027,"Apple Biotech Healthcare Pvt. Ltd. - Vill. Deep Nagar, Tehsil Payal, Ludhiana-141421 (PB) India",The sample does not conform to declared formula in respect of Disintegration test.,MEERUT LAB,portal,2026-08_all_nsq.json,199
2026-08,state:LUCKNOW LAB,nsq,Enoxaparin Sodium Injection IP (40mg/0.4 m),DESDD0526,Jan-2026,Dec-2027,"BDR Pharmaceuticals International Pvt. Ltd. - At: Survey No. 46/1-4, Village Kadaiya, Nani Daman-96210, India","The sample does not conforms to IP in respect of identification, Hence spurious",LUCKNOW LAB,portal,2026-08_all_nsq.json,200
2026-08,state:LUCKNOW LAB,nsq,Amoxicillin and Potassium Clavulanate Tablets IP,26441735,May-2026,Oct-2027,"Alkem Health Science, - A unit of Alkem Laboratories Limited, Unit-2, Samardung Karek Block, P.O. Namthang, District-Namchi, Sikkim-737137",The sample does not conform to IP in respect of Assay of Clavulanic Acid,LUCKNOW LAB,portal,2026-08_all_nsq.json,201
2026-08,state:LUCKNOW LAB,nsq,Bisacodyl Gastro-Resistant Tablets IP,T50968A,Dec-2025,Nov-2028,"Samson Laboratories Pvt. Ltd. - Samson Laboratories Pvt. Ltd. 152, Sansiwala, Barotiwala, Distt. Solan (H.P.)-174103","The sample does not conform to IP, in respect of Dissolution",LUCKNOW LAB,portal,2026-08_all_nsq.json,202
2026-08,state:LUCKNOW LAB,nsq,Rabeprazole Sodium (EC) & Domperidone (SR) Capsules,DC-10856,Nov-2025,Oct-2027,"Dual Healthcare, - Plot No.-34-35, Industrial Area, Trilokpur Road, Kala Amb, District Sirmour, Himanchal Pradesh-173030","The sample does not conform to declared formula in respect of Identity test for Rabeprazole sodium & Domeperidone, Hence spurious.",LUCKNOW LAB,portal,2026-08_all_nsq.json,203
2026-08,state:LUCKNOW LAB,nsq,Dicylomine Hydrochloride & Mefenamic Acid Tablets,UTA-25280,Apr-2026,Mar-2028,"Upkar Pharmaceuticals - 101, Industrial Area, Gondpur, Paonta Sahib, Distt. Sirmour (H.P.)-173025",The sample does not conform to declared formula in respect of Identity test for Dicyclomine Hydrochlordie hence spurious,LUCKNOW LAB,portal,2026-08_all_nsq.json,204
2026-08,state:LUCKNOW LAB,nsq,Amoxicillin and Potassium Clavulanate Tablets IP,26440791,Mar-2026,Aug-2027,"Alkem Health Science - Alkem Laboratories Limited, Unit-2, Samardung Karek Block, P.O. Namthang, District-Namchi, Sikkim-737137",The sample does not conform to IP in respect of Content of Clavulanic Acid,LUCKNOW LAB,portal,2026-08_all_nsq.json,205
2026-08,state:LUCKNOW LAB,nsq,Mefenamic Acid & Paracetamol Suspension,GL25326A,Dec-2025,Nov-2027,"Lifecom Pharmaceuticals (India) Pvt. Ltd. - Khasra No. 1180/282, Village-Nanheda, Anantpur, Pargana Bhagwanpur, Tehsil-Roorkee, Distt. Haridwar State-Uttarakhand Pin-247668",The sample does not conform to declared formula in respect of content for Mefenamic Acid & paracetamol,LUCKNOW LAB,portal,2026-08_all_nsq.json,206
2026-08,state:LUCKNOW LAB,nsq,Olmesartan Medoxomil Tablets IP,T250250,May-2025,Apr-2027,"Medirin Pharmaceuticals Pvt. Ltd. - 408 HSIIDC, Saha 133104","The sample does not conform to IP, in respect of Description, Dissolution & Assay.",LUCKNOW LAB,portal,2026-08_all_nsq.json,207
2026-08,state:LUCKNOW LAB,nsq,Clonazepam & Paroxetine (Controlled Release) Tablets,JN-250822,Aug-2025,Jul-2027,"Jaineka Healthcare Pvt. Ltd. - Plot No.-15, Sector-6B, IIE, Ranipur Haridwar-249403 (U.K.)","The sample does not conform to standards, in respect of Content of Clonazepam & Description",LUCKNOW LAB,portal,2026-08_all_nsq.json,208
2026-08,state:LUCKNOW LAB,nsq,Clonazepam & Paroxetine (Controlled Release) Tablets,JN-250716,Jul-2025,Jun-2027,"Jineka Healthcare Pvt. Ltd. - Plot No. 15, Sector-6b, IIE, Ranipur, Haridwar- 249403 (U.K)","The sample does not conform to declared formula, in respect of content of Clonazepam",LUCKNOW LAB,portal,2026-08_all_nsq.json,209
2026-08,state:LUCKNOW LAB,nsq,Desogestrel & Ethinyl Estradiol Tablets,SHT-747,Apr-2026,Mar-2028,"Symbiosis Pharmaceuticals Pvt. Ltd. - At : C/o Ovation Remedies, Behind IIT Engg. College, Trilokpur Road, Kala Amb- 173030 (Sirmour) HP","The sample does not conform to declared formula, in respect of Content of Desogestrel & Ethinyl Estradio.",LUCKNOW LAB,portal,2026-08_all_nsq.json,210
2026-08,state:LUCKNOW LAB,nsq,Trypsin Chymotrypsin Tablets,CHT-60522,Mar-2026,Feb-2028,"Cotec Healthcare Ltd. - NH. No. -74, Roorkee - Dehradun Highway Kishanpur, Roorkee - 247667 (UK)",The sample does not confirm to declared formula with respect to disintegration and Enzymatic Activity of Trypsin Chymotrypsin,LUCKNOW LAB,portal,2026-08_all_nsq.json,211
2026-08,state:LUCKNOW LAB,nsq,Deflazacort Tablets 6 mg,13240542A,Jul-2024,Jun-2027,"Macleods Pharmaceuticals Ltd. - 367/7, kabra Industrial Estate Kachigam, Daman 396210 (U.T.)","The sample does not conform to declared formula, in respect of Content of Deflazacort",LUCKNOW LAB,portal,2026-08_all_nsq.json,212
2026-08,state:LUCKNOW LAB,nsq,Trypsin-Chymotrypsin Tablets,T250249,Apr-2025,Mar-2027,"Medirin Pharmaceuticals Pvt. Ltd. - 408 HSIIDC, Saha 133104","The sample does not conform to prescribed standard, in respect of Disintegration",LUCKNOW LAB,portal,2026-08_all_nsq.json,213
2026-08,state:LUCKNOW LAB,nsq,Amoxycillin Capsuels IP 250 mg,DVC250083,Oct-2025,Sep-2027,"Daxin Pharmaceuticals Pvt. Ltd. - Plot No. 121-122, EPIP, Jharmajri, Phase-1, Tehsil Baddi, Distt. Solan (H.P.)-174103",The sample does not conform to IP in respect of Assay and Dissolution of Amoxycillin,LUCKNOW LAB,portal,2026-08_all_nsq.json,214
2026-08,state:LUCKNOW LAB,nsq,Sodium Valporate & Valporic Acid Controlled Release Tablets,TGT25-104,Apr-2025,Mar-2028,"Athens Life Sciences - Mauza-Rampur Jatten Nahan Road, Kala Amb, Dist-Sirmour (HP) 173030","The sample does not conforms to prescribed Standards, in respect of Description",LUCKNOW LAB,portal,2026-08_all_nsq.json,215
2026-08,state:LUCKNOW LAB,nsq,Sodium Valporate & Valporic Acid Controlled Release Tablets,TGT25-100,Apr-2025,Mar-2028,"Athens Life Sciences - Mauza-Rampur Jatten Nahan Road, Kala Amb, Dist-Sirmour (HP) 173029","The sample does not conforms to prescribed Standards, in respect of Description",LUCKNOW LAB,portal,2026-08_all_nsq.json,216
2026-08,state:LUCKNOW LAB,nsq,Anesthetic Antacid Gel,2620090E,Feb-2026,Sep-2026,"Pfizer Limited - Plot No. 9/2 I.D.A Uppal, Hyderabad 500039","The sample does not conform to declared formula, in respect of Content of Oxetacaine",LUCKNOW LAB,portal,2026-08_all_nsq.json,217
2026-08,state:LUCKNOW LAB,nsq,"Diclofenac Potassium, & Serratiopeptidase Tablets",T25K035B,Nov-2025,Oct-2027,"Bajaj Formulations - Khasra No. - 161, Village-Lakeshwary, Bhagwanpur, Roorkee, Distt. Haridwar (U.K.)",The sample is not of Standard Quality with respect to Disintegration,LUCKNOW LAB,portal,2026-08_all_nsq.json,218
2026-08,state:LUCKNOW LAB,nsq,"Paracetamol, Phenylephrine Hydrochloride, Caffeine & Diphenhydramine Hydrochloride Tablets",GAB4135,Dec-2025,Nov-2027,"Aagya Biotech Pvt. Ltd. - 1.5 Km, Manglore-Saharanpur Road, Manglour-247656, Roorkee, Distt. Haridwar (U.K.) India",The sample does not conforms to declared formula in respect of disintegration of tablets,LUCKNOW LAB,portal,2026-08_all_nsq.json,219
2026-08,state:LUCKNOW LAB,nsq,Triamcinolone Acetonide Injection IP,NCL0243,Nov-2025,Oct-2028,"Nichepharm Lifesciences Private Limited - Khasra No.-1/1/4/1, Mauza Central Hope Town, Pargana Pachwadoon, Tehsil Vikas Nagar, Dehradun, Uttarakhand-248197, India.",The sample does not conforms to IP in respect of Assay,LUCKNOW LAB,portal,2026-08_all_nsq.json,220
2026-08,"state:DTL, Delhi",spurious,Telmisartan 40 mg and Amlodipine 5mg tablets IP (TELMA AM),18230791,Dec-2023,Nov-2026,Under Investigation | Under Investigation,"The product is purported to be spurious. However, the same is subject to outcome of investigation.","DTL, Delhi",portal,2026-08_all_spurious.json,1
