alert_month,source,tab,product_name,batch_no_raw,mfg_date_raw,exp_date_raw,manufacturer_raw,nsq_result,reporting_lab,record_origin,portal_file,portal_row_no
2024-01,central,nsq,Levetiracetam Tablets IP (Levipil 500),SIE1003A,Apr-2023,Mar-2025,"Sun Pharma Laboratories Ltd., Plot No. 107-108, Namli Block, P.O. Ranipool, Sikkim - 737 135",Dissolution,CDL Kolkata,portal,2024-01_all_nsq.json,1
2024-01,central,nsq,Mesalazine Prolonged-release Tablets IP 1200 mg,UGT23128,Jan-2023,Dec-2024,"Unimarck Healthcare Ltd., Plot No. 24, 25 & 37, Sector 6A, SIDCUL, Haridwar- 249403 (Uttarakhand).",Dissolution,CDL Kolkata,portal,2024-01_all_nsq.json,2
2024-01,central,nsq,Tranexamic Acid & Mefenamic Acid Tablets (Trancycle-MF),DMT1127,Aug-2023,Jul-2025,"DM Pharma Private Limited, Village Bhud, NH-21A, Baddi, District Solan (H.P.)",Assay,CDTL Hyderabad,portal,2024-01_all_nsq.json,3
2024-01,central,nsq,Ambroxol Hydrochloride I.P. Syrup (AMBROS),GF296,Dec-2023,Nov-2025,"Global Formulations, Plot No.7, P & T Colony, Medipally, Medchal Dist., Hyderabad-500098, T.S",Weight per ml,CDTL Hyderabad,portal,2024-01_all_nsq.json,4
2024-01,central,nsq,"Ambroxol HCl, Levosalbutomol Sulphate Guaiphenesin Syrup (Brotex-LS)",GF.292,Dec-2023,Nov-2025,"Global Formulations, Plot No.7, P & T Colony, Medipally, Medchal- Malkajgiri Dist., - 5000098,",Weight per ml,CDTL Hyderabad,portal,2024-01_all_nsq.json,5
2024-01,central,nsq,"Terbutaline Sulphate, Ambroxol Hydrochloride, Guaiphenesin & Menthol Syrup (Scoril)",GF-279,Nov-2023,Oct-2025,"Global Formulations, Plot No.7, P & T Colony, Medipally, Medchal- Malkajgiri Dist., Hyderabad-500098,",Weight per ml & Assay,CDTL Hyderabad,portal,2024-01_all_nsq.json,6
2024-01,central,nsq,Clindamycin Injection I.P. (Clindacin-300),SAI-16589,Nov-2022,Oct-2024,"Sunvet Healthcare, Village Shambhuwala, Paonta Road, Distt. Sirmour (H.P.) 173001",Description & Particulate Matter,CDL Kolkata,portal,2024-01_all_nsq.json,7
2024-01,state:RDTL Guwahati,nsq,Ondansetron Tablets IP 4 mg,SMT1006,Nov-2022,Oct-2024,"Unicure India Ltd,, C-21, 22 & 23, Sector-3, Noida- 201 301, Distt. Gautam Budh Nagar (U.P.).",Dissolution,RDTL Guwahati,portal,2024-01_all_nsq.json,8
2024-01,state:RDTL Guwahati,nsq,Calcium and Vitamin D3 Tablets I.P,UDT10704,Mar-2023,Aug-2024,"Unicure India Ltd., C-21, 22 & 23, Sector-3, Noida- 201301, Distt. Gautam Budh Nagar (U. P.)",Description,RDTL Guwahati,portal,2024-01_all_nsq.json,9
2024-01,state:RDTL Guwahati,nsq,Montelukast Sodium & Levocetirizine Hydrochloride Tablets IP. (Folcet- MT),FPT-2067,Oct-2022,Sep-2024,"Forgo Pharmaceuticals., 27, DIC IND AREA, Barotiwala, Teh: Baddi, Distt. Solan (HP) 174103",Assay/Content of Montelukast,RDTL Guwahati,portal,2024-01_all_nsq.json,10
2024-01,central,nsq,Levocetirizine Tablets IP,LVU-515,Jun-2023,May-2025,"Healers Lab, Unit II, Plot No.33, H.P.S.I.D.C., Extn., Baddi, Distt. Solan (HP)",Identification and Assay of Levocetirizine Hydrochloride,RDTL Chandigarh,portal,2024-01_all_nsq.json,11
2024-01,central,nsq,Pantosec (Pantoprazole Tablets IP 40mg),PNS230422,Apr-2023,Mar-2025,"Hetero Labs Limited (Unit-I), Kalyanpur (Village), Chakkan Road, Baddi (Tehsil), Solan (Distt.), Himachal Pradesh - 173 205., India",Dissolution in Buffer stage,CDTL Mumbai,portal,2024-01_all_nsq.json,12
2024-01,central,nsq,Metronidazole Tablets IP 400 mg,MZTJ23002,Jun-2023,May-2025,"Vivek Pharmachem (India) Ltd., EPIP, Bari Brahmana, Jammu- 181 133",Description,CDTL Mumbai,portal,2024-01_all_nsq.json,13
2024-01,state:RDTL Chandigarh,nsq,"Glimepiride, Pioglitazone and Metformin (PR) Tablets (GLEM- GMP2 Tablets)",MPT-22149,Sep-2022,Aug-2024,"Magnatek Enterprises, Plot No. 74 C (II) HPSIDC Ind. Area Baddi, Distt. Solan (HP) 173205",Identification and Assay of Pioglitazone Hydrochloride calculated as Pioglitazone,RDTL Chandigarh,portal,2024-01_all_nsq.json,14
2024-01,central,nsq,Amoxycillin and Potassium Clavulanate Tablets IP 375 mg,APCT2305,Feb-2023,Jan-2025,"Modern Laboratories, 45- 47, Sector D-2, Industrial Area, Sanwer Road, Indore (M.P.) 452015, India","Assay of Amoxycillin, Clavulanic Acid & Dissolution of Amoxycillin, Clavulanic Acid",CDL Kolkata,portal,2024-01_all_nsq.json,15
2024-01,central,nsq,Bisacodyl Tablets I.P. 5 mg (Laxagen),230754,Jul-2023,Jun-2026,"Modi Antibiotics., Plot No, 28, G.I.D.C. Estate, Odhav, Ahmedabad - 382415, (Guj).",Related Substances,CDTL Mumbai,portal,2024-01_all_nsq.json,16
2024-01,central,nsq,Bacillus Clausii Spores Suspension (LB LAC Oral Suspension),AVA23I1,May-2023,Apr-2025,"Allianz Biosciences Pvt. Ltd., 55/1, 2 & 3, Whirlpool Road, Thiruvandar Koil, Puducherry - 605102","Identification, Average Volume, Resistance to antibiotic, Presence of Salmonella species & Assay",CDL Kolkata,portal,2024-01_all_nsq.json,17
2024-01,central,nsq,"Terbutaline, Bromhexine, Guaiphenesin and Menthol Syrup (Terbo-Q Syrup)",LKM-38,Sep-2022,Aug-2024,"Amkay Laboratories Pvt. Ltd., Preet Vihar, Nauchandi, Meerut.",Assay of Bromhexine Hydrochloride,RDTL Chandigarh,portal,2024-01_all_nsq.json,18
2024-01,central,nsq,Folic Acid Tablets IP 5 mg,T112005,May-2022,Apr-2024,"ANG LIFESCIENCES INDIA LTD., Village Malkumajra, Nalagarh Road, Distt. Solan- 173205 (H.P.)",Description as the tablets are brittle & shows mottled appearance,CDTL Mumbai,portal,2024-01_all_nsq.json,19
2024-01,state:RDTL Guwahati,nsq,Diclofenac Sodium Injection IP,I213108,Jul-2023,Jun-2025,"ANG Lifesciences India Ltd., Village Malkumajra, Nalagarh Road, Baddi, Distt. Solan173205 (H.P.)",Particulate matter and Description,RDTL Guwahati,portal,2024-01_all_nsq.json,20
2024-01,state:RDTL Guwahati,nsq,GLIMEPIRIDE TABLETS I.P. 1 mg.,GLT-2301,Jan-2023,Dec-2024,"Apple Formulations Pvt. Ltd,, Plot No.208, Kishanpur, Roorkee- 247667 (U.K)",Dissolution,RDTL Guwahati,portal,2024-01_all_nsq.json,21
2024-01,central,nsq,Cyproheptadine HCl & Tricholine Citrate Syrup (Cypermed Syrup),AQC2339A,Mar-2023,Feb-2025,"Aquinnova Pharmaceuticals Plot No. 85, Ind. Area, Lodhimajra, Baddi, Distt. Solan - 174101 (H.P.)",Assay of Tricholine Citrate,CDL Kolkata,portal,2024-01_all_nsq.json,22
2024-01,central,nsq,Livocitra (Levocetirizine Hydrochloride Tablets I.P.),AHT-23503,Oct-2023,Sep-2025,"Aru Healthcare Pvt. Ltd., K-12, Industrial Area, Begrajpur, Muzaffarnagar - 251 003",Dissolution,CDL Kolkata,portal,2024-01_all_nsq.json,23
2024-01,state:RDTL Guwahati,nsq,Montelukast Sodium & Levocetirizine Dihydrochloride Tablets IP..(Pevicet M TABLETS),AT22-0667A,Sep-2022,Aug-2024,"ASPO PHARMACEUTICALS LLP., Plot No. 10, HIMUDA Industrial Area, Phase-IV, Bhatoli Kalan, Baddi Distt. Solan (H.P.) 173205",Dissolution (Montelukast & Levocetirizine Dihydrochloride),RDTL Guwahati,portal,2024-01_all_nsq.json,24
2024-01,state:RDTL Guwahati,nsq,Pantoprazole Sodium (EC) & Domperidone (SR) Capsules IP (Panzon-DSR),BBC22550,May-2022,Apr-2024,"Biomax Biotechnics (P) Ltd., 261, HSIIDC, Industrial Estate, Alipur, Barwala134118 (Haryana)",Dissolution of Pantoprazole in acid stage & Description,RDTL Guwahati,portal,2024-01_all_nsq.json,25
2024-01,central,nsq,"Levosalbutamol, Guaiphenesin & Ambroxol (Duvent- PD)",DPD030,Dec-2023,Nov-2026,"Hygeia Pharmaceuticals MFG. (P) Ltd. 608, Dwarir Road Dhamaitala Dakshin Jagaddal, Pin- 700151",Assay/content of Levosalbutamol & Ambroxol Hydrochloride,CDL Kolkata,portal,2024-01_all_nsq.json,26
2024-01,central,nsq,"Levosalbutamol, Ambroxol & Guaiphenesin Syrup (Bromex - LS Expectorant)",BXE064,Dec-2023,Nov-2026,"Hygeia Pharmaceuticals MFG. (P) Ltd. 608, Dwarir Road Dhamaitala Dakshin Jagaddal, Pin- 700151",Assay/content of 'Levosalbutamol',CDL Kolkata,portal,2024-01_all_nsq.json,27
2024-01,central,nsq,Surgical Tape (JMS Medi-Tape 300),2022006,Apr-2022,Mar-2025,"JMS Co. Ltd., 12-17 Kako-Machi, Naka-Ku, Hiroshima 730-82452, Japan",Length,CDL Kolkata,portal,2024-01_all_nsq.json,28
2024-01,central,nsq,Surgical Tape (JMS Medi-Tape 310),2022003,Feb-2022,Jan-2025,"JMS Co. Ltd., 12-17 Kako-Machi, Naka-Ku, Hiroshima 730-8652, Japan",Length,CDL Kolkata,portal,2024-01_all_nsq.json,29
2024-01,central,nsq,Surgical Tape (JMS Medi-Tape 320),2022004,Mar-2022,Feb-2025,"JMS Co. Ltd., 12-17 Kako-Machi, Naka-Ku, Hiroshima 730-8652, Japan",Length,CDL Kolkata,portal,2024-01_all_nsq.json,30
2024-01,central,nsq,Surgical Tape (JMS Medi-Tape 330),2022004,Mar-2022,Feb-2025,"JMS Co. Ltd., 12-17 Kako-Machi, Naka-Ku, Hiroshima 730-8652, Japan",Length,CDL Kolkata,portal,2024-01_all_nsq.json,31
2024-01,central,nsq,Vitamin A Oral Solution 100 ml,JDL-2921,Jun-2023,Nov-2024,"Jpee Drugs, Plot No. - 53, Sector 6-A, SIDCUL, Haridwar (Uttarakhand).",Microbial Enumeration,CDL Kolkata,portal,2024-01_all_nsq.json,32
2024-01,central,nsq,Chlorhexidine Gluconate Solution 4% w/v Surgical Scrubbing,JDO-1027,May-2023,Apr-2025,"Jpee Drugs, Plot No. - 53, Sector 6-A, SIDCUL, Haridwar (Uttarakhand).","pH, weight per ml and Assay",CDL Kolkata,portal,2024-01_all_nsq.json,33
2024-01,central,nsq,Ceftriaxone Injection I.P. (DOXONE 1000),JDI-3074,Jan-2023,Dec-2024,"Jpee Drugs, Plot No. - 53, Sector 6-A, SIDCUL, Haridwar (Uttarakhand).","Clarity of Solution, Particulate matter & Sterility",CDL Kolkata,portal,2024-01_all_nsq.json,34
2024-01,central,nsq,Glimepiride Tablets I.P. 1 mg,GLI10923,May-2023,Apr-2025,"Karnataka Antibiotics & Pharmaceuticals Limited Arka The Business Centre, Plot No. 37, Site No. 34/4, NTTF Main Road, Peenya Industrial Area, 2nd Phase, Bengaluru - 560 058, India.",Dissolution Glimepiride of,CDL Kolkata,portal,2024-01_all_nsq.json,35
2024-01,central,nsq,Absorbable Suture (Synthetic) USP Monolus Monofilament Poly (Glycolide-Co- Caprolactone) Poliglecaprone-25,N190096AF,May-2019,Apr-2024,"Lotus Surgicals Pvt. Ltd., Khasra No. 1051/1 & 2, Twin Industrial Estate, Selaqui, Dist. Dehradun, Pin 248197 (Uttarakhand), India.",Diameter,CDL Kolkata,portal,2024-01_all_nsq.json,36
2024-01,state:RDTL Guwahati,nsq,COMPOUND SODIUM LACTATE INJECTION I.P. (RL),03B3911,Jun-2023,May-2026,"PASCHIM BANGA PHARMACEUTICAL, NH-31, TIN MILE HAT, SONAPUR HAT, P.S.- CHOPRA, DIST : UTTAR DINAJPUR, PIN - 733214 (W.B.)",Sterility Particulate Contamination and Description,RDTL Guwahati,portal,2024-01_all_nsq.json,37
2024-01,central,nsq,"Trypsin, Bromelain & Rutoside Trihydrate Tablets",PF8CC12,Aug-2023,Jul-2025,"Pure & Cure Healthcare Pvt. Ltd., Plot No. 26A, 27-30, Sector- 8A, IIE, SIDCUL, Ranipur, Distt. Haridwar - 249403, Uttarakhand.",Assay of 'Trypsin',CDL Kolkata,portal,2024-01_all_nsq.json,38
2024-01,state:RDTL Guwahati,nsq,Levocetirizine Dihydrochloride & Montelukast Tablets (Tesact- M Tablets),RT22464,Jul-2022,Jun-2024,"RACHIL PHARMA, 18- 19, Phase-1, Ind. Area, Sansarpur Terrace, Distt : Kangra (H.P.) -176501.",Dissolution (Levocetirizine Dihydrochloride ),RDTL Guwahati,portal,2024-01_all_nsq.json,39
2024-01,central,nsq,Fungal Diastase & Pepsin Syrup (NVZYME),23RL0230,Jul-2023,Dec-2024,"Regency Healthcare, 4KM Stone Kashipur Road, Danpur Rudrapur, Distt. U.S. Nagar, Uttarakhand",Assay of Fungal Diastase,CDL Kolkata,portal,2024-01_all_nsq.json,40
2024-01,state:RDTL Guwahati,nsq,Cefixime Oral Suspension IP 50mg/5ml,RD230004,Jan-2023,Dec-2024,"Ridley Life Science Pvt. Ltd.,, D-1651, DSIDC, Indl. Complex, Narela, Delhi- 110040",Assay of Cefixime,RDTL Guwahati,portal,2024-01_all_nsq.json,41
2024-01,state:RDTL Guwahati,nsq,Cefixime Oral Suspension IP 50mg/5ml,RD230003,Jan-2023,Dec-2024,"Ridley Life Science Pvt. Ltd.,, D-1651, DSIDC, Indl. Complex, Narela, Delhi- 110040",Assay of Cefixime,RDTL Guwahati,portal,2024-01_all_nsq.json,42
2024-01,state:RDTL Guwahati,nsq,Pantoprazole Gastro-Resistant Tablets I.P. (P40),PFT23007MB,May-2023,Apr-2025,"Sri Ram Healthcare Pvt. Ltd., Plot No. 81-C/2, EPIP Phase - I, Jharmajri, Baddi, Distt. - Solan, (H.P.) - 174 103.",Dissolution,RDTL Guwahati,portal,2024-01_all_nsq.json,43
2024-01,central,nsq,Amikacin Sulphate Injection I.P. (Amicin-100),SVI-6964,Nov-2022,Oct-2024,"Sunvet Healthcare, Village Shambhuwala, Paonta Road, Distt. Sirmour (H.P.) 173001",Description & Particulate Matter,CDL Kolkata,portal,2024-01_all_nsq.json,44
2024-01,central,nsq,Metformin HCl Prolonged- Release & Glimepiride Tablets IP (Glimycare-M3 Forte),T-230761,Jul-2023,Jun-2025,"Vilin Bio Med Ltd., Unit-II, Khasra No. 85, Madhopur, Hazarathpur, Roorkee-247667, Uttarakhand.",Assay & Uniformity of Content of Glimepiride,CDL Kolkata,portal,2024-01_all_nsq.json,45
2024-01,central,nsq,Moxifloxacin & Prednisolone Acetate Eye Drops (MOXIZEE- P Eye Drops),1223-51,Feb-2023,Jan-2025,"Zee Laboratories Limited, Behind 47, Industrial Area, Paonta Sahib - 173025.",Assay of Prednisolone Acetate,CDL Kolkata,portal,2024-01_all_nsq.json,46
2024-02,central,nsq,Tranexamic Acid Injection I.P. (Tranexica),SAI-14764,Mar-2022,Feb-2024,"Sunvet Healthcare, Vill. Shambhuwala, Paonta Road, Distt. Sirmour (H.P.) - 173001",pH,CDL Kolkata,portal,2024-02_all_nsq.json,1
2024-02,central,nsq,Oseltamivir Oral Suspension I.P. 12 mg,URDP1153,May-2023,Oct-2024,"Unicure India Ltd., Plot No. 46(B) / 49B, Vill. Raipur, Bhagwanpur, Roorkee, Distt. Haridwar, Uttarakhand",Description,CDL Kolkata,portal,2024-02_all_nsq.json,2
2024-02,central,nsq,Ofloxacin Dispersible Tablets IP 100 mg (Oflab 100 DT),C21O062001,May-2022,Apr-2024,"Concept Pharmaceuticals Ltd., A-28/3 MIDC, Chikalthana, Aurangabad-431006",Uniformity of Dispersion,CDL Kolkata,portal,2024-02_all_nsq.json,3
2024-02,central,nsq,Montelukast Sodium and Levocetirizine Hydrochloride Tablet IP (XL-Mont),TXL012007,Nov-2022,Oct-2024,"DWD Pharmaceuticals Ltd., 308/5, Village & Post: Poicha (Rania), Tal Savli, Dist. Vadodara 391780, Gujarat, India",Desription,CDL Kolkata,portal,2024-02_all_nsq.json,4
2024-02,central,nsq,Metformin HCl (SR) with Glimepiride & Voglibose Tablets (Metaglim-V2),T-230859,Aug-2023,Jul-2025,"Vilin Bio Med Ltd., Unit-II, Khasra No. 85, Madhopur Hazarathpur, Roorkee -247667, Uttarakhand",Assay of Glimepiride,CDL Kolkata,portal,2024-02_all_nsq.json,5
2024-02,central,nsq,Glimepiride & Meftormin Hydrochloride Prolonged Release Tablets IP (Glimsid- 2MF),T-231020,Oct-2023,Sep-2025,"Vilin Bio Med Ltd., Unit-II, Khasra No.85, Madhopur, Hazarathpur, Roorkee-247667, Uttarakhand.",Dissolution & Assay of Glimepiride,CDL Kolkata,portal,2024-02_all_nsq.json,6
2024-02,central,nsq,Paracetamol Tablets IP 500 mg (Pyricool 500),23444042,Nov-2023,Oct-2026,"Alkem Health Science, A unit of Alkem Laboratories Limited, Unit - 2, Samardung, Karek Block, P.O. Namthan, Dist. Namchi, Sikkim - 737137",Dissolution,CDL Kolkata,portal,2024-02_all_nsq.json,7
2024-02,central,nsq,"Levosalbutamol Sulphate, Ambroxol Hydrochloride, Guaiphenesin and Menthol Syrup 60 ml Syrup (HISTARED- LS)",L23K015,Nov-2023,Oct-2025,"Fanal Pharmaceuticals LLP, 67, Surbhi Radhe Industrial Zone, Survey No. 251, At. Khambha, 360311, Gujarat, India",Description & Assay of Levosalbutamol,CDL Kolkata,portal,2024-02_all_nsq.json,8
2024-02,central,nsq,Deferasirox,82231480,Jul-2023,Jul-2027,"Glenmark Lifesciences Ltd., Plot No. Z-103/I, Sez Phase II, Dahej, Dist. Bharuch - 392130, Gujarat, India.",4 Hydrazino benzoic acid,CDL Kolkata,portal,2024-02_all_nsq.json,9
2024-02,central,nsq,Miconazole Nitrate and Fluocinolone Acetonide Ointment (Zole - F),SXE1800A,Aug-2023,Jul-2026,"Sun Pharmaceuticals Ind. Ltd., Kh. No. 1335-1340, Near EPIP- I, Vill- Bhatoli Kalan, Baddi, Distt. Solan, H.P. 173205",Assay,CDL Kolkata,portal,2024-02_all_nsq.json,10
2024-02,central,nsq,"Paracetamol, Phenylephrine Hydrochloride, Chlorpheniramine Maleate, Sodium Citrate and Menthol Syrup (SUNGESIC-C)",2,Sep-2023,Aug-2025,"Sunny Industries Private Limited, 23/3/1B, R.N. Nandan Lane, Kolkata 700 025",Description & Assay of Paracetamol,CDL Kolkata,portal,2024-02_all_nsq.json,11
2024-02,central,nsq,"Terbutaline Sulphate, Guaiphenesin, Ambroxol Hydrochloride and Menthol Syrup (Xpert- S Syrup)",6530,Feb-2023,Jan-2025,"ESTRA PHARMACEUTICA LS, Fatehgarh Churian Road, Amritsar Br.",Assay of Ambroxol Hydrochloride and Menthol,RDTL Chandigarh,portal,2024-02_all_nsq.json,12
2024-02,central,nsq,"Ambroxol hydrochloride, Terbutaline Sulphate, Guaiphenesin and Menthol Syrup (Bronter SYRUP)",NARL-0038,Nov-2023,Oct-2025,"M Sea Pharmaceuticals (P) Ltd., Surajpur, Paonta Sahib, Sirmour Himachal Pradesh-173001",Assay of Menthol,RDTL Chandigarh,portal,2024-02_all_nsq.json,13
2024-02,state:RDTL Guwahati,nsq,LEVOCETIRIZINE HYDROCHLORIDE & MONTELUKAST SODIUM TABLETS I.P. (Cetliv-M),MDHMT-436,Mar-2023,Feb-2025,"M Sea Pharmaceuticals (P) Ltd. (A GMP ISO 9001: 2015 CERTIFIED CO., Surajpur, Paonta Sahib, Sirmour (H.P.)- 173001",Dissolution of Montelukast,RDTL Guwahati,portal,2024-02_all_nsq.json,14
2024-02,central,nsq,"Ambroxol, Terbutaline Sulphate, Guaiphenesin and Menthol Syrup (Tricodex A Syrup)",SRLK230054,Nov-2023,Oct-2025,"SYSTOLE REMEDIES PVT. LTD. Vill. Ogli, Kala Amb, Teh. Nahan, Distt. Sirmour (H.P.)- 173030",Assay of Terbutaline Sulphate,RDTL Chandigarh,portal,2024-02_all_nsq.json,15
2024-02,state:RDTL Guwahati,nsq,Montelukast Sodium and Levocetirizine Hydrochloride Tablets IP (Montas- L),MAT22030,Jun-2022,May-2024,"Tirupati Medicare Limited, Nahan Road, Paonta Sahib, Dist. Sirmour, Himachal Pradesh - 173 025, India.",Dissolution of Montelukast,RDTL Guwahati,portal,2024-02_all_nsq.json,16
2024-02,central,nsq,Telmisartan Tablets 40 mg and Amlodipine 5 mg Tablets IP (Telma AM),5230355,Mar-2023,Feb-2026,"Glenmark Pharmaceutica ls Ltd., Village Kishanpura, Baddi- Nalagarh Road, Tehsil Baddi, Distt. Solan (H.P.)",Assay & Dissolution of Telmisartan & Amlodipine,CDL Kolkata,portal,2024-02_all_nsq.json,17
2024-02,central,nsq,"Ambroxol Hydrochloride, Levosalbutamol and Guaiphenesin Syrup (Saivent-LX Syrup)",MAG-S-1972,Oct-2023,Sep-2025,"Magma Allianz Laboratories Ltd., Vill. Guruwala, P.O. Bhagani Sahib, Teh. Paonta Sahib, Distt. Sirmour (H.P.)- 173025",Assay of Ambroxol Hydrochloride and Levosalbutamol Sulphate calculated as Levosalbutamol,RDTL Chandigarh,portal,2024-02_all_nsq.json,18
2024-02,state:RDTL Chandigarh,nsq,Cefodoxime Proxetil and Potassium Clavulanate Tablets,MBT-22012,Jun-2022,Sep-2023,"Magnatek Enterprises, Plot No. 74 C (II) HPSIDC Ind. Area Baddi, Distt. Solan (H.P.) 1732025",Assay of Potassium Clavulanate Diluted calculated as Clavulanic Acid,RDTL Chandigarh,portal,2024-02_all_nsq.json,19
2024-02,central,nsq,Atorvastatin and Clopidogrel Capsules (10mg/75mg),MC221173,Dec-2022,Nov-2024,"Mascot Health Series Pvt. Lt., Plot No. 79,80,Sector-6A, IIE, Sidcul, Haridwar- 249403",Dissolution of Atorvastatin Calcium calculated as Atorvastatin,RDTL Chandigarh,portal,2024-02_all_nsq.json,20
2024-02,state:RDTL Guwahati,nsq,Levocetirizine Dihydrochloride and Montelukast Sodium Tablets IP,23112703,Mar-2023,Feb-2025,"MERCURY LABORATORIES LIMITED., Unit No.2, Halol Baroda Road, Village: Jarod. Tal: Waghodia, Dist: Vadodara- 391510",Dissolution of Montelukast,RDTL Guwahati,portal,2024-02_all_nsq.json,21
2024-02,central,nsq,Moxonidine Tablets BP (0.3 mg),MXDY0005,Jun-2022,May-2025,"MICRO LABS LIMITED UNIT-III, R.S.No. 63/ 3 & 4, Thiruvander Koil, Puducherry-605102",Dissolution,RDTL Chandigarh,portal,2024-02_all_nsq.json,22
2024-02,central,nsq,Acepik - P (Aceclofenac and Paracetamol Tablets),NKT230962A,May-2023,Apr-2025,"Nexkem Biotech Pvt. Ltd., Plot No. 64, HPSIDC, Industrial Area, Baddi, Distt. Solan (H.P.) - 173 205.",Disintegration,CDL Kolkata,portal,2024-02_all_nsq.json,23
2024-02,central,nsq,Cefuroxime Axetil Tablets IP 500 mg,JAK-20,May-2023,Apr-2025,"Agron Remedies Pvt. Ltd., Sarverkhera, Moradabad Road, Kashipur-244713 (Uttarakhand)",Dissolution and Assay of Cefuroxime Axetil calculated as Cefuroxime,RDTL Chandigarh,portal,2024-02_all_nsq.json,24
2024-02,state:RDTL Guwahati,nsq,DICLOFENAC SODIUM INJECTION I.P. 75mg/3ml,I213109,Jul-2023,Jun-2025,"ANG Lifesciences India Ltd., Village Malkumajra, Nalagarh Road, Baddi, Distt. Solan- 173205 (H.P.)",Description,RDTL Guwahati,portal,2024-02_all_nsq.json,25
2024-02,central,nsq,Trihexyphenidyl Hydrochloride Tablets IP 2 mg (Ridyl),AR-132,Jun-2023,May-2025,"Apex Formulations Pvt. Ltd., 1276, Rajpur, Ahmedabad- Mehsana Highway, Dist. Mehsana, Gujarat.",Assay,CDL Kolkata,portal,2024-02_all_nsq.json,26
2024-02,central,nsq,Serratiopeptidase Tablets (Serrizym Tablet),AT035M,Jul-2023,Jun-2025,"Arnav Research Laboratories, 435, G.I.D.C. 2, Dediyasan, Mehsana, Gujarat 384002",Assay,CDL Kolkata,portal,2024-02_all_nsq.json,27
2024-02,central,nsq,Ciprofloxacin Hydrochloride Tablets IP 500 mg,2331044,Jul-2023,Jun-2026,"Aurio Pharma Laboratories Pvt. Ltd., 26/1/1, S.H.K.B Sarani (Jawpur Road), Dumdum, Kolkata- 700 074",Dissolution,CDL Kolkata,portal,2024-02_all_nsq.json,28
2024-02,central,nsq,L-Asparaginase 10000 IU (L-ASGEN),BASL2205Y A,Mar-2022,Feb-2024,"Beta Drugs Ltd., Kharuni Lodhimajra Road, Vill. Nandpur, Baddi, Dist. Solan, Himachal Pradesh 173205",Particulate Matter (subvisible),CDL Kolkata,portal,2024-02_all_nsq.json,29
2024-02,state:RDTL Chandigarh,nsq,Ofloxacin and Ornidazole Tablets IP (Normal -OZ TABLETS),122257,Dec-2022,Nov-2024,"Biologics Inc., Suketi Road, Kala-Amb, Distt. Sirmour (H.P.)- 173030",Dissolution of Ofloxacin and Ornidazole,RDTL Chandigarh,portal,2024-02_all_nsq.json,30
2024-02,central,nsq,"Ambroxol Hydrochloride, Terbutaline Sulphate, Guaiphenesin and Menthol Syrup (AVTUS-TG SYRUP)",BL-36,Jul-2023,Jun-2025,"Boffin Biotech Pvt. Ltd., Vill. Behral, Paonta Sahib, Distt. Sirmour-173025 (H.P.)",Assay of Menthol,RDTL Chandigarh,portal,2024-02_all_nsq.json,31
2024-02,central,nsq,Telmisartan Tablets I.P. 40 mg (Telma 40),I8220890,Dec-2022,Nov-2025,"Glenmark Pharmaceutica ls Ltd., Samlik Marchak, Industrial Growth Centre, East Sikkim, Sikkim - 737135",Dissolution,CDL Kolkata,portal,2024-02_all_nsq.json,32
2024-02,central,nsq,Calcium and Vitamin D3 Tablets IP (MAHACAL -500),KSWAC014,May-2023,Apr-2025,"Hanuchem Laboratories, Plot No. 16-17, Sector - 5, Indl. Area, Parwanoo, Dist. Solan 173 220 (H.P.)",Assay of Vitamin D3,CDL Kolkata,portal,2024-02_all_nsq.json,33
2024-02,central,nsq,"Dextromethorphan Hydrobromide, Phenylephrine Hydrochloride & Chlorpheniramine Maleate Syrup (Zist- D)",HRL-070,Oct-2023,Sep-2025,"Household Remedies Pvt. Ltd., Plot No.6/35, Dewan And Sons Aliyali, Palghar- 401 404.",Microbial Limit test,CDTL Mumbai,portal,2024-02_all_nsq.json,34
2024-02,central,nsq,"Ambroxol,Guaiphenes in & Terbutaline Syrup (Bromex Expectorant)",BXE064,Sep-2023,May-2026,"Hygeia Pharmaceuticals MFG (P) Ltd., 608, Dwarir Road, Dhamaitala Dakshin Jagaddal, Pin - 700 151",Assay of Ambroxol Hydrochloride and Terbutaline Sulphate,CDL Kolkata,portal,2024-02_all_nsq.json,35
2024-02,central,nsq,Pantoprazole Gastro- resistant Tablets IP (Pantojohn - 20),T-2210131,Oct-2022,Sep-2025,"Johnlee Pharmaceuticals Pvt Ltd., By Aagya Biotech Pvt. Ltd., 1.5, Manglour- saharanpur road, Manglour- 247656, Roorkee, Haridwar.",Dissolution in buffer stage,CDTL Mumbai,portal,2024-02_all_nsq.json,36
2024-02,central,nsq,Amoxycillin Oral Suspension I.P. (Medmoxil 125),XMSD-001,Mar-2023,Aug-2024,"Laborate Pharmaceuticals India Ltd., 51, Indl, Area, Paonta Sahib (H.P.)",Stability,CDL Kolkata,portal,2024-02_all_nsq.json,37
2024-02,central,nsq,Calcium Carbonate and Vitamin D3 Tablets IP (Calcigiant 500 Tablets),NLT-17023,May-2023,Apr-2025,"Nutra Life Healthcare Pvt. Ltd., Plot No. 44-45, Shiv Ganga Industrial Estate, Lakeshwari, Bhagwanpur, Roorkee, Distt. Haridwar, Uttarakhand",Assay of Vitamin D3,CDL Kolkata,portal,2024-02_all_nsq.json,38
2024-02,central,nsq,Clarithromycin Tablets IP 250 mg,OT-231393,Oct-2023,Sep-2025,"Orchid Bio-Tech Limited, 65, Peerpura-Delhi Highway, Roorkee- 247667 (U.K.)",Dissolution,CDL Kolkata,portal,2024-02_all_nsq.json,39
2024-02,central,nsq,Rabeprazole Sodium & Domperidone Capsules (Deep SR Capsules),OC-23349,Nov-2023,Oct-2025,"Orchid Bio-Tech Limited, 65, Peerpura-Delhi Highway, Roorkee - 247667 (U.K.)",Dissolution of Rabeprazole & Domperidone,CDL Kolkata,portal,2024-02_all_nsq.json,40
2024-02,central,nsq,Liquid Formaldehyde 40% w/v (Formallin),FS-228A,Aug-2022,Jul-2025,"Pharm Asia Drug, 20-21, Panchal Compound, Survey No. 78/1, PH No. 17, New 45, Gram Lasudia Mori, Indore - 452 010 (M.P.)",Methyl Alcohol & Assay of Formaldehyde 40%w/v,CDL Kolkata,portal,2024-02_all_nsq.json,41
2024-02,central,nsq,Hydrogen Peroxide Topical Solution IP 6% w/v (20 Volume),HP23-021,Feb-2023,Jan-2025,"Pharm Asia Drug, 20-21, Panchal Compound, Survey No. 78/1, PH No. 17, New 45, Gram Lasudia Mori, Indore - 452 010 (M.P.)","Identification, Acidity, Non-volatile matter and Assay (Spurious)",CDL Kolkata,portal,2024-02_all_nsq.json,42
2024-02,central,nsq,Propofol Injection IP 500 mg/50 ml (Hyprovan 500 Injection),L3352301A,Jun-2023,May-2025,"Protech Telelinks, Mauza Ogli, Suketi Road, Kala Amb. Dist. Sirmour - 173030 (H.P.)",Assay of Propofol,CDL Kolkata,portal,2024-02_all_nsq.json,43
2024-02,state:RDTL Chandigarh,nsq,"Calcium Carbonate, Vitamin D3 and L- Lysine Suspension (Oscaid Suspension)",RL22070,Aug-2022,Jul-2024,"RACHIL PHARMA.., 18-19, Phase-1, Ind.Area, Sansarpur Terrace, Distt : Kangra (HP)- 176501","Description, Identification and Assay of Vitamin D3",RDTL Chandigarh,portal,2024-02_all_nsq.json,44
2024-02,state:RDTL Guwahati,nsq,Serratiopeptidase Tablets IP 10 mg (Serrarid-10),RT220358,Apr-2022,Mar-2024,"RIDLEY LIFE SCIENCE PVT. LTD, D-1651, DSIDC, Indl. Complex, Narela, Delhi-110040",Disintegration & Description,RDTL Guwahati,portal,2024-02_all_nsq.json,45
2024-02,state:RDTL Guwahati,nsq,Pheniramine Maleate Tablet I.P. (APVIL),RT220422,May-2022,Apr-2025,"Ridley Life Science Pvt. Ltd.,, D-1651, DSIDC, Indl. Complex, Narela, Delhi- 110040",Description,RDTL Guwahati,portal,2024-02_all_nsq.json,46
2024-02,state:RDTL Guwahati,nsq,Pheniramine Maleate Tablet IP (APVIL),RT220512,Jun-2022,May-2025,"RIDLEY LIFE SCIENCE PVT. LTD., D-1651, DSIDC Indl. Complex, Narela, Delhi-110040",Description,RDTL Guwahati,portal,2024-02_all_nsq.json,47
2024-02,central,nsq,Amikacin Injection IP 500 mg (Amikatas 500 mg),RV3044,Aug-2023,Jul-2025,"Ronam Healthcare Pvt. Ltd. Village- Kalujhanda, Tehsil- Baddi, Distt. Slolan (H.P.) 174103",Description & Particulate Matter,CDL Kolkata,portal,2024-02_all_nsq.json,48
2024-02,central,nsq,"Dextromethorphan Hyhdrobromide, Phenylephrine Hydrochloride and Chlorpheniramine Maleate Syrup (ROYCOF-DX SYRUP)",GL2301001,Jan-2023,Dec-2024,"Roseate Medicare, Village Anji, PO Barog, Distt. Solan, 173211 (H.P.) INDIA",Identification and Assay of Chlorpheniramine Maleate and Assay of Dextromethorphan Hydrobromide,RDTL Chandigarh,portal,2024-02_all_nsq.json,49
2024-02,central,nsq,Heparin Sodium Injection IP 25000 IU/5ml,22HE16,Oct-2022,Sep-2024,"SAI Parenterals Limited, D1 & D4, Survey No. 280, Phase-V, IDA, Jeedimetla, Hyderabad 500 055, Telangana, India","Description, Extractable Volume, Particulate Matter and Assay",CDL Kolkata,portal,2024-02_all_nsq.json,50
2024-02,central,nsq,Piroxicam Capsules IP (Piroxicam-20),KCC-03,Nov-2023,Oct-2025,"SGS Pharmaceutical (P) Ltd., E-13/1, Kavi Nagar Indl. Area, Sector - 17, Ghaziabad 201002 (U.P.)",Water content,CDL Kolkata,portal,2024-02_all_nsq.json,51
2024-02,central,nsq,"Ambroxol Hydrochloride, Levosalbutamol Sulphate and Guaiphenesin Syrup (KOFVON LS Syrup)",OL-032309,Mar-2023,Feb-2025,"Sickcure Pharmaceuticals, Plot No. 52A, Industiral Area, Gondpur, Tehsil-Paonta Sahib, Distt. Sirmour (H.P.) 173025",Ethylene Glycol (EG) is exceeding the permissible limit,RDTL Chandigarh,portal,2024-02_all_nsq.json,52
2024-02,central,nsq,"Chlorpheniramine Maleate, Dextromethorphan Hydrobromide and Phenylephrine Hydrochloride Syrup (Expotus-D Syrup)",LSF-B0075,Apr-2023,Mar-2025,"Spen Formulations Pvt. Ltd., Plot No- 123, Industrial Area, Mehatpur, Distt. UNA-174315 (H.P.)","Assay of Chlorpheniramine Maleate, Dextromethorphan Hydrobromide and Phenylephrine Hydrochloride",RDTL Chandigarh,portal,2024-02_all_nsq.json,53
2024-02,state:RDTL Guwahati,nsq,Levocetirizine Hydrochloride & Montelukast Sodium IP Tablets (Raremont- LC),TSF-B1689,Apr-2023,Mar-2025,"Spen Formulations Pvt. Ltd., Plot No- 123, Industrial Area, Mehatpur, Distt. UNA- 174315 (H.P.)",Dissolution and Assay of Montelukast,RDTL Guwahati,portal,2024-02_all_nsq.json,54
2024-02,central,nsq,POVIDONE-IODINE SOLUTION BP (VIDON),EVO310,Jun-2023,May-2026,"US PHARMA (I) PVT.LTD Plot No. 4, Gut No. 66, H.No. 827-830, Khupi Village, Near Kudus, Tal. Wada, Dist. Palghar, 421312, Maharashtra, India.",pH,CDTL Hyderabad,portal,2024-02_all_nsq.json,55
2024-02,central,nsq,Neostigmine Injection IP 0.5 mg/ml,V23034,Feb-2023,Jan-2025,"Vital Healthcare Pvt. Ltd., Plot No. H10 and H10/1, MIDC Satpur, Nashik.",pH and Assay of Neostigmine,CDL Kolkata,portal,2024-02_all_nsq.json,56
2024-02,central,nsq,"TERBUTALINE SULPHATE, BROMHEXINE HCl & GUAIPHENESIN SYRUP (NEFDYL-X)",WHL-01715,Nov-2023,Oct-2025,"Warner Hindusthan Pvt. Ltd.,. 24-85/7, Sy.No.548 & 551, Laxmi Narayana Nagar Colony, New IDA, Uppal, Hyderabad-39 (TS)",Assay of Bromhexine Hydrochloride,CDTL Hyderabad,portal,2024-02_all_nsq.json,57
2024-02,central,nsq,BROMHEXINE HYDROCHLORIDE SYRUP 4mg/5ml,31413,Aug-2023,Jul-2025,"Zenith Drugs Pvt. Ltd., 72/5, Muradpura (Orangpura) Dhar Road, Near Kalaria, Indore 453001 (MP) India",pH and Assay,CDTL Hyderabad,portal,2024-02_all_nsq.json,58
2024-03,central,nsq,Ferrous Ascorbate & Folic Acid Tablets (Faro-XT),FRO-1005,Aug-2023,Jul-2025,"Ultra Chiron Pharmaceuticals Pvt. Ltd., 575, Phase IX, Industrial Area, Mohali-160062",Description,CDL Kolkata,portal,2024-03_all_nsq.json,1
2024-03,central,nsq,"Guaiphenesin, Sulbutamol Sulphate, Bromhexine Hydrochloride & Menthol Solution (SALGIM)",SL-23-02,Sep-2023,Aug-2025,"G.M. Pharmaceuticals, A-67(204), Satindra Pally, Garia, Kolkata -700 084","Assay of Sulbutamol Sulphate, Bromhexine & Menthol",CDL Kolkata,portal,2024-03_all_nsq.json,2
2024-03,central,nsq,"Terbutaline Sulphate, Ambroxol Hydrochloride, Guaiphenesin & Menthol Syrup (GMBRON)",GB-23-03,Dec-2023,Nov-2025,"G.M. Pharmaceuticals, A-67(204), Satindra Pally, Garia, Kolkata -700 084","Assay of Terbutaline Sulphate, Ambroxol Hydrochloride & Menthol",CDL Kolkata,portal,2024-03_all_nsq.json,3
2024-03,central,nsq,Bupivacaine HCl in Dextrose Injection USP (5 mg+80 mg/ml),V23146,Jun-2023,May-2025,"Vital Healthcare Pvt. Ltd., Plot No. H10 and H10/1, MIDC Satpur, Nashik.",Description & Particulate Matter,CDL Kolkata,portal,2024-03_all_nsq.json,4
2024-03,central,nsq,Betamethasone Sodium Phosphate Tablets I.P. 0.5 mg (Betnesol),6H8X,Jul-2023,Jun-2025,"GlaxoSmithkline Pharmaceuticals Limited, A-10, M.I.D.C. Ambad- Pathardi Block, Nashik-422010",Assay of Betamethasone,CDL Kolkata,portal,2024-03_all_nsq.json,5
2024-03,central,nsq,Vitamin B Complex Tablets (PARAPLEX),PX-523,Mar-2023,Aug-2024,"High Tech Pharma, 49, Khandelwal Compound, Nemawar Road, Palda, Indore-452001",Assay of Vitamin B1 & Calcium Pantothenate,CDL Kolkata,portal,2024-03_all_nsq.json,6
2024-03,central,nsq,Dicyclomine Hydrochloride Injection I.P. 10 mg,RM-46,Feb-2023,Jan-2025,"SVP Life Sciences, C/10/1, Sara Industrial Estate, Selaqui, Dehradun, Uttarakhand",Description & Particulate Matter,CDL Kolkata,portal,2024-03_all_nsq.json,7
2024-03,central,nsq,Methylcobalamin Injection 1500 mcg / 2 ml (Mithcoll 1500 Injection),SVL-73,Nov-2023,Apr-2025,"SVP Life Sciences, C/10/1, Sara Industrial Estate, Selaqui, Dehradun, Uttarakhand",Description & Particulate Matter,CDL Kolkata,portal,2024-03_all_nsq.json,8
2024-03,central,nsq,Multiple Electrolytes and Dextrose Injection Type I IP (P-500 ml),P4FBW19,Apr-2023,Mar-2025,"Swaroop Pharmaceuticals Pvt. Ltd., A-10, Tala Nagari Industrial Area, Aligarh -202001 (U.P.)",Assay of Dextrose,CDL Kolkata,portal,2024-03_all_nsq.json,9
2024-03,state:RDTL Guwahati,nsq,Ramipril Tablets IP 5 mg. (Ramil- 5),T-5987,Jan-2023,Dec-2024,"Jackson Laboratories Pvt. Ltd, 22- 24, Majitha Road, Bye Pass, Amritsar-143 001 (India)",Dissolution,RDTL Guwahati,portal,2024-03_all_nsq.json,10
2024-03,state:RDTL Guwahati,nsq,Calcium and Vitamin D3 Tablets I.P.,UDT10723,Mar-2023,Aug-2024,"M/s. Unicure India Ltd,, C-21, 22 & 23, Sector-3, Noida-201 301, Distt. Gautam Budh Nagar (U.P.).",Description,RDTL Guwahati,portal,2024-03_all_nsq.json,11
2024-03,central,nsq,Sodium Valproate Gastro-resistant Tablets IP 200 mg,SVT1136,Jul-2023,Dec-2024,"Unicure India Ltd., C-21, 22 & 23, Sector-3, Noida-201 301, Distt. Gautam Budh Nagar (U.P.)",Dissolution in ACID stage,CDTL Mumbai,portal,2024-03_all_nsq.json,12
2024-03,central,nsq,Diacerein Tablets 50 mg,DCT1102,Oct-2023,Sep-2025,"Unicure India Ltd., C-21, 22 & 23, Sector-3, Noida-201 301, Distt. Gautam Budh Nagar (U.P.)",Description,CDTL Mumbai,portal,2024-03_all_nsq.json,13
2024-03,central,nsq,"Terbutaline Sulphate, Bromhexine Hydrochloride, Guaiphenesin & Menthol Syrup (Esytus plus)",L2310099,Oct-2023,Sep-2025,"Empree medicaments India Private Limited, 99 C and D KIADB Industrial Estate, Honaga, Belgavi 591156, Karnataka",Assay of Bromhexine Hydrochloride & Menthol,CDL Kolkata,portal,2024-03_all_nsq.json,14
2024-03,state:RDTL Guwahati,nsq,Montelukast Sodium & Levocetirizine Hydrochloride Suspension. (Lovega- M Suspension),TLL-2450,Dec-2022,Nov-2024,"Taksa Lifescience, E-47, Industrial Area, Focal Point Derabassi, Distt. Mohali",Assay of Montelukast,RDTL Guwahati,portal,2024-03_all_nsq.json,15
2024-03,central,nsq,Levocetirizine Dihydrochloride Tablets IP (Alerno Tablets),GTD0813A,Nov-2023,Oct-2025,"Digital Vision, 176, Mauza Ogli, Nahan Road, Kala-Amb, Distt. Sirmour (H.P.)-173030",Dissolution,RDTL Chandigarh,portal,2024-03_all_nsq.json,16
2024-03,central,nsq,Flupentixol Dihydrochloride and Melitracen Tablets (Flutol Tablets),FT-22741,Oct-2022,Sep-2024,"Foregen Healthcare Ltd., Unit : Plot No. 104-105, DIC Industrial Area, Baddi, Distt. Solan (HP)- 173205",Assay of Flupentixol Dihydrochloride calculated as Flupentixol and Melitracen Hydrochloride calculated as Melitracen,RDTL Chandigarh,portal,2024-03_all_nsq.json,17
2024-03,state:RDTL Guwahati,nsq,Co- Trimoxazole Oral Suspension I.P. (Altoprim Suspension),ML-4943,Dec-2022,Nov-2024,"Mancare Laboratories Pvt. Ltd., Plot No. 11, Pharmacity,Selaqui, Dehradun Uttarakhand- 248011",pH,RDTL Guwahati,portal,2024-03_all_nsq.json,18
2024-03,central,nsq,Ketoconazole Medicated Soap (Seboket Soap),SP-29,Nov-2022,Oct-2024,"MARS Medisoap, Changodar, Ahmedabad- 382213",Assay,CDL Kolkata,portal,2024-03_all_nsq.json,19
2024-03,central,nsq,Lactic Acid Bacillus Tablets 60 Million Spores,MT230908,Mar-2023,Feb-2025,"Mascot Health Series Pvt. Ltd., Plot No. 79, 80, Sector 6A, IIE, SIDCUL, Haridwar -249403",Assay of Gram positive endospore bearing rod shaped bacterium,CDL Kolkata,portal,2024-03_all_nsq.json,20
2024-03,central,nsq,Aluminium Hydroxide Gel-7HV IP/USP,AHG024923,Nov-2023,Oct-2026,"Meha Pharma Private Limited, Plot No. 281, Kundaim Industrial Estate, Kundaim, Goa-403115",Assay of Aluminium Hydroxide,CDL Kolkata,portal,2024-03_all_nsq.json,21
2024-03,central,nsq,Magnesium Hydroxide IP/BP/USP,MH025523,Nov-2023,Oct-2028,"Meha Pharma Private Limited, Plot No. 281, Kundaim Industrial Estate, Kundaim, Goa-403115",Substances insoluble in acetic acid,CDL Kolkata,portal,2024-03_all_nsq.json,22
2024-03,state:RDTL Chandigarh,nsq,Domperidone Tablets IP 10 mg (Domipen Tablets),E2K0571,Nov-2022,Oct-2024,"MOREPEN LABORATORIES LTD, Plot No. 12-B, Sector-2, Parwanoo, Distt. Solan (H.P.) 173220",Identification A,RDTL Chandigarh,portal,2024-03_all_nsq.json,23
2024-03,central,nsq,"Levosalbutamol Sulphate, Amrboxol HCI and Gauiphenesin Expectorant Syrup (ABRODOLL-S Cough Syrup)",ALL-1070,Nov-2023,Oct-2025,"Access Life Sciences, Khasra No. 551/3, Village Taksal Parwanoo Distt. Solan (HP)-173220",Assay of Levosalbutamol Sulphate calculated as Levosalbutamol,RDTL Chandigarh,portal,2024-03_all_nsq.json,24
2024-03,central,nsq,"Levosalbutamol Sulphate, Amrboxol Hydrochloride and Guaiphenesin Syrup (L- Melt Syrup)",ALL-1038,Nov-2023,Oct-2025,"Access Life Sciences, Khasra No. 551/3, Village Taksal Parwanoo Distt. Solan (HP)-173220",Assay of Ambroxol Hydrochloride,RDTL Chandigarh,portal,2024-03_all_nsq.json,25
2024-03,central,nsq,Enalapril Maelate Tablets IP 5 mg,T013002,Jun-2023,May-2025,"ANG Lifesciences India Ltd., Village Malkumajra, Nalagarh Road, Baddi, Distt. Solan-173205 (H.P.)",Assay of Enalapril Maleate,RDTL Chandigarh,portal,2024-03_all_nsq.json,26
2024-03,central,nsq,Heparin Sodium Injection I.P. 5000 IU / 5ml (Astriparin Injection 5000 IU / 5 ml),AGI-23077,May-2023,Apr-2025,"Astrica Healthcare Pvt. Ltd., At 440/3, Village Katha, Baddi, Dist. Solan (H.P.) - 173205",Description & Particulate Matter & Assay,CDL Kolkata,portal,2024-03_all_nsq.json,27
2024-03,central,nsq,"Terbutaline Sulphate, Ambroxol Hydrochloride, Guaiphenesin & Menthol Syrup (Cofcil-A)",CF-B1,Aug-2023,Jul-2025,"Bethel Medipharma Private Limited, 73A, James Long Sarani, Kolkata 700104","Assay of Terbutaline Sulphate, Ambroxol Hydrochloride & Menthol",CDL Kolkata,portal,2024-03_all_nsq.json,28
2024-03,central,nsq,"Ambroxol Hydrochloride Guaiphenesin, Terbutaline Sulphate & Menthol (Viriz - AT)",7704,Dec-2023,Nov-2025,"Bidhan Pharmaceuticals, Vill. Khalore, P.O. Bagnan, Dist. Howrah 711303",Assay of Menthol,CDL Kolkata,portal,2024-03_all_nsq.json,29
2024-03,central,nsq,"Ambroxol, Salbutamol, Guaiphenesin and Menthol (Nokaff Expectorant)",7709,Dec-2023,Nov-2025,"Bidhan Pharmaceuticals, Vill. Khalore, P.O. Bagnan, Dist. Howrah 711303","Assay of Ambroxol, & Guaiphenesin",CDL Kolkata,portal,2024-03_all_nsq.json,30
2024-03,central,nsq,Amoxicillin Tablets 500 mg (Moxyvec-500),TP-07,Jul-2022,Jun-2025,Not Mentioned,Description,CDTL Mumbai,portal,2024-03_all_nsq.json,31
2024-03,central,nsq,Telmisartan and Hydrochlorothiazide Tablets IP (Telverge H),BD231669H,Nov-2023,Oct-2025,"BIOALTUS PHARMACEUTICALS PVT. LTD., At: 19-20, DIC, Ind. Area, Baddi, Distt. Solan (H.P.) 173205",Dissolution of Hydrochlorothiazide,CDTL Hyderabad,portal,2024-03_all_nsq.json,32
2024-03,central,nsq,Ceftriaxone Injection IP (Lorisol 1000),24PB001,Jan-2024,Dec-2025,"Bueno Salud Care India Pvt. Ltd., K-20/21, Gallops Industrial Park- 2, Bavla Rajkot NH8, Vill. Vasana Chacharawadi, Ahmedabad- 382213, Gujarat",Clarity of solution,CDTL Mumbai,portal,2024-03_all_nsq.json,33
2024-03,central,nsq,Amoxycillin Dispersible Tablets IP 500 mg (Edmax- 500 DT),24TB004,Jan-2024,Dec-2025,"Bueno Salud Care India Pvt. Ltd., K-20/21, Gallops Industrial Park- 2, Bavla Rajkot NH8, Vill. Vasana Chacharawadi, Ahmedabad- 382213, Gujarat",Uniformity of weight,CDTL Mumbai,portal,2024-03_all_nsq.json,34
2024-03,central,nsq,Omeprazole Magnesium & Domperidone Tables (MOD Tablets),LLT-2614,Dec-2023,Nov-2025,"Cavendish Bio Pharma Pvt. Ltd. At Kh. No. 136, Raipur - 247 661 (Utarakhand)",Disintegration,CDL Kolkata,portal,2024-03_all_nsq.json,35
2024-03,central,nsq,Ocured Sterile Eye Drops 10 ml,USV2302,Aug-2023,Jul-2026,"Centaur Pharmaceuticals Pvt. Ltd., Plant-I, Plot No. 3, 5B, 2C, Tivim Industrial Estate, Karaswada, Mapusa, Goa-403526",Assay of Benzalkonium Chloride,CDL Kolkata,portal,2024-03_all_nsq.json,36
2024-03,central,nsq,Himulti Multi Vitamin Tablets,HM-1922,Dec-2022,May-2024,"High Tech Pharma, 49, Khandelwal Compound, Nemawar Road, Palda, Indore-452001",Assay of Vitamin A Acetate and Vitamin D3,CDL Kolkata,portal,2024-03_all_nsq.json,37
2024-03,central,nsq,Himulti Multi Vitamin Tablets,HM-1722,Dec-2022,May-2024,"High Tech Pharma, 49, Khandelwal Compound, Nemawar Road, Palda, Indore-452001",Assay of Vitamin A Acetate and Vitamin D3,CDL Kolkata,portal,2024-03_all_nsq.json,38
2024-03,state:RDTL Guwahati,nsq,Ofloxacin and Ornidazole Tablets IP. (Offlent- OZ),JBT-4315,Apr-2023,Mar-2025,"J.B. Remedies Pvt. Ltd., 11 th Mile Stone, Roorkee Road, K. H. No.: 298, Vill- Kurdi, Manglour, Roorkee, Distt. Haridwar- 247667 (U.K.)",Dissolution of Ofloxacin and Ornidazole,RDTL Guwahati,portal,2024-03_all_nsq.json,39
2024-03,central,nsq,"Levosalbutamol Sulphate, Ambroxol Hydrochloride & Guaiphenesin Syrup (Zembron - LS)",JL-231144,Nov-2023,Oct-2025,"Jineka Healthcare Private Limited, Khasra No. 507-525, Bedpur Crossing, Bhagwanpur Bypass, Roorkee, Distt. Haridwar (U.K.) 247667",Assay of Levosalbutamol,CDL Kolkata,portal,2024-03_all_nsq.json,40
2024-03,central,nsq,"Diclofenac, Paracetamol and Serratiopeptidase Tablets (Pardic - SP Tables)",JMT-2208520,Aug-2022,Jul-2024,"JMM Laboratories, Vill. Khari, Kala Amb., Tehsil: Nahan, Distt. Sirmour (H.P.) 173030",Assay of Serratiopeptidase,CDL Kolkata,portal,2024-03_all_nsq.json,41
2024-03,central,nsq,Ranitidine Tablets I.P. 150 mg,404423,May-2023,Apr-2025,"Karnataka Antibiotics & Pharmaceuticals Limited, Plot No. 14, Peenya, II Phase, Bengalurur - 560058, Karnataka",Description,CDL Kolkata,portal,2024-03_all_nsq.json,42
2024-03,central,nsq,Betamethasone Sodium Phosphate Tablets I.P. (Betalar-S),BT3-50,Dec-2023,Nov-2025,"Lark Laboratories (India) Ltd., At: SP-1192-E, RIICO Industrial Area, Phase IV, Bhiwadi 301019, Dist.- Alwar (Rajasthan)",Description,CDL Kolkata,portal,2024-03_all_nsq.json,43
2024-03,central,nsq,Rifaximin Tablets 200 mg (Foxigen-200),TX-17329,May-2023,Apr-2025,"Legen Healthcare Plot No. 20, Sector-5, Parwanoo, Distt. Solan, (H.P.) 173220",Dissolution,CDL Kolkata,portal,2024-03_all_nsq.json,44
2024-03,central,nsq,Rifaximin Tablets (Faxigen-550),TX-17503,Aug-2023,Jul-2025,"Legen Healthcare Plot No. 20, Sector-5, Parwanoo, Distt. Solan, H.P. 173220","Water, Dissolution & Assay",CDL Kolkata,portal,2024-03_all_nsq.json,45
2024-03,state:RDTL Guwahati,nsq,OFLOXACIN & ORNIDAZOLE TABLETS I.P. (AXIFLO-OZ TABLETS),MARMT-240,Oct-2022,Sep-2024,"M Sea Pharmaceuticals (P) Ltd. (A GMP ISO 9001: 2015 CERTIFIED CO., Surajpur, Paonta Sahib, Sirmour (H.P.)- 173025",Dissolution of Ofloxacin and Ornidazole,RDTL Guwahati,portal,2024-03_all_nsq.json,46
2024-03,central,nsq,"L acidophilus, L. rhamnosus, B. bifidum, B. longum, S. thermohilus, S. boulardii, F. saccharides and F. amylase capsules (Lactogerm Capsules)",OC-22566,Feb-2023,Jul-2024,"Orchid Bio-Tech Limited, 65, Peerpura-Delhi Highway, Roorkee 247667 (U.K.).","Identification and assay of Bifidobacterium species, Streptococcus thermophillus and Saccharomyces boulardii and Assay of Lactobacillus species",CDL Kolkata,portal,2024-03_all_nsq.json,47
2024-03,state:RDTL Chandigarh,nsq,Rabeprazole Sodium Gastro-Resistant Tablets IP 20 mg (Rben-20 Tablets),TJ231109,Oct-2023,Sep-2025,"ORCHID MEDLIFE PVT. LTD., Khasra No. 646/513,Vill. Kaundi, P.O. Thana, Tehsil Baddi, Distt. Solan (H.P.) 173205",Dissolution (Buffer stage),RDTL Chandigarh,portal,2024-03_all_nsq.json,48
2024-03,central,nsq,Sodium Valproate and Valproic Acid Controlled-Release Tablets 200 mg (Opi Soproate - 200),23E-T990,Aug-2023,Jul-2025,"Orison Pharma International Khari, Mauza Ogli, Kala amb- Distt. Simour, 173030 (H.P.)","Average weight, Dissolution & Description",CDTL Mumbai,portal,2024-03_all_nsq.json,49
2024-03,state:RDTL Guwahati,nsq,CALCIUM CARBONATE TABLETS IP 500 mg.,PT-30670,Apr-2023,Mar-2025,"Pharmaroots Healthcare, Khasra No. 411, Village Tipra, P.O. Barotiwala, Tehsil Baddi, Distt. Solan, H.P.",Disintegration,RDTL Guwahati,portal,2024-03_all_nsq.json,50
2024-03,state:RDTL Guwahati,nsq,CALCIUM CARBONATE TABLETS IP 500 mg.,PT-30665,Apr-2023,Mar-2025,"Pharmaroots Healthcare, Khasra No. 411, Village Tipra, P.O. Barotiwala, Tehsil Baddi, Distt. Solan, H.P.",Misbranded,RDTL Guwahati,portal,2024-03_all_nsq.json,51
2024-03,central,nsq,Cefpodoxime Proxetil Dispersible Tablets (TROYPOD 200 TABLETS),CT-0778A,Dec-2023,Nov-2025,"Saitech Medicare Pvt. Ltd., Village-Kheri, Trilokpur Road, Kala-Amb, Dist. Simour, (H.P.) 173030",Dissolution,RDTL Chandigarh,portal,2024-03_all_nsq.json,52
2024-03,state:RDTL Guwahati,nsq,Zinc Sulphate Tablets IP. (Saluzinc- 20),SPT230376,Feb-2023,Jan-2025,"SALUS PHARMACEUTICALS, 480/211, Harraipur, PO Gurumajra, Teh. Baddi, Distt. Solan (H.P.) 173205",Disintegration,RDTL Guwahati,portal,2024-03_all_nsq.json,53
2024-03,central,nsq,"Aceclofenac, Paracetamol & Serratiopeptidase Tablets (ACEMETIL-SP Tablets)",SD7744A,Dec-2023,Nov-2025,"Sigma Softgel & Formulation, Plot No. 171, HPSIDC, Industrial Area, Baddi 173205",Description,CDL Kolkata,portal,2024-03_all_nsq.json,54
2024-03,central,nsq,Metoprolol Tablets IP 25 mg,GM23018,Jul-2023,Jun-2025,"Skymap Pharmaceuticals Pvt. LTd., B-3, Dev Bhoomi Industrial Estate, Puhana Iqbalpur Road, Roorkee- 247 667",Related Substances,CDTL Mumbai,portal,2024-03_all_nsq.json,55
2024-03,central,nsq,Gentamicin Injection IP 40 mg,23BUI59,Sep-2023,Aug-2025,"SVP Life Sciences, C/10/1, Sara Industrial Estate, Selaqui, Dehradun, Uttarakhand","Particulate Matter, pH & Assay",CDL Kolkata,portal,2024-03_all_nsq.json,56
2024-03,central,nsq,Multiple Electrolytes and Dextrose Injection Type I IP (P-500 ml),P4FBW20,Apr-2023,Mar-2025,"Swaroop Pharmaceuticals Pvt. Ltd., A-10, Tala Nagari Industrial Area, Aligarh -202001 (U.P.)",Assay of Dextrose,CDL Kolkata,portal,2024-03_all_nsq.json,57
2024-03,central,nsq,"Aceclofenac, Paracetamol & Serratiopeptidase Tablets (TENAC-SP Tablets)",TT-011223,Dec-2023,Nov-2025,"Technica Lab & Pharma Pvt. Ltd., Plot No. 100, Sector-7, IIE, SIDCUL, Haridwar, Uttarakhand",Description & Assay of Serratiopeptidase,CDL Kolkata,portal,2024-03_all_nsq.json,58
2024-03,central,nsq,Montelukast Sodium & Levocetirizine Dihydrochloride Tables I.P. (Montor - LC Tablets),B18523003,Mar-2023,Feb-2025,"Torque Pharmaceuticals Pvt. Ltd., 13B-14, EPIP-1, Jharmajri, H.P. 173205",Dissolution,CDL Kolkata,portal,2024-03_all_nsq.json,59
2024-04,central,nsq,Senocartine (Levocarnitine Injection USP 1g / 5ml),RS23049,Aug-2023,Jan-2026,"M/s. Ratnatris Pharmaceuticals Pvt. Ltd., Survey No. 416, At Indrad, Tal- Kadi, Dist. Mehsana 382715 Gujarat, India",Description & Particulate Matter in Injections,CDL Kolkata,portal,2024-04_all_nsq.json,1
2024-04,central,nsq,Frusemide Injection IP 10mg / ml (Senfuro),RS23037,Aug-2023,Jul-2025,"M/s. Ratnatris Pharmaceuticals Pvt. Ltd., Survey No. 416, At Indrad, Tal- Kadi, Dist. Mehsana 382715 Gujarat, India",Particulate Matter,CDL Kolkata,portal,2024-04_all_nsq.json,2
2024-04,central,nsq,"Dextromethorphan HBr, Phenylephrine HCl & Chlorpheniramine Maleate Syrup (DEX HS Syrup)",S24B045,Feb-2024,Jan-2026,"M/s. Shri hari Pharmaceuticals, Vasdsar-Motibhoyan Road, Village: Vadsar - 382 721, Kalol District, Gandhinagar, Gujarat",Assay of Dextromethorph an Hydrobromide,CDL Kolkata,portal,2024-04_all_nsq.json,3
2024-04,central,nsq,Metoclopramide Injection IP 10mg / 2ml,23DQE20,May-2023,Apr-2025,"M/s. SVP Life Sciences, C/10/1, Sara Industrial Estate, Selaqui, Dehradun, Uttarakhand",Assay,CDL Kolkata,portal,2024-04_all_nsq.json,4
2024-04,state:SDTL Thiruvananthapuram,nsq,Bupivacaine Hydrochloride in Dextrose Inj. USP 0.50% 4 ml Amp,D2258/23- 24,Sep-2023,Aug-2025,"Supplied by M/s. Kerala Medical services Corporation Limited, Thycaud P.O, Thiruvananthapuram",It fails the test Sterility as per USP,SDTL Thiruvananthapuram,portal,2024-04_all_nsq.json,5
2024-04,central,nsq,Carvedilol Tablets IP 6.25 mg (Carviv-6.5 TABLETS),VDT-23931,Oct-2023,Sep-2025,"M/s. Vidhyasha Pharmaceuticals, 28, Industrial Area, Johron Trilokpur Road, Kala Amb, Distt. Sirmour, H.P.- 173030",Dissolution,RDTL Chandigarh,portal,2024-04_all_nsq.json,6
2024-04,central,nsq,Enteric Coated Rabeprazole Sodium and Domperidone (Sustained Release) Capsules (STOMCOOL DSR CAPSULES),SCDSR240 01,Feb-2024,Jan-2026,"M/s. VIP Pharmaceuticals Pvt. Ltd., Village, Manpura, Tehsil Nalagarh, Distt. Solan-174101 (H.P.)",Dissolution of Domperidone (8th hours) and Dissolution of Domperidone (12th hours),RDTL Chandigarh,portal,2024-04_all_nsq.json,7
2024-04,state:SDTL Thiruvananthapuram,nsq,Ciprofloxacin Tablets IP 500 mg,CPT 23022,Sep-2023,Aug-2026,"M/s. Vivek Pharmachem (India) Ltd, NH-8, Chimanpura, Amer, Jaipur- 303102",It fails the test ?Dissolution? as per IP,SDTL Thiruvananthapuram,portal,2024-04_all_nsq.json,8
2024-04,state:SDTL Thiruvananthapuram,nsq,Panion Tablets,7964,Apr-2023,Mar-2027,"M/s. Win Trust Pharmaceuticals Ltd. Dugri, Dhandra Road, Ludhiana",The sample is an Ayurvedic preparation It gives positive result for the presence of Diclofenac Sodium (Allopathic drug) and hence declared as Not of Standard Quality. The sample is a spurious drug.,SDTL Thiruvananthapuram,portal,2024-04_all_nsq.json,9
2024-04,central,nsq,Clindamycin and Adapalene Gel (CLON- A Gel),YEX-463,Jan-2024,Dec-2025,"M/s. Yaxon Biocare Pvt.Ltd., Plot No. 6, HSIIDC, Industrial Area Rai, Sonipat-131029 (HR).",Assay of Clindamycin Phosphate calculated as Clindamycin,RDTL Chandigarh,portal,2024-04_all_nsq.json,10
2024-04,central,nsq,Human Growth Hormone Inj. (Norditropin Nordiflex 15mg / 1.5ml),MC76638,May-2022,Apr-2024,"M/s. Novo Nordisk A/S Novo Alle, DK-2880 Bagsvaerd, Denmark, Imported by: Novo Nordisk India Prtivate Limited, Plot No. 32, 47-50, EPIP Area, Whitefield, Bangalore- 560066,",Description,CDL Kolkata,portal,2024-04_all_nsq.json,11
2024-04,central,nsq,"Pemolate Suspension (Paracetamol, Phenylephrine Hydrochloride & Chlorpheniramine Maleate Suspension)",407,Oct-2023,Sep-2025,"M/s. Pulse Pharma MFG. Co., S. No. 553, Lala Estate, Idar Highway Road, Savgadh, Himatnagar, Gujarat, India",Assay of Paracetamol & Phenylephrine Hydrochloride,CDL Kolkata,portal,2024-04_all_nsq.json,12
2024-04,central,nsq,Atropine Sulphate Injection IP,23UJ85,Oct-2023,Sep-2025,"M/s. SVP Life Sciences, C/10/1, Sara Industrial Estate, Selaqui, Dehradun, Uttarakhand","pH, Particulate Matter & Assay",CDL Kolkata,portal,2024-04_all_nsq.json,13
2024-04,central,nsq,"Ambroxol Hydrochloride, Terbutaline Sulphate, Guaiphenesin Menthol Syrup (Luzicough-T)",JL-231248,Dec-2023,Nov-2025,"M/s. Jineka Healthcare Private Limited, Khasra No. 507-525, Bedpur Crossing Bhagwanpur Bypass, Roorkee, Distt. Haridwar (U.K.) 247 667",Identification & Assay of Menthol and Assay of Terbutaline Sulphate,CDL Kolkata,portal,2024-04_all_nsq.json,14
2024-04,central,nsq,Cilnidipine Tablets IP (Cinatab -10),MT223472A,Jul-2022,Jun-2024,"M/s. Mascot Health Series Private Limited, Plot No. 79, 80, Sector-6A, IIE, SIDCUL, Haridwar 249 403.",Dissolution,CDL Kolkata,portal,2024-04_all_nsq.json,15
2024-04,central,nsq,"Terbutaline Sulphate, Ambroxol, Guaiphenesin and Menthol Syrup (Cufrish EXPECTORANT)",S-2245,Nov-2023,Oct-2025,"M/s. Northern India Chemical Works Pvt.Ltd., V.Dantal, MRT-250001",pH,RDTL Chandigarh,portal,2024-04_all_nsq.json,16
2024-04,central,nsq,Cefixime Trihydrate with Lactic Acid Bacillus Tablets I.P. (Presef-200 LB Tablets),BHCJ-009,Nov-2022,Oct-2024,"M/s. Pragti Remedies, Plot No. 143, G. S. Road Link, Ulubari Guwahati, Assam-781008",Identification & Assay of Cefixime and Gram Positive endospore bearing rod shaped bacterium. The sample deemed to be Spurious.,CDL Kolkata,portal,2024-04_all_nsq.json,17
2024-04,central,nsq,Tranexamic Acid Injection IP (GYNAEPIL Injection),ANO43004 R,Aug-2023,Jul-2025,"M/s. Psychotropics India Ltd., Plot No. 12, 12A, Industrial Park-2, Phase-1, Salempur, Mehdood-2, Haridwar-249403 (Uttarakhand)","Description, Related Substances & Particulate Matter",CDL Kolkata,portal,2024-04_all_nsq.json,18
2024-04,central,nsq,Cloxacillin Sodium Oral Suspension USP 125mg/5ml,RD220020,Jul-2022,Jun-2024,"M/s. RIDLEY LIFE SCIENCE PVT. LTD., D-1651, DSIDC Indl.Complex, Narela, Delhi-110040",Assay of Cloxacillin Sodium calculated as Cloxacillin,RDTL Chandigarh,portal,2024-04_all_nsq.json,19
2024-04,central,nsq,Telmisartan Tables IP (Telwide 80 Tablets),GT3F32,Jun-2023,May-2025,"M/s. Ritual Drugs Pvt. Ltd., Plot No. 271-272, Phase-I, HSIIDC, Barhi Industrial Area, Sonepat (HR) - 131 101",Description & Dissolution,CDL Kolkata,portal,2024-04_all_nsq.json,20
2024-04,central,nsq,Quinine Sulphate Tablets IP 300 mg (REZ-Q* 300),R22417106,Sep-2022,Aug-2024,"M/s. Shreya Life Sciences Pvt. Ltd., 13, 14, 15, Raipur, PO Bhagwanpur, Roorkee- 247 661, Uttarakhand.",Description,CDL Kolkata,portal,2024-04_all_nsq.json,21
2024-04,central,nsq,Amoxycillin and Pottasium Clavulanate with Lactic Acid Bacillus Tablets (Yamox-CL),SEB-23122,Sep-2022,Feb-2025,"M/s. Supermax Laboratories, Plot No. 40, Pharmacity, Selaqui Industrial Area, Dehradun - 248 011",Assay / Content of Gram Positive endospore bearing rod shaped bacterium,CDL Kolkata,portal,2024-04_all_nsq.json,22
2024-04,central,nsq,Thyroxine Sodium Tablets I.P. (THYROX- 75),MTC2338A,Apr-2023,Mar-2025,"M/s. Macleods Pharmaceuticals Ltd., Plot No. 2209, GIDC, Sarigam, Dist. Valsad 396 155",Dissolution,CDL Kolkata,portal,2024-04_all_nsq.json,23
2024-04,state:State Food & Drugs Lab Goa,nsq,Rabeprazole Sodium Tablets IP (CYRA),CA21880,Aug-2023,Jul-2025,"M/s. Mepro Pharmaceuticals Pvt. Ltd.; (Unit II), Q Road, Phase IV, GIDC, hwan- 363035, Dist. Surendranagar, Gujarat.",does not conform to IP Standards with respect to the test for dissolution,State Food & Drugs Lab Goa,portal,2024-04_all_nsq.json,24
2024-04,state:SDTL Thiruvananthapuram,nsq,Frusemide Injection IP 20 mg,FRIA-11,Nov-2023,Oct-2025,"M/s. Nestor Pharmaceuticals Ltd, 11, Western Extension Area, Faridabad -121001",It fails the test ?Sterility? as per IP,SDTL Thiruvananthapuram,portal,2024-04_all_nsq.json,25
2024-04,state:State Drugs Testing Laboratory Srinagar (Jammu & Kashmir),nsq,Exudase DP,3023118,Sep-2023,Aug-2025,"M/s. Ravenbhel Healthcare Pvt Ltd . 16-17, EPIP, SIDCO Kartholi Bari Brahmana Jammu -1881133 Mrk. By: Ravenbhel Pharmaceuticals (P) Ltd 7-A, Baba Budha Avenue G.T Road Amritsar- 143001","The sample fails in the test, ?Description of tablets?.",State Drugs Testing Laboratory Srinagar (Jammu & Kashmir),portal,2024-04_all_nsq.json,26
2024-04,central,nsq,Amoxycillin Oral Suspension IP,RD220034,Oct-2022,Sep-2024,"M/s. Ridley Life Science Pvt. Ltd., D- 1651, DSIDC, Indl. Complex, Narela, Delhi- 110040",Assay/Content of Amoxycillin,RDTL Guwahati,portal,2024-04_all_nsq.json,27
2024-04,central,nsq,Telmisartan Tablets IP 40 mg. (Tzil 40),189TTF002,Jan-2023,Dec-2024,"M/s. Swiss Garniers Biotech Pvt. Ltd., 21, Industrial Area, Mehatpur, District- Una, Himachal Pradesh-174 315, INDIA.",Dissolution,RDTL Guwahati,portal,2024-04_all_nsq.json,28
2024-04,state:SDTL Thiruvananthapuram,nsq,Salbutamol Nebuliser Solution BP,D 2259/23- 24,Jun-2023,May-2025,"Supplied by M/s. Kerala Medical services Corporation Limited, Thycaud P.O, Thiruvananthapuram",It fails the test Acidity pH as per BP,SDTL Thiruvananthapuram,portal,2024-04_all_nsq.json,29
2024-04,state:State Food & Drugs Lab Goa,nsq,Rabeprazole Sodium Tablets IP 20mg (RAB 20mg),UTGRBB3 04,Aug-2023,Jul-2026,"M/s. Khandelwal Laboratories Pvt. Ltd., Plot No. 20, Sector-6, IIE, Sidcul, Pantnagar, U. S. Nagar- Uttarakhand, 263153",does not comply to IP Standards with respect to dissolution test,State Food & Drugs Lab Goa,portal,2024-04_all_nsq.json,30
2024-04,state:SDTL Thiruvananthapuram,nsq,Amloheart-AT [Amlodipine Besylate and Atenolol Tablets],LE 223030,Mar-2023,Feb-2025,"M/s. Lividus Pharmaceuticals pvt.Ltd, ikeva level 2, Agnito Tech Park, 141, Kandanchavadi, Near Perungudi, OMR, Chennai- 600096",It fails the test ?Assay? as per IP,SDTL Thiruvananthapuram,portal,2024-04_all_nsq.json,31
2024-04,state:SDTL Thiruvananthapuram,nsq,Mucoid-A [Acetyl Cysteine & Ambroxol HCL Tablets ],MTT-6856,Dec-2023,Nov-2025,"M/s. MDC Pharmaceuticals Ltd, Unit-II, sai Road, Baddi- 173 205",The content of active ingredients is not within the limits of Schedule V of Drugs and cosmetic act and rules there under,SDTL Thiruvananthapuram,portal,2024-04_all_nsq.json,32
2024-04,state:State Lab Madhya Pradesh,nsq,Paracetamo Paediatric Oral Suspension IP 250 mg/ml,21350,Sep-2022,Aug-2024,"Zenith Drugs Pvt. Ltd. , 75/5, Muradpura(Orangepura), Dhar Road , Near Kalaria, Indore 453 001",The Sample failed in description,State Lab Madhya Pradesh,portal,2024-04_all_nsq.json,33
2024-04,central,nsq,Amlodipine Besylate Tablets IP 5 mg,1125,Nov-2023,Oct-2026,"M/s.Brilliant Lifesciences Pvt Ltd., At Chuval Dangarwa, Ta : Detroj Dist: Ahmedabad (Guj) India",Dissolution,CDTL Indore,portal,2024-04_all_nsq.json,34
2024-04,state:Not applicable,nsq,Instgra Tablets (Dolutegravir Tablets IP 50 mg),E16DV23 001,Feb-2023,Sep-2026,"Emcure Pharmaceutical s Ltd., Lane No. 3, Phase II, SIDCO, Bari- Brahmana, Jammu ? 181 133, India",Not applicable,Not applicable,portal,2024-04_all_nsq.json,35
2024-04,state:Not applicable,nsq,Telmisartan 40mg and Amlodipine 5mg Tablets I.P. (Telma- AM),18230073,Feb-2023,Jan-2026,"Glenmark Pharmaceutical s Ltd. Samlik Marchak, Industrial Growth Centre, East Sikkim, Sikkim-737135",Not applicable,Not applicable,portal,2024-04_all_nsq.json,36
2024-04,central,nsq,Cefixime Dispersible Tablets IP (Vixif-100 Tablets),SBT136B,Feb-2023,Jan-2025,"M/s. Amster Labs, Unit-II Hilltop, Ind. Estate, Vill. Bhatauli Kalan, Baddi, Dist. Solan (H.P.)",Disintegration,CDL Kolkata,portal,2024-04_all_nsq.json,37
2024-04,state:SDTL Thiruvananthapuram,nsq,Metronidazole Tablets IP 200 mg,2869A,Jul-2023,Jun-2025,"M/s. Arco Pharma Pvt Ltd, 1,2,3, Akshay Industrial Estate, Vasai, Palghar (M.S)",It fails the test ?Dissolution? as per IP,SDTL Thiruvananthapuram,portal,2024-04_all_nsq.json,38
2024-04,central,nsq,"Ambroxol, Guaiphenesin, Terbutaline and Menthol (Bromodex - T)",BDT-1257,Dec-2023,May-2025,"M/s. Aurio Pharma Laboratories Pvt. Ltd., Rabindra Sarani, Namita, Kolkata-700049",Assay of Menthol,CDL Kolkata,portal,2024-04_all_nsq.json,39
2024-04,central,nsq,Diphenhydramine Hydrochloride Capsules IP (XL Dryl-D Capsules),CPD240100 6,Jan-2024,Dec-2025,"M/s. Caspian Pharmaceuticals, Mauza Ogli, Suketi Road, Kala-Amb, Sirmaur-173030",Dissolution and Assay of Diphenhydramin e Hydrochloride,RDTL Chandigarh,portal,2024-04_all_nsq.json,40
2024-04,state:SDTL Thiruvananthapuram,nsq,Warfarin sodium Tablet IP 5 mg,TW250004,Jul-2023,Jun-2026,"M/s. Centurion Remedies pvt.Ltd, G/5, G/6, Idl.Estate, Gorwa, Vadodara 390016",It fails the ?Description?.,SDTL Thiruvananthapuram,portal,2024-04_all_nsq.json,41
2024-04,state:SDTL Thiruvananthapuram,nsq,Bimatoprost Eye Drops 3 ml,CHE-3036,Apr-2023,Mar-2025,"M/s. Cotec Healthcare Pvt.Ltd, K.H.No. 593/1 Roorkee , Dehradun , High way, Kishanpur, Roorkee- 247667 Uttarakhand",It fails the test ?Sterility? as per IP,SDTL Thiruvananthapuram,portal,2024-04_all_nsq.json,42
2024-04,central,nsq,Promethazine Hydrochloride Syrup IP (Phena Kid Syrup),DEML- 304269,Feb-2023,Jan-2025,"M/s. Dr. Edwin Medilabs Pvt. Ltd., Plot No. B-29, Industrial Area, Focal Point Chanalon, Kurali, SAS Nagar - 140 103 (pb)",Assay,CDL Kolkata,portal,2024-04_all_nsq.json,43
2024-04,central,nsq,"Dextromethorphan Hydrobromide, Phenylephrine Hydrochloride, Chlorphenamine Maleate & Menthol Syrup (Tuspress)",23CH0250,Dec-2023,Nov-2026,"M/s. Enicar Pharmaceuticals Pvt. Ltd., Plot No. J-214, 215, 216, MIDC, Tarapur, Boisar, Dist. Palghar- 401506",Assay of Menthol,CDL Kolkata,portal,2024-04_all_nsq.json,44
2024-04,state:SDTL Thiruvananthapuram,nsq,Sallaki Tablets,AB 23055,Nov-2023,Oct-2026,"M/s. Gufic Biosciences Limited, 703, Udayambag, Belgaum, Karnataka",The sample fails the test Disintegration as per API,SDTL Thiruvananthapuram,portal,2024-04_all_nsq.json,45
2024-04,central,nsq,Neostigmine Mehtysulphate Injection IP (N-MINE Injection),HINM23002 B,Feb-2023,Jan-2025,"M/s. Health Biotech Ltd., Village Sandoli, Nalagarh Road, Baddi, Distt.Solan (H.P.) India-173205",Identification (A),RDTL Chandigarh,portal,2024-04_all_nsq.json,46
2024-04,state:State Drugs Testing Laboratory Srinagar (Jammu & Kashmir),nsq,Ceftriaxone Injection IP 250 mg (JKMSCL Hospital Supply),HD1607F,Jun-2023,May-2025,M/s. Himalaya Meditek Pvt Ltd Plot No. 35 & 36 Pharmacity Selaqui Ind. Area Dehradun - 248197,The sample fails in Uniformaity of weights & Assay/Contents are found less than the label claim,State Drugs Testing Laboratory Srinagar (Jammu & Kashmir),portal,2024-04_all_nsq.json,47
2024-04,central,nsq,AMOXYCILLIN TRIHYDRATE I.P. (MARKMOX ORAL SUSPENSION I.P.),OD-598,Apr-2023,Mar-2025,"M/s. J.R.S. ORYX PHARMACEUTICALS (P) LTD., 217- 218, Sector-3, H.S.I.I.D.C., KARNAL- 132001 (India)",Assay,RDTL Guwahati,portal,2024-04_all_nsq.json,48
2024-04,central,nsq,Cyclosporine Capsules IP 25 mg (Cycloclean- 25),RDCPH230 02,Oct-2023,Sep-2025,"M/s. Johnlee Pharmaceuticals Pvt. Ltd., Plot No. 10, 11, Sector 6B, IIE, SIDCUL, Haridwar, 249403",Water,CDL Kolkata,portal,2024-04_all_nsq.json,49
2024-04,central,nsq,Ofloxacin and Ornidazole Tablets IP,6001523,Jun-2023,May-2026,"M/s. Karnataka Antibiotics and Pharmaceuticals Limited, Plot No-14, Peenya-II, Phase, Bengalluru- 560058, Karnataka.",Description,CDL Kolkata,portal,2024-04_all_nsq.json,50
2024-04,central,nsq,Gabapentin Tablets IP (Gabon-300),MT225040,Nov-2022,Oct-2024,"M/s. Mascot Health Series Private Limited, Plot No. 79, 80, Sector-6A, IIE, SIDCUL, Haridwar 249 403.",Related Substances,CDL Kolkata,portal,2024-04_all_nsq.json,51
2024-04,state:Not applicable,nsq,"Cefixime Trihydrate with Lactic Acid Bacillus Tablets LP. (Presef 200 ""LB Tablets) ?Serial No. 14 of NSQ alert of April, 2024""",BHCJ-009,Nov-2022,Oct-2024,"Pragti Remedies Plot No. 143 GSRoad Link Ulubari Guwahathi Assam 781008 (This firm does not exist at the given address as per SDC, Assam vide letter no- CFDA/2019/05/ PT-1/1073, Dt. 19.03.2024)""",Not applicable,Not applicable,portal,2024-04_all_nsq.json,52
2024-04,state:Not applicable,nsq,Domperidone and Naproxen Sodium Tablets (Naxdom 500),FHA0966,Dec-2023,Nov-2026,"Pure and Cure Healthcare Pvt. Ltd. Plot No. 26A, 27-30, Sector-8A, I.I.E., Sidcul, Ranipur, Haridwar-249 403 (Uttarakhand)",Not applicable,Not applicable,portal,2024-04_all_nsq.json,53
2024-04,state:State Lab Madhya Pradesh,nsq,Paracetamo Paediatric Oral Suspension IP 125 mg/ml,L-0475,Oct-2022,Sep-2024,"Quest laboratories Pvt. Ltd., Plot No. 45, Sector III, Pithampur, Dist. Dhar- 454 775",The Sample failed in description,State Lab Madhya Pradesh,portal,2024-04_all_nsq.json,54
2024-04,state:Not applicable,nsq,Rifaximin Tablets (Rifagut 400),GKE0938 A,Jun-2023,May-2025,"Sun pharma laboratories ltd. Plot No. 754, Setipool, Nandok Block, R.O. Ranipool, East Sikkim- 737",Not applicable,Not applicable,portal,2024-04_all_nsq.json,55
2024-05,central,nsq,Gentamicin Sulphate Injection I.P. 2ml,323-216,Mar-2023,Feb-2025,"ZEE LABORATORIES LTD., Behind 47, Indl. Area, Paonta Sahib- 173025","The sample does not conforms to I.P. with respect to the test for ""Particulate matter"" and is also not of standard quality for the reason stated under ""Description""",CDL Kolkata,portal,2024-05_all_nsq.json,1
2024-05,state:State Lab Drugs Control,nsq,"Tolcenta-P Tablets,",ZT22806,Dec-2022,Nov-2024,Zenomed Health Care Pvt.Ltd. (ISO &,NOT OF STANDARD QUALITY,State Lab Drugs Control,portal,2024-05_all_nsq.json,2
2024-05,central,nsq,TELMISARTAN ANDAMLODIPINE TABLETS IP,TE3016A,May-2023,Apr-2025,"M/s. NavkarLifesciences,Plot No. 76, LodhiMajra, Industrial Area, Baddi, Distt. Solan (H.P.)",The sample received DOES NOT CONFORM toI.P.2022Specification with respect to the test parameters Dissolution and Assay of Amlodipine Besylate equivalent to Amlodipinecontentonly. CDTLHREPORTNO.: CDTLH/1510/F- 1068/2023-24,CDTL Hyderabad,portal,2024-05_all_nsq.json,3
2024-05,central,nsq,CefuroximeAxetil Tablets IP,DB23030 4,Dec-2023,Nov-2025,"Daxin Pharmaceuticals Pvt.Ltd.,PlotNo 121-122 EPIP, Jharmajri Phase 1, Teh. Baddi, Distt. Solan (H.P.) - 174103",The sample does not conforms to claim as per IP 2022in respect to the Test of Dissolution of Cefuroxime Axetil equivalent to Cefuroxime,CDL Kolkata,portal,2024-05_all_nsq.json,4
2024-05,central,nsq,Cuftin COUGH LINCTUS,ECT- 2421,Sep-2023,Aug-2025,"ELFOS LABORATORIES,at :F-54,M.I.Area, JAIPUR- 17",The sample does not conforms to claim as per Patent and Proprietary in respect to the Assay of Sodium Citrate,RDTL Chandigarh,portal,2024-05_all_nsq.json,5
2024-05,central,nsq,Prednisolone TabletsIP10mg,PRDT- 1007,Nov-2022,Oct-2024,"WINGSBIOTECH LLP,43 & 44, HPSIDC,Industrial Area, Baddi - 173205 (H.P.)",The sample does not conforms to claim as per IP 2018 and Addendum 2021 in respect to the Assay of Prednisolone,RDTL Chandigarh,portal,2024-05_all_nsq.json,6
2024-05,central,nsq,Ceftriaxone Injection I.P,324-166,Feb-2024,Jul-2026,"Zee Laboratories Limited,,Behind47, Industrial Area, Paonta Sahib- 173205.","The sample does not complies to claim as per IP 2022in respect of test for appearance of solution, clarity of solution, particulate matter and sterility (Powder for Injection).",CDL Kolkata,portal,2024-05_all_nsq.json,7
2024-05,central,nsq,Clonazepam TabletsI.P.0.5mg,04L23T0 3,Dec-2023,Nov-2026,"M/s. Shine Pharmaceuticals Limited,, PlotNo. 132, Karjan- Vermardi Road, Juni Jitherdi, Ta. Karjan-391240, Dist: Vadodara, (Gujarat).",The sample does not conforms to claim as per IP in respect to The Test of Related Substances,CDL Kolkata,portal,2024-05_all_nsq.json,8
2024-05,central,nsq,Dexamethasone Sodium Phosphate Injection I.P. (8mg/2ml),323-885,Aug-2023,Jul-2025,"ZEE LABORATORIES LTD.,Behind47, Industrial Area, Paonta Sahib- 173025","The sample does not conforms to IP with respect to test for ""Free Dexamethasone"", ""Particulate matter,"", ""Extractable volume"" ,""Assay of Dexamethasone Sodium Phosphate calculated as Dexamethasone Phosphate"" and is also not of standard quality for the reason stated under ""Description"".",CDL Kolkata,portal,2024-05_all_nsq.json,9
2024-05,central,nsq,Cefotaxime InjectionIP500mg,CTI2308 1,Aug-2023,Jan-2025,"M/s. Vivek Pharmachem (India) Ltd., NH-8, Chimanpura, Amer, Jaipur-303 102 INDIA","The sample does not conforms to I.P. with respect to the Test for 'Related Substances', 'Particulate matter' and 'Clarity of solution'",CDL Kolkata,portal,2024-05_all_nsq.json,10
2024-05,central,nsq,Pantoprazole Tablets I.P..,PAA-507,Jun-2023,May-2025,"Healers Lab, Unit II, Plot No. 33, H.P.S.I.D.C., Extn., Baddi, Distt.Solan (H.P.)",The sample Does not complies conforms to Manufacturer Specification with respect to the above tests only.,RDTL Guwahati,portal,2024-05_all_nsq.json,11
2024-05,central,nsq,Pantoprazole Tablets I.P..,PAA-507,Jun-2023,May-2025,"Healers Lab, Unit II,Plot No. 33, H.P.S.I.D.C., Extn., Baddi,Distt.Solan (H.P.)",The sample Does not complies conforms to Manufacturer Specification with respect to the above tests only.,RDTL Guwahati,portal,2024-05_all_nsq.json,12
2024-05,central,nsq,Dexamethasone SodiumPhosphate Injection I.P,DSA123 13,Jul-2023,Jun-2025,"M/s Nandani Medical Laboratories Pvt. Ltd.,,221/5,Bicholi Hapsi, Kanadia Road, Indore",The sample does not conforms to IP with respect to Assay/ content of Dexamethasone Phosphate,CDL Kolkata,portal,2024-05_all_nsq.json,13
2024-05,central,nsq,"Ambroxol HCl, Levosalbutamoland Guaiphenesin Syrup",VDL- 1240,Jul-2022,Jun-2024,"VVPB Pharmaceuticals Pvt. Ltd.,Kh. No. 114, Vill. Damowala, P.O. Barotiwala, Baddi, Distt. Solan (H.P.)",The sample does not conforms to claim as per Patent and Proprietary in respect to the Test of Diethylene Glycol (DEG) and Assay of Ambroxol Hydrochloride,RDTL Chandigarh,portal,2024-05_all_nsq.json,14
2024-05,central,nsq,Atropine Sulphate Injection IP,23UG18,Jul-2023,Jun-2025,"SVP LIFE SCIENCES,C/10-1 Sara Industrial Estate, Selaqui, Dehradun",The sample does not conforms to claim as per IP2022in respect to the Test of pH and Assay of Atropine Sulphate,RDTL Chandigarh,portal,2024-05_all_nsq.json,15
2024-05,central,nsq,Cefixime & Ofloxacin Tablets,DB23005 7,Feb-2023,Jan-2025,"Daxin Pharmaceuticals Pvt.Ltd.,PlotNo 121-122 EPIP, Jharmajri Phase1, Teh. Baddi, Distt. Solan (H.P.) -174103",The sample does not conforms to claim as per Schedule V of Drugs & Cosmetics Act with respect to the Assay of Cefixime Trihydrate eq. to anhydrous Cefixime and Assay of Ofloxacin,CDL Kolkata,portal,2024-05_all_nsq.json,16
2024-05,central,nsq,Diclofenac Sodium and Paracetamol Tablets IP,RCT230 50,Jun-2023,Feb-2026,"Galpha Laboratories Limited..,Village - Thana, Baddi, Himachal Pradesh- 173 205..",The sample does not conforms to claim as per IP in respect to the Test of Description,CDL Kolkata,portal,2024-05_all_nsq.json,17
2024-05,central,nsq,Metronidazole Extended Release Tablets USP 600 MG,TC- 060323,Mar-2023,Feb-2025,"Technica Lab & Pharma Pvt.Limited, Plot No. 100, Sector- 7, IIE, SIDCUL ,Haridwar, Uttarakhand",The sample does not conform to U.S.P with respect to the test of Dissolution.,CDL Kolkata,portal,2024-05_all_nsq.json,18
2024-05,central,nsq,Fluconazole Tablets IP (150 mg)..,UGT233 38,Mar-2023,Feb-2025,"Unimark Healthcare Ltd., Plot No.: 24, 25 & 37 Sector 6 A, SIDCUL, Haridwar - 249403 (Uttarakhand)",The sample received does not conform to the I.P.2022 standard with respect to the test for Related substances.,CDTL Mumbai,portal,2024-05_all_nsq.json,19
2024-05,"state:State Lab Drugs Control Laboratory, Telangana.",nsq,"DofloxOZT Tablets, Ofloxacin&Ornid azole Tablets",DDX230 1,Jun-2023,May-2026,"Doctor's Vet-Pharma Pvt.Ltd, P.R. Palem (V), Kovur(M), SPSR Nellore Dist. Andhra Pradesh. Mrkt: Doctor's Life Sciences (India) Ltd, Survey NO. 263/1, 264/1, P.R. Palem (V),",MISBRANDED The drug product Ofloxacin and Ornidazole Tablets is official in Indian Pharmacopoeia. But the letters IP is not mentioned on the strip after the product name Ofloxacin and Ornidazole Tablets.,"State Lab Drugs Control Laboratory, Telangana.",portal,2024-05_all_nsq.json,20
2024-05,"state:State Lab Drugs Control Laboratory, Telangana.",nsq,". Pedxim-200 Tablets, Cefpodoximepro xetil Tablets 200 mg,",TBL-2676,Apr-2023,Mar-2025,"Ticomapharmaciae-17 Focal Pont, Derabassi-140507, Distt. Mohali (Punjab) Punjab.",MISBRANDED The product name (title) indicated on the label is as CefpodoximeProxetil Tablets 200 mg instead of CefpodoximeProxetil Dispersible Tablets 200 mg. The label of the product does not state that the tablets should be dispersed in water immediately before use. Hence the product is not labeled in the prescribed manner and is deemed to be Misbranded drug as per section 17(c) of Drugs and Cosmetics Act.,"State Lab Drugs Control Laboratory, Telangana.",portal,2024-05_all_nsq.json,21
2024-05,"state:State Lab Drugs Control Laboratory, Telangana.",nsq,"Disinfectants, Surgical Spirit BP",SS-053011,May-2023,Apr-2025,"Transflexjawaharnagar, Raipur, (C.G)- 492001, Chhattisgarh.","MISBRANDED As per rule R.124 the drug is included in the current edition of Indian Pharmacopoiea 2022. Hence standards shall be of those as specified in Indian Pharmacopoiea 2022. But the subject drug Surgical spirit bears the letters B.P after the drug name instead of IP. As per rule 96 and 104 as the drug shall be in accordance with standards set out in Indian Pharmaopoiea, the name of the drug surgical spirit shall be followed by the letters IP. As the subject drug is not confirming to the said labelling requirements the drug shall be deemed to be Misbranded as per section 17.","State Lab Drugs Control Laboratory, Telangana.",portal,2024-05_all_nsq.json,22
2024-05,central,nsq,Dexamethasone Sodiumphosphate Injection IP,DX-2305,May-2023,Apr-2025,"M/s.Konis Pharmaceuticals, Krishna Nagar - 522502 (A.P.)",The sample does not conforms to claim as per IP2022 in respect to the Test of Description and Particulate matter,CDL Kolkata,portal,2024-05_all_nsq.json,23
2024-05,"state:State Lab Drugs Control Laboratory, Telangana.",nsq,"Cyra Tablets, Rabeprazole Sodium Tablets IP",CA21868,Jul-2023,Jun-2025,"Mepro Pharmaceuticals Pvt.Ltd, Unit-II, Q Road, Phase -IV, G.I.D.C. Wadhwan -363035, Dist. Surendranagar, Gujrat.","NOT OF STANDARD QUALITY The tablets does not complies in buffer stage for the dissolution test parameter, hence it is NOT OF STANDARD QUALITY.","State Lab Drugs Control Laboratory, Telangana.",portal,2024-05_all_nsq.json,24
2024-05,"state:State Lab Drugs Control Laboratory, Telangana.",nsq,Nagris Pakeezah Art Henna (3 Henna Cones),-,,,"Nagris Herbs, LN Nagar, Jiyaguda, Hyderabad.","NOT OF STANDARD QUALITY A. The sample does not conform to the test for determination of absence of Picramic Acid as per BIS standard IS 17318:2020 as required as per rule 39 (Standard of Cosmetics) 2020. B. As the cautions do not use for coluring eyelashes or eyebrows. Do not use on cut, Irritated or abranded skin as per Bis Standard IS 17318: 2020 is not mentioned on the label of the cosmetic sample. Hence, the sample not labeled in the prescribed manner and deemed to be Misbranded Cosmetics as","State Lab Drugs Control Laboratory, Telangana.",portal,2024-05_all_nsq.json,25
2024-05,central,nsq,Acetylsalicylic Acid Tablets 75 mg,JTN23- 211,Jul-2023,Jun-2026,"AK Krishna Pharma Pvt.Ltd.,Plot No. 68, 69 &82,83 Sector-6A, Sidcul, IIE, Dist. Haridwar, Uttarakhand, India.",Sample does not conforms to IP with respect to test for Dissolution.,CDL Kolkata,portal,2024-05_all_nsq.json,26
2024-05,central,nsq,Montelukast Sodium & Levocetirizine Hydrochloride Tablets,ATA-176,Feb-2023,Jan-2025,"Alliaance Biotech,,440/3, Village Katha, Baddi, Distt.Solan (HP) - 173205",The sample does not conform to I.P. with respect to the above tests only.,RDTL Guwahati,portal,2024-05_all_nsq.json,27
2024-05,central,nsq,Paracetamol 500 mg. Tablets,PAR-31,Aug-2023,Jul-2026,"ASKON HEALTH CARE,11-B, INDUSTRIAL AREA, MAXI ROAD,UJJAIN- 456010(M.P.)",The sample Does not Complies conforms to I.P. with respect to the above tests only.,RDTL Guwahati,portal,2024-05_all_nsq.json,28
2024-05,central,nsq,Vildagliptinand Metformin Hydrochloride Tablets IP 50mg/1000mg,VMC04G 23A,Oct-2023,Sep-2025,"Bajaj Healthcare Ltd.,R.S.No.1818, Manjusar ? Savli Road, At & Post- Manjusar, Tal. Savli, Dist. Vadodara- 391775.",The sample does not conform to IP with respect to the test for Dissolution and Assay of Vildagliptin.,CDL Kolkata,portal,2024-05_all_nsq.json,29
2024-05,central,nsq,TELMISARTAN AND METOPROLOL SUCCINATE (EXTENDED RELEASE) TABLETS,BD23178 0H,Dec-2023,Nov-2025,"BIOALTUS PHARMACEUTICA LS PRIVATE LIMITED,(A WHO GMP CERTIFIED COMPANY) At: 19- 20, DIC, Ind. Area, Baddi, Distt. Solan, (H.P.) 173205",NOTE: THE SAMPLE RECEIVED DOES NOT CONFORM TO MANUFACTURERS SPECIFICATION WITH RESPECT TO THE TEST FOR DISSOLUTION FOR THE CONTENT OF METOPROLOL SUCCINATE EQUIVALENT TO METOPROLOL TARTRATE(EXTENDED RELEASE) AT THE FINAL TEST TIME (20th HOUR) OF L1+L2+L3 LEVEL ONLY. CDTLHREPORTNO.: CDTLH/1527/F-,CDTL Hyderabad,portal,2024-05_all_nsq.json,30
2024-05,central,nsq,"Mecobalamin, AlphaLipoicAcid, Pyridoxine Hydrochlorideand Folic Acid Soft Gelatin Capsules",DBIS- 8591,Nov-2023,Oct-2025,"Broad Injectables,PlotNo. 51-52, Ind. Area TahliwalDistt. Una 174301 (H.P.)",The sample does not conforms to claim as per Schedule V of Drugs and Cosmetics Act with respect to the Assay/content of Mecobalamin and PyridoxineHydrochloride,CDL Kolkata,portal,2024-05_all_nsq.json,31
2024-05,central,nsq,Ceftriaxone for InjectionI.P.1gm,DC3011 9,Oct-2023,Sep-2025,"Captab Biotec, Unit- II, Plot No.125, E.P.I.P. Road, Mauja, Jharmajri, Baddi, Distt. Solan, H.P.","The sample does not conforms to I.P. with respect to test for ""Particulate Matter",CDL Kolkata,portal,2024-05_all_nsq.json,32
2024-05,"state:State Lab Drugs Control Laboratory, Telangana.",nsq,"Oxifer-XT Tablets, Ferrous ascorbate elemental iron, Folic acid & Zinc sulphate Tablets,",EOX 2306,Dec-2023,May-2025,"Eminent Remedies Plot No. 9/1/A, Road, NO.14 Near Telangana Foods IDA, Nacharam, Hyderabad -500076 (TS), Telangana. Mrkt: Organic Pharma, H.No. 7-67/G3, Hyderabad.",NOT OF STANDARD QUALITY Sample does not meets the Specifications wrt Assay of elemental Iron (Ferrous Ascorbate).,"State Lab Drugs Control Laboratory, Telangana.",portal,2024-05_all_nsq.json,33
2024-05,central,nsq,"LevosalbutamolSul phate,AmbroxolHC L,Guaiphenesin Syrup",5346,Mar-2024,Feb-2026,"Esquire Drug House,138, GIDC, Estate,Wadhwan City, District Surendranagar 363035 (Gujarat)","The sample does not conform to claim as per Schedule V of Drugs & Cosmetics Act with respect to Assay of Levosalbutamol Sulphate Equivalent to Levosalbutamol. NB:The sample does not give positive test for Diethylene glycol and is found to contain 0.0071 % w/v Ethylene glycol; (Limit NMT 0.1% w/v, Method: GC, Ref: USP under the monograph of Propylene glycol,)",CDL Kolkata,portal,2024-05_all_nsq.json,34
2024-05,central,nsq,Ceftriaxone Injection IP,C2402- 02F,Feb-2024,Jan-2026,"Integrated Laboratories Pvt. Ltd., Nahan Road. Vill. Moginand, Kala Amb, Distt. Sirmour (H.P.)- 173030","The sample does not conform to IP with respect to the Particulate matter, Clarity of Solution and for the reason stated under Description",CDL Kolkata,portal,2024-05_all_nsq.json,35
2024-05,central,nsq,Calcium 500 mg withVitaminD3250 IU Tablets IP,LMT240 263,Mar-2023,Feb-2026,"Life Max Cancer Laboratories , Plot No. 106 & 106 A, Sector-6A, IIE, SIDCUL, Haridwar- 249403 (U.K)",The sample Does not Complies conforms to I.P. with respect to the above tests only.,RDTL Guwahati,portal,2024-05_all_nsq.json,36
2024-05,"state:State Lab Drugs Control Laboratory, Telangana.",nsq,"Rabedin tablet Tablets, Rabeprazole Sodium Gastro-Resistant Tabelts IP,",LV23HT-034B,Aug-2023,Jan-2025,"LV life Sciences VPO Gurumajra, BaddiDistt. Solan(H.P)-174101. Himachal Pradesh. Mrkt: Odin Healthcare Pvt.Ltd, Plot No. 1, Industrial Area, ChambaghatSolan, H.P. - 173 213.","NOT OF STANDARD QUALITY The sample does not meet the acid stage acceptance criteria as per IP specifications, hence it is declared as NOT OF STANDARD QUALITY.","State Lab Drugs Control Laboratory, Telangana.",portal,2024-05_all_nsq.json,37
2024-05,central,nsq,Cefoperazone& Sulbactam for Injection,B- 22680D,Jan-2023,Dec-2024,"Pace Biotech, Surajpur, Paonta Sahib, Dist- Sirmour (H.P)- 173001","The sample does not conforms to claim as per The Schedule V of The Drugs and Cosmetics Act,1940withrespectto the Test for 'Clarity of solution' and' Particulate matter'",CDL Kolkata,portal,2024-05_all_nsq.json,38
2024-05,central,nsq,Ramipril & Hydrochlorthiazide Tablets IP,PT- 31954,Jul-2023,Jun-2025,"PharmarootsHealthcare, Khasra No. 411, Village Tipra, P.O. Barotiwala, Tehsil Baddi,Distt.Solan, H.P.",The sample received does not conform to the I.P.2022standardwith respect to the test for assay of Ramipril. Note:-Other test could not be done due to technical reason,CDTL Mumbai,portal,2024-05_all_nsq.json,39
2024-05,central,nsq,"Terbutaline Sulfate,Bromhexin e Hydrochloride with Guaiphenesin Syrup",VS16010,Jan-2024,Dec-2026,"Priya Life Science,174-A, 175,Siddhi Industrial Infrastructure Park, Opp. Waghodia GIDC, Waghodia",The sample does not conform to Manufacturer's Specification with respect to the Assay of Bromhexine Hydrochloride and Terbutaline Sulphate.,CDL Kolkata,portal,2024-05_all_nsq.json,40
2024-05,central,nsq,"Terbutaline Sulphate, Bromhexine Hydrochloride, Guaiphenesinand Menthol Syrup",23D-20,Apr-2023,Mar-2025,"RADICALS PHARMAPVT. LTD.,194, Mile Stone, Ambala- Delhi Highway, Shahpur,Ambala Cantt- 133 004 (Hry.)","The sample does not conforms to claim as per Patent and Proprietary (RDTL/MS/3286)in respect to the Assay of Terbutaline Sulphate, Bromhexine Hydrochloride",RDTL Chandigarh,portal,2024-05_all_nsq.json,41
2024-05,"state:State Lab Drugs Control Laboratory, Telangana.",nsq,"Levolets- M Kid Syrups, Montelukast Sodium & Levocetrizine Dihydrochloride syrup",RC24BL-521,Feb-2024,Jan-2026,"Rikencare Life sciences villmessaTibba, Pharmaceuticals O Manjholi, Tehsil-Nalagarh, DistSolan, HP-174101 Himachal Pradesh. Mrkt: Manvi Life Sciences, 1-1-289, Ashoknagar, Hyderabad - 500020.",NOT OF STANDARD QUALITY Sample does not comply Description of syrup and Assay of Montelukast.,"State Lab Drugs Control Laboratory, Telangana.",portal,2024-05_all_nsq.json,42
2024-05,central,nsq,Amoxycillin & Potassium Clavulanate Tablets I.P..,TCV- 2303003,Mar-2023,Feb-2025,"Rivpra FormulationPvt.Ltd.,Plot No.8, Sector-6A, I.I.E. SIDCUL, Haridwar- 249 403 (U.K.)",The sample does not conform to I.P. with respect to the test for Assay.,RDTL Guwahati,portal,2024-05_all_nsq.json,43
2024-05,"state:State Lab Drugs Control Laboratory, Telangana.",nsq,"XERONAC-SP Tablets, Aceclofenac, Paracetamol &",RP-T243/C,Dec-2023,Nov-2025,"Roma Pharma Pvt.Ltd, Unit-II, Village Nagali, P.O. Barog, Tehsil &Distt. Solan, (H.P) - 173 211,",MISBRANDED The label of the drug does not indicate the comon name of the colur used as requied as per Rule 127(2),"State Lab Drugs Control Laboratory, Telangana.",portal,2024-05_all_nsq.json,44
2024-05,central,nsq,Amoxycillin&Potas sium Clavulanate InjectionIP1.2gm,23AP04,May-2023,Apr-2025,"SAI Parenterals Limited,,D1&D4, Survey No.280,Phase-V, IDA, Jeedimetla, Hyderabad, 500055, TS",The sample does not conforms to claim as per I.P. 2022 in respect to the Test of Clarity of solution and Assay of Potassium Clavulanate calculated as Clavulanic Acid,CDL Kolkata,portal,2024-05_all_nsq.json,45
2024-05,"state:State Lab Drugs Control Laboratory, Telangana.",nsq,"Meazon Plus injection Parentaral Preparations, Mecobalamine, Folic acid & Niacianamideinj 1 ml,",23MP07,Oct-2023,Sep-2025,"Sai parentrals limited D1&D4, Survey No. 280, Phase-V Hyderabad - 500 055 Telangana.",NOT OF STANDARD QUALITY Sample does not comply Assay of Folic Acid.,"State Lab Drugs Control Laboratory, Telangana.",portal,2024-05_all_nsq.json,46
2024-05,central,nsq,METOPROLOL SUCCINATE EXTENDED RELEASE TABLETS IP,GT3J026,Oct-2023,Sep-2025,"Scott-Edil PharmaciaLtd.,56, EPIP., Phase-I, Jharmajri,Baddi, Distt.Solan-173 205, (H.P.),INDIA","The sample does not conforms to claim as per I.P.2022inrespectto the Test of Dissolution (1Hr),Dissolution(4 Hours)",CDL Kolkata,portal,2024-05_all_nsq.json,47
2024-05,"state:State Lab Drugs Control Laboratory, Telangana.",nsq,"Sif Alben Suspension, Albendazole Oral Suspension 2.5% w/v (Vet)",AL80012 3,May-2023,Apr-2025,"Siflon Drugs & Pharmaceuticals Pvt.Ltd., Plot no. 20&21, Aleap IE, Gajularamaram (V), Hyderabad - 55 Telanga.","MISBRANDED The given sample Albendazole oral suspension is official included in the IP and required as per schedule of the Drugs and Cosmetics Act 1940. The given sample shall comply with the standards set out in IP but, the designation IP is conjunction with the official tittle Albendazoleoral suspension on label of the drug product was not mentioned as indication that the drug product purports to comply with IP standards. Hence the Drug product shall be deemed to be Misbranded drug as per section 17 of Drugs and Cosmetics Act.","State Lab Drugs Control Laboratory, Telangana.",portal,2024-05_all_nsq.json,48
2024-05,central,nsq,LactuloseSolution U.S.P.,GA2312 7,Nov-2023,Oct-2025,"Skymap Pharmaceuticals Pvt. Ltd.,B-3, Dev Bhoomi Industrial Estate, PuhanaIqbalpur Road, Roorkee-247667",The sample does not conforms to claim as per U.S.P.in respect to the Assay.,CDL Kolkata,portal,2024-05_all_nsq.json,49
2024-05,central,nsq,Ofloxacin Ornidazole Tablets IP,AD24059,Apr-2024,Mar-2026,"Skymap Pharmaceuticals Pvt. Ltd.,(A WHO- GMP Certified Company)B-3,Dev Bhoomi Industrial Estate, PuhanaIqbalpur Road, Roorkee-247667","Note: the sample received does not conformtoi.p.2022 specification with respect to the test for dissolution for the content of ofloxacin and ornidazole ( s1, s2 and s3 level) only. Cdtlh report no.: cdtlh/0131/f -",CDTL Hyderabad,portal,2024-05_all_nsq.json,50
2024-05,central,nsq,GLIPIZIDEAND METFORMIN TABLETS IP,4010026,Nov-2023,Apr-2025,"USV Private Limited,At : B- 249/B-250, IInd Stage, Peenya Industrial Estate, Bangalore-560 058",The sample does not conform to claim I.P. with respect to the test for Dissolution of Glipizide,CDL Kolkata,portal,2024-05_all_nsq.json,51
2024-05,"state:State Lab Drugs Control Laboratory, Telangana.",nsq,"Moxtas Distab 250 Tablets, Amoxycillin trihydrate dispersible tablets IP.",MALT-2019,Oct-2023,Sep-2025,"Wings Novitas Healthcare LLP 43 & 44, HPSIDC, Industrial area, Baddi - 173 205. (H.P). Himachal Pradesh.",NOT OF STANDARD QUALITY Tablets are with uneven surface and are crumbling while taking out of the strip. Hence failed with respect to the test Description of Tablets.,"State Lab Drugs Control Laboratory, Telangana.",portal,2024-05_all_nsq.json,52
2024-06,state:State Lab Maharashtra,nsq,CUCID-DM,CDMC501,May-2023,Apr-2025,TULBROS FORMULATIONS,THE SAMPLE DOES NOT COMPLY WITH IP REQUIREMENTS FOR DISSOLUTION TEST FOR OMEPRAZOLE IN ACID STAGE.,State Lab Maharashtra,portal,2024-06_all_nsq.json,1
2024-06,central,nsq,Gentamicin Sulphate Injection I.P. 2 ml,323-216,Mar-2023,Feb-2025,"M/s. Zee Laboratories Ltd., Behind 47, Indl. Area, Paonta Sahib - 173025",Description & Particulate matter,CDL Kolkata,portal,2024-06_all_nsq.json,2
2024-06,central,nsq,Frusemide Injection IP 2 ml (FRUSEMIDE),FRA12347,Dec-2023,Nov-2025,"M/s. Nandani Medical Laboratories Pvt. Ltd., 221/5, Bicholi Hapsi, Kanadia Road, Indore",pH,CDL Kolkata,portal,2024-06_all_nsq.json,3
2024-06,central,nsq,Amoxycillin & Potassium Clavulanate Injection IP 1.2 gm,23AP04,May-2023,Apr-2025,"M/s. Sai Parenterals Limited, D1 & D4, Survey No. 280, Phase- V, IDA, Jeedimetla, Hyderabad-500 055, TS.",Clarity of Solution and Assay of Potassium Clavulanate,CDL Kolkata,portal,2024-06_all_nsq.json,4
2024-06,central,nsq,Propylene Glycol USP,97220141 13,Nov-2023,Oct-2028,"M/s. Shell Eastern Chemicals, The Metropolis Tower, 1, 9 North Buona, Visla Drive 07 01 Singapore 138588",Specific Gravity,CDL Kolkata,portal,2024-06_all_nsq.json,5
2024-06,central,nsq,"Compound Sodium Lactate Injection I.P., 500 ml (Ringer Lactate Solution for Injection)",P2401050 08,Jan-2024,Dec-2025,"M/s. Vision Parenteral Pvt. Ltd., A-2-44, 45, Sector-15, GIDA Industrial Area, Gorakhpur -273209 (U.P.), India",Bacterial endotoxins,CDL Kolkata,portal,2024-06_all_nsq.json,6
2024-06,central,nsq,Propylene Glycol USP/IP,BT1205B0 4072023,Jul-2023,Jul-2024,"M/s. Balaji Amines Limited, Plot No. F- 104, Chinchoili M.I.D.C., Tq. Mohol, Distt. Solapur - 413 255, Maharastra",Relative Density,CDL Kolkata,portal,2024-06_all_nsq.json,7
2024-06,central,nsq,Ceftriaxone for Injection I.P. 1 gm,DC30119,Oct-2023,Sep-2025,"M/s. Captab Biotec Unit-II, Plot No-125, E.P.I.P Road, Mauja Jharmajri, Baddi, Distt.-Solan H.P.",Particulate matter,CDL Kolkata,portal,2024-06_all_nsq.json,8
2024-06,central,nsq,Cefixime & Ofloxacin Tablets (CEFIKAM OF 200),DB230057,Feb-2023,Jan-2025,"M/s. Daxin Pharmaceuticals Pvt. Ltd., Plot No-121-122, EPIP, Jharmajri Phase-1, Teh. Baddi, Distt. Solan (H.P.) 174 103.",Assay of Cefixime Trihydrate & Assay Ofloxacin,CDL Kolkata,portal,2024-06_all_nsq.json,9
2024-06,central,nsq,Propylene Glycol I.P.,PG- IP/2023- 24/2355,Nov-2023,Oct-2028,"M/s. Manali Petrochemicals Ltd., Manali, Chennai- 600068, India",Relative Density,CDL Kolkata,portal,2024-06_all_nsq.json,10
2024-06,central,nsq,IRON & FOLIC ACID SYRUP IP,RIFS-209,Apr-2024,Sep-2026,"M/s. Revat Laboratories Pvt. Ltd., Works at : 12-321, Opp. I.D.A, Kurnool Road, Pernamitta, Ongole-523002",pH and Assay of Folic Acid,CDTL Hyderabad,portal,2024-06_all_nsq.json,11
2024-06,central,nsq,Etamsylat Tablets 500 mg,ELT1104,Feb-2024,Jul-2024,"Unicure India Ltd., C- 21, 22 & 23, Sector-3, Noida-201 301, Distt. Gautam Budh Nagar (U.P)",Description,CDTL Mumbai,portal,2024-06_all_nsq.json,12
2024-06,central,nsq,Glipizide and Metformin Tablets IP (Glynase-MF),4010026,Nov-2023,Apr-2025,"M/s. USV Private Limited, At: B-249/B- 250, II Stage, Peenya Industrial Estate, Bangalore-560058",Dissolution of Glipizide,CDL Kolkata,portal,2024-06_all_nsq.json,13
2024-06,central,nsq,Fexofenadine Hydrochloride Tablets IP (MANOFEX-180 TABLETS),CT232407 15A,Aug-2023,Jul-2025,"CMG BIOTECH PVT. LTD., (Unit-II) Plot No. 58, Phase III, Industrial Area, Sansarpur Terrac HP-176501",Dissolution (In 10 minutes) and (in 30 minutes),RDTL Chandigarh,portal,2024-06_all_nsq.json,14
2024-06,central,nsq,Exo Cheri (Dextromethorp han Hydrobromide Chlorpheniramin e Maleate Pheylephrine Hydrochloride Cough Syrup),L/040618,Apr-2024,Jan-2026,"Exotic Pharma, 91/1, G.I.D.C., GODHRA Dist.- Panchmahal, Gujarat- 389001",pH,CDTL Mumbai,portal,2024-06_all_nsq.json,15
2024-06,central,nsq,Prednisolone Tablets IP 10 mg,PRDT- 1007,Nov-2024,Oct-2024,"WINGS BIOTECH LLP, 43 & 44, HPSIDC, Industrial Area, Baddi-173205 (H.P.)",Assay of Prednisolone,RDTL Chandigarh,portal,2024-06_all_nsq.json,16
2024-06,state:State Lab Maharashtra,nsq,Lytraco 200 Itraconazole Capsules 200 mg,SLP-22445,Feb-2023,Jan-2025,STERLIFE PHARMA PVT. LTD.,THE SAMPLE DOES NOT COMPLY WITH B P REQUIREMENTS FOR DISSOLUTION TEST THE SAMPLE IS OFFICIAL IN B P 2021 THEREFORE THE SAMPLE IS MISBRANDED VIDE SECTION 17(b) AND RULE 96 OF THE DRUGS AND COSMETICS ACT 1940 AND RULES 1945.,State Lab Maharashtra,portal,2024-06_all_nsq.json,17
2024-06,state:DTL Thiruvananthapuram,nsq,Losartan Potassium Tablets IP 50 mg,HLOA06,Nov-2023,Oct-2025,"Hindustan Antibiotics Ltd, at II, W.E.A, Faridabad- 121 001(Haryana) R.O, Pimpri, Pune -411 018",It fails the test ?Dissolution? as per IP,DTL Thiruvananthapuram,portal,2024-06_all_nsq.json,18
2024-06,state:DTL Thiruvananthapuram,nsq,Amloheart-AT [Amlodipine Besylate and Atenolol Tablets],LE223030,Mar-2023,Feb-2025,"Lividus Pharmaceuticals pvt.Ltd, ikeva, Level2, Agnito Tech park,141 Kandachavadi, Near, Perungudi, OMR, Chennai-600096",It fails the test ?Assay? of Amlodipine Besylate,DTL Thiruvananthapuram,portal,2024-06_all_nsq.json,19
2024-06,state:State Lab Maharashtra,nsq,Omeford - 40,SNT-220421,Sep-2022,Aug-2024,SVR HEALTHCARE (A GMP Certified Company),THE CONTENT OF OMEPRAZOLE IN THE SAMPLE IS LESS (l.e. 40.84% OF LABELLED AMOUNT) THAN THE SCHEDULE V LIMITS,State Lab Maharashtra,portal,2024-06_all_nsq.json,20
2024-06,state:State Lab Maharashtra,nsq,M2 Pan-DSR (Pantoprazole Gastro-resistant & Domperidone Prolonged-release Capsules IP),CWHC-283,Oct-2022,Sep-2024,COSWAY PHARMACEUTICALS,THE SAMPLE DOES NOT COMPLY WITH IP REQUIREMENTS FOR DISSOLUTION OF PANTOPRAZOLE AT ACID STAGE,State Lab Maharashtra,portal,2024-06_all_nsq.json,21
2024-06,state:State Lab Maharashtra,nsq,ELTHROM-200 (Azithromycin oral suspension IP) 15ML,G-042/5045,May-2023,Apr-2025,ELFIN DRUGS PVT. LTD.,CONTENT OF AZITHROMYCIN IN THE SAMPLE IS LESS (72.96% OF LABELLED AMOUNT) THAN THE IP LIMIT WITH RESPECT TO ABOVE PROTOCOL. (IP LIMIT-90.0%- 110.0%),State Lab Maharashtra,portal,2024-06_all_nsq.json,22
2024-06,state:State Lab Maharashtra,nsq,Alpracan 0.5 Tablets (Alprazolam Tablets),T2455,Oct-2022,Sep-2025,Evolet Pharmaceutical Pvt. Ltd.,THE SAMPLE DOES NOT COMPLY WITH IP REQUIREMENTS FOR ALPRAZOLAM TABLETS FOR THE DISSOLUTION TEST WITH RESPECT TO ABOVE PROTOCOL.,State Lab Maharashtra,portal,2024-06_all_nsq.json,23
2024-06,state:State Lab Maharashtra,nsq,PANTOPRAZOLE (EC) & DOMPERIDONE (SR) CAPSULES IP (PANTIAC-DSR),PTRC-149,Feb-2023,Jan-2025,IOSIS REMEDIES PVT. LTD.,THE SAMPLE DOES NOT COMPLY WITH IP REQUIREMENTS FOR PANTOPRAZOLE AND DOMPERIDONE CAPSULES FOR THE DISSOLUTION TEST (PANTOPRAZOLE) .,State Lab Maharashtra,portal,2024-06_all_nsq.json,24
2024-06,state:State Lab Maharashtra,nsq,"DYNACID SUSPENSION (aluminium, magnesium & simethicone oral suspension IP.)",BULH23008,Apr-2023,Mar-2025,Leeford Healthcare Ltd.,1) THE SAMPLE DOES NOT COMPLY WITH I.P. REQUIREMENTS FOR TOTAL AEROBIC VIABLE COUNT IN TEST FOR MICROBIAL CONTAMINATION. 2) TOTAL AEROBIC VIABLE COUNT OF THE SAMPLE IS 20993128 CFU/GM. (1.P. LIMIT-TOTAL AEROBIC VIABLE COUNT OF THE SAMPLE - NOT MORE THAN 100 CFU/GM,State Lab Maharashtra,portal,2024-06_all_nsq.json,25
2024-06,state:State Lab Maharashtra,nsq,SOFTOM-D Omeprazole and Domperidone Capsules IP,UD2C- 23252B,Apr-2023,Mar-2025,ULTRA DRUGS PVT. LTD. (UNIT-II),THE SAMPLE DOES NOT COMPLY WITH IP REQUIREMENTS FOR OMEPRAZOLE AND DOMPERIDONE CAPSULES FOR THE DISSOLUTION TEST (OMEPRAZOLE).,State Lab Maharashtra,portal,2024-06_all_nsq.json,26
2024-06,state:State Lab Maharashtra,nsq,Virpan-40,T-2306031A,Jun-2023,May-2025,WHITE ENGLE LABORATORIES,THE SAMPLE DOES NOT COMPLY WITH IP REQUIREMENTS FOR DISSOLUTION IN BUFFER STAGE.,State Lab Maharashtra,portal,2024-06_all_nsq.json,27
2024-06,central,nsq,Albendazole Tablets IP,MS1AO22 01,Jul-2022,Jun-2025,"MAXTAR BIO- GENICS, Khasra No. 705, Vill. Malku Majra, Nalagarh Road, Baddi, Distt.Solan-173205 (H.P.)-India",Dissolution,RDTL Chandigarh,portal,2024-06_all_nsq.json,28
2024-06,central,nsq,Levocetirizine Dihydrochloride and Montelukast Sodium Tablets IP,23112701,Mar-2023,Feb-2025,"MERCURY LABORATORIES LIMITED., Unit No.2, Halol Baroda Road, Village: Jarod. Tal: Waghodia, Dist: Vadodara- 391510",Dissolution of Montelukast,RDTL Guwahati,portal,2024-06_all_nsq.json,29
2024-06,state:State Lab Maharashtra,nsq,INFI-650 TABLETS (PARACETAMOL TABLETS I.P. 650 mg),AT-100008,Dec-2022,Nov-2025,ABARIS HEALTHCARE,THE SAMPLE DOES NOT COMPLY WITH IP REQUIREMENTS FOR DISSOLUTION TEST.,State Lab Maharashtra,portal,2024-06_all_nsq.json,30
2024-06,state:State Lab Maharashtra,nsq,DRPLAN-DSR (Pantoprazole Gasto-resistant & Domperidone Prolonged-release Capsules IP),AC2209003A,Sep-2022,Aug-2024,ADDII BIOTECH PVT. LTD.,THE SAMPLE DOES NOT COMPLY WITH IP REQUIREMENTS FOR PANTOPRAZOLE AND DOMPERIDONE CAPSULES FOR THE DISSOLUTION TEST (PANTOPRAZOLE) .,State Lab Maharashtra,portal,2024-06_all_nsq.json,31
2024-06,central,nsq,Pantoprazole Gastro- Resistant Tablets IP 40 mg.,PGR-07,Jan-2024,Dec-2025,"Agron Remedies Pvt. Ltd., Sarverkhera, Moradabad Road, Kashipur-244713 (Uttarakhand)",Dissolution,RDTL Guwahati,portal,2024-06_all_nsq.json,32
2024-06,state:State Lab Maharashtra,nsq,COZOL- D(Omeprazole with Domperidone Capsules),AC1952,Jul-2023,Jun-2025,ALICON PHARMACEUTICAL PVT LTD,THE SAMPLE DOES NOT COMPLY WITH IP REQUIREMENTS FOR OMEPRAZOLE AND DOMPERIDONE CAPSULES FOR THE DISSOLUTION TEST (OMEPRAZOLE). THE SAMPLE IS OFFICIAL IN IP.,State Lab Maharashtra,portal,2024-06_all_nsq.json,33
2024-06,state:State Lab Maharashtra,nsq,VolKast Kid Syrup 60 ml.,ABS- 2301022,Jan-2023,Dec-2024,Amentis Biotech Pvt. Ltd.,CONTENT OF MONTELUKAST AND LEVOCETIRIZINE GYDROCHLORIDE IN THE SAMPLE IS LESS (i.e. MONTELUKAST IS 10.50% AND LEVOCETIRIZINE HYDROCHLORIDE IS 71.88% OF THE STATED AMOUNT) THAN THE PERMISSIBLE LIMITS.,State Lab Maharashtra,portal,2024-06_all_nsq.json,34
2024-06,state:State Lab Maharashtra,nsq,RABEPP TABLETS (Rabeprazole Sodium Tablets IP),ATG2K135,Nov-2022,Oct-2024,ANROSE PHARMA,CONTENT OF RABEPRAZOLE SODIUM IM THE SAMPLE IS LESS (65.04% OF THE LABELLED AMOUNT) THAN THE IP LIMIT WITH RESPECT TO ABOVE PROTOCOL. (IP LIMIT 90.0% - 110.0%),State Lab Maharashtra,portal,2024-06_all_nsq.json,35
2024-06,central,nsq,Etoricoxib Tablets I.P. 90 mg.,ECX-2304,Aug-2023,Jul-2025,"Apple Formulations Private Limited, Plot No. 208, Kishanpur, Roorkee - 247667 (U.K.)",Dissolution,RDTL Guwahati,portal,2024-06_all_nsq.json,36
2024-06,state:State Lab Maharashtra,nsq,Levocetrizine Dihydrochloride & Montelukast Sodium Tablets I.P. Zeemont,T22H370C,Aug-2022,Jul-2024,Bajaj Formulations,THE SAMPLE DOES NOT COMPLY WITH IP REQUIREMENTS FOR DISSOLUTION TEST FOR MONTELUKAST.,State Lab Maharashtra,portal,2024-06_all_nsq.json,37
2024-06,state:State Lab Maharashtra,nsq,Levetiracetam Tablets U.S.P.500 Mg (LEVEEG-500),T23D050A,Apr-2023,Mar-2025,BAJAJ FORMULATIONS,THE SAMPLE DOES NOT COMPLY WITH USP REQUIREMENTS FOR DISSOLUTION.,State Lab Maharashtra,portal,2024-06_all_nsq.json,38
2024-06,state:DTL Thiruvananthapuram,nsq,Haridrakhandam,207/23,Mar-2024,Feb-2026,"Bhaskaravilasam Vaidyasala, Panayamuttom, Nedumangadu Thiruvananthapuram 695 561",It fails the test ?pH? as per API,DTL Thiruvananthapuram,portal,2024-06_all_nsq.json,39
2024-06,state:DTL Thiruvananthapuram,nsq,Yogarajaguggulu,209/21,Mar-2022,Mar-2025,"Bhaskaravilasam Vaidyasala, Panayamuttom, Nedumangadu, Thiruvananthapuram 695 561",It fails the test ?Alcohol soluble Extractive and pH? as per API,DTL Thiruvananthapuram,portal,2024-06_all_nsq.json,40
2024-06,central,nsq,"Extuss-D (Dextromethorp han HBR, Chlorpheniramin e Maleate & Phenylephrine HCL Syrup)",2402168,Feb-2024,Jan-2026,"Brij Healthcare Pvt. Ltd., 51/10, G.I.D.C Estate, Motipura, Himatnagar, Gujarat 383001",Assay of Phenylephrin e Hydrochloride,CDTL Mumbai,portal,2024-06_all_nsq.json,41
2024-06,state:State Lab Maharashtra,nsq,Pantakos-40 (Pantoprazole Gastro-resistant Tablets IP ),CCT231092 B,Sep-2023,Aug-2025,Cent Cure Pvt Ltd.,THE SAMPLE DOES NOT COMPLY WITH IP REQUIREMENTS FOR DISSOLUTION IN BUFFER STAGE.,State Lab Maharashtra,portal,2024-06_all_nsq.json,42
2024-06,central,nsq,Iron and Folic Acid Syrup IP,IFIS23015,Aug-2023,Jan-2025,"Galpha Laboratories Limited, Village- Thana, Baddi, Himachal Pradesh- 173205",Assay of Folic Acid,RDTL Guwahati,portal,2024-06_all_nsq.json,43
2024-06,state:State Lab Maharashtra,nsq,CANDITRAL 100 (ITRACONAZOLE CAPSULE B.P. 100 MG),5230123,Jan-2023,Jun-2025,GLENMARK PHARMACEUTICALS LTD.,THE SAMPLE DOES NOT COMPLY WITH B P REQUIREMENTS FOR DISSOLUTION TEST,State Lab Maharashtra,portal,2024-06_all_nsq.json,44
2024-06,central,nsq,Co-trimoxazole Tablets IP (S- tron Tablets SS),ST-223,Jun-2023,May-2025,"High Tech Pharma, 49, Khandelwal compound, Palda, Indore (MP)",Dissolution (Trimethopri m and Sulphametho xazole),RDTL Guwahati,portal,2024-06_all_nsq.json,45
2024-06,central,nsq,Mannitol Injection I.P. (20% w/v),M1M30038,Jul-2023,Jun-2025,"Kunal Remedies Pvt. Ltd., Khasra 284, Vill. Anaura Kala Faizabad Road, Lucknow 226028, (UP), India",Test for Sterility,RDTL Guwahati,portal,2024-06_all_nsq.json,46
2024-06,central,nsq,Montelukast Sodium and Levocetirizine Hydrochloride Tablets IP (Levmont),ST23- 384D,May-2023,Apr-2025,"M/s Symbiosis Pharmaceuticals Pvt. Ltd.,, Suketi Road, Kala Amb Distt. Sirmour, Himachal Pradesh - 173030",Dissolution of Montelukast Levocetirizine hydrochloride,RDTL Guwahati,portal,2024-06_all_nsq.json,47
2024-06,central,nsq,Ranitidine Hydrochloride Tablets (Ranylaj-150),GTDE3019,May-2023,Apr-2025,"M/s. Francis Remdies (India) Pvt.Ltd., Vill- Mandawali, Roorkee, Distt. Haridwar (U.K.) 247670",Description,CDL Kolkata,portal,2024-06_all_nsq.json,48
2024-06,central,nsq,Esomeprazole Gastro- Resistant Tablets IP 40 mg (Esomedge- 40),GD23083,Jul-2023,Jun-2025,"M/s. GlenSmith Labs Private Limited, Mfg. by: Skymap Pharmaceuticals Pvt. Ltd., B-3, Dev Bhoomi Industrial Estate, Puhana Iqbalpur Road, Roorkee 247 667.",Dissolution,CDL Kolkata,portal,2024-06_all_nsq.json,49
2024-06,central,nsq,Tranexamic Acid Tablets I.P. 500 mg,GT31022,Jan-2024,Dec-2025,"OMEGA PHARMA KhasraNo.-482, Village-Saliyar, Roorkee-247667, Distt.-Haridwar (Uttarakhand)",Related substances,CDTL Mumbai,portal,2024-06_all_nsq.json,50
2024-06,state:State Lab Maharashtra,nsq,Rosumep ASP 10/75mg Capsules,PBWGM04,Sep-2023,Aug-2025,Pure & Care Healthcare Pvt. Ltd.,THE SAMPLE DOES NOT COMPLY WITH IP FOR THE TEST ?RELATED SUBSTANCES ? ROSUVASTATIN?.,State Lab Maharashtra,portal,2024-06_all_nsq.json,51
2024-06,state:DTL Thiruvananthapuram,nsq,Liquid Paraffin IP,EP4032,Jan-2024,Dec-2026,"Repacked by :- Kerala State Drugs & Pharmaceuticals Ltd, Kalavoor.P.O, Alappuzha",It fails the test light absorption as per IP,DTL Thiruvananthapuram,portal,2024-06_all_nsq.json,52
2024-06,central,nsq,Norfloxacin Oral Suspension (Ridnor Suspension),RL230022,Mar-2023,Feb-2025,"RIDLEY LIFE SCIENCE PVT. LTD., Unit II : D-1566 DSIDC, Ind. Complex, Narela, Delhi-110040",Description and Total Fungal Count,RDTL Chandigarh,portal,2024-06_all_nsq.json,53
2024-06,state:State Lab Maharashtra,nsq,OMEPRAZOLE & DOMPERIDONE CAPSULES (REMIZOLE-D),SPC230578 C,Mar-2023,Feb-2025,SALUS PHARMACEUTICALS,THE SAMPLE DOES NOT COMPLY WITH IP REQUIREMENTS FOR OMEPRAZOLE AND DOMPERIDONE CAPSULES FOR THE DISSOLUTION TEST (OMEPRAZOLE).,State Lab Maharashtra,portal,2024-06_all_nsq.json,54
2024-06,central,nsq,"Aloevera, Glycerin and Vitamin-E Soap (D-Soft Soap)",COS-130,Mar-2024,Feb-2026,"Samanyu Skin Care, Plot No. 191, HPSIDC, Baddi, Distt. Solan (H.P.)-1732025",Matter insoluble in alochol,RDTL Chandigarh,portal,2024-06_all_nsq.json,55
2024-06,central,nsq,"Aloevera, Glycerin, Vitamin-E and Jojoba oil (Synmoist Soap)",COS-132,Mar-2024,Feb-2026,"Samanyu Skin Care, Plot No. 191, HPSIDC, Baddi, Distt. Solan (H.P.)-1732025",Matter insoluble in alochol,RDTL Chandigarh,portal,2024-06_all_nsq.json,56
2024-06,central,nsq,Aloevera+Glyce rin+Almond Oil and Vitamin-E Soap (Aqualux Soap),COS-131,Mar-2024,Feb-2026,"Samanyu Skin Care, Plot No. 191, HPSIDC, Baddi, Distt. Solan (H.P.)-1732025",Matter insoluble in alochol,RDTL Chandigarh,portal,2024-06_all_nsq.json,57
2024-06,state:DTL Thiruvananthapuram,nsq,Oseltamivir Cap IP 75 mg,D 0444/24- 25,,,"Supplied by Kerala Medical Services Corporation Ltd, Thycaud P.O, Thiruvananthapuram-14",The sample does not conform to IP standard with respect to the ?Descriptive part? of hard gelatin capsules,DTL Thiruvananthapuram,portal,2024-06_all_nsq.json,58
2024-06,state:State Lab Maharashtra,nsq,MONTICET-L Tablets ( Montelukast & Levocetirizine Hydrochloride Tablets),TP-7581,Sep-2022,Aug-2024,TICOMA PHARMACIA,THE SAMPLE DOES NOT COMPLY WITH IP REQUIREMENTS FOR DISSOLUTION TEST FOR MONTELUKAST. THE SAMPLE IS OFFICIAL IN 1 P 2018 THEREFORE THE SAMPLE IS MISBRANDED VIDE SECTION 17(b) AND RULE 96 OF THE DRUGS AND COSMETICS ACT 1940 AND RULES 1945.,State Lab Maharashtra,portal,2024-06_all_nsq.json,59
2024-06,state:State Lab Maharashtra,nsq,MONTOR -LC TABLET (MONTELUKAST SODIUM & LEVOCETRIZINE DIHYDROCHLORI DE TABLET I.P.),B18523001,Jan-2023,Dec-2024,TORQUE PHARMACEUTICALS PVT. LTD.,THE SAMPLE DOES NOT COMPLY WITH I P REQUIREMENTS FOR DISSOLUTION TEST,State Lab Maharashtra,portal,2024-06_all_nsq.json,60
2024-06,state:DTL Thiruvananthapuram,nsq,Bacotil-200 [Cefpodoxime Proxetil Tablets USP ],ZTB-148,Mar-2024,Feb-2026,"Zenith Healthcare Ltd works: 388/34, Changodarlnd. Estate, Sarkhej Bavla Highway, Changodar- 382213 (Gujarat)",It fails the test ?Dissolution? as per USP,DTL Thiruvananthapuram,portal,2024-06_all_nsq.json,61
2024-07,central,nsq,Compound Sodium Lactate Injection I.P. (Ringers Lactate I.P.) RL,03BF2450,Mar-2024,Feb-2027,"M/s. Paschim Banga Pharmaceuticals (A Unit of Farista Vanijya Pvt. Ltd), NH-31, Tin Mile Hat, Sonapur Hat, P.S. Chopra, Dist. Uttar Dinajpur-733214 (W.B.).",Sterility,CDL Kolkata,portal,2024-07_all_nsq.json,1
2024-07,central,nsq,Compound Sodium Lactate Injection I.P. (RL FFS 500 ML),03BF1734,Aug-2022,Jul-2025,"M/s. Paschim Banga Pharmaceuticals (A Unit of Farista Vanijya Pvt. Ltd), NH-31, Tin Mile Hat, Sonapur Hat, P.S. Chopra, Dist. Uttar Dinajpur-733214 (W.B.).",Bacterial endotoxins,CDL Kolkata,portal,2024-07_all_nsq.json,2
2024-07,central,nsq,Ceftriaxone Sodium for Injection IP 1gm / 10 ml,S24015,Feb-2024,Jan-2026,"M/s. Sai Parenterals Limited, Plot No.: 45A & B, Anrich Industrial Estate, IDA Bollaram, Sangareddy (Dist)- 502325, Telangana","Clarity of solution, Particulate Matter & Appearance of solution",CDL Kolkata,portal,2024-07_all_nsq.json,3
2024-07,central,nsq,Monopropylen e Glycol USP,9814815014,Jan-2024,Jan-2026,"M/s. Shell Eastern Chemicals , Metropolis Tower, 1, 9 North Buona Vista Drive 07 01, Singapore-138588",Water,CDL Kolkata,portal,2024-07_all_nsq.json,4
2024-07,central,nsq,Monopropylen e Glycol USP,9815216014,Jan-2024,Jan-2026,"M/s. Shell Eastern Chemicals (S) Seraya Manufacturing Site, Singapore",Specific Gravity,CDL Kolkata,portal,2024-07_all_nsq.json,5
2024-07,central,nsq,Monopropylen e Glycol USP,9815617014,Jan-2024,Jan-2026,"M/s. Shell Eastern Chemicals (S) Seraya Manufacturing Site, Singapore",Water & Specific Gravity,CDL Kolkata,portal,2024-07_all_nsq.json,6
2024-07,central,nsq,Monopropylen e Glycol USP,9729323113,Nov-2023,Nov-2025,"M/s. Shell Eastern Chemicals (S) Seraya Manufacturing Site, Singapore",Water & Specific Gravity,CDL Kolkata,portal,2024-07_all_nsq.json,7
2024-07,central,nsq,Dextrose and Ascorbic Acid with Zinc Powder (Vz- Plus),VZ224015,Apr-2024,Mar-2026,"M/s. Styrun Healthcare, Survey No.89, Pirana Road, At & Post: ODD, Ta, Daskroi, Ahmedabad- 382425, Gujrat, India.",Water,CDL Kolkata,portal,2024-07_all_nsq.json,8
2024-07,central,nsq,"Oxalobacter, Lactobacillus & Bifidobacteriu m with FOS Capsules (OXASPUR)",RHCE23001,May-2023,Oct-2024,"M/s. Swift Life Sciences Pvt. Ltd., D- 1, Sara Industrial Estate, Rampur, Dehradun (UK) 248197",Assay of Oxalobacter Species & Bifidobacteriu m Bifidum,CDL Kolkata,portal,2024-07_all_nsq.json,9
2024-07,state:DTL Thiruvananthapuram,nsq,Sodium Valporate Gastro Resistant Tablets IP 200 mg,SVT1140,Sep-2023,Aug-2026,"Unicure India Ltd., C-21,22 &23, Sector-3, Noida-201301, Distt. Gautam Budh Nagar (UP)",It fails the test ?Dissolution? as per IP,DTL Thiruvananthapuram,portal,2024-07_all_nsq.json,10
2024-07,central,nsq,Paracetamol Tablets IP 500 mg (Pararex- 500,CT-5063,Dec-2022,Nov-2025,"CHEMETAC PHARMACEUTICALS 42, MAINA PUR, MEERUT ROAD, GHAZIABAD-201003","""Dissolution"" of Paracetamol.",RDTL Guwahati,portal,2024-07_all_nsq.json,11
2024-07,central,nsq,Sterile Noradrenaline Concentrate I.P.,KP247236,Jul-2023,Jun-2025,"M/s. NEON LABORATORIES LTD., At: Shatisthal, Plot No. 1-5, At & Post: Shirgaon, Tal. Palghar, Dist. Thane - 401 407, M.S.",Description & Particulate Matter,CDL Kolkata,portal,2024-07_all_nsq.json,12
2024-07,central,nsq,Teneligliptin & Metformin Hydrochloride Extended Release Tablets IP (20 mg / 500 mg),ST23-2897,Oct-2023,Sep-2025,"M/s. Salud Care (I) Pvt. Ltd., 435, Kishanpur, Roorkee- 247661",Description & Assay of Teneligliptin Hydrobromid e Hydrate,CDL Kolkata,portal,2024-07_all_nsq.json,13
2024-07,central,nsq,Itraconazole Capsules BP 100 mg,UC-23240A,Oct-2023,Sep-2025,"M/s. Ultra Drugs Pvt. Ltd., (Unit-II) H S No. 211, K. No. 77/1, 78/1, Vill. Katha, Baddi, Distt. Solan, (H.P.) 173205.",Dissolution,CDL Kolkata,portal,2024-07_all_nsq.json,14
2024-07,central,nsq,Paracetamol Tablets IP 650 mg,2600823,Feb-2023,Jan-2026,"M/s. Karnataka Antibiotics and Pharmaceuticals Ltd., Plot No. 14, II Phase, Peenya, Bengaluru- 560058",Description,CDL Kolkata,portal,2024-07_all_nsq.json,15
2024-07,central,nsq,Ofloxacin and Ornidazole Tablets I.P.,6001723,Jun-2023,May-2026,"M/s. Karnataka Antibiotics and Pharmaceuticals Ltd., Plot No. 14, II Phase, Peenya Industrial Area, Bengaluru- 560058",Description,CDL Kolkata,portal,2024-07_all_nsq.json,16
2024-07,central,nsq,Azithromycin Tablets IP 500 mg (ZIK 500 Tablets),NZKT-013,Aug-2023,Jul-2025,"M/s. M Sea Pharmaceuticals (P) Ltd., Surajpur, Paonta Sahib, Sirmour, Himachal Pradesh - 173025.",Dissolution,CDL Kolkata,portal,2024-07_all_nsq.json,17
2024-07,central,nsq,Ceflxime Tablets IP (Zimspor-200),MBT-03023,May-2023,Apr-2025,"M/s. Mestra Pharma Pvt. Ltd., AT: 44-45, Shiv Ganga Industrial Estate, Lakeshwari, Bhagwanpur Roorkee, Haridwar (UK)",Water & Uniformity of Dispersion,CDL Kolkata,portal,2024-07_all_nsq.json,18
2024-07,central,nsq,Ciprofloxacin Tablets I.P. 500 mg (Ocif- 500 Tablets),OCF5-23-222,Jul-2023,Jun-2025,"M/s. Ornate Labs Pvt. Ltd., Bela Industrial Estate, Muzaffarpur - 842 005.",Dissolution,CDL Kolkata,portal,2024-07_all_nsq.json,19
2024-07,central,nsq,"Calcium Aspartate, Calcium Orotate, Calcitriol, Minerals and Vitamins Tablets (Ezorb Forte Tablets)",EZF-1873,Jan-2024,Jun-2026,"M/s. Overseas Health Care Pvt. Ltd., 335 Km. Milestone, National Highway No. 1, P.O. Box No. 25, Phillaur-144 410 (Pb).",Assay of Clacitriol,CDL Kolkata,portal,2024-07_all_nsq.json,20
2024-07,central,nsq,Calcium Gluconate Injection I.P. 10 ml,CLG-4148,Dec-2022,Nov-2024,"M/s. Priya Pharmaceuticals, 109/397, Nehru Nagar, Kanpur-12",Assay of Calcium,CDL Kolkata,portal,2024-07_all_nsq.json,21
2024-07,central,nsq,Azithromycin Tablets IP 500 mg (Aziley-500 Tablets),NZYMT-223,Sep-2023,Aug-2025,"M/s. M Sea Pharmaceuticals (P) Ltd., Surajpur, Paonta Sahib, Sirmour, Himachal Pradesh - 173001.",Dissolution,CDL Kolkata,portal,2024-07_all_nsq.json,22
2024-07,central,nsq,Propylene Glycol IP,PG-IP/2023- 24/2339,Nov-2023,Oct-2028,"M/s. Manali Petrochemicals Limited, Plant II Sathangadu Village, Manali, Chennai- 600068",Relative Density,CDL Kolkata,portal,2024-07_all_nsq.json,23
2024-07,central,nsq,Ofloxacin & Ornidazole Tablets IP (Samri-OZ),UGT23J14A,Jan-2023,Dec-2024,"M/s. Unigrow Pharmaceuticals, Vill. Katha, Baddi, Distt. Solan, HP",Dissolution & Assay,CDL Kolkata,portal,2024-07_all_nsq.json,24
2024-07,central,nsq,Calcium 500 mg with Vitamin D3 250 IU Tablets IP,LMT240376,Mar-2024,Feb-2026,"Life Max Cancer Laboratories, Plot No. 106 & 106 A, Sector- 6A, IIE, SIDCUL, Haridwar 249403 (U.K)",Dissolution of Calcium & Assay of Vitamin D3,RDTL Guwahati,portal,2024-07_all_nsq.json,25
2024-07,central,nsq,Calcium 500 mg. with Vitamin D3 250 IU Tablets IP,LMT240412,Apr-2024,Mar-2026,"Life Max Cancer Laboratories, Plot No. 106 & 106 A, Sector- 6A, IIE, SIDCUL, Haridwar249403 (U.K)",Dissolution (Calcium) and Assay of Vitamin D3,RDTL Guwahati,portal,2024-07_all_nsq.json,26
2024-07,central,nsq,Calcium 500 mg with Vitamin D3 250 IU Tablets IP,LMT240335,Mar-2024,Feb-2026,"Life Max Cancer Laboratories, Plot No. 106 & 106 A, Sector- 6A, IIE, SIDCUL, Haridwar-249403 (U.K)",Dissolution (Calcium) and Assay of Vitamin D3,RDTL Guwahati,portal,2024-07_all_nsq.json,27
2024-07,central,nsq,Calcium 500 mg and Vitamin D3 250 IU Tablets IP,LMT240348,Mar-2024,Feb-2026,"Life Max Cancer Laboratories, Plot No. 106 & 106 A, Sector- 6A, IIE, SIDCUL, Haridwar-249403 (U.K)",Dissolution of Calcium and Assay of vitamin D3,RDTL Guwahati,portal,2024-07_all_nsq.json,28
2024-07,central,nsq,ONDANSETR ON ORALLY DISINTEGRAT ING TABLETS IP 4mg,T-15842,Dec-2023,Nov-2025,"M/s. KARNANI PHARMACEUTICALS PVT. LTD. Fact : 38, Pharma City, Selaqui, Dehradun- 248011 (Uttarakhand)",Description and Uniformity of Content,CDTL Hyderabad,portal,2024-07_all_nsq.json,29
2024-07,central,nsq,ONDANSETR ON ORALLY DISINTEGRAT ING TABLETS IP 4mg,T-15961,Jan-2024,Dec-2025,"M/s. KARNANI PHARMACEUTICALS PVT. LTD. Fact : 38, Pharma City, Selaqui, Dehradun- 248011 (Uttarakhand)",Description and Uniformity of Content,CDTL Hyderabad,portal,2024-07_all_nsq.json,30
2024-07,central,nsq,"Synetivit Capsules (Omega-3 Fatty Acid, Green Tea Extract, Ginkgo Biloba, Ginseng, Grape Seeds Extract, Vitamins, Minerals & Trace Elements Soft Gelatin Capsules)",LSG-2890,Jul-2023,Dec-2024,"M/s. Lifevision Healthcare, Plot No. 140-141, EPIP, Phase-1, Jharmajri, Baddi, Distt. Solan (H.P.) 174103","Disintegration , Assay of Lactic Acid Bacillus, Vitamin B6, Folic Acid & Niacinamide",CDL Kolkata,portal,2024-07_all_nsq.json,31
2024-07,central,nsq,Albendazole Tablets IP 400 mg (Zento 400),VGT230119,May-2023,Apr-2026,"VAPI CARE PHARMA PVT. LTD., PLOT NO.225/3, NEAR MORARJI CIRCLE, GIDC VAPI, DIST.VALSAD-396195 GUJARAT",Dissolution of Albendazole,RDTL Guwahati,portal,2024-07_all_nsq.json,32
2024-07,central,nsq,"Bromhexine Hydrochloride, Terbutaline Sulphate and Guaiphenesin Syrup (T-KUF Expectorant COUGH SYRUP)",UF2184145C,Feb-2024,Jan-2026,"Ultra Drugs Formulations Pvt. Ltd., Plot No. 338/278, Vill. Manakpur, Lodhimajra, Tehsil-Baddi, Distt. Solan, (H.P.) 173205",Assay of Terbutaline Sulphate,RDTL Chandigarh,portal,2024-07_all_nsq.json,33
2024-07,central,nsq,Tranexamic Acid Injection IP (Stopmust Injection),KEI-110C,Nov-2023,Oct-2025,"Elvia Care Pvt. Ltd., Vill Gullarwala, Near Sai Road, Baddi, Distt. Solan (H.P.)",Bacterial Endotoxins Test,RDTL Guwahati,portal,2024-07_all_nsq.json,34
2024-07,state:DTL Thiruvananthapuram,nsq,Irinotecan Inj.IP 100 mg vial,D0368/23- 24,,,"Supplied by Kerala Medical Services Corporation Ltd, Thycaud P.O, Thiruvananthapuram -14",It fails the tests particulate matter and assay as per IP,DTL Thiruvananthapuram,portal,2024-07_all_nsq.json,35
2024-07,state:DTL Thiruvananthapuram,nsq,Salbutamol Nebuliser Solution BP 5 mg/ml,CHS-3085,Jun-2023,May-2025,"Cotec Healthcare Pvt.Ltd, N.H.No. 74, Roorkee , Dehradun , High way, Kishanpur, Roorkee Uttarakhand",It fails the test ?pH? as per BP,DTL Thiruvananthapuram,portal,2024-07_all_nsq.json,36
2024-07,state:DTL Thiruvananthapuram,nsq,Bioglip 1 Tablets,BEL23021,Sep-2023,Aug-2025,"IBN Herbals, Khasra No. 63, Vill, Juddi Kalan, Baddi-173205, Distt. Solan (HP)",It fails the test ?Dissolution? as per IP,DTL Thiruvananthapuram,portal,2024-07_all_nsq.json,37
2024-07,state:CFDL Jammu (J&K),nsq,Iron & Folic Acid Syrup IP (JKMSCL Hospital Supply),SY-1641,Aug-2023,Jul-2025,"Jackson Laboratories Pvt. Ltd 22-24, Majitha Road Bye Pass Amritsar 143001 , India",The sample fails in the test for pH w.r.t the sample portion received.,CFDL Jammu (J&K),portal,2024-07_all_nsq.json,38
2024-07,state:DTL Thiruvananthapuram,nsq,Fluorometholone Eye drops IP,CHE 3044,May-2023,Apr-2025,"Cotec Healthcare Pvt.Ltd, K.H.No. 593/1 Roorkee , Dehradun , High way, Kishanpur, Roorkee- 247667 Uttarakhand",It fails the test ?Assay? as per IP,DTL Thiruvananthapuram,portal,2024-07_all_nsq.json,39
2024-07,central,nsq,Pantoprazole Tablets IP,MT-23K36,Nov-2023,Apr-2025,"MARTIN & BROWN BIO-SCIENCES PVT. LTD., K.NO. 918/419, MALKUMAJRA, NALAGARH ROAD, BADDI, DIST.SOLAN (H.P.)-173205",Dissolution at Buffer Stage,RDTL Guwahati,portal,2024-07_all_nsq.json,40
2024-07,central,nsq,RABEPRAZOL E TABLETS IP,MT-24B23,Feb-2024,Jul-2025,"MARTIN & BROWN BIO-SCIENCES PVT. LTD., K.NO. 918/419, MALKUMAJRA, NALAGARH ROAD, BADDI, DIST.SOLAN (H.P.)-173205",Assay,RDTL Guwahati,portal,2024-07_all_nsq.json,41
2024-07,central,nsq,RABEPRAZOL E TABLETS IP,MT-24B26,Feb-2024,Jul-2025,"MARTIN & BROWN BIO-SCIENCES PVT. LTD., K.NO. 918/419, MALKUMAJRA, NALAGARH ROAD, BADDI, DIST.SOLAN (H.P.)-173205",Assay/Conte nt of Rabeprazole Sodium,RDTL Guwahati,portal,2024-07_all_nsq.json,42
2024-07,central,nsq,Amoxycillin & Potassium Claulanate Tablets I.P. (Zalmoxi-CV 625),MICTAB- 1602,Mar-2024,Aug-2025,"Micro Formulations,, Chambaghat, Near Railway Crossing, Solan, Distt. Solan (H.P.) 173211",Dissolution of Clavulanic Acid and also Assay of Clavulanic Acid,RDTL Guwahati,portal,2024-07_all_nsq.json,43
2024-07,state:DTL Thiruvananthapuram,nsq,Cephalexin Oral Suspension IP 125/500,CHDA-01,Apr-2023,Sep-2024,"Nestor Pharmaceuticals Ltd, 11, Western Extension Area, Faridabad",It fails the test ?Assay? and Descriptive part as per IP,DTL Thiruvananthapuram,portal,2024-07_all_nsq.json,44
2024-07,central,nsq,Pantoprazole for Injection BP (Glanpan IV Injection),PNDA4C22A,Mar-2024,Feb-2026,"Aarge Healthcraft, 12A/1, Sector-2, Indl. Area, Parwanoo-173220 (H.P.)",Particulate matter,RDTL Chandigarh,portal,2024-07_all_nsq.json,45
2024-07,central,nsq,Levetiracetam Tablets IP (Levodil-500),GAG0628,Aug-2023,Jul-2025,"Agron Remedies Pvt. Ltd., Sarverkhera, Moradabad Road, Kashipur-244713, Uttarakhand",Dissolution,CDTL Mumbai,portal,2024-07_all_nsq.json,46
2024-07,central,nsq,Pantoprazole Gastro- Resistant Tablets IP 40 mg,PGR-02,Dec-2023,Nov-2025,"Agron Remedies Pvt. Ltd., Sarverkhera, Moradabad Road, Kashipur-244713 (Uttarakhand)",Dissolution in Acid Stage for Pantoprazole,RDTL Guwahati,portal,2024-07_all_nsq.json,47
2024-07,central,nsq,Acetylsalicylic Acid 75mg (Kardiorin AK),JTN23-211,Jul-2023,Jun-2026,"AK Krishna Pharma Ltd. Ltd., Plot No. 68, 69 & 82, 83 Sector-6A, SIDCUL, IIE, Dist. Haridwar, Uttarakhand, india.","Test for Salicylic acid, Assay of Aspirin and Description",CDTL Mumbai,portal,2024-07_all_nsq.json,48
2024-07,state:DTL Thiruvananthapuram,nsq,Cilader -10,AGT30720,Jul-2023,Jun-2025,"Alventa Pharma Ltd, Vill, Kishanpura, Baddi- Nalagarh Road, tehsil, baddi, Dist, Solan (HP)",It fails the test ?Dissolution? as per IP,DTL Thiruvananthapuram,portal,2024-07_all_nsq.json,49
2024-07,central,nsq,Amoxycillin and Potassium Clavulanate Tablets IP (Pressclav- 625),CT5023001A,Sep-2023,Aug-2025,"Aurobindo Pharma Limited, Unit XII, Survey No. 314, Bachupally, Bachupally Mandal, Medchal-Malkajgiri District. Telangana State, india - 500090.",Description,CDTL Mumbai,portal,2024-07_all_nsq.json,50
2024-07,central,nsq,Lingocaine & Adrenaline Injection IP (Lignocop- ADR),305,Dec-2023,Nov-2025,"Carewin Pharmaceuticals (Guj) Pvt. Ltd., 38, Saket Ind. Estate-II Sarkhej- Bavla NH-8A, PO. Moraiya, Ahmedabad, (Guj.) Pin-382210",Assay of Adrenaline,CDTL Mumbai,portal,2024-07_all_nsq.json,51
2024-07,state:DTL Thiruvananthapuram,nsq,New improved Gentle Daily care Natural protein Shampoo,B20240005 2,Jan-2024,Dec-2026,"Himalaya Wellness Company, No-182, Village Guru Majra, Tehsil, Baddi-174101 Dist Solan (HP)",It fails the test for ?heavy metals as lead (Pb)? as per IS 7884:2023,DTL Thiruvananthapuram,portal,2024-07_all_nsq.json,52
2024-07,central,nsq,Carboplatin USP,CN24010001,Jan-2024,Dec-2028,"M/s Hetero Labs Limited (Unit-I), Survey No.10, I.D.A., Gaddalotharam, Village: Jinnaram Mandal, Sangareddy Distt. Telangana, India","Identification by IR, by HPLC and Loss on drying",RDTL Chandigarh,portal,2024-07_all_nsq.json,53
2024-07,central,nsq,Itraconazole 100mg Capsules (FUNGOBEE Capsules),MAR-24154,Mar-2024,Feb-2026,"M/s. Bonsai Pharma, Kishanpura, Baddi- Nalagarh Road, P.O. Gurumajra, Distt-Solan (H.P.).",Dissolution,CDL Kolkata,portal,2024-07_all_nsq.json,54
2024-07,central,nsq,Pantoprazole Tablets 40 mg I.P. (MEDIPANTO-40 Tablets),FEB24144,Feb-2024,Jan-2026,"M/s. Bonsai Pharma, Kishanpura, Baddi- Nalagarh Road, P.O. Gurumajra, Distt-Solan (H.P.).",Dissolution,CDL Kolkata,portal,2024-07_all_nsq.json,55
2024-07,central,nsq,"Calcium Carbonate, Calcitriol, Methylcobalam in, Folic Acid & Vitamin B6 Soft Gelatin Capsules (CAMED-CM)",DBIS-8889B,Jan-2024,Dec-2025,"M/s. Broad Injectables Plot No. 51-52, Ind. Area, Tahliwal, Distt. Una-174301 (H.P.)","Disintegration & Assay of Calcitriol, Vitamin B6 & Methylcobala min",CDL Kolkata,portal,2024-07_all_nsq.json,56
2024-07,central,nsq,Tamsulosin and Dutasteride Tablets (Urimax-D),GH30334,May-2023,Apr-2025,"M/s. Cipla Ltd., Verna Indl. State, Goa- 403722","Identification and Assay of Tamsulosin Hydrochloride , Dutasteride and Description.",CDL Kolkata,portal,2024-07_all_nsq.json,57
2024-07,central,nsq,Budesonide Nebuliser Suspension BP (Budecort Respules),SN30395,Apr-2023,Mar-2025,"M/s. Cipla Ltd. (Unit-II), Taza Block, Rorathang, Sikkim 737133, India.",Assay of Budesonide,CDL Kolkata,portal,2024-07_all_nsq.json,58
2024-07,central,nsq,Sterile Noradrenaline Concentrate IP (ADRAID),DP4095,Mar-2024,Feb-2026,"M/s. Divine Laboratories Pvt. Ltd., Block No. 471, Dabhasa, Tal. Padra, Dist. Vadodara- 391440, India",Description & Particulate Matter,CDL Kolkata,portal,2024-07_all_nsq.json,59
2024-07,central,nsq,Compound Sodium Lactate Injection I.P. (Ringer Lactate Solution for Injection) (Hi- Ring-RL),F31823,Oct-2023,Sep-2026,"M/s. Higgs Healthcare, Khasra No. 480/1, Bhatolikalan, Baddi, H.P.",Assay of Potassium,CDL Kolkata,portal,2024-07_all_nsq.json,60
2024-07,central,nsq,Compound Sodium Lactate Injection IP (Ringers Lactate Solution for Injection),2918,Dec-2022,Nov-2025,"M/s. HINDUSTAN ANTIBIOTICS LTD., Pimpri,Pune-411018, INDIA",Bacterial Endotoxins,RDTL Chandigarh,portal,2024-07_all_nsq.json,61
2024-07,central,nsq,Ivermectin Tablets I.P. 6 mg,JDJS403,Apr-2024,Mar-2026,"M/s. J. DUNCAN HEALTH CARE PVT.LTD., Plot No. 65, 66, 67, Phase-II, Atgaon, Industrial Complex, Atgaon, Tal- Shahapur, Dist-Thane- 421601, Maharashtra State, India.",Dissolution,CDL Kolkata,portal,2024-07_all_nsq.json,62
2024-07,central,nsq,Carbamazepin e Extended-Release Tablets IP 200 mg,TCRN-004,Oct-2023,Sep-2025,"M/s. J.P. Industries, Bhud, Baddi, Dist-Solan, HP, India.",Dissolution,CDL Kolkata,portal,2024-07_all_nsq.json,63
2024-07,central,nsq,Propylene Glycol IP,PG-IP/2023- 24/2435,Jan-2024,Dec-2028,"M/s. Manali Petrochemicals Limited, Plant II Sathangadu Village, Manali, Chennai- 600068",Relative Density and Water,CDL Kolkata,portal,2024-07_all_nsq.json,64
2024-07,central,nsq,COMPOUND SODIUM LACTATE INJECTION I.P. (RL),03BF2462,Mar-2024,Feb-2027,"PASCHIM BANGA PHARMACEUTICAL, NH-31, TIN MILE HAT, SONAPUR HAT, P.S.- CHOPRA, DIST : UTTAR DINAJPUR, PIN - 733214 (W.B.)",Sterility,RDTL Guwahati,portal,2024-07_all_nsq.json,65
2024-07,central,nsq,Diclofenac Tablets IP 50mg (Snedic- 50),T24B008,Feb-2024,Jan-2027,"Snehal Pharma & Surgicals Pvt. Ltd., B1/11, MIDC Butibori, Nagpur-441108",Misbranded (Improper labeling),CDTL Mumbai,portal,2024-07_all_nsq.json,66
2024-07,state:DTL Thiruvananthapuram,nsq,Vitamin B Complex tablet N.F.I.1,S0004/24- 25,,,"Supplied by Kerala Medical Services Corporation Ltd, Thycaud P.O, Thiruvananthapuram - 14",The sample does not conform to IP standard with respect to the ?Descriptive part? for tablets,DTL Thiruvananthapuram,portal,2024-07_all_nsq.json,67
2024-07,state:DTL Thiruvananthapuram,nsq,Vitamin B Complex tablet N.F.I.1,S0003/24- 25,,,"Supplied by Kerala Medical Services Corporation Ltd, Thycaud P.O, Thiruvananthapuram - 14",The sample does not conform to IP standard with respect to the ?Descriptive part? for tablets,DTL Thiruvananthapuram,portal,2024-07_all_nsq.json,68
2024-07,state:DTL Thiruvananthapuram,nsq,Chlorpromazine Tab IP 50 mg,D 0644/24- 25,,,"Supplied by Kerala Medical Services Corporation Ltd, Thycaud P.O, Thiruvananthapuram - 14",The sample does not conform to IP standards. It fails the ?Descriptive part?,DTL Thiruvananthapuram,portal,2024-07_all_nsq.json,69
2024-07,state:DTL Thiruvananthapuram,nsq,Ciprofloxacin Hydrochloride Tablets IP 500 mg,CPXT-1016,Oct-2023,Sep-2026,"Wings Biotech LLP, 43&44, HPSIDC, Ind.Area, Baddi-173205 HP",It fails the test ?Dissolution? as per IP,DTL Thiruvananthapuram,portal,2024-07_all_nsq.json,70
2024-08,central,nsq,Atropine Sulphate Injection I.P. (Atropine Sulphate),AS-9057 (Two different samples received with same batch number),Apr-2023,Mar-2025,"M/s. Priya Pharmaceuticals 109/397, Nehru Nagar, Kanpur-208012, Uttar Pradesh","Description, Particulate Matter, Extractable Volume, Assay",CDL Kolkata,portal,2024-08_all_nsq.json,1
2024-08,central,nsq,Atropine Sulphate Injection I.P. (Atropine Sulphate),AS-9057 (Two different samples received with same batch number),Apr-2023,Mar-2025,"M/s. Priya Pharmaceuticals 109/397, Nehru Nagar, Kanpur-208012, Uttar Pradesh","Description, Particulate Matter, Extractable Volume, Assay",CDL Kolkata,portal,2024-08_all_nsq.json,2
2024-08,central,nsq,Diclofenac Sodium IP,DFS- 2405031,May-2024,Apr-2029,"M/s. Sara Exports Ltd. Plot No. 35, 35/1 & 36, South Side of GT Road, Industrial Area, Ghaziabad-201009 Uttar Pradesh,",Not of Standard Quality,CDTL Mumbai,portal,2024-08_all_nsq.json,3
2024-08,central,nsq,Heparin Sodium Injection IP 25000 IU / 5ml,GV3C002,Mar-2023,Feb-2026,"M/s. Scott-Edil Pharmacia Ltd., 56, E.P.I.P. Phase-1, Jharmajri, Baddi, Distt. Solan - 173 205 (H.P.), India",Description & Particulate Matter,CDL Kolkata,portal,2024-08_all_nsq.json,4
2024-08,central,nsq,Vitamin B Complex with Vitamin C Softgels,1423,Sep-2023,Aug-2025,"M/s. Asoj Soft Caps Pvt. Ltd., Asoj, Baroda-Halol Highway, Dist-Baroda- 391510, GUJRAT",Assay of Calcium Pantothenate,CDL Kolkata,portal,2024-08_all_nsq.json,5
2024-08,central,nsq,"Nimesulide, Phenylephrine Hydrochloride & Levocetirizine Dihydrochloride Tablets (Nunim- Cold)",T-23115,Jan-2023,Dec-2024,"M/s. Unispeed Pharmaceuticals Pvt. Ltd., 445/2, Behimd Wrigleys Vill. Katha, Baddi, Distt. Solan (H.P.) 173205",Description,CDL Kolkata,portal,2024-08_all_nsq.json,6
2024-08,central,nsq,"Vingel XL Pro Gel (Diclofenac Diethylamine, Linseed Oil, Methyl Salicylate and Menthol Gel)",F23208,Jun-2023,May-2025,"M/s. Universal Twin Labs, Village Gullarwala, Near Sai Road, Baddi, District Solan, H.P.",Assay of Diclofenac Diethylamine & Methyl Salicylate,CDL Kolkata,portal,2024-08_all_nsq.json,7
2024-08,central,nsq,Amoxycillin & Potassium Clavulanate Tablets (Mexclav 625),7372,Oct-2023,Sep-2025,"M/s. Meg Lifesciences, Khasara No. 47/5, Palli Gaon, Distt-Sirmour- 173001.",Spurious Identification & Assay of Amoxycillin Trihydrate & Potassium Clavulanate,CDL Kolkata,portal,2024-08_all_nsq.json,8
2024-08,central,nsq,Ciprofloxacin Tablets I.P. 500 mg (Ocif-500),OCF5-23- 221,May-2023,Apr-2025,"M/s. Ornate Labs Pvt. Ltd., Bela Industrial Estate, Muzaffarpur - 842 005",Dissolution & Assay,CDL Kolkata,portal,2024-08_all_nsq.json,9
2024-08,central,nsq,Buflam Forte Suspension (Ibuprofen & Paracetamol Oral Suspension),231202A,Dec-2023,Nov-2025,"M/s. Ornate Pharma Pvt. Ltd., 2, G.V.M.S.A.V Ltd., Odhav, Ahmedabad 382 410, Gujrat, India",Uniformity of Volume,CDL Kolkata,portal,2024-08_all_nsq.json,10
2024-08,central,nsq,Calcium And Vitamin D3 Tablets IP Shelcal 500 (Shelcal),GDXD0581,Aug-2023,Jul-2025,"M/s. Pure & Cure Healthcare Pvt. Ltd., Plot No. 26A, 27-30, Sector-8A, IIE, SIDCUL, Ranipur, Haridwar - 249 403, Uttarakhand.","Description, Identification of Vitamin D3, Dissolution of Calcium and Assay of Calcium & Vitamin D3",CDL Kolkata,portal,2024-08_all_nsq.json,11
2024-08,central,nsq,Montair LC Kid (Montelukast Sodium & Levocetirizne Hydrochloride Dispersible Tablets),AFB23W73,Sep-2023,Aug-2025,"M/s. Pure & Cure Healthcare Pvt. Ltd., Plot No. 26A, 27-30, Sector-8A, IIE, Sidcul, Ranipur, Haridwar 249 403, Uttarkhand",Uniformity of Dispersion & Assay of Montelukast Sodium,CDL Kolkata,portal,2024-08_all_nsq.json,12
2024-08,central,nsq,Metformin Hydrochloride Sustained-release Tablets IP (Glycimet-SR-500),GT3J023,Oct-2023,Sep-2025,"M/s. Scott-Edil Pharmacia Ltd., 56, EPIP, Phase-1, Jharmajri, Baddi, Distt. Solan -173205 (HP), India",Dissolution of Metformin Hydrochloride,CDL Kolkata,portal,2024-08_all_nsq.json,13
2024-08,central,nsq,Compound Sodium Lactate Injection I.P. (Ringer Lactate Solution for Injection) (RL 500 ml),MP24050511 1,May-2024,Apr-2027,"M/s. Vision Parenteral Pvt. Ltd. Located at A-2, 44,45, Sector-15, GIDA, Sahjanwa (U.P.) 273 209",Assay of Calcium Chloride,CDL Kolkata,portal,2024-08_all_nsq.json,14
2024-08,central,nsq,Rolled Gauze (Non- Sterilized),RG-006,Jan-2023,Dec-2024,"M/s. Blazon India, At: Musallahpur, Baripath, Patna-6","Width, Absorbency, Scouring Loss, Freedom from Optical Whitener, Mass, Length",CDL Kolkata,portal,2024-08_all_nsq.json,15
2024-08,central,nsq,Paracetamol Tablets IP 500 mg,2508323,Feb-2023,Jan-2026,"M/s. Karnataka Antibiotics and Pharmaceuticals Ltd., Plot No. 14, II Phase, Peenya, Bengaluru-560058",Description,CDL Kolkata,portal,2024-08_all_nsq.json,16
2024-08,central,nsq,Rifmin 550 (Rifaximin Tablets 550 mg),TX-17798,Feb-2024,Jan-2026,"M/s. Legen Healthcare, Plot No. 20, Sector-5, Parwanoo, Distt. Solan (H.P.) 173220",Dissolution & Water,CDL Kolkata,portal,2024-08_all_nsq.json,17
2024-08,central,nsq,Fexofenadine Hydrochloride Tablets IP 120 mg,MP9AA2303,Jul-2023,Jun-2026,"M/s. Maxtar Bio-Genics, Khasra No-705, Vill-Malku Majra, Nalagarh Road, Baddi, Distt-Solan- 173205(HP), India",Dissolution,CDL Kolkata,portal,2024-08_all_nsq.json,18
2024-08,central,nsq,Fexofenadine Hydrochloride Tablets IP 120 mg,MP9AA2303 (Two different samples received with same batch number),Jul-2023,Jun-2026,"M/s. Maxtar Bio-Genics, Khasra No-705, Vill-Malku Majra, Nalagarh Road, Baddi, Distt-Solan- 173205(HP), India",Dissolution,CDL Kolkata,portal,2024-08_all_nsq.json,19
2024-08,central,nsq,Atropine Sulphate Injection IP 2 ml,ATA12407,Mar-2024,Feb-2026,"M/s. Nandani Medical Laboratories Pvt. Ltd., 221/5, Bicholi Hapsi, Kanadia Road, Indore.",Description & Particulate Matter,CDL Kolkata,portal,2024-08_all_nsq.json,20
2024-08,central,nsq,Atropine Sulphate Injection I.P. (Atropine Sulphate),AS-9055 (Two different samples received with same batch number),Oct-2022,Sep-2024,"M/s. Priya Pharmaceuticals 109/397, Nehru Nagar, Kanpur-208012, Uttar Pradesh","Description, pH, Particulate Matter, Extractable Volume",CDL Kolkata,portal,2024-08_all_nsq.json,21
2024-08,central,nsq,Atropine Sulphate Injection I.P. (Atropine Sulphate),AS-9055 (Two different samples received with same batch number),Oct-2022,Sep-2024,"M/s. Priya Pharmaceuticals 109/397, Nehru Nagar, Kanpur-208012, Uttar Pradesh","Description, pH, Particulate Matter, Extractable Volume",CDL Kolkata,portal,2024-08_all_nsq.json,22
2024-08,central,nsq,Cefoperazone & Sulbactam For Injection (Todaycef 1.5 G),D0481,Nov-2023,Oct-2025,"M/s. Daxin Pharmaceuticals Pvt. Ltd., Plot No. 121-122 EPIP, Jharmajri Phase-1, Teh. Baddi, Distt. Solan (H.P.) 174 103.","Clarity of Solution, Particulate matter and Assay",CDL Kolkata,portal,2024-08_all_nsq.json,23
2024-08,central,nsq,Calcium 500 mg with Vitamin D3 250 IU Tablets IP,LMT231058,Dec-2023,Nov-2025,"M/s. Life Max Cancer Laboratories, Plot No. 106 & 106 A, Sector 6A, IIE, SIDCUL, Haridwar249403 (U.K)",Assay of Calcium and vitamin D3 and Dissolution of Calcium,RDTL Guwahati,portal,2024-08_all_nsq.json,24
2024-08,central,nsq,INFUSION SET-NV,KT-015,Jan-2024,Dec-2026,"M/s. MEDIVISION HEALTHCARE, 84/4 Span Industrial Complex. Second Floor, Phase-1, 'F' Road, Opp. Kotak Mahindra Bank, G.I. D.C. Vatva, Ahmedabad- 382445",Sterility,RDTL Guwahati,portal,2024-08_all_nsq.json,25
2024-08,central,nsq,Telmisartan Tablets IP 40 mg,251TTF011,Jul-2023,Jun-2025,"M/s. Swiss Garnier Life Science, 21-23, Industrial Area, Mehatpur, Dist. Una, , Himachal Pradesh- 174315. Iindia",Dissolution,RDTL Guwahati,portal,2024-08_all_nsq.json,26
2024-08,central,nsq,Calcium and Vitamin D3 Tablets I.P.,UDT11151,Aug-2023,Jan-2025,"M/s. Unicure India Ltd., C- 21, 22 & 23, Sector-3, Noida-201 301 Distt. Gautam Budh Nagar (U.P.)",Assay of vitamin D3,RDTL Guwahati,portal,2024-08_all_nsq.json,27
2024-08,central,nsq,Alprazolam Tablets IP 0.25 mg (Erazol- 0.25 Tablets),16747,Aug-2023,Jul-2025,"M/s. ELIKEM Pharmaceuticals Private Limited, 816/1, Rakanpur, Ta. Kalol, Dist. Gandhinagar, Guj. 382721",Dissolution,RDTL Guwahati,portal,2024-08_all_nsq.json,28
2024-08,central,nsq,Metronidazole Tablets IP 400mg,HMAA04,Jul-2023,Jun-2025,"M/s. HINDUSTAN ANTIBIOTICS LTD. (A Government of India Enterprises) at 11, W.E. A. Faridabad - 121001 (Haryana) R.O.:Pimpri, Pune-411018,INDIA",Dissolution,RDTL Guwahati,portal,2024-08_all_nsq.json,29
2024-08,central,nsq,Olmesartan Medoxomil Tablets IP 40 mg,LMT240387,Mar-2024,Feb-2026,"M/s. Life Max Cancer Laboratories, Plot No. 106 & 106 A, Sector 6A, IIE, SIDCUL, Haridwar249403 (U.K)",Dissolution of Olmesartan Medoxomil,RDTL Guwahati,portal,2024-08_all_nsq.json,30
2024-08,central,nsq,Telmisartan Tablets IP 40 mg,LMT240528,May-2024,Apr-2026,"M/s. Life Max Cancer Laboratories, Plot No. 106 & 106 A, Sector 6A, IIE, SIDCUL, Haridwar249403 (U.K)",Description,RDTL Guwahati,portal,2024-08_all_nsq.json,31
2024-08,central,nsq,Telmisartan Tablets IP 40 mg,LMT240502,Apr-2024,Mar-2026,"M/s. Life Max Cancer Laboratories, Plot No. 106 & 106 A, Sector 6A, IIE, SIDCUL, Haridwar249403 (U.K)",Description,RDTL Guwahati,portal,2024-08_all_nsq.json,32
2024-08,central,nsq,Compound Sodium Lactate Injection I.P. (Ringer Lactate Solution for Injection) RL 500ml,MP24040508 5,Apr-2024,Mar-2027,"M/s. Vision Parentral Pvt. Ltd., A-2-44-45, Sector 15, GIDA Industrial Area, Gorakhpur 273209 (U.P.), India.",Sterility,CDL Kolkata,portal,2024-08_all_nsq.json,33
2024-08,central,nsq,"Paracetamol, Phenylephrine Hydrochloride and Cetirizine Hydrochloride Suspension (Cethel Cold DS Suspension)",WPS-013,Apr-2024,Mar-2026,"M/s. Win Cure Pharma, Plot No. 21, DIC, Baddi (H.P.) 173205","Assay of Paracetamol, Phenylephrine Hydrochloride and Cetirizine Hydrochloride",RDTL Chandigarh,portal,2024-08_all_nsq.json,34
2024-08,state:DTL Thiruvananthapuram,nsq,Tab Nodosis,SMST- 24151,Feb-2024,Jan-2026,"Steadfast Medishield pvt.Ltd, At khasra,No.322, Nanhera , Anantpur, Bhgwanpur, Roorkee, Dist. Haridwar",It fails the test ?Assay? as per IP,DTL Thiruvananthapuram,portal,2024-08_all_nsq.json,35
2024-08,state:DTL Thiruvananthapuram,nsq,Pantomed -40,GTEO230 C,Jan-2024,Dec-2025,"Digital Vision 176, Mauza ogli, Nahan Road, Kala -Amb, Dist Sirmour - 173 030",It fails the test ?Dissolution? as per IP,DTL Thiruvananthapuram,portal,2024-08_all_nsq.json,36
2024-08,state:DTL Thiruvananthapuram,nsq,Pantoprazole Inj. BP 40 mg,D0726/24- 25,,,"Kerala Medical Services Corporation Ltd, Thycaud.P.O, Thiruvananthapuram",The sample does not comply with BP. It fails the test Particulate contaminatio n clarity and colour of solution.,DTL Thiruvananthapuram,portal,2024-08_all_nsq.json,37
2024-08,state:DTL Thiruvananthapuram,nsq,Paziva -40,GT300234,May-2023,Apr-2025,"M/s.Gnosis Pharmaceuticals Pvt.Ltd, Nahan Road , Village Moginand , Kala-Amb Dist. Sirmour, HP-173 030",It fails the test ?Dissolution? as per IP,DTL Thiruvananthapuram,portal,2024-08_all_nsq.json,38
2024-08,state:DTL Thiruvananthapuram,nsq,Cefixime Oral Suspension IP (Dry Syrup),CADA-02,Sep-2023,Aug-2025,"Nestor Pharmaceuticals Ltd, 11, Western Extension Area, Faridabad - 121001",It fails the test ?Assay? and ?water? as per IP,DTL Thiruvananthapuram,portal,2024-08_all_nsq.json,39
2024-08,state:DTL Thiruvananthapuram,nsq,Frusemide Injection IP 20 mg,FRIB-03,Jan-2024,Dec-2025,"Nestor Pharmaceuticals Ltd, Faridabad- 121 001",It fails the test ?Sterility? as per IP,DTL Thiruvananthapuram,portal,2024-08_all_nsq.json,40
2024-08,state:Drug Testing Laboratory Srinagar (J&K) vide report on Form 13 bearing No. L/DA/2024-25/978 Dated: 07.08.2024,nsq,PANCEF-OF,T442401,Jan-2024,Dec-2025,"Aglomed Ltd. 51, Raipur , Roorkee ? 247661 . H.O : 702-A, Poonam Chambers , Dr. A.B Road , Worli , Mumbai ? 400018, India",The sample does not comply with respect to the test parameters at S.No II d (Disintegratio n Test),Drug Testing Laboratory Srinagar (J&K) vide report on Form 13 bearing No. L/DA/2024-25/978 Dated: 07.08.2024,portal,2024-08_all_nsq.json,41
2024-08,state:DTL Thiruvananthapuram,nsq,Moxymed CV,ABT 23316,Nov-2023,Apr-2025,"Alexa Pharmaceuticals , Plot No. 20, Ext HPSIDC, Indl.Area, Baddi, Solan ? 173 205",The content of Amoxycillin and Clavulanic acid is not with in the limits of schedule ?V? of Drugs and Cosmetics Act & Rules as mentioned in the Laboratory protocol,DTL Thiruvananthapuram,portal,2024-08_all_nsq.json,42
2024-08,state:DTL Thiruvananthapuram,nsq,Kudajarishtam,110,Jan-2024,,"Bala Herbals, Industrial Estate, Edakkulangara, Kollam",It fails the tests ?Total Solids? and ?Specific gravity? as per API.,DTL Thiruvananthapuram,portal,2024-08_all_nsq.json,43
2024-08,state:DTL Thiruvananthapuram,nsq,Yogaraja Guggulu,209/21,Mar-2022,Mar-2025,"Bhaskara Vilasam Vaidyasala, Panayamuttom, Nedumangadu, Thiruvananthapuram - 695 561",It fails the test Alcohol Soluble Extractive and pH as per API,DTL Thiruvananthapuram,portal,2024-08_all_nsq.json,44
2024-08,state:DTL Thiruvananthapuram,nsq,Haridrakhanda m,207/23,Mar-2024,Feb-2026,"Bhaskara Vilasam Vaidyasala, Panayamuttom, Nedumangadu, Thiruvananthapuram - 695 561",It fails the test ?pH? as per API.,DTL Thiruvananthapuram,portal,2024-08_all_nsq.json,45
2024-08,central,nsq,Telma H (Telmisartan 40 mg and Hydrochlorot hiazide 12.5mg Tablets IP),18230080,Feb-2023,Jan-2026,"Glenmark Pharmaceuticals Ltd, Village-Kishanpura, Baddi, Himachal Pradesh 1732025",Dissolution & Assay of Telmisartan,Not applicable,portal,2024-08_all_nsq.json,46
2024-08,central,nsq,Escitalopram and Clonazepam Tablets IP (Klozaps-ES Tablets),NTD0203,Dec-2023,Nov-2025,"M/.s Digital Vision, 176, Mauza Ogli, Nahan Road, Kala-Amb, Distt. Sirmour (H.P.)-173030",Assay of Escitalopram Oxalate calculated as Escitalopram and Clonazepam,RDTL Chandigarh,portal,2024-08_all_nsq.json,47
2024-08,central,nsq,Phenytoin Sodium Injection USP,HIPY23012C,Oct-2023,Sep-2025,"M/.s Health Biotech Ltd., Village Sandoli, Nalagarh Road, Baddi, Distt. Solan (H.P.) India-173205","Alcohol, Propylene Glycol and Particulate Matter",RDTL Chandigarh,portal,2024-08_all_nsq.json,48
2024-08,central,nsq,GLIMEPIRIDE TABLETS IP (2 mg),MT234799,Nov-2023,Oct-2025,"M/s, Mascot Health Series Pvt. Ltd., 79 & 80, Sec-6A, IIE Sidcul Haridwar- 249403",Description,RDTL Guwahati,portal,2024-08_all_nsq.json,49
2024-08,central,nsq,Ursocol 300 (Ursodeoxych olic Acid Tablets IP),GTE1350A,Jun-2023,May-2025,"M/s Sun Pharma Laboratories Ltd. Vill. Kokjhar, Mirza Palashbari Road, P.O. Palashbari, Guwahati, Dist. Kamrup, Assam- 781128","Assay of ursodeoxycholi c Acid, Description",Not applicable,portal,2024-08_all_nsq.json,50
2024-08,central,nsq,Pulmosil (Sildenafil Injection),KFA0300,Jun-2023,May-2025,"M/s Sun Pharmaceuticals Ind., Ltd., Halol-Baroda Highway, Halol- 389350, Dist- Panchmahal, Gujarat, At Survey No. 250- 252,Turkapally-Village- Shameerpet Mandal, Ranga Reddy District- 500078, Telangana","Test for Description, Volume in container, Particulate matter, sterility and Assay of Sildenafil Citrate equivalent to Sildenafil.","NRS Medical College 138 AJC Bose Road, Kolkata 700014",portal,2024-08_all_nsq.json,51
2024-08,central,nsq,Pantocid (Pantoprazole Tablets IP),SID2041A,Jul-2022,Jun-2025,"M/s Sunpharma laboratories ltd. Plot no. 107-108, Namli Block, P.O. Ranipool, East Sikkim-737135",Identification and Assay,Not applicable,portal,2024-08_all_nsq.json,52
2024-08,central,nsq,Amoxicillin And Potassium Clavulanate Tablets IP (Clavam 625),23443940,Nov-2023,Apr-2025,"M/s. Alkem Health Science, Unit-2, Samardung, Karek Block, P.O. Namthang, South Sikkim 737 137.",Spurious Identification & Assay of Amoxycillin Trihydrate & Potassium Clavulanate,CDL Kolkata,portal,2024-08_all_nsq.json,53
2024-08,central,nsq,Pantoprazole Gastro-Resistant and Domperidone Prolonged-Release Capsules IP (Pan - D),23444296,Dec-2023,Nov-2025,"M/s. Alkem Health Science, Unit-2, Samardung, Karek Block, P.O. Namthang, Dist. Namchi, Sikkim 737 137.","Spurious Identification, Assay, Dissolution & Related Substancces",CDL Kolkata,portal,2024-08_all_nsq.json,54
2024-08,central,nsq,Adrenaline Injection I.P. Sterile 1 ml,AI22268,Sep-2022,Aug-2024,"M/s. Alves Healthcare Pvt. Ltd., Nangal Uperla, Swarghat Road, Nalagarh, Distt. Solan-174101 (HP).","Description, Appearance of Solution, Particulate Matter & Assay",CDL Kolkata,portal,2024-08_all_nsq.json,55
2024-08,central,nsq,"Salbutamol, Bromhexine HCI, Guaifenesin and Menthol Syrup(Acozil Expectorant)",A-244003,Apr-2024,Mar-2027,"M/s. Antila Lifesciences Pvt Ltd, Plot No. P-2, Savli Bio- Tech Park, At-Manjusar, Tal-Savli, Dist- Vadodara- 391775, Gujarat,",Not of Standard Quality,CDTL Mumbai,portal,2024-08_all_nsq.json,56
2024-08,central,nsq,Laxnorm Solution (Lactulose Solution USP),LG24-0204,Feb-2024,Jan-2026,"M/s. Athens Life Sciences, Mauza Rampur Jattan, Nahan Road, Kala Amb, Dist-Sirmour, HP-173030",Assay,CDL Kolkata,portal,2024-08_all_nsq.json,57
2024-08,central,nsq,Cefepime & Tazobactam for Injection (Crupime - TZ Kid Injection),I230041A,Apr-2023,Mar-2025,"M/s. Cosmas Research Lab. Ltd., Village: Gaunspura, P.O. Noorpur Bet, Hambran, Ludhiana 141 008",Particulate Matter,CDL Kolkata,portal,2024-08_all_nsq.json,58
2024-08,central,nsq,Heparin Sodium Injection 5000 Units (Hostranil Injection),HIHE23028A,Oct-2023,Sep-2025,"M/s. Health Biotech Ltd., Village: Sandoli, Nalagarh Road, Baddi, Distt. Solan (H.P.), India-173205","Particulate Matter, Bacterial Endotoxins & Sterility",CDL Kolkata,portal,2024-08_all_nsq.json,59
2024-08,central,nsq,Cepodem XP 50 Dry Suspension (Cefpodoxime Proxetil and Potassium Clavulanate Oral Suspension),PEA0083,Jul-2023,Dec-2024,"M/s. Hetero Labs Limited (Unit-I), Village: Kalyanpur, Chakkan Road, Tehsil: Baddi, Dist: Solan, Himachal Pradesh - 173205.",pH and Assay of Potassium Clavulanate,CDL Kolkata,portal,2024-08_all_nsq.json,60
2024-08,central,nsq,"Nimesulide, Paracetamol and Chlorzoxazone Tablets (NICIP MR)",GS22236,Sep-2022,Aug-2025,"M/s. HSN International Plot No. 54-55, Sector-6A, SIDCUL, Haridwar, (Uttarakhand) 249403",Disintegration,CDL Kolkata,portal,2024-08_all_nsq.json,61
2024-08,central,nsq,Telmisartan Tablets IP 40 mg,LMT240502,Apr-2024,Mar-2026,"M/s. Life Max Cancer Laboratories, Plot No. 106 & 106 A, Sector 6A, IIE, SIDCUL, Haridwar249403 (U.K)",Description,RDTL Guwahati,portal,2024-08_all_nsq.json,62
2024-08,central,nsq,Amoxycillin and Potassium Clavulanate Tablets IP 625 mg (Renamega- CV 625),MD19AA08,Oct-2023,Sep-2025,"M/s. Malik Lifesciences Pvt. Ltd. (A Subsidiary of Akums Drugs & Pharmaceuticals Ltd.) Plot No. Vardhman, Indl. Estate, N.H.58, Haridwar-247667 (Uttarakhand)",Assay and Uniformity of content of Clavulanic Acid and Dissolution of Amoxycillin and Clavulanic Acid,RDTL Guwahati,portal,2024-08_all_nsq.json,63
2024-08,state:Not applicable,nsq,Deflazacort Tablets ( Defcort 6 Tablets),GDB23041A,May-2023,Apr-2026,"Macleods Pharmaceuticals Ltd., 367/7, Kabra Industrial Estate, Kanchigam, Daman-396 210 (U.T)",Test of Identification and Assay of Deflazacort,Not applicable,portal,2024-08_all_nsq.json,64
2024-09,central,nsq,Omeprazole & Domperidone Capsules IP (Omerin-D Capsules),RC-331223,Dec-2023,Nov-2025,"M/s. Renowed Life Sciences, Plot No-12, Sector-6B, SIDCUL,, Haridwar, Uttarakhand (India) 249403",Dissolution of Omeprazole,CDL Kolkata,portal,2024-09_all_nsq.json,1
2024-09,central,nsq,Ofloxacin & Ornidazole Tablets I.P. (SMB OZ TABLETS),B22-114,Aug-2022,Jul-2025,"M/s. Saint Michael Biotech, No. 130, Village Kurdi, Manglore, Jharbrera Road, Roorkee- 247656 (Haridwar) (U.K.)",Dissolution of Ofloxacin & Ornidazole,RDTL Guwahati,portal,2024-09_all_nsq.json,2
2024-09,central,nsq,Oxytocin Injection I.P. 5 IU/1 ml,OTC-382A,Apr-2023,Mar-2025,"M/s. Pushkar Pharma, Kheri, Kala Amb - 173030 (H.P.).","Description, Particulate matter & Assay of Oxytocin",CDL Kolkata,portal,2024-09_all_nsq.json,3
2024-09,central,nsq,Domperidon Suspension (Vomitel),U587F2401,Jun-2024,May-2026,"M/s. Rainbow Life Sciences Pvt. Ltd., C/o. Unijules Life Sciences Ltd., B-35, 36, MIDC Kalmeshwar, Nagpur 441 501.",Assay,CDL Kolkata,portal,2024-09_all_nsq.json,4
2024-09,central,nsq,Metformin Hydrochloride 500 mg SR & Glimepiride 2 mg Tablets IP (SPAMET GM 2 Tablets),TF147A,Feb-2024,Jan-2026,"M/s. Swiss Biotech Parenterals , Kewat No. 1138, VPO - Kachhwa, Karnal- 132001, Haryana",Dissolution of Glimepiride,CDL Kolkata,portal,2024-09_all_nsq.json,5
2024-09,central,nsq,Metronidazole Tablets I.P. 400 mg,HMAA04,Jul-2023,Jun-2025,"M/s. Hindustan Antibiotics Ltd., At: 11 W.E.A. Faridabad - 121001 (Haryana) R.O. Pimpri, Pune - 411 018, India",Dissolution,CDL Kolkata,portal,2024-09_all_nsq.json,6
2024-09,central,nsq,Ketoconazole Cream BP (Nozal Cream),4129,Jul-2024,Jun-2026,"M/s. Olcare Laboratories 505/A, GIDC Estate, Wadhwan City - 363035, Dist. Surendranagar, Gujarat",Assay,CDL Kolkata,portal,2024-09_all_nsq.json,7
2024-09,central,nsq,Heparin Sodium Injection IP 5000 IU / 5ml (Hepathin 5000 Injection 5 ml / vial),L1192317G,Aug-2023,Jul-2025,"M/s. Protech Telelinks, Mauza Ogli, Suketi Road, Kala Amb, Dist- Sirmour (H.P.) 173030",Description & Particulate matter,CDL Kolkata,portal,2024-09_all_nsq.json,8
2024-09,central,nsq,Heparin Sodium Injection IP 5000 IU / 5ml (Hepathin 5000 Injection 5 ml / vial),L1192317C,Aug-2023,Jul-2025,"M/s. Protech Telelinks, Mauza Ogli, Suketi Road, Kala Amb, Dist- Sirmour (H.P.) 173030","Description, Particulate matter and Assay of Heparin (Anti- factor IIa activity)",CDL Kolkata,portal,2024-09_all_nsq.json,9
2024-09,central,nsq,Oxytocin Injection I.P. 1 ml,22X23002,Jul-2023,Jun-2027,"M/s. Radiant Parenterals Ltd., 242/4, 5 & 6, G.I.D.C. Estate at & Post Waghodia, Dist. Vadodara, Gujarat 391 760.",Assay,CDL Kolkata,portal,2024-09_all_nsq.json,10
2024-09,central,nsq,Gentamicin Injection I.P. (Gentagain ),IGMJ330,Oct-2023,Sep-2025,"M/s. Regain Laboratories 134/5, HTM Road, Raipur Lane, Hisar-125001",Description & Particulate matter,CDL Kolkata,portal,2024-09_all_nsq.json,11
2024-09,central,nsq,Calcium 500 mg and Vitamin D3 250 IU Tablets IP,LMT240025,Jan-2024,Dec-2025,"M/s. Life Max Cancer Laboratories, Plot No. 106 & 106 A, Sector 6A, IIE, SIDCUL, Haridwar249403 (U.K)",Assay of Calcium and Vitamin D3 and Dissolution of Calcium,RDTL Guwahati,portal,2024-09_all_nsq.json,12
2024-09,central,nsq,Glimepiride Tablets IP 1 mg,LMT240339,Mar-2024,Feb-2026,"M/s. Life Max Cancer Laboratories, Plot No. 106 & 106 A, Sector6A, IIE, SIDCUL, Haridwar249403 (U.K)",Dissolution,RDTL Guwahati,portal,2024-09_all_nsq.json,13
2024-09,central,nsq,Calcium Gluconate Injection I.P. 10 ml,MA24E55,May-2024,Apr-2026,"M/s. Martin & Brown Biosciences Pvt. Ltd., K. No. 918/419, Malkumajra, Nalagarth Road, Baddi, Dist. Solan (H.P.) 173205",Description & Particulate matter,CDL Kolkata,portal,2024-09_all_nsq.json,14
2024-09,central,nsq,Fexofenadine Hydrochloride Tablets IP,T-2403971,Mar-2024,Feb-2026,"M/s. Oscar Remedies Pvt. Ltd., Oscar House, Badi Majra, Yamuna Nagar - 135 001 (HR)",Uniformity of Weight and Dissolution,RDTL Guwahati,portal,2024-09_all_nsq.json,15
2024-09,central,nsq,Fexofenadine Hydrochloride Tablets I.P.,658-021,Nov-2023,Oct-2025,"M/s. Signature Phytochemical Industries, 122, MI, Selaqui Industrial Area, Dehradun - 248 011.",Dissolution,RDTL Guwahati,portal,2024-09_all_nsq.json,16
2024-09,central,nsq,Cetirizine Dihydrochloride Syrup (Citrize- P),275,Jun-2024,May-2026,"M/s. Arrow Pharma, Palia road, Hatod- 453111",pH,CDTL Hyderabad,portal,2024-09_all_nsq.json,17
2024-09,central,nsq,Ifosfamide for Injection IP with Mesna Injection (Celofos 1000 Injection),"OL0492(for Ifosfamide), GN2064(for Mesna)",Aug-2023,Jul-2025,"M/s. Kwality Pharmaceuticals Limited,1-A,Industrial Area,Raja Ka Bagh, Tehsil Nurpur, Kangra- 176201(India)",Water and Assay of Ifosfamide,RDTL Chandigarh,portal,2024-09_all_nsq.json,18
2024-09,central,nsq,Glimepiride Tablets I.P. 2 mg,LMT240157,Feb-2024,Jan-2026,"M/s. Life Max Cancer Laboratories, Plot No. 106 & 106 A, Sector6A, IIE, SIDCUL, Haridwar249403 (U.K)",Dissolution,RDTL Guwahati,portal,2024-09_all_nsq.json,19
2024-09,central,nsq,Ofloxacin and Ornidazole Intra Uterine Solution (Vet.) (UTROCLEAR- OZ SOLUTION),V-2727,Jan-2024,Dec-2025,"M/s. Ramson Remedies,186-187, Industrial Focal Point, Amritsar.",Assay of Ofloxacin and Ornidazole,RDTL Chandigarh,portal,2024-09_all_nsq.json,20
2024-09,central,nsq,Ceftriiaxone Injection I.P. 1g,324476,Apr-2024,Mar-2026,"M/s. Zee Laboratories Ltd., Behind 47, Industrial Area, Paonta Sahib-173025",Particulate Matter & Clarity of Solution,CDL Kolkata,portal,2024-09_all_nsq.json,21
2024-09,central,nsq,Gentamycin Sulphate Injection I.P. 40 mg/ml,324-564,May-2024,Apr-2026,"M/s. Zee Laboratories Ltd., Behind 47, Industrial Area, Paonta Sahib-173025",Description & Particulate matter,CDL Kolkata,portal,2024-09_all_nsq.json,22
2024-09,central,nsq,Glipizide Tablets I.P. 5 mg,Z24-187,Feb-2024,Jan-2026,"M/s. Zee Laboratories Ltd., Behind 47, Industrial Area, Paonta Sahib-173205",Dissolution,CDL Kolkata,portal,2024-09_all_nsq.json,23
2024-09,central,nsq,"Aluminum Hydroxide, Simethicone & Magnesium Hydroxide Suspension (Spisam Gel)",L22455,Dec-2022,Nov-2024,"M/s.Aan Pharma Pvt. Ltd., 816/1, Rakanpur, Tal. Kalol, Dist. Gandhinagar, 380060, Gujarat, (India)","Assay / Content of Magnesium Hydroxide, Simethicone and Aluminium Hydroxide gel",CDTL Mumbai,portal,2024-09_all_nsq.json,24
2024-09,central,nsq,Amoxicillin And Potassium Clavulanate Tablets I.P. (CLAVAM 625),23443940,Nov-2023,Apr-2025,"M/s.Alkem Health Science, A Unit of Alkem Laboratories Limited, Unit-2, Samardung, Karek Block, P.O. Namthang, South Sikkim - 737 137.","Identification, Dissolution and Assay of Amoxicillin and Clavulanic Acid",RDTL Guwahati,portal,2024-09_all_nsq.json,25
2024-09,central,nsq,Cefoperazone and Sulbactam for Injection (KEFZONE-S INJECTION),AB234007C,Jun-2024,May-2026,"M/s.ANG Lifesciences India Ltd.,Village: Kishanpura, Nalagarh Road, Tehsil: Baddi, Distt.: Solan, HP- 174101",Particulate Matter,RDTL Chandigarh,portal,2024-09_all_nsq.json,26
2024-09,central,nsq,Piperacillin and Tazobactam Injection IP (CASIDTAZ P Injection),AB154006B,Jun-2024,May-2026,"M/s.ANG Lifesciences India Ltd.,Village: Kishanpura, Nalagarh Road, Tehsil: Baddi, Distt.: Solan, HP- 174101",Particulate Matter,RDTL Chandigarh,portal,2024-09_all_nsq.json,27
2024-09,central,nsq,Loperamide Hydrochloride Tablets I.P. 2 mg (LOMJAN),L-2401,Jan-2024,Dec-2025,"M/s.Arya Pharmaceuticals, 111- c, Industrial Estate, Indore-15.",Dissolution and Assay/ Content of Loperamide Hydrochloride and Description,RDTL Guwahati,portal,2024-09_all_nsq.json,28
2024-09,central,nsq,Ciprofloxacin Tablets IP 500 mg (CIPRODAC 500),JKBD24009,Jan-2024,Dec-2026,"M/s.Cadila Pharmaceuticals Limited,, Industrial Growth Center, Samba -184 121, State of J & K",Dissolution of Ciprofloxacin,RDTL Guwahati,portal,2024-09_all_nsq.json,29
2024-09,state:DTL Thiruvananthapuram,nsq,Fluorometholone Eye Drops IP,CHE-3044,May-2023,Apr-2025,"Cotec Healthcare pvt.Ltd, K.H.No.593/1, Roorkee, Dehradun Highway, Kishanpur, Roorkee- 247 667, UK",It fails the test ?Uniformity of Volume? and ?Assay? as per IP,DTL Thiruvananthapuram,portal,2024-09_all_nsq.json,30
2024-09,state:DTL Thiruvananthapuram,nsq,Wintel 40 Tablets,HTN257D,Apr-2024,Mar-2026,"Himalaya Meditek pvt.Ltd, Plot No. 35 & 36, Pharmacity, Selaqui, Industrial Area, Dehradun - 248 197",It fails the test ?Dissolution? as per IP,DTL Thiruvananthapuram,portal,2024-09_all_nsq.json,31
2024-09,state:DTL Thiruvananthapuram,nsq,Panlib 40 Tablets,HTN 102A,Jan-2024,Dec-2025,"Himalaya Meditek pvt.Ltd, Plot No. 35 & 36, Pharmacity, Selaqui, Industrial Area, Dehradun",It fails the test Dissolution? and ?Assay? as per IP,DTL Thiruvananthapuram,portal,2024-09_all_nsq.json,32
2024-09,state:DTL Thiruvananthapuram,nsq,Floxages-OZ (Ofloxacin and Ornidazole Tablets IP),SPY41223,Dec-2023,Nov-2026,"Suraksha Pharma pvt.Ltd, 410, Karondi, Roorkee-247 667, Uttarakhand",It fails the test ?Dissolution? as per IP,DTL Thiruvananthapuram,portal,2024-09_all_nsq.json,33
2024-09,central,nsq,Fluconazole Tablets IP 150 mg (Flucse - 150),CHT23621,Feb-2024,Jan-2026,"M/s.Cureza Healthcare Pvt. Ltd., A.B. Road, Girwai- 474001",Uniformity of weight,CDTL Mumbai,portal,2024-09_all_nsq.json,34
2024-09,central,nsq,Promethazine Hydrochloride Injection I.P. (PHENERGAN),AHH0367,Dec-2022,Nov-2025,"M/s.Nitin Lifesciences Ltd., Rampur Road, Paonta Sahib, Dist. Sirmour - 173025 (H.P.), India",Assay of Promethazine Hydrochloride,RDTL Guwahati,portal,2024-09_all_nsq.json,35
2024-09,central,nsq,COMPOUND SODIUM LACTATE INJECTION I.P. (RL),03BF2475,Apr-2024,Mar-2027,"M/s.Paschim Banga Pharmaceuticals, NH- 31, TIN MILE HAT, SONAPUR HAT, P. S. CHOPRA, DISTRICT- UTTAR DINAJPORE, PIN-733214 (W.B.)",Bacterial Endotoxins Test,RDTL Guwahati,portal,2024-09_all_nsq.json,36
2024-09,central,nsq,Gentamicin Sulphate Injection IP (P- Genta Injection),PA022415,Feb-2024,Jan-2026,"M/s.Primus Pharmaceuticals, Sadhoura Road, Mouza ogli Khari Vill Asgarpur Majra, Kala Amb. Distt. Sirmour- (H. P.) 173030",pH,CDTL Mumbai,portal,2024-09_all_nsq.json,37
2024-09,central,nsq,Ramipril Tablets I.P. 2.5 mg,RT-231084,Oct-2023,Sep-2025,"M/s.Relief Biotech Pvt. Ltd., Khasra No. 72, Makhyali Dundi, Peerpura Road, Roorkee Bypass, Delhi Road, Manglour, Roorkee - 247656, Haridwar (U.K.).",Assay of Ramipril,RDTL Guwahati,portal,2024-09_all_nsq.json,38
2024-09,central,nsq,"Dextromethorph an Hydrobromide, Chlorpheniramin e Maleate and Phenylephrine Hydrochloride Syrup (COUGH- DM Cough Syrup)",SHL3037,Nov-2023,Oct-2025,"M/s.Sunfine Healthcare,Plot No. 63, Ind. Area Lodhimajra, Tehsil Baddi, Distt. Solan (H.P.) 173205",Assay of Phenylphrine Hydrochloride,RDTL Chandigarh,portal,2024-09_all_nsq.json,39
2024-09,central,nsq,Methylcobalami n Injection 2500 mcg (NUROFENS- 2500 Injection),SRID24010 1,Apr-2024,Sep-2025,"M/s.Systole Remedies Pvt. Ltd.,Vill. Ogli, Kala Amb, Teh. Nahan, Distt. Sirmour (H.P.) - 173 030",Particulate matter and Assay of Methylcobalami n,RDTL Chandigarh,portal,2024-09_all_nsq.json,40
2024-09,central,nsq,Paracetamol Paediatric Oral Suspension IP,V0244001,Feb-2024,Jan-2026,"M/s.Vivimed Labs Limited., Plot No. 25, Kundeshwari Village, Kashipur 244713, Uttarakhand.",Related Substances,CDTL Mumbai,portal,2024-09_all_nsq.json,41
2024-09,state:DTL Thiruvananthapuram,nsq,Frusemide Injection IP 20 mg,FRIB-03,Jan-2024,Dec-2025,"Nestor Pharmaceuticals Ltd, 11, Western Extension Area, Faridabad -121001",It fails the test ?Sterility? as per IP,DTL Thiruvananthapuram,portal,2024-09_all_nsq.json,42
2024-09,state:DTL Thiruvananthapuram,nsq,Cloxacillin Sodium Capsules IP 250 mg,CLCA-04,Apr-2023,Mar-2025,"Nestor Pharmaceuticals Ltd, 11, Western Extension Area, Faridabad -121001",The sample does not conform to IP Standards with respect to ?Descriptive part? of hard gelatin capsules and further tests cannot be performed due to reasons secified in the laboratory protocol,DTL Thiruvananthapuram,portal,2024-09_all_nsq.json,43
2024-09,state:CFDL Jammu (J&K),nsq,Cefuroxime Axetil Tablets IP 500 mg (JKMSCL Supply),JAK-23,Jul-2023,Jun-2025,Agron Remedies Pvt Ltd Sarverkhera Moradabad Road Kashipur 244 713 (Uttarakhand),"The sample fails in the Description, Dissolution and Assay of Cefuroxime Axetil w.r.t the sample portion received as above",CFDL Jammu (J&K),portal,2024-09_all_nsq.json,44
2024-09,state:Drug Testing Laboratory Srinagar (J&K) vide report on Form 13 bearing No. L/DA/2024- 25/1191 Dated: 05.09.2024. (Report attached as Annexure A),nsq,Neurotem-NT,CPT-2698,Mar-2024,Feb-2026,"Catasta Pharmaceuticals Plot No. 113, DIC, Industrial Area, Baddi Distt. Solan (H.P) Mrk. By : Cosway Biosciences Coprporate Office : Khasra No. 2054/1724, 1725 SCO No. 11 Baddi Barotiwala Road The. Baddi Distt. Solan H.P 173205",The given Drug Sample does not comply to the contents of Assay with respect to Pregabalin ( 23.26% of claim),Drug Testing Laboratory Srinagar (J&K) vide report on Form 13 bearing No. L/DA/2024- 25/1191 Dated: 05.09.2024. (Report attached as Annexure A),portal,2024-09_all_nsq.json,45
2024-09,state:DTL Thiruvananthapuram,nsq,C Mont LC Kid 60 ml (Montelukast & Leveocetirizine Dihydrochloride syrup),AL 23206,Nov-2023,Oct-2025,"Cian Healthcare Ltd, kh No.248, Village sisonia, Bhagwanpur, Roorkee, Haridwar, Uttarakhand- 247 661",The content of montelukast is not within the limits of Schedule ?V? of Drugs & Cosmetics Act & Rules,DTL Thiruvananthapuram,portal,2024-09_all_nsq.json,46
2024-09,state:Not applicable,nsq,Nandrolone Decanoate Injection IP 25mg/ml (Deca- Durabolin 25 Inj.),G202620,Oct-2022,Sep-2026,Under Investigation,Identification,Not applicable,portal,2024-09_all_nsq.json,47
2024-09,state:DTL Thiruvananthapuram,nsq,Moxica -250 [Amoxicillin Dispersible Tablets IP 250 mg],SD 243,Aug-2023,Jul-2025,"Indica Pharmaceuticals (P) Ltd, Bapunagar, Ahmedabad- 382 345",It fails the test ?Disintegration? and ?Uniformity of Dispersion? specified in the Laboratory Protocol as per IP,DTL Thiruvananthapuram,portal,2024-09_all_nsq.json,48
2024-09,state:Drug Testing Laboratory Srinagar (J&K) vide report on Form 13 bearing No. L/DA/2024-25/1311 Dated: 27.09.2024. (Report attached as Annexure C),nsq,Loperamide Hydrochloride Tablets IP (JKMSCL Hospital Supply),T-16201,May-2024,Apr-2026,"Karnani Pharmaceuticals Pvt. Ltd , 38 Pharma City , Selaqui Dehradun -248011",The sample does not conform to IP with respect to the test for Dissolution & Assay,Drug Testing Laboratory Srinagar (J&K) vide report on Form 13 bearing No. L/DA/2024-25/1311 Dated: 27.09.2024. (Report attached as Annexure C),portal,2024-09_all_nsq.json,49
2024-09,state:DTL Thiruvananthapuram,nsq,Telmisartan Tab IP 40 mg,D1153/24-25,,,"Kerala Medical Services Corporation Ltd, Thycaud P.O, Thiruvananthapuram- 14",The sample does not conform to IP Standards with respective to ?Descriptive part? of tablets and further tests cannot be performed due to above reasons.,DTL Thiruvananthapuram,portal,2024-09_all_nsq.json,50
2024-09,state:DTL Thiruvananthapuram,nsq,Pantoprazole Inj.BP 40 mg,D 0923/24- 25,,,"Kerala Medical Services Corporation Ltd, Thycaud P.O, Thiruvananthapuram- 14",It fails the test ?Sterility? specified in the laboratory protocol as per IP,DTL Thiruvananthapuram,portal,2024-09_all_nsq.json,51
2024-09,state:DTL Thiruvananthapuram,nsq,Glimepiride Tab IP,D1272/24-25,,,"Kerala Medical Services Corporation Ltd, Thycaud P.O, Thiruvananthapuram- 14",The sample fails the descriptive part for tablets as they are not sufficiently hard to withstand handling without crumbling or breaking and further tests cannot be performed due to above reason,DTL Thiruvananthapuram,portal,2024-09_all_nsq.json,52
2024-09,state:DTL Thiruvananthapuram,nsq,Cough Syrup,D 1278/24- 25,,,"Kerala Medical Services Corporation Ltd, Thycaud P.O, Thiruvananthapuram- 14","The sample fails the ?Descriptive part? for oral dosage forms of Schedule V of drugs and cosmetics Act and Rules, as the syrup contains red coloured suspended paticles",DTL Thiruvananthapuram,portal,2024-09_all_nsq.json,53
2024-09,state:Not applicable,nsq,Calcium and Vitamin D3 Tablets I.P (SHELCAL 500),GDXD0581,Aug-2023,Jul-2025,Under Investigation,"Identification, Dissolution, Assay and Description.",Not applicable,portal,2024-09_all_nsq.json,54
2024-09,state:Not applicable,nsq,Pantoprazole Gastro-Resistant and Domperidone Prolonged- Release Capsules I.P. (PAN-D),23443507,Sep-2023,Aug-2025,Under Investigation,Assay of both Pantoprazole and Domeperidone,Not applicable,portal,2024-09_all_nsq.json,55
2024-09,central,nsq,Pantoprazole Gastro-resistant Tablets IP.. (PAN 40),22442076,Jul-2022,Dec-2024,"M/s. Alkem Health Science, A Unit Of Alkem Laboratories Limited, Unit-2, Samardung, Karek Block, P.O.: Namthang, South Sikkim - 737 137.",Assay and Dissolution in acid stage,RDTL Guwahati,portal,2024-09_all_nsq.json,56
2024-09,central,nsq,Cefpodoxime Tablets IP 200 mg (Monocef-O 200),BPH232520,Aug-2023,Jul-2025,"M/s. Aristo Pharmaceuticals Pvt. Ltd., Village: Makhnumajra. P.O.- Bhud, Baddi, Dist: Solan (H.P.)- 173205",Identification and Assay/ Content of Cefpodoxime,RDTL Guwahati,portal,2024-09_all_nsq.json,57
2024-09,central,nsq,Cefpodoxime Tablets IP 200 mg (Monocef-O 200),BPD231045,Apr-2023,Mar-2025,"M/s. Aristo Pharmaceuticals Pvt. Ltd., Village: Makhnumajra. P.O.- Bhud, Baddi, Dist: Solan (H.P.)- 173205",Identification and Assay/ Content of Cefpodoxime,RDTL Guwahati,portal,2024-09_all_nsq.json,58
2024-09,central,nsq,Cipronir 500 (Ciprofloxacin Tablets IP 500 mg),CCF212003,Dec-2022,Nov-2025,"M/s. Celebrity Biopharma Ltd., Vill. Panga, Via - Jharmajri, Hill Top Estate, Barotiwala, Distt. Solan, H.P. 174103",Dissolution,CDL Kolkata,portal,2024-09_all_nsq.json,59
2024-09,central,nsq,Glycopyrrolate 0.5 mg / 5ml + Neostigmine methysulfate Injection 2.5 mg / 5ml) (Stimin),GNI2406AC,Jul-2024,Jun-2026,"M/s. Celon Laboratories Pvt. Ltd., Plot No. 2, ALEAP Industrial Estate, Gajularamaram, Medchal District - 500 090, Telangana State, India.",Description & Clarity of Solution,CDL Kolkata,portal,2024-09_all_nsq.json,60
2024-09,central,nsq,"Dried Aluminium Hydroxide, Magnesium Hydroxide & Activated Dimethicone Suspension (Chill Acid MPS)",DNS- 2210001,Oct-2022,Sep-2024,"M/s. Devout Nord (I) Ltd., Plot No. 28B, Sector-8B, IIE, Sidcul, Haridwar-249 403 (U.K).","Description, Microbial Limit Test, Identification and Assay of Activated Dimethicone",CDL Kolkata,portal,2024-09_all_nsq.json,61
2024-09,central,nsq,Bupropion Hydrochloride Extended Release Tablets USP (Nopion 150 Tablets),GTD0768,Nov-2023,Oct-2025,"M/s. Digital Vision, 176, Mauza Ogli, Nahan road, Kala- Amb, Distt. Sirmour (H.P.)-17030",Description and Assay of Bupropion Hydrochloride,RDTL Chandigarh,portal,2024-09_all_nsq.json,62
2024-09,central,nsq,Diclofenac Sodium Tablets IP 50 mg,HDFA02,Nov-2023,Oct-2025,"M/s. Hindustan Antibiotics Ltd., At: 11 W.E.A. Faridabad - 121001 (Haryana) R.O. Pimpri, Pune - 411 018, India",Dissolution,CDL Kolkata,portal,2024-09_all_nsq.json,63
2024-09,central,nsq,Nimesulide & Paracetamol Tablets (Nimuvent-P Tablets),GD332005,Apr-2022,Mar-2025,"M/s. Innova Captab Limited, 1281/1, Hilltop Industrial Estate, Near EPIP, Phase-I, Jharmajri, Baddi, Dist. Solan (H.P.)",Description,CDL Kolkata,portal,2024-09_all_nsq.json,64
2024-09,central,nsq,"Aceclofenac 100 mg, Serratiopeptidas e 15 mg & Paracetamol 325 mg Tablets(ZEROD OL-SP TABLETS)",FND033076 AS,Aug-2023,Jan-2026,"M/s. Ipca Laboratories Ltd. .,393/394, Melli Jorethang Road, Gom Block, Bharikhola, South District, Sikkim- 737 121",Identification and Assay of Aceclofenac Serratiopeptidas e and Paracetamol,RDTL Chandigarh,portal,2024-09_all_nsq.json,65
2024-09,central,nsq,Torsemide Tablets IP 10 mg (Torverge- 10 Tablets),GT7137A,Mar-2023,Feb-2025,"M/s. J.M.LABORATORIES., Village- Bhanat, PO - Ghatti, Subathu Road, Solan (HP) 173211Himachal Pradesh - 173 205",Assay of Torsemide,RDTL Chandigarh,portal,2024-09_all_nsq.json,66
2024-09,central,nsq,BISACODYL TABLETS I.P. (Bisalax Tablets),T-14996,Dec-2022,May-2025,"M/s. Karnani Pharmaceutical Pvt. Ltd., Fact. 38, Pharma City, Selaqui Dehradun- 248011 (Uttarakhand)","Dissolution (Buffer stage), Related substances and Assay of Bisacodyl",CDTL Mumbai,portal,2024-09_all_nsq.json,67
2024-09,state:DTL Thiruvananthapuram,nsq,Yogaraja Guggulu Tablet,P 592324,Oct-2023,Sep-2026,"Oushadhi, The Pharmaceutical corporation (IM) , Kerala Ltd, Kuttanellur, Thrissur- 68 0014",The sample does not conform to API Standards. It fails the tests ?Total Ash? as per API Standards.,DTL Thiruvananthapuram,portal,2024-09_all_nsq.json,68
2024-09,state:DTL Thiruvananthapuram,nsq,"Trypsin, Bromelain & Rutoside Trihydrate Tablets [Flavoshine]",TTF24065,Jun-2024,Nov-2025,"Tiruvision Medcare, Plot No. 177, HPSIDC, Indl.Area, Baddi, Dist Solan HP 173 205",The sample fails the test ?Disintegration? specified in the Laboratory protocol as per IP,DTL Thiruvananthapuram,portal,2024-09_all_nsq.json,69
2024-09,state:DTL Thiruvananthapuram,nsq,B - Cidal 625,UT232859,Mar-2024,Aug-2025,"VADSP Pharmaceuticals, Plot No. 124, EPIP Indl.Area, Phase 1, Jharmajri, Baddi (HP)- 174103",The content of Clavulanic acid is not with in the limit of ?Schedule V? of Drugs and Cosmetics Act & Rules thereunder,DTL Thiruvananthapuram,portal,2024-09_all_nsq.json,70
2024-09,state:Not applicable,nsq,Tamsulosin and Dutasteride Tablets (Urimax- D),GH30334,May-2023,Apr-2025,Under Investigation,"Description, Identification and Assay",Not applicable,portal,2024-09_all_nsq.json,71
2024-10,central,nsq,Amoxycillin and Potassium Clavulanate for Injection IP 1.2 gm,23AP10,Oct-2023,Sep-2025,"M/s. SAI Parenterals Limited, D1 & D4, Survey No. 280, Phase-V, IDA, Jeedimetla, Hyderabad - 500 055, Telangana, India",Particulate matter & Clarity of Solution,CDL Kolkata,portal,2024-10_all_nsq.json,1
2024-10,central,nsq,Adrenaline Injection IP 1.8mg/ml (Adrenascot),GA3A020,Jan-2023,Dec-2024,"M/s. Scott-Edil Pharmacia Ltd., 56, EPIP., Phase-I, Jharmajri, Baddi, Distt. Solan - 173 205, (H.P.),INDIA",Appearance of Solution and Description,RDTL Guwahati,portal,2024-10_all_nsq.json,2
2024-10,central,nsq,Rabeprazole Sodium & Domperidone SR Capsules (RABALKEM- DSR),RKBC22064 S,Dec-2022,Nov-2024,"M/s. Shiva Biogenetic Laboratories Pvt. Ltd., Vill-Manpura, Baddi, Dist. Solan, (H.P.) -174 101.",Assay of Rabeprazole,CDL Kolkata,portal,2024-10_all_nsq.json,3
2024-10,central,nsq,Rabeprazole Sodium (Enteric Coated) And Domperidone (Sustained Release) Capsules (ZABIL- DSR),UD2C- 23469E,Jun-2023,May-2025,"M/s. Ultra Drugs Pvt. Ltd., (Unit-II), HS No. 211, K. No. 77/1, 78/1, Vill. Katha, Baddi, Distt. Solan (H.P.) - 173 205.","Dissolution of Rabeprazole & Domperidone, Assay of Domperidone",CDL Kolkata,portal,2024-10_all_nsq.json,4
2024-10,"state:State Lab, Drugs Control",nsq,Dulhan Special,Nil,,,"Mohsin Idustries,",MISBRANDED,"State Lab, Drugs Control",portal,2024-10_all_nsq.json,5
2024-10,central,nsq,"Diclofenac Sodium, Paracetamol & Chlorzoxazone Tablets",DCPT3310,Sep-2023,Aug-2025,"M/s. MODERN LABORATORIES, 45-47, Sector D-2, Industrial Area, Sanwar Road, Indore (M.P.) - 452 015.",Disintegration,CDL Kolkata,portal,2024-10_all_nsq.json,6
2024-10,central,nsq,Iron Sucrose Injection USP 5 ml,IRA12320,Aug-2023,Jul-2025,"M/s. Nandani Medical Laboratories Pvt. Ltd., 221/5, Bicholi Hapsi, Kanadia Road, Indore, M.P.","Specific Gravity, Particulate matter, Assay of Sucrose & Assay of Ferric Hydroxide with sucrose calculated as elemental Iron",CDL Kolkata,portal,2024-10_all_nsq.json,7
2024-10,central,nsq,Chlorhexidine Gluconate Solution 4% w/v,12,Jul-2024,Jun-2026,"M/s. OVERSEAS CHEMICALS, Vill. Bonderbill (Sukanta Pally), Hooghly 712 247, W.B.",Assay,CDL Kolkata,portal,2024-10_all_nsq.json,8
2024-10,central,nsq,Natamycin Ophthalmic Suspension IP (Nataprime Eye Drops),PE062308,Jun-2023,May-2025,"M/s. Primus Pharmaceuticals, Sadhoura Road, Mouza Ogli Khari, Vill. Asgarpur Majra, Kala Amb. Dist, Sirmour (H.P.)- 173030.",Sterility,CDL Kolkata,portal,2024-10_all_nsq.json,9
2024-10,central,nsq,"Hydroquinone, Tretinoin & Allantoin Cream (Lumadip)",LD-18,Dec-2023,Nov-2025,"M/s. Tosc International Pvt. Ltd., (Pharmaceutical Division), Plot No. 47, Sector-3, SIDCUL, Pantnagar-263153 (Rudrapur), Distt. Udham Singh Nagar, (Uttarakhand)",Description & pH,CDL Kolkata,portal,2024-10_all_nsq.json,10
2024-10,central,nsq,Liposomal Amphotericinn B Injection 50mg (Ambilip),ALLC4A1,Mar-2024,Feb-2026,"M/s. UNITED BIOTECH (P) LIMITED, Bagbania, Baddi-Nalagarh Road, Distt. Solan (HP) 174 101.",Bacterial endotoxins and Assay of Amphotericin B,CDL Kolkata,portal,2024-10_all_nsq.json,11
2024-10,central,nsq,SUCRALFATE USP,LSU2404015,Apr-2024,Mar-2029,"M/s. Legend Industries, (Unit-II) C1/200, 201/4, Phase-II, GIDC, Opp. Encore Ltd., Naroda, Ahmedabad-382330, Gujarat","Spurious, Identification & Assay",CDL Kolkata,portal,2024-10_all_nsq.json,12
2024-10,central,nsq,Glucosamine Sulfate Potassium Chloride MSM and Diacerein Tablets (Orcerin GM ),KOO2207A,May-2022,Apr-2025,"M/s. MACLEODS PHARMACEUTICAL LTD., Khasra No. 21, 22, 66, 67 & 68, Aho- Yangtam, Namchepung, PO: Ranipool, Sikkim - 737 135.",Description,CDL Kolkata,portal,2024-10_all_nsq.json,13
2024-10,central,nsq,Iron Sucrose Injection USP 5 ml,MA24B129,Feb-2024,Jan-2026,"M/s. MARTIN & BROWN BIO-SCIENCES PVT. LTD., K. No. 918/419, Malkumajra, Nalagarh Road, Baddi, Dist-Solan (H.P) -173205",Particulate Matter,CDL Kolkata,portal,2024-10_all_nsq.json,14
2024-10,central,nsq,SUCRALFATE USP,SCF/24/0049,May-2024,Apr-2029,"M/s. Par Drugs & Chemicals Limited, 333/1, 333/2, 334, 335, 336/A & B, 337, 338 GIDC Ind. Estate, Phase-2, Chitra, Bhavnagar-364004, Gujarat","Spurious, Identification & Assay",CDL Kolkata,portal,2024-10_all_nsq.json,15
2024-10,central,nsq,Ciprofloxacin Injection IP 100 ml,09AF0061,Dec-2022,Nov-2025,"M/s. Paschim Banga Pharmaceuticals (A Unit of Farista Vanijya Pvt. Ltd), NH-31, Tin Mile Hat, P.S. Chopra, Dist- Uttar Dinajpur-733214 (WB)",Extractable Volume,CDL Kolkata,portal,2024-10_all_nsq.json,16
2024-10,central,nsq,Buprenorphine Injection I.P. (LUPIGESIC),1470 ASG,Jan-2024,Dec-2025,"M/s. S.M.G. PHARMACEUTICALS (Pvt) Ltd., Plot No-K.B Complex Opp. Mahavir Nagar, N.H. No-I, Vitpl- 306185 Gujarat","Assay"" of Buprenorphine",RDTL Guwahati,portal,2024-10_all_nsq.json,17
2024-10,central,nsq,Buprenorphine Injection I.P. (LUPIGESIC),1470 ASG,Sep-2023,Aug-2025,"M/s. S.M.G. PHARMACEUTICALS (Pvt) Ltd., Plot No-K.B Complex Opp. Mahavir Nagar, N.H. No-I, Vitpl- 306185. AT-75/1GI.DC Vipl-306185",Assay/Content of Buprenorphine,RDTL Guwahati,portal,2024-10_all_nsq.json,18
2024-10,central,nsq,Ciprofloxcin Tablets IP 250 mg,CT23241818,Feb-2024,Jan-2026,"M/s. CMG BIOTECH PVT.LTD. ( A WHO- GMP Certified Co.), 58, Industrial Area, Phase- III, Sansarpur Terrace, Jaswan Dist. Kangra H.P. 176501",Dissolution of Ciprofloxcin,RDTL Guwahati,portal,2024-10_all_nsq.json,19
2024-10,central,nsq,Telmisartan Tablets I.P. (Telesky-40 Tablet),CMT23-1658,Mar-2024,Feb-2026,"M/s. Cortex Medical Inc., Plot No. -3F, Apperal Park, Katha, Industrial Area Baddi, Distt.- Solan (H.P.)",Dissolution,RDTL Guwahati,portal,2024-10_all_nsq.json,20
2024-10,central,nsq,Enrofloxacin Injection I.P. (Vet.) (ENROXACIN VET Injection),LV326,Jan-2023,Dec-2024,"M/s. Lavista Ideal Pharmacy Pvt. Ltd., Lavista Ideal Pharmacy Pvt. Ltd., Back side of Tata Motor Vill-Nalka, PO - Manpura, Tehsil Baddi, Dist. Solan (HP) - 173205",pH,CDL Kolkata,portal,2024-10_all_nsq.json,21
2024-10,central,nsq,Telmisartan Tablets I.P. 40 mg,LMT240611,May-2024,Apr-2026,"M/s. Life Max Cancer Laboratories, Plot No. 106 & 106 A, Sector6A, IIE, SIDCUL, Haridwar249403 (U.K)",Description,RDTL Guwahati,portal,2024-10_all_nsq.json,22
2024-10,central,nsq,Esomeprazole Tablets IP 40 mg (Essokynt-40),TT23-505,Jul-2023,Jun-2025,"Tanishka Pharmaceuticals Pvt. Ltd., Vill. Nandpur, Kharuni-Lodhi Majra Road, Baddi Teh. Nalagarh (H.P.)",Dissolution (Buffer Stage),RDTL Guwahati,portal,2024-10_all_nsq.json,23
2024-10,central,nsq,Terbinafine Hydrochloride Tablets IP (TERBONATE- 250),NT-7900,Mar-2024,Feb-2026,"M/s. Neptune Life Sciences Pvt. Ltd., 100- B, EPIP, Phase-II, Thana, Baddi- 173205 (H.P.)",Test for Dissolution,CDTL Hyderabad,portal,2024-10_all_nsq.json,24
2024-10,central,nsq,Fexofenadine Hydrochloride Tablets I.P.,T-2403971,Mar-2023,Feb-2026,"M/s. Oscar Remedies Pvt. Ltd., OSCAR HOUSE, BADI MAJRA, YAMUNA NAGAR- 135001 (HR)",Dissolution of Fexofenadine Hydrochloride.,RDTL Guwahati,portal,2024-10_all_nsq.json,25
2024-10,central,nsq,Ciprofloxacin Tablets U.S.P. 500 mg,T-2401066,Jan-2024,Dec-2025,"M/s. Rivpra Formulation Pvt. Ltd. ., Plot No.8, Sector-6A, IIE SIDCUL, Haridwar-249 403 (U.K.)..",Dissolution,RDTL Guwahati,portal,2024-10_all_nsq.json,26
2024-10,central,nsq,Paracetamol Tablets IP 500 mg (Pararex-500,CT-7129,Sep-2023,Aug-2026,"CHEMETAC PHARMACEUTICALS 42, MAINA PUR, MEERUT ROAD, GHAZIABAD-201003",Dissolution,RDTL Guwahati,portal,2024-10_all_nsq.json,27
2024-10,central,nsq,Ondansetron Injection IP 2mg/ml,OT-5411,Aug-2024,Jul-2026,"M/s. Alchemist Remedies Pvt. Ltd.,138- 139, Industrial Area 2,AB Road Dewas , Madhya Pradesh",The sample does not Conform to IP Standards with respect to TEST FOR STERILITY,CDTL Chennai,portal,2024-10_all_nsq.json,28
2024-10,central,nsq,Aciclovir Intravenous Infusion IP 250 mg (Acyclotech Injection),D0072406B,Jun-2024,May-2026,"M/s. Protech Telelinks, Mauza Ogli, Suketi Road, Kala Amb, District Sirmour (H.P.) 173030",Assay of Aciclovir,RDTL Chandigarh,portal,2024-10_all_nsq.json,29
2024-10,central,nsq,Ceftriaxone and Sulbactam for Injection (Tykone- S Injection),UNI-240013,Jun-2024,May-2027,"Unital Formulations, 114- B, EPIP, Phase-1, Jharmajri, Baddi, Solan (H.P.)",Particulate matter,RDTL Chandigarh,portal,2024-10_all_nsq.json,30
2024-10,central,nsq,Ampicillin 1G Powder for Injection 1000 mg,EXPN-24004,Apr-2024,Mar-2026,"Unital Formulations, 114- B, EPIP, Phase-1, Jharmajri, Baddi, Solan,H.P.-1732025, under neutral code no. HP/DRUGS/MB/08/712",Particulate matter and Assay of Ampicillin Sodium calculated as Ampicillin,RDTL Chandigarh,portal,2024-10_all_nsq.json,31
2024-10,"state:State Lab Drugs Control Laboratory, Telangana.",nsq,"Zyfer-XT Tablets, Ferrous Ascorbate, Folic Acid Tablets",WW-2405,May-2024,Oct-2025,"M/s. Hindustan Nutraceuticals INC Plot No.14, Sai Nagar, Boduppal, Hyderabad-039 Telangana",NOT OF STANDARD QUALITY Sample Does not meets the Specifications wrt. Assay of Folic Acid as per STP.,"State Lab Drugs Control Laboratory, Telangana.",portal,2024-10_all_nsq.json,32
2024-10,"state:State Lab Drugs Control Laboratory, Telangana.",nsq,"Tablets, Cefixime Tablets IP 400 mg",CTTB-01,Jun-2024,May-2026,"M/s. Nestor Pharmaceticals Limited 11, Wetern Extension area, Faridabad-121 001, India HARYANA",NOT OF STANDARD QUALITY Tablets does not complies in respect of Description.,"State Lab Drugs Control Laboratory, Telangana.",portal,2024-10_all_nsq.json,33
2024-10,"state:State Lab Drugs Control Laboratory, Telangana.",nsq,"Tablets, Divalproex Sodium SR Tablets 500 mg",TMT-0211,Jun-2024,May-2026,"Tas Med (Indi) Pvt. Ltd., Plot No. -8, Phase IV. Industrial Area HIMUDA, Bhatoli Kalan, Baddi, Distt. Solan (H.P.) 173205 HIMACHAL PRADESH","MISBRANDED The drug product Divalproex Sodium SR Tablets is official in the currect edition of IP 2022. and as required as per second schedule of the Drugs and cosmetics Act, 1940, the said drug product shall comply with the standards set out in the Indian Pharmacopoeia. But the designation IP in conjunctin with the official title Divalproex Sodium SR Tablets on the label of the drug product was not mentioned as an indication that the drug product purports to comply with IP standrds. Hence the drug product shall be deemed to be MISBRANDED DRUG as per Section 17 of the drug and Cosmetics Act 1940 as it not labeled in the prescribed manner","State Lab Drugs Control Laboratory, Telangana.",portal,2024-10_all_nsq.json,34
2024-10,"state:State Lab Drugs Control Laboratory, Telangana.",nsq,Divalproex Sodium SR Tablets,TMT-0165,Jun-2024,May-2024,"M/s. Tas Med (India) Pvt.ltd. Plot No. phase IV, Industriael Area Himuda, Bhatoli Kalan, Baddi Distt, solan (H.P) 173205.","MISBRANDED The drug product Divalproex Sodium SR Tablets is official in the currect edition of IP 2022. and as required as per second schedule of the Drugs and cosmetics Act, 1940, the said drug product shall comply with the standards set out in the","State Lab Drugs Control Laboratory, Telangana.",portal,2024-10_all_nsq.json,35
2024-10,"state:State Lab Drugs Control Laboratory, Telangana.",nsq,Divalproex Sodium SR Tablets 500 mg,TMT-0164,Jun-2024,May-2024,"M/s. Tas Med (India) Pvt.ltd. Plot No. phase IV, Industriael Area Himuda, Bhatoli Kalan, Baddi Distt, solan (H.P) 173205.","MISBRANDED The drug product Divalproex Sodium SR Tablets is official in the currect edition of IP 2022. and as required as per second schedule of the Drugs and cosmetics Act, 1940, the said drug product shall comply with the standards set out in the Indian Pharmacopoeia. But the designation IP in conjunctin with the official title Divalproex Sodium SR Tablets on the label of the drug product was not mentioned as an indication that the drug product purports to comply with IP standrds. Hence the drug product shall be deemed to be MISBRANDED DRUG as per Section 17 of the drug and Cosmetics Act 1940 as it not labeled in the prescribed manner","State Lab Drugs Control Laboratory, Telangana.",portal,2024-10_all_nsq.json,36
2024-10,"state:State Lab Drugs Control Laboratory, Telangana.",nsq,"Myoplus Tablets, Paracetamol & Chlorzoxazone Tabletes",MT24-1,Apr-2024,Mar-2026,"M/s. LEOSTAR Healthcare Pvt.Ltd Plot no.10, Biotech Park, Phase-III, Genome Valley, Karkapatla, Telangana-502281 Telangana",NOT OF STANDARD QUALITY 18 Tablets were tested. All the 18 tablets did not Disintigrate within the time limit (i.e 15 Minutes) specified as per IP.,"State Lab Drugs Control Laboratory, Telangana.",portal,2024-10_all_nsq.json,37
2024-10,state:State Lab Puducherry,nsq,CYPROHEPTAD INE HCl & TRICHOLINE CITRATE,WHL-00623,Feb-2024,Jan-2026,"M/s. Warner Hindusthan Pvt Ltd., 24-85/7, Sy. No. 548 & 551, Uppal, Hyderabad, Telangana 500039",The label of the container in the drug is mentioned as 'Approved colour used' but the common name of the,State Lab Puducherry,portal,2024-10_all_nsq.json,38
2024-10,state:DTL Thiruvananthapuram,nsq,Montelukast Sodium and Levocetirizine Hydrochloride Tablets IP 10 mg/5 mg,MLHT-1022,Sep-2023,Aug-2026,"Wings Biotech LLP, 43&44, HPSIDC, Ind.Area, Baddi-173205 HP",It fails the test ?Dissolution? Specified in the Laboratory Protocol as per IP,DTL Thiruvananthapuram,portal,2024-10_all_nsq.json,39
2024-10,state:DTL Thiruvananthapuram,nsq,Paracetamol Tablets IP 650 mg [Nopain-650],URDT2433,Oct-2023,Sep-2026,"Unicure India Ltd., Plot No. 46(B)/49B Village Raipur, Bhagwanpur ,Roorkee Dist, Haridwar, 247661 Uttarakhand",It fails the test ?Dissolution? Specified in the Laboratory Protocol as per IP,DTL Thiruvananthapuram,portal,2024-10_all_nsq.json,40
2024-10,state:DTL Thiruvananthapuram,nsq,C Mont LC KID 60 ml[Montelukast and Levocetirizine Dihydrochloride syrup 60 ml ],AL 23206,Nov-2023,Oct-2025,"Cian Healthcare Ltd, (An ISO 9001: 2015 &WHO GMP certified Co) Kh No. 248, village sisona, Bhagwanpur, Roorkee, Haridwar, Uttarakhand ? 247661",The content of Montelukast sodium is not with in the limits of ?Schedule V? of Drugs and Cosmetics Act & Rules thereunder as specified in the Laboratory Protocol,DTL Thiruvananthapuram,portal,2024-10_all_nsq.json,41
2024-10,state:RDTL Chandigarh,nsq,(COUGH-DM Cough Syrup),SHL3037,Nov-2023,Oct-2025,"Sunfine Healthcare, Plot no. 63, Ind. Area, Lodhimajra, Tehsil Baddi, Distt. Solan HP",Assay of Phenylephrine Hydrochloride,RDTL Chandigarh,portal,2024-10_all_nsq.json,42
2024-10,state:DTL Thiruvananthapuram,nsq,Vitamin B Complex Tablet,S0010/24- 25,,,"Supplied by Kerala Medical Services Corporation Ltd, Thycaud P.O, Thiruvananthapura m -14",The sample does not conform to IP Standards with respect to ?Descriptive part? for tablets,DTL Thiruvananthapuram,portal,2024-10_all_nsq.json,43
2024-10,state:DTL Thiruvananthapuram,nsq,Vitamin B Complex Tablet,S0008/24- 25,,,"Supplied by Kerala Medical Services Corporation Ltd, Thycaud P.O, Thiruvananthapura m -14",The sample does not conform to IP Standards with respect to ?Descriptive part? for tablets,DTL Thiruvananthapuram,portal,2024-10_all_nsq.json,44
2024-10,"state:SDTL Agartala, Tripura",nsq,cefixime Dispersible Tablets IP 100mg,CT240783,Jul-2024,Jun-2026,"Theon Pharmaceuticals LTD, Vill. Saini Majra, Tehsil Nalagarh, Distt. Solan (H.P) 174101.",Assay & Disintegration,"SDTL Agartala, Tripura",portal,2024-10_all_nsq.json,45
2024-10,state:DTL Thiruvananthapuram,nsq,Vitamin B Complex Tablet,S0009/24- 25,,,"Supplied by Kerala Medical Services Corporation Ltd, Thycaud P.O, Thiruvananthapura m -14",The sample does not conform to IP Standards with respect to ?Descriptive part? for tablets,DTL Thiruvananthapuram,portal,2024-10_all_nsq.json,46
2024-10,state:DTL Thiruvananthapuram,nsq,Telmisartan Tab IP 40 mg,S0007/24- 25,,,"Supplied by Kerala Medical Services Corporation Ltd, Thycaud P.O, Thiruvananthapura m -14",It fails the test ?Dissolution? as per IP,DTL Thiruvananthapuram,portal,2024-10_all_nsq.json,47
2024-10,central,nsq,Rosuvastatin Tablets IP (ROZUTIN- 10),VDT-23531,Jun-2023,May-2025,"M/s.Vidhyasha Pharmaceuticals, 28, Industrial Area, Johron, Trilokpur Road, Kala Amb, Distt-Sirmour, H.P. 173 030.",Related Substances,CDL Kolkata,portal,2024-10_all_nsq.json,48
2024-10,state:DTL Thiruvananthapuram,nsq,EMITIL [Prochlorperazine Mesylate Injection IP],MA 24E27,May-2024,Apr-2026,"Martin & Brown Bio Science Pvt Ltd, K No. 918/419, Malkumajra, Nalgrath Road, Baddi, Dist Solan HP 173 205",It fails the test ?pH? as per IP as specified in the Laboratory Protocol,DTL Thiruvananthapuram,portal,2024-10_all_nsq.json,49
2024-10,central,nsq,Pantoprazole Tablets IP,MT-23J13,Oct-2023,Mar-2025,"MARTIN & BROWN BIO- SCIENCES PVT. LTD., K.No. 918/419, Malkumajra, Nalagarh Road, Baddi, Dist. Solan (H.P.)-173205",Dissolution (Buffer Stage),RDTL Chandigarh,portal,2024-10_all_nsq.json,50
2024-10,central,nsq,Amoxycillin and Potassium Clavulanate Tablets IP (Moxileb-CV 625 Tablets),MBT23068,Oct-2023,Sep-2025,"Mediwell Biotech, Plot No. 21-22, Phase-IV, Himuda Industrial Township, Bhatoli Kalan, Baddi, Distt. Solan, (HP) 173205",Assay of Amoxycillin Trihydrate calculated as Amoxycillin,RDTL Chandigarh,portal,2024-10_all_nsq.json,51
2024-10,state:Drug Testing Laboratory Srinagar (J&K) vide report on Form 13 bearing No. L/DA/2024-25/1593 Dated: 29.10.2024. (Report attached as Annexure A),nsq,Biocetamol -500,SPD230078,Mar-2023,Feb-2025,"Mfg. By : Skymap Pharmaceuticals Pvt. Ltd . Khasra No. 63 Village Juddi Kalan , Baddi , Distt. Solan (HP) Mrk. By : German Remedies Pharmaceuticals Pvt. Ltd. PF 61 & 62 , Sanad II Industrial Estate , Tal : Sanand Ahmedabad , Gujarat- 382110, India","The sample does not conform to the IP requirements with respect to the test, Dissolution.",Drug Testing Laboratory Srinagar (J&K) vide report on Form 13 bearing No. L/DA/2024-25/1593 Dated: 29.10.2024. (Report attached as Annexure A),portal,2024-10_all_nsq.json,52
2024-10,"state:SDTL Agartala, Tripura",nsq,Itraconazole Capsules USP 100 mg,IZC2401,Apr-2024,Mar-2026,"Modern Laboratories, 45-47, Sector D-2, Industrial Area, Sanwer Road, Indore (M.P.)-452015",Dissolution,"SDTL Agartala, Tripura",portal,2024-10_all_nsq.json,53
2024-10,"state:SDTL Agartala, Tripura",nsq,Vitamin B m plex Tablets N.F.I,VBT2442,Apr-2024,Mar-2026,"Modern Laboratories, 45-47, Sector D-2, Industrial Area, Sanwer Road, Indore (M.P.)-452015",Description,"SDTL Agartala, Tripura",portal,2024-10_all_nsq.json,54
2024-10,"state:SDTL Agartala, Tripura",nsq,Vitamin B Complex Tablets N.F.I,VBT2498,Jun-2024,May-2026,"Modern Laboratories, 45-47, Sector D-2, Industrial Area, Sanwer Road, Indore (M.P.)-452015",Description,"SDTL Agartala, Tripura",portal,2024-10_all_nsq.json,55
2024-10,"state:SDTL Agartala, Tripura",nsq,Itraconazole Capsules USP 100 mg,IZC2401,Apr-2024,Mar-2026,"Modern Laboratories, 45-47, Sector D-2, Industrial Area, Sanwer Road, Indore (M.P.)-452015",Dissolution,"SDTL Agartala, Tripura",portal,2024-10_all_nsq.json,56
2024-10,state:DTL Thiruvananthapuram,nsq,Montelukast Tablets IP 10 mg,F4E0425,May-2024,Apr-2026,"Morepan Laboratories Ltd, Unit-V, Plot No. 12C, sector-2,",It fails the test ?Dissolution? Specified in the Laboratory Protocol as per IP,DTL Thiruvananthapuram,portal,2024-10_all_nsq.json,57
2024-10,central,nsq,Single use Syringe (EDGEX),5DSB27,Nov-2023,Oct-2028,"NOBLE PHARMACARE LTD., A/24, C.I.N. Complex, Patia, Bhubaneswar, Odhisa- 751024",Cleanliness and Design of Piston/Plunger assembly,RDTL Chandigarh,portal,2024-10_all_nsq.json,58
2024-10,central,nsq,Aceclofenac & Paracetamol Tablets (Eldigesic-P),AGT305144,May-2023,Apr-2026,"Alventa Pharma Limited., Vill. Kishanpura, Baddi- Nalagarh Road, Tehsil Baddi, Distt. Solan (H.P.) -174101.",Assay of Aceclofenac,CDTL Mumbai,portal,2024-10_all_nsq.json,59
2024-10,state:DTL Thiruvananthapuram,nsq,Elcipro 500[Ciprofloxacin Hydrochloride Tab IP 500 mg ],AGT31256,Dec-2023,Dec-2023,"Alventa Pharma Ltd, Vill, Krishnapura, Baddi, Nalagarh Road, Tehsil Baddi, Distt. Solan, HP 174 101",It fails the test ?Dissolution? as per IP as specified in the Laboratory Protocol,DTL Thiruvananthapuram,portal,2024-10_all_nsq.json,60
2024-10,central,nsq,Racecadotril & Oflozacin Suspension (Combact-O + Suspension),L23J003A,Oct-2023,Sep-2025,"Bajaj Formulations, Khasra No. 161, Village- Lakeshwary, Bhagwanpur, Roorkee, Distt. Haridwar- 247661 (U.K.)",Assay of Racecadotril & Ofloxacin,CDTL Mumbai,portal,2024-10_all_nsq.json,61
2024-10,central,nsq,Propylene Glycol USP / IP,BT1205B251 22023,Dec-2023,Dec-2025,"Balaji Amines Limited., Unit IV, F - 104, Chincholi, MIDC, Tq. Mohol Dist. Solapur - 413255 Maharashtra",Water,CDTL Mumbai,portal,2024-10_all_nsq.json,62
2024-10,central,nsq,Sodium Fusidate Cream 2 %,344,Nov-2023,Oct-2025,"Bharat Parenterals Limited., Survey No. 144-A, Jarod- Samlaya Road, Vill. Haripura, Tal. Savli, Dist. Vadodara - 391250, Gujarat, India",Assay,CDTL Mumbai,portal,2024-10_all_nsq.json,63
2024-10,central,nsq,Rabeprazole Sodium (EC) and Levosulpiride (SR) Capsules (RPL LS CAPSULES),CGC-24020,Aug-2024,Jul-2026,"Calrax Healthcare Pvt.Ltd., Plot No. 45, EPIP, Phase-I, Jharmajri, Baddi, Distt. Solan (H.P.)-173205",Dissolution of Levosulpiride,RDTL Chandigarh,portal,2024-10_all_nsq.json,64
2024-10,"state:State Lab Drugs Control Laboratory, Telangana.",nsq,VRIZAROX-100DT Tablets Cefpodoxime Proxetil Dispersible Tablets,CABQ4001,Jan-2024,Dec-2025,"Chiros Pharma Vill: Loharon , P.O.: Ghatti, Solan-173211(H.P) HIMACHAL PRADESH","MISBRANDED The monograph of Cefpodoxime Tablets in the current edition of Indian Pharamacopoeia i.e. IP-2022. is also applicable for Cefpodoxime Dispersible Tablets as indicated under labelling section of the monograph. However the firm failed to indicate the latters IP after the product name CefpodoximeDispersible Tablets. Hence, the drug is deemed to be Misbranded as per section 17 of the Drugs and Cosmetics Act, 1940, since it is not labeled in the prescribed mannar.","State Lab Drugs Control Laboratory, Telangana.",portal,2024-10_all_nsq.json,65
2024-10,"state:State Lab Drugs Control Laboratory, Telangana.",nsq,"Cefem -200 Tablets, Cefixime with Lactic Acid Bacillus tablets",DB240126,Apr-2024,Mar-2026,"Daxin Pharmaceuticals Pvt Ltd.,. Plot No. 121-122 EPIP, Jharmajri Phase 1, The. Baddi, Distt. Solan (H.P.) -174 103 HIMACHAL PRADESH",NOT OF STANDARD QUALITY 1. Thirteen Individual weights deviated from the average weight 636.0 mg i.e 6 tablets deviated by less than 5 percent and 7 tablets deviated by more than 5 percent . Hence the sample does not complies the test Uniformity of weight. 2. Assay of Cefixime does not complies. Hence the sample is of NOT OF STANDARD QUALITY,"State Lab Drugs Control Laboratory, Telangana.",portal,2024-10_all_nsq.json,66
2024-10,state:DTL Thiruvananthapuram,nsq,International dona Beauty Soap Jasmine,DNJN1/24,Jan-2024,Jan-2027,"Excel+ Health care products, CP-V/1092, XL Garden Palachira (P.O), Varkala, PIN ? 695 143","The sample does not conform to IS 2888:2004 for the test ?matter insoluble in alcohol , percent by Mass, Max ? as per the specifications of toilet soap for Grade III",DTL Thiruvananthapuram,portal,2024-10_all_nsq.json,67
2024-10,central,nsq,Amoxycillin and Potassium Clavulanate Injection (Manclav 300 mg),HIAP23001A,Jan-2023,Dec-2024,"Health Biotech Ltd., Village Sandoli, Nalagarh Road, Baddi, Distt. Solan (H.P.) India-173205",Particulate matter and Assay of Potassium Clavulanate calculated as Clavulanic Acid,RDTL Chandigarh,portal,2024-10_all_nsq.json,68
2024-10,state:DTL Thiruvananthapuram,nsq,Panlib -D [Pantoprazole and Domeperidone Tablets],HTN253D,Apr-2024,Mar-2026,"Himalaya Meditek pvt.Ltd, Plot No. 35 & 36, Pharmacity, Selaqui Industrial Area, Dehradun 248 197",It fails the test ?Disintegration? as per IP and the contents of active ingredients of Pantoprazole and Domeperidone are not with in the limits of ?Schedule V? of Drugs and Cosmetics Act & Rules thereunder as specified in the Laboratory Protocol,DTL Thiruvananthapuram,portal,2024-10_all_nsq.json,69
2024-10,state:RDTL Chandigarh,nsq,Torsemide Tablets IP (Torverge-10 Tablets),GT7137A,Mar-2023,Feb-2025,J.M. Laboratories Village Bhanat P.O. Ghatti Subathu Road Solan (H.P.) 173211,Assay of Torsemide (86.85%),RDTL Chandigarh,portal,2024-10_all_nsq.json,70
2024-10,state:DTL Thiruvananthapuram,nsq,Theophylline & Etophylline Tablets,TE4029,Apr-2024,Mar-2027,"Kerala State Drugs & Pharmaceuticals Ltd, Kalavoor.P.O, Alappuzha",It fails the test ?Disintegration? Specified in the Laboratory Protocol as per IP,DTL Thiruvananthapuram,portal,2024-10_all_nsq.json,71
2024-10,central,nsq,Calcium 500 mg with Vitamin D3 250 IU Tablets IP,LMT240377,Mar-2024,Feb-2026,"Life Max Cancer Laboratories, Plot No. 106 & 106 A, Sector6A, IIE, SIDCUL, Haridwar- 249403 (U.K)",Dissolution of Calcium and Assay of Vitamin D3,RDTL Guwahati,portal,2024-10_all_nsq.json,72
2024-10,central,nsq,Glimepiride Tablets IP 2 mg,LMT240333,Mar-2024,Feb-2026,"Life Max Cancer Laboratories, Plot No. 106 & 106 A, Sector-6A, IIE, SIDCUL, Haridwar- 249403 (U.K)",Dissolution,RDTL Guwahati,portal,2024-10_all_nsq.json,73
2024-10,state:State Lab Puducherry,nsq,BETAHISTINE DIHYDROCHLO RIDE TABLETS IP(CGHEST-8),CT2425028 4B,Mar-2024,Apr-2026,"M/s CMG BIOTECH PVT LTD.,(Unit-II), Plot No.58,Phase III , Industrial Area,Sansarpur Terrace,Tehsil Jaswan, Distt. Kangra, Himachal Pradesh-176501",On the received sample presence of spots were observed which should not be present As per DCC Guidelines on Not Of Standard Quality (NSQ) Drugs Approved in 1993 (Annexure A) Tablets vide serial No.(i) Presence of Spot/discolouration-NSQ,State Lab Puducherry,portal,2024-10_all_nsq.json,74
2024-10,state:Not applicable,nsq,Pantoprazole Gastro-resistant and Domeperiodone Prolong Released Capsules IP ( PAN-D),23444296,Dec-2023,Nov-2025,Under Investigation,Identification and Assay,Not applicable,portal,2024-10_all_nsq.json,75
2024-10,state:Not applicable,nsq,Cefixime Tablets IP (TAXIM-O 200),23460072,Jan-2023,Dec-2024,Under Investigation,Dissolution and Assay,Not applicable,portal,2024-10_all_nsq.json,76
2024-10,state:Not applicable,nsq,Rosuvastatin Tablets IP (Rosuvas 10),SIE0116A,Feb-2023,Jul-2025,Under Investigation,Dissolution and Assay,Not applicable,portal,2024-10_all_nsq.json,77
2024-10,"state:State Lab Drugs Control Laboratory, Telangana.",nsq,"Fer-XT Tablets, Ferrous Ascorbate & Folic Acid Tablets",FXT.2309,Sep-2023,Feb-2025,"M/s. Alfansa Bio Pvt.Ltd #5-5-35/23, 2nd Floor, Murthy Building, Prasanth Nagar, Hyderabad-500072 Telangana",NOT OF STANDARD QUALITY & MISBRANDED The drug product ferrous Ascorbate and Folic Acid Tables is official in Indian Pharamacopoeia 2022. But the letters IP is not mentioned on the strip after the product name Ferrous Ascorbate and Folic Acid tablets. Hence it is a Misbranded Drug under section 17 of Drugs and Cosmetics Act 1940. So the drug product Ferrous Ascorbate & Folic Acid Tablets is Not of Standard Quality and Misbranded.,"State Lab Drugs Control Laboratory, Telangana.",portal,2024-10_all_nsq.json,78
2024-10,central,nsq,Trypsin & Chymotrypsin Tablets (Lysoflam Forte),LFTF24002C,Jun-2024,May-2026,"M/s. Cachet Pharmaceuticals Private Limited, Village - Thana, Baddi, Distt. Solan, Himachal Pradesh 173205",Assay of Trypsin & Chymotrypsin,CDL Kolkata,portal,2024-10_all_nsq.json,79
2024-10,central,nsq,Paclitaxel Injection IP,OI220089A,Nov-2022,Oct-2024,"M/s. Cosmas Research Lab Ltd., Village: Gaunspura, P.O. Noorpur Bet, Hambram, Ludhiana-141008",Description & Particulate Matter,CDL Kolkata,portal,2024-10_all_nsq.json,80
2024-10,central,nsq,Decitabine for Injection 50 mg / vial,H230266,Mar-2023,Feb-2025,"M/s. Dr. Reddys Laboratories, Formulation Unit-7, Plot Nos. P1 to P9, Phase-III, VSEZ, Duvvada visakhapatnam",Water Content,CDL Kolkata,portal,2024-10_all_nsq.json,81
2024-10,central,nsq,Betamethasone Sodium Phosphate Injection I.P. (Betalone ),IBT-11189,Jun-2024,May-2026,"M/s. E.G. Pharmaceuticals, Vill. Mandhala, Teh. Baddi, Dist. Solan, H.P.",Description & Particulate matter,CDL Kolkata,portal,2024-10_all_nsq.json,82
2024-10,central,nsq,Ornidazole & Ofloxacin Tablets IP,HOOA07,Aug-2023,Jul-2025,"M/s. Hindustan Antibiotics Ltd., At 11, W.E.A. Faridabad 121 001 (Haryana).",Description,CDL Kolkata,portal,2024-10_all_nsq.json,83
2024-10,central,nsq,Amlodipine and Perindopril Tablets (Amtas PRP),K2201310,Jun-2022,May-2025,"M/s. Intas Pharmaceuticals Ltd., Bhagey Khola Rangpo, East Sikkim 737 132, India.",Assay of Perindopril Erbumine,CDL Kolkata,portal,2024-10_all_nsq.json,84
2024-10,central,nsq,Absorbent Cotton Wool IP,2013,Feb-2024,Jan-2027,"M/s. Jind Surgicals 24- 27, HSIIDC Industrial Area, New Hansi Road, Jind-126 102, Haryana","Surface active Substances, Sulphated ash, Fluorescence, Water Soluble Substances",CDL Kolkata,portal,2024-10_all_nsq.json,85
2024-10,central,nsq,Telmisartan Tablets IP 40 mg,LMT240536,May-2024,Apr-2026,"M/s. Life Max Cancer Laboratories, Plot No. 106 & 106 A, Sector6A, IIE, SIDCUL, Haridwar249403 (U.K)",Description,RDTL Guwahati,portal,2024-10_all_nsq.json,86
2024-10,central,nsq,"Aceclofenac, Paracetamol and Serratiopeptidase Tablets (Megaceclo SP)",AMT2302037,Feb-2023,Jan-2025,"M/s. MARINE MEDICARE PVT. LTD., Village - Kulhariwala & P.O. Mandhala, Tehsil Baddi, Distt-Solan (H.P.), Pin-174103, India.",Description and Assay of Serratiopeptidase,CDL Kolkata,portal,2024-10_all_nsq.json,87
2024-10,central,nsq,Enalapril Maleate Tablets IP 5 mg (Opioril- 5),23HT1771,Nov-2023,Oct-2025,"Orison Pharma International, Vill. Khari, Mauza Ogli, Kala Amb, Distt. Sirmour - 173030 (H.P.)",Dissolution and Assay of Enalapril Maleate,CDTL Mumbai,portal,2024-10_all_nsq.json,88
2024-10,central,nsq,Meropenem Injection IP (ZENEM 1 g INJECTION),B240720D,Jul-2024,Jun-2026,"OSCAR REMEDIES PVT.LTD., Oscar House, Badi Majra, Yamuna Nagar-135001 (HR)",Particulate matter and Content of Sodium,RDTL Chandigarh,portal,2024-10_all_nsq.json,89
2024-10,central,nsq,Bupropion Hydrochloride Extended Release Tablets U.S.P. 150 mg (Brudel SR-150),T23169,Sep-2023,Aug-2026,"Rebase Lifescience Pvt. Ltd., Block No.6, Plot No. 11 & 12, Nr. Amrut Dairy, Lalpur, Daskroi, Ahmedabad, Gujarat - 382 430",Assay of Bupropion Hydrochloride,CDTL Mumbai,portal,2024-10_all_nsq.json,90
2024-10,central,nsq,Metronidazole 400 mg Tablets (Metagyl - 400),B22-275,Dec-2022,May-2025,"Saint Michael Biotech, Plot No. 130, Village Kurdi, Manglore, Jharbrera Road, Roorkee- 247656 (Haridwar) (U.K.)",Dissolution of Metronidazole.,RDTL Guwahati,portal,2024-10_all_nsq.json,91
2024-10,state:DTL Thiruvananthapuram,nsq,Trenaxa Inj. [Tranexamic Acid injection I.P],TNA2407,Mar-2024,Feb-2026,"Sanjivani Paranteral Ltd, R40, T.T.C, Industrial Area, Rabale, Thane, Belapur Road, Navi Mumbai -400701",It fails the test Sterility as per IP,DTL Thiruvananthapuram,portal,2024-10_all_nsq.json,92
2024-10,central,nsq,Pantoprazole Sodium (Enteric Coated and Domperidone (Sustained Release) Capsules (Penstal-DSR),C582,Jan-2024,Dec-2025,"Stalion Laboratories Pvt. Ltd, c-1B, 305/2,3,4 & 5, G.I.D.C., Kerala (Bavla), Dist. Ahmedabad- 382220, Gujarat",Dissolution of Domperidone,CDTL Mumbai,portal,2024-10_all_nsq.json,93
2024-11,central,nsq,Enteric Coated Rabeprazole Sodium &Domperidone Sustained Release Capsules (R LONG-D),23101006A,Oct-2023,Sep-2025,"M/s. Resonant Pharmaceuticals Pvt. Ltd., Survey No. 430- 1-A, Nr. Saffro Mellow Color Factory, Village: Navagam 387540, Dist-Kheda, Gujarat, India.",Dissolution and Assay of Rabeprazole Sodium,CDL Kolkata,portal,2024-11_all_nsq.json,1
2024-11,central,nsq,Ciprofloxacin Tablets U.S.P. 500 mg,T-2401066,Jan-2024,Dec-2025,"M/s. Rivpra Formulation Pvt. Ltd.., Plot No.8, Sector-6A, I. I.E. SIDCUL, Haridwar- 249 403 (U.K.). INDIA.","""Dissolution"" of Ciprofloxacin",RDTL Guwahati,portal,2024-11_all_nsq.json,2
2024-11,central,nsq,Itraconazole Capsules B.P. 200 mg (It-Bert 200),WC819C,Nov-2023,Oct-2025,"M/s. Saphnix Life Sciences, Village- Barotiwala, Paonta Sahib, Distt. Sirmour, Himachal Pradesh- 173025",Dissolution,RDTL Guwahati,portal,2024-11_all_nsq.json,3
2024-11,central,nsq,Heparin Sodium Injection IP 25000 IU / 5 ml,GV3H001,Aug-2023,Jul-2026,"M/s. Scott-Edil Pharmacia Ltd., 56, EPIP, Phase-I, Jharmajri, Baddi, Distt. Solan 173205 H.P. (India)","pH, Particulate Matter, Description",CDL Kolkata,portal,2024-11_all_nsq.json,4
2024-11,central,nsq,Heparin Sodium Injection IP 25000 IU / 5 ml,GV3E001,May-2023,Apr-2026,"M/s. Scott-Edil Pharmacia Ltd., 56, EPIP, Phase-I, Jharmajri, Baddi, Distt. Solan 173205 H.P. (India)","pH, Particulate Matter, Assay of Heparin (Anti- factor Iia activity), Description",CDL Kolkata,portal,2024-11_all_nsq.json,5
2024-11,central,nsq,Pantoprazole Tablets IP 40 mg (Mb2pan 40 Tablets),SD6686A,Aug-2023,Jul-2025,"M/s. Sigma Softgel& Formulation, Plot No. 171, HPSIDC, Industrial Area, Baddi-1732025, Distt- Solan (H.P.)",Dissolution (Buffer Stage),RDTL Chandigarh,portal,2024-11_all_nsq.json,6
2024-11,central,nsq,Itraconazole Capsules BP 200 mg (Itrotus- 200),24S2GCA2 82,Apr-2024,Mar-2026,"M/s. Synokem Pharmaceuticals Ltd., Plot No.56-57, Sector 6A, I.I.E (SIDCUL), Ranipur (BHEL), Haridwar-249 403 (Uttarakhand)",Dissolution,RDTL Guwahati,portal,2024-11_all_nsq.json,7
2024-11,central,nsq,Aspirin Gastro- resistant Tablets IP 75 mg,ANET1107,Jul-2023,Dec-2024,"M/s. Unicure India Ltd., C-21, 22 & 23 Sector-3, Noida- 201301, Distt. GautamBudh Nagar (U.P.)",Test for Salicylic Acid,CDL Kolkata,portal,2024-11_all_nsq.json,8
2024-11,state:DTL Thiruvananthapuram,nsq,Aspirin Gastro Resistant Tab IP,URDT2785,Nov-2023,Oct-2025,"Unicure India Ltd., Plot No. 46(B)/49B Village Raipur, Bhagwanpur ,RoorkeeDist, Haridwar, Uttarakhand",It fails the test ?Dissolution? Specified in the Laboratory Protocol as per IP,DTL Thiruvananthapuram,portal,2024-11_all_nsq.json,9
2024-11,central,nsq,Zinc Sulphate Tablets IP 20 mg (Tonzee 20),ZS-2314,Nov-2023,Oct-2025,"M/s. Torino Laboratories Pvt. Ltd.,, R.O. 210, Adamji Building, 413, NarsiNatha Street, Masjid Bunder, MUMBAI- 400 009.",Disintegration,RDTL Guwahati,portal,2024-11_all_nsq.json,10
2024-11,state:DTL Chennai,nsq,Dicyclomine Hydrochloride Injection IP-2ML,23BDK74,Nov-2023,Oct-2025,"SVP Life Sciences, C/10-1, Sara Industrial Estate, Selaqui, Dehradun.",Sample does not conform to the requirement for Assay,DTL Chennai,portal,2024-11_all_nsq.json,11
2024-11,central,nsq,Glimepiride Tablets IP 2 mg,GTF5005,Sep-2023,Aug-2025,"M/s. SaiMirraInnopharmPv t,Ltd., No-288 & 289, SIDCO Estate, Ambattur, Chennai- 600 098",Dissolution of Glimepiride,CDL Kolkata,portal,2024-11_all_nsq.json,12
2024-11,state:DTL Chennai,nsq,Symolar-Forte,SFT5-61,Apr-2024,Sep-2025,"M/s. Lark Laboratories (India) Ltd, Works at: SP- 1192 E, RiicoINDL.Area, Phase IV, Bhiwadi- 301019, Dist.Alwar, Rajasthan",sample does not conform to Schedule V of D&C Act with respect to general requirement for tablets,DTL Chennai,portal,2024-11_all_nsq.json,13
2024-11,central,nsq,Pantoprazole Tablets IP (Opipan-40),23D-T812A,Jul-2023,Jun-2025,"M/s. Orison Pharma International, Vill. Khari, MauzaOgli, Kala Amb, Distt. Sirmour - 173030 (H.P.)",Description,RDTL Guwahati,portal,2024-11_all_nsq.json,14
2024-11,central,nsq,Clopidogrel Tablets IP (Clopirel-75),T-2401753,Jan-2024,Dec-2025,"M/s. Oscar Remedies Pvt. Ltd., Oscar House, BadiMajra, Yamuna Nagar - 135 001 (HR)",Dissolution,CDL Kolkata,portal,2024-11_all_nsq.json,15
2024-11,central,nsq,"Glimepride, Pioglitazone Hydrochloride & Metformin Hydrochloride (Extended Release) Tablets (OZOMET-PG 2 )",BE32456,May-2024,Apr-2026,"M/s. Ozone Pharmaceuticals, Village: Katha, Baddi, Distt. Solan (H.P.) 173 205",Assay of Pioglitazone,CDL Kolkata,portal,2024-11_all_nsq.json,16
2024-11,central,nsq,Sucralfate USP,SCF/24/004 9,May-2024,Apr-2029,"M/s. Par Drugs & Chemicals Limited, 333/1, 333/2, 334, 335, 336/A&B, 337, 338, GIDC Ind. Estate Phase-2, Chitra, Bhavnagar- 364004, Gujarat",Spurious Identification & Assay,CDL Kolkata,portal,2024-11_all_nsq.json,17
2024-11,central,nsq,Compound Sodium Lactate Injection I.P. (Ringers Lactate I.P. ) (RL 500ml),03BF2443,Mar-2024,Feb-2027,"M/s. PaschimBanga Pharmaceuticals, NH- 31, Tin Mile Hat, Sonapur Hat, PS- Chopra, Dist-Uttar Dinajpur - 733214 (WB)",Sterility,CDL Kolkata,portal,2024-11_all_nsq.json,18
2024-11,central,nsq,Paracetamol Tablets IP 500mg,2555322,Dec-2022,Nov-2025,"M/s. Karnataka Antibiotics and Pharmaceuticals Ltd., Plot No. 14, II Phase, Peenya, Bengaluru 560 058",Description,CDL Kolkata,portal,2024-11_all_nsq.json,19
2024-11,central,nsq,Sucralfate USP,LSU240401 5,Apr-2024,Mar-2029,"M/s. Legend Industries (Unit-II), C1/200, 201/4, Phase-II, GIDC, Opp. Encore Ltd., Naroda, Ahmedabad 382 330, Gujarat",Spurious Identification & Assay,CDL Kolkata,portal,2024-11_all_nsq.json,20
2024-11,central,nsq,Clarithromycin Tablets IP 500 mg,TCRM-010,Nov-2023,Oct-2025,"M/s. Medipol Pharmaceutical India Pvt. Ltd., 1199/3, Bhud, BaddiDistt. Solan, H.P., India.",Dissolution,CDL Kolkata,portal,2024-11_all_nsq.json,21
2024-11,central,nsq,Promethazine Hydrochloride Injection I.P. (PHENERGAN) 2ml,AHH0230,Aug-2022,Jul-2025,"M/s. NitinLifesciences Ltd, Rampur Ghat Road, Paonta Sahib, Dist. Sirmour173 025 (H.P.)",pH and Assay/ Content of Promethazine Hydrochloride,RDTL Guwahati,portal,2024-11_all_nsq.json,22
2024-11,central,nsq,Itraconazole Capsules BP 200 mg (Itropi- 200),23K-C354,Feb-2024,Jan-2026,"M/s. Orison Pharma International, Vill. Khari, MauzaOgli, Kala Amb, Distt. Sirmour - 173030 (H.P.)",Dissolution,RDTL Guwahati,portal,2024-11_all_nsq.json,23
2024-11,central,nsq,Paracetamol Tablets IP (Paracent 650 Tablets),24GT079,Mar-2024,Feb-2027,"M/s.Accent Pharmaceuticals & Diagnostics, Village Bhalon (Seri), Forest Road, Solan-173212 (H.P.)",Dissolution,RDTL Chandigarh,portal,2024-11_all_nsq.json,24
2024-11,"state:State Lab Drugs Control Laboratory, Telangana.",nsq,"Ferin-XT Tafblets, Ferrous Ascorbate, Folic Acid & Zinc Tablets",NC.2403,Mar-2024,Aug-2025,"Twins Pharma Plot NO. 106, S.V. Nagar, Mallpur, Hyd-76. Telangana. Mrkt: LifevinPharma, Reg.off: Plot NO. 15, Roshini Colony, Hyderabad - 500098",NOT OF STANDARD QUALITY Sample does not meets the Specifications wrt. Assay of Ferrous Ascorbate (Elemental Iron) as per STP,"State Lab Drugs Control Laboratory, Telangana.",portal,2024-11_all_nsq.json,25
2024-11,"state:State Lab Drugs Control Laboratory, Telangana.",nsq,Vcare Derma Essence Cosmetics,VCB018,Sep-2024,Aug-2026,"VcarePharcos B11 & B12, PIPDIC Electronic park, Mannadipet Commune, Thirubhavanal, Puduchery - 605 107, India Puducherry. . Mrkt: M/s. Prabha'sVcare Health Clinic Pvt.Ltd., Price Info park, Tower B, 1st floor, No. 81B, 2nd Main road, Ambattur industrial Estate, Ambattur, Chennai - 600 058, India.","NOT OF STANDARD QUALITY Content for Mercury found is more than 1ppm. But as per IS standards 16913:2018 the mercury content should not be more than 1 ppm, hence it is of Not of Standard Quality.","State Lab Drugs Control Laboratory, Telangana.",portal,2024-11_all_nsq.json,26
2024-11,"state:State Lab Drugs Control Laboratory, Telangana.",nsq,Vcare Derma Essence,VCB019,Sep-2024,Aug-2026,"VCarePharcos B11 & B12, PIPDIC Electronic park, Mannadipet Commune, Thirubhavanal, Puduchery - 605 107, India Puducherry. . Mrkt: M/s. Prabha'sVcare Health Clinic (P). Ltd., Price Info park, Tower B, 1st floor, No. 81B, 2nd Main road, Ambattur industrial Estate, Ambattur, Chennai - 600 058, India.","NOT OF STANDARD QUALITY As per Rule 39 (Standareds of Cosmetics) Sub-Rule (5) Clause (b) of Cosmetics Rules, 2020, mercury in the finished cosmetic product shall not exceed one part per million (1 ppm) But the content for mercury found in the cream is more than 1 ppm. But as per IS 16913: 2018 the mercury content should not be more than 1 ppm, hence it is of Not of Standard Quality.","State Lab Drugs Control Laboratory, Telangana.",portal,2024-11_all_nsq.json,27
2024-11,state:DTL Thiruvananthapuram,nsq,"Terbutaline Sulphate, Ambroxol Hydrochloride and Guaiphenesin syrup",TM1LE027,Apr-2024,Mar-2026,"Unicure India Ltd., Plot No. 46(B)/49B Village Raipur, Bhagwanpur ,RoorkeeDist, Haridwar, Uttarakhand",The sample fails descriptive part for liquid oral dosage forms as per schedule V of Drugs & Cosmetics Act and Rules. The syrup contains red coloured sedimented particles,DTL Thiruvananthapuram,portal,2024-11_all_nsq.json,28
2024-11,state:Not applicable,nsq,"DIRAB 20 Tablets, RabeprazoleGAst ro-Resistant Tablets Ip 20mg,",2GT23513A,Nov-2023,Apr-2025,"M/s. Hetero Health care Limited, Unit-II, Hudumpur, Palasbari, Kamrup (Dist), Assam - 781 128 Assam.","MISBRANDED The drug product Rabeprazole sodium tablets is official in the current edition of IP 2022 and as required as per second schedule of the Drugs and cosmetics Act, 1940, the said drug product shall comply with the standards set out in the Indian Pharmacopoeia. As per the official monograph, the strength of the product on the label shall be stated in terms of "" Rabeprazole sodium "" However, the label of the sample states the strength in terms of the equivalent amount of "" Rabeprazole"". Hence the drug product shall be deemed to be Misbranded drug as per section 17 of the Drugs and Cosmetics Act 1940 as it is not labeled in the prescribed manner.",Not applicable,portal,2024-11_all_nsq.json,29
2024-11,state:DTL Chennai,nsq,Promethazine Injection IP-2ML,24FNC80,Mar-2024,Feb-2026,"SVP Life Sciences, C/10-1, Sara Industrial Estate, Selaqui, Dehradun.",Sample does not conform to requirement for assay.,DTL Chennai,portal,2024-11_all_nsq.json,30
2024-11,"state:State Lab Drugs Control Laboratory, Telangana.",nsq,"OMBRO-XL Syrup Ambroxol HCL Levosalbutamol Sulphate and Guaiphenesin Syrup,",02-46.,Nov-2023,Oct-2025,"Swiss India Laboratories 463/103, VillTheda, TehBaddiDisstSola n - 173 205 (HP). Himachal Pradesh.","MISBRANDED The label should be mentioned as Levosalbutamol Sulphate IP equivalent to Levosalbutamol. In the composition the label is mentioned as only Levosalbutamol Sulphate, . Hence, it is a Misbranded drug as per section 17 of Dugs and Cosmetics Act 1940.","State Lab Drugs Control Laboratory, Telangana.",portal,2024-11_all_nsq.json,31
2024-11,"state:State Lab Drugs Control Laboratory, Telangana.",nsq,Ambroxol Hydrochloride syrup 30mg/5ml,724373,Sep-2024,Aug-2026,"Syndicate Pharma 185/B/185/B-1, 187/A & 188, Sector - F, Sanwer Road, iNdore - 452015 Madhya Pradesh.","MISBRANDED The drug sample is deemed to be MISBRANDED as it is only indicated as approved colour used on the label of the product but failed to indicate the comon name of the colour on the label as required as per Rule 127(2) of Drugs Rules, 1945. Hence the drug is deemed to be Misbranded as per Section 17 of Drugs and Cosmetics Act, 1940, as the drug is not labeled in the prescribed manner.","State Lab Drugs Control Laboratory, Telangana.",portal,2024-11_all_nsq.json,32
2024-11,"state:SDTL Agartala, Tripura",nsq,Paracetamol Tablets I.P. 500mg,PCT1212,Aug-2024,Jul-2026,"Unicure India Ltd, C-21,22 & 23, Sector-3, Noida- 201301,Dist. GoutamBudh Nagar (UP)",Dissolution,"SDTL Agartala, Tripura",portal,2024-11_all_nsq.json,33
2024-11,state:DTL Chennai,nsq,Aceclofast,60,Nov-2023,Oct-2025,"Wings Biotech LLP, 43 & 44 HPSIDC, IND. Area, Baddi (HP) - 173 205",Sample does not conform to Label claim with respect to the content of Aceclofenac and it contains DiclofenacDiethylamine which is not declared on the label.,DTL Chennai,portal,2024-11_all_nsq.json,34
2024-11,state:DTL Chennai,nsq,ZiroWal Gel,ZW-23,Dec-2023,Nov-2025,"Ethidrugs Research Lab Pvt Ltd, 174, 2nd Cross, Kurumbapet, Puducherry-9.",sample does not conform to Label claim with respect to the content of Menthol.,DTL Chennai,portal,2024-11_all_nsq.json,35
2024-11,state:DTL Thiruvananthapuram,nsq,Glimepiride Tab IP 1 mg,D1885/24- 25,,,"Kerala Medical Services Corporation Ltd, Thycaud P.O, Thiruvananthapura m-14",Does not conform to IP standards with respect to descriptive part,DTL Thiruvananthapuram,portal,2024-11_all_nsq.json,36
2024-11,"state:SDTL Agartala, Tripura",nsq,Ofloxacin Tablets IP 200 mg (Oflotac ? 200),AGT30418,Apr-2023,Mar-2026,"M/s AlventaPharmaLimi ted,Vill- Kishanpur,Baddi- Nalagarh Road, Tehsil. Baddi, Dist. Solsan, Himachal Ptadesh-174101",Dissolution,"SDTL Agartala, Tripura",portal,2024-11_all_nsq.json,37
2024-11,state:DTL Chennai,nsq,Cofzar-Ls Syrup,UF2674048 B,Jan-2024,Dec-2025,"M/s. Ultra Drugs Formulations Pvt Ltd, Plot No.338/278, Vill, Manakpur, Lodhimajra, Tehsil- Baddi, District, Solan (H.P), 173205",sample does not conform to label claim with respect to the content of Ambroxol Hydrochloride.,DTL Chennai,portal,2024-11_all_nsq.json,38
2024-11,state:DTL Chennai,nsq,"Thricof Cough Syrup. Chlorpheniramine Maleate, Dextromethorpha n HBR & Phenylephrine Hydrochloride Syrup",HLPD24003,May-2024,Apr-2026,"M/s. Health Biotech Ltd, Village , Sandoli, Nalagarh Road, BaddiDist, Solan (H.P) India - 173205.",sample does not conform to label claim with respect to the content of chlorpheniramine maleate.,DTL Chennai,portal,2024-11_all_nsq.json,39
2024-11,state:DTL Chennai,nsq,Metoclopramide HCL Injection IP- 2ml,ME404,Mar-2024,Feb-2026,"TammanTitoePhar ma Pvt Ltd, 56-57, SIDCO Pharmaceutical Complex, Alathur- 603110, Tamil Nadu.",Sample does not conform to the requirement for PH.,DTL Chennai,portal,2024-11_all_nsq.json,40
2024-11,state:DTL Chennai,nsq,Dimethyl A200,KGMP0461,Jul-2024,Jun-2026,"ThorabPharma and Research Laboratory, R.S.No.144/5 PT, Earikkarai Road, Thiruvandarkoil, Puducherry, 605102.",Sample does not comform to label claim with respect to the content of Alpha Lipoic Acid,DTL Chennai,portal,2024-11_all_nsq.json,41
2024-11,state:DTL Chennai,nsq,VIP Hair Colour Shampoo,B320C,Mar-2024,Feb-2026,"VIMAC, #18/C. Noombal Village, SF.No.125/1A, 1B, Ambattur, Taluk, Tiruvallur District, Chennai-600077.","1.Sample does not conform to BIS Specification for Oxidation Hair dye with respect to the content of Resorcinol and Phenyl Methyl Pyrazolone. 2. The sample is also found to contain m- phenylenediamine which must not form part of the composition of cosmetics products as per BIS specification 4707 (Part 2):2017, under Annex A (clauses 1,2 and 3.1), Serial No.1198.",DTL Chennai,portal,2024-11_all_nsq.json,42
2024-11,state:DTL Chennai,nsq,VIP Hair Colour Shampoo,B309C,Feb-2024,Jan-2026,"VIMAC, #18/C. Noombal Village, SF.No.125/1A, 1B, Ambattur, Taluk, Tiruvallur District, Chennai-600077.","1.Sample does not conform to BIS Specification for oxidation hair dye with respect to the content of resorcinol and phenyl methyl pyrazolone. 2. The sample is also found to contain m- phenylenediamine which must not form part of the composition of cosmetics products as per BIS specification 4707 (Part 2):2017, under Annex A (clauses 1,2 and 3.1), Serial No.1198.",DTL Chennai,portal,2024-11_all_nsq.json,43
2024-11,state:DTL Chennai,nsq,VIP Hair Colour Shampoo,B034KERL,Apr-2024,Mar-2026,"VIMAC, #18/C. Noombal Village, SF.No.125/1A, 1B, Ambattur, Taluk, Tiruvallur District, Chennai-600077.",1.Sample does not conform to BIS specificaton for oxidation hair dye with respect to the content of phenymehylpyrazolone.,DTL Chennai,portal,2024-11_all_nsq.json,44
2024-11,state:DTL Chennai,nsq,VIP Hair Colour Shampoo,B034KERL,Apr-2024,Mar-2026,"VIMAC, #18/C. Noombal Village, SF.No.125/1A, 1B, Ambattur, Taluk, Tiruvallur District, Chennai-600077.",Sample does not conform to BIS specificiation for oxidation hair dye with respect to the content of phenyl methyl pyrazolone.,DTL Chennai,portal,2024-11_all_nsq.json,45
2024-11,state:DTL Chennai,nsq,VIP Black Natural Hair Colour Shampoo,B131N,Jul-2024,Jun-2026,"VIMAC, #18/C. Noombal Village, SF.No.125/1A, 1B, Ambattur, Taluk, Tiruvallur District, Chennai-600077.",Sample does not conform to BIS specification for oxidation hair dye with respect to the content of resorcinol.,DTL Chennai,portal,2024-11_all_nsq.json,46
2024-11,central,nsq,Primaqine Phosphate Tablets IP 2.5 mg (PQUIN- 2.5),CN2301,Apr-2023,Sep-2025,"M/s.CENTURY DRUGS PVT. LTD., Plot No. 38, Sector - 3, Pithampur, Dist. Dhar Madhya Pradesh",Description,RDTL Guwahati,portal,2024-11_all_nsq.json,47
2024-11,central,nsq,Tofacitinib Tablets IP 5 mg (TOFAJAK TABLETS),4F30009,May-2024,Apr-2026,"M/s.CIPLA LTD, NO.45, Mangalam Main Rd., Villianur Commune, Puducherry 605110 INDIA",Identification and Assay of Tofacitinib citrate calculated as Tofacitinib,RDTL Chandigarh,portal,2024-11_all_nsq.json,48
2024-11,central,nsq,Esomeprazole MagnesisumTri hydrate (EC) &Levosulpiride (SR) Capsules (ESODENSE-L Capsules),CPC-0072,Aug-2023,Jul-2025,"M/s.CycusPharma, Vill. Harraipur, Baddi, Nalagarh Road, Distt. Solan (H.P.) - 173 205.",Dissolution and Assay of Levosulpiride,RDTL Guwahati,portal,2024-11_all_nsq.json,49
2024-11,central,nsq,Albendazole and Ivermectin Oral Suspension (Bot Suspension),L-24022,Jun-2024,May-2026,"M/s.H.L.HealthcarePv t.Ltd., Plot No.25, Ind.Area, Phase-II, Gagret-177201 (H.P.)",pH and Assay of Albendazole and Ivermectin,RDTL Chandigarh,portal,2024-11_all_nsq.json,50
2024-11,central,nsq,Pantoprazole Gastro- Resistant Tablets IP 40 mg (Pantojack- 40),T-1261,Apr-2024,Mar-2026,"M/s.Jackson Laboratories Pvt.Ltd, 22-24, Majitha Road, Bye Pass, Amritsar- 143 001(India)",Dissolution & Description,RDTL Guwahati,portal,2024-11_all_nsq.json,51
2024-11,state:State Lab Puducherry,nsq,"ALUMINIUM HYDROXIDE, MAGNESIUM HYDROXIDE, DIMETHICONE AND OXETACAINE SUSPENSION IP (GASNUL-O)",KL03401,Apr-2024,Mar-2026,"M/s.Kinesis Pharmaceuticals Pvt. Ltd., Vill. DharampurSai Road, Baddi, Distt. Solan (H.P)-173 205","That for the product, it is labelled as Aluminium Hydroxide, Magnesium Hydroxide, Dimethicone And Oxetacaine Suspension IP (GASNUL- O), however Aluminium Hydroxide, Magnesium Hydroxide, Dimethicone And Oxetacaine Suspension is not an official IP monograph hence should be labelled as Aluminium Hydroxide, Magnesium Hydroxide, Dimethicone And Oxetacaine Suspension.- Label Issue",State Lab Puducherry,portal,2024-11_all_nsq.json,52
2024-11,central,nsq,Telmisartan Tablets IP 40 mg,LMT240520,May-2024,Apr-2026,"M/s.Life Max Cancer Laboratories, Plot No. 106 & 106 A, Sector6A, IIE, SIDCUL, Haridwar249403 (U.K)",Description,RDTL Guwahati,portal,2024-11_all_nsq.json,53
2024-11,central,nsq,Telmisartan Tablets I.P. 40 mg,LMT240611,May-2024,Apr-2026,"M/s.Life Max Cancer Laboratories, Plot No. 106 & 106 A, Sector6A, IIE, SIDCUL, Haridwar249403 (U.K)",Description,RDTL Guwahati,portal,2024-11_all_nsq.json,54
2024-11,central,nsq,RABEPRAZOL E TABLETS IP,MT-24B25,Feb-2024,Jul-2025,"M/s.MARTIN& BROWN BIOSCIENCES PVT. LTD., K.No. 918/419, Malkumajra, Nalagarh Road, Baddi, Dist. Solan (H.P.)-173205",Assay of Rabeprazole Sodium,RDTL Guwahati,portal,2024-11_all_nsq.json,55
2024-11,central,nsq,RABEPRAZOL E TABLETS IP,MT-24B21,Feb-2024,Jul-2025,"M/s.MARTIN& BROWN BIOSCIENCES PVT. LTD., K.No. 918/419, Malkumajra, Nalagarh Road, Baddi, Dist. Solan (H.P.)-173205",Assay of Rabeprazole Sodium,RDTL Guwahati,portal,2024-11_all_nsq.json,56
2024-11,central,nsq,RABEPRAZOL E TABLETS IP,MT-24B30,Feb-2024,Jul-2025,"M/s.MARTIN& BROWN BIOSCIENCES PVT. LTD., K.No. 918/419, Malkumajra, Nalagarh Road, Baddi, Dist. Solan (H.P.)-173205",Assay /Content of Rabeprazole Sodium,RDTL Guwahati,portal,2024-11_all_nsq.json,57
2024-11,central,nsq,INFUSION SET,50FC670,Mar-2024,Feb-2027,"M/s.Omex Medical Technology, At Kotadi, Plot No.1, Shivalik Industrial Park, Mehsana Highway, Ta Vijapur, Gujarat, India",Sterility,RDTL Guwahati,portal,2024-11_all_nsq.json,58
2024-11,state:State Lab Puducherry,nsq,PARACETAMOL TABLETS IP 500mg (XYKAA 500),X51H127,Oct-2023,Sep-2026,"M/s.Troikaa Pharmaceuticals Ltd., At: Plot No.319,GIDC, Phase II, Vatva, Ahmedabad, Gujarat- 382 445",Does not comply with respect to the Dissolution test as per IP specification- NSQ,State Lab Puducherry,portal,2024-11_all_nsq.json,59
2024-11,"state:State Lab Drugs Control Laboratory, Telangana.",nsq,"FERRORED-XT Tablets, Ferrous Ascorbate, Folic Acid & Zinc Tablets",ML/24/1683,May-2024,Oct-2026,"MacsolLifescience Plot No. 2b, Block No. 815, At Santej, Ta. Kalol, Dist. Gandhinagar - 382721 (Gujarat). Gujarat.",MISBRANDED AND NOT OF STANDARD QUALITY 1. In the compostition the label should be mentioned as Ferrous Ascorbate equivalent to Elemental Iron. But the label is mentioned as only Ferrous Ascorbate 100 mg. Hence it is Misbranded Drug as per section 17 of Drugs and cosmetics Act 1940. 2.Assay of Elemental Iron is not within the prescribed limits. Hence it is Not of Standard Quality.,"State Lab Drugs Control Laboratory, Telangana.",portal,2024-11_all_nsq.json,60
2024-11,state:DTL Chennai,nsq,Beaute Blanc Fruit Vinegar Gel Hair Colour (Natural Balck),406,Jun-2024,Jun-2027,"Marketed By: Kosmol Global No.6, 1st Floor, Ravanier Street, Park Town, Chennai-600001. Tamilnadu, India.","1.Sample does not conform to BIS Specification for oxidaion hair dye with respect to the content of phenyl methyl pyrazolone. 2.Sample is also found to contain m- phenylendiamine which must not form part of the composistion of cosmetics products as per BIS specification 4717 (Part 2): 2017. underAnnes A (Clauses 1,2 and 3.1), Serial No.1198.",DTL Chennai,portal,2024-11_all_nsq.json,61
2024-11,"state:State Lab Drugs Control Laboratory, Telangana.",nsq,"FERRIMACK-XT Tablets, Ferrous Ascorbate, Folic Acid & Zinc Tablets",FMK-9436,Mar-2024,Feb-2026,"MAXTRA LABORATORIES MAXTRA Laboratories, Rangarangaih Nagar, C. Cherla (V), MedchalDist - 92. Telangana. . Mrkt: M/s. MackvinPharma, MackvinPharma, Plot No: 55P, Sy. NO: 238//2, Bhagyalakshmi Colony, M.M. District, T.S. - 500055.",NOT OF STANDARD QUALITY Assay of Elemental Iron is not within the prescribed limits. Hence it is Not of Standard Quality.,"State Lab Drugs Control Laboratory, Telangana.",portal,2024-11_all_nsq.json,62
2024-11,"state:State Lab Drugs Control Laboratory, Telangana.",nsq,"FERRIGEN - XT Tablets, Ferrous Ascorbate, Folic Acid & Zinc Tablets",MNT.9020,Apr-2024,Mar-2026,"Maxtra laboratories Rangarangaiahnag ar, c.cherla (v) Medcahl (dist) - 92 Talangana.","NOT OF STANDARD QUALITY Assay of Elemental Iron is not within the prescribed limits. Hence, the drug is Not of Standard Quality.","State Lab Drugs Control Laboratory, Telangana.",portal,2024-11_all_nsq.json,63
2024-11,"state:State Lab Drugs Control Laboratory, Telangana.",nsq,"Dilabron LS Syrup Ambroxol HCL, Levosalbutamol Sulphate &Guaiphenesin Syrup",MXS9027,Jul-2024,Jun-2026,"Maxtra Laboratories TIF Industrial Park, Plot No. 105, 105A, 105B, 1st, 2nd, 3rd Floors, Dandumalkapuram (V)Choutuppal (M), Yadadri - Bhongiri District, Telangana State - Telangana. . Mrkt: INVICTRA Health BMR Complex, BKP- HYD.","MISBRANDED The label should be mentioned as Levosalbutamol Sulphate IP equivalent to Levosalbutamol. In the composition the label is mentioned as only Levosalbutamol Sulphate, . Hence, it is a Misbranded drug as per section 17 of Dugs and Cosmetics Act 1940.","State Lab Drugs Control Laboratory, Telangana.",portal,2024-11_all_nsq.json,64
2024-11,state:CFDL Jammu (J&K),nsq,Cefcare-T 4500 (AHD Jammu Supply),EB-240607,Jun-2024,May-2026,"Mfg. By : Ethicare Laboratories 15, Industrial Estate Digiana Jammu - 180010",The sample fails for the test of Particulate Matter,CFDL Jammu (J&K),portal,2024-11_all_nsq.json,65
2024-11,state:CFDL Jammu (J&K),nsq,Zylpan,GT24026B,Jan-2024,Dec-2026,"Mfg. By : Hetero Healthcare Ltd. AIIDC IGC , Changsari, NizSindurighopa (village) Sila, Sindurighopa (Mouza) Kamrup (Dist) Assam - 781101",The sample does not conform to I.P requirements with respect to the test for a) Assay & b) Dissolution,CFDL Jammu (J&K),portal,2024-11_all_nsq.json,66
2024-11,"state:State Lab Drugs Control Laboratory, Telangana.",nsq,"Xytum-CV Tablets, Cefuroxime Axetil& Potassium Clavulanate Tablets IP",MICTAB- 1688,Mar-2024,Dec-2025,"Micro Formulations Near Railway crossing Chambaghat, Solan, Distt. Solan (H.P) - 173 213. Himachal Pradesh. . Markt: M/s. Xylose Pharma, # 2-123, Part2, Flat No. 101, 1st floor, Nipuns Tanoak Apartment, Bhaskar Rao nagar, Kavadiguda, Hyderabad, Telangana - 500 094.","NOT OF STANDARD QUALITY The sample Xytum-CV Tablets, does not comply for Assay of Clavulanic acid and Dissolution prameters as per I.P. 2022.","State Lab Drugs Control Laboratory, Telangana.",portal,2024-11_all_nsq.json,67
2024-11,state:DTL Chennai,nsq,Mupikul Ointment,G4501,Oct-2023,Sep-2025,"A.S Lifesciences, 136, IND, Estate Kutana- 124001(HR), INDIA.",Sample does not conform to USP specification for Mupirocin Ointment with respect to the content of Mupirocin.,DTL Chennai,portal,2024-11_all_nsq.json,68
2024-11,"state:SDTL Agartala, Tripura",nsq,Pantoprazole Gastro Resistant Tablets IP (PANCID ? 40),TG24- 1031C,May-2024,Apr-2026,"Athens Life Sciences, Mauza Rampur Jattan, Nahan Road, Kalaamb, Dist. Sirmour, H.P- 173030",Dissolution,"SDTL Agartala, Tripura",portal,2024-11_all_nsq.json,69
2024-11,state:DTL Thiruvananthapuram,nsq,Calamax Skin Balance Daily Moisturizing Lotion 100 ml,AVN 5890,Jan-2024,Jan-2026,"AVN Foot steps, 107-108, DIC, Baddi, Solan (HP) - 173 205",The sample does not conform to cosmetic Rules 2020 for ?standards of cosmetics? as specified in the Laboratory Protocol for the content of Lead,DTL Thiruvananthapuram,portal,2024-11_all_nsq.json,70
2024-11,state:DTL Chennai,nsq,Lox Cv Dry Syrup,MVDS-032,Aug-2024,Jan-2026,"Bonn Schetering Bio Sciences, Plot No.64 & 65, 1st Floor, Electronic park, Thirubuvanai, Mannadipet Commune, Puducherry, 605107.",Sample does not conform to IP specification for Amoxycillin and potassium Clavulanate oral suspension with respect to the content of Amoxycillinin AmoxycillinTrihydrate.,DTL Chennai,portal,2024-11_all_nsq.json,71
2024-11,"state:SDTL Agartala, Tripura",nsq,Diclofenac Sodium Gastro ? Resistant Tablets IP 50mg,TD- 1750007,Feb-2024,Jan-2026,"Centurion Remedies Pvt. Ltd. G/5 & G/6, Industrial Estate, Gorwa, Vadodara- 390016",Disintegration,"SDTL Agartala, Tripura",portal,2024-11_all_nsq.json,72
2024-11,state:DTL Thiruvananthapuram,nsq,Daliyz White Musk Soap,DLZM4/24,Apr-2024,Apr-2027,"Excell Health Care Products, CP- V/1092, XL Garden, Palachira.P.O, Varkala","The sample does not conform to as per IS 2888:2004 for the specification for toilet soap Grade-I with respect to the test ? matter Insoluble in Alcohol, percent by mass Max? as specified in the Laboratory Protocol.",DTL Thiruvananthapuram,portal,2024-11_all_nsq.json,73
2024-11,state:DTL Chennai,nsq,Beaute Blanc Fruit Vinegar Gel Hair Colour (Natural Balck),405,May-2024,May-2027,"Guangdong Rongsheng Bio- Technlogy Co Ltd, Complex Building C, Xiaojing Village, Leping Town, Sanshui District, Foshan city, China.",Sample does not conform to BIS specification for oxidation hair dye with respect to the content of phenyl methyl pyrazolone.,DTL Chennai,portal,2024-11_all_nsq.json,74
2024-11,state:DTL Chennai,nsq,Beaute Blanc Fruit Vinegar Gel Hair Colour (Natural Balck),406,Jun-2024,Jun-2024,"Guangdong Rongsheng Bio- Technlogy Co Ltd, Complex Building C, Xiaojing Village, Leping Town, Sanshui District, Foshan city, China.",Sample does not conform to BIS specification for oxidaton hair dye with respect to the content of phenyl methyl prazolone.,DTL Chennai,portal,2024-11_all_nsq.json,75
2024-11,state:DTL Chennai,nsq,Atorvastatin Calcium Tablets IP 10mg,HTN906J,Sep-2023,Aug-2025,"Himalaya Meditek Pvt Ltd, Plot No.35 &36, Pharmacity, Selaqui, Industrial Area, Dehradun - 248197",Sample does not conform to IP Specification for Atorvastatin Calcium Tablets with respect to Dissolution,DTL Chennai,portal,2024-11_all_nsq.json,76
2024-11,state:DTL Chennai,nsq,Kefpod 100 Orange Suspension,C4093005,Feb-2023,Jan-2025,"InnovaCaptab Ltd, 1281/1, Hilltop Industrial Estate, Near epip, Phase-I, Jharmajri, Baddi, Distt. Solan, Himachal Pradesh.",Sample does not conform to Ip Specification for CefpodoximeProxetil Oral Suspension with respect to the content of Cefpodoxime in cefpodoxime in cefpodoximeproxetil.,DTL Chennai,portal,2024-11_all_nsq.json,77
2024-11,state:DTL Chennai,nsq,Kefpod 100 Orange Suspension,C4093044,Sep-2023,Aug-2025,"InnovaCaptab Ltd, 1281/1, Hilltop Industrial Estate, Near epip, Phase-I, Baddi, Distt. Solan, Himachal Pradesh.",Sample does not conform to Ip Specification for CefpodoximeProxetil Oral Suspension with respect to the content of Cefpodoxime in cefpodoxime in cefpodoximeproxetil.,DTL Chennai,portal,2024-11_all_nsq.json,78
2024-11,"state:State Lab Drugs Control Laboratory, Telangana.",nsq,Zinc Sulphate 20 mg Dispersible Tablets IP,T-16427,Jul-2024,Jun-2026,"Karnani Pharmaceuticals Pvt.Ltd, Fact:38, Pharma City, selaqui Dehradun - 248011. Uttarakhand.","NOT OF STANDARD QUALITY Out of 18 tablets tested, 12 tablets failed to disintegrate within 60 seconds. Hence disintegration test does not comply for Zinc sulphate dispersible tablets as per I.P. 2022.","State Lab Drugs Control Laboratory, Telangana.",portal,2024-11_all_nsq.json,79
2024-11,state:Not applicable,nsq,Pantoprazole Gastro-Resistant Tablets I.P. ( PAN-40),23443074,Aug-2023,Jan-2026,Under Investigation,Dissolution (Acid Stage) and Assay,Not applicable,portal,2024-11_all_nsq.json,80
2024-11,state:DTL Thiruvananthapuram,nsq,Chlorpromazine Tablets IP 50 mg,S73010,Mar-2023,Feb-2025,"Kerala State Drugs & Pharmaceuticals Ltd, Kalavoor.P.O, Alappuzha- 688522",The sample fails in the ?Descriptive Part? for Tablets as per IP,DTL Thiruvananthapuram,portal,2024-11_all_nsq.json,81
2024-11,"state:SDTL Agartala, Tripura",nsq,Ferrous Sulphate& Folic Acid Tablets I.P,CIF-W09,Jul-2023,Jun-2025,"M/s CyanoPharma(P) Ltd, 115-c, Industrial Estate, Polo Ground, Indore-452015, M.P.",Description,"SDTL Agartala, Tripura",portal,2024-11_all_nsq.json,82
2024-11,state:Not applicable,nsq,Amoxycillin and Potassium Clavulanate Tablets IP (AUGMENTIN 625 DUO),824D054,Feb-2024,Jul-2025,Under Investigation,Identification and Assay,Not applicable,portal,2024-11_all_nsq.json,83
2024-11,central,nsq,Thiodoc Ace-4 Tablets,RDNAT230 04,Sep-2023,Aug-2025,"M/s Renowed Life Sciences, Plot No. 10,11, Sector-B, IIE, SIDCUL Haridwar U.K.",Not of Standared Quality,CDL Kandaghat,portal,2024-11_all_nsq.json,84
2024-11,central,nsq,Folic Acid Tablets IP 5 mg (FOLITAS),T-2406004,Jun-2024,May-2026,"M/s. Aagya Biotech Pvt. Ltd., 1.5 km, Manglour Saharanpur Road, Manglour- 247656, Roorkee, Distt. Haridwar (U.K), India","""Hydrolysis products (N-(4- aminobenzoyl)- L-Glutamic acid)""",CDTL Mumbai,portal,2024-11_all_nsq.json,85
2024-11,central,nsq,Methylcobalami n Injection (Rejoice),SLA593,Dec-2023,May-2025,"M/s. Amster Labs, Unit-II, Hilltop, Ind. Estate, Vill. BhatauliKalan, Baddi, Distt. Solan, H.P","pH, Particulate Matter, Assay & Description",CDL Kolkata,portal,2024-11_all_nsq.json,86
2024-11,central,nsq,Calcium And Vitamin D3 Tablets IP,BCV-X01,Apr-2024,Sep-2025,"M/s. Bengal Chemicals & Pharmaceuticals Ltd., At 115 C, Industrial Estate, Pologround, Indore 452 015.",Uniformity of Content of Vitamin D3,CDL Kolkata,portal,2024-11_all_nsq.json,87
2024-11,central,nsq,Carbimazole Tablets IP 10 mg,TC-3270005,Feb-2024,Jan-2026,"M/s. Centurion Remedies Pvt. Ltd., G/5, 6 B.I.D.C, Gorwa, Vadoddara- 390016",Thiamazole& other Related Substances,CDL Kolkata,portal,2024-11_all_nsq.json,88
2024-11,central,nsq,Promethazine Injection IP 25 mg / ml,4A04070,Aug-2024,Jul-2026,"M/s. Ciron Drugs & Pharmaceuticals Pvt. Ltd., N-118, 119, 113, 119/1, 119/2 & 118/1, MIDC, Tarapur, Boisar, Dist-Palghar- 401506 Maharashtra",Assay,CDL Kolkata,portal,2024-11_all_nsq.json,89
2024-11,central,nsq,Clobazam Tablets IP 5 mg (ZAMBA 5),16672,Jul-2023,Jul-2026,"M/s. ELIKEM Pharmaceuticals Pvt. Ltd., 816/1, Rakanpur, Ta-Kalol, Dist. Gandhinagar, Gujrat 382721",Uniformity of Content & Dissolution of Clobazam,CDL Kolkata,portal,2024-11_all_nsq.json,90
2024-11,central,nsq,Itraconazole Capsules BP 200 mg (Itradila 200),IG23038,May-2023,Apr-2025,"M/s. InnovaCaptab Limited, 1281/1, Hilltop Industrial Estate, Near EPIP, Phase-I, Jharmajri, Baddi, Dist. Solan (H.P.) India",Dissolution,RDTL Guwahati,portal,2024-11_all_nsq.json,91
2024-11,central,nsq,IsosorbideMono nitrate Sustained Release Tablets 30 mg (Monit- 30-SR),K2302484,Dec-2023,Nov-2026,"M/s. INTAS PHARMACEUTICAL S LTD., Bagheykhola, Majhitar, Sikkim- 737136, INDIA",Description,RDTL Chandigarh,portal,2024-11_all_nsq.json,92
2024-11,central,nsq,Budesonide Nebuliser Suspension BP - 0.5 mg (Budecide? 0.5 mg Nebuliser Solution),K1090259,Feb-2024,Jan-2026,"M/s. KamlaAmrut Pharmaceutical LLP, Survey No.: 53,56,57, Nr. KamlaAmrut Industrial Park, Indrad, Ta.: Kadi, Dist.: Mehsana, Gujarat - 382715, India",Related substances,CDTL Indore,portal,2024-11_all_nsq.json,93
2024-11,state:DTL Chennai,nsq,Redura-20 Tablets,NLT- 126523,Feb-2024,Jan-2026,"Nutra Life Healthcare Pvt Ltd, Plot No.44-45, Shiv Ganga Industrial Estate, Lakeswari, Bhagwanpur, Roorkee, Dist, Haridwar(UK)",Sample does not conform to IP Specification for Rabeprazole Sodium Tablets With respect to Dissolution.,DTL Chennai,portal,2024-11_all_nsq.json,94
2024-11,state:DTL Chennai,nsq,Levatio Syrup,ONL-24067,Mar-2024,Feb-2026,"Onex Life Science Pvt Ltd, Flot No.5, Ground, First Floor & Second Floor, EkambararNaicker Industrial Estate, Alapakkam, Chennai-600116.",Sample does not conform to label claim with respect to the content of Terbutaline Sulphate.,DTL Chennai,portal,2024-11_all_nsq.json,95
2024-11,"state:State Lab Drugs Control Laboratory, Telangana.",nsq,"FERRIMACK-XT Tablets, Ferrous Ascorbate, Folic Acid & Zinc Tablets",23C-C081,Jun-2023,May-2025,"Orison Pharma International Khari, Mauzaogli, Kala Amb, Distt. Sirmour - 173 030 (H.P). Himachal Pradesh.","NOT OF STANDARD QUALITY The sample does not meet the criteria for uniformity of weight as per IP. out of 20 capsules weighed, 11 capsules deviates the 10 percent limit as per IP and from that 3 capsules are under double deviation. Hence, Sample does not meet the specifications wrt. Uniformity of Weight of Capsules as per IP.","State Lab Drugs Control Laboratory, Telangana.",portal,2024-11_all_nsq.json,96
2024-11,state:DTL Chennai,nsq,Thyroxine Tablets IP 0.1mg,TO-22,Apr-2024,Mar-2026,"Poddar Pharmaceuticals Pvt Ltd., E-35, Industrial Area, Haridwar (U.K), 249 401",Sample does not conform to IP Specification for Thyroxine Sodium Tablets With respect to Dissolution and to the Content of Anhydrous Thyroxine sodium in Thyroxine Sodium.,DTL Chennai,portal,2024-11_all_nsq.json,97
2024-11,state:DTL Chennai,nsq,Thyroxine Tablets IP 0.1mg,TN-27,Dec-2023,Nov-2025,"Poddar Pharmaceuticals Pvt Ltd., E-35, Industrial Area, Haridwar (U.K), 249 401",Sample does not conform to IP Specification for Thyroxine Sodium Tablets With respect to Dissolution and to the Content of Anhydrous Thyroxine sodium in Thyroxine Sodium.,DTL Chennai,portal,2024-11_all_nsq.json,98
2024-11,state:DTL Thiruvananthapuram,nsq,Nebivolol Tablets IP,KMNB2400 1,Jul-2024,Jun-2026,"Ravian Life Sciences Pvt.Ltd, Plot No.34, Sector- 8A, IIE, SIDCUL, Haridwar-249403, Uttarakhand",The sample does not conform to IP standards. It fails the test ?Dissolution? Specified in the Laboratory Protocol as per IP,DTL Thiruvananthapuram,portal,2024-11_all_nsq.json,99
2024-11,state:DTL Chennai,nsq,Meloxicam Injection IP- 100ml- 'Melox-5'- Veterinary,10976,Feb-2024,Jan-2026,"Redinex Life Sciences Pvt Ltd, F-132, IGC Mansa Road, Bathinda (PB)-151005.",Sample does not conform to requirement for PH.,DTL Chennai,portal,2024-11_all_nsq.json,100
2024-11,state:DTL Chennai,nsq,Acicarb-650,T-2407400,Jul-2024,Jun-2026,"Rivpra Formulation Pvt Ltd, Plot No.8, Sector- 6A, I.I.E, Sidcul, Haridwar. 249403 (U.K)",sample does not conform to IP Specification for enteric coated tablets with respect to Disintegration in Acid stage,DTL Chennai,portal,2024-11_all_nsq.json,101
2024-11,state:DTL Thiruvananthapuram,nsq,Panboon [Pantoprazole Gastro-Resistant Tablet IP,T-2402172,Feb-2024,Jan-2026,"Rivpra Formulations Pvt.Ltd, Plot No.8, sector-6A, IIE, SIDCUL, Haridwar- 249 403 UK",It fails the test ?Dissolution? stated in the Laboratory Protocol as per IP,DTL Thiruvananthapuram,portal,2024-11_all_nsq.json,102
2024-11,state:DTL Chennai,nsq,Dexamethasone Tablets IP 0.5mg,TA24035,Jan-2024,Dec-2025,"Saintlife Pharmaceuticals Ltd, 323, Central Hope Town, Industrial Area, Selaqui, Dehradun - 248 011, Uttarakhand, India",Sample does not conform IP specification for Dexamethasone Tablets with respect to this content of Dexamethasone.,DTL Chennai,portal,2024-11_all_nsq.json,103
2024-11,state:DTL Thiruvananthapuram,nsq,Trenaxa Inj. [ Tranexamic Acid Inj. IP],TNA2407,Mar-2024,Feb-2026,"SanjIvaniParantera l Ltd, R-40, T.T.C, Industrial Are, Rabale, Thane Belapur Road, Navi Mumbai- 400701",It fails the test ?Sterility? as per IP,DTL Thiruvananthapuram,portal,2024-11_all_nsq.json,104
2024-11,"state:State Lab Drugs Control Laboratory, Telangana.",nsq,Divalproex Sodium Tablets IP 500 mg,D2306,Dec-2023,Nov-2026,"Smith & Kenner Pharmaceuticals Pvt.Ltd., H.NO. 2- 51 Survey No. 72/1, Tattiannaram (V), Hayathnagar (M), R.R. DistTelangana, India.","NOT OF STANDARD QUALITY 1. The coating is not uniform and rough surface is observed on the whole tablet, hence description does not complies as per IP. 2. The dissolution test parameter doees not complies as per manufacturing method of analysis, hence the drug Divalproex sodium is of Not of Standard Quality with respect to Description and Dissolution test parameter.","State Lab Drugs Control Laboratory, Telangana.",portal,2024-11_all_nsq.json,105
2024-11,state:DTL Thiruvananthapuram,nsq,Bisopol-5 [BisoprololFumar ate Tablets 5 mg],TSF-C0427,Feb-2024,Jan-2026,"Spen Formulations Pvt.Ltd, Plot No. 123, Idustrial Area, Mehatpur, Distt, UNA- 174 315 (HP)",The sample does not conform to USP standard for descriptive part of tablets,DTL Thiruvananthapuram,portal,2024-11_all_nsq.json,106
2024-11,state:DTL Chennai,nsq,Cyanocobalamin Injection IP-1ml,34CYA327,Dec-2023,Nov-2025,SPM Drugs (p) Ltd. Bhavani - 638301(TN).,Sample does not conform to the requirement for assay.,DTL Chennai,portal,2024-11_all_nsq.json,107
2024-11,state:CFDL Jammu (J&K),nsq,EnrofloxacinInj IP (AHD Supply J&K),VT4072,Jul-2024,Jun-2026,"Mfg. By : Alpha Laboratories Ltd 33/2 A.B Road Pigdamber 453446, Indore (M.P)",The sample fails for the test of Particulate Matter,CFDL Jammu (J&K),portal,2024-11_all_nsq.json,108
2024-11,state:DTL Chennai,nsq,VIP Brown Natural Hair Colour Shampoo,B013,Jul-2024,Jun-2026,"VIMAC, 18/C. Noombal Village, SF.No.125/1A, 1B, Ambattur, Taluk, Tiruvallur District, Chennai-600077.","1.Sample does not conform to BIS Specification for Oxidation Hair dye with respect to the content of Resorcinol and Phenyl Methyl pyrozolone. 2. The sample is also found to contain m- phenylenediamine which must not form part of the composition of cosmetics products as per BIS specification 4707 (Part 2):2017, under Annex A (clauses 1,2 and 3.1), Serial No.1198.",DTL Chennai,portal,2024-11_all_nsq.json,109
2024-11,state:DTL Chennai,nsq,VIP Hair Colour Shampoo,BO53KTK,May-2024,Apr-2026,"VIMAC, 18/C. Noombal Village, SF.No.125/1A, 1B, Ambattur, Taluk, Tiruvallur District, Chennai-600077.","1.Sample does not conform to BIS Specification for oxidation hair dye with respect to the content of resorcinol and phenyl methyl pyrazolone. 2.The sample is also found to contain m- phenylenediamine which must not form part of the composition of cosmetics products as per BIS specification 4707 (Part 2):2017, under Annex A (clauses 1,2 and 3.1), Serial No.1198.",DTL Chennai,portal,2024-11_all_nsq.json,110
2024-11,state:DTL Chennai,nsq,VIP Dark Brown Natural Hair Colour Shampoo,B005,Jul-2024,Jun-2026,"VIMAC, #18/C. Noombal Village, SF.No.125/1A, 1B, Ambattur, Taluk, Tiruvallur District, Chennai-600077.",Sample does not conform to BIS Specification for oxidation hair dye with respect to the content of resorcinol and phenyl methyl pyrazolone.,DTL Chennai,portal,2024-11_all_nsq.json,111
2024-11,state:DTL Chennai,nsq,VIP Hair Colour Shampoo,B020C,Apr-2024,Mar-2026,"VIMAC, #18/C. Noombal Village, SF.No.125/1A, 1B, Ambattur, Taluk, Tiruvallur District, Chennai-600077.",Sample does not conform to BIS specification for oxidation hair dye with respect to the content of resorcinol and phenyl methyl pyrazolone.,DTL Chennai,portal,2024-11_all_nsq.json,112
2024-11,state:DTL Chennai,nsq,Dermotil-K Spray. Ketoconazole with chlorhexidineGluc onate Solution,E1207,Sep-2024,Aug-2026,"Vinsmile, S.N:7/1A, Patharampallam, ChinnasalemTaluk, VillupuramDist, Pin Code-606201.",Sample does not conform to label claim with respect to the content of Ketoconazole.,DTL Chennai,portal,2024-11_all_nsq.json,113
2024-12,central,nsq,Bupivacaine Hydrochloride in Dextrose Injection USP 4 ml,17B24005,Sep-2024,Aug-2026,"M/s. Radiant Parenterals Ltd., 242/4, 5 &6, G.I.D.C., Estate at & Post Waghodia, Dist-Vadodara , Gujarat-391760",pH and Bacterial Endotoxins,CDL Kolkata,portal,2024-12_all_nsq.json,1
2024-12,central,nsq,Bupivacaine Hydrochloride in Dextrose Injection USP 4 ml,17B24004,Jun-2024,May-2026,"M/s. Radiant Parenterals Ltd., 242/4, 5 &6, G.I.D.C., Estate at & Post Waghodia, Dist-Vadodara , Gujarat-391760","pH, Bacterial Endotoxins and Sterility",CDL Kolkata,portal,2024-12_all_nsq.json,2
2024-12,central,nsq,Acyclovir Dispersible Tablets IP (Zovibact 800 mg),SRTH230874 B,Aug-2023,Jul-2025,"M/s. SYSTOLE REMEDIES PVT. LTD., Vill. Ogli, Kala Amb, Teh. Nahan, Distt. Sirmour (H.P.) - 173 030",Uniformity of dispersion & Disintegration,RDTL Guwahati,portal,2024-12_all_nsq.json,3
2024-12,central,nsq,Aspirin Gastro- resistant Tablets IP 75mg,ANET1121,Aug-2023,Jul-2025,"M/s. Unicure India Ltd., C-21, 22 & 23, Sector- 3, Noida- 201301, Distt. Gautam Budh Nagar (U.P.)",Test of Dissolution Buffer Stage,CDL Kolkata,portal,2024-12_all_nsq.json,4
2024-12,central,nsq,Absorbent Cotton Wool IP,331,Jul-2024,Jun-2026,"M/s. Vandana Surgi Pharma (P) Ltd., GA- 26, RIICO Industrial Area, Bijaynagar- 305624, (Raj)","Acidity or alkalinity, Absorbency Sinking Time, Absorbency Water-holding Capacity, Foreign Fibres, Fluorescence, Water soluble substances, Neps and Sulphated ash",CDL Kolkata,portal,2024-12_all_nsq.json,5
2024-12,central,nsq,Meropenem Injection IP 500 mg (Merohuge 500 ),A4ITX004,Aug-2024,Jul-2026,"M/s. Shamshree Lifesciences Limited, Plot No. 11, Industrial Area, Katha- Bhatolikalan, Baddi- 173205, H.P.","Test of Clarity of solution, Particulate matter",CDL Kolkata,portal,2024-12_all_nsq.json,6
2024-12,central,nsq,AMIKACIN SULPHATE INJECTION IP 250 mg (AMIKACIN SULPHATE INJECTION IP 250 mg/ 2 ml for IM/IV Injection),17800124,Jan-2024,Dec-2025,"M/s. Karnataka Antibiotics And Pharmaceuticals Limited, Plot No-14, Peenya II Phase, Bengaluru-560058, Karnataka.",Particulate mattter and Description,CDL Kolkata,portal,2024-12_all_nsq.json,7
2024-12,central,nsq,Rabeprazole Sodium Injection IP,MD23H20,Aug-2023,Jul-2025,"M/s. Martin & Brown Bio Sciences, K.No. 918/419, Malkumajra, Nalagarh Road, Baddi, Dist. Solan (H.P.)- 173205","pH, Water, Clarity of Solution, Particulate matter, Assay of Rabeprazole Sodium and Description",CDL Kolkata,portal,2024-12_all_nsq.json,8
2024-12,central,nsq,BUPIVACAINE HYDROCHLORI DE INJECTION IP 0.5%,BCV22315,Dec-2023,Nov-2025,"M/s. Nandani Medical Laboratories Pvt. Ltd., 221/5, Bicholi Hapsi, Kanadia Road, Indore",Particulate mattter and Description,CDL Kolkata,portal,2024-12_all_nsq.json,9
2024-12,central,nsq,Telmisartan Tablets I.P.. (TELMOPI-40),23I-T2003,Dec-2023,Nov-2025,"M/s. Orison Pharma International, Vill. Khari, Mauza Ogli, Kala Amb, Distt. Sirmour - 173030 (H.P.)",Dissolution,RDTL Guwahati,portal,2024-12_all_nsq.json,10
2024-12,central,nsq,AXBEX Suspension (Multivitamin Mulltimineral & Antioxidant Suspension),A21410,May-2024,Oct-2025,"M/s. Ozone Pharmaceuticals Ltd., Katha, Baddi-173205, Himachal Pradesh",Identification & Assay of Cholecalciferol,CDL Kolkata,portal,2024-12_all_nsq.json,11
2024-12,central,nsq,AXBEX Suspension (Multivitamin Mulltimineral & Antioxidant Suspension),A21411,May-2024,Oct-2025,"M/s. Ozone Pharmaceuticals Ltd., Katha, Baddi-173205, Himachal Pradesh",Identification & Assay of Cholecalciferol,CDL Kolkata,portal,2024-12_all_nsq.json,12
2024-12,central,nsq,Thyroxine Sodium tablets IP (THYROX-25),16240148D,May-2024,Apr-2026,"M/s. Macleods Pharmaceuticals Ltd., Plot No-2209, GIDC, Sarigam, Dist-Valsad- 396155, Gujarat",Dissolution,CDL Kolkata,portal,2024-12_all_nsq.json,13
2024-12,central,nsq,PRIMAQUINE PHOSPHATE TABLETS IP 2.5 mg,T-1338,Jul-2023,Jun-2025,"M/s.Jackson Laboratories Pvt.Ltd, 22-24, Majitha Road, Bye Pass, Amritsar-143 001(India)",Dissolution and Assay,RDTL Guwahati,portal,2024-12_all_nsq.json,14
2024-12,central,nsq,GLIMEPIRIDE TABLETS IP (GLIMP-1),SPT240261,Feb-2024,Jan-2026,"M/s. SALUS PHARMACEUTICALS, 480/211, Harraipur, PO Gurumajra, Teh. Baddi, Distt. Solan (H.P.) 173205",Dissolution,RDTL Guwahati,portal,2024-12_all_nsq.json,15
2024-12,central,nsq,Calcium & Vitamin D3 Tablets IP (CALCI-D),CDD23089,Nov-2023,Oct-2025,"M/s. Danish Healthcare (P) Ltd, 76/27-28, Industrial Estate, Maxi Road, Ujjain-456 010 INDIA",Assay of Vitamin D3,RDTL Guwahati,portal,2024-12_all_nsq.json,16
2024-12,central,nsq,Valsartan Tablets IP 80mg(Valsalar- 80 Tablets),VSR1-05,Apr-2024,Mar-2026,"M/s. Lark Laboratories (I) Ltd., At, SP-1192 E, RIICO Indl Area, Phase IV, Bhiwadi-Rajasthan",The Sample does not conform to IP Standards with respect to Test for Dissolution only,CDTL Chennai,portal,2024-12_all_nsq.json,17
2024-12,central,nsq,Nutrisacc Bolus,MVNUR2403,Feb-2024,Feb-2026,"M/s. Maven iLab Pvt.Ltd., No.19 Byraveshwara Industrial Area, Andrahalli Main Road Hegganahalli, Bangalore-560091","Disintegration test and Assay of Iron, Magnesium, Calcium, Vitamin B3,Zinc and Vitamin A",RDTL Chandigarh,portal,2024-12_all_nsq.json,18
2024-12,central,nsq,"Diphenhydramine Hydrochloride, Ammonium Chloride, Sodium Citrate & Menthol Syrup (Beedryl Plus)",40183,Feb-2024,Jan-2026,"M/s. Zenith Drugs Limited 72/5 & 72/3, 72/4, 74/1/1, 75/1/1, Muradpura (Orangpura) Dhar Road, Near Kalaria Indore 453001 (MP), India",Assay of Menthol and Description,CDL Kolkata,portal,2024-12_all_nsq.json,19
2024-12,central,nsq,"Diphenhydramine Hydrochloride, Ammonium Chloride, Sodium Citrate & Menthol Syrup (Beedryl Plus)",40186,Feb-2024,Jan-2026,"M/s. Zenith Drugs Limited 72/5 & 72/3, 72/4, 74/1/1, 75/1/1, Muradpura (Orangpura) Dhar Road, Near Kalaria Indore 453001 (MP), India",Assay of Menthol and Description,CDL Kolkata,portal,2024-12_all_nsq.json,20
2024-12,state:Puducherry,nsq,DEXTROMETH ORPHAN HYDROBROMI DE PHENYLEPHRI NE HYDROCHLOR IDE & CHLORPHENIR AMINE MALEATE TABLETS (Expal),AST- 23303,Aug-2023,Jul-2025,"M/s.AASSK Pharmaceuticals Pvt. Ltd. Plot No.9, S.no 243/2, Dr.AmbedhkarStreet, Kozhumanivakkam, Mangadu, Chennai- 600 122",On visual inspection dark spots are found on tablet surface.Cappingand lamination defects are found. Some tablets were brittle on opening from the strip - NSQ,Puducherry,portal,2024-12_all_nsq.json,21
2024-12,state:Puducherry,nsq,PANTOPRAZO LE GASTRO- RESISTANT TABLETS IP 40mg (Pentowok),WAM2401 1,May-2024,Apr-2026,"M/s Admed Pharma Pvt Ltd., Plot No 87, HPSIDC, Industrial Area, Badddi, DisttSolan HP- 173 205",Does not comply with respect to the Disintegration test as per IP specification,Puducherry,portal,2024-12_all_nsq.json,22
2024-12,state:Puducherry,nsq,BETAHISTINE DIHYDROCHL ORIDE TABLETS IP (CGHEST-8),CT242502 84B,May-2024,Apr-2026,"M/s CMG BIOTECH PVT. LTS (Unit-II), Plot No. 58, PhaseIII, Industrial Area, Sansarpur Terrace, Tehsil Jaswan, Distt.Kangra, HP- 176501",On the received sample presence of spots were observed which should not be present As per DCC Guidelines on Not Of Standard Quality (NSQ) Drugs Approved in 1993 (Annexure A) Tablets vide serial No.(i) Presence of Spot/discolouration,Puducherry,portal,2024-12_all_nsq.json,23
2024-12,state:DTL Thiruvananthapuram,nsq,Metoprolol Succinate Prolonged Release Tablets IP,URDT0654,Mar-2023,Feb-2025,"Unicure India Ltd., Plot No. 46(B)/49B Village Raipur, Bhagwanpur ,RoorkeeDist, Haridwar, Uttarakhand",It fails the test ?Assay? as per IP standards [Amendment List - 05 to IP 2022],DTL Thiruvananthapuram,portal,2024-12_all_nsq.json,24
2024-12,state:Puducherry,nsq,CEFIXIME AND LACTIC ACID BACILLUS TABLETS (CFI- 200),T925,Sep-2023,Aug-2025,"M/s. Swiss Biotech Parentrals., Kewat No. 1138,VPO - Kachhwa, Karnal- 132001 (Haryana)",On the received sample presence of spots/discoloration observed which should not be present As per DCC Guidelines on Not Of Standard Quality (NSQ) Drugs Approved in 1993 (Annexure A) Tablets vide serial No.(i) Presence of Spot/discoloration,Puducherry,portal,2024-12_all_nsq.json,25
2024-12,state:DTL Thiruvananthapuram,nsq,Metoprolol Succinate Prolonged Release Tablets IP,URDT0653,Mar-2023,Feb-2025,"Unicure India Ltd., Plot No. 46(B)/49B Village Raipur, Bhagwanpur ,RoorkeeDist, Haridwar, Uttarakhand",It fails the test ?Assay? as per IP standards [Amendment List - 05 to IP 2022],DTL Thiruvananthapuram,portal,2024-12_all_nsq.json,26
2024-12,state:DTL Thiruvananthapuram,nsq,Metoprolol Succinate Prolonged Release Tablets IP,URDT0652,Mar-2023,Feb-2025,"Unicure India Ltd., Plot No. 46(B)/49B Village Raipur, Bhagwanpur ,RoorkeeDist, Haridwar, Uttarakhand",It fails the test ?Assay? as per IP standards [Amendment List - 05 to IP 2022],DTL Thiruvananthapuram,portal,2024-12_all_nsq.json,27
2024-12,state:State Lab Karnataka,nsq,Calcium Carbonate & Vitamin D3 Tablets (Calcovit D3 Tablets),MWT2311 80,Jan-2024,Dec-2025,"M/s. MedworPharma, 140 EPIP, Phase-II, Thana, Baddi 173205","Test for Dissolution for Calcium, Assay for Vitamin D3? and with respect to ?Description",State Lab Karnataka,portal,2024-12_all_nsq.json,28
2024-12,state:State Lab Karnataka,nsq,Terbicharge 250 mg (TerbinafineHyd rochloride Tablets IP),NT-4303,Jun-2023,May-2025,"M/s. Neptune Life Sciences Pvt. Ltd., 100-B, EPIP, Phase- II, Thana, Baddi- 173205 (H.P)",Test for Dissolution only,State Lab Karnataka,portal,2024-12_all_nsq.json,29
2024-12,state:State Lab Karnataka,nsq,ITRACHARGE 200 (Itraconazole Capsules BP),NC-0805,Jun-2023,May-2025,"M/s. Neptune Life Sciences Pvt. Ltd., 100-B, EPIP, Phase- II, Thana, Baddi- 173205 (H.P)",Dissolution Test only,State Lab Karnataka,portal,2024-12_all_nsq.json,30
2024-12,state:State Lab Karnataka,nsq,Fercobate-XT Suspension (Ferrous Ascorbate& Folic acid Suspension),240603,Jun-2024,Nov-2025,"M/s. ShinestarPharma, Begapali Road, SIPOCT-1, Hosur- 635126 (T.N)",Folic Acid in the Assay and Misbranded,State Lab Karnataka,portal,2024-12_all_nsq.json,31
2024-12,state:State Lab Karnataka,nsq,Paracetamol Tablets IP 650 mg,PCT24135,Jun-2024,May-2026,"M/s. VivekPharmachem (India) Ltd., NH-8, Chimanpura, Amer, Jaipur-303102",Test for Dissolution,State Lab Karnataka,portal,2024-12_all_nsq.json,32
2024-12,state:King Institute Chennai,nsq,Ondansetron Injection IP-2ml,A24AM130,Apr-2024,Mar-2026,"Skymap Pharamceuticals Pvt. Ltd, B-2 Dev Bhoomi Industrial Estate, Puhana Iqbalpur Road, Roorkee - 247 667",sample does not conform to requirement for assay and related substances,King Institute Chennai,portal,2024-12_all_nsq.json,33
2024-12,state:DTL Thiruvananthapuram,nsq,Metformin Hydrochloride Sustained Release Tab IP 500 mg,D2164/24-25,,,"Kerala Medical Services Corporation Ltd, Thycaud P.O, Thiruvananthapuram- 14",It fails the test microbial contamination in Non-sterile products and Descriptive part for tablets as per IP,DTL Thiruvananthapuram,portal,2024-12_all_nsq.json,34
2024-12,state:DTL Thiruvananthapuram,nsq,Paracetamol Tab IP 500 mg.,D2370/24- 25,,,"Kerala Medical Services Corporation Ltd, Thycaud P.O, Thiruvananthapuram- 14",It fails the test ?Dissolution? as per IP,DTL Thiruvananthapuram,portal,2024-12_all_nsq.json,35
2024-12,state:State Lab Karnataka,nsq,"Aluminium, Magnesium &Simethicone Oral Suspension I.P",C21A133003,Jun-2023,May-2026,"M/s. Concept Pharmaceuticals Ltd., A-28/3, MIDC, Chikalthana, Aurangabad-431006",Description only,State Lab Karnataka,portal,2024-12_all_nsq.json,36
2024-12,state:State Lab Karnataka,nsq,Panik-D Tablets (Pantoprazole Sodium &Domperidone Tablets),KPT24K08 A,Feb-2024,Jan-2026,"M/s. Kaizen Pharmaceuticals, Vill. Katha, Baddi-173205 Distt. Solan (H.P)",test for Disintegration,State Lab Karnataka,portal,2024-12_all_nsq.json,37
2024-12,state:State Lab Karnataka,nsq,CefpodoximePr oxetil Dispersible Tablets (Qupod- 200 Tablets),KCT- 403002,Mar-2024,Feb-2026,"M/s. Knox Life Sciences, Vill. Gullarwala, Sai Road, Baddi, Distt. Solan (H.P)",Test for Uniformity of Dispersion,State Lab Karnataka,portal,2024-12_all_nsq.json,38
2024-12,state:State Lab Karnataka,nsq,Cipex-500 (Ciprofloxacin Tabets I.P),MUTAD23 01,Jun-2023,May-2026,"M/s. Maxtar Bio- Genics, K.No.705, Nalagarh Road, MalkuMajra, Baddi- 173205 (H.P)",Test for Dissolution only,State Lab Karnataka,portal,2024-12_all_nsq.json,39
2024-12,state:King Institute Chennai,nsq,Metoclopramide HCL Injection I.P-2ml,24DQC64,Mar-2024,Feb-2026,"SVP Life Sciences, C/10-1, Sara Industrial Estate, Selaqui, Dehradun",sample does not conform to the requirement for Assay of Metoclopramide,King Institute Chennai,portal,2024-12_all_nsq.json,40
2024-12,state:DTL Chennai,nsq,Trubery LS,Z-23388,Sep-2023,Aug-2025,"CSD Lifesciences, Village Malkumajra, Morepen Road, Baddi, Distt, Solan, (H.P). 173205.",Sample does not conform to Label with respect to the content of Levosalbutamol in Levosalbutamol sulphate.,DTL Chennai,portal,2024-12_all_nsq.json,41
2024-12,state:DTL Chennai,nsq,Amlod-At,DT240289,Feb-2024,Jan-2026,"Daeiou Pharmaceutical (P) Ltd, R.S.No.158, Puducherry - Villupuram Main Road, Villianur, Puducherry, 605110.",Sample does not conform to IP Specification for Amlodipine and Atenolol Tablets with respect to Dissolution for Amlodipine and to the Content of Amlodipine in Amlodipine in Amlidipine Besylate.,DTL Chennai,portal,2024-12_all_nsq.json,42
2024-12,state:DTL Chennai,nsq,Surgi Spirit,SS-084032,Aug-2024,Jul-2026,"Transflex, Hawahar Nagar, Ranipur (C.G),492001.",Sample does not conform IP Specifciation for Surgical Spirit with respect to weight per ml.,DTL Chennai,portal,2024-12_all_nsq.json,43
2024-12,state:DTL Chennai,nsq,Cadcof-Lx Syrup,DLS2378,Jun-2024,May-2026,"Dhwanilife Care Pvt Ltd, Plot No.C-20/2, (C-39) & C-20/3, (C- 40), Arvind Mega Parek, Village- Chachravadi Vasna, Ahmedabad, Gujarat- 382213.","Sample does not conform to Label Claim with respect to the content of Levosalbutamol in Levosalbutamol Sulphate, Ambroxol Hydrochloride and Guaiphenesin.",DTL Chennai,portal,2024-12_all_nsq.json,44
2024-12,state:DTL Madurai,nsq,Justkof-LS,UF267408 2F,Jan-2024,Dec-2025,"Ultra Drugs Formultations Pvt Ltd, Plot No.338/278, Vill. Manakpur, Lodhimajra, Tehsil- Baddi, Distt. Solan (HP)-173205.",sample does not conform to Label claim with respect to the content of Ambroxol Hydrochloride.,DTL Madurai,portal,2024-12_all_nsq.json,45
2024-12,state:DTL Madurai,nsq,O Mak-200,VMWT240 7,Jun-2024,Mar-2026,"Vertex Pharma Chemicals, Plot No.60-A,61-A, PIPDIC Electronic Park, Tirubhuvanai, Puducheryy-605107.",Sample does not conform to IP Specification of Ofloxacin Tablets with respect to the content of Ofloxacin.,DTL Madurai,portal,2024-12_all_nsq.json,46
2024-12,state:DTL Chennai,nsq,Esilac Soluion,ZBL-1154,Dec-2023,Nov-2025,"Zoic Biotech Pvt Ltd, Plot No.C-15, Focal Point, Ind. Area, Chanalon, Mohali, (Punjab), 140103.",Sample does not conform to USP Specification for Lactulose Solution with respect to the Content of Lactulose in Lactulose Concentrate.,DTL Chennai,portal,2024-12_all_nsq.json,47
2024-12,state:DTL Madurai,nsq,Betamethasone Valerate Ointment IP 01% w/w,B06,May-2024,Apr-2026,"Syndicate Pharma, 185/B, 185/B-1, 187/A & 188, sector -F, Sanwer Road, Indore- 452015.",Sample does not conform to IP specification for Betamethasone Valerate Ointment with respect to the content of Betamethasone in Betamethasone Valerate.,DTL Madurai,portal,2024-12_all_nsq.json,48
2024-12,central,nsq,Ramipril & Metoprolol Succinate Tablets (Ramigan -MT 2.5/ 25 Tablets),AOT23322,Jun-2023,May-2025,"M/s.ASTONEA LABS PVT. LTD., Vill. Haripur Teh. Ranipur Rani, Distt. Panchkula, Haryana, India - 134204","""Assay of Ramipril""",CDTL Mumbai,portal,2024-12_all_nsq.json,49
2024-12,central,nsq,Alprazolam Tablets IP 0.5 mg,BT1224,Jan-2024,Dec-2025,"M/s.Brilliant Life Sciences Pvt.Ltd. , At Chuval Tagarwa, Teh Detroj Dist. Ahmedabad(Gujarat)",The Sample does not conform to IP Standards with respect to Test for Dissolution only,CDTL Chennai,portal,2024-12_all_nsq.json,50
2024-12,state:Puducherry,nsq,METFORMIN HYDROCHLOR IDE TABLETS IP (OKAMET- 500),4O30069,Feb-2024,Jan-2027,"M/s.Cipla Ltd., Ropar Road, Nalagarh, Dist. Solan (H.P)-174 101",Does not comply with respect to the Assay as per IP specification,Puducherry,portal,2024-12_all_nsq.json,51
2024-12,central,nsq,Fexofenadine Hydrochloride Tablets IP (MANOFEX-180 ),CT24250327 A,May-2024,Apr-2026,"M/s.CMG BIOTECH PVT.LTD, (Unit-II)Plot No-58, Phase-III, Industrial Area, Sasarpur Terrace, HP- 176501",Dissolution,CDL Kolkata,portal,2024-12_all_nsq.json,52
2024-12,central,nsq,Sertraline Hydrochloride (USP/ EP),SER240002B FP,May-2024,Apr-2025,"M/s.Exemep Pharmaceuticals., Block No. 628 (A & B), ECP Canal Road, Village : Luna, Tal : Padra, Vadodara 391440, INDIA","""Related substances""",CDTL Mumbai,portal,2024-12_all_nsq.json,53
2024-12,state:Puducherry,nsq,METFORMIN TABLETS IP 500 mg (GLYCIPHAGE),G0374057,Jun-2024,May-2027,"M/s.Franco-Indian Pharmaceuticals Pvt Ltd, 20, DR. E. Moses Road, Mumbai-400 011",Does not comply with respect to the Assay as per IP specification,Puducherry,portal,2024-12_all_nsq.json,54
2024-12,central,nsq,DOXYCYCLINE CAPSULES IP 100 mg,HDXA08,Jun-2023,May-2025,"M/s.Hindustan Antibiotics Ltd., At 11 W.E.A., Faridabad- 121001.","""Uniformity of weight""",CDTL Mumbai,portal,2024-12_all_nsq.json,55
2024-12,central,nsq,Paracetamol Paediatric Oral Suspension IP (MYPAR),S404115,Apr-2024,Mar-2026,"M/s.ION Healthcare Pvt. Ltd., Baddi- Barotiwala Road, Baddi, Distt. Solan (H.P.)- 173 205.","""Related substances""",CDTL Mumbai,portal,2024-12_all_nsq.json,56
2024-12,central,nsq,Rabeprazole Gastro-resistant Tablets IP 20 mg (Robijick - 20),T- 1047,Jun-2023,May-2025,"M/s.Jackson Laboratories Pvt. Ltd., 22-24, Majitha Road, Bye Pass, Amritsar - 143 001 (India).","""Dissolution (Acid stage) & (Buffer stage) and Description""",CDTL Mumbai,portal,2024-12_all_nsq.json,57
2024-12,central,nsq,Zinc Sulphate Dispersible Tablets IP 20 mg,LMT240811,Jul-2024,Jun-2026,"M/s.Life Max Cancer Laboratories, Plot No. 106 & 106 A, Sector6A, IIE, SIDCUL, Haridwar249403 (U.K)",Uniformity of dispersion & Disintegration,RDTL Guwahati,portal,2024-12_all_nsq.json,58
2024-12,central,nsq,Glimepiride Tablets I.P. 1 mg,LMT240339,Mar-2024,Feb-2026,"M/s.Life Max Cancer Laboratories, Plot No. 106 & 106 A, Sector6A, IIE, SIDCUL, Haridwar249403 (U.K)",Dissolution of Glimepiride,RDTL Guwahati,portal,2024-12_all_nsq.json,59
2024-12,central,nsq,Calcium 500 mg with Vitamin D3 250 IU Tablets IP,LMT240346,Mar-2024,Feb-2026,"M/s.Life Max Cancer Laboratories, Plot No. 106 & 106 A, Sector6A, IIE, SIDCUL, Haridwar- 249403 (U.K)",Assay of Vitamin D3 and Dissolution for calcium,RDTL Guwahati,portal,2024-12_all_nsq.json,60
2024-12,central,nsq,Albendazole Tablets I.P.,MT-24G01,Jul-2024,Jun-2026,"M/s.MARTIN & BROWN BIOSCIENCES PVT. LTD., K.No. 918/419, Malkumajra, Nalagarh Road, Baddi, Dist. Solan (H.P.)-173205",Dissolution,RDTL Guwahati,portal,2024-12_all_nsq.json,61
2024-12,central,nsq,"Noscapine, Chlorpheniramine Maleate, Guaiphenesin & Sodium Citrate Syrup",NGC-091,Dec-2023,Nov-2025,"M/s.Medipol Pharmaceuticals India Pvt. Ltd., 1199/3, Bhud, Baddi, Dist-Solan, H.P., India",Description,CDL Kolkata,portal,2024-12_all_nsq.json,62
2024-12,central,nsq,INFUSION SET- NV (INFUSION SET - NV),KT-033,Mar-2024,Feb-2027,"M/s.MEDIVISION HEALTHCARE, 84/4 Span Industrial complex. Second Floor, Phase-1, ""F"" Road, Opp. Kotak Mahindra Bank, G.I. D.C. Vatva, Ahmedabad- 382445, Gujarat",Sterility,RDTL Guwahati,portal,2024-12_all_nsq.json,63
2024-12,central,nsq,Co- trimoxazole Tablets I.P. (D.S.=Double Strength),PT30119,May-2023,Apr-2025,"M/s.Omega Pharma., Khasra No. 482, Village - Saliyar, Roorkee - 247667. Distt-Haridwar (Uttarakhand)",Dissolution (Trimethoprim and Sulphamethoxazo le),RDTL Guwahati,portal,2024-12_all_nsq.json,64
2024-12,central,nsq,Compound Sodium Lactate Injection I.P. (RL),03BF2472,Apr-2024,Mar-2027,"M/s.Paschim Banga Pharmaceutical,, NH- 31,TIN Mile Hat, Sonapur Hat, PSChopra, Dist. Uttar Dinajpur, PIN- 733214 (WB)",Sterility and Particulate Contamination,RDTL Guwahati,portal,2024-12_all_nsq.json,65
2024-12,central,nsq,Compound Sodium Lactate Injection I.P. 500 ml (Ringers Lactate I.P.) (RL),03BF2474,Apr-2024,Mar-2027,"M/s.PASCHIM BANGA PHARMACEUTICAL (A Unit Of FARISTA VANIJYA PVT. LTD.), NH-31, TIN MILE HAT, SONAPUR HAT, P.S. CHOPRA, DIST: UTTAR DINAJPUR, PIN 733 214 (W.B.)",Sterility,RDTL Guwahati,portal,2024-12_all_nsq.json,66
2024-12,central,nsq,Pantoprazole Gastro-resistant and Domperidone Prolonged- release Capsules IP (Unipraz - DSR),UC-23001C,Jul-2023,Jun-2025,"M/s.Ultra Drugs Pvt. Ltd., (Unit- II) HS No. 211, K. No. 77/1, 78/1 Vill. Katha, Baddi, Distt. Solan (H.P.)","""Dissolution of Domperidone""",CDTL Mumbai,portal,2024-12_all_nsq.json,67
2024-12,central,nsq,Calcium with Vitamin D3 Tablets (CITCAL TABLETS),470823,Aug-2023,Jul-2025,"M/s.Uniplus Biotech (P) Ltd., 4 km. Meerut Road, Assoda 245101",Dissolution (calcium) and Assay of Vitamin D3,RDTL Guwahati,portal,2024-12_all_nsq.json,68
2024-12,state:DTL Chennai,nsq,"Rosuvastatin, Aspirin & Clopidogrel Capsules (20mg/75mg/75 mg)",MC240184,Feb-2024,Jan-2026,"Mascot Health Series Pvt Ltd., Plot No. 79, 80 Sec-6A, IIE, Sidcul, Haridwar- 249 403","Sample does not conform to Label claim with respect to the content of Aspirin and to Schedule V of Drugs and Cosmetics Act, with respect to free Salicylic Acid.",DTL Chennai,portal,2024-12_all_nsq.json,69
2024-12,state:DTL Chennai,nsq,Co-Trimoxazole Tablets IP 480mg,MT404,Jan-2024,Dec-2026,"Maxwell Lifescience Pvt Ltd, T-53 & T-81, M.I.D.C, Tarapur, Boisar, Dist, Palghar, 401506.",Sample does not conform to IP Specification for Co- Trimoxazole Tablets with respect to Dissolution for Sulphamethoxazole,DTL Chennai,portal,2024-12_all_nsq.json,70
2024-12,state:DTL Madurai,nsq,Povidone- Iodine Ointment USP,VG24025,Apr-2024,Mar-2026,"Microwin Labs PVt Ltd, Plot No.363, Industrial Focal Point, Phase-9, Mohali- 160062.",Sample does not conform to USP Spcification for povidine-IODINE Ointment with respect to the content of Avaible Iodine in povidone Iodine.,DTL Madurai,portal,2024-12_all_nsq.json,71
2024-12,state:DTL Madurai,nsq,Povidone- Iodine Ointment USP,VG23017,Nov-2023,Oct-2025,"Microwin Labs PVt Ltd, Plot No.363, Industrial Focal Point, Phase-9, Mohali- 160062.",Sample does not conform to USP Specification for Povidone - Iodine Ointment with respect to the content of Avaible Iodine in Povidone Iodine.,DTL Madurai,portal,2024-12_all_nsq.json,72
2024-12,state:DTL Chennai,nsq,Orsiclop-A75,NTT24103 6,Mar-2024,Feb-2026,"Nanoceut Therapeutics Pvt Ltd, R.S.No. 104/19A, E.V.R.Street, Sedarapet, Puducherry, 605111","Sample does not conform to IP specification for Clopidogrel and Aspirin Tablets with respect to Dissolution ( Clopidogrel and Aspirin), Free Salicylic Acid (Related substance for Aspirin) and to the content of ASpirin",DTL Chennai,portal,2024-12_all_nsq.json,73
2024-12,state:DTL Chennai,nsq,Sucrazum-O Suspension,ALL-899,Aug-2023,Jul-2025,"Access Life Science, Khasra No.551/3, Village Taksal, Parwanoo, Distt, Solan (HP), 173220.",Sample does not conform to Label claim with respect to the content of Oxetacaine.,DTL Chennai,portal,2024-12_all_nsq.json,74
2024-12,state:King Institute Chennai,nsq,Iron Sucrose Injection USP- 5ML,PGY23118,Aug-2023,Jul-2025,"Affy Parenterals, Vill. Gullerwala, P.O. Baddi, Distt. Solan - 173 205 (H.P)",Sample does not conform to requirement for assay for iron.,King Institute Chennai,portal,2024-12_all_nsq.json,75
2024-12,state:DTL Madurai,nsq,Gabacure Gel,HUAA46,Jun-2024,Nov-2025,"Akums Druges & Pharmaceuticals Ltd. 47,48,Sector-6A, I.I.E., SIDCUL,, Haridwar-249 403, Uttarakhand.",Sample does not conform to Label claim with respect to the content of Gobapentin.,DTL Madurai,portal,2024-12_all_nsq.json,76
2024-12,state:DTL Chennai,nsq,Snikuf 4,RZAB01,May-2023,Apr-2025,"Akums Drugs & Pharmaceuticals Ltd, 22, Sector-6A, I.I.E, Sidcul. Ranipur, Haridwar-249403, Uttrakhand.",Sample does not conform to label claim with respect to the content of Terbutaline Sulphate.,DTL Chennai,portal,2024-12_all_nsq.json,77
2024-12,state:DTL Thiruvananthapuram,nsq,Balarishtam,107,Sep-2024,Sep-2034,"Alappat Pharma, Kollam-691503",It fails the test Total Solids and Specific Gravity as per API,DTL Thiruvananthapuram,portal,2024-12_all_nsq.json,78
2024-12,state:King Institute Chennai,nsq,Chlorpheniramin e Maleate Injection,IAL77/23,Dec-2023,Nov-2025,"Anra Pharamaceuticals Pvt Ltd, Madurai-Melur Road, Vellaripati, Madurai-625122",Sample does not conform to the requirement for Assay for Chlorpheniramine,King Institute Chennai,portal,2024-12_all_nsq.json,79
2024-12,state:DTL Chennai,nsq,Tamcof-Ls Syrup,AGL23022 1C,Mar-2024,Feb-2026,"Asterisk Healthcare, V.P.O Bathri, Thesil Haroli, Distt. Una (H.P),174301.",Sample does not conform to Label claim with respect to the content of Ambroxol Hydrochloride,DTL Chennai,portal,2024-12_all_nsq.json,80
2024-12,state:CFDL Jammu (J&K),nsq,Cefpodoxime Tablets IP 200 mg (Jan Aushadhi),CT3096,Sep-2023,Aug-2025,"Bharat Parenterals Ltd Survey No. 144-A, Jarod-SamlayaRoad ,Vill. Haripura , Tal. Savil Dist. Vadodara - 391520 Gujarat India",Assay of Cefpodoxime,CFDL Jammu (J&K),portal,2024-12_all_nsq.json,81
2024-12,state:DTL Srinagar (J&K) & MDTL Kathua (J&K),nsq,Divalproex Extended Release Tablets IP (JKMSCL Hospital Supply not for sale),2406031,Jun-2024,May-2026,"Biodeal Pharmaceuticals Ltd Vill Saini MajraNalagarhRopar Road , Nalagarh - 174101 , Distt. Solan (H.P) India",Uniformity of Weights,DTL Srinagar (J&K) & MDTL Kathua (J&K),portal,2024-12_all_nsq.json,82
2024-12,state:DTL Srinagar (J&K),nsq,Divalproex Extended Release Tablets IP (JKMSCL Hospital Supply not for sale),2407185,Jul-2024,Jun-2026,"Biodeal Pharmaceuticals Ltd Vill Saini MajraNalagarhRopar Road , Nalagarh - 174101 , Distt. Solan (H.P) India",Uniformity of Weights,DTL Srinagar (J&K),portal,2024-12_all_nsq.json,83
2024-12,state:DTL Chennai,nsq,Brokuf-DM,CBL- 0024/24,Feb-2024,Jan-2026,"C.B.Healthcare, Village Messa Tibba, Tehsil Nalagarh, Distt, Solan (H.P),174101.",Sample does not conform to Label claim with respect to the content of phenylephrine Hydrochloride.,DTL Chennai,portal,2024-12_all_nsq.json,84
2024-12,"state:SDTL Agartala, Tripura",nsq,CIPRODAC 500 (Ciprofloxacin Tablets IP 500mg),AN24014,Jan-2024,Dec-2026,"Cadila Pharmaceuticals Limited, 1389, Dholka ? 382225, Dist: Ahmedabad, At: A-1, Ratan Industrial Area, Harsuliya, Jaipur. C/o. M/S. Anon Pharmaceutical, Jaipur. Mfg. Lic. No.: RAJ/JPR/2718.","The Sample does not conform to standard in respect of the test ""Dissolution"" performed","SDTL Agartala, Tripura",portal,2024-12_all_nsq.json,85
2024-12,"state:State Lab Drugs Control Laboratory, Telangana.",nsq,"Ceaxil -500 Tablets, Cefuroxime Axetil Tablets IP",BT-227375,Jan-2024,Dec-2025,"Dr Edwin Medilabs Pvt Ltd Plot No.B-29, Industrial Area, Focal Point, Chanalon, Kurali, SAS Nagar- 140103(Pb) PUNJAB","White coloured, elongated, biconvex tablets with score on one side, and plain on other side, 10 out of 50 tablets have brown- coloured spots on the entire surface. Hence, the tablets failed the test for Description of tablets.","State Lab Drugs Control Laboratory, Telangana.",portal,2024-12_all_nsq.json,86
2024-12,state:DTL Madurai,nsq,Atovaris-F,DEMT- 240124B,Apr-2024,Mar-2026,"Dr.Edwin Medilabs Pvt Ltd, Plot No.B-29, Industrial Area, Focal Point, Chanalon, Kurali, SAS Nagar- 140103(pb).",Sample does not conform to IP Specification with respect to Uniformity of Weight.,DTL Madurai,portal,2024-12_all_nsq.json,87
2024-12,state:DTL Madurai,nsq,Capiwash Mouthwah,FL-050B,Aug-2023,Jul-2025,"Forgo Pharmaceuticals, 27, Dic Ind Area, Barotiwala, the Baddi, Distt, Solan (H.P)- 174103",Sample does not conform to IP Specification for Chlorhexidine Mouthwash IP with respect to the content of Chlorhexidine Gluconate in Chlorhexidine Gluconate Solution.,DTL Madurai,portal,2024-12_all_nsq.json,88
2024-12,"state:State Lab Drugs Control Laboratory, Telangana.",nsq,"Jakclav-625 Tablets, Amoxicillin and Potassium Clavulanate Tablets",BPT-3002,Feb-2024,Jan-2026,"Geenac Pharma Plot No: 582, Raipur, Bhagwanpur, Roorkee, Uttarakhand-247667. UTTARAKHAND . Mrkt By: WellnowHelathcare, Kanal Industrial Estate, Road No. 6, Borivali East, Mumbai-400066.","The sample Does not meet the Specifications wrt. Identification test - Negative, Assay- Nil As per IP u/s. 17B of Drugs and Cosmetics Act 1940. the Sample deemed to be SPURIOUS and Misbranded.","State Lab Drugs Control Laboratory, Telangana.",portal,2024-12_all_nsq.json,89
2024-12,"state:State Lab Drugs Control Laboratory, Telangana.",nsq,"Jikcf-AZ Tablets, Cefixime and Azitromycin Tablets",BPT-3001,Feb-2024,Jan-2026,"Geenac Pharma Plot No: 582, Raipur, Bhagwanpur, Roorkee, Uttarakhand-247667. UTTARAKHAND . Mrkt By: WellnowHelath care, Kanal Industrial Estate, Road No. 6, Borivali East, Mumbai-400066.",The sample does not meets the Specifications with respect to Identification test-Nil Assay-Nil As per STP u/s. 17B of Drugs and Cosmetics Act 1940. The Sample deemed to be SPURIOUS.,"State Lab Drugs Control Laboratory, Telangana.",portal,2024-12_all_nsq.json,90
2024-12,"state:State Lab Drugs Control Laboratory, Telangana.",nsq,"Jikcef-LB Tablets, Cefixime and Lactic Acid Bacillus Tablets",BPT-3005,Feb-2024,Jan-2026,"GeenacPharma Plot No: 582, Raipur, Bhagwanpur, Roorkee, Uttarakhand-247667. UTTARAKHAND . Mrkt By: WellnowHelathcare, Kanal Industrial Estate, Road No. 6, BorivaliEast, Mumbai- 400066.",The sample does not meets the Specifications with respect to Identification test-Nil Assay-Nil As per STP u/s. 17B of Drugs and Cosmetics Act 1940. The Sample deemed to be SPURIOUS.,"State Lab Drugs Control Laboratory, Telangana.",portal,2024-12_all_nsq.json,91
2024-12,state:DTL Chennai,nsq,Atorvastatin Calcium Tablets IP 10mg,HTN414D,Apr-2024,Mar-2026,"Himalaya Meditek Pvt. Ltd, Plot No. 35 & 36, Pharmacity, Selaqui, Industrial Area, Dehradun - 248 197",Sample does not conform to IP Specification for Atorvastatin Calcium Tablets with respect to Dissolution,DTL Chennai,portal,2024-12_all_nsq.json,92
2024-12,state:DTL Chennai,nsq,Atorvastatin Calcium Tablets IP 10mg,HTN405D,Apr-2024,Mar-2026,"Himalaya Meditek Pvt. Ltd, Plot No. 35 & 36, Pharmacity, Selaqui, Industrial Area, Dehradun - 248 197",Sample does not conform to IP Specification for Atorvastatin Calcium Tablets with respect to Dissolution,DTL Chennai,portal,2024-12_all_nsq.json,93
2024-12,state:DTL Chennai,nsq,Ciprofloxacin Hydrochloride Tablets IP 500mg,HTN1126L,Nov-2023,Oct-2025,"Himalaya Meditek Pvt. Ltd, Plot No. 35 & 36, Pharmacity, Selaqui, Industrial Area, Dehradun - 248 197",Sample does not conform to IP specification for ciprofloxacin tablets with respect to Dissolution,DTL Chennai,portal,2024-12_all_nsq.json,94
2024-12,state:King Institute Chennai,nsq,Metoclopramide HCL Injection I.P-2ml,HLI405D,Apr-2024,Mar-2026,"Himalaya Meditek Pvt. Ltd, Plot No. 35 & 36, Pharmacity, Selaqui, Industrial Area, Dehradun - 248 197",sample does not conform to the requirement for Assay of Metoclopramide,King Institute Chennai,portal,2024-12_all_nsq.json,95
2024-12,state:DTL Thiruvananthapuram,nsq,Losartan Potassium Tablets IP 50 mg,HLOA09,Nov-2023,Oct-2025,"Hindusthan Antibiotics Ltd, At 11, W.E.A, Faridabad - 121 001, Haryana",It fails the test ?Dissolution? as per IP as specified in the Laboratory Protocol,DTL Thiruvananthapuram,portal,2024-12_all_nsq.json,96
2024-12,state:DTL Chennai,nsq,Cipladine Multipurpose Antiseptic Skin Ointment,CH040103,Mar-2024,Feb-2026,"HSN International, At Plot No.54-55, Sector 6A, I.I.E, Sidcul, Haridwar, Uttarakhand,249403.",Sample does not conform to USP specification for povidone-Iodine Ointment with respect to content of available Iodine in povidone Iodine.,DTL Chennai,portal,2024-12_all_nsq.json,97
2024-12,state:DTL Madurai,nsq,Cipladine,CHO40018,Jan-2024,Dec-2025,"HSN International, At point No.54-55, Sector 6A, I.IE, Sidcul Haridwar, (Uttarakhand), 249403","Sample does not conform to USP Specification for Povidone- Iodine Ointment with respect to the content of Avaible Iodine in Povidone Iodine,",DTL Madurai,portal,2024-12_all_nsq.json,98
2024-12,state:DTL Madurai,nsq,Cipladine Ointment,CHO40020,Jan-2024,Dec-2025,"HSN International, At point No.54-55, Sector 6A, I.IE, Sidcul Haridwar, (Uttarakhand), 249403",Sample does not conform to USP Specification for Povidone-Iodine Ointment with respect to the content of Avaible Iodine in Povidone Iodine.,DTL Madurai,portal,2024-12_all_nsq.json,99
2024-12,state:DTL Madurai,nsq,Flucent Pour-on Solution,PB-105/12,Dec-2023,Nov-2025,"Indo Gulf Pharmaceuticals, 5.4 K.M, Meerut Road, Muzaffarnagar (U.P)",Sample does not conform to Label claim with respect to Identification and Content of Flumethrin.,DTL Madurai,portal,2024-12_all_nsq.json,100
2024-12,state:DTL Chennai,nsq,Chro-B Gold,DCBGT- 2402,Sep-2024,Feb-2026,"Kniss Laboratories (P) Ltd, Plot No. 9, Multe Industrial Estate, Gerugambakkam, Chennai - 600 128",Sample does not conform to label claim with respect to the content of Cholecalciferol,DTL Chennai,portal,2024-12_all_nsq.json,101
2024-12,state:King Institute Chennai,nsq,Dexamethasone Injection IP-2ml,FDDTI-004,Feb-2024,Jan-2026,"Laborate Pharmaceuticals India Ltd, 51 Indl. Area, Paonta Sahib (HP).",Sample does not conform to requirement for Assay.,King Institute Chennai,portal,2024-12_all_nsq.json,102
2024-12,state:Puducherry,nsq,ZINC SULPHATE DISPERSIBLE TABLETS IP 20mg (CARE ZINC),TH241106,Aug-2024,Jul-2026,"M/s Orchid MedlifePvt. ltd., (WHO GMP & GLP certified company) Vill.Kaundi,P.O Thane, Khasra No. 646/513, Tehsil Baddi, Dist. Solan (H.P)- 173 205.","On the received sample chipping and rough surface defects were observed, which should not be present As per DCC Guidelines on Not Of Standard Quality (NSQ) Drugs Approved in 1993 (Annexure A) Tablets vide serial No.(V) and (VII) respectively",Puducherry,portal,2024-12_all_nsq.json,103
2024-12,central,nsq,Duloxetine Gastro-resistant Tablets IP 20 mg,T26904,Jan-2024,Dec-2025,"M/s Quest Laboratories Limited, Plot No. 45, Sector-III, Pithampur, Dist.Dhar-454775 (M.P.)",Description and Dissolution,RDTL Chandigarh,portal,2024-12_all_nsq.json,104
2024-12,state:State Lab Karnataka,nsq,Levocetirizin Hydrochloride &Montelukast Sodium Tablets IP (Montefirst- LC),2405097,May-2024,Apr-2026,"M/s. Aban Pharmaceuticals, Plot No. 1018, Kerala, G.I.D.C., Bavla, Dist. Ahmedabad-382220",Test for Dissolution of Levocetirizine Hydrochloride and Montelukast,State Lab Karnataka,portal,2024-12_all_nsq.json,105
2024-12,central,nsq,Rabeprazole Injection IP,AGI-23216,Jun-2023,May-2025,"M/s. Alliaance Biotech, 440/3, Vill-Katha, Badddi, Solan (H.P.) - 173205","Sterility, Clarity of Solution, Particulate matter, Identification, Assay of Rabeprazole Sodium and Description?. The sample is deemed to be spurious as per section 17B of Drugs and Cosmetics Act",CDL Kolkata,portal,2024-12_all_nsq.json,106
2024-12,central,nsq,Rabeprazole Injection IP,AGI-23217,Jun-2023,May-2025,"M/s. Alliaance Biotech, 440/3, Vill-Katha, Badddi, Solan (H.P.) - 173205","pH, Clarity of Solution, Particulate matter, Assay of Rabeprazole Sodium and Description",CDL Kolkata,portal,2024-12_all_nsq.json,107
2024-12,state:State Lab Karnataka,nsq,Ranitidine Hydrochloride Injection I.P,AV3082,Feb-2023,Jan-2025,"M/s. Alpa Laboratories Ltd., 33/2 A.B. Road, Pigdamber-453 446, Indore (M.P)",Test for Sterility,State Lab Karnataka,portal,2024-12_all_nsq.json,108
2024-12,state:State Lab Karnataka,nsq,Metoheal XL 25 (Metoprolol Succinate Extended release Tablets U.S.P),T24D800A,Apr-2024,Mar-2026,"M/s. Bajaj Formulation, Khasra No.161, Village- LakeshwaryBhagwan pur, RoorkeeDistt: Haridwar (UK)",Test for Dissolution? & content of Metoprolol Succinate in the Assay,State Lab Karnataka,portal,2024-12_all_nsq.json,109
2024-12,central,nsq,Hydroxychloroqui ne Sulphate Tableta IP 200 mg (QUEENJAJ 200),HCQ19K23,Nov-2023,Oct-2026,"M/s. Bajaj Healthcare Ltd., R.S. No. 1818, Manjusar - Savli Road, At & Post - Manjusar, Tal. Savli, Dist. Vadodra - 391775, Gujarat, India.","""Related substances""",CDTL Mumbai,portal,2024-12_all_nsq.json,110
2024-12,central,nsq,Cefotaxime Sodium Injection IP 1 g,DP24029,Apr-2024,Mar-2026,"M/s. Bengal Chemicals & Pharmaceuticals Ltd., At-620, Diamond Harbour Road, Behala Indl. Estate, Kolkata- 700034.","Test of Clarity of solution, Particulate matter",CDL Kolkata,portal,2024-12_all_nsq.json,111
2024-12,central,nsq,Omeprazole Lyophilized Powder for Injection (I.V) (OMERA 40mg Lyophilized Powder for Injection ),0ZI2415AC,Jun-2024,May-2026,"M/s. CELON LABORATORIES PVT. LTD., Plot No-2, ALEAP Industrial Estate, Gajularamaram, Medchal District-500 090, Telangana State, India",Test of Water by KF,CDL Kolkata,portal,2024-12_all_nsq.json,112
2024-12,central,nsq,Cold Plus Syrup (Cold Plus Syrup),4EL02283,Sep-2024,Aug-2027,"M/s. Ciron Drugs & Pharmaceuticals Pvt. Ltd., N- 118,119,113,119/1, 119/2 & 118/1, M.I.D.C., Tarapur, Boisar, Dist-Palghar- 401506, Maharashtra",Assay of Phenylephrine Hydrochloride,CDL Kolkata,portal,2024-12_all_nsq.json,113
2024-12,central,nsq,Tranexamic Acid Tablets IP 500 mg (Clip 500 ),054A003,Jan-2024,Dec-2025,"M/s. FDC Limited L-56 & L-57, Phase-II-D Verna Industrial Estate, Verna-403722, Salcete, Goa",Related Substances,CDL Kolkata,portal,2024-12_all_nsq.json,114
2024-12,central,nsq,Lignocaine Hydrochloride Gel IP 5% w/v (30 g),G406,Sep-2024,Aug-2026,"M/s. Gnosis Pharmaceuticals Pvt. Ltd., Nahan Road, Village Moginand, Kala-Amb, Distt.Sirmour,H.P.-173030",pH,CDL Kolkata,portal,2024-12_all_nsq.json,115
2024-12,central,nsq,PANTOPRAZOL E GASTRO- RESISTANT TABLETS IP 40mg (PANTIN),GT24502A,Jun-2024,May-2027,"M/s. Hetero Healthcare limited, AIIDC Industrial Growth Centre, Changsari, Niz Sindurighopa (Village), Sila Sindurighopa (Mouza), Kamrup (Dist) Assam-781101",Dissolution of Buffer Stage,RDTL Guwahati,portal,2024-12_all_nsq.json,116
2024-12,central,nsq,Dexamethasone Sodium Phosphate Injection I.P.,119,Jun-2024,May-2026,"M/s. Hindustan Medicines Pvt. Ltd., BARAUNI-851112.","Free Dexamethasone, Particulate matter, Sterility, Extractable volume and Description",CDL Kolkata,portal,2024-12_all_nsq.json,117
2024-12,central,nsq,Amikacin Sulphate Injection I.P. (AmikaVen- 500 Injection),L-24A-23I,Jan-2024,Dec-2025,"M/s. Inmac Laboratories, Bangsipura-142033 (Pb)","Particulate mattter, Assay/content of Amikacin and Description",CDL Kolkata,portal,2024-12_all_nsq.json,118
2024-12,central,nsq,Bortezomib Injection IP (BORTEWIN 2 mg Injection),L24BZ08A7,Aug-2024,Jul-2026,"M/s. MEDION BIOTECH PVT.LTD., Village-Kaundi, Baddi, Solan, Himachal Pradesh, 173205",Assay of Bortezomib,RDTL Chandigarh,portal,2024-12_all_nsq.json,119
2024-12,state:DTL Chennai,nsq,Glimepiride Tablets IP 1mg,PGG24- 002,Jun-2024,May-2026,"Pondchy Pharmaceuticals, R.S.No.218/4, 218/5, Odiaampet, Manaveli Road, Villianur Commune, Puducherry, 605110.",Sample does not conform to IP specification for Glimepiride Tablets with respect to Dissolution.,DTL Chennai,portal,2024-12_all_nsq.json,120
2024-12,state:DTL Chennai,nsq,Amoxycillin Dispersible Tablets IP 125 mg,PGA24- 002,Mar-2024,Feb-2026,"Pondchy Pharmaceuticals, R.S.No.218/4, 218/5, Odiaampet, Manaveli Road, Villianur Commune, Puducherry, 605110.",Sample does not conform to IP Specification for Dispersible Tablets with respect to uniformity of Dispersion and Disintegration,DTL Chennai,portal,2024-12_all_nsq.json,121
2024-12,state:DTL Chennai,nsq,Megapure-TZ IU suspension,23L-162,Sep-2023,Aug-2025,"Prispag Pharma, Roomi, Jagraon - 142030.",Sample does not conform to label claim with respect to the content of Ciprofloxacin in Ciprofloxacin Hydrochloride and Tinidazole.,DTL Chennai,portal,2024-12_all_nsq.json,122
2024-12,state:DTL Madurai,nsq,Octenidine Dihydrochlordie Gel,PPKAC84,May-2023,Apr-2026,"Pure & Cure Healthcare Pvt Ltd, (A Subsidiary of Akums Drugs & Pharmaceuticals Ltd,) Plot No.26A,27-30, Sector - 8A,IIE, Sidcul, Haridwar- 249403. Uttarakhand.",Sample does not conform to label claim with respect to the content of Octenidine Dihydrochloride.,DTL Madurai,portal,2024-12_all_nsq.json,123
2024-12,state:DTL Chennai,nsq,Atorvastatin Tablets IP 10mg,A283,Apr-2024,Mar-2026,"Rikenbik Pharma, 113, SIDCO Industrial Estate, Ambattur, Chennai-600098.",Sample does not conform to IP Specification for Atorvastatin Calcium Tablets with respect to Dissolution.,DTL Chennai,portal,2024-12_all_nsq.json,124
2024-12,state:DTL Chennai,nsq,Amitriptyline Tablets IP 25mg,TA24159,Apr-2024,Mar-2026,"Saintlife Pharmaceuticals Ltd, 323, Central Hope Town, Industrial Area, Selaqui, Dehradun - 248 011, Uttarakhand, India",Sample does not conform to IP specification for tablets with respect to Definition.,DTL Chennai,portal,2024-12_all_nsq.json,125
2024-12,state:DTL Chennai,nsq,Dexamethasone Tablets IP 0.5mg,TA24036,Jan-2024,Dec-2025,"Saintlife Pharmaceuticals Ltd, 323, Central Hope Town, Industrial Area, Selaqui, Dehradun - 248 011, Uttarakhand, India",Sample does not conform to IP Specification for Dexamethasone Tablets with respect to the content of Dexamethasone.,DTL Chennai,portal,2024-12_all_nsq.json,126
2024-12,state:DTL Chennai,nsq,Dexamethasone Tablets IP 0.5mg,TA24035,Jan-2024,Dec-2025,"Saintlife Pharmaceuticals Ltd, 323, Central Hope Town, Industrial Area, Selaqui, Dehradun - 248 011, Uttarakhand, India",Sample does not conform to IP Specification for Dexamethasone Tablets with respect to the content of Dexamthasone.,DTL Chennai,portal,2024-12_all_nsq.json,127
2024-12,state:DTL Chennai,nsq,Retrazith-250,WT3927F,Mar-2024,Feb-2026,"Saphnix Life Sciences, Village- Barotiwala, Paonta Sahib,Distt, Siramour, Himachal Pradesh- 173025",Sample does not conform to IP specification for Azithromycin Tablets with respect to Dissolution and to the Content of Anhydrous Azithromycin Dihydrate.,DTL Chennai,portal,2024-12_all_nsq.json,128
2024-12,state:DTL Chennai,nsq,Peedon,P2409,May-2024,Apr-2026,"Sharing formulations Pvt Ltd, Plot No.41,G.I.D.C, Waghodia, Vadodara. 391760.",Sample does not conform to label claim with respect to the content of Available Iodine in Povidone-Iodine.,DTL Chennai,portal,2024-12_all_nsq.json,129
2024-12,"state:State Lab Drugs Control Laboratory, Telangana.",nsq,Pantoprazole Sodium Tabletes IP 40mg,P01824,Aug-2024,Jul-2026,"Spansules formulation India Pvt Ltd Sy. No. 172, Plot.No.154/A4 IDA Bollaram (V), Jinnaram (M), Sangareddy (D), Hyderabad Telangana",The sample Does not comply in respect of Dissolution Test as per IP.,"State Lab Drugs Control Laboratory, Telangana.",portal,2024-12_all_nsq.json,130
2024-12,state:DTL Chennai,nsq,Ondansetron Tablets IP 4 mg,320D2401,Apr-2024,Mar-2026,"SSM Formulations Private Limited, Survey No. 11/1, Mouza Ashti (Rith), Hinganghar (M.H), 442301",Sample does not conform to IP Specification for Ondansetron Tablets with respect to Dissolution.,DTL Chennai,portal,2024-12_all_nsq.json,131
2024-12,state:DTL Chennai,nsq,Clobium Suspension. Clobazam Oral Suspension BP 5mg,TYOL-047,Jul-2024,Jun-2026,"Tanmed Pharma (I) Pvt Ltd, No.1/429, Multi Industrial Nagar, Gerugambakkam, Chennai-600128",Sample does not conform to BP specification for Clobazam Oral Suspension with respect to Dissolution and to the content of Clobazam,DTL Chennai,portal,2024-12_all_nsq.json,132
2024-12,state:DTL Thiruvananthapuram,nsq,Amoxymoon CV-625 [Amoxycillin and Potassium Clavulanate Tablets IP],VT 241704,Oct-2024,Mar-2026,"VADSP Pharmaceuticals, Plot No.124, EPIP, Indl.Area, Phase-1, Jharmajri, Baddi (H.P) 174 103","It fails the tests ?Assay? and ?Dissolution? for Clavulanic Acid as per IP, as specified in the Laboratory Protocol .",DTL Thiruvananthapuram,portal,2024-12_all_nsq.json,133
2024-12,"state:State Lab Drugs Control Laboratory, Telangana.",nsq,"Vithrocin Suspension, Azithromycin Oral Suspension",AZ/L/01/40 09,Aug-2024,Jul-2026,"Vital Therapeutics & Formulations Pvt.Ltd . Plot No. 47b/2, Phase-1, IDA, Cherlapally, Medchal- Malkajgiri District - 500051, Telangana, INDIA. Telangana",As sample failed with respect to test in pH as per IP further product is MISBRANDED,"State Lab Drugs Control Laboratory, Telangana.",portal,2024-12_all_nsq.json,134
2024-12,"state:State Lab Drugs Control Laboratory, Telangana.",nsq,Pantacea 40 Tablets and Pantoprazole Gastro Resistant Tablets IP 40mg,PNTC3007,Nov-2023,Oct-2025,"Windlas Biotech Limited Plant-2, Khasra No. 141 to 143 & 145, MohabewalaIndl.area, Dehradun ? 248110 (U.K.) UTTARAKHAND Mrkt By: Panacea Life Sciences Limited, DCM Building, OffceNo.5, Seventh floor, 16 Barakhamba Road, Connauught place, New Delhi- 110001.",The sample Does not complies in respect of Dissolution Test as per IP.,"State Lab Drugs Control Laboratory, Telangana.",portal,2024-12_all_nsq.json,135
2025-01,state:State Lab Karnataka,nsq,Compound Sodium Lactate Injection I.P (Ringer?s Lactate I.P),03BF226 0,Oct-2023,Sep-2026,"M/s. Paschim Banga Pharmaceuticals, (A Unit of Farista Vanijya Pvt. Ltd), NH- 31, TIN MILE HAT, Sonapur HAT, PS. Chopra Dist. Uttar Dinajpur-733214 (W.B)",Test for Sterility,State Lab Karnataka,portal,2025-01_all_nsq.json,1
2025-01,state:State Lab Karnataka,nsq,Compound Sodium Lactate Injection I.P (Ringer?s Lactate I.P),03BF231 8,Dec-2023,Nov-2026,"M/s. Paschim Banga Pharmaceuticals, (A Unit of Farista Vanijya Pvt. Ltd), NH- 31, TIN MILE HAT, Sonapur HAT, PS. Chopra Dist. Uttar Dinajpur-733214 (W.B)",Bacterial Endotoxins Test? and ?Test for Sterility,State Lab Karnataka,portal,2025-01_all_nsq.json,2
2025-01,state:State Lab Karnataka,nsq,Compound Sodium Lactate Injection I.P (Ringer?s Lactate I.P),03BF225 6,Oct-2023,Sep-2026,"M/s. Paschim Banga Pharmaceuticals, (A Unit of Farista Vanijya Pvt. Ltd), NH- 31, TIN MILE HAT, Sonapur HAT, PS. Chopra Dist. Uttar Dinajpur-733214 (W.B)",Test for Sterility,State Lab Karnataka,portal,2025-01_all_nsq.json,3
2025-01,state:State Lab Karnataka,nsq,Compound Sodium Lactate Injection I.P (Ringer?s Lactate I.P),03BF232 8,Dec-2023,Nov-2026,"M/s. Paschim Banga Pharmaceuticals, (A Unit of Farista Vanijya Pvt. Ltd), NH- 31, TIN MILE HAT, Sonapur HAT, PS. Chopra Dist. Uttar Dinajpur-733214 (W.B)",Bacterial Endotoxin Test? and ?Test for Sterility,State Lab Karnataka,portal,2025-01_all_nsq.json,4
2025-01,state:State Lab Karnataka,nsq,Compound Sodium Lactate Injection I.P (Ringer?s Lactate I.P),03BP006 0,Sep-2023,Aug-2026,"M/s. Paschim Banga Pharmaceuticals, (A Unit of Farista Vanijya Pvt. Ltd), NH- 31, TIN MILE HAT, Sonapur HAT, PS. Chopra Dist. Uttar Dinajpur-733214 (W.B)",Test for Sterility,State Lab Karnataka,portal,2025-01_all_nsq.json,5
2025-01,state:State Lab Karnataka,nsq,Compound Sodium Lactate Injection I.P (Ringer?s Lactate I.P),03BF232 9,Dec-2023,Nov-2026,"M/s. Paschim Banga Pharmaceuticals, (A Unit of Farista Vanijya Pvt. Ltd), NH- 31, TIN MILE HAT, Sonapur HAT, PS. Chopra Dist. Uttar Dinajpur-733214 (W.B)",Bacterial Endotoxin Test? and ?Test for Sterility,State Lab Karnataka,portal,2025-01_all_nsq.json,6
2025-01,state:State Lab Karnataka,nsq,Compound Sodium Lactate Injection I.P (Ringer?s Lactate I.P),03BF221 0,Sep-2023,Aug-2026,"M/s. Paschim Banga Pharmaceuticals, (A Unit of Farista Vanijya Pvt. Ltd), NH- 31, TIN MILE HAT, Sonapur HAT, PS. Chopra Dist. Uttar Dinajpur-733214 (W.B)",Test for Sterility,State Lab Karnataka,portal,2025-01_all_nsq.json,7
2025-01,state:State Lab Karnataka,nsq,Compound Sodium Lactate Injection I.P (Ringer?s Lactate I.P),03BP012 0,Jan-2024,Dec-2026,"M/s. Paschim Banga Pharmaceuticals, (A Unit of Farista Vanijya Pvt. Ltd), NH- 31, TIN MILE HAT, Sonapur HAT, PS. Chopra Dist. Uttar Dinajpur-733214 (W.B)",Test for Sterility,State Lab Karnataka,portal,2025-01_all_nsq.json,8
2025-01,state:State Lab Karnataka,nsq,Compound Sodium Lactate Injection I.P (Ringer?s Lactate I.P),03BF234 2,Dec-2023,Nov-2026,"M/s. Paschim Banga Pharmaceuticals, (A Unit of Farista Vanijya Pvt. Ltd), NH- 31, TIN MILE HAT, Sonapur HAT, PS. Chopra Dist. Uttar Dinajpur-733214 (W.B)",Sterility Test?,State Lab Karnataka,portal,2025-01_all_nsq.json,9
2025-01,state:State Lab Karnataka,nsq,Compound Sodium Lactate Injection I.P (Ringer?s Lactate I.P),03BF225 4,Oct-2023,Sep-2026,"M/s. Paschim Banga Pharmaceuticals, (A Unit of Farista Vanijya Pvt. Ltd), NH- 31, TIN MILE HAT, Sonapur HAT, PS. Chopra Dist. Uttar Dinajpur-733214 (W.B)",Sterility Test,State Lab Karnataka,portal,2025-01_all_nsq.json,10
2025-01,state:State Lab Karnataka,nsq,Compound Sodium Lactate Injection I.P (Ringer?s Lactate I.P),03BF236 9,Dec-2023,Nov-2026,"M/s. Paschim Banga Pharmaceuticals, (A Unit of Farista Vanijya Pvt. Ltd), NH- 31, TIN MILE HAT, Sonapur HAT, PS. Chopra Dist. Uttar Dinajpur-733214 (W.B)",Bacterial Endotoxin Test,State Lab Karnataka,portal,2025-01_all_nsq.json,11
2025-01,state:State Lab Karnataka,nsq,Compound Sodium Lactate Injection I.P (Ringer?s Lactate I.P),03BP011 5,Dec-2023,Nov-2026,"M/s. Paschim Banga Pharmaceuticals, (A Unit of Farista Vanijya Pvt. Ltd), NH- 31, TIN MILE HAT, Sonapur HAT, PS. Chopra Dist. Uttar Dinajpur-733214 (W.B)",Test for Sterility and Bacterial Endotoxins Test,State Lab Karnataka,portal,2025-01_all_nsq.json,12
2025-01,state:State Lab Karnataka,nsq,Aceclofenac & Drotaverine Hydrochlori de Tablets (100 mg/ 80 mg),PRT2401 -01,Jan-2024,Dec-2025,"M/s. Regent Ajanta Biotech, 86-87, Village Makhiyali Dundi, Peerpura Road, Roorkee- 247667 (U.K)",Description,State Lab Karnataka,portal,2025-01_all_nsq.json,13
2025-01,state:State Lab Puducherry,nsq,"Paracetamo l, Phenylephri ne HCl, Caffeine & Diphenhydr amine HCl Tablets (CINKOLD)",SG034B0 3,Feb-2023,Jan-2025,"M/s. Sharun Pharmaceuticals Pvt Ltd.,R.S. NO: 195/9 & 197/4, Pangoor, Ariyur Revenue Village, Villianur, Puducherry-605102","NOTE:(i) On the received sample, Presence of Spot defect was observed which should not be present as per DCC Guidelines on Not Of Standard Quality (NSQ) Drugs Approved in 1993 (Annexure A) Tablets vide serial No.(i) Presence of Spot/discoloration. (ii)The label of the container in the drug is mentioned as 'Approved colour used' but the common name of the permitted colour used in the formulation as prescribed under rule 127 (2) of the drug rule was not mentioned. vel - NSQ",State Lab Puducherry,portal,2025-01_all_nsq.json,14
2025-01,state:DTL Thiruvananthapuram,nsq,Fexofenadin e Hydrochlori de Tab IP 180 mg [Fexodil- 180],T 3105,Oct-2024,Sep-2026,"Jackson Laboratories Pvt Ltd, 22-24, Majitha Road, Byepass, Amritsar -143 001",It fails the test ?Dissolution? as per IP,DTL Thiruvananthapuram,portal,2025-01_all_nsq.json,15
2025-01,state:State Lab Puducherry,nsq,BETAHISTI NE DIHYDROC HLORIDE TABLETS IP (Betahox- 8),T-18946,Feb-2023,Jan-2025,"M/s Jackson Laboratories Pvt Ltd., Plot No . 56 & 61, Industrial Area, Phase- III, Sansarpur Terrace, Distt. Kangra (H.P)-176501",On the received sample presence of spots were observed which should not be present As per DCC Guidelines on Not Of Standard Quality (NSQ) Drugs Approved in 1993 (Annexure A) Tablets vide serial No.(i) Presence of Spot/discolouration. - NSQ,State Lab Puducherry,portal,2025-01_all_nsq.json,16
2025-01,central,nsq,Vitamin B- Complex with Vitamin C and Zinc Capsules (Nutribest-Plus ),1724-226,May-2024,Oct-2025,"M/s. ZEE LABORATORIES LTD., Behind 47, Industrial Area, Paonta Sahib-173025",Assay of 'Cyanocobalami n' and 'Calcium Pantothenate',CDL Kolkata,portal,2025-01_all_nsq.json,17
2025-01,state:State Lab Puducherry,nsq,Thiamine Hydrochlori de Tablets IP 100mg (KTHAMINE -100),ZRST- 1361,Aug-2024,Jan-2026,"M/s. ZRS PHARMACEUTICALS INDIA PVT LTD., Khasra No 48, 490/3,562/489/1, Opposite Sector-6, Tehsil Kasauli, Parwanoo, Solan, HP-173220","(i) On the received sample, Presence of Spot defect was observed which should not be present as per DCC Guidelines on Not Of Standard Quality (NSQ) Drugs Approved in 1993 (Annexure A) Tablets vide serial No.(i) Presence of Spot/discoloration. (ii)The label of the container in the drug is mentioned as 'Approved colour used' but the common name of the permitted colour used in the formulation as prescribed under rule 127 (2) of the drug rule was not mentioned. (iii) The label claim of the drug states 'Thiamin hydrochloride IP 100mg' instead of ' Thiamine Hydrochoride IP 100mg' but the proper name of the drug should be written as prescribed under 96(1),(i)(A) of The Drugs and Cosmetics Act. (iv) The label claim of the received sample states Thiamin Hydrochloride IP 100mg whereas in the IP monograph, The usual strength of the thiamine tablet is stated as 5mg, 10mg, 50mg. Hence,the Strength of the sample received does not match the usual strength as mentioned in the IP monograph. - NSQ",State Lab Puducherry,portal,2025-01_all_nsq.json,18
2025-01,central,nsq,Cefixime and Lactic Acid Bacillus Tablets (CEFIZOC-200 LB TABLETS),BT-240511,May-2024,Apr-2026,"A.N.D. HEALTHCARE LTD, Plot No. C-24, Focal Point, Kurali, Mohali- 140103",Assay of Lactic Acid Bacillus,RDTL Chandigarh,portal,2025-01_all_nsq.json,19
2025-01,central,nsq,Montelukast Sodium and Levocetirizine Hydrochloride Dispersible Tablets (ROMILAST® L 4),18RT2401,Apr-2024,Sep-2026,"Adnova Healthcare Pvt. Ltd. 156, 157 A, Siddhi Industrial Infrastructure Park, Waghodia, Vadodara - 391760, Gujarat",Description and Uniformity of dispersion,CDTL Indore,portal,2025-01_all_nsq.json,20
2025-01,central,nsq,Itraconazole Capsules IP 100 mg,CTA-01,Feb-2024,Jan-2026,"Agron Remedies Pvt. Ltd., Sarverkhera, Moradabad Road, Kashipur-244713 (Uttarakhand)",Dissolution,RDTL Guwahati,portal,2025-01_all_nsq.json,21
2025-01,central,nsq,Diclofenac Sodium Injection IP (AL- DICLO),A-1694,Feb-2024,Jan-2026,"ALCHEMIST REMEDIES PVT. LTD., 133-139, Industrial Estate, At13, Road, Dewas","pH , Sterility, Particulate Matter, and Assay",RDTL Guwahati,portal,2025-01_all_nsq.json,22
2025-01,state:DTL Thiruvananthapuram,nsq,Ondem-4 [Ondansetro n Tablets IP],2444145 1,Apr-2024,Mar-2026,"Alkem Health Science, Unit -2, Samardung, Karek Block, P.O Namthang District Namchi, Sikkim ? 737 137",It fails the test dissolution specified in the Laboratory Protocol as per IP,DTL Thiruvananthapuram,portal,2025-01_all_nsq.json,23
2025-01,state:DTL Chennai,nsq,Lucos-LM kid suspension,AMS2341 6,Dec-2023,Nov-2025,"Alop Med-Sciences Pvt Ltd, Shamti, Solan-173212.H.P",Sample does not conform to Label claim with respect to the content of Levocetirizine Hydrochloride and Montelukast in Montelukast Sodium.,DTL Chennai,portal,2025-01_all_nsq.json,24
2025-01,state:DTL Thiruvananthapuram,nsq,Paradolo 500 [Paracetam ol Tab IP 500 mg],AGT4055 4,May-2024,Apr-2027,"Alventa Pharma Ltd, Vill, Kishanpura, Baddi-Nalagarh Road, Tehsil, Baddi, Distt. Solan (HP) 174 101",It fails the test ?Dissolution? as per IP,DTL Thiruvananthapuram,portal,2025-01_all_nsq.json,25
2025-01,central,nsq,Itraconazole Capsules (Trax - 200),AFC - 102,May-2024,Apr-2026,"APEX FORMULATIONS PVT. LTD., 1276, Rajpur Ahmedabad- Mehsana Highway, Dist. Mehsana, Gujarat.",Dissolution,CDTL Mumbai,portal,2025-01_all_nsq.json,26
2025-01,central,nsq,Enteric Coated Rabeprazole Sodium And Domperidone Sustained Release Capsules (Dorab SR Capsules),AFC - 111,Aug-2024,Jul-2026,"APEX FORMULATIONS PVT. LTD., 1276, Rajpur Ahmedabad- Mehsana Highway, Dist. Mehsana, Gujarat.",Dissolution for Domperidone,CDTL Mumbai,portal,2025-01_all_nsq.json,27
2025-01,state:DTL Madurai,nsq,Sucnol-O Suspension,SCI-2305,Nov-2023,Oct-2025,"Apple Formulations Pvt Ltd, Plot No.208, Kidhsnpur, Roorkee-247667(U.K)",Sample does not conform to Label Claim with respect to the content of Oxetacaine,DTL Madurai,portal,2025-01_all_nsq.json,28
2025-01,state:DTL Madurai,nsq,Mupirocin Ointment IP,DC2437,Mar-2024,Aug-2025,"Arius Formulation Private Limited, R.S.No.141/1, Groud floor, Navarkulam Main Road, Pattanur, Tamilnadu - 605101",Sample does not conform to IP Specification for Mupirocin Ointment with respect to the content of Mupirocin,DTL Madurai,portal,2025-01_all_nsq.json,29
2025-01,central,nsq,Aceclofenac Tablets IP 100 mg,T042304,Nov-2023,Apr-2025,"Bengal Chemicals & Pharmaceuticals Ltd., (A Govt. of India Enterprise) at 11, W.E.A. Faridabad - 121001 (Haryana)",Related substances and Assay of Aceclofenac,CDTL Mumbai,portal,2025-01_all_nsq.json,30
2025-01,state:DTL Chennai,nsq,"Ttocin Ointment, Mupirocin with Tea Tree Oil Ointment",MVO-070,Oct-2024,Sep-2026,"Bonn Schetering Bio Sciences, Plot No.64 & 65, 1st Floor, Electronic park, Thirubuvanai, Mannadipet Commune, Puducherry, 605107.",Sample does not conform to label claim with respect to the content of mupirocin.,DTL Chennai,portal,2025-01_all_nsq.json,31
2025-01,central,nsq,Paracetamol Oral Suspension BP (100 ml) 120 mg/ 5 ml,ZA23019,Jul-2023,Jun-2026,"Brussels Laboratories Pvt. Ltd., 33, Changodar Ind. Estate, Sarkhej Bavla Road, Changodar Ahmedabad - 382 210, (Gujarat)",Assay of Paracetamol,CDTL Mumbai,portal,2025-01_all_nsq.json,32
2025-01,central,nsq,Ciprofloxacin Injection IP,LV4210,Mar-2024,Feb-2026,"Captab Biotec, Unit- II, Plot No. 125, E.P.I.P.Road, Mauja, Jharmajri, Baddi, Distt. Solan (H.P.)- 1732025",In test of Lactic Acid per mg of Ciprofloxacin,RDTL Chandigarh,portal,2025-01_all_nsq.json,33
2025-01,state:DTL Chennai,nsq,Ketoya Soap,MO26,Aug-2024,Jul-2026,"Elegant Cosmed Pvt Ltd, Plot No.32&33, G.I.D.C, Rajkot, Kuvadva - 360023,Gujarat,",sample does not conform to label claim with respect to the content of Ketoconazole,DTL Chennai,portal,2025-01_all_nsq.json,34
2025-01,state:DTL Chennai,nsq,B&B Beaute Blanc Hair Colour Conditioner Natural Black,2201202 4,Jan-2024,Jan-2027,"Gabt Co Ltd, Guanzhou, China.","The sample is found to contain m- phenylenediamine which must not form part of the conposition of cosmetics products as per BIS specification 4707 (Part 2): 2017, under Annex A (clauses 1,2 and 3.1), serial No.1198.",DTL Chennai,portal,2025-01_all_nsq.json,35
2025-01,"state:State Lab Drugs Control Laboratory, Telangana.",nsq,Cefpodoxim e & Potassium Clavulanate Tablets,BPT- 3003,,,"Mfg By: Geenac Pharma Plot No: 582, Raipur, Bhagwanpur, Roorkee, Uttarakhand-247667. Uttarakhand. . Mrkt: Wellnow Healthcare Kanal Industrial Estate, Road No. 6, Borivali East, Mumbai - 400 066.",NOT OF STANDARD QUALITY The sample does not meets the Specifications wrt. Identification test - and Assay - for Cefpodoxime and Clavulanic Acid as per STP. U/S. 17 B of Drugs and Cosmetics Act 1940. The Sample is deemed to be Spurious Drug.,"State Lab Drugs Control Laboratory, Telangana.",portal,2025-01_all_nsq.json,36
2025-01,state:DTL Chennai,nsq,Nyomi Fruit Vinegar Black Hair Gel Colour,2024071 2,Jul-2024,Jul-2027,"Guangzhou Aocai Bio- Technology Co. Ltd, Address. Building D.No.10, Shi Longgang Industry, Chang Yaoling Village, Zhong Luotan Town, Guangzhou, China.",Sample does not conform to BIS Specification for Oxidation Hair dye with respect to the content of Phenyl Methyl Pyrazole.,DTL Chennai,portal,2025-01_all_nsq.json,37
2025-01,state:King Institute Chennai,nsq,Gentamicin Injection IP- 2ml,HLI615F,Jun-2024,May-2026,"Himalaya Meditek Private Ltd, Plot.No 35&36 Pharmacity, Selaquri Industrial Ara, Dehradun - 248 197",sample does not Conform to the requirement for PH,King Institute Chennai,portal,2025-01_all_nsq.json,38
2025-01,state:King Institute Chennai,nsq,Gentamicin Injection IP- 2ml,HLI623F,Jun-2024,May-2026,"Himalaya Meditek Private Ltd, Plot.No 35&36 Pharmacity, Selaquri Industrial Ara, Dehradun - 248 197",sample does not Conform to the requirement for PH,King Institute Chennai,portal,2025-01_all_nsq.json,39
2025-01,state:King Institute Chennai,nsq,Gentamicin Injection IP- 2ml,HLI628F,Jun-2024,May-2026,"Himalaya Meditek Private Ltd, Plot.No 35&36 Pharmacity, Selaquri Industrial Ara, Dehradun - 248 197",sample does not Conform to the requirement for PH,King Institute Chennai,portal,2025-01_all_nsq.json,40
2025-01,state:DTL Madurai,nsq,Aspirin Tablets,TAS2301 0AL,Oct-2023,Sep-2025,"Hindustan Laboratories Limited, Plot No, 5-9, Survey NO.38/2, Aliyali, Palghar (W), Dist. Palghar 4041404(MS)",Sample does not conform to IP Specification for Aspirin Tablets with respect to the content of Aspirin.,DTL Madurai,portal,2025-01_all_nsq.json,41
2025-01,state:DTL Madurai,nsq,Lukus,G198,Jun-2024,May-2026,"INDKUS Biotech India, Vill manuja rampur jattan, Moginand, Kala amb, Sist.sirmour (HP) - 173001",Sample does not conform to IP specification for Luliconazole Cream with respect to the content of Luliconazole,DTL Madurai,portal,2025-01_all_nsq.json,42
2025-01,state:DTL Chennai,nsq,Podine-M,PM 04,Apr-2024,Mar-2026,"Karlin Pharmaceuticals & Exports Private Limited, No.2/140, Indira Nagar, Valasaravakkam, Chennai - 600087",sample does not conform to label claim with respect to the content of available iodine in povidone iodine,DTL Chennai,portal,2025-01_all_nsq.json,43
2025-01,"state:State Lab Drugs Control Laboratory, Telangana.",nsq,Ondansetro n orally disintegratin g tablets IP 4 mg,T-15842,,,"Mfg By: Karnani Pharmaceuticals Pvt.Ltd, fact:38 Pharma city, Selaqui Dehradun - 248 011. Uttarakhand.","NOT OF STANDARD QUALITY While opening the strip, it is found that the tablets are not in intact condition. Received 50 tablets, out of 50 tablets, 40 tablets are not in intact condition. Hence sample is of Not of Standard Quality with respect to Description test parameter.","State Lab Drugs Control Laboratory, Telangana.",portal,2025-01_all_nsq.json,44
2025-01,state:DTL Thiruvananthapuram,nsq,Vitamin B Complex Tablets NFI,S0016/24 -25,,,"Kerala Medical Services Corporation Ltd, Thycaud P.O, Thiruvananthapuram-14",The sample does not conform to IP standards with respect to ?Descriptive Part? for tablets.,DTL Thiruvananthapuram,portal,2025-01_all_nsq.json,45
2025-01,state:DTL Thiruvananthapuram,nsq,Glimepiride Tablet IP 1 mg,D2721/24 -25,,,"Kerala Medical Services Corporation Ltd, Thycaud P.O, Thiruvananthapuram-14",The sample does not conform to IP standards with respect to ?Descriptive Part? for tablets.,DTL Thiruvananthapuram,portal,2025-01_all_nsq.json,46
2025-01,state:DTL Thiruvananthapuram,nsq,Glimepiride Tablet IP,D2854/24 -25,,,"Kerala Medical Services Corporation Ltd, Thycaud P.O, Thiruvananthapuram-14",The sample does not conform to IP standards with respect to ?Descriptive Part? for tablets.,DTL Thiruvananthapuram,portal,2025-01_all_nsq.json,47
2025-01,state:DTL Thiruvananthapuram,nsq,Cetirizine Syrup IP,CE3010,Sep-2023,Aug-2025,"Kerala State Drugs and Pharmaceuticals Limited, Kalavoor .P.O, Alappuzha -688 522",It fails the test ?Assay? as per IP,DTL Thiruvananthapuram,portal,2025-01_all_nsq.json,48
2025-01,state:DTL Thiruvananthapuram,nsq,Cetirizine Syrup IP,CE 3008,Sep-2023,Aug-2025,"Kerala State Drugs and Pharmaceuticals Limited, Kalavoor .P.O, Alappuzha -688 522",It fails the test Assay and content of packaged dosage forms specified in the laboratory protocol as per IP,DTL Thiruvananthapuram,portal,2025-01_all_nsq.json,49
2025-01,state:DTL Thiruvananthapuram,nsq,Cetirizine Syrup IP,CE4019,May-2024,Apr-2026,"Kerala State Drugs and Pharmaceuticals Limited, Kalavoor .P.O, Alappuzha -688 522",It fails the tests Microbial contamination in non- sterile products as per IP,DTL Thiruvananthapuram,portal,2025-01_all_nsq.json,50
2025-01,central,nsq,Dmex Colecalciferol (Vitamin D3) Tablets B.P.,4D077301,Sep-2023,Aug-2026,"M/s Aeron Lifesciences Pvt Ltd, Kathwada, Ahmedabad as per the Investigation Report",Assay of Cholecalciferol,CDL Kolkata,portal,2025-01_all_nsq.json,51
2025-01,central,nsq,Rabeprazole Sodium (as enteric coated) & Domperidone (As Sustained Release) Capsules (Rabito-DSR),RTD.23010 5,Aug-2023,Jul-2025,"M/s Cartel Laboratories, 10/A, 11/A, Chengicherla, Medchal-Malkajgiri (Dist.), Hyderabad-92",Assay of Rabeprazole Sodium,RDTL Guwahati,portal,2025-01_all_nsq.json,52
2025-01,state:State Lab Puducherry,nsq,Mecobalami n Sublingual Tablets 1500 mcg (Re- Xite BTX),D240601 9,Jun-2024,May-2026,"M/s LINUX LIFE SCIENCES PVT LTD., R.S. No.241/1 & 241/5, Kalitheerthalkuppam, Madagadipet Post, Mannadipet commune,Puducherry- 605 107, India.","On the received sample, Presence of Spot defect was observed which should not be present as per DCC Guidelines on Not Of Standard Quality (NSQ) Drugs Approved in 1993 (Annexure A) Tablets vide serial No.(i) Presence of Spot/discoloration.- NSQ",State Lab Puducherry,portal,2025-01_all_nsq.json,53
2025-01,state:State Lab Puducherry,nsq,Amoxycillin Trihydrate Capsules (RIMOXIN),RIX-040,Jan-2024,Dec-2025,"M/s RIPPON LABORATORIES No.44,45, Pazaniyappa Nagar, Othiyampet, Villianur, Puducherry-605 110","The sample received is labelled as AMOXYCILLIN TRIHYDRATE CAPSULES , however AMOXYCILLIN TRIHYDRATE CAPSULES is an official IP monograph (2022) hence should be labelled as AMOXYCILLIN TRIHYDRATE CAPSULES IP.- Label issue",State Lab Puducherry,portal,2025-01_all_nsq.json,54
2025-01,state:State Lab Puducherry,nsq,Cefpodoxim e Proxetil Tablets IP 200 MG (RIZDOX- 200),VCT/129,Aug-2023,Jul-2025,"M/s Vats Biotech Pvt Ltd,(An ISO 9001:2015 GMP,GLP Certified co) Vill.Kailar, P.O. Saproon, Teh & Distt Solan- 173 211 (H.P)","On the received sample Discoloration,rough surface and picking defects were observed which should not be present As per DCC Guidelines on Not Of Standard Quality (NSQ) Drugs Approved in 1993 (Annexure A) Tablets vide serial No.(i) Presence of Spot/discoloration (iv)Picking and (vii)Rough surface. - NSQ",State Lab Puducherry,portal,2025-01_all_nsq.json,55
2025-01,state:State Lab Puducherry,nsq,"Paracetamo l, Cetirizine Hydrochlori de & Phenylephri ne Hydrochlori de Tablets (WINCOLD Z)",WNZT- 3240,Nov-2023,Oct-2026,"M/s Wings Biotech LLP., 43 & 44, HPSIDC, Industrial Area, Baddi-173 205 (H.P)",On the received sample presence of spots were observed which should not be present As per DCC Guidelines on Not Of Standard Quality (NSQ) Drugs Approved in 1993 (Annexure A) Tablets vide serial No.(i) Presence of Spot/discoloration - NSQ,State Lab Puducherry,portal,2025-01_all_nsq.json,56
2025-01,central,nsq,Levocetirizine Hydrochloride & Montelukast Sodium Tablets IP (Montura-L),ZT23547C,Nov-2024,Oct-2025,"M/s Zenon Lifesciences Pvt. Ltd., Survey-no. 343/P, Bavla Sanand Highway, Modasar, Ahmedabad, Gujarat, INDIA 382220",Dissolution of Montelukast,RDTL Guwahati,portal,2025-01_all_nsq.json,57
2025-01,"state:State Lab Drugs Control Laboratory, Telangana.",nsq,Retibak (0.2% Retinol) Face Serum,AHO2400 48,Jul-2024,,"Mfg By: M/s. Aarohee healthcare Private Ltd, Sy.No. 751 & 757 Burgula (V), Farooq Nagar (M), Rangareddy District. Manufactured for : M/s. Origo cosmeceuticals Pvt.Ltd., . Marketed By: Cosmonova Medicare Pvt. Ltd., No. 18/5(A), 1st main S.R. Nagar, Richmond Road, Bangalore - 560 027.",NOT OF STANDARD QUALITY Sample does not meets the specifications wrt. To identification test for Retinol as per STP.,"State Lab Drugs Control Laboratory, Telangana.",portal,2025-01_all_nsq.json,58
2025-01,central,nsq,Ofloxacin Ophthanmic Solution IP (Ocuex Eye Drops),ED4648,Nov-2024,Oct-2026,"M/s. Captab Biotec, Unit-II, Plot No. 125, E.P.I.P. Road, Mauja, Jharmajri, Baddi, Dist. Solan (H.P.)- 173205",Assay of Ofloxacin,CDL Kolkata,portal,2025-01_all_nsq.json,59
2025-01,central,nsq,Metoclopramide Injection BP,4EC038092,Aug-2024,Jul-2027,"M/s. Ciron Drugs & Pharmaceuticals Pvt. Ltd., N-118/119, M.I.D.C., Tarapur, Boisar, Dist-Palghar- 401506",Description and Particulate Contamination,CDL Kolkata,portal,2025-01_all_nsq.json,60
2025-01,central,nsq,Metformin Hydrochloride Sustained Release Tablets I.P. 500mg (Conmet SR- 500),C21D93400 3,Jun-2024,May-2027,"M/s. Concept Pharmaceuticals Ltd., A-28/3, MIDC, Chikalthana, Aurangabad-431006",Dissolution,CDL Kolkata,portal,2025-01_all_nsq.json,61
2025-01,central,nsq,"Ambroxol HCL, Levosalbutamol sulphate and Guaiphenesin Drops (Breath- LS Drops )",HBD 2403,Apr-2024,Mar-2026,"M/s. HIPPO LABS PVT. LTD, Plot No- 17, R. G. Nagar, IDA, Prashanthi Nagar, Kukatpally, Hyderabad-72",Description,CDL Kolkata,portal,2025-01_all_nsq.json,62
2025-01,central,nsq,Cefixime & Ofloxacin Tablets (CEPHAFLU- 400),CT5853A,Mar-2024,Feb-2026,"M/s. J.M.LABORATORIES Village-Bhanat, P.O.- Ghatti, Subathu Road, Solan (HP)- 173211",Assay of Cefixime,CDL Kolkata,portal,2025-01_all_nsq.json,63
2025-01,state:DTL Chennai,nsq,Nozal Cream,3447,Mar-2024,Feb-2026,"Olcare Laboratories, 505/A, G.I,D.C, Estate, Wadhwancity- 363035. Dist. Surendranagar- (GUJ)",Sample does not conform to BP Specification for Ketoconazole Cream with respect to the content of Ketoconazole.,DTL Chennai,portal,2025-01_all_nsq.json,64
2025-01,state:DTL Chennai,nsq,Nozal,4246,Oct-2024,Sep-2026,"Olcare Laboratories, 505/A, G.I,D.C, Estate, Wadhwancity- 363035. Dist. Surendranagar- (GUJ)",Sample does not conform to BP Specification for Ketoconazole cream with respect to the content of Ketoconazole,DTL Chennai,portal,2025-01_all_nsq.json,65
2025-01,state:DTL Chennai,nsq,Spironolacto ne Tablets IP,T- 2403993,Mar-2024,Feb-2026,"Oscar Remedies Pvt. Ltd, Oscar House, Badi Majra, Yamuna Nagar(HR) - 135001",Sample does not conform to IP specification for Spironolactone Tablets with respect to Dissolution,DTL Chennai,portal,2025-01_all_nsq.json,66
2025-01,state:DTL Chennai,nsq,Amoxycillin Dispersible Tablets IP 125 mg,PGA24- 001,Jan-2024,Dec-2025,"Pondchy Pharmaceuticals, R.S.No.218/4, 218/5, Odiaampet, Manaveli Road, Villianur Commune, Puducherry, 605110.",Sample does not conform to IP Specification for Dispersible Tablets with respect to uniformity of Dispersion and Disintegration,DTL Chennai,portal,2025-01_all_nsq.json,67
2025-01,state:DTL Chennai,nsq,Amoxycillin Dispersible Tablets IP 125 mg,PGA24- 006,Aug-2024,Jul-2026,"Pondchy Pharmaceuticals, R.S.No.218/4, 218/5, Odiaampet, Manaveli Road,Villianur Commune, Puducherry, 605110.",Sample does not conform to IP Specification for Dispersible Tablets with respect to uniformity of Dispersion and Disintegration,DTL Chennai,portal,2025-01_all_nsq.json,68
2025-01,central,nsq,Hyoscine Butylbromide Tablets IP (BUSCOPRIME -10 TABLETS),PT-102441,Oct-2024,Sep-2026,"Primus Pharmaceuticals, Sadhoura Road, Mouza Ogli Khari Vill Asgarpur Majra, Kala Amb, Dist. Sirmour- (H.P.) 173030",Assay of Hyoscine Butylbromide,RDTL Chandigarh,portal,2025-01_all_nsq.json,69
2025-01,central,nsq,"Aceclofenac, Paracetamol and Serratiopeptidas e Tablets (ST- SP Tablets)",NBT- 240624,Nov-2024,Oct-2026,"Soft Touch Pharmaceuticals India Lt., Plot No. 8, Industrial Area, Waknaghat, Distt. Solan (H.P.)-173234",Assay of Aceclofenac and Paracetamol,RDTL Chandigarh,portal,2025-01_all_nsq.json,70
2025-01,central,nsq,Ramipril Tablets IP 5 mg,TPT- 0102040,,,"Tanpal Pharmaceuticals, D- 12-13, Focal Point, Nabha-147201",Assay of Ramipril,RDTL Chandigarh,portal,2025-01_all_nsq.json,71
2025-01,central,nsq,Iron Sucrose Injection USP 100mg/5ml,24RS04,Jan-2024,Dec-2025,"M/s. SAI Parenterals Limited, D1 & D4, Survey No.280, Phase-V, IDA, Jeedimetla, Hyderabad- 500055.TS",pH,CDL Kolkata,portal,2025-01_all_nsq.json,72
2025-01,central,nsq,Iron Sucrose Injection USP 100mg/5ml,24RS08,Feb-2024,Jan-2026,"M/s. SAI Parenterals Limited, D1 &D4, Survey No.280, Phase-V, IDA, Jeedimetla, Hyderabad- 500055.TS",pH,CDL Kolkata,portal,2025-01_all_nsq.json,73
2025-01,central,nsq,Ticagrelor Tablets IP 90 mg (Tigamon 90),MT230087,Nov-2023,Oct-2026,"M/s. MONIQUE PHARMACEUTICAL S PVT. LTD., Plot No-676, Sector-69, IMT, Faridabad, Haryana-121004",Dissolution,CDL Kolkata,portal,2025-01_all_nsq.json,74
2025-01,central,nsq,"Calcium Aspartate, Calcium Orotate, Calcitriol, Minerals And Vitamins Tablets",EZF-1989,Jul-2024,Dec-2026,"M/s. Overseas Healthcare Pvt. Ltd., 335 Km Milestone, National Highway No.1, P.O. Box-25, Phillaur-144410 (Pb)",Assay/content of 'Calcitriol' and 'Zinc',CDL Kolkata,portal,2025-01_all_nsq.json,75
2025-01,central,nsq,Monopropylene Glycol USP,9971702044,Apr-2024,Apr-2026,"M/s. Shell Eastern Chemicals, the Metropolis Tower 1, 9, North Buona Vista Drive#0701, Singapore-138588",Water,CDL Kolkata,portal,2025-01_all_nsq.json,76
2025-01,central,nsq,Diclofenac Sodium Injection I.P (DEPAIN-75),SNDA23801,Aug-2023,Jul-2025,"M/s. Srinija Parenterals, D.No. 283, Doctors Estate, Perecherla 522 009",pH,CDL Kolkata,portal,2025-01_all_nsq.json,77
2025-01,central,nsq,Gentamicin Injection I.P. 30 ml,GM-19,Apr-2024,Mar-2026,"M/s. New Lab Industry, Ramnagar, Kurthoul, Patna","SPURIOUS Particulate Matter, Extractable Volume, Composition of Gentamicin Sulphate, Identification and Assay of Gentamicin Sulphate and Description",CDL Kolkata,portal,2025-01_all_nsq.json,78
2025-01,central,nsq,Dexamethasone Sodium Phosphate Injection (Dexamethason e 30ml),DX-18,Apr-2024,Mar-2026,"M/s. New Lab Industry, Ramnagar, Kurthoul, Patna","SPURIOUS pH, Extractable volume, Particulate matter, Sterility, Identification and Assay of Dexamethasone Sodium Phosphate and Description",CDL Kolkata,portal,2025-01_all_nsq.json,79
2025-01,central,nsq,Calcium Gluconate Injection I.P. 10% w/v (REOCAL),CG-386,Mar-2024,Feb-2026,"M/s. Rathi Laboratories(Hindust an) Pvt. Ltd., Industrial Area, Patna-800013","pH, Particulate matter, Sterility and Description",CDL Kolkata,portal,2025-01_all_nsq.json,80
2025-01,central,nsq,Sodium Chloride and Glycerine Sterile Diluent for fowl pox vaccine and its combinations for wing web application,ACF24159,Nov-2024,Oct-2026,"M/s. Safe Parenterals Pvt. Ltd. Gollapadu 522408, Palnadu Dist, Andhra Pradesh, India","Description, Appearance of solution and Particulate matter",CDL Kolkata,portal,2025-01_all_nsq.json,81
2025-01,central,nsq,Ofloxacin & Ornidazole Tablets IP (Zeof-O),SCZAG230 07,Jun-2023,Nov-2025,"M/s. Sano-Cito Therapeutics Inc., Vill. Loharan, P.O. Ghatti, Solan-173211 (H.P.)",Dissolution,CDL Kolkata,portal,2025-01_all_nsq.json,82
2025-01,central,nsq,Clobazam Tablets IP 5 mg,TPT-012058,Jan-2024,Dec-2026,"M/s. Tanpal Pharmaceuticals, D- 12-13, Focal Point, Nabha-147 201",Dissolution,CDL Kolkata,portal,2025-01_all_nsq.json,83
2025-01,central,nsq,Cefuroxime Axetil Tablets IP 500 mg,4617001,May-2024,Apr-2026,"M/s. Bengal Chemicals and Pharmaceuticals Ltd., 164, Maniktala Main Road, Kolkata-700 054",Dissolution,CDL Kolkata,portal,2025-01_all_nsq.json,84
2025-01,central,nsq,Tramadol Hydrochloride Injection 50 mg/ml (Tramacop ),RP-04,Jul-2023,Jun-2025,"M/s. Bio Medica Laboratories Pvt. Ltd., 254, Sector-F, Sanwer Road, Industrial Area, Indore-452015",'Acidity or Alkalinity' and 'Assay of Tramadol',CDL Kolkata,portal,2025-01_all_nsq.json,85
2025-01,central,nsq,Non-Sterile Not for Intravenous Administration Concentrated Acidic Solution,BT229,Jul-2024,Jun-2025,"M/s. Bio Tech Formulation, Block A- 10, Plot No-136, D.No. 17-65, Penamaluru Mandal, New Autonagar, Kanuru, Vijayawada- 520007","Appearance of solution, assay of sodium, potassium, calcium, magnesium and total chloride. Particulate contamination and description",CDL Kolkata,portal,2025-01_all_nsq.json,86
2025-01,central,nsq,Rabeprazole Sodium Injection I.P.,MD23H13,Aug-2023,Jul-2025,"M/s. Martin & Brown Bio-Sciences Pvt. Ltd., K. No. 918/419, Malkumajra, Nalagarh Road, Baddi, Dist- Solan (H.P.)-173205","pH, Water, Clarity of Solution, Particulate matter and Assay of Rabeprazole Sodium",CDL Kolkata,portal,2025-01_all_nsq.json,87
2025-01,central,nsq,HYPODERMIC SYRINGE WITH NEEDLE (Nusafe 2ml),2407154,Jul-2024,Jun-2029,"NUBENO HEALTHCARE PRIVATE LIMITED, Plot No. 10A, Sector23, Mihan Nagpur- 441108",Sterility,RDTL Guwahati,portal,2025-01_all_nsq.json,88
2025-01,central,nsq,Amlodipine Tablets IP 5 mg (Systogan-5),CT062,Aug-2024,Jul-2026,"Ryzer Pharmaceutical Pvt. Ltd., Plot No. 901, Dholakuva, Mansa, Gandhinagar, Gujarat- 382845.",Related substances,CDTL Mumbai,portal,2025-01_all_nsq.json,89
2025-01,central,nsq,Lorazepam Tablets IP 1 mg (PROLINE - 1),06P23T03,Aug-2023,Apr-2027,"Shine Pharmaceuticals Limited., Plot No. 132, Karjan-Vermardi Road, Juni Jitherdi, Ta. Karjan- 391240, Dist : Vadodara, (Gujarat)",Assay,CDTL Mumbai,portal,2025-01_all_nsq.json,90
2025-01,central,nsq,Fexofenadine Hydrochloride Tablets I.P. 120 mg.,UGT231163,Aug-2023,Jul-2025,"Unimarck Healthcare Ltd., Plot No.: 24, 25 & 37 Sector 6A, SIDCUL, Haridwar - 249403 (Uttarakhand)",Dissolution,RDTL Guwahati,portal,2025-01_all_nsq.json,91
2025-01,central,nsq,Montelukast & Levocetirizine Hydrochloride Tablets IP (SOLIKAST-L),VLB-GT- 2219,Sep-2023,Aug-2025,"Vee Laboratories,, Village-Kalier, Subathu, Road- Saproon (Post Office) Solan-173211, Himachal Pradesh",Dissolution,RDTL Guwahati,portal,2025-01_all_nsq.json,92
2025-01,central,nsq,Albendazole Tablets IP 400 mg (Albendazole 400),T-3159,Jan-2024,Dec-2025,"Jackson Laboratories Pvt.Ltd, 22-24, Majitha Road, Bye Pass, Amritsar-143 001(India)",Dissolution,RDTL Guwahati,portal,2025-01_all_nsq.json,93
2025-01,central,nsq,Nimesulide & Paracetamol Tablets (SOMOO),T-24004,Apr-2024,Mar-2026,"Kshipra Drugs Pvt. Ltd., 40- 41/22-B, Industrial Area, No. 1, Dewas (M.P.)- 455001",Disintegration,RDTL Guwahati,portal,2025-01_all_nsq.json,94
2025-01,central,nsq,Zinc Sulphate Dispersible Tablets IP 20 mg,LMT240811,Jul-2024,Jun-2026,"Life Max Cancer Laboratories, Plot No. 106 & 106 A, Sector6A, IIE, SIDCUL, Haridwar249403 (U.K)",Uniformity of dispersion & Disintegration,RDTL Guwahati,portal,2025-01_all_nsq.json,95
2025-01,central,nsq,Losartan Tablets IP 50 mg,LMT240826,Jul-2024,Jun-2026,"Life Max Cancer Laboratories, Plot No. 106 & 106 A, Sector 6A, IIE, SIDCUL, Haridwar249403 (U.K)",Dissolution,RDTL Guwahati,portal,2025-01_all_nsq.json,96
2025-01,central,nsq,Calcium 500 mg with Vitamin D3 250 IU Tablets IP,LMT240431,Apr-2024,Mar-2026,"Life Max Cancer Laboratories, Plot No. 106 & 106 A, Sector6A, IIE, SIDCUL, Haridwar249403 (U.K)",Identification and Assay of Vitamin D3 and Dissolution of Calcium,RDTL Guwahati,portal,2025-01_all_nsq.json,97
2025-01,central,nsq,"Rabeprazole Sodium 20mg (EC) & Domperidone 10mg (IR), Domperidone 20mg (SR) Capsules (Rebast-ARD)",LC-6943,Jan-2024,Dec-2025,"Lifevision Healthcare, Plot No. 140-141, E.P.I.P., Phase-1, Jharmajri, Baddi, Distt. Solan (H.P.) 174 103",Dissolution,RDTL Guwahati,portal,2025-01_all_nsq.json,98
2025-01,state:State Lab Karnataka,nsq,Compound Sodium Lactate Injection I.P (Ringer?s Lactate I.P),03BF231 9,Dec-2023,Nov-2026,"M/s. Paschim Banga Pharmaceuticals, (A Unit of Farista Vanijya Pvt. Ltd), NH- 31, TIN MILE HAT, Sonapur HAT, PS. Chopra Dist. Uttar Dinajpur-733214 (W.B)",Bacterial Endotoxins Test,State Lab Karnataka,portal,2025-01_all_nsq.json,99
2025-01,state:State Lab Karnataka,nsq,Compound Sodium Lactate Injection I.P (Ringer?s Lactate I.P),03BF224 1,Oct-2023,Sep-2026,"M/s. Paschim Banga Pharmaceuticals, (A Unit of Farista Vanijya Pvt. Ltd), NH-31, TIN MILE HAT, Sonapur HAT, PS. Chopra Dist. Uttar Dinajpur-733214 (W.B)",Test for Sterility,State Lab Karnataka,portal,2025-01_all_nsq.json,100
2025-01,central,nsq,Metoprolol Succinate Prolonged Release Tablets IP 25 mg,DT 2403,,Sep-2027,"M/s. Triveni Formulations Limited, Plot No.52, 53, 54 ALEAP Industrial Estate, Surampalli- 521212",Dissolution,CDTL Hyderabad,portal,2025-01_all_nsq.json,101
2025-01,state:DTL Chennai,nsq,N-Clin Gel,M030,Jul-2024,Jun-2026,"Elegant Cosmed Pvt Ltd, Plot No.32&33, G.I.D.C, Rajkot, Gujarat, Kuvadva - 360023",Sample does not conform to label claim with respect to the content Clindamycin in Clindamycin Phosphate,DTL Chennai,portal,2025-01_all_nsq.json,102
2025-01,central,nsq,Ceftriaxone Injection IP (Cefiglad-1 Injection),SRIJ240041,Oct-2024,Sep-2026,"SYSTOLE REMEDIES PVT. LTD., Vill. Ogli, Kala Amb. Teh. Nahan, Distt. Sirmour (H.P.)- 173030",Particulate matter,RDTL Chandigarh,portal,2025-01_all_nsq.json,103
2025-01,central,nsq,Pyridoxine Tablets IP 10 mg (Pyrotan-10),TPT- 0102064,,,"Tanpal Pharmaceuticals, D- 12-13, Focal Point, Nabha-147201",Assay of Pyridoxine,RDTL Chandigarh,portal,2025-01_all_nsq.json,104
2025-01,state:Drug Testing Laboratory Srinagar (J&K) vide report on Form 13 bearing No. L/DA/2024-25/1593 Dated: 29.10.2024. (Report attached as Annexure A),nsq,PC-WIN- 650,VGT2316 99C,Sep-2023,Aug-2025,"Mfg By: Vrindavan Global Plot No. 23-B & C , Ind. Area Lodhimajra Baddi Distt. Solan (HP) 173205 Mrk. By: In Med Therepeutics Plot No. 286, Basement Part-I, Industrial Area , Phase I , Panchkula -134113",The sample does not conform to IP 2022 with respect to the test for Dissolution,Drug Testing Laboratory Srinagar (J&K) vide report on Form 13 bearing No. L/DA/2024-25/1593 Dated: 29.10.2024. (Report attached as Annexure A),portal,2025-01_all_nsq.json,105
2025-01,central,nsq,"Ambroxol HCl, Guaiphenesin, Terbutaline Sulphate and Menthol Syrup (BRONKOREX AM Syrup)",BALS-2005,Nov-2023,Oct-2025,"Wings Novitas Healthcare LLP,, 43 & 44, HPSIDC, Industrial Area, Baddi-173205 (H.P.)",Assay of Ambroxol Hydrochloride and Terbutaline Sulphate,RDTL Chandigarh,portal,2025-01_all_nsq.json,106
2025-01,state:State Lab Karnataka,nsq,Compound Sodium Lactate Injection I.P (Ringer?s Lactate I.P),03BF238 9,Feb-2024,Jan-2027,"M/s. Paschim Banga Pharmaceuticals, (A Unit of Farista Vanijya Pvt. Ltd), NH- 31, TIN MILE HAT, Sonapur HAT, PS. Chopra Dist. Uttar Dinajpur-733214 (W.B)",Test for Sterility,State Lab Karnataka,portal,2025-01_all_nsq.json,107
2025-01,state:State Lab Karnataka,nsq,Compound Sodium Lactate Injection I.P (Ringer?s Lactate I.P),03BP005 7,Sep-2023,Aug-2026,"M/s. Paschim Banga Pharmaceuticals, (A Unit of Farista Vanijya Pvt. Ltd), NH- 31, TIN MILE HAT, Sonapur HAT, PS. Chopra Dist. Uttar Dinajpur-733214 (W.B)",Test for Sterility,State Lab Karnataka,portal,2025-01_all_nsq.json,108
2025-01,state:State Lab Puducherry,nsq,"Aceclofenac , Paracetamo l and Chlorzoxazo ne Tablets (Megaceclo MR)",AMT2407 160,Jul-2024,Jun-2026,"M/s. Marine Medicare Pvt. Ltd., Vill. Kulhariwala & P.O. Mandhala, Tehsil-baddi, Distt. Solan (H.P) 174 103",On the received sample presence of spots observed which should not be present As per DCC Guidelines on Not Of Standard Quality (NSQ) Drugs Approved in 1993 (Annexure A) Tablets vide serial No.(i) Presence of Spot/discoloration- NSQ,State Lab Puducherry,portal,2025-01_all_nsq.json,109
2025-01,state:King Institute Chennai,nsq,Gentamicin Injection IP- 2ml,24BUF83,Jun-2024,May-2026,"SVP Life science, C/10-1, Sara industrial Estate, Selequri, Dehradun",sample does not Conform to the requirement for PH,King Institute Chennai,portal,2025-01_all_nsq.json,110
2025-01,state:State Lab Puducherry,nsq,Pregabalin (SR) & Methylcobal amin Tablet (Mecoben ? PG),MP - 240724,Oct-2024,Sep-2026,"M/s. Medistark Biotech Pvt. Ltd. R.S.No. 68/4, 68/10, Sri Srinivasapuram, Agasampattu, Vanur Tk, Tamilnadu ? 605 111.",The label of the container in the drug is mentioned as 'Approved colour used' but the common name of the permitted colour used in the formulation as prescribed under rule 127 (2) of the drug rule was not mentioned. - Misbranded,State Lab Puducherry,portal,2025-01_all_nsq.json,111
2025-01,state:State Lab Puducherry,nsq,Aceclofenac and Thiocolchico side Tablets (Speronac - MR),P240502,May-2024,Apr-2026,"M/s.? Prosilio Pharmaceuticals Pvt. Ltd., R.S.No. 35/6, Uruvaiyar Main Road, Uruvaiyar, Villianur Commune, Puducherry ? 605 110.",On the received sample presence of spots were observed which should not be present As per DCC Guidelines on Not Of Standard Quality (NSQ) Drugs Approved in 1993 (Annexure A) Tablets vide serial No.(i) Presence of Spot/discoloration - NSQ,State Lab Puducherry,portal,2025-01_all_nsq.json,112
2025-01,state:State Lab Puducherry,nsq,Calcium Carbonate & Vitamin D3 Tablets (VICTOCAL ? D3),MDP - 746,Sep-2024,Aug-2026,"M/s. MEDINOK HEALTHCARE PVT LTD., R.S.No. 2/1, Plot No. 87,88,89, Vazhudhavur Main Road, Kurumbapet, Puducherry ? 605 009.","The sample received is labelled as CALCIUM CARBONATE & VITAMIN D3 TABLETS, however CALCIUM CARBONATE & VITAMIN D3 TABLETS is an official IP monograph (2022) hence should be labelled as CALCIUM AND VITAMIN D3 TABLETS IP. - Label issue",State Lab Puducherry,portal,2025-01_all_nsq.json,113
2025-01,state:State Lab Puducherry,nsq,Clopidogrel Tablet I.P 75 mg (Maxgrel - 75),MDP - 309,Jun-2024,May-2026,"M/s. Medinok Healthcare Pvt. Ltd., (A GMP & ISO 9001:2015 Certified Company) R.S.No. 2/1, Plot No. 87,88,89, Vazhudhavur Main Road, Kurumbapet, Puducherry ? 605 009","(i) On the received sample, Presence of Spot and discoloration defects were observed which should not be present as per DCC Guidelines on Not Of Standard Quality (NSQ) Drugs Approved in 1993 (Annexure A) Tablets vide serial No.(i) Presence of Spot/discoloration. (ii)The label of the container in the drug is mentioned as 'Approved colour used' but the common name of the permitted colour used in the formulation as prescribed under rule 127 (2) of the drug rule was not mentioned. (iii) On the received sample, The name of the manufacturer and as prescribed under 96 (1) (iv) of the Drugs and Cosmetics Act. (iv) On the received sample,the label details of the primary packing does not match with that of the secondary packing (Excipients ?q.s is not mentioned in primary packing)- NSQ the address of the premises of the manufacturer appears in an inconspicuous manner on the label whereas they should appear in a conspicuous manner",State Lab Puducherry,portal,2025-01_all_nsq.json,114
2025-01,state:State Lab Puducherry,nsq,Metoprolol Succinate Extended Release & Telmisartan Tablets (Leaftel Beta ? 25),MP - 231584,Mar-2024,Feb-2026,"M/s. Medistark Biotech Pvt. Ltd., R.S.No. 68/4, 68/10, Sri Srinivasapuram, Agasampattu, Vanur (TK), Tamilnadu ? 605 111",The label of the container in the drug is mentioned as 'Approved colour used' but the common name of the permitted colour used in the formulation as prescribed under rule 127 (2) of the drug rule was not mentioned. - Misbranded,State Lab Puducherry,portal,2025-01_all_nsq.json,115
2025-01,state:DTL Chennai,nsq,Co- Trimoxazole Tablets IP 480mg,MT402,Jan-2024,Dec-2026,"Maxwell Lifescience Pvt Ltd, T- 53 & T-81, M.I.D.C, Tarapur, Boisar, Dist, Palghar, 401506.",Sample does not conform to IP Specification for Co- Trimoxazole Tablets with respect to Dissolution for Trimethoprim and Sulphamethoxazole,DTL Chennai,portal,2025-01_all_nsq.json,116
2025-01,state:DTL Chennai,nsq,Povinanz Gargle,ES40030,Mar-2024,Feb-2026,"Nanz med Science Pharma Pvt Ltd, Rampur Ghat, Paonta Sahib, District Sirmour (H.P) India - 173 025",sample does not conform to label with respect to the content of available iodine in povidone-iodine,DTL Chennai,portal,2025-01_all_nsq.json,117
2025-01,state:King Institute Chennai,nsq,Gentamicin Injection IP- 2ml,24BUE74,May-2024,Apr-2026,"SVP Life Sciences, C/10-1, Sara Industrial Estate, Selequi, Dehradun",Sample does not conform to the requirement for PH.,King Institute Chennai,portal,2025-01_all_nsq.json,118
2025-01,state:DTL Madurai,nsq,Sucralfate and Oxetacain Suspension,SEL2401,Jan-2024,Dec-2025,"CU-V-Kar Genetic Medicines Pvt Ltd, 14, Pharmacity, Selaqui, Distt. Dehradun, Uttarakhand-248011.",Sample does not conform to Label claim with respect to content of Oxetacaine.,DTL Madurai,portal,2025-01_all_nsq.json,119
2025-01,state:DTL Madurai,nsq,Flumethrin 1% Porur- On Solution,EE- 240906,Sep-2024,Aug-2026,"Ethicare Laboratories, 15, Industrial Estate, Digiana, Jammu-180010",Sample does not conform to Lablel Claim with respect to the content of Flumethrin.,DTL Madurai,portal,2025-01_all_nsq.json,120
2025-01,state:King Institute Chennai,nsq,Gentamicin Injection IP- 2ml,HLI620F,Jun-2024,May-2026,"Himalaya Meditek Private Ltd, Plot.No 35&36 Pharmacity, Selaquri Industrial Ara, Dehradun - 248 197",sample does not Conform to the requirement for PH,King Institute Chennai,portal,2025-01_all_nsq.json,121
2025-01,state:DTL Chennai,nsq,Betamethas one Valerate Ointment IP 0.1% w/w,B76,Aug-2024,Jul-2026,"Syndicate Pharma, 185/B, 185/B-1, 187/A & 188, sector - F, Sanwer Road, Indore- 452015.",Sample does not conform to IP Specification for Betamethasone Valerate Ointment with respect to the content of Betamethasone in Betamethasone Valerate.,DTL Chennai,portal,2025-01_all_nsq.json,122
2025-01,state:DTL Madurai,nsq,Cefixime & Lactic Acid Bacillus Dispersible Tablets,MLS- 24506,Jul-2024,Jun-2026,"Maskon Life sciences pvt ltd, Kh.No.69/70, Khatakheri, Bhagwanpur, Roorkee 247667 (UK) India",Sample does not conform to label claim with respect to the content of Anhydrous Cefixime in Cefixime Trihydrate,DTL Madurai,portal,2025-01_all_nsq.json,123
2025-01,state:DTL Madurai,nsq,Mupirocin Ointment IP,ME-41,Feb-2024,Jan-2026,"Maxwell pharma, Plot No.6&7, Sector-5, Parwanoo, Solan, H.P PIN-173220, India",Sample does not conform to IP specification for Mupirocin Ointment with respect to identification and content of mupirocin,DTL Madurai,portal,2025-01_all_nsq.json,124
2025-01,state:DTL Madurai,nsq,Mupirocin Ointment IP 2% w/w,NO33015 6,Nov-2023,Oct-2025,"Nanz med Science Pharma Pvt Ltd, Rampur Ghat, Paonta Sahib, District Sirmour (H.P) India - 173 025",Sample does not conform to IP specification for Mupirocin Ointment with respect to the content of mupirocin,DTL Madurai,portal,2025-01_all_nsq.json,125
2025-01,state:DTL Madurai,nsq,Mobicool TM-S Suspenion,RL- 231203,Feb-2024,Jan-2026,"Rednex pharmaceuticals,LS No-142, NR, HBS, Chancharvadi Vasna, Ta: sanand Di: Ahmedabad",Sample does not conform to Label claim with respect to content Oxetacaine,DTL Madurai,portal,2025-01_all_nsq.json,126
2025-01,state:DTL Madurai,nsq,Luliconazole Cream IP 1% w/w,2946,May-2024,Apr-2026,"Regent Ajanta Biotech, 86-87, Village Makhiyali Dundi, Peerpura Road, Roorkee - 247667 (UK)",sample does not Conform to IP Specification for Luliconazole Cream with respect to the PH of 10% w/v solution.,DTL Madurai,portal,2025-01_all_nsq.json,127
2025-01,state:DTL Madurai,nsq,Mupirocin Ointment IP,SO-033,Mar-2024,Feb-2026,"SB Lifesciences pvt ltd, At.Plot No.45, EPIP, Phase-I, Jharmajri Baddi, Dist Solan (HP)-173205",Sample does not conform to IP specification for Mupirocin Ointment with respect to the content of Mupirocin,DTL Madurai,portal,2025-01_all_nsq.json,128
2025-01,state:King Institute Chennai,nsq,Gentamicin Injection IP- 2ml,23BUH50,Aug-2023,Jul-2025,"SVP Life science, C/10-1, Sara industrial Estate, Selequri, Dehradun",sample does not Conform to the requirement for PH,King Institute Chennai,portal,2025-01_all_nsq.json,129
2025-01,state:DTL Chennai,nsq,Betamethas one Valerate Oilment IP 0.1% w/w,BO6,May-2024,Apr-2026,"Syndicate Pharma, 185/B, 185/B-1, 187/A & 188, sector -F, Sanwer Road, Indore- 452015.",Sample does not conform to IP specification for Betamethasone Valerate Ointment with respect to the content of Betamethasone in Betamethasone Valerate.,DTL Chennai,portal,2025-01_all_nsq.json,130
2025-01,state:DTL Chennai,nsq,VIP Hair Colour Shampoo,B107C,Jun-2024,May-2026,"VIMAC, #18/C. Noombal Village, SF.No.125/1A, 1B, Ambattur, Taluk, Tiruvallur District, Chennai-600077.",Sample does not conform to BIS specification for oxidation hair dye with respect to the content of phenyl methyl pyrazolone and Resorcinol,DTL Chennai,portal,2025-01_all_nsq.json,131
2025-01,state:DTL Madurai,nsq,Coscopin Cold Plus,CSP2300 1,Jun-2023,May-2025,"Windlas Biotech Limited (Plant- 2) Khasra No.141 to 143 & 145, Mohabewala, Indl. Area, Dehradun-248110. Uttarakhand.",Sample does not conform to Label claim with respect to the content of Phenylephrine Hydrochloride,DTL Madurai,portal,2025-01_all_nsq.json,132
2025-01,"state:State Lab Drugs Control Laboratory, Telangana.",nsq,Norfloxacin Tablets IP 400mg,RNFT- 017,,,"Mfg By: Revat Laboratories Pvt.Ltd., 12-321, Opp. I.D.A, Kurnool Road, Pernamitta,Ongole - 523 002 Andhra Pradesh.",NOT OF STANDARD QUALITY Dissolution test does not complies for Norfloxacin Tablets IP at S2 Level as per IP 2022.,"State Lab Drugs Control Laboratory, Telangana.",portal,2025-01_all_nsq.json,133
2025-01,"state:State Lab Drugs Control Laboratory, Telangana.",nsq,Norfloxacin Tablets IP 400mg,RNFT- 014,,,"Mfg By: Revat Laboratories Pvt.Ltd., 12-321, Opp. I.D.A, Kurnool Road, Pernamitta, Ongole - 523 002 Andhra Pradesh.",NOT OF STANDARD QUALITY Dissolution test does not complies for Norfloxacin Tablets IP at S2 level as per IP 2022.,"State Lab Drugs Control Laboratory, Telangana.",portal,2025-01_all_nsq.json,134
2025-01,"state:State Lab Drugs Control Laboratory, Telangana.",nsq,"Parenteral preparations , Piperacillin & Tazobactam Injection I.P. 4.5 gm",24PT41,,,"Mfg By: Sai parenterals limited D1&D4, Survey no. 280, Phase - V Survey No. 280, Phase - V, IDA, Jeedimetla, Hyderabad - 500055, Telangana, India Telangana.",NOT OF STANDARD QUALITY Test for sterility does not complies as per IP for the sample Piperacillin and Tazobactam injection IP 4.5 gm,"State Lab Drugs Control Laboratory, Telangana.",portal,2025-01_all_nsq.json,135
2025-01,"state:State Lab Drugs Control Laboratory, Telangana.",nsq,Pantoprazol e tablets IP,P03524,,,"Mfg By: Spansules formulations India Pvt.Ltd, Sy NO.172, Plot No. 154/A4, IDA bollaram village Jinnaram mandal, Sangareddy dist, Hyderabad - 502 325, Telangana.",NOT OF STANDARD QUALITY Assay and Dissolution test does not complies for Pantoprazole tablets as per IP 2022.,"State Lab Drugs Control Laboratory, Telangana.",portal,2025-01_all_nsq.json,136
2025-01,state:DTL Chennai,nsq,Cumox 500,FDCX- 076,Oct-2024,Sep-2026,"Firstmed Therapeuticals pvt ltd, R.S.No.31/1, Pondy- Tindivanam Main Road, Auroville (PO), Thiruchitrambalam, Tamilnadu - 605 101",Sample does not conform to IP specification for Amoxycillin capsules with respect to Uniformity of Weight and to the content of Amoxycillin in Amoxycillin Trihydrate.,DTL Chennai,portal,2025-01_all_nsq.json,137
2025-01,"state:State Lab Drugs Control Laboratory, Telangana.",nsq,Kaltfer Drops Iron(III)- Hydroxide Polymaltose Complex Drops.,EHL- 3532,,,"Mfg By: M/s. Exotic Healthcare Plot No. 1305, Sector - 82, JLPL, Mohali, SAS Nagar, Punjab. . Mrkt: M/s. Curezen Pharma Pvt. Ltd, Pharmaceuticals No. 2/A/GF/FF/SF, Ground floor, Vijaynagar colony, Secunderabad, Hyd - 500025.","NOT OF STANDARD QUALITY The sample Does not meets the Specifications wrt. Identification Test - Negative, Assay - Nil as per STP. U/S. 17 B of Drugs and Cosmetics Act 1940. The Sample deemed to be Spurious Drug.","State Lab Drugs Control Laboratory, Telangana.",portal,2025-01_all_nsq.json,138
2025-01,state:DTL Madurai,nsq,Xputum-LS Syrup,24-XLS- 010,Feb-2024,Jul-2025,"Stedman Pharmaceuticals Pvt Ltd, C-4, SIDCO Pharmaceuticals Complex, Alathur, Thiruporur-603 110, Tamilnadu.",Sample does not conform to Label Claim With respect to content of Levosalbutamol in Levosalbutamol Sulphate.,DTL Madurai,portal,2025-01_all_nsq.json,139
2025-01,state:SDTL Kolkata,nsq,TELMA AM,5240367,Mar-2024,Feb-2027,Under Investigation,Does not confirm to I.P.,SDTL Kolkata,portal,2025-01_all_nsq.json,140
2025-01,state:SDTL Kolkata,nsq,"CLAVPARK -LB 625mg (Amoxycillin , Potassium Clavulanate & Lactic Acid Bacillus Tab)",CHTJ426 0,Oct-2024,Sep-2026,"M/s. Park Pharmaceuticals, Vill. Kalujhanda, Solan, H.P",Does not confirm to claim,SDTL Kolkata,portal,2025-01_all_nsq.json,141
2025-01,state:DTL Thiruvananthapuram,nsq,Tuclav -CV 625[ Amoxycillin and Potassium Clavulanate Tab IP,MYRTAB -618,Aug-2024,Jan-2026,"Mayer Lab, Chambaghat, Adjacent to Railway Crossing, District Solan (HP)- 173 213",It fails the test Dissolution and Assay as per IP,DTL Thiruvananthapuram,portal,2025-01_all_nsq.json,142
2025-01,state:DTL Thiruvananthapuram,nsq,Liquid Paraffin IP 400 ml,HP 24002,Jul-2024,Jun-2026,"Multicure Pharma Private Limited,Factory 14 A, IAD, Yadadri Bhongir- 508 116, Hyderabad",It fails the tests ?Weight per ml and ?Light Absortion? as per IP,DTL Thiruvananthapuram,portal,2025-01_all_nsq.json,143
2025-01,state:DTL Thiruvananthapuram,nsq,Losartan Potassium Tab IP 25 mg,D 2615/24- 25,,,"Kerala Medical Services Corporation Ltd, Thycaud P.O, Thiruvananthapuram-14","It fails the ?Descriptive Part? for the tablets as per IP , tablets should have sufficient hardness for handling without crumbling and breaking",DTL Thiruvananthapuram,portal,2025-01_all_nsq.json,144
2025-01,state:DTL Thiruvananthapuram,nsq,Glimepiride Tablet IP 1 mg,D2505/24 -25,,,"Kerala Medical Services Corporation Ltd, Thycaud P.O, Thiruvananthapuram-14",It fails the test dissolution and ?Descriptive Part? specified in the Laboratory Protocol as per IP,DTL Thiruvananthapuram,portal,2025-01_all_nsq.json,145
2025-02,state:SDTL Kolkata,nsq,Amoxycillin & Potassium Clavulanate Tab I.P.,APTD- 002,Dec-2024,May-2026,"M/s. Standard Pharmaceuticals Ltd., Serampore-712203, West Bengal",Does not conform to I.P.,SDTL Kolkata,portal,2025-02_all_nsq.json,1
2025-02,central,nsq,Nitrofurantoin Tablets IP 100mg,T-2485,Nov-2023,Oct-2025,"Jackson Laboratories Pvt.Ltd, 22-24, Majitha Road, Bye Pass, Amritsar-143 001(India)",Dissolution,RDTL Guwahati,portal,2025-02_all_nsq.json,2
2025-02,central,nsq,Norfloxacin Tablets I.P. 400mg.,NFXT-1002,Jun-2023,May-2026,"WINGS BIOTECH LLP, 43 & 44, HPSIDC, Industrial Area, Baddi - 173205 (H.P.)",Dissolution,RDTL Guwahati,portal,2025-02_all_nsq.json,3
2025-02,state:Puducherry,nsq,PANTOPROZOL E SODIUM (EC) & DOMPERIDONE (SR) CAPSULES (Tonixpro DSR),MDP- 345,,,"M/s. Medinok Healthcare Pvt. Ltd., R.S.No. 2/1, Plot No. 87, 88, 89, Vazhudhavur Main Road, Kurumbapet, Puducherry ? 605 009.","1. The primary packaging label claims 'Each film coated tablet contains:' however, on physical observation the received sample is found to be 'Hard Gelatin Capsules'. 2.The received sample is labelled as 'PANTOPROZOLE SODIUM (EC) & DOMPERIDONE (SR) CAPSULES', however Pantoprazole Gastro- resistant and Domperidone Prolonged-release Capsules is an official IP monograph (2022) hence should be labelled as PANTOPRAZOLE SODIUM (EC) & DOMPERIDONE (SR) CAPSULES IP. 3.The sample name and the label claim of the drug states 'PANTOPROZOLE' instead of 'PANTOPRAZOLE' but the proper name of the drug should be written asprescribed under 96(1), (i)(A) of the Drugs & Cosmetics Act.- Misbranded",Puducherry,portal,2025-02_all_nsq.json,4
2025-02,state:DTL Thiruvananthapuram,nsq,Vitamin B Complex Tablets N.F.I,VBT 2468,May-2024,Apr-2026,"Modern Laboratories 45-47, Sector D- 2, Industrial area, Sanwer Road, Indore (MP) 452 015","The sample does not conform to IP standards to Descriptive part for tablets As per IP, the tablets should have sufficient hardness to withstand handling without crumbling or breaking. The tablets are soft and in powdered form and cannot be removed from strip in intact form and further tests cannot be performed for the reason specified in the laboratory protocol.",DTL Thiruvananthapuram,portal,2025-02_all_nsq.json,5
2025-02,state:DTL Thiruvananthapuram,nsq,Vitamin B Complex Tablets N.F.I,VBT 2415,Mar-2024,Feb-2026,"Modern Laboratories 45-47, Sector D- 2, Industrial area, Sanwer Road, Indore (MP) 452 015","The sample does not conform to IP standards to Descriptive part for tablets As per IP, the tablets should have sufficient hardness to withstand handling without crumbling or breaking. The tablets are soft and in powdered form and cannot be removed from strip in intact form and further tests cannot be performed for the reason specified in the laboratory protocol.",DTL Thiruvananthapuram,portal,2025-02_all_nsq.json,6
2025-02,state:DTL Thiruvananthapuram,nsq,Vitamin B Complex Tablets N.F.I,VBT 2417,Mar-2024,Feb-2026,"Modern Laboratories 45-47, Sector D- 2, Industrial area, Sanwer Road, Indore (MP) 452 015","The sample does not conform to IP standards to Descriptive part for tablets As per IP, the tablets should have sufficient hardness to withstand handling without crumbling or breaking. The tablets are soft and in powdered form and cannot be removed from strip in intact form and further tests cannot be performed for the reason specified in the laboratory protocol.",DTL Thiruvananthapuram,portal,2025-02_all_nsq.json,7
2025-02,state:DTL Thiruvananthapuram,nsq,Vitamin B Complex Tablets N.F.I,VBT 2414,Mar-2024,Feb-2026,"Modern Laboratories 45-47, Sector D- 2, Industrial area, Sanwer Road, Indore (MP) 452 015","The sample does not conform to IP standards to Descriptive part for tablets As per IP, the tablets should have sufficient hardness to withstand handling without crumbling or breaking. The tablets are soft and in powdered form and cannot be removed from strip in intact form and further tests cannot be performed for the reason specified in the laboratory protocol.",DTL Thiruvananthapuram,portal,2025-02_all_nsq.json,8
2025-02,central,nsq,Bacillus clausii Spores Suspension (Bactogermina Oral Suspension 2 Billion/ 5 ml),AFL241415,Oct-2024,Sep-2026,"AARMED FORMULATIONS PVT. LTD., Survey No.431/2, Plot No.1, Steel Town, Moraiya, Tal. Sanand, Dist. Ahmedabad, (Gujarat)","Assay as ""Viability"" (Total viable count)",CDTL Mumbai,portal,2025-02_all_nsq.json,9
2025-02,"state:State Lab Drugs Control Laboratory, Telangana.",nsq,RABISAP tablets Rabeprazole Gastro Resistant Tablets IP 20 mg,AST 24524,Oct-2024,Sep-2026,"AASSK Pharmaceuticals Pvt Ltd Plot NO.9 Dr .Ambedkar Street, Kozhumanivakkam, Mangadu,Chennai-600122. TAMIL NADU",NOT OF STANDARD QUALITY Sample does not complies in respect of Dissolution test as per IP,"State Lab Drugs Control Laboratory, Telangana.",portal,2025-02_all_nsq.json,10
2025-02,central,nsq,Linezolid IV Injection 600 mg/ 300 ml (ABAZOLID),A4544004,Apr-2024,Mar-2026,"Abaris Healthcare Pvt. Ltd., Survey No. 1407-11, Villate : Rajpur, Taluka : Kadi, Dist : Mehsana- 382740.Gujarat","""Related substances""",CDTL Mumbai,portal,2025-02_all_nsq.json,11
2025-02,"state:State Lab Drugs Control Laboratory, Telangana.",nsq,Rabicy-20 Tablets Rabeprazole Tablets IP 20 mg,AT2403 4149,Mar-2024,Feb-2026,Accura Care Pharmaceuticals Pvt Ltd ( A Venture of Biochemix grop (Agmp& ISO Certified Co) Vill. Mogin and Nahan Road Kala Amb.Dist Sirmour (H.P)173030 HIMACHAL PRADESH,"NOT OF STANDARD QUALITY &MISBRADED 1. Sample does not complies in respect of Dissolution test as per IP 2. The drug Rabeprazole Sodium is official in IP. But the product titile Rabeprazole Sodium IP is not mentioned on the product label. Hence the subject drug is Misbranded as per section 17 of Drugs & Cosmetics Act 1940, as it is not labeled in the prescribed manner","State Lab Drugs Control Laboratory, Telangana.",portal,2025-02_all_nsq.json,12
2025-02,state:DTL Srinagar (J&K),nsq,Calcium & Vitamin D3 Tablets IP,PGT246 72,Sep-2024,Aug-2026,Affy Parenterals Vill. Gullawala P.O Baddi Distt. Solan 173205 (HP),The sample does not conform to the IP 2022 requirement with respect to uniformity of weights,DTL Srinagar (J&K),portal,2025-02_all_nsq.json,13
2025-02,"state:State Lab Drugs Control Laboratory, Telangana.",nsq,Cefdoxi-CV-50 dry syrup Cefpodoxime & Potassium Clavulanate for Oral Suspension,CD0724 002F,Feb-2024,Jul-2025,"Alencure Biotech Pvt Ltd Village: Nagal, Suketi road, P.O. Moginand, Kala Amb, Distt. Sirmour-173030 (HP) HIMACHAL PRADESH","NOT OF STANDARD QUALITY 1. Description Dose Not complies- Orange -colored suspension, that is not uniformly resuspendable after reconstitution with the sterile water ampoule provided in the pack A clear phase separation is observed immediately after reconstitution. Additionally, the reconstituted suspension exhibits an obnoxious/ unacceptable odour. 2. Assay Does Not Complies: The Assay content found is not within the prescribed limit.","State Lab Drugs Control Laboratory, Telangana.",portal,2025-02_all_nsq.json,14
2025-02,"state:State Lab Drugs Control Laboratory, Telangana.",nsq,ACEGLO tablets Aceclofenac and Paracetamol Tablets,ATG4I7 87,Sep-2024,Aug-2026,"Anrose pharma 147,Mauza Sansiwala ,Post :Barotiwala ,Tehsil -Kasauli ,Dist .Solan(H.P.)-173205 HIMACHAL PRADESH","MISBRANDED DRUG The drug product Aceclofenac and Paracetamol Tablets is official i.e. included in the Addendum 2024 to Indian Pharmacopoeia 2022 effective from 1st July, 2024-current edition of IP and as required as per Second Schesule of the Drugs and Cosmetics Act, 1940. The said drug product shall comply with the standards set out in the Indian Pharmacopoeia .But the designation IP in conjunction with the official title Aceclofenac and Paracetamol tablets on the label of the drug product was not menttioned as an indication that the drug product purports to comply with IP standards. Hence the drug product shall be deemed to be Misbranded Drug as per Secton 17 of Drugs and Cosmetics Act, as it is not labeled in the prescribed manner.","State Lab Drugs Control Laboratory, Telangana.",portal,2025-02_all_nsq.json,15
2025-02,state:DTL Thiruvananthapuram,nsq,Folic Acid Tablets IP 5 mg [Foldivit],FTV240 04,Jun-2024,May-2026,"Danish Healthcare (p) Ltd, 76/27-28, Industrial Estate, Maxi Road, Ujjain, 456010, MP",It fails the test ?Dissolution? Specified in the laboratory protocol as per IP,DTL Thiruvananthapuram,portal,2025-02_all_nsq.json,16
2025-02,state:DTL Thiruvananthapuram,nsq,Paracetamol Tab IP 500 mg,PAK 551,Jun-2023,May-2026,"Healer?s Lab Unit II, Plot No. 33, H.P.S.I.D.C, Extn. Baddi, Distt-Solan (H.P)",It fails the test ?Dissolution? Specified in the laboratory protocol as per IP,DTL Thiruvananthapuram,portal,2025-02_all_nsq.json,17
2025-02,state:DTL Thiruvananthapuram,nsq,Mydew Ultra Syndet Bar,2387,Jan-2024,Jan-2027,"Jain Soap, 39/A, Devam Estate, Gandhi Nagar, Gujarat",The sample does not conform to the test pH as per manufacturer?s specification for Mydew Ultra Syndet Bar as specified in the Laboratory Protocol,DTL Thiruvananthapuram,portal,2025-02_all_nsq.json,18
2025-02,"state:State Lab Drugs Control Laboratory, Telangana.",nsq,Zinc Sulphate 20mg Dispersible Tablets IP,T-15192,Mar-2023,Feb-2025,"Karnal Pharmaceuticals Pvt Ltd 38, Pharmacity, Selaqui, Dehradun,Uttarakhand-248 011 Uttarakhand",NOT OF STANDARD QUALITY The sample Zinc Sulphate 20 mg Dispersible Tablets IP does not comply disintegration test as per I.P 2022.,"State Lab Drugs Control Laboratory, Telangana.",portal,2025-02_all_nsq.json,19
2025-02,central,nsq,Glimepiride Tablets I.P. 1mg,GLI10823,May-2023,Apr-2025,"KARNATAKA ANTIBIOTICS & PHARMACEUTICALS LIMITED, Arka The Business Centre, Plot No. 37, Site No. 34/4, NTTF Main Road, Peenya Industrial Area, 2nd Phase, Bengaluru-560058, INDIA.",Dissolution,RDTL Guwahati,portal,2025-02_all_nsq.json,20
2025-02,state:DTL Thiruvananthapuram,nsq,Clopidogrel Tab IP 75 mg,D 2720/24 -25,,,"Kerala Medical Services Corporation Ltd, Thycaud P.O, Thiruvananthapuram-14","It fails the test ?Dissolution?, ?Assay? and descriptive part for tablets specified above as per IP",DTL Thiruvananthapuram,portal,2025-02_all_nsq.json,21
2025-02,state:DTL Thiruvananthapuram,nsq,Cefixime Oral Suspension IP 100 mg/5ml,D2852/2 4-25,,,"Kerala Medical Services Corporation Ltd, Thycaud P.O, Thiruvananthapuram-14",It fails the test ?Assay? and ?Descriptive part? for oral powders specified above as per IP,DTL Thiruvananthapuram,portal,2025-02_all_nsq.json,22
2025-02,state:DTL Thiruvananthapuram,nsq,Vitamin B Complex Tablets N.F.I,S0018/2 4-25,,,"Kerala Medical Services Corporation Ltd, Thycaud P.O, Thiruvananthapuram-14","The sample does not conform to IP standards to Descriptive part for tablets As per IP, the tablets should have sufficient hardness to withstand handling without crumbling or breaking. The tablets are soft and in powdered form and cannot be removed from strip in intact form and further tests cannot be performed for the reason specified in the laboratory protocol.",DTL Thiruvananthapuram,portal,2025-02_all_nsq.json,23
2025-02,state:DTL Thiruvananthapuram,nsq,Vitamin B Complex Tablets N.F.I,S0017/2 4-25,,,"Kerala Medical Services Corporation Ltd, Thycaud P.O, Thiruvananthapuram-14","The sample does not conform to IP standards to Descriptive part for tablets As per IP, the tablets should have sufficient hardness to withstand handling without crumbling or breaking. The tablets are soft and in powdered form and cannot be removed from strip in intact form and further tests cannot be performed for the reason specified in the laboratory protocol.",DTL Thiruvananthapuram,portal,2025-02_all_nsq.json,24
2025-02,state:DTL Srinagar (J&K),nsq,Para 500,NBRT- 018,May-2023,Apr-2026,"Laborate Pharmaceuticals India Ltd (Unit II) 31, Rajban Road Nariwala Paota Sahib (HP) Mfg For : GPP Axalade 101, Kohand ?Assandh Road V.P.O Salwan Haryana -132046",The sample does not conforms to the IP 2022 requirement w.r.t dissolution test,DTL Srinagar (J&K),portal,2025-02_all_nsq.json,25
2025-02,central,nsq,Albendazole Tablets IP 400 mg,LMT241138,Oct-2024,Sep-2026,"Life Max Cancer Laboratories, Plot No. 106 & 106 A, Sector6A, IIE, SIDCUL, Haridwar249403 (U.K)","""Dissolution"" of Albendazole",RDTL Guwahati,portal,2025-02_all_nsq.json,26
2025-02,"state:SDTL Agartala, Tripura",nsq,Glitel M1 (Glimepride & Metformin Hydrochloride Prolonged Releasre Tablets IP),LGN05/ 186/08,May-2024,Apr-2026,"Logos Pharma, Village MaissaTibba, Tehsil Nalagarh, Dist. Solan (H.P) - 174101.","The sample does not conform to Standard in respect of the tests for ?Assay, Dissolution & Uniformity of content for Glimepiride? performed.","SDTL Agartala, Tripura",portal,2025-02_all_nsq.json,27
2025-02,"state:SDTL Agartala, Tripura",nsq,Glitel M2 (Glimepride & Metformin Hydrochloride Prolonged Releasre Tablets IP),LGM09/ 237/11,Sep-2024,Aug-2025,"Logos Pharma, Village MaissaTibba, Tehsil Nalagarh, Dist. Solan (H.P) - 174101.","The sample does not conform to Standard in respect of the tests for ?Assay, Dissolution & Uniformity of content for Glimepiride? performed.","SDTL Agartala, Tripura",portal,2025-02_all_nsq.json,28
2025-02,central,nsq,Bupivaaine Hydrochloride in Dextrose Injection USP,HIBU23010,Sep-2023,Aug-2025,"M/s Health Biotech Ltd., Vill- Sandoli, Nalagarh Road, Baddi, Dist- Solan, HP-173205",Particulate Matter in Injection and Description,CDL Kolkata,portal,2025-02_all_nsq.json,29
2025-02,central,nsq,Wholeshield Refire Premium Herbal Blend Capsule,EAHC24021,Sep-2024,Aug-2027,"M/s. Aeron Lifescience Pvt. Ltd.D 152 & 153 Zaveri Com. Co.Op, Road Number 11, Kathwada GIDC, Ahmedabad, Gujarat 382430,",Assay,CDL Kolkata,portal,2025-02_all_nsq.json,30
2025-02,central,nsq,Wholeshield Refire Premium Herbal Blend Capsule,EAHC24020,Sep-2024,Aug-2027,"M/s. Aeron Lifescience Pvt. Ltd.,D 152 & 153 Zaveri Com. Co.Op, Road Number 11, Kathwada GIDC, Ahmedabad, Gujarat 382430",Assay,CDL Kolkata,portal,2025-02_all_nsq.json,31
2025-02,central,nsq,"Vitamin B1, Vitamin B2, Nicotinamide, Vitamin B6, Vitamin B12 & Calcium D-Pantothenate Syrup (B- Complex Syrup)",BOB-2452,Jun-2024,Nov-2025,"M/s. Apple formulation Pvt. Ltd., Plot no. 208, Kishanpur, Roorkee-247667 (U.K.)",Assay of Vitamin B12,CDL Kolkata,portal,2025-02_all_nsq.json,32
2025-02,central,nsq,"Vitamin B1, Vitamin B2, Nicotinamide, Vitamin B6, Vitamin B12 & Calcium D- Pantothenate Syrup (B- Complex Syrup),",BOB-2423,Jun-2024,Nov-2025,"M/s. Apple Formulations Pvt. Ltd., Plot no. 208, Kishanpur, Roorkee-247667 (U.K.)",Assay of Calcium D-Pantothenate,CDL Kolkata,portal,2025-02_all_nsq.json,33
2025-02,central,nsq,"Vitamin B1, Vitamin B2, Nicotinamide, Vitamin B6, Vitamin B12 & Calcium D- Pantothenate Syrup (B- Complex Syrup)",BOB-2424,Jun-2024,Nov-2025,"M/s. Apple formulations Pvt. Ltd. Plot no. 208, Kishanpur, Roorkee-247667 (U.K.)",Assay of Calcium D-Pantothenate,CDL Kolkata,portal,2025-02_all_nsq.json,34
2025-02,central,nsq,"Vitamin B1, Vitamin B2, Nicotinamide, Vitamin B6, Vitamin B12 & Calcium D- Pantothenate Syrup (B- Complex Syrup)",BOB-2438,Jun-2024,Nov-2025,"M/s. Apple formulations Pvt. Ltd. Plot no. 208, Kishanpur, Roorkee-247667 (U.K.)",Assay of Vitamin B12,CDL Kolkata,portal,2025-02_all_nsq.json,35
2025-02,central,nsq,Adrenaline Bitartrate Injection I.P. 1ml,HIAN24005A,Sep-2024,Aug-2025,"M/s. Health Biotech Ltd. Village Sandoli, Nalagarh Road, Baddi, Distt. Solan (HP) 173205, India","Appearance of solution, Particulate matter and Description",CDL Kolkata,portal,2025-02_all_nsq.json,36
2025-02,central,nsq,Compound Sodium Lactate Injection I.P. (Ringer Lactate Solution for Injection ) (Hi- Ring-RL),F41746,Nov-2024,Oct-2027,"M/s. HIGGS HEALTHCARE , Khasra No-480/1, Bhatolikalan Baddi, H.P.",Bacterial endotoxins,CDL Kolkata,portal,2025-02_all_nsq.json,37
2025-02,central,nsq,Compound Sodium Lactate Injection I.P. (Ringer Lactate Solution for Injection ) (Hi-Ring-RL ),F41799,Nov-2024,Oct-2027,"M/s. HIGGS HEALTHCARE , Khasra No-480/1, Bhatolikalan Baddi, H.P.",Bacterial endotoxins,CDL Kolkata,portal,2025-02_all_nsq.json,38
2025-02,state:DTL Thiruvananthapuram,nsq,Isosorbide Dinitrate Tablets IP [ISOMIC 10],PT- 42968,Aug-2024,Jul-2026,"Pharmaroots Healthcare, Khasra No. 411, Village Tipra.P.O, Barotiwala, Tehsil ,dist. Soaln (HP)",The sample does not conform to identification test for Isosorbide Dinitrate as per IP. Hence the sample is spurious and declared as Not of Standard Quality,DTL Thiruvananthapuram,portal,2025-02_all_nsq.json,39
2025-02,state:Puducherry,nsq,TELMISARTAN & HYDROCHLORO THIAZIDE TABLETS IP (Lanztel-H),RHT24- 401,,,"M/s Revantis Healthcare, Plot No. 124, HPSIDC, Industrial Area, Baddi, Distt. Solan (H.P)-173205","For the received sample Telmisartan & Hydrochlorothiazide Tablets IP, Presence of Spot and Rough Surface was observed which should not be present as per Drugs & Cosmetics (Amendment) Act, 2008 of DCC Guidelines on Not Of Standard Quality (NSQ) Drugs Approved in 1993 (Annexure A) Tablets vide serial No. (i) Presence of Spot/discoloration (vii) Rough surface and rule 124B of the Drugs Rules,1945. -NSQ",Puducherry,portal,2025-02_all_nsq.json,40
2025-02,state:Puducherry,nsq,TELMISARTAN TABLETS IP 40 mg (Leaftel-40),240390,,,"M/s. Sai sarvaa Biotech Pvt. Ltd., Plot No. 8 & 9, Balaji Nagar, Pattanur, Auroville (PO), Vanur(Tk), Villupuram (Dt), Pin ? 605 101.",Sheep Husbandry Supply / The sample is found spurious as the Assay contents of Cloprostenol Sodium I.P is found to be Nil and also fails in the Test for Sterility,Puducherry,portal,2025-02_all_nsq.json,41
2025-02,state:DTL Thiruvananthapuram,nsq,Balarishtam,57,Sep-2024,,"Sakthi Ayurveda Pharmaceuticals, Ottasekharamangalam, Neyyattinkara, Thiruvananthapuram","It fails the test ?Total Solids? , ?Specific Gravity?, ?Reducing Sugar? and ?Alcohol Content? as specified in the Laboratory protocol as per API",DTL Thiruvananthapuram,portal,2025-02_all_nsq.json,42
2025-02,state:Puducherry,nsq,RABEPRAZOLE ENTERIC COATED TABLETS IP 20mg (Rabelanz-20),SP/T/76 2,,,"M/s Signoret Pharmaceuticals Pvt.Ltd., Plot No. 556, Industrial area, Phase IX, SAS Nagar-160059","For the received sample Rabeprazole Enteric Coated Tablets IP 20mg, 1. Chipping and Rough surface defect was observed which should not be present as per Drugs & Cosmetics (Amendment) Act, 2008 of DCC Guidelines on Not Of Standard Quality (NSQ) Drugs Approved in 1993 (Annexure A) Tablets vide serial No. (V) Chipping and (Vii) Rough surface. 2. Cracking of the coating defect was observed which should not be present as prescribed under rule 124B of the Drugs Rules ,1945. 3. The label is mentioned as ?Approved colour used? but common name of the permitted colour used in the formulation as prescribed under rule 127(2) of the Drugs Rules ,1945 was not mentioned. 4. Does not comply with respect to test for Disintegration and Assay - NSQ",Puducherry,portal,2025-02_all_nsq.json,43
2025-02,state:Puducherry,nsq,SITAGLIPTIN IP 100mg TABLETS (LanZsita 100),SP/T/83 8,,,"M/s Signoret Pharmaceuticals Pvt.Ltd., Plot No. 556, Industrial Area, Phase IX, SAS Nagar-160059","For the received sample Sitagliptin IP 100mg Tablets (LanZsita 100), The label is mentioned as ?Approved colour used? but common name of the permitted colour used in the formulation as prescribed under rule 127(2) of the Drugs Rules ,1945 was not mentioned.- Misbranded",Puducherry,portal,2025-02_all_nsq.json,44
2025-02,state:Puducherry,nsq,SITAGLIPTIN PHOSPHATE 50 + METFORMIN 500MG TABLETS (LanZsita-M),SP/T/76 1,,,"M/s. SIGNORET PHARMACEUTICALS PVT.LTD., Plot No. 556, Industrial area, Phase IX, SAS nagar,-160059.","For the received sample SITAGLIPTIN PHOSPHATE 50 + METFORMIN 500MG TABLETS (LanZsita-M), The label is mentioned as ?Approved colour used? but common name of the permitted colour used in the formulation as prescribed under rule 127(2) of the Drugs Rules,1945 was not mentioned.-Misbranded",Puducherry,portal,2025-02_all_nsq.json,45
2025-02,state:Puducherry,nsq,"PIOGLITAZONE 15, GLIMEPIRIDE 2mg+ METFORMIN 500 mg (Lanzpride- PM2)",SP/T/74 3,,,"M/s. SIGNORET PHARMACEUTICALS PVT.LTD., Plot No. 556, Industrial area, Phase IX, SAS nagar,-160059.","For the received sample PIOGLITAZONE 15, GLIMEPIRIDE 2mg+ METFORMIN 500 mg (Lanzpride-PM2), 1. The label is mentioned as ?Approved colour used? but common name of the permitted colour used in the formulation as prescribed under rule 127(2) of the Drugs Rules,1945 was not mentioned. 2.For the received sample PIOGLITAZONE 15, GLIMEPIRIDE 2mg+ METFORMIN 500 mg (Lanzpride-PM2), On visual inspection pink coloured spots were observed on other side (white colour) of the tablets .-Misbranded",Puducherry,portal,2025-02_all_nsq.json,46
2025-02,state:DTL Thiruvananthapuram,nsq,Fevanex Rapid - 650[ Paracetamol Tab IP 650 mg],SRGT- 24471,Aug-2024,Jul-2026,"SPAS REMEDISE Vill, bersan P.O, Lodhi Majra, Tehsil Baddi, Dist.Solan (HP) 173 205",It fails the test ?Dissolution? Specified in the laboratory protocol as per IP,DTL Thiruvananthapuram,portal,2025-02_all_nsq.json,47
2025-02,state:DTL Srinagar (J&K) & MDTL Kathua (J&K),nsq,Xorcid-O Suspension,LSF- B0656,Jul-2023,Jun-2025,"Spen Formulations Pvt Ltd Plot No. 123, Industrial Area , Mehatpur, Distt. Una-174315 (H.P)",Under Investigation / The sample is found spurious as the Assay contents of Sucralfate and Oxetacaine are found to be NIL and also fails in the test for Description,DTL Srinagar (J&K) & MDTL Kathua (J&K),portal,2025-02_all_nsq.json,48
2025-02,state:Puducherry,nsq,CALCIUM WITH VITAMIN D3 TABLETS IP (S- CAL),ST2406 09,,,"M/s. Spycaa Life care Sciences Private Limited, No. 253/4C, Thiruvandavar Village, Sirupinayur Panchayat, Uthiramerur Taluk, Kancheepuram District, Pin-603 308","For the received sample, label is mentioned as ""Approved colour used"" but common name of the permitted colour used in the formulation as prescribed under rule 127(2) of the Drug Rule,1945 was not mentioned.-Misbranded",Puducherry,portal,2025-02_all_nsq.json,49
2025-02,central,nsq,Haloperidol Injection IP (Radipace),L2403/2,Mar-2024,Feb-2026,"M/s. SBS Biotech, Mouza Rampur Jattan, Nahan Road, Kala Amb, District Sirmour (H.P.)",Particulate matter and Description,CDL Kolkata,portal,2025-02_all_nsq.json,50
2025-02,central,nsq,Compound Sodium Lactate Injection IP (Ringer Lactate Solution for Injection),DCSL3021,Nov-2023,Oct-2026,"M/s. Eurolife Healthcare Pvt. Ltd., K.No-520, Bhagwanpur, Roorkee-247667, Uttarakhand","Particulate Contamination, Bacterial endotoxin test, Sterility and Description",CDL Kolkata,portal,2025-02_all_nsq.json,51
2025-02,central,nsq,Rabeprazole Sodium Injection IP,MD23H10,Aug-2023,Jul-2025,"M/s. Martin & Brown Bio- Sciences K. No. 918/419, Malkumajra, Nalagarh Road, Baddi, Dist- Solan (H.P) 173205","pH, Clarity of Solution, Particulate matter, Related Substances and Assay of Rabeprazole sodium",CDL Kolkata,portal,2025-02_all_nsq.json,52
2025-02,central,nsq,Rabeprazole Tablets IP 20 mg,MT-24E30,May-2024,Oct-2025,"M/s. Martin & Brown Bio- Sciences Pvt. Ltd. K. No. 918/419, Malkumajra, Nalagarh Road, Baddi, Distt. Solan (H.P.) 173205","Related Substances, Dissolution (Buffer Stage) and Assay of Rabeprazole Sodium",CDL Kolkata,portal,2025-02_all_nsq.json,53
2025-02,central,nsq,Azithromycin Oral Suspension I.P. (Azysafe Liquid-100 ),AZ1-206,Oct-2023,Mar-2025,"M/s. Overseas Healthcare Pvt. Ltd., 335KM Milestone, National Highway No.1, P.O. Box No.-25, Phillaur-144410 (Pb)",Uniformity of Volume,CDL Kolkata,portal,2025-02_all_nsq.json,54
2025-02,central,nsq,Phenytoin Sodium Injection USP,PTS-225A,May-2024,Apr-2026,"M/s. Pushkar Pharma, Kheri, Kala-Amb-173030 (H.P.)",Alcohol Content and Propylene Glycol content,CDL Kolkata,portal,2025-02_all_nsq.json,55
2025-02,central,nsq,Drotaverine Hydrochloride Tablets 40 mg. (Dratovis-40 ),12680,Jan-2024,Dec-2026,"M/s. Syncom Formulations (India) Ltd., Factory-256-257, Sector-1, Pithampur (Dhar )- 454775 , Madhya Pradesh India",Assay of Drotaverine Hydrochloride,CDL Kolkata,portal,2025-02_all_nsq.json,56
2025-02,central,nsq,Disinfectant Fluid Phenolic Type (Konark Super Phenyle),KSP-355,Dec-2024,May-2026,"M/s. Teedeecol (India), Hari Om Complex, Behind Sri Krishna Goshala, Bangali Para, Jharsuguda -768201 Odisha",Grade and Germicidal Value,CDL Kolkata,portal,2025-02_all_nsq.json,57
2025-02,central,nsq,"Levosalbutamol Sulphate, Ambroxol Hydrochloride & Guaiphenesin Syrup, (Blurex-LS Syrup)",TBHX0448,May-2024,Apr-2026,"M/s. Three B Healthcare Ltd., Opp. Dental college, Rampur Road, Paonta Sahib, Distt- Sirmour (HP)-173025",Assay of Ambroxol Hydrochloride,CDL Kolkata,portal,2025-02_all_nsq.json,58
2025-02,central,nsq,COMPOUND SODIUM LACTATE INJECTION IP 500 ml. (Ringers Lactate I.P. ) (RL),03BF2442,Mar-2024,Feb-2027,"M/s.Paschim Banga Pharmaceuticals (A Unit of Farista Vanijya Pvt. Ltd), NH- 31, Tin Mile Hat, Sonapur Hat, PS-Chopra, Dist-Uttar Dinajpur-733214 (W.B.)",Bacterial endotoxins,CDL Kolkata,portal,2025-02_all_nsq.json,59
2025-02,central,nsq,Ciprofloxacin Injection IP (0.2%w/v),09AF0075,May-2023,Apr-2026,"M/s.Paschim Banga Pharmaceuticals (A Unit of Farista Vanijya Pvt. Ltd), NH- 31, Tin Mile Hat, Sonapur Hat, P.S.-Chopra, Dist-Uttar Dinajpur-733214 (WB)",Particulate contamination,CDL Kolkata,portal,2025-02_all_nsq.json,60
2025-02,central,nsq,Carboxymethylcellulose Sodium Eye Drops IP 10 ml,MO24H19,Aug-2024,Jul-2026,"M/s. Martin & Brown Bio- Sciences Pvt. Ltd. K. No. 918/419 Malkumajra, Nalagarh Road, Baddi, Distt. Solan (HP) 173205",pH and Sterility,CDL Kolkata,portal,2025-02_all_nsq.json,61
2025-02,central,nsq,Rabeprazole Sodium Injection IP,MD24E30,May-2024,Apr-2026,"M/s. MARTIN & BROWN BIO- SCIENCES PVT. LTD., K.No- 918/419, Malkumajra, Nalagarh Road, Baddi, Dist- Solan (H.P.)-173205","pH, Clarity of Solution, Particulate matter and Description",CDL Kolkata,portal,2025-02_all_nsq.json,62
2025-02,central,nsq,Aminophylline Injection I.P .10 ml,MA23L108,Dec-2023,Nov-2025,"M/s. Martin and Brown Biosciences K.No-918/419, Malkumajra, Nalagarh Road, Baddi, Dist-Solan (H.P.)- 173205","Particulate matter, Assay of Ethylenediamine and Theophylline and Description",CDL Kolkata,portal,2025-02_all_nsq.json,63
2025-02,central,nsq,Telmisartan Tablets IP (TELMOPI-40 Tablets),23I-T2013,Dec-2023,Nov-2025,"M/s. Orison Pharma International, Vill. Khari, Mauza Ogli, Kala Amb, Distt. Sirmour - 173030 (H.P.)",Dissolution,RDTL Guwahati,portal,2025-02_all_nsq.json,64
2025-02,central,nsq,Co-trimoxazole Tablets I.P. (D.S.= Double Strength),PT30119,May-2023,Apr-2025,"OMEGA PHARMA,, Khasra No.482, Village Saliyar, Roorkee-247667, Distt. Haridwar. (Uttarakhand)",Dissolution (Sulphamethoxazol e and Trimethoprim),RDTL Guwahati,portal,2025-02_all_nsq.json,65
2025-02,central,nsq,Telmisartan Tablets IP 40mg (Savtel 40 Tablets),PT-40584,Feb-2024,Jan-2026,"Pharmaroots Healthcare, Khasra No. 411, Village Tipra, P.O. Barotiwala, Tehsil Baddi, Distt. Solan, H.P.",Dissolution,RDTL Guwahati,portal,2025-02_all_nsq.json,66
2025-02,central,nsq,Iron Sucrose Injection USP 100 mg/ 5 ml,23IS10,Dec-2023,Nov-2025,"Sai Parenterals Limited, D1 & D4, Survey No. 280, Phase-V, Ida, Jeedimetla, Hyderabad- 500055, Telangana, India.","""pH"", ""Alkalinity"" and ""Particulate Matter In Injection""",CDTL Mumbai,portal,2025-02_all_nsq.json,67
2025-02,central,nsq,Ferric Carboxymaltose Injection 500 mg/ 10 ml (For IV Injection / Infusion),SVI-24171A,Aug-2024,Jul-2026,"Sunvet Healthcare, Village Shambhuwala, Paonta Road, Distt. Sirmour (H.P.) 173001,","""Bacterial Endotoxins"", ""Sterility"" and ""Assay""",CDTL Mumbai,portal,2025-02_all_nsq.json,68
2025-02,central,nsq,Linezolid Tablets I.P. 600 mg. (ALINO-600 Tablets),VLB-GT-2500,Dec-2023,Nov-2025,"Vee Laboratories,, Village Kalier, Subathu, RoadSaproon (Post Office) Solan173211, Himachal Pradesh",Dissolution,RDTL Guwahati,portal,2025-02_all_nsq.json,69
2025-02,central,nsq,Lignocaine Hydrochloride Gel IP 5 % w/v (30 g),G407,Sep-2024,Aug-2026,"Gnosis Pharmaceuticals Pvt. Ltd., Nahan Road, Village Moginand, Kala- Amb Distt. Sirmour, H.P. - 173030.","""pH""",CDTL Mumbai,portal,2025-02_all_nsq.json,70
2025-02,central,nsq,Paracetamol & Diclofenac Sodium Tablets I.P. (IG Pyrin),IGN-2602,May-2023,Apr-2026,"I.G. PHARMA LTD., 12.4KM, MEERUT ROAD, ROORKEE, DIST. HARIDWAR (UK)",Dissolution of Paracetamol & Diclofenac Sodium,RDTL Guwahati,portal,2025-02_all_nsq.json,71
2025-02,central,nsq,Sucralfate USP,LSU2409105,Sep-2024,Aug-2029,"M/s. LEGEND INDUSTRIES, Unit-II, Plot No. C1/200-201/4, Phase-II, Opp. Encore Ltd., Naroda, G.I.D.C., Ahmedabad- 382 330",Spurious Identification and Assay of Sucralfate,CDL Kolkata,portal,2025-02_all_nsq.json,72
2025-02,central,nsq,Polywin Vitamin B Complex Injection (Polywin),MA24H16,Aug-2024,Jan-2026,"M/s. MARTIN & BROWN BIO- SCIENCES PVT. LTD., K.No- 918/419, Malkumajra, Nalagarh Road, Baddi, Dist- Solan (H.P.)-173205","Extractable volume, Particulate matter, Assay of Riboflavin Sodium Phosphate and Description",CDL Kolkata,portal,2025-02_all_nsq.json,73
2025-02,central,nsq,Sitagliptin Phoshpate Tablets I.P. (50 mg),MT243714,Nov-2024,Oct-2026,"M/s. Mascot Health Series Pvt. Ltd., Plot No. 79,80, Sec-6A, IIE, Sidcul, Haridwar 249403",Assay of Sitagliptin Phosphate,CDL Kolkata,portal,2025-02_all_nsq.json,74
2025-02,central,nsq,Amoxycillin & Clavulanate Potassium for Oral Suspension I.P. 3.6gm/30ml,724-37,Feb-2024,Jan-2026,"M/s. ZEE LABORATORIES LTD, Behind 47, Industrial Area, Paonta Sahib-173025",Identification and Assay/Content of Clavulanic Acid,RDTL Guwahati,portal,2025-02_all_nsq.json,75
2025-02,central,nsq,Sodium Bicarbonate Tablets U.S.P. 1000 mg (NABOSIS 1000 mg,T-2307270,Jul-2023,Jun-2025,"M/s. Rivpra Formulation Pvt. Ltd., Plot No. 8, Sector-6A, IIE SIDCUL, Haridwar-249 403 (U.K.",Description,CDTL Hyderabad,portal,2025-02_all_nsq.json,76
2025-02,"state:State Lab Drugs Control Laboratory, Telangana.",nsq,MIDAZOLAM Injection IP,24257,Aug-2024,Jul-2026,"M/s. T Walkers Pharmaceuticals Pvt Ltd, Gta No 285-B, Viii-Kasaramboli, Po Ambedvet, Tal- Mulshi, Dist Pune 411004 Maharashtra",NOT OF STANDARD QUALITY The sample Midazolam Injection I.P does not comply for Assay and pH parameters as per IP 2022.,"State Lab Drugs Control Laboratory, Telangana.",portal,2025-02_all_nsq.json,77
2025-02,state:DTL Srinagar (J&K) & MDTL Kathua (J&K),nsq,Cloprostenol Injection IP (Vet) (M Promate Injection),I241020,Oct-2024,Sep-2026,"Monatt Biotech E-31, New Focal Point Bathinda - 151005",Sheep Husbandry Supply / The sample is found spurious as the Assay contents of Cloprostenol Sodium I.P is found to be Nil and also fails in the Test for Sterility,DTL Srinagar (J&K) & MDTL Kathua (J&K),portal,2025-02_all_nsq.json,78
2025-02,"state:State Lab Drugs Control Laboratory, Telangana.",nsq,Amoxyheal-CV tablets Amoxycillin & Potassium Clavulanate Tablets I.P,TB2403 78A,Oct-2024,Sep-2026,"Polestar power industries(Pharma division) Damuwala, Haripur road, Barotiwala, Baddi, Distt: Solan (H.P.)- 174 103 HIMACHAL PRADESH","NOT OF STANDARD QUALITY The sample failed with respect to the test for Unifarmity of Weight for tablets, as 6 out of twenty tablets fall outside the prescribed limit of 5 percent.","State Lab Drugs Control Laboratory, Telangana.",portal,2025-02_all_nsq.json,79
2025-02,central,nsq,"Ferric Carboxymaltose Injection 1 g,/ 20 ml (For IV Injection / Infusion)",SVI-24168B,Aug-2024,Jul-2026,"Sunvet Healthcare, Village Shambhuwala, Paonta Road, Distt. Sirmour (H.P.) 173001,","""Bacterial Endotoxins"", ""Sterility"" and ""Assay""",CDTL Mumbai,portal,2025-02_all_nsq.json,80
2025-02,state:DTL Srinagar (J&K) & MDTL Kathua (J&K),nsq,Telfine -CT,T-1150,Jan-2024,Dec-2025,Cosmas Pharmacls Ltd. Buranwala Road Village Kotla P.O Barotiwala Solan (H.P) 174103 Mrk. By: NemaSis kabee Vakil Sahab Haveli Near Ansal Mall Bamba Mohalla Jodhpur India - 342001,The sample does not conform w.r.t the Assay contents of Telmisartan and Chlorthalidone,DTL Srinagar (J&K) & MDTL Kathua (J&K),portal,2025-02_all_nsq.json,81
2025-02,central,nsq,"Aceclofenac, Paracetamol & Serratiopeptidase Tablets (Acemarc-SP Tablets)",MT-306,Dec-2024,Nov-2026,"M/s Maha Avtar, Health Care Pvt. Ltd., D-22, Sector-17, Kavi Nagar Indl.Area, GZB-201002",Uniformity of weight,RDTL Chandigarh,portal,2025-02_all_nsq.json,82
2025-02,central,nsq,Levocetirizine Dihydrochloride Tablets IP 5 mg (Alercet-5),2411110,Nov-2024,Oct-2026,"M/s. Brij Healthcare Pvt. Ltd, 51/10, G.I.D.C Esatae, Motipura, Himatnagar - 383001, Gujarat",Dissolution,CDTL Indore,portal,2025-02_all_nsq.json,83
2025-02,central,nsq,Clonazepam Tablets IP 0.5 mg (NOZIM-0.5),DT40078,Dec-2024,Nov-2027,"M/s. Elikem Healthcare Private Limited, Plot/Survey No. 146, Near Sarbhara Beverages, Village - Borisana, Tal. - Kadi, Dist. - Mehsana - 382 715, Gujarat, India",Dissolution,CDTL Indore,portal,2025-02_all_nsq.json,84
2025-02,state:DTL Srinagar (J&K) & MDTL Kathua (J&K),nsq,Phenytoin Tablets IP 100 mg,T-1150,Apr-2024,Mar-2026,"Jackson Laboratories Pvt Ltd 22-24, Majitha Road Bye Pass Amritsar ? 143001 (India)",The sample does not conforms w.r.t the test for description,DTL Srinagar (J&K) & MDTL Kathua (J&K),portal,2025-02_all_nsq.json,85
2025-02,"state:SDTL Agartala, Tripura",nsq,Sodium Hypochlorite 5% (NaOCL),NSSH1 0,Jan-2024,Dec-2025,"Neucleus Scientific, Azara, Guwahati ? 781017 (Assam)",The Sample does not conform to standard in respect of the test ?Assay? performed.,"SDTL Agartala, Tripura",portal,2025-02_all_nsq.json,86
2025-02,"state:SDTL Agartala, Tripura",nsq,URINIF-SR (Nitrofurantoin Sustained Release Tablets I.P. 100 mg,USR- 186,Nov-2024,Oct-2026,"Overseas Health Care Pvt. Ltd., 335 km, Milestone, National Highway No. 1, P.O. Box No. 25, Philaur ? 144410, Punjab.",The sample does not conform to standard in respect of the test for ?Dissolution? test performed.,"SDTL Agartala, Tripura",portal,2025-02_all_nsq.json,87
2025-02,state:DTL Thiruvananthapuram,nsq,Amrutharishtam,58,Sep-2024,Sep-2027,"Sakthi Ayurveda Pharmaceuticals, Ottasekharamangalam, Neyyattinkara, Thiruvananthapuram","It fails the test ?Total Solids? , ?Specific Gravity?, ?Reducing Sugar? and ?Alcohol Content? as specified in the Laboratory protocol as per API",DTL Thiruvananthapuram,portal,2025-02_all_nsq.json,88
2025-02,"state:State Lab Drugs Control Laboratory, Telangana.",nsq,Moovrun tablets Diclofenac Sodium and Paracetamol tablets,DFP- 2403,Jan-2024,Dec-2025,"Concord Drugs Ltd . Sy no.249 ,Brahmanapally ,R.R.(DT),T.S.501505 Telangana","MISBRANDED DRUG The drug product Diclofenac sodium and Paracetamol tablets is offcially included in the current edition of Indian Pharmacopoeia IP 2022 and as required as per second schedule of the Drugs and Cosmetics Act, 1940 the said Product shall comply with the standards set out in the Indian Pharmacopoeia. But the designation IP in conjunction with the offcial title Diclofenac sodium and Paracetamol tablets on the label of the drug product was not mentioned as an indication that the drug product purports to comply with the IP satadards. Hence the drug product shall deemed to be MISBRANDED DRUG as per section 17 of Drugs and Cosmetics Act, 1940 as it is not labelled in the prescribed Manner.","State Lab Drugs Control Laboratory, Telangana.",portal,2025-02_all_nsq.json,89
2025-02,"state:State Lab Drugs Control Laboratory, Telangana.",nsq,Diclofenac Sodium tablets IP 50mg.,DT23- 38,Dec-2023,Nov-2025,"Leostar Healthcare Pvt. Ltd Sy No. 321, Plot No. 10, Biotect park phase- III, Genome valley, Karlapatla (V), Markook(M), Siddipet(Sist)502281,","NOT OF STANDARD QUALITY 1. While opening the strip, it is found that the tablets are not in intact condition. Hence sample is of Not of Standard Quality with respect to Description test parameter. 2. Disintegration test does not complies since the tablets disintegrated in acid medium completely. But as per IP the coating of the enteric coated should be in intact condition in acid medium. Hence sample is of Not of Standerd Quality with respect to Disintegration test parameter.","State Lab Drugs Control Laboratory, Telangana.",portal,2025-02_all_nsq.json,90
2025-02,"state:State Lab Drugs Control Laboratory, Telangana.",nsq,"Amrox-LS syrup Levosalbutamol Sulphate, Amborxol Hydrochloride & Guaipenesin syrup",AJLH24 051,Jun-2024,May-2026,"M/s. Leeford Healthcare Ltd. Plot No. 88-B, EPIP, Phase ? II, Village- Thana, Baddi, Distt. Solan (H.P) 173205 HIMACHAL PRADESH","MISBRANDED DRUG In the composition the label should be mentioned as Levosalbutamol Sulphate IP equivalent to Levosalbutamol. But the label is mentioned as only Levosalbutamol Sulphate IP, equivalent to Levosalbutamol as not mentioned. Hence it is a Misbranded drug as per section 17 of Drugs and Cosmetics Act, as it is not labeled in the prescribed manner.","State Lab Drugs Control Laboratory, Telangana.",portal,2025-02_all_nsq.json,91
2025-02,"state:State Lab Drugs Control Laboratory, Telangana.",nsq,Cefixime Dispersible Tablets IP 100 mg,oo84,Oct-2024,Mar-2026,"Stride Organics Private Limited SY.No.265/P,Kondapur(Vill.),Ghatkes ar,Medchal District(T.S.) Telangana","MISBRANDED DRUG 1. The sample is deemed to be misbranded as it is labeled only with the words approved colours used but fails to include the common name of the color on the label, as required by Rule 127(2) of the Drugs Rules, 1945. 2. Additionally, the label does not state that the tablets should be dispersed in water immediately before use, as required by the IP 2022 monograph for Cefixime Dispersible tablets. Hence, the drug is deemed Misbranded under section 17 of the Drug and Cosmetics Act, 1940 as it is not labeled in the prescribed manner.","State Lab Drugs Control Laboratory, Telangana.",portal,2025-02_all_nsq.json,92
2025-02,state:DTL Thiruvananthapuram,nsq,Liquid Paraffin IP,163,Mar-2024,Aug-2026,"Medi smith Pharma Lab, #20A 1 st phase, KIADB, Mysore Road Kumbalagodu, Bangalore- 560074",It fails the test ?Light Absorption? specified in the laboratory protocol as per IP,DTL Thiruvananthapuram,portal,2025-02_all_nsq.json,93
2025-02,state:DTL Thiruvananthapuram,nsq,Vitamin B Complex Tablets N.F.I,VBT241 6,Mar-2024,Feb-2026,"Modern Laboratories 45-47, Sector D- 2, Industrial area, Sanwer Road, Indore (MP) 452 015","The sample does not conform to IP standards to Descriptive part for tablets As per IP, the tablets should have sufficient hardness to withstand handling without crumbling or breaking. The tablets are soft and in powdered form and cannot be removed from strip in intact form and further tests cannot be performed for the reason specified in the laboratory protocol.",DTL Thiruvananthapuram,portal,2025-02_all_nsq.json,94
2025-02,state:DTL Thiruvananthapuram,nsq,Paracetamol Tab IP [Parayes -500 ),423- 1582,Sep-2023,Aug-2026,"Zee Laboratories Ltd, behind 47, Industrial Area, Paonta Sahib- 173 025",It fails the test ?Dissolution? Specified in the laboratory protocol as per IP,DTL Thiruvananthapuram,portal,2025-02_all_nsq.json,95
2025-02,state:DTL Thiruvananthapuram,nsq,Telmisartan Tab IP 40 mg [Telmasil-40],TBS 034,Mar-2024,Feb-2026,"RTN Pharma, Sy. No. 675/2, Plot No.15, 17, 18 & 19 Bharathiyar Nagar, Avalapalli Road, Hosur- 635 109 , Tamil Nadu",It fails the test ?Dissolution? Specified in the laboratory protocol as per IP,DTL Thiruvananthapuram,portal,2025-02_all_nsq.json,96
2025-02,state:Puducherry,nsq,CEFIXIME & LACTIC ACID BACILLUS TABLETS (AFIX- L 200),MDP - 785,,,"M/s. MEDINOK HEALTHCARE PVT. LTD., R.S.No. 2/1, Plot No. 87,88,89, Vazhudhavur Main Road, Kurumbapet, Puducherry ? 605 009.","For the received sample Cefixime & Lactic Acid Bacillus tablets (AFIX- L 200), (i) The label on the secondary packaging, name of the colour information is concealed ,whereas the primary packaging label specifies 'Red oxide of Iron' as the colour. This discrepancy indicates a mismatch between the primary and secondary packaging labels. (ii) The primary packaging label claims the tablet colour is ' Red oxide of Iron' but physical verification of the tablet observed as pale yellow colour. - NSQ",Puducherry,portal,2025-02_all_nsq.json,97
2025-02,state:Puducherry,nsq,PREGABALIN AND METHYLCOBALA MIN CAPSULES (Amalin Plus ),MDP- 774,,,"M/s. MEDINOK HEALTHCARE PVT. LTD., R.S.No. 2/1, Plot No. 87,88,89, Vazhudhavur Main Road, Kurumbapet, Puducherry ? 605 009.","The sample received is labelled as PREGABALIN AND METHYLCOBALAMIN CAPSULES, however PREGABALIN AND METHYLCOBALAMIN CAPSULES is an official IP monograph (2022) hence should be labelled as PREGABALIN AND METHYLCOBALAMIN CAPSULES IP- Misbranded",Puducherry,portal,2025-02_all_nsq.json,98
2025-02,state:DTL Thiruvananthapuram,nsq,Acetazolamide Tablets IP 250 mg,T 240840,Aug-2024,Jul-2027,"Micron Pharmaceuticals, 2117, A-2, PhaseIII, GIDC, Vapi- 396 195",It fails the test ?Dissolution? Specified in the laboratory protocol as per IP,DTL Thiruvananthapuram,portal,2025-02_all_nsq.json,99
2025-02,state:DTL Thiruvananthapuram,nsq,Asokarishtam,56,Sep-2024,Sep-2027,"Sakthi Ayurveda Pharmaceuticals, Ottasekharamangalam, Neyyattinkara, Thiruvananthapuram","It fails the test ?Total Solids? , ?Specific Gravity?, ?Reducing Sugar? and ?Alcohol Content? as specified in the Laboratory protocol as per API",DTL Thiruvananthapuram,portal,2025-02_all_nsq.json,100
2025-02,state:Puducherry,nsq,ACECLOFENAC & PARACETAMOL TABLETS (ACPON-P),ACP- 046,,,"M/s Rippon Laboratories No.44-45, Palaniappa Nagar, Othiyampet, Villianur commune, Puducherry-605 110","The sample received is labelled as ACECLOFENAC & PARACETAMOL TABLETS (ACPON-P), however ACECLOFENAC & PARACETAMOL TABLETS is an official IP monograph (Addendum 2024) hence should be labelled as ACECLOFENAC & PARACETAMOL TABLETS IP.- Misbranded",Puducherry,portal,2025-02_all_nsq.json,101
2025-02,state:Puducherry,nsq,"METHYLCOBALA MIN, FOLIC ACID, ALPHA LIPOIC ACID, VITAMIN B6, CHROMIUM PICOLINATE, SODIUM SELENITE & ZINC SOFT GELATIN CAPSULES (Mi- 6)",SOD- 2470,,,"M/s. Symbiosis Pharmaceuticals Pvt. Ltd., At C/o Ovation Remedies Behind IITT Engg. College, Trilokpur Road, Kala Amb. Distt. Sirmour, HP - 173030",Does not comply with respect to test for Disintegration -NSQ,Puducherry,portal,2025-02_all_nsq.json,102
2025-02,state:Puducherry,nsq,DICLOFENAC SODIUM AND PARACETAMOL TABLETS I.P (DiCLOWiN PLUS),DPT- 5765,,,"M/s. Wings Biotech LLP, 43 & 44, HPSIDC, Industrial Area, Baddi ? 173 205 (H.P)",Does not comply with respect to Assay for Diclofenac sodium -NSQ,Puducherry,portal,2025-02_all_nsq.json,103
2025-03,central,nsq,Pantoprazole Gastro- Resistant Tablets IP 40 mg (Pantojack-40),T-1261,Apr-2024,Mar-2026,"M/s. Jackson Laboratories Pvt.Ltd, 22-24, Majitha Road, Bye Pass, Amritsar-143 001(India)",Description and Dissolution,"RDTL, Guwahati",portal,2025-03_all_nsq.json,1
2025-03,central,nsq,Calcium Carbonate 500 mg + VIT. D3 250 IU TABLETS IP (CALXIA 500 ),GTL1258,Dec-2024,Nov-2026,"M/s. Gidsha Pharmaceuticals, Plot No.-611 612, Mega GIDC, Kharedi, Dahod-389151, Gujarat.",Dissolution (for Calcium),"CDL, Kolkata",portal,2025-03_all_nsq.json,2
2025-03,central,nsq,Calcium Carbonate 500 mg + VIT. D3 250 IU TABLETS IP (CALXIA 500 ),GTL1296,Dec-2024,Nov-2026,"M/s. Gidsha Pharmaceuticals, Plot No.-611 612, Mega GIDC, Kharedi, Dahod-389151, Gujarat.",Dissolution (for Calcium),"CDL, Kolkata",portal,2025-03_all_nsq.json,3
2025-03,central,nsq,Calcium Carbonate 500 mg + VIT. D3 250 IU TABLETS IP (CALXIA 500 ),GTL1288,Dec-2024,Nov-2026,"M/s. Gidsha Pharmaceuticals, Plot No. 611 612, Mega GIDC, Kharedi, Dahod-389151, Gujarat",Dissolution (for Calcium),"CDL, Kolkata",portal,2025-03_all_nsq.json,4
2025-03,central,nsq,Calcium Carbonate 500 mg + VIT.D3 250 IU TABLETS IP (CALXIA- 500 ),GTL1307,Dec-2024,Nov-2026,"M/s. Gidsha Pharmaceuticals, Plot No.-611 612, Mega GIDC, Kharedi, Dahod-389151, Gujarat",Dissolution (for Calcium),"CDL, Kolkata",portal,2025-03_all_nsq.json,5
2025-03,central,nsq,Calcium CarbonateE 500 mg + VIT. D3 250 IU TABLETS IP (CALXIA-500 ),GTL1312,Dec-2024,Nov-2026,"M/s. Gidsha Pharmaceuticals, Plot No.-611 612, Mega GIDC, Kharedi, Dahod-389151, Gujarat",Dissolution (for Calcium),"CDL, Kolkata",portal,2025-03_all_nsq.json,6
2025-03,central,nsq,Calcium Carbonate 500 mg + VIT. D3 250 IU TABLETS IP (CALXIA- 500 ),GTL1313,Dec-2024,Nov-2026,"M/s. Gidsha Pharmaceuticals, Plot No.-611 612, Mega GIDC, Kharedi, Dahod-389151, Gujarat",Dissolution (for Calcium),"CDL, Kolkata",portal,2025-03_all_nsq.json,7
2025-03,central,nsq,Calcium Carbonate 500 mg.+VIT. D3 250IU TABLETS IP (CALXIA- 500 ),GTL1314,Dec-2024,Nov-2026,"M/s. Gidsha Pharmaceuticals, Plot No.-611 612, Mega GIDC, Kharedi, Dahod-389151, Gujarat",Dissolution (for Calcium),"CDL, Kolkata",portal,2025-03_all_nsq.json,8
2025-03,central,nsq,Calcium Carbonate 500 mg.+VIT. D3 250 IU TABLETS IP (CALXIA- 500 ),GTL1315,Dec-2024,Nov-2026,"M/s. Gidsha Pharmaceuticals, Plot No.-611 612, Mega GIDC, Kharedi, Dahod-389151, Gujarat",Dissolution (for Calcium),"CDL, Kolkata",portal,2025-03_all_nsq.json,9
2025-03,state:Drugs Testing Laboratory Thiruvananthapuram,nsq,Fexofenadine Tab IP [Fexodil-180],T ? 3105,Oct-2024,Sep-2026,"Jackson Laboratories Pvt Ltd, 22-24, Majitha Road, Byepass, Amritsar - 143 001",It fails the test ?Dissolution? as per IP,Drugs Testing Laboratory Thiruvananthapuram,portal,2025-03_all_nsq.json,10
2025-03,central,nsq,Pantoprazole tablets IP 40 mg,81,May-2024,Apr-2026,"M/s. Hindustan Antibiotics Ltd., Pimpri, Pune-411018, INDIA",Dissolution (Buffer Stage),"CDL, Kolkata",portal,2025-03_all_nsq.json,11
2025-03,central,nsq,Sacubitril and Valsartan Tablets 50 mg (SVJAJ 50),SVA04H24C,Aug-2024,Jul-2026,"M/s.Bajaj Healthcare Ltd., R.S. No. 1818, Manjusar- Savli Road, At & Post- Manjusar, Tal. Savli Dist. Vadodra - 391775, Gujarat, India.","""Assay""/ content of ""Sacubitril"" and ""Valsartan""",CDTL-Mumbai,portal,2025-03_all_nsq.json,12
2025-03,central,nsq,Infusion Set (BMD),BIV-020,Aug-2024,Jul-2027,"M/s.Bhagwati Medicare devices, 8, Maruti Industrial Estate, Nr. Sindhvai Mata Temple, C.T.M.- Ramol Road, Amraiwadi, Ahmedabad- 380026. Gujarat (India)",Sterility,"RDTL, Guwahati",portal,2025-03_all_nsq.json,13
2025-03,central,nsq,Atorvastatin Tablets IP (GATOVAS- 20),CT24250423,Jun-2024,May-2026,"M/s.CMG Biotech Pvt. Ltd., (Unit-II), Plot No.58, Phase-III, Industrial Area, Sansarpur Terrace, HP- 176501. Mkt By : Same as manufacturer","""Related substances""",CDTL-Mumbai,portal,2025-03_all_nsq.json,14
2025-03,central,nsq,Atorvastatin Tablets IP 10 mg,57,Sep-2024,Aug-2026,"M/s.Hindustan Antibiotics Ltd., Pimpri, Pune- 411 018, India.","""Related substances""",CDTL-Mumbai,portal,2025-03_all_nsq.json,15
2025-03,central,nsq,Montelukast and Levocetirizine Tablet (Dumont-L ),DML 062,Dec-2024,Nov-2027,"M/s.Hygeia Pharmaceuticals Mfg (P) Ltd., 608, Dwarir Road, Dhamaitala, P.O.- Dakshin Jagaddal, Dist-24 Pgs(S), Pin-700151, W.B.",Dissolution of Levocetirizine Hydrochloride and Montelukast,"CDL, Kolkata",portal,2025-03_all_nsq.json,16
2025-03,central,nsq,Pantoprazole Sodium Gastro-Resistant & Domperidone Prolonged-Release Capsules IP (Pengin- DSR Capsules),NHD24057D,Jan-2024,Dec-2025,"M/s.Nest Healthcare Private Limited., Plot No. 300, G.I.D.C., Odhav, Ahmedabad- 382415 (Guj.). India. Mkt By : Megan healthcar, C-403, 4th Floor, Abhishek Complex 1, Opp. Haripura Bus Stop, Babupura, Asarwa, Ahmedabad, Gujarat.","""Dissolution for Domperidone""",CDTL-Mumbai,portal,2025-03_all_nsq.json,17
2025-03,central,nsq,Calcium& Vitamin D3 Tablets IP,QT23144,Nov-2024,Oct-2026,"M/s.Quest Laboratories Limited, Plot No.-45, Sector-III, Pithampur, Dist-Dhar-454775 (M. P.)","Description, Dissolution (for Calcium) and Assay of Elemental Calcium","CDL, Kolkata",portal,2025-03_all_nsq.json,18
2025-03,central,nsq,"Omega-3 Fatty Acid, Green Tea Extract, Ginkgo Biloba, Ginseng Extract, Grape Seed Extract, Multimineral, Multivitamin with Antioxidants and Trace Elements Softgel Capsules (VRICH-24 CAPSULES)",RHSD-3149F,Feb-2024,Jan-2026,"M/s.Ramom Healthcare Pvt.Ltd. (An ISO & GMP Certified Company), Plot No.58, Sector-5, Parwanoo (HP)","Assay of Magnesium Oxide calculated as elemental Magnesium, Vitamin D3, Ferrous Fumarate, Zinc Oxide calculated as elemental Zinc, Copper Sulphate Pentahydrate calculated as elemental Copper, Manganese Sulphate calculated as elemental Manganese, Calcium Ascorbate, Citrus Bioflavonoids, Vitamin B6, Folic acid","RDTL,
Chandigarh",portal,2025-03_all_nsq.json,19
2025-03,central,nsq,"Lactulose Solution U.S.P. (Reevac), 100 ml",R23K015,Nov-2023,Oct-2025,"M/s.Rhombus Pharma Private Limited., 816/1, Rakanpur, Kalol- 382721 (Gujarat)","""Organic impurities""",CDTL-Mumbai,portal,2025-03_all_nsq.json,20
2025-03,central,nsq,Sodium Bicarbonate Tablets U.S.P. 1000 mg,T-2401309,Jan-2024,Dec-2025,"M/s.Rivpra Formulation Pvt. Ltd., Plot No.8, Sector-6A, I.I.E., SIDCUL, Haridwar- 249 403 (U.K.). Manufatured for : Pharmaceuticals and Medical Devices Bureau of India (PMBI), 8th Floor, Videocon Tower, Block E-1, Jhandewalan Extension, New Delhi-110 055.","""Description""",CDTL-Mumbai,portal,2025-03_all_nsq.json,21
2025-03,central,nsq,Dexamethasone Sodium Phosphate Injection IP (Dexagain Injection ),VHI274001,Dec-2024,Nov-2026,"M/s.Vidit Healthcare, Village Kishanpura, Paonta Sahib, Distt-Sirmour, H.P.-173025",Assay of Dexamethasone Sodium Phosphate calculated as Dexamethasone Phosphate,"CDL, Kolkata",portal,2025-03_all_nsq.json,22
2025-03,"state:State Lab,
Drugs Control Laboratory, Telangana.",nsq,Folic Acid Tablets IP 5mg,TS7552,Jan-2024,Dec-2025,"Mfg By: Adroit Pharmaceuticals Pvt.Ltd, 46, Garoba Maidan, Nagpur - 8, Maharashtra.",Sample Does not complies in respect of Dissolution Test as per IP.,"State Lab,
Drugs Control Laboratory, Telangana.",portal,2025-03_all_nsq.json,23
2025-03,"state:State Lab,
Drugs Control Laboratory, Telangana.",nsq,"Panaval-40 tablets, Pantoprazole Gastro-resistant tablets IP 40 mg,",BLT- 231650,Feb-2024,Jan-2026,"Mfg By: Brit Life science Sainwala, Kaula Wala Bhoodroad, Kala Amb, Distt. Sirmour, HP-173 030. Himachal Pradesh. Mrkt: M/s. Avel Life Sciences.","The sample does not complies for Dissolution test a per IP Secifications, hence the sample is of Not of Standard Quality.","State Lab,
Drugs Control Laboratory, Telangana.",portal,2025-03_all_nsq.json,24
2025-03,"state:State Lab,
Drugs Control Laboratory, Telangana.",nsq,"Albendazole Tablets I.P. 400 mg,",C25F94 4017,Jun-2024,May-2026,"Mfg By: Concept Pharmaceuticals Ltd, Khasra No. 104, Asaf Nagar, Roorkee - 247 667. Uttarakhand.","The sample does not meet the Dissolution test parameter as per IP specifications, hence it is of Not of Standard Quality.","State Lab,
Drugs Control Laboratory, Telangana.",portal,2025-03_all_nsq.json,25
2025-03,"state:State Lab,
Drugs Control Laboratory, Telangana.",nsq,Paracetamol IP Paediatric syrup 125mg/5ml,KGP. 240227.,Feb-2024,Jan-2026,"Mfg By: Karuppharma Pvt.Ltd., D. NO. 2-67, Sy.No.68, Kachivani Singaram, Ghatkesar mandal, Medchal - Malkajgiri Dist. Telangana.","MISBRANDED The label of the sample indicates only Approved Coloures Used but failed to indicate the common name of the color, as required as per Rule 127(2) of the Drugs Rules, 1945. Hence the drug is deemed to be Misbranded as per Section 17 of the Drugs and Cosmetics Act, 1940, as the drug is not labeled in the prescribed manner.","State Lab,
Drugs Control Laboratory, Telangana.",portal,2025-03_all_nsq.json,26
2025-03,"state:State Lab,
Drugs Control Laboratory, Telangana.",nsq,"Albendazole Tablets IP 400 mg,",T24/024 A,Dec-2024,Nov-2026,"Mfg By: M/s. Samkem 15-B & 10-B, A.K.V.N. Industrial Area, Rangwasa, Rao, Indore - 453331. (M.P). Madhya Pradesh.",Sample does not meets the Specifications wrt. Dissolution Test as per IP.,"State Lab,
Drugs Control Laboratory, Telangana.",portal,2025-03_all_nsq.json,27
2025-03,"state:State Lab,
Drugs Control Laboratory, Telangana.",nsq,"Albendazole Tablets IP 400 mg,",T24/010 A,Dec-2024,Nov-2026,"Mfg By: M/s. Samkem 15-B & 10-B, A.K.V.N. Industrial Area, Rangwasa, Rao, Indore - 453331. (M.P). Madhya Pradesh. (WHO-GMP & GLP Certified Company)(An ISO 9001: 2015 Certified Company) Madhya Pradesh.",Sample does not meets the Specifications wrt. Dissolution Test as per IP.,"State Lab,
Drugs Control Laboratory, Telangana.",portal,2025-03_all_nsq.json,28
2025-03,"state:State Lab,
Drugs Control Laboratory, Telangana.",nsq,"Albendazole Tablets IP 400 mg,",T24/012 A,Dec-2024,Nov-2026,"Mfg By: M/s. Samkem 15-B & 10-B, A.K.V.N. Industrial Area, Rangwasa, Rao, Indore - 453331. (M.P). Madhya Pradesh. (WHO-GMP & GLP Certified Company)(An ISO 9001: 2015 Certified Company) Madhya Pradesh.",Sample does not meets the Specifications wrt. Dissolution Test as per IP.,"State Lab,
Drugs Control Laboratory, Telangana.",portal,2025-03_all_nsq.json,29
2025-03,"state:State Lab,
Drugs Control Laboratory, Telangana.",nsq,"Albendazole Tablets IP 400 mg,",T24/013 A,Dec-2024,Nov-2026,"Mfg By: M/s. Samkem 15-B & 10-B, A.K.V.N. Industrial Area, Rangwasa, Rao, Indore - 453331. (M.P). Madhya Pradesh.",Sample does not meets the Specifications wrt. Dissolution Test as per IP.,"State Lab,
Drugs Control Laboratory, Telangana.",portal,2025-03_all_nsq.json,30
2025-03,"state:State Lab,
Drugs Control Laboratory, Telangana.",nsq,"Albendazole Tablets IP 400 mg,",T24/025 A,Dec-2024,Nov-2026,"Mfg By: M/s. Samkem 15-B & 10-B, A.K.V.N. Industrial Area, Rangwasa, Rao, Indore - 453331. (M.P). Madhya Pradesh.",Sample does not meets the Specifications wrt. Dissolution Test as per IP.,"State Lab,
Drugs Control Laboratory, Telangana.",portal,2025-03_all_nsq.json,31
2025-03,"state:State Lab,
Drugs Control Laboratory, Telangana.",nsq,"Albendazole Tablets IP 400 mg,",T24/012 A,Dec-2024,Nov-2026,"Mfg By: M/s. Samkem 15-B & 10-B, A.K.V.N. Industrial Area, Rangwasa, Rao, Indore - 453331. (M.P). Madhya Pradesh.",Sample does not meets the Specifications wrt. Dissolution Test as per IP.,"State Lab,
Drugs Control Laboratory, Telangana.",portal,2025-03_all_nsq.json,32
2025-03,"state:State Lab,
Drugs Control Laboratory, Telangana.",nsq,"Mefifresh Tablets, Mefenamic Acid & Dicyclomine Hydrochloride Tablets,",T09243 9,Sep-2024,Aug-2027,"Mfg By: M/s. Swefn Pharmaceuticals Pvt.Ltd, 7, Sopan kesar Industrial Hub, Vil. Moraiya, Tal. Sanand, Dist. Ahmedabad - 382213 Gujarat. Mrkt: M/s. Smart Laboratories Pvt.Ltd, 1004, Brooklyn Tower, Nr. YMCA club, S.G. Highway, Ahmedabad 380051 (Guj).","MISBRANDED The drug product Mefenamic Acid and Dicyclomine HCL tablets is official in Indian Pharmacopoeia. But the letters IP is not mentioned on the strip after the product name Mefenamic Acid and Dicyclomine HCL tablets. Hence it is Misbranded drug under section 17 of Drugs and Cosmetics Act, 1940.","State Lab,
Drugs Control Laboratory, Telangana.",portal,2025-03_all_nsq.json,33
2025-03,"state:State Lab,
Drugs Control Laboratory, Telangana.",nsq,"Telmivaz Tablets, Telmisartan Tablets IP 40mg,",CMT242 202B,Nov-2024,Oct-2026,"Mfg By: Mascot Healthseries Pvt.Ltd, At - Plot No. 52, Sec-6A, IIE, Sidcul, Haridwar - 249 403, Uttarakhand. Mrkt: Saanso Life Sciences Pvt.Ltd, 1 st Floor, Quadrant 2, A1, Cyber Towers, Hitech city, Madhapur, Hyderabad, Telangana - 500081.","The tablet coating was found to adhere to the foil, and it was observed that the coating peeled off during the removal of the tablets from the strip. Hence, the sample does not comply with the test for Description of Tablets.","State Lab,
Drugs Control Laboratory, Telangana.",portal,2025-03_all_nsq.json,34
2025-03,"state:State Lab,
Drugs Control Laboratory, Telangana.",nsq,Norfloxacin Tablets IP 400mg,RNFT- 017,Oct-2024,Sep-2026,"Mfg By: Revat Laboratories Pvt.Ltd, 12-321, Opp IDA Kurnool road, Pernamitta, Ongole - 523002 Andhra Pradesh.",Sample Does not complies in respect of Dissolution Test as per IP.,"State Lab,
Drugs Control Laboratory, Telangana.",portal,2025-03_all_nsq.json,35
2025-03,"state:State Lab,
Drugs Control Laboratory, Telangana.",nsq,"Albendazole Tablets IP 400mg,",T24/009 A,Dec-2024,Nov-2026,"Mfg By: Samkem 15-B & 10-B, Akvn Industrialarea, Rangwasa, Rao, Indore - 453331, (MP), Madhya Pradesh.",Sample Does not complies in respect of Dissolution Test as per IP.,"State Lab,
Drugs Control Laboratory, Telangana.",portal,2025-03_all_nsq.json,36
2025-03,"state:State Lab,
Drugs Control Laboratory, Telangana.",nsq,"Albendazole Tablets IP 400mg,",T24/017 A,Dec-2024,Nov-2026,"Mfg By: Samkem 15-B & 10-B, Akvn Industrialarea, Rangwasa, Rao, Indore - 453331, (MP), Madhya Pradesh.",Sample Does not complies in respect of Dissolution Test as per IP.,"State Lab,
Drugs Control Laboratory, Telangana.",portal,2025-03_all_nsq.json,37
2025-03,state:Combined Food &  Drug Testing Laboratory Jammu (J&K) - Report attached as Annexure D,nsq,Aticold,TG24- 1268,Jun-2024,May-2026,Athens Lifesciences Mauza Rampur Jattan Nahan Road Kala Amb Distt. Sirmour H.P 173030 Mfg For : Telethon Healthcare SCF 236 Second Floor Sector 13 Manimajra Chandigarh UT,The sample does not conform to the IP 2022 requirement w.r.t Uniformity of weight & Disintegration Test,Combined Food &  Drug Testing Laboratory Jammu (J&K) - Report attached as Annexure D,portal,2025-03_all_nsq.json,38
2025-03,state:Drugs Testing Laboratory Thiruvananthapuram,nsq,Blue Heaven Get matte Lipstick (4g),KA4A1,Sep-2024,,"Blue Heaven Cosmetics (P) Ltd,Plot No. 15, Sector -4, IMT, Manesar, Gurugram, Haryana- 122052","It fails the test for the content of mercury in finished cosmetics products as specified in the Laboratory protocol as per Cosmetic Rules, 2020 for Standards of Cosmetics",Drugs Testing Laboratory Thiruvananthapuram,portal,2025-03_all_nsq.json,39
2025-03,state:Drugs Testing Laboratory Thiruvananthapuram,nsq,Avipathi Choornam,AV 461625,Jan-2025,Dec-2026,"Changethu Herbs & Drugs, Thonnallur, Pandalam","It fails the tests ?Total sugar?, ?Alcohol soluble Extractive ? and ?Water soluble Extractive?, as specified in the Laboratory Protocol as per API",Drugs Testing Laboratory Thiruvananthapuram,portal,2025-03_all_nsq.json,40
2025-03,state:Drugs Testing Laboratory Thiruvananthapuram,nsq,Fem cream Bleach,BM1516,Sep-2024,Jun-2026,"Dabur India Ltd, Village Manakpur, Tehsil, Baddi, Distt, Soaln (HP)- 174 101","It fails the test for the content of mercury in finished cosmetics products as specified in the Laboratory protocol . Does not conform to Cosmetic Rules, 2020 for Standards of Cosmetics",Drugs Testing Laboratory Thiruvananthapuram,portal,2025-03_all_nsq.json,41
2025-03,state:Drugs Testing Laboratory Thiruvananthapuram,nsq,Nature?s Essence Moisturing aloe beauty gel,BCC4A 3,Mar-2024,,"Esme Consumer Pvt Ltd,8, IP-II Salempur, Mehdood Haridwar- 249402","It fails the test for the content of ?mercury, parts per million? as specified in the Laboratory protocol as per IS 18429 : 2023 for specification of skin gel",Drugs Testing Laboratory Thiruvananthapuram,portal,2025-03_all_nsq.json,42
2025-03,state:Drugs Testing Laboratory Thiruvananthapuram,nsq,Goree Day & Night Beauty Cream,GDN17 5,Apr-2024,Mar-2027,"Goree Cosmetics (pvt)Ltd, Made in Pakisthan","It fails the test for the content of mercury in finished cosmetics products as specified in the Laboratory protocol as per Cosmetic Rules, 2020 for Standards of Cosmetics",Drugs Testing Laboratory Thiruvananthapuram,portal,2025-03_all_nsq.json,43
2025-03,state:Drugs Testing Laboratory Thiruvananthapuram,nsq,Niyo Plus Baby Shampoo,BBS121,Nov-2024,Oct-2026,"Jeevanam Healthcare, Punalur, Kollam, Kerala(Marketed by)","It fails the test ?Total microbial count , CFU/ml? as specified in the Laboratory Protocol as per IS 17117 : 2019 for specification of hair shampoo for babies.",Drugs Testing Laboratory Thiruvananthapuram,portal,2025-03_all_nsq.json,44
2025-03,state:Drugs Testing Laboratory Thiruvananthapuram,nsq,Silk & Sheen sandal face pack,1,Nov-2024,,"Kamal Home products, Gala No. 104, Nirav-7, S No.44,45,93,94, Village Sativali, Vasai(E), Distt.Thane-401 208","It fails the tests for total viable count and Gram negative pathogens, psuedomonas aeruginosa as specified in the Laboratory Protocol as per IS 14648 : 2011 for microbiological examination of Cosmetics",Drugs Testing Laboratory Thiruvananthapuram,portal,2025-03_all_nsq.json,45
2025-03,state:Drugs Testing Laboratory Thiruvananthapuram,nsq,Silk & Sheen Apricot Facial Scrub,1,Jul-2024,,"Kamal Home products, Gala No. 104, Nirav-7, S No.44,45,93,94, Village Sativali, Vasai (E),Taluka Vasai, Distt.Thane-401 208","It fails the test for the content of mercury in finished cosmetic products as specified in the Laboratory protocol as per Cosmetic Rules, 2020 for Standards of Cosmetics",Drugs Testing Laboratory Thiruvananthapuram,portal,2025-03_all_nsq.json,46
2025-03,state:Drugs Testing Laboratory Thiruvananthapuram,nsq,Karas 2 H Hygiene Hand Sanitizer 500 ml,IIACCJ2 4,Oct-2024,,"Karas Healthcare Private Ltd, 16/164B, Paravoor Road, Mannam, Vaniyakkad, North Paravur, Ernakulam, 683 520","The sample gives negative results for the presence of Ethyl , Alcohol and positive results for the presence of Methanol as per IP. The sample contains 78.39% v/v of Methanol as specified in the Laboratory Protocol. Hence the sample is spurious and declared as NSQ",Drugs Testing Laboratory Thiruvananthapuram,portal,2025-03_all_nsq.json,47
2025-03,state:Drugs Testing Laboratory Thiruvananthapuram,nsq,Paracetamol Tabl IP 500 mg,D 3213/24 -25,,,"Kerala Medical services Corporation Limited, Thycaud P.O, Thiruvananthapuram",It fails the tests dissolution specified in the Laboratory Protocol,Drugs Testing Laboratory Thiruvananthapuram,portal,2025-03_all_nsq.json,48
2025-03,state:Drugs Testing Laboratory Thiruvananthapuram,nsq,Paracetamol Tab IP 500 mg,D 2999/24 -25,,,"Kerala Medical services Corporation Limited, Thycaud P.O, Thiruvananthapuram",It fails the tests dissolution specified in the Laboratory Protocol,Drugs Testing Laboratory Thiruvananthapuram,portal,2025-03_all_nsq.json,49
2025-03,state:Drugs Testing Laboratory Thiruvananthapuram,nsq,Paracetamol Tab IP 500 mg,D 3212/24 -25,,,"Kerala Medical services Corporation Limited, Thycaud P.O, Thiruvananthapuram",It fails the tests dissolution specified in the Laboratory Protocol,Drugs Testing Laboratory Thiruvananthapuram,portal,2025-03_all_nsq.json,50
2025-03,state:Drugs Testing Laboratory Thiruvananthapuram,nsq,Paracetamol Tab IP 500 mg,D 3103/24 -25,,,"Kerala Medical services Corporation Limited, Thycaud P.O, Thiruvananthapuram",It fails the tests for dissolution and descriptive part for tablets as specified in the Laboratory Protocol as per IP,Drugs Testing Laboratory Thiruvananthapuram,portal,2025-03_all_nsq.json,51
2025-03,state:Drugs Testing Laboratory Thiruvananthapuram,nsq,Glimepiride Tab IP,GP4039,Mar-2024,Aug-2026,"Kerala State Drugs and Pharmaceuticals Limited, Kalavoor .P.O, Alappuzha -688 522",It fails the test ?Dissolution? Specified in the laboratory protocol as per IP,Drugs Testing Laboratory Thiruvananthapuram,portal,2025-03_all_nsq.json,52
2025-03,state:Drugs Testing Laboratory Thiruvananthapuram,nsq,Glimepiride Tab IP 1 mg,GP4053,Mar-2024,Feb-2026,"Kerala State Drugs and Pharmaceuticals Limited, Kalavoor .P.O, Alappuzha -688 522",It fails the Descriptive part for tablets as specified in the Laboratory Protocol as per IP,Drugs Testing Laboratory Thiruvananthapuram,portal,2025-03_all_nsq.json,53
2025-03,state:Drugs Testing Laboratory Thiruvananthapuram,nsq,Lilium Fruit Massage Cream,MCF240 8118,Sep-2024,,"Lilium Cosmetics Pvt Ltd,A-97, sector-80, Gautham Budh Nagar,Noida, Uttarpradesh-201306","It fails the test for Heavy metals (as pb) parts per million, as specifed in the Laboratory protocol as per IS 6608:2004 for specification of skin cream",Drugs Testing Laboratory Thiruvananthapuram,portal,2025-03_all_nsq.json,54
2025-03,central,nsq,Insulin Syringe (U-40 Insulin 1ml Syringe) (Mr. INJECT),123338,Dec-2023,Nov-2028,"M/s Biomed Healthcare Products Pvt. Ltd.,, Unit-II, Plot No. 62-65, Sector-6A, Sidcul, Haridwar 249403, Uttarakhand, India",Sterility,"RDTL, Guwahati",portal,2025-03_all_nsq.json,55
2025-03,state:DTL BADDI,nsq,Diclofenac Potassium & Paracetamol Tablets,CPT- 241506,Dec-2024,Nov-2026,"M/s Catasta Pharmaceuticals, Plot No. 113, DIC, Ind. Area, Baddi, Distt. Solan HP",Sample does not conforms to clain as per Patent & Proprietary in respect to the Assay of Diclofenac Pottassium,DTL BADDI,portal,2025-03_all_nsq.json,56
2025-03,central,nsq,Hydro Cellular Foam with ART Principle Antibacterial PU top Layer with Silicone Gel (Veflfix-S Border (Sacrum)),10241283L,Oct-2024,Sep-2027,"M/s Datt Mediproducts Pvt. Ltd., 52-54 & 63-64,Roz-ka- Meo Ind. Area, Nuh.Mewat- 122103, Haryana, India",Sterility,"RDTL,
Chandigarh",portal,2025-03_all_nsq.json,57
2025-03,central,nsq,Albendazole Tablets I.P. (DV-BEND 400),GTE1974,Jul-2024,Jun-2026,"M/s Digital Vision, 176, Mauza Ogli, Nahan Road, Kala-Amb, Dist. Sirmour (H.P.)- 173 030.","""Dissolution""",CDTL-Mumbai,portal,2025-03_all_nsq.json,58
2025-03,central,nsq,Chlorpheniramine Maleate Dextromethorphan Hydrobromide & Phenylephrine HCl Syrup (DXCP),ML-012,Aug-2024,Jul-2026,"M/s Maha Avtar, ., D-22, Sector-17, Kavi Nagar Indl.Area, GZB-201002.",Identification and Assay of Dextromethorpha n Hydrobromide,"RDTL,
Chandigarh",portal,2025-03_all_nsq.json,59
2025-03,state:State lab,nsq,Calagy ( Calamine Lotion I.P.),SPA243 098,Oct-2024,Sep-2026,"M/s Skymap Pharmaceuticals Pvt. Ltd, Roorkee",Sample does not conforms to clain as per I.P. 2022 w.r.t. assay of Zinc Oxide,State lab,portal,2025-03_all_nsq.json,60
2025-03,central,nsq,Alprazolam Tablets I.P. 0.50 mg (Calmpik-05),AT24266,Jul-2024,Jun-2027,"M/s. Aarpik Pharmaceuticals Pvt.Ltd., C1/306/5,Kerala G. I.D.C,Kerala Bavla Road,Dist. Ahmedabad",Dissolution,"RDTL, Guwahati",portal,2025-03_all_nsq.json,61
2025-03,central,nsq,Cholecalciferol (Vitamin D3) 60000 IU/gm Granule Sachet,TPD24015,Jul-2024,Jun-2026,"M/s. Affy Parenterals, Vill. Gullarwala, P.O. Baddi, Distt. Solan -173205 (HP)",Assay/content of Cholecalciferol (Vitamin D3),"CDL, Kolkata",portal,2025-03_all_nsq.json,62
2025-03,central,nsq,Cholecalciferol (Vitamin D3) 60000 IU/gm Granule Sachet,TPD24020,Jul-2024,Jun-2026,"M/s. Affy Parenterals, (WHO- CGMP/ISO 9001:2015 Certified Co.) Vill-Gullerwala, PO-Baddi, Dist-Solan-173205 (H.P.)",Assay/content of Cholecalciferol (Vitamin D3),"CDL, Kolkata",portal,2025-03_all_nsq.json,63
2025-03,central,nsq,Cholecalciferol (Vitamin D3 ) 60000 IU/gm Granule Sachet,TPD24019,Jul-2024,Jun-2026,"M/s. Affy Parenterals, (WHO- CGMP/ISO 9001:2015 Certified Co.) Vill-Gullerwala, PO-Baddi, Dist-Solan-173205 (H.P.)",Assay/content of Cholecalciferol (Vitamin D3),"CDL, Kolkata",portal,2025-03_all_nsq.json,64
2025-03,central,nsq,Cholecalciferol (Vitamin D3 ) 60000 IU/gm Granule Sachet,TPD24018,Jul-2024,Jun-2026,"M/s. Affy Parenterals, (WHO- CGMP/ISO 9001:2015 Certified Co.) Vill-Gullerwala, PO-Baddi, Dist-Solan-173205 (H.P.)",Assay/content of Cholecalciferol (Vitamin D3),"CDL, Kolkata",portal,2025-03_all_nsq.json,65
2025-03,central,nsq,Bupivacaine Hydrochloride In Dextrose Injection USP,AA4009,Mar-2024,Feb-2026,"M/s. Aishwarya Healthcare, Samardung, Kower Kabrey Block, South Sikkim-737137",Particulate matter (visible) and Description,"CDL, Kolkata",portal,2025-03_all_nsq.json,66
2025-03,central,nsq,Gentamicin Sulphate Injection IP (GENTAMICIN ),GN-37,Sep-2024,Aug-2026,"M/s. Amba research Laboratories, Road No.-21, Rajiv Nagar, Patna-24","Sterility, Particulate Matter and Description","CDL, Kolkata",portal,2025-03_all_nsq.json,67
2025-03,central,nsq,Amoxycillin & Potassium Clavulanate Injection IP.,AB193049A,May-2023,Apr-2025,"M/s. ANG Lifesciences India Ltd., Village: Kishanpura, Nalagarh Road, Tehsil: Baddi, Distt.: Solan, HP-174101",Assay (Content of Clavulanic Acid),"RDTL, Guwahati",portal,2025-03_all_nsq.json,68
2025-03,central,nsq,Nitrazepam Tablets I.P. 10 mg. (Nitravet-10),AXI23003P,Sep-2023,Feb-2028,"M/s. Anglo-French Drugs & Industries Limited, Plot No-4, Phase-II, Peenya Industrial Area, Peenya, Bengaluru-560 058",Spurious Identification and Assay of Nitrazepam,"CDL, Kolkata",portal,2025-03_all_nsq.json,69
2025-03,central,nsq,"Vitamin B1, Vitamin B2, Nicotinamide, Vitamin B6, Vitamin B12 & Calcium D-Pantothenate Syrup (B-Complex Syrup)",BOB-2451,Jun-2024,Nov-2025,"M/s. Apple Formulations Pvt. Ltd., Plot no. 208, Kishanpur, Roorkee-247667 (U.K.)",Total aerobic viable count under Microbial limit test,"CDL, Kolkata",portal,2025-03_all_nsq.json,70
2025-03,central,nsq,"Vitamin B1, Vitamin B2, Nicotinamide, Vitamin B6, Vitamin B12 & Calcium D-Pantothenate Syrup (B-Complex Syrup)",BOB-2440,Jun-2024,Nov-2025,"M/s. Apple formulations Pvt. Ltd., Plot no. 208, Kishanpur, Roorkee-247667 (U.K.)",Assay of Vitamin B12,"CDL, Kolkata",portal,2025-03_all_nsq.json,71
2025-03,"state:State Drugs Testing Laboratory, Kolkata, West Bengal.",nsq,Telvas H 40/12.5 (Telmisartan & Hydrochlorothiazide Tablets I.P.),SPB240 306,Feb-2024,Jan-2026,"M/s. Aristo Pharmaceutical Pvt. Ltd., Plot No. 2040-46, N.H.-10, Baghey Khola, P.O. Majhitar, East Sikkim-737 136.",Does not conform to I.P.,"State Drugs Testing Laboratory, Kolkata, West Bengal.",portal,2025-03_all_nsq.json,72
2025-03,"state:State Drugs Testing Laboratory, Kolkata, West Bengal.",nsq,Telvas-AM (Telmisartan & Amlodipine Tablets I.P.),BPG241 827,Jul-2024,Jun-2026,"M/s. Aristo Pharmaceutical Pvt. Ltd., Vill. Makhnumajra, P.O. Bhud, Dist. Solan, H.P.-173 205.",Does not conform to I.P.,"State Drugs Testing Laboratory, Kolkata, West Bengal.",portal,2025-03_all_nsq.json,73
2025-03,"state:State Drugs Testing Laboratory, Kolkata, West Bengal.",nsq,Telvas 40 (Telmisartan Tablets I.P. 40mg.),SPB240 221,Feb-2024,Jan-2026,"M/s. Aristo Pharmaceutical Pvt. Ltd., Plot No. 2040-46, N.H.-10, Baghey Khola, P.O. Majhitar, East Sikkim-737 136.",Does not conform to I.P.,"State Drugs Testing Laboratory, Kolkata, West Bengal.",portal,2025-03_all_nsq.json,74
2025-03,central,nsq,Ceftriaxone and Salbactam for Injection 1.5 g (TriaxS 1.5 g),DC40117,Sep-2024,Aug-2027,"M/s. Captab Biotec, Unit-II, Plot No. 125, E.P.I.P. Road, Mauja, Jharmajri, Baddi, Dist. Solan (H.P.)-173205",Particulate Matter and Description,"CDL, Kolkata",portal,2025-03_all_nsq.json,75
2025-03,central,nsq,Pantoprazole Gastro- Resistant and Domperidone Prolonged-release Capsules IP (Pantoryl- DSR ),MC-24229,Apr-2024,Mar-2026,"M/s. Matins Healthcare Pvt. Ltd., Plot No.-10, Sector-5, I.I.E., SIDCUL, HARIDWAR- 249403 (U.K.)",Dissolution of Pantoprazole Sodium in Buffer stage,"CDL, Kolkata",portal,2025-03_all_nsq.json,76
2025-03,"state:State Lab,
Drugs Control Laboratory, Telangana.",nsq,"Norfloxacin Tablets IP 400 mg,",RNFT- 016,Oct-2024,Sep-2026,"Mfg By: Revat Laboratories Pvt.Ltd, 12-321, Opp IDA Kurnool road, Pernamitta, Ongole - 523002 Andhra Pradesh.",Dissolution does not comply as per IP 2022.,"State Lab,
Drugs Control Laboratory, Telangana.",portal,2025-03_all_nsq.json,77
2025-03,state:CDL Kolkata,nsq,Sucralfate USP,LSU240 9105,Sep-2024,Aug-2024,"Legend Industries at unit-II Plot no C1/200-201/4 Phase-II, opp. Encore Ltd. Naroda GIDC Ahmedabad 382330",Sample does not conforms to U.S.P respect to identification and Assay of Sucralfate.,CDL Kolkata,portal,2025-03_all_nsq.json,78
2025-03,state:CDL Kolkata,nsq,Sucralfate USP,LSU240 9106,Sep-2024,Aug-2025,"Legend Industries at unit-II Plot no C1/200-201/4 Phase-II, opp. Encore Ltd. Naroda GIDC Ahmedabad 382331",Sample does not conforms to U.S.P respect to identification and Assay of Sucralfate.,CDL Kolkata,portal,2025-03_all_nsq.json,79
2025-03,state:DTL BADDI,nsq,Etoricoxib & Thiocolchicoside Soft gel Capsules (Sancap),CD- 242077,Dec-2024,Nov-2026,"M/s Capsoft Healthcare Pvt Ltd, Shed no 6, khasra no 760-761, khaslsa complex, Vill Karuana, Sai Road Baddi, Distt. Solan H.P.",Sample does not conforms to clain as per Patent & Proprietary in respect to the Assay of Etoricoxib & Thiocolchicoside,DTL BADDI,portal,2025-03_all_nsq.json,80
2025-03,central,nsq,Cefuroxime Axetil Tablets I.P. 500 mg (BREXETIL-500 ),ST-25345,Oct-2024,Sep-2026,"M/s. Sunvij Drugs Private Limited, 511, GIDC, Waghodia, Baroda-391760, Gujarat",Dissolution,"CDL, Kolkata",portal,2025-03_all_nsq.json,81
2025-03,central,nsq,Amoxicillin Sodium and Clavulanate Potassium (Sterile) 5:1,4032409004,Sep-2024,Aug-2028,"M/s. Shandong New Time Pharmaceuticals Co. Ltd., No.1, North Outer Ring Road, Feixian Country, Shandong Province, China",Particulate Matter,"CDL, Kolkata",portal,2025-03_all_nsq.json,82
2025-03,central,nsq,Pantoprazole Gastro- Resistant Tablets IP (Pantoshang-40),SP240165,Jun-2024,May-2026,"M/s. Shangrila Industries (P) Ltd., (Pharma Division) Mining Rangpo East Sikkim-737132",Dissolution (Buffer Stage),"CDL, Kolkata",portal,2025-03_all_nsq.json,83
2025-03,central,nsq,Itraconazole Capsules BP 100 mg (Fungis-100),C4050,Jun-2024,May-2026,"M/s. Merril Pharma Pvt. Ltd., Unit- II Plot No.24,25,31,32 Somnath Industrial Park, Kerala GIDC, Near Bavla, Ahmedabad -382220, Gujarat, India",Dissolution,"CDL, Kolkata",portal,2025-03_all_nsq.json,84
2025-03,central,nsq,"Vitamin C, Vitamin B12, Folic Acid and Niacinamide Injection (Curevit-12 (Combi Pack ))",CP-937,Dec-2024,May-2026,"M/s. Pharma Cure Laboratories, Garha Jalandhar 144022 Punjab",Particulate Matter and Description,"CDL, Kolkata",portal,2025-03_all_nsq.json,85
2025-03,central,nsq,Adrenaline Bitartrate Injection IP (Reoline Injection),AD-204,Nov-2024,Apr-2026,"M/s. Rathi Laboratories (Hindustan) Pvt. Ltd., Industrial Area, Patna-800013 Bihar","Appearance of solution, Particulate matter and Description","CDL, Kolkata",portal,2025-03_all_nsq.json,86
2025-03,central,nsq,Chlorhexidine Gluconate & Ethyle Alcohol Baed Hand and Skin Disinfectant (Safiser Hand Rub),IJWX/074,Sep-2023,Sep-2025,"M/s. SS Enterprises F-76,, Sector-8, Noida, G.B. Nagar (U.P.), India 201301","Assay of Ethyl alcohol, Chlorhexidine Gluconate","CDL, Kolkata",portal,2025-03_all_nsq.json,87
2025-03,central,nsq,"Methylcobalamin, Thiamine HCl, Pyridoxine HCl, D- Panthenol and Nicotinamide Injection (Nuropat)",UGA-24436E,Aug-2024,Jan-2026,"M/s. Ultra Drugs Pvt. Ltd., Plot No. 1315-1318, Manpura,Nalagarh Road, Distt. Solan (H.P.) 174101",Particulate Matter and Assay of Methylcobalamin,"CDL, Kolkata",portal,2025-03_all_nsq.json,88
2025-03,central,nsq,Chloramphenirol Eye Ointment I.P. 1% W/W (EXPHENICOL),1624-366,Jul-2024,Jun-2026,"M/s. Zee Laboratories Ltd., Behind 47, Industrial Area, Paonta Sahib-173025",Assay of Chloramphenicol,"CDL, Kolkata",portal,2025-03_all_nsq.json,89
2025-03,central,nsq,Ceftriaxone & Sulbactam for Injection IP (Cefamed-S),B4CT05E,Oct-2024,Sep-2026,"M/s. Lenus Lifecare Pvt. Ltd., Plot No. 1, Industrial Area, Chambaghat, Solan (H.P.)-173 213(India)","Clarity of Solution, Particulate matter and Description","CDL, Kolkata",portal,2025-03_all_nsq.json,90
2025-03,central,nsq,Rabeprazole Sodium Injection I.P.,MD23H29,Aug-2023,Jul-2025,"M/s. Martin and Brown Bio- sciences, K.No.-918/419, Malkumajra, Nalagarh Road, Baddi, Distt.-Solan (H.P.) - 173205","Particulate matter, Related Substances, Clarity of solution, pH, Assay of Rabeprazole Sodium and Description","CDL, Kolkata",portal,2025-03_all_nsq.json,91
2025-03,central,nsq,Rabeprazole Sodium Injection I.P.,MD23H27,Aug-2023,Jul-2025,"M/s. Martin and Brown Bio- sciences, K.No.-918/419, Malkumajra, Nalagarh Road, Baddi, Distt.-Solan (H.P.) - 173205","Clarity of solution, Particulate matter, Related Substances, pH, Assay of Rabeprazole Sodium and Description","CDL, Kolkata",portal,2025-03_all_nsq.json,92
2025-03,central,nsq,Iron Sucrose Injection USP,MA24G46,Jul-2024,Jun-2026,"M/s. Martin and Brown Bio- sciences Pvt. Ltd., K.No.- 918/419, Malkumajra, Nalagarh Road, Baddi, Distt.- Solan (H.P.) -173205",pH,"CDL, Kolkata",portal,2025-03_all_nsq.json,93
2025-03,central,nsq,Domperidone Suspension IP,DPS3-24- 225,Aug-2024,Jul-2026,"M/s. Ornate Labs Pvt. Ltd., Bela Industrial Estate, Muzaffarpur-842005",Total aerobic viable count under Microbial contamination test and Assay/content of Domperidone,"CDL, Kolkata",portal,2025-03_all_nsq.json,94
2025-03,central,nsq,Tranexamic Acid Injection I.P. (Tranexacure Injection ),TC-038,Dec-2024,Nov-2026,"M/s. Pharma Cure Laboratories, Garha Jalandhar 144022 Punjab",Particulate Matter and Description,"CDL, Kolkata",portal,2025-03_all_nsq.json,95
2025-03,central,nsq,Iron Sucrose Injection USP 100 mg/5ml,24RS13,Oct-2024,Sep-2026,"M/s. SAI Parenterals Limited, D1 &D4, Survey No. 280, Phase-V, IDA, Jeedimetla, Hyderabad-500055, TS",Alkalinity and pH,"CDL, Kolkata",portal,2025-03_all_nsq.json,96
2025-03,central,nsq,Aceclofenac & Paracetamol Tablets (ALDIGESIC P ),BHT23229M B,Sep-2023,Aug-2025,"M/s. Sri Ram Healthcare Pvt. Ltd., Plot No.-81-C/2, EPIP, Phase-1, Jharmajri, Baddi, Dist-Solan (H.P.)-174103",Description,"CDL, Kolkata",portal,2025-03_all_nsq.json,97
2025-03,central,nsq,Omeprazole for Injection (Lyophilized) 40 mg (Fexona ),324-609,May-2024,Apr-2027,"M/s. Zee Laboratories Ltd., Behind 47, Industrial Area, Paonta Sahib-173025",Sterility of Water for Injection,"CDL, Kolkata",portal,2025-03_all_nsq.json,98
2025-03,central,nsq,Omeprazole for Injection (Lyophilized) 40 mg (Fexona ),324-608,May-2024,Apr-2027,"M/s. Zee Laboratories Ltd., Behind 47, Industrial Area, Paonta Sahib-173025",Sterility of Water for Injection,"CDL, Kolkata",portal,2025-03_all_nsq.json,99
2025-03,central,nsq,Calcium Gluconate Injection I.P. 10 ml,MV24B35,Feb-2024,Jan-2026,"M/s. Martin and Brown Bio- sciences Pvt. Ltd., K.No.- 918/419, Malkumajra, Nalagarh Road, Baddi, Distt.- Solan (H.P.) -173205","Extractable Volume, Particulate matter and Description","CDL, Kolkata",portal,2025-03_all_nsq.json,100
2025-03,central,nsq,Ambroxol Hydrochloride and N-Acetyl L-Cysteine Tablets (Kufril-NT ),INT 115,Jul-2024,Jun-2026,"M/s. Med Manor Organics Pvt Ltd., Unit-II, Kh.No-143 M/7, Village-Raipur, Pargana- Bhagwanpur, Tehsil-Roorkee, Dist. Haridwar, Uttarakhand- 247661",Description,"CDL, Kolkata",portal,2025-03_all_nsq.json,101
2025-03,central,nsq,Dexamethasone Oral Solution USP 0.5mg per 5ml,LG24-29,Jul-2024,Jun-2026,"M/s. Om Biomedic Pvt. Ltd..,, Plot No. 68, 69, 82 & 83, Sector - 6A, IIE, SIDCUL, Haridwar-249 403 (U.K.)",Assay,"RDTL, Guwahati",portal,2025-03_all_nsq.json,102
2025-03,central,nsq,Iron Sucrose Injection USP 20 mg/ml (I-PIC),A24105K,Jun-2024,May-2026,"M/s. Pace Biotech Village Surajpur, Paonta Sahib, Dist. Sirmour (H.P.)-173001",Particulate matter in Injections,"CDL, Kolkata",portal,2025-03_all_nsq.json,103
2025-03,central,nsq,Amoxycillin & Potasium Clavulanate Tablets I.P. (IPHA CLAV-375),NCP-151,Jan-2024,Jun-2025,"M/s. Park Pharmaceuticals, Vill. Kalujhanda, Near Nanakpur, Teh. Baddi, Distt. Solan (H.P.)- 174103",Assay of Clavulanic Acid,"RDTL, Guwahati",portal,2025-03_all_nsq.json,104
2025-03,central,nsq,Telmisartan Tablets IP 40mg,251TTF014,Aug-2024,Jul-2026,"M/s. Swiss Garnier Life Sciences, No. 21-23, Industrial Area, Mehatpur, Dist. Una, Himachal Pradesh-174 315. INDIA",Dissolution,"RDTL, Guwahati",portal,2025-03_all_nsq.json,105
2025-03,central,nsq,"Lactulose Solution U.S.P. (Apelact), 200 ml",AFL-121,Aug-2024,Jul-2026,"M/s.Apex Formulations Pvt. Ltd., 1276, Raipur, Highway, Dist. Mehsana, Gujarat","""Organic impurities"" and",CDTL-Mumbai,portal,2025-03_all_nsq.json,106
2025-03,central,nsq,Telmisartan Tablets I.P. (DV-TELMI-40),GTE2206,Aug-2024,Jul-2026,"M/s. Digital Vision, 176, Mauza Ogli, Nahan Road, Kala-Amb, Distt. Sirmour (H.P.) - 173 030",Dissolution,"RDTL, Guwahati",portal,2025-03_all_nsq.json,107
2025-03,central,nsq,Calcium And Vitamin D3 Tablets IP,7493,Jan-2024,Dec-2025,"M/s. Healthy Life Pharma Pvt. Ltd., Factory: N-31/1, M.I.D.C., Tarapur, Boisar - 401 506, Dist. Palghar. Maharashtra",Assay/Content of Vitamin D3,"RDTL, Guwahati",portal,2025-03_all_nsq.json,108
2025-03,central,nsq,Gentamicin Sulphate Injection I.P. 30 ml (Gentalab ),OGNI-037,Jul-2024,Jun-2026,"M/s. Laborate Pharmaceuticals India Ltd., #31, Rajban Road, Nariwala Paonta Sahib, (H.P.)",Particulate matter and Description,"CDL, Kolkata",portal,2025-03_all_nsq.json,109
2025-03,central,nsq,Calcium 500 mg with Vitamin D3 250 IU Tablets IP,LMT240449,Apr-2024,Mar-2026,"M/s. Life Max Cancer Laboratories, Plot No. 106 & 106 A, Sector6A, IIE, SIDCUL, Haridwar249403 (U.K)",Dissolution (Calcium) and Assay of Vitamin D3,"RDTL, Guwahati",portal,2025-03_all_nsq.json,110
2025-03,central,nsq,Povidone-Iodine Ointment USP,OI4004A,Sep-2024,Aug-2026,"M/s. Navkar Lifesciences, Plot No. 76, Lodhi Majra, Industrial Area, Baddi, Distt. Solan (H.P.)",Assay of Povidone Iodine calculated as available Iodine,"RDTL,
Chandigarh",portal,2025-03_all_nsq.json,111
2025-03,central,nsq,Sodium Chloride Injection I.P. 0.45 % W/V (0.45 NS),1266688H,Jun-2024,May-2027,"M/s.Shree KrishnaKeshav Laboratories Ltd., Amraiwadi Road, Ahmedabad- 380 008, India",Misbranded,CDTL-Mumbai,portal,2025-03_all_nsq.json,112
2025-03,"state:State Lab,
Drugs Control Laboratory, Telangana.",nsq,"Parenteral preprations, Oxytetracycline Hydrochloride Injection I.P. (Steclin Injection), Veterinary",STIA23 93,Nov-2023,Oct-2025,"Mfg By: Zenex Animal Health India Pvt.Ltd, Plot No. 1&2, Near Erthardt Leimer, Sarkhej Bawla Highway, Sari Patiya, Dist: Ahmedabad - 382220. Gujarat.",Sample does not comply description as per IP 2022 Oxytetracycline Hydrochloride Injection I.P (Veterinary Monograph),"State Lab,
Drugs Control Laboratory, Telangana.",portal,2025-03_all_nsq.json,113
2025-03,"state:State Lab,
Drugs Control Laboratory, Telangana.",nsq,"Moxirid-LB 625 Tablets, Axoxycillin, Potassium Clavulanate & Lactic Acid Bacillus Tablets",BT0324 089A,Oct-2024,Mar-2026,"Mfg By: Alencure Bitech Pvt.Ltd, village: Nagal, Suketi road, Pharmaceuticals O Moginanand Kala Amb, Distt: Sirmouour - 173 030 (HP). Himachal Pradesh. Mrkt: Trullp Pharma, H-34B, Village Saketri, Panchkula Haryana - 134 109.","MISBRANDED The sample is deemed to be misbranded as it is only indicated as approved colur used on the label of the product but failed to indicate the common name of the colur on the label as required as per Rule 127(2) of Drugs Rules, 1945. Hence the drug is a Misbranded drug as per Section 17 of Drugs and Cosmetics Act 1940.","State Lab,
Drugs Control Laboratory, Telangana.",portal,2025-03_all_nsq.json,114
2025-03,state:Drugs Testing Laboratory Thiruvananthapuram,nsq,Beauty care EGG Protein Shampoo,3,Jun-2024,May-2026,"Universal Cosmetics Industries, B- 29, Balaji Ind.Est, Akruli Road, Kandivali(E), Mumbai 101, Maharashtra",It fails the test for microbial limit as specified in the Laboratory Protocol as per IS 14648 : 2011 for microbiological examination of Cosmetics,Drugs Testing Laboratory Thiruvananthapuram,portal,2025-03_all_nsq.json,115
2025-03,state:Drugs Testing Laboratory Thiruvananthapuram,nsq,Sandal Beauty Cream,133E,,,"MMC Cosmetics Pvt Ltd, Made in Pakisthan","It fails the test for the content of mercury in finished cosmetics products as specified in the Laboratory protocol as per Cosmetic Rules, 2020 for Standards of Cosmetics",Drugs Testing Laboratory Thiruvananthapuram,portal,2025-03_all_nsq.json,116
2025-03,state:Drugs Testing Laboratory Thiruvananthapuram,nsq,Faiza Beauty Cream 45 gm,24FX23,Apr-2024,Apr-2027,Poonia Brothers Pvt Ltd,"It fails the test for the content of mercury in finished cosmetics products as specified in the Laboratory protocol as per Cosmetic Rules, 2020 for Standards of Cosmetics",Drugs Testing Laboratory Thiruvananthapuram,portal,2025-03_all_nsq.json,117
2025-03,state:Drugs Testing Laboratory Thiruvananthapuram,nsq,Faiza Moisture Blancing Whitening Face Wash,NIL,Jan-2023,Jun-2026,Poonia Brothers Pvt Ltd,"It fails the test for the content of mercury in finished cosmetics products as specified in the Laboratory protocol . Does not conform to Cosmetic Rules, 2020 for Standards of Cosmetics",Drugs Testing Laboratory Thiruvananthapuram,portal,2025-03_all_nsq.json,118
2025-03,state:Drugs Testing Laboratory Thiruvananthapuram,nsq,Red four seven seas twist matte lipstick,NG229,Jun-2024,Jun-2029,"Seven seas Beauty products, Add. Ground floor, B-68, Gt karnal Road, Industrial area, Delhi-110033 (Marketed by)","It fails the test for the content of mercury in finished cosmetic products as specified in the Laboratory protocol as per Cosmetic Rules, 2020 for Standards of Cosmetics",Drugs Testing Laboratory Thiruvananthapuram,portal,2025-03_all_nsq.json,119
2025-03,state:Drugs Testing Laboratory Thiruvananthapuram,nsq,Quench Ultra Light Nourishing Face and Body,BB54,May-2023,Apr-2027,"Velvette life style Pvt Ltd, B-1004, Palatial Heights, Andheri (E), Mumbai- 400072, Maharashtra (Marketed By)","It fails the tests for Total fatty substance content percent by mass, Total residue percent by mass and Heavy metals as Lead (pb) parts per million as per IS 6608: 2004 for specification of skin cream",Drugs Testing Laboratory Thiruvananthapuram,portal,2025-03_all_nsq.json,120
2025-03,state:Drugs Testing Laboratory Thiruvananthapuram,nsq,Top UP Matte Super Light Liquid Lipstick,202742 6,Apr-2023,Apr-2027,"Yiwn Baolina Cosmetics Co Ltd, Yiwn Ltd, Yiting Town, Yiwn city, Jinhua city, Zhejiang Province, China","It fails the test for the content of mercury in finished cosmetics products as specified in the Laboratory protocol . Does not conform to Cosmetic Rules, 2020 for Standards of Cosmetics",Drugs Testing Laboratory Thiruvananthapuram,portal,2025-03_all_nsq.json,121
2025-03,state:Drugs Testing Laboratory Thiruvananthapuram,nsq,Vitamin B 12 Injection IP,CHI ? 40139,Jun-2024,May-2026,"Cotec Healthcare Pvt.Ltd, K.H.No. 593/1 Roorkee , Dehradun , High way, Kishanpur, Roorkee- 247667 Uttarakhand",It fails the test ?Sterility? and ?Assay? as per IP,Drugs Testing Laboratory Thiruvananthapuram,portal,2025-03_all_nsq.json,122
2025-03,"state:State Drugs Testing Laboratory, Kolkata, West Bengal.",nsq,Sodium Valporate Tablets I.P. 500mg.,SGT- 24173,Apr-2024,May-2026,"M/s. Spectrum Formulation Pvt. Ltd., Khasra No. 12, Makhanpur, Bhagwanpur, Roorkee, Haridwar - 247 661, U.K.",Does not conform to I.P.,"State Drugs Testing Laboratory, Kolkata, West Bengal.",portal,2025-03_all_nsq.json,123
2025-03,state:Drug Testing Laboratory Srinagar (J&K) - Report attached as Annexure A,nsq,Shafcin-650,AT-119,Aug-2024,Jul-2026,"Mfg By: Ambrosia Pharma , 91 , Indl. Estate , Zainakot Srinagar",The sample does not confirm to IP 2022 requirement with respect to Dissolution Test,Drug Testing Laboratory Srinagar (J&K) - Report attached as Annexure A,portal,2025-03_all_nsq.json,124
2025-03,state:Drugs Testing Laboratory Thiruvananthapuram,nsq,Lipgloss ES-181,GL8024,Oct-2023,Oct-2028,Shubh Laxmi Traders (imported by),"It fails the test for the content of mercury in finished cosmetic products as specified in the Laboratory protocol as per Cosmetic Rules, 2020 for Standards of Cosmetics",Drugs Testing Laboratory Thiruvananthapuram,portal,2025-03_all_nsq.json,125
2025-03,state:Drugs Testing Laboratory Thiruvananthapuram,nsq,Amrutharishtam,1031,Sep-2024,,"Vaidyasala Veetil Oushadhasala, Kulanjiyil, Elamadu.P.O, Kollam-691 539",It fails the test ?Total Solids? as specified in the Laboratory protocol as per API,Drugs Testing Laboratory Thiruvananthapuram,portal,2025-03_all_nsq.json,126
2025-03,state:Drugs Testing Laboratory Thiruvananthapuram,nsq,Dasamularishtam,1042,Jan-2025,,"Vaidyasala Veetil Oushadhasala, Kulanjiyil, Elamadu.P.O, Kollam-691 539","It fails the test ?pH? ,?Total Solids? ?Specific Gravity?, and ?Alcohol Content? as specified in the Laboratory protocol as per API",Drugs Testing Laboratory Thiruvananthapuram,portal,2025-03_all_nsq.json,127
2025-03,"state:State Drugs Testing
Laboratory, Kolkata, West Bengal.",nsq,Telso 80 (Telmisartan Tab I.P.),MT2321 76,Jun-2023,May-2025,"M/s. Mascot Health Series Pvt. Ltd., Plot No. 79, 80, Sec-6A, IIE, Sidcul, Haridwar-249403",Does not conform to I.P.,"State Drugs Testing
Laboratory, Kolkata, West Bengal.",portal,2025-03_all_nsq.json,128
2025-03,state:Drug Testing Laboratory Srinagar (J&K) - Report attached as Annexure C,nsq,Pantobac-40,MT2408 61,Sep-2024,Aug-2026,"Mancare Laboratories Pvt Ltd Plot No. 11, Pharmacity Selaqui Dehradun , Uttarakhand 248011 Mrk By: NAVA Healthcare Pvt Ltd C1/10 Lal Sai Marg Janakpuri New Delhi - 110058","The sample does not conform to the IP requirements w,r,t Dissolution test",Drug Testing Laboratory Srinagar (J&K) - Report attached as Annexure C,portal,2025-03_all_nsq.json,129
2025-03,state:Drug Testing Laboratory Srinagar (J&K) - Report attached as Annexure B,nsq,Petop-40,PTP- 119,Aug-2024,Jan-2026,Mfg By: Ocean Organics Pvt Ltd P.O Khanna Nagar Amritsar -143001,The sample does not conform to the IP 2022 requirement with respect to Dissolution Test,Drug Testing Laboratory Srinagar (J&K) - Report attached as Annexure B,portal,2025-03_all_nsq.json,130
2025-03,state:DTL BADDI,nsq,Deflazacort 6 mg Tablets,CPT- 241518,Dec-2024,Nov-2026,"M/s Catasta Pharmaceuticals, Plot No. 113, DIC, Ind. Area, Baddi, Distt. Solan HP",Sample does not conforms to clain as per Patent & Proprietary in respect to the Assay of Deflazacort.,DTL BADDI,portal,2025-03_all_nsq.json,131
2025-04,central,nsq,"Glycical-B12 Calcium Phosphate, Vitamin D3 and Vitamin B12 Suspension",QL0606,Jun-2024,May-2026,"M/s. Quest laboratories Pvt Ltd. Plot Nol 45, Sector III, Dist. Dhar (MP) Pitampur-454775","All observations are done in Normal day light conditions with unaided eyes.18 ×200 ml intact brown coloured plastic bottles received for analysis. Out of these18 ×200 ml bottles, in 14 ×200 ml bottles particles are stick around the neck of the bottle and cakes are distributed in the suspension and some cakes are floating on the top of the suspension. During Analysis when the content from these 14x200 ml bottles after shaking transferred individually in clean dry glass beaker, it is observed that, out of these14 × 200ml bottles, 11x200ml bottles contains white suspension with white, pale yellow, grey and black coloured cakes with some cakes floating on the top of suspension and 3x200ml bottle contain orange coloured suspension with white cakes with some cakes floating & on the top of suspension. Remaining 4x200ml bottle contains white suspension without cake and mix uniformly after shaking",CDTL Mumbai,portal,2025-04_all_nsq.json,1
2025-04,central,nsq,"Glycical-B12 Calcium Phosphate, Vitamin D3 and Vitamin B12 Suspension",QL0602,Jun-2024,May-2026,"M/s. Quest laboratories Pvt Ltd. Plot Nol 45, Sector III, Dist. Dhar (MP) Pitampur-454775","All observations are done in Normal day light conditions with unaided eyes.18 ×200 ml intact brown coloured plastic bottles received for analysis. Out of these18 ×200 ml bottles, in 5 ×200 ml bottles particles are stick around the neck of the bottle and cakes are distributed in the suspension and some cakes are floating on the top of the suspension. During Analysis when the content from these 5x200 ml bottles after shaking transferred individually in clean dry glass beaker, it is observed that, all 5×200ml bottles, contains white suspension with white, pale yellow, grey and black coloured cakes with some cakes floating on the top of suspension out of remaining 13x200ml bottle 12×200ml bottle contains white suspension without cake and mixes uniformly after shaking and 1×200ml bottles contains orange coloured suspension without any cake and mix uniformly after shaking",CDTL Mumbai,portal,2025-04_all_nsq.json,2
2025-04,"state:State Lab Drugs Control Laboratory, Telangana.",nsq,Albendazole Tablets IP 400 mg,T24/018A,Dec-2024,Nov-2026,"M/s. Samkem15-B & 10-B, A.K.V.N. INDUSTRIAL AREA, RANGWASA RAO, INDORE ? 453 331 (M.P.) MADHYA PRADESH",Dissolution dose not complies as per IP.,"State Lab Drugs Control Laboratory, Telangana.",portal,2025-04_all_nsq.json,3
2025-04,state:State Lab Karnataka,nsq,WORMKILL-PLUS (Albendazole & Ivermectin Oral Suspension),SRVL-24003,Jun-2024,May-2026,"M/s. SPAS Remedies, Vill- Bersan, P.O-Lodhi Majra, Tehsil- Baddi Distt. Solan (H.P) 173205",Assay for Albendazole and Ivermectin,State Lab Karnataka,portal,2025-04_all_nsq.json,4
2025-04,state:State Lab Karnataka,nsq,Spoorthi Aloegramflour Soap,6,Jun-2024,May-2027,"M/s. Spoorthi Herbals No.:299, SH1 Kalakupi, Airport Road, Belagavi, Karnataka-591121",Test for Matter insoluble in Alcohol only,State Lab Karnataka,portal,2025-04_all_nsq.json,5
2025-04,state:State Lab Karnataka,nsq,Glimepiride 1 mg & Metformin HCl 500mg (Sustained Release) Tablets IP,SPT40298,Sep-2024,Aug-2026,"M/s. Surge Pharmaceuticals Pvt. Ltd., Plot No. C-78 & 79, Additional M.I.D.C., Jejuri- 412303, Taluka Purandhar District, Pune, Maharashtra, India",Test for Dissolution? and ?Assay for Glimeperide,State Lab Karnataka,portal,2025-04_all_nsq.json,6
2025-04,central,nsq,Calcium Carbonate 500 mg + VIT. D3 250 IU Tablets IP (CALXIA 500 ),GTL1289,Dec-2024,Nov-2026,"M/s. Gidsha Pharmaceuticals, Plot No. 611 612, Mega GIDC, Kharedi, Dahod 389151, Gujarat.",Dissolution (for Calcium),CDL Kolkata,portal,2025-04_all_nsq.json,7
2025-04,central,nsq,Calcium Carbonate 500 mg +VIT. D3 250 IU Tablets IP (CALXIA 500 ),GTL1292,Dec-2024,Nov-2026,"M/s. Gidsha Pharmaceuticals, Plot No. 611 612, Mega GIDC, Kharedi, Dahod 389151, Gujarat.",Dissolution (for Calcium),CDL Kolkata,portal,2025-04_all_nsq.json,8
2025-04,central,nsq,Calcium Carbonate 500 mg +VIT. D3 250 IU Tablets IP (CALXIA 500 ),GTL1286,Dec-2024,Nov-2026,"M/s. Gidsha Pharmaceuticals, Plot No. 611 612, Mega GIDC, Kharedi, Dahod 389151, Gujarat.",Dissolution (for Calcium),CDL Kolkata,portal,2025-04_all_nsq.json,9
2025-04,central,nsq,Calcium Carbonate 500 mg +VIT. D3 250 IU Tablets IP (CALXIA 500 ),GTL1298,Dec-2024,Nov-2026,"M/s. Gidsha Pharmaceuticals, Plot No. 611 612, Mega GIDC, Kharedi, Dahod 389151, Gujarat.",Dissolution (for Calcium),CDL Kolkata,portal,2025-04_all_nsq.json,10
2025-04,central,nsq,Calcium Carbonate 500 mg +VIT. D3 250 IU Tablets IP (CALXIA 500 ),GTL1301,Dec-2024,Nov-2026,"M/s. Gidsha Pharmaceuticals, Plot No. 611 612, Mega GIDC, Kharedi, Dahod 389151, Gujarat.",Dissolution (for Calcium),CDL Kolkata,portal,2025-04_all_nsq.json,11
2025-04,central,nsq,Calcium Carbonate 500 mg +VIT. D3 250 IU Tablets IP (CALXIA 500 ),GTL1302,Dec-2024,Nov-2026,"M/s. Gidsha Pharmaceuticals, Plot No. 611 612, Mega GIDC, Kharedi, Dahod 389151, Gujarat.",Dissolution (for Calcium),CDL Kolkata,portal,2025-04_all_nsq.json,12
2025-04,state:State Lab Karnataka,nsq,Amitriptyline HCl & Chlordiazepoxide Tablets USP (AMTOPIC-PLUS),N2402062,Feb-2024,Jan-2026,"M/s. Talent Healthcare, 66-67, Sector-6A, Sidcul, Iie, Haridwar- 249403 (Uttarakhand)",Assay for Amitriptyline only,State Lab Karnataka,portal,2025-04_all_nsq.json,13
2025-04,central,nsq,Calcium Carbonate 500 mg +VIT. D3 250 IU Tablets IP (CALXIA 500 ),GTL1303,Dec-2024,Nov-2026,"M/s. Gidsha Pharmaceuticals, Plot No. 611 612, Mega GIDC, Kharedi, Dahod 389151, Gujarat.",Dissolution (for Calcium),CDL Kolkata,portal,2025-04_all_nsq.json,14
2025-04,central,nsq,Calcium Carbonate 500 mg +VIT. D3 250 IU Tablets IP (CALXIA 500 ),GTL1304,Dec-2024,Nov-2026,"M/s. Gidsha Pharmaceuticals, Plot No. 611 612, Mega GIDC, Kharedi, Dahod 389151, Gujarat.",Dissolution (for Calcium),CDL Kolkata,portal,2025-04_all_nsq.json,15
2025-04,central,nsq,Calcium Carbonate 500 mg +VIT. D3 250 IU Tablets IP (CALXIA 500 ),GTL1305,Dec-2024,Nov-2026,"M/s. Gidsha Pharmaceuticals, Plot No. 611 612, Mega GIDC, Kharedi, Dahod 389151, Gujarat.",Dissolution (for Calcium),CDL Kolkata,portal,2025-04_all_nsq.json,16
2025-04,central,nsq,Calcium Carbonate 500 mg +VIT. D3 250 IU Tablets IP (CALXIA 500 ),GTL1306,Dec-2024,Nov-2026,"M/s. Gidsha Pharmaceuticals, Plot No. 611 612, Mega GIDC, Kharedi, Dahod 389151, Gujarat.",Dissolution (for Calcium),CDL Kolkata,portal,2025-04_all_nsq.json,17
2025-04,central,nsq,Calcium Carbonate 500 mg + VIT. D3 250 IU Tablets IP (CALXIA 500 ),GTL1294,Dec-2024,Nov-2026,"M/s. Gidsha Pharmaceuticals, Plot No. 611 612, Mega GIDC, Kharedi, Dahod-389151, Gujarat.",Dissolution (for Calcium),CDL Kolkata,portal,2025-04_all_nsq.json,18
2025-04,central,nsq,Calcium Carbonate 500 mg + VIT. D3 250 IU Tablets IP (CALXIA 500 ),GTL1299,Dec-2024,Nov-2026,"M/s. Gidsha Pharmaceuticals, Plot No. 611 612, Mega GIDC, Kharedi, Dahod-389151, Gujarat.",Dissolution (for Calcium),CDL Kolkata,portal,2025-04_all_nsq.json,19
2025-04,central,nsq,Calcium Carbonate 500 mg + VIT. D3 250 IU Tablets IP (CALXIA 500 ),GTL1300,Dec-2024,Nov-2026,"M/s. Gidsha Pharmaceuticals, Plot No. 611 612, Mega GIDC, Kharedi, Dahod-389151, Gujarat.",Dissolution (for Calcium),CDL Kolkata,portal,2025-04_all_nsq.json,20
2025-04,state:State Lab Maharashtra,nsq,Fevimed (Paracetamol tablets IP 500 mg),451AA05,Dec-2023,Nov-2025,"M/s. Sarv Pharmaceuticals Plot No. 28, Sector-3A,I.I.E. Sidcul Haridwar-2494032",The Sample does not comply for description as the tablets shows light brown coloured spots on the surface of almost all the tablets,State Lab Maharashtra,portal,2025-04_all_nsq.json,21
2025-04,state:DTL Chennai,nsq,Atorvastatin Tablets IP 10mg,AT24045,Aug-2024,Jan-2026,"M/s. Eurokem Laboratories Pvt ltd, C-25, SIDCO Pharmaceutical Complex, Alathur, Thiruporur, 603110.",Sample does not conform to IP specification for Atorvastatin Calcium Tablets with respect to Dissolution,DTL Chennai,portal,2025-04_all_nsq.json,22
2025-04,central,nsq,Ceftriaxone and Sulbactam for Injection IP (CEFRITZ S 1.5),24DH13V,Aug-2024,Jul-2026,"M/s. MMG Healthcare, Trilokpur Road, Kala Amb, Distt. Sirmour- 173030 (H.P.)",Bacterial endotoxins for Sterile water for Injection.,CDL Kolkata,portal,2025-04_all_nsq.json,23
2025-04,central,nsq,Bupivacaine Hydrochloride Injection IP (Bupicain-0.5%),BPC24007,Dec-2024,Oct-2026,"M/s. Themis Medicare Limited, Sector 6A, Plot No.16,17,&18, IIE, SIDCUL Haridwar - 249403, Uttarakhand",Particulate matter and Description,CDL Kolkata,portal,2025-04_all_nsq.json,24
2025-04,central,nsq,Pantoprazole Gastro- Resistant Tablets IP 40 mg.,MT240578,Aug-2024,Jul-2026,"M/s. Mancare Laboratories Pvt. Ltd., Plot No-11, Pharmacity, Selaqui, Dehradun, Uttarkhand-248011",Dissolution in Buffer Stage,CDL Kolkata,portal,2025-04_all_nsq.json,25
2025-04,central,nsq,Carboxymethyl Cellulose Sodium Eye Drops IP,MO24H27,Aug-2024,Jul-2026,"M/s. Martin & Brown Bio- sciences Pvt. Ltd. K.no. 918/419 Malkumajra Nalagarh Road Baddi, Dist. Solan (H.P.)-173205","pH, Sterility and Assay",CDL Kolkata,portal,2025-04_all_nsq.json,26
2025-04,central,nsq,Carboxymethyl Cellulose Sodium Eye Drops IP,MO24H21,Aug-2024,Jul-2026,"M/s. Martin & Brown Bio- sciences Pvt. Ltd. K.no. 918/419 Malkumajra Nalagarh Road Baddi, Dist. Solan (H.P.)-173205","pH, Sterility and Assay",CDL Kolkata,portal,2025-04_all_nsq.json,27
2025-04,central,nsq,Carboxymethyl Cellulose Sodium Eye Drops IP,MO24H22,Aug-2024,Jul-2026,"M/s. Martin & Brown Bio- sciences Pvt. Ltd. K.no. 918/419 Malkumajra Nalagarh Road Baddi, Dist. Solan (H.P.)-173205","pH, Sterility and Assay",CDL Kolkata,portal,2025-04_all_nsq.json,28
2025-04,central,nsq,Calcium & Vitamin D3 Tablets IP,QT23136,Nov-2024,Oct-2026,"M/s. Quest Laboratories Limited, Plot No.-45, Sector-III, Pithampur, Dist-Dhar-454775 (M. P.)",Dissolution (for Calcium) and Assay of Elemental Calcium,CDL Kolkata,portal,2025-04_all_nsq.json,29
2025-04,central,nsq,Amikacin Sulphate Injection I.P. 500 mg,24AM18,Oct-2024,Sep-2026,"M/s. SAI Parenterals Limited, D1 &D4, Survey No.280, Phase-V, IDA, Jeedimetla, Hyderabad- 500055.Telangana, India",Particulate matter and Description,CDL Kolkata,portal,2025-04_all_nsq.json,30
2025-04,central,nsq,Iron Sucrose Injection USP 100mg/5ml,24RS15,Dec-2024,Nov-2026,"M/s. SAI Parenterals Limited, D1 &D4, Survey No.280, Phase-V, IDA, Jeedimetla, Hyderabad-500055, TS",pH and Alkalinity,CDL Kolkata,portal,2025-04_all_nsq.json,31
2025-04,central,nsq,Iron Sucrose Injection USP 100mg/5ml,24RS03,Jan-2024,Dec-2025,"M/s. SAI Parenterals Limited, D1 &D4, Survey No.280, Phase-V, IDA, Jeedimetla, Hyderabad-500055, TS",pH,CDL Kolkata,portal,2025-04_all_nsq.json,32
2025-04,central,nsq,Iron Sucrose Injection USP 100 mg/5ml,24RS06,Feb-2024,Jan-2026,"M/s. SAI Parenterals Limited, D1 &D4, Survey No. 280, Phase-V, IDA, Jeedimetla, Hyderabad-500055, TS",pH and Alkalinity,CDL Kolkata,portal,2025-04_all_nsq.json,33
2025-04,central,nsq,Sucralfate & Oxetacaine Suspension (Rabeflux Suspension),RBLS-02501,Jan-2025,Dec-2026,"M/s. Tidal Laboratories Pvt. Ltd., Patch-5, Phase-II, Gowalthai, Distt. Bilaspur- 174201 (H.P.), INDIA","Identification, Assay of Sucralfate and Assay of Oxetacaine",CDL Kolkata,portal,2025-04_all_nsq.json,34
2025-04,central,nsq,Ciprofloxacin Tablets IP 250 mg,CITB-02,Jul-2024,Jun-2026,"M/s. NESTOR PHARMACEUTICALS LIMITED, 11, Western Extension Area, Faridabad - 121 001, INDIA",Dissolution,RDTL Guwahati,portal,2025-04_all_nsq.json,35
2025-04,central,nsq,Gentamicin Injection IP (Gentatore Injection 80 mg/2ml),IGMG418,Jul-2024,Jun-2026,"M/s. Regain Laboratories, 134/5, HTM Road, Rajpur Lane, Hisar-125001, Haryana",Particulate matter and Description,CDL Kolkata,portal,2025-04_all_nsq.json,36
2025-04,central,nsq,Cefpodoxime Proxetil Tablets I.P. 200 mg (BREPOD-200),ST-25456,Oct-2024,Sep-2026,"M/s. Sunvij Drugs Private Limited, 511, GIDC, Waghodia, Baroda-391760, Gujarat",Dissolution,CDL Kolkata,portal,2025-04_all_nsq.json,37
2025-04,central,nsq,Rabeprazole Sodium Injection IP,MD23H19,Aug-2023,Jul-2025,"M/s. Martin & Brown Bio Sciences, K. No. 918/419, Malkumajra, Nalagarh Road, Baddi, Dist. Solan (H.P.)- 173205","pH, Particulate matter, Clarity of Solution, Assay of Rabeprazole Sodium and Description",CDL Kolkata,portal,2025-04_all_nsq.json,38
2025-04,state:State Lab Karnataka,nsq,Ofloxacin & Ornidazole Tablets IP (200 mg +500 mg) (Floxo OZ),TAH-231704,Sep-2023,Aug-2025,"M/s. Prochem Pharmaceuticals Pvt. Ltd., 140-141, Makkanpur, Bhagawanpur, Roorkee, Dist. Haridwar (UK)-247661",Description,State Lab Karnataka,portal,2025-04_all_nsq.json,39
2025-04,"state:State Lab Drugs Control Laboratory, Telangana.",nsq,"Albendazole Tablet IP 400 mg,",T24/007A,Dec-2024,Nov-2026,"M/s. Samkem 15-B & 10-B, A.K.V.N Industrial Area, Rangwasa, Rao, Indore - 453331, Madhya Predesh.",Dissolution does not comply as per IP.,"State Lab Drugs Control Laboratory, Telangana.",portal,2025-04_all_nsq.json,40
2025-04,"state:State Lab Drugs Control Laboratory, Telangana.",nsq,"Albendazole Tablet IP 400 mg,",T24/020A,Dec-2024,Nov-2026,"M/s. Samkem 15-B & 10-B, A.K.V.N Industrial Area, Rangwasa, Rao, Indore - 453331, Madhya Predesh.",Dissolution does not comply as per IP.,"State Lab Drugs Control Laboratory, Telangana.",portal,2025-04_all_nsq.json,41
2025-04,"state:State Lab Drugs Control Laboratory, Telangana.",nsq,"Albendazole Tablet IP 400 mg,",T24/016A,Dec-2024,Nov-2026,"M/s. Samkem 15-B & 10-B, A.K.V.N Industrial Area, Rangwasa, Rao, Indore - 453331, Madhya Predesh.",Dissolution does not comply as per IP.,"State Lab Drugs Control Laboratory, Telangana.",portal,2025-04_all_nsq.json,42
2025-04,"state:State Lab Drugs Control Laboratory, Telangana.",nsq,Albendazole Tablets IP 400 mg,T24/011A,Dec-2024,Nov-2026,"M/s. Samkem 15-B & 10- B,A.K.V.N.Industrial Area, Rangwasa, Rao,Indore- 453331.(M.P.)(WHO-GMP & GLP Certifled Company) (AN ISO 9001:2015 Certifled Company) MADHYA PRADESH",Sample Does not comply in respect of Dissolution Test as per IP.,"State Lab Drugs Control Laboratory, Telangana.",portal,2025-04_all_nsq.json,43
2025-04,"state:State Lab Drugs Control Laboratory, Telangana.",nsq,"Albendazole Tablet IP 400 mg,",T24/015A,Dec-2024,Nov-2025,"M/s. Samkem15-B & 10-B, A.K.V.N. INDUSTRIAL AREA, RANGWASA RAO, INDORE ? 453 331 (M.P.) MADHYA PRADESH",Dissolution does not comply as per IP.,"State Lab Drugs Control Laboratory, Telangana.",portal,2025-04_all_nsq.json,44
2025-04,"state:State Lab Drugs Control Laboratory, Telangana.",nsq,"Albendazole Tablet IP 400 mg,",C25F944019,Jun-2024,May-2026,"M/s. Concept Pharmaceuticals Ltdm Khasra No. 104, Asaf Nagar, Roorkee - 247 667. Uttarakhand.",Dissolution dose not complies as per IP.,"State Lab Drugs Control Laboratory, Telangana.",portal,2025-04_all_nsq.json,45
2025-04,state:DTL Chennai,nsq,Bisacodyl Tablets Ip 5mg,TA24366,Jun-2023,Apr-2026,"M/s. Saintlife Pharmaceuticals Ltd, 323, Central Hope Town, Industrial Area, Selaqui, Dehradun-248011, Uttarakhand.",Sample does not conform to IP specification for Bisacodyl Tablets with respect to Dissolution,DTL Chennai,portal,2025-04_all_nsq.json,46
2025-04,state:DTL Thiruvananthapuram,nsq,Aspirin Gastro Resistant Tab IP 75 mg,ANET1235,May-2024,Apr-2026,"M/s. Unicure India Ltd, C- 21,22&23, sector-3, Noida- 201301, Distt.Guatam Budh Nagar (UP)",It fails the test ?Dissolution? Specified in the laboratory protocol as per IP,DTL Thiruvananthapuram,portal,2025-04_all_nsq.json,47
2025-04,state:DTL Thiruvananthapuram,nsq,Paracetamol Tablets IP 500 mg,PAK-517,May-2023,Apr-2026,"M/s. Healer?s Lab Unit II, Plot No. 33, HPSIDC, Extn, Baddi, Dist.Solan HP",It fails the test for ?Dissolution? as per IP as Specified in the laboratory protocol,DTL Thiruvananthapuram,portal,2025-04_all_nsq.json,48
2025-04,state:DTL Baddi,nsq,Ibuprofen Tablets IP 400mg,TF240782,Jun-2024,Aug-2026,"M/s. Orchid Medlife Pvt. Ltd., K.H- 646/513, Vill. Kaumdi, Thana, Baddi, distt. Solan HP",Sample does not conform to claim as per I.P. 2022 w.r.t. Dissolution of Ibuprofen.,DTL Baddi,portal,2025-04_all_nsq.json,49
2025-04,state:DTL Srinagar (J&K),nsq,Defix -AZ,DP-240754,Sep-2024,Aug-2026,"M/s. Park Pharmaceuticals 272, Ind. Area, Phase-II, Panchkula 134113",The sample fails in the test for Assay content of Cefixime & Azithromycin.,DTL Srinagar (J&K),portal,2025-04_all_nsq.json,50
2025-04,central,nsq,Ondansentron Tablets IP 4mg,PS39AB06,Jun-2023,May-2025,"M/s. Pure & Cure Healthcare Pvt Ltd, Plot No. 26A, 27-30, Sector- 8A, LLE. SIDCUL Haridwar, Uttarakhand-249403",The sample does not comply with IP requirements for Dissolution test,CDTL Mumbai,portal,2025-04_all_nsq.json,51
2025-04,central,nsq,Koplyco Syrup,TL-6337,Jun-2023,May-2023,"M/s. Ticoma Pharmacia E-17 Industrial Focal Point Debrabassi, Derabassi,",1. Content of vitamin B1 in the sample is less (i.e. 71.10% of the labelled amount) than the permissible limits. 2. Content of the Vitamin B2 in the sample is less (i.e. 72.74%) of the labelled amount) than the permissible limits.,CDTL Mumbai,portal,2025-04_all_nsq.json,52
2025-04,"state:State Drugs Laboratory, Punjab",nsq,Losartan Potassium 50mg & Hydrochlorthiazide 12.5mg Tablets,LMT251666,Feb-2025,Jan-2027,"M/s. Life Max Cancer Laboratories, Plot No: 106 & 106 A, Sector- 6A, IIE, SIDCUL, Haridwar-249403 (U.K)",Dissolution Test: The Dissolution of Losartan Potassium and Hydrochlorthiazide does not complies within the Prescribed limit of not less than Q value i.e. 70% of labelled claim as stated in I.P 2022.,"State Drugs Laboratory, Punjab",portal,2025-04_all_nsq.json,53
2025-04,central,nsq,Neem tulsi face wash,APN612,Aug-2024,Aug-2026,"M/s. Orgello Herbal Care Vill. Behrewala, Pantoba Sahib Distt. Sirmour (H.P) 173025",The sample does not comply with IS 14648: 2011 (Second Revision) Reaffirmed 2021 Requirements for Microbiological Examination test for Neem Tulsi Face wash,CDTL Mumbai,portal,2025-04_all_nsq.json,54
2025-04,central,nsq,Opivas 10 tablets,23C-T465,Jun-2023,May-2025,"M/s. Orison Pharma International Khari, Mauza-Ogli, Kala AMB- 173030, HP",The sample does not comply with IP requirements for Dissolution test.,CDTL Mumbai,portal,2025-04_all_nsq.json,55
2025-04,central,nsq,Kivoral Forte(Trypsin and Chymotrypsin Tablets),SB-4242,Jul-2023,Jun-2025,"M/s. Sano-Cito Thereapeutics Inc Vill Loharan, PO. Ghattii, Solan- 173211",The enzymatic activity of trypsin chymotrypsin in the sample is less (i.e. 40.52%) of the labelled amount) than the permissible limits.,CDTL Mumbai,portal,2025-04_all_nsq.json,56
2025-04,central,nsq,Adivasi Herbal Shampoo,MASH-23-101,Jan-2024,Dec-2026,"M/s. Beauty Birds Cosmetics Bhatti Compound , 1/B Paik 1/1, Plot -112TP-1, Ahmedabad Gujarat 380022 Ahmedabad- 380022",The sample does not comply with IS 7884:2004 specification for shampoo (Third Revision) reaffirmed 2019 requirements for microbial limit,CDTL Mumbai,portal,2025-04_all_nsq.json,57
2025-04,state:DTL Baddi,nsq,"Paracetamol, Phenylephrine HCL & Cetrizine HCL Suspension",OKOL-009,Jul-2024,Jun-2026,"M/s. Laborate Pharmaceuticals India Ltd. (Unit0II) #31, Rajban road, Nariwala Poanta Sahib H.P.",The sample does not conform to claim as per Patent and Proprietary in respect of the assay of Phenylephrine Hydrochloride.,DTL Baddi,portal,2025-04_all_nsq.json,58
2025-04,central,nsq,ITRADEL-200k,SD6005C,Jun-2023,May-2025,"M/s. Sigma Softgel & Formulation plot no. 171, HPSIDC, Industrial Area, B. Dist. Solan HP Baddi- 173202",The sample does not comply with IP requirements for Dissolution test,CDTL Mumbai,portal,2025-04_all_nsq.json,59
2025-04,state:State Lab Maharashtra,nsq,Opirin-75 Tablets (Aspirin Tablets IP 75mg),23K-T2727,Feb-2024,Jan-2026,"M/s. Orison Pharma International Khari, Mauza-Ogli, Kala AMB- 173030, HP","The sample does not comply for description as, the tablets shows uneven light brown coloured spots on the surface of almost all the tablets.",State Lab Maharashtra,portal,2025-04_all_nsq.json,60
2025-04,state:State Lab Maharashtra,nsq,Opirin-75 Tablets (Aspirin Tablets IP 75mg),23G-T1526,Oct-2023,Sep-2025,"M/s. Orison Pharma International Khari, Mauza-Ogli, Kala AMB- 173030, HP","The sample does not comply for description as, almost all the tablets are brittle in nature with rough surface.",State Lab Maharashtra,portal,2025-04_all_nsq.json,61
2025-04,state:State Lab Maharashtra,nsq,Ronnin 500mg Tablets (Azithromycin Tablets IP 500mg),PPTC082,Nov-2023,Oct-2026,"M/s. Pratima Pharmaceuticals G.No. 56/3, Pratima Nagar, Pune- Nagar Road, Shikrapur, Pune- 412208","The sample does not give IP identification test for the presence of Azithromycin. The sample is declared as spurious vide section 17-B(d) of the Drugs and Cosmetics Act, 1940 and Rules, 1945 thereunder",State Lab Maharashtra,portal,2025-04_all_nsq.json,62
2025-04,state:State Lab Puducherry,nsq,Glimepiride Tablets (Glimilive ? 4),MDP-649,Sep-2024,Aug-2026,"M/s. Medinok healthcare Pvt. Ltd., R.S.No. 2/1, Plot No. 87, 88, 89, Vazhudhavur Main Road, Kurumbapet, Puducherry ? 605 009.","Misbranded (1) For the received sample Glimepiride Tablets (Glimilive ? 4) , The label is mentioned as ?Approved colour used? but common name of the permitted colour used in the formulation as prescribed under rule 127(2) of the Drugs Rules ,1945 was not mentioned. (2) The sample received is labelled as Glimepiride Tablets (Glimilive ? 4) , however Glimepiride Tablets is an official IP monograph (2022) hence should be labelled as Glimepiride Tablets IP",State Lab Puducherry,portal,2025-04_all_nsq.json,63
2025-04,state:State Lab Karnataka,nsq,Paracetamol Tablets IP 650 mg,PCT24034,Feb-2024,Jan-2026,"M/s. Vivek Pharmachem (India) Ltd., NH-8, Chimanpura, Amer, Jaipur-303102",Test for Dissolution? and ?Description,State Lab Karnataka,portal,2025-04_all_nsq.json,64
2025-04,central,nsq,Ondansetron Oral Solution I.P. 2mg/5ml,ONES-1004,Sep-2024,Aug-2026,"M/s. Wings Biotech, 43 and 44, HPSIDC, Industrial Area, Baddi-173 205 (H.P.)",Related Susbtances,CDL Kolkata,portal,2025-04_all_nsq.json,65
2025-04,"state:State Drugs Laboratory, Punjab",nsq,Oxfendazole & Ivermectin Bolus (Vet.) WELLMOX-1,AGWT25019,Jan-2025,Dec-2026,"M/s.Argon Remedies Pvt. Ltd., Sarverkhera. Moradabad Road, Kashipur, U S Nagar, Uttarakhand-244713",The content of Ivermectin found to be 29.69 mg per bolus (74.225%) against labelled claim of 40 mg per bolus.,"State Drugs Laboratory, Punjab",portal,2025-04_all_nsq.json,66
2025-04,"state:State Drugs Laboratory, Punjab",nsq,Oxfendazole & Ivermectin Bolus (Vet.) WELLMOX-1,AGWT25018,Jan-2025,Dec-2026,"M/s.Argon Remedies Pvt. Ltd., Sarverkhera. Moradabad Road, Kashipur, U S Nagar, Uttarakhand-244713",The content of Oxfendazole found to be 883.42 mg per bolus (88.342%) against labelled claim of 1000 mg per bolus.,"State Drugs Laboratory, Punjab",portal,2025-04_all_nsq.json,67
2025-04,"state:State Drugs Laboratory, Punjab",nsq,Oxfendazole & Ivermectin Bolus (Vet.) WELLMOX-1,AGWT25038,Jan-2025,Dec-2026,"M/s.Argon Remedies Pvt. Ltd., Sarverkhera. Moradabad Road, Kashipur, U S Nagar, Uttarakhand-244713",1. Description. 2. The Content of Ivermectin found to be 34.73 mg per bolus (86.825%) against labelled claim of 40 mg per bolus.,"State Drugs Laboratory, Punjab",portal,2025-04_all_nsq.json,68
2025-04,"state:State Drugs Laboratory, Punjab",nsq,Oxfendazole & Ivermectin Bolus (Vet.) WELLMOX-1,AGWT25025,Jan-2025,Dec-2026,"M/s.Argon Remedies Pvt. Ltd., Sarverkhera. Moradabad Road, Kashipur, U S Nagar, Uttarakhand-244713",The content of Ivermectin found to be 28.57 mg per bolus (71.425%) against labelled claim of 40 mg per bolus.,"State Drugs Laboratory, Punjab",portal,2025-04_all_nsq.json,69
2025-04,"state:State Drugs Laboratory, Punjab",nsq,Oxfendazole & Ivermectin Bolus (Vet.) WELLMOX-1,AGWT25034,Jan-2025,Dec-2026,"M/s.Argon Remedies Pvt. Ltd., Sarverkhera. Moradabad Road, Kashipur, U S Nagar, Uttarakhand-244713",The content of Ivermectin found to be 34.91 mg per bolus (87.275%) against labelled claim of 40 mg per bolus.,"State Drugs Laboratory, Punjab",portal,2025-04_all_nsq.json,70
2025-04,"state:State Drugs Laboratory, Punjab",nsq,Oxfendazole & Ivermectin Bolus (Vet.) WELLMOX-1,AGWT25033,Jan-2025,Dec-2026,"M/s.Argon Remedies Pvt. Ltd., Sarverkhera. Moradabad Road, Kashipur, U S Nagar, Uttarakhand-244713",The content of Ivermectin found to be 26.66 mg per bolus (66.65%) against labelled claim of 40 mg per bolus.,"State Drugs Laboratory, Punjab",portal,2025-04_all_nsq.json,71
2025-04,"state:State Drugs Laboratory, Punjab",nsq,Oxfendazole & Ivermectin Bolus (Vet.) WELLMOX-1,AGWT25032,Jan-2025,Dec-2026,"M/s.Argon Remedies Pvt. Ltd., Sarverkhera. Moradabad Road, Kashipur, U S Nagar, Uttarakhand-244713",The content of Ivermectin found to be 30.19 mg per bolus (75.475%) against labelled claim of 40 mg per bolus.,"State Drugs Laboratory, Punjab",portal,2025-04_all_nsq.json,72
2025-04,"state:State Drugs Laboratory, Punjab",nsq,Oxfendazole & Ivermectin Bolus (Vet.) WELLMOX-1,AGWT25031,Jan-2025,Dec-2026,"M/s.Argon Remedies Pvt. Ltd., Sarverkhera. Moradabad Road, Kashipur, U S Nagar, Uttarakhand-244713",1. The content of Ivermectin found to be 32.52 mg per bolus (81.30%) against labelled claim of 40 mg per bolus.2. The Content of Oxfendazole found to be 880.01 mg per bolus (88.001%) against labelled claim of 1000 mg per bolus.,"State Drugs Laboratory, Punjab",portal,2025-04_all_nsq.json,73
2025-04,"state:State Drugs Laboratory, Punjab",nsq,Oxfendazole & Ivermectin Bolus (Vet.) WELLMOX-1,AGWT25037,Jan-2025,Dec-2026,"M/s.Argon Remedies Pvt. Ltd., Sarverkhera. Moradabad Road, Kashipur, U S Nagar, Uttarakhand-244713",1. The content of Oxfendazole found to be mg per bolus. 2. The Content of Ivermectin found to be 28.220 mg per bolus (70.55%) 877.69 mg per bolus (87.769%) against labelled claim of 1000,"State Drugs Laboratory, Punjab",portal,2025-04_all_nsq.json,74
2025-04,"state:State Drugs Laboratory, Punjab",nsq,Oxfendazole & Ivermectin Bolus (Vet.) WELLMOX-1,AGWT25041,Jan-2025,Dec-2026,"M/s.Argon Remedies Pvt. Ltd., Sarverkhera. Moradabad Road, Kashipur, U S Nagar, Uttarakhand-244713",The content of Ivermectin found to be 33.19 mg per bolus (82.975%) against labelled claim of 40 mg per bolus.,"State Drugs Laboratory, Punjab",portal,2025-04_all_nsq.json,75
2025-04,"state:State Drugs Laboratory, Punjab",nsq,Oxfendazole & Ivermectin Bolus (Vet.) WELLMOX-1,AGWT25035,Jan-2025,Dec-2026,"M/s.Argon Remedies Pvt. Ltd., Sarverkhera. Moradabad Road, Kashipur, U S Nagar, Uttarakhand-244713",The content of Ivermectin found to be 25.17 mg per bolus (62.925%) against labelled claim of 40 mg per bolus.,"State Drugs Laboratory, Punjab",portal,2025-04_all_nsq.json,76
2025-04,"state:State Drugs Laboratory, Punjab",nsq,Oxfendazole & Ivermectin Bolus (Vet.) WELLMOX-1,AGWT25036,Jan-2025,Dec-2026,"M/s.Argon Remedies Pvt. Ltd., Sarverkhera. Moradabad Road, Kashipur, U S Nagar, Uttarakhand-244713",The content of Ivermectin found to be 28.66 mg per bolus (71.65%) against labelled claim of 40 mg per bolus.,"State Drugs Laboratory, Punjab",portal,2025-04_all_nsq.json,77
2025-04,"state:State Drugs Laboratory, Punjab",nsq,Oxfendazole & Ivermectin Bolus (Vet.) WELLMOX-1,AGWT25024,Jan-2025,Dec-2026,"M/s.Argon Remedies Pvt. Ltd., Sarverkhera. Moradabad Road, Kashipur, U S Nagar, Uttarakhand-244713",The content of Ivermectin found to be 33.069 mg per bolus (82.672%) against labelled claim of 40 mg per bolus.,"State Drugs Laboratory, Punjab",portal,2025-04_all_nsq.json,78
2025-04,"state:State Drugs Laboratory, Punjab",nsq,Oxfendazole & Ivermectin Bolus (Vet.) WELLMOX-1,AGWT25029,Jan-2025,Dec-2026,"M/s.Argon Remedies Pvt. Ltd., Sarverkhera. Moradabad Road, Kashipur, U S Nagar, Uttarakhand-244713",The content of Ivermectin found to be 33.29 mg per bolus (83.225%) against labelled claim of 40 mg per bolus.,"State Drugs Laboratory, Punjab",portal,2025-04_all_nsq.json,79
2025-04,"state:State Drugs Laboratory, Punjab",nsq,Oxfendazole & Ivermectin Bolus (Vet.) WELLMOX-1,AGWT25028,Jan-2025,Dec-2026,"M/s.Argon Remedies Pvt. Ltd., Sarverkhera. Moradabad Road, Kashipur, U S Nagar, Uttarakhand-244713",The content of Ivermectin found to be labelled claim of 40 mg per bolus. 31.82 mg per bolus (79.55%) against,"State Drugs Laboratory, Punjab",portal,2025-04_all_nsq.json,80
2025-04,"state:State Drugs Laboratory, Punjab",nsq,Oxfendazole & Ivermectin Bolus (Vet.) WELLMOX-1,AGWT25027,Jan-2025,Dec-2026,"M/s.Argon Remedies Pvt. Ltd., Sarverkhera. Moradabad Road, Kashipur, U S Nagar, Uttarakhand-244713",The content of Ivermectin found to be 31.68 mg per bolus (79.20%) against labelled claim of 40 mg per bolus.,"State Drugs Laboratory, Punjab",portal,2025-04_all_nsq.json,81
2025-04,"state:State Drugs Laboratory, Punjab",nsq,Oxfendazole & Ivermectin Bolus (Vet.) WELLMOX-1,AGWT25026,Jan-2025,Dec-2026,"M/s.Argon Remedies Pvt. Ltd., Sarverkhera. Moradabad Road, Kashipur, U S Nagar, Uttarakhand-244713",The content of Ivermectin found to be 33.055 mg per bolus (82.637%) against labelled claim of 40 mg per bolus.,"State Drugs Laboratory, Punjab",portal,2025-04_all_nsq.json,82
2025-04,"state:State Drugs Laboratory, Punjab",nsq,Oxfendazole & Ivermectin Bolus (Vet.) WELLMOX-1,AGWT25030,Jan-2025,Dec-2026,"M/s.Argon Remedies Pvt. Ltd., Sarverkhera. Moradabad Road, Kashipur, U S Nagar, Uttarakhand-244713",The content of Ivermectin found to be 31.66 mg per bolus (79.15%) against labelled claim of 40 mg per bolus.,"State Drugs Laboratory, Punjab",portal,2025-04_all_nsq.json,83
2025-04,state:DTL Chennai,nsq,Mupropet (Mupirocin Ointment IP 2%w/w),DG2436,Jul-2024,Dec-2025,"M/s.Arius Formulations Pvt Ltd, R.S.No.141/1, Plot No.38 & 47, Ground Floor, Navarkulam Main Road, Pattanur, Auroville (Post), Vanur taluk, Tamilnadu, 605101",Sample does not conform to IP specification for Mupirocin Ointment with respect to the content of Mupirocin,DTL Chennai,portal,2025-04_all_nsq.json,84
2025-04,state:DTL Madurai,nsq,Burmoxicla+V(Amoxycill in & Potassium Clavulanate Oral Suspension IP),ABD-187C,Jun-2024,Nov-2025,"M/s.Azot Life Sciences, Vill.Chewa, P.O, Kumarhatti, Distt. Solan - 173229(H.P)",Sample does not conform to IP specification for Amoxycillin and Potassium Clavulanate oral suspension with Clavulanic Acid in Potassium Clavulanate respect to the content of,DTL Madurai,portal,2025-04_all_nsq.json,85
2025-04,state:DTL Madurai,nsq,Chlorpheniramine Maleate IP & Noscapine IP Oral Syrup (Coscopin Linctus),VTL4006,Mar-2024,Feb-2026,"M/s.Biological E Limited, Plot 47B/2, Street No.04, Phase-1, IDA Cherlapally Village, Kapra Mandal, Medchal-Malkajgiri District-500052, Telangana State, India.",Sample does not conform to Label claim with respect to the content of Noscapine,DTL Madurai,portal,2025-04_all_nsq.json,86
2025-04,central,nsq,Doxycycline Capsules IP 100 mg,B240705,May-2024,Apr-2026,"M/s.Bochem Healthcare Pvt. Ltd., 83-84, Industrial Area, Dewas Road, Nagziri, Ujjain 45601-(M.P.) India",Dissolution of Doxycycline,RDTL Chandigarh,portal,2025-04_all_nsq.json,87
2025-04,central,nsq,Ciprofloxacin Tablets IP 250 mg (Ciprodac 250),CT24001,Feb-2024,Jan-2027,"M/s.CADILA PHARMACEUTICALS LIMITED, 1389, Dholka- 382225, Dist. Ahmedabad","Dissolution"" of Ciprofloxacin",RDTL Guwahati,portal,2025-04_all_nsq.json,88
2025-04,state:DTL Chennai,nsq,Atorvastatin Tablets IP 10mg,CT240246A,Jul-2024,Jun-2026,"M/s.Candour Pharmaceuticals, Vill. OGLI, Suketi Road, Kala Amb, Distt. Sirmour (H.P), 173030",Sample does not conform to IP specification for Atorvastatin Calcium Tablets with respect to Dissolution,DTL Chennai,portal,2025-04_all_nsq.json,89
2025-04,central,nsq,Sodium Chloride Injection IP 0.9 %w/v,LV4983,Nov-2024,Oct-2026,"M/s.Captab Biotec, Unit-II, Plot No.125, E.P.I.P. Road, Mauja, Jharmajri, Baddi, Distt. Solan (H.P.)-173205",Bacterial endotoxins and Sterility,RDTL Chandigarh,portal,2025-04_all_nsq.json,90
2025-04,central,nsq,Sodium Chloride Injection IP 0.9 %w/v,LV4979,Nov-2024,Oct-2026,"M/s.Captab Biotec, Unit-II, Plot No.125, E.P.I.P. Road, Mauja, Jharmajri, Baddi, Distt. Solan (H.P.)-173205",Bacterial endotoxins and Sterility,RDTL Chandigarh,portal,2025-04_all_nsq.json,91
2025-04,central,nsq,Sodium Chloride Injection IP 0.9 %w/v,LV4987,Nov-2024,Oct-2026,"M/s.Captab Biotec, Unit-II, Plot No.125, E.P.I.P. Road, Mauja, Jharmajri, Baddi, Distt. Solan (H.P.)-173205",Bacterial endotoxins and Sterility,RDTL Chandigarh,portal,2025-04_all_nsq.json,92
2025-04,central,nsq,Sodium Chloride Injection IP 0.9 %w/v,LV4984,Nov-2024,Oct-2026,"M/s.Captab Biotec, Unit-II, Plot No.125, E.P.I.P. Road, Mauja, Jharmajri, Baddi, Distt. Solan (H.P.)-173205",Bacterial endotoxins and Sterility,RDTL Chandigarh,portal,2025-04_all_nsq.json,93
2025-04,central,nsq,Sodium Chloride Injection IP 0.9 %w/v,LV4985,Nov-2024,Oct-2026,"M/s.Captab Biotec, Unit-II, Plot No.125, E.P.I.P. Road, Mauja, Jharmajri, Baddi, Distt. Solan (H.P.)-173205",Bacterial endotoxins and Sterility,RDTL Chandigarh,portal,2025-04_all_nsq.json,94
2025-04,central,nsq,Sodium Chloride Injection IP 0.9 %w/v,LV4982,Nov-2024,Oct-2026,"M/s.Captab Biotec, Unit-II, Plot No.125, E.P.I.P. Road, Mauja, Jharmajri, Baddi, Distt. Solan (H.P.)-173205",Bacterial endotoxins and Sterility,RDTL Chandigarh,portal,2025-04_all_nsq.json,95
2025-04,central,nsq,Sodium Chloride Injection IP 0.9 %w/v,LV4978,Nov-2024,Oct-2026,"M/s.Captab Biotec, Unit-II, Plot No.125, E.P.I.P. Road, Mauja, Jharmajri, Baddi, Distt. Solan (H.P.)-173205",Bacterial endotoxins and Sterility,RDTL Chandigarh,portal,2025-04_all_nsq.json,96
2025-04,central,nsq,Sodium Chloride Injection IP 0.9 %w/v,LV4988,Nov-2024,Oct-2026,"M/s.Captab Biotec, Unit-II, Plot No.125, E.P.I.P. Road, Mauja, Jharmajri, Baddi, Distt. Solan (H.P.)-173205","Particulate matter, Bacterial endotoxins and Sterility",RDTL Chandigarh,portal,2025-04_all_nsq.json,97
2025-04,state:DTL Chennai,nsq,Sucrapolis-O Suspension,CSDL24368,Oct-2024,Sep-2026,"M/s.CSD Lifesciences, Village:Malkumajra, Morepen Road, Baddi, Distt, Solan (HP)- 173205",sample does not conform to label claim with respect to the content of Oxetacaine,DTL Chennai,portal,2025-04_all_nsq.json,98
2025-04,state:DTL Madurai,nsq,Cefixime & Potassium Clavulanate Tablets (Alfix-CV),CT24117D,Aug-2024,Jan-2026,"M/s.Curehealth Pharmaceticals Pvt Ltd, Vill Ranupur, P.O Deothi , Tehsil & District Solan (HP) 173211",Sample does not conform to label claim with respect to the content of Clavulanic Acid in Potassium Clavulanate.,DTL Madurai,portal,2025-04_all_nsq.json,99
2025-04,central,nsq,Levamisole & Oxyclozanide Bolus Vet. (Wormizole Bolus),EMVB-24162,Oct-2024,Sep-2026,"M/s.Events Corporation, UNIT- II, Kala Amb, Tehsil Nahan, District Sirmour (H.P.)-173030",Disintegration test,RDTL Chandigarh,portal,2025-04_all_nsq.json,100
2025-04,state:DTL Madurai,nsq,Glypro 1 (Glimepiride Tablets IP) 1mg,FGYO-1626,Dec-2024,Nov-2026,"M/s.Firstmed Therapeutics Pvt Ltd, R.S.No.31/1, Pondy- Tindivanam Main Road, Auroville (PO), Thiruchitrambalam, Tamilnadu-605101",Sample does not conform to IP specification for Glimepiride Tablets with respect to the content of Glimepiride,DTL Madurai,portal,2025-04_all_nsq.json,101
2025-04,state:DTL Madurai,nsq,"Clotrimazole and Selenium Sulfide Suspension, candid tv",46230305,Dec-2023,Nov-2025,"M/s.Glenmark Pharmaceuticals Ltd, At, Plot No. 38939 Sector-II, I.I.E, Sidcul, Haridwar, Uttarakhand-249 403.",Sample does not conform to label claim with respect to identification and the content of clotrimazole (Deemed to be spurious),DTL Madurai,portal,2025-04_all_nsq.json,102
2025-04,state:DTL Chennai,nsq,Pantozor Tablets (Pantoprazole Sodium Tablets IP),UTBO25A,Feb-2025,Jan-2027,"M/s.Haustus Biotech Pvt Ltd, 44- 45, Indl. Area, Tahliwal, Distt, Una (H.P)",Sample does not conform to IP specification for Pantoprazole Tablets with respect to Dissolution in Buffer stage,DTL Chennai,portal,2025-04_all_nsq.json,103
2025-04,state:DTL Thiruvananthapuram,nsq,Paracetamol Tab IP 500 mg,PAK-558,Sep-2023,Aug-2026,"M/s.Healer?s Lab Unit II, Plot No. 33, HPSIDC, Extn, Baddi, Dist.Solan HP","It fails the test ?Dissolution? as per IP , as Specified in the laboratory protocol",DTL Thiruvananthapuram,portal,2025-04_all_nsq.json,104
2025-04,state:DTL Thiruvananthapuram,nsq,Paracetamol Tab IP 500 mg,PAK-524,May-2023,Apr-2026,"M/s.Healer?s Lab Unit II, Plot No. 33, HPSIDC, Extn, Baddi, Dist.Solan HP",It fails the test ?Dissolution? as per IP specified in the laboratory protocol,DTL Thiruvananthapuram,portal,2025-04_all_nsq.json,105
2025-04,state:DTL Madurai,nsq,Z&D Syrup (Zinc Gluconate Oral Solution 20mg),XSZE24005,Aug-2024,Jan-2026,"M/s.Hema Laboratories Pvt Ltd, Plot No.29, Pharma City, Selaqui Industrial, Area, Dehradun - 248011, Uttarakhand.",Sample does not conform to Label Claim with respect to content of Elemental Zinc in Zinc Gluconate,DTL Madurai,portal,2025-04_all_nsq.json,106
2025-04,state:DTL Madurai,nsq,Petben (Benzoyl peroxide shampoo 2.5%),678585,Mar-2024,Feb-2026,"M/s.Hidustan Antibitics Ltd, at Village Saini Majra, Tehsil Nalagarh Dist. Solan (HP) - 174 101",Sample does not conform to lebel claim with respect to description of shampoo,DTL Madurai,portal,2025-04_all_nsq.json,107
2025-04,state:DTL Madurai,nsq,Cefixime Tablets IP 400 mg,HTB404G,Jul-2024,Jun-2026,"M/s.Himalaya Meditek Pvt Ltd, Plot No.35&36 Pharmacity, Selaqui Industrial Area, Dehradun - 248 197",Sample does not conform to IP Specification for Cefixime Tablets with respect to the content of Anhydrous Cefixime in Cefixime Trihydrate.,DTL Madurai,portal,2025-04_all_nsq.json,108
2025-04,state:DTL Madurai,nsq,Omeprazole Capsules IP 20mg,HCN423F,Jun-2024,May-2026,"M/s.Himalaya Meditek Pvt Ltd, Plot No.35&36 Pharmacity, Selaqui Industrial Area, Dehradun - 248 197",Sample does not conform to IP specification with respect to Uniformity of weight,DTL Madurai,portal,2025-04_all_nsq.json,109
2025-04,state:DTL Madurai,nsq,Amoxycillin and potassium clavulanate tablets IP 625 mg,BT240491,May-2024,Apr-2026,"M/s.Hindustan Antibiotics Ltd, at: Village Saini Majra, Tehsil Nalagarh Dist. Solan (HP) - 174 101",Sample does not conform to IP specification for amoxycillin and potassium clavulanate tablets with respect to the content of Clavulanic acid in potassium clavulanate.,DTL Madurai,portal,2025-04_all_nsq.json,110
2025-04,state:DTL Chennai,nsq,"Softuss-D (Dextromethorphan Hydrobromide, Phenylephrine Hydrochloride & Chlorpheniramine Maleate Syrup)",DL2501013B,Jan-2025,Dec-2026,"M/s.Indorama Health Care Pvt Ltd, 204-205, HSIIDC, Manakpur, Industrial Area, Jagadhri, Distt, Yamuna Nagar (Haryana), 135003",Sample does not conform to IP specification for label claim with respect to the content of Phenylephrine Hydrochloride,DTL Chennai,portal,2025-04_all_nsq.json,111
2025-04,"state:State Drugs Laboratory, Punjab",nsq,Aceclofenac & Paracetamol Tablets IP,GG204014,Apr-2024,Mar-2026,"M/s.Innova Captab Limited, 1281/1, Hilltop Industrial Estate, Near EPIP, Phase-1, Jharmajri, Baddi, Distt. Solan (H.P.)-173205",Misbranded Product is not official in I.P as on its manufacturing date mentioned on its label i.e. April 2024.,"State Drugs Laboratory, Punjab",portal,2025-04_all_nsq.json,112
2025-04,state:DTL Madurai,nsq,Lelet-M Syrup (Montelukast Sodium and levocetirizine hydrochloride syrup),LLMS-063,Apr-2024,Mar-2026,"M/s.IOSIS Remedies pvt ltd, Rajpura road, village-khera nihla, Tehsil-Nalagarh, District-solan. Himachal Pradesh - 174 101 India",sample does not conform to label claim with respect to content of Montelukast in Montelukast sodium,DTL Madurai,portal,2025-04_all_nsq.json,113
2025-04,central,nsq,Telmisartan & Hydrochlorothiazide Tablets IP (Telmijack-H),T-20560,Mar-2024,Feb-2026,"M/s.Jackson Laboratories Pvt. Ltd., Plot No. 56 & 61, Industrial Area, Phase III, Sansarpur Terrace, Distt. Kangra (H.P.)- 176501.","""Related substances and Assay of Hydrochlorothiazi de""",CDTL Mumbai,portal,2025-04_all_nsq.json,114
2025-04,state:DTL Madurai,nsq,Nitrobi-CR 2.6(Nitroglycerin Controlled Release Tablets 2.6mg),JT-2312229,Dec-2023,Nov-2025,"M/s.Jeneka Healthcaere Pvt Ltd, Khasra No.507-525, Bedpur Crossing Bhagwanpur By Pass, Roorkee, Distt, Haridwar, Uttarakhand.",Sample does not conform to Label Claim with respect to the content of Nitroglycerine in Diluted,DTL Madurai,portal,2025-04_all_nsq.json,115
2025-04,"state:SDTL Agartala, Tripura",nsq,Winocin 500 (Paracetamol tablets IP 500 mg),JT-2405719,May-2024,Oct-2026,"M/s.Jineka Healthcare Pvt. Ltd, Plot No. 15, Sector- 6B, IIE, Ranipur, Haridwar (UK) 249403","The sample does not conform to standard quality in respect of the test for ""Dissolution"" performed.","SDTL Agartala, Tripura",portal,2025-04_all_nsq.json,116
2025-04,central,nsq,Glimepiride Tablets I.P. 1 mg,12801124,Aug-2024,Jul-2026,"M/s.Karnataka Antibiotics & Pharmaceuticals Limited (A Govt of India Enterprise), Plot No.14, II Phase, Peenya, Bengaluru - 560 058.","""Related substances""",CDTL Mumbai,portal,2025-04_all_nsq.json,117
2025-04,state:DTL Madurai,nsq,L-Histact-M Tablets,24DT122A,Jun-2026,May-2027,"M/s.Kashmik Formuation Pvt Ltd, PF-13, Opp procter & Gamble, Bol GIDC-2, Sanand, Ahmedabad - 382 170, Gurarat, India",Sample does not conform to IP Specification for Levocetrizine Hydrocloride and Montelukast Tablets with respect to the contect of Levocetrizine Hydrochloride and Montelukast in Montelukast in Montelukast sodium.,DTL Madurai,portal,2025-04_all_nsq.json,118
2025-04,state:DTL Thiruvananthapuram,nsq,Restomol 650 (Paracetamol Tablets IP 650 mg),K1224079,Dec-2024,Nov-2027,"M/s.Kaushik Therapeutics (P) Ltd, Plot No.6 &7 , Door No. 728, Kakkanji Cross Street, Paraniputhur Road, Gerugambakkam, Chennai - 600128",It fails the test for ?Dissolution? as per IP as Specified in the laboratory protocol,DTL Thiruvananthapuram,portal,2025-04_all_nsq.json,119
2025-04,state:DTL Thiruvananthapuram,nsq,Telmisartan Tab IP 40 mg,D0004/25-26,,,"M/s.Kerala Medical services Corporation Limited, Thycaud P.O, Thiruvananthapuram",The sample does not conform to IP standards with respect to descriptive part for tablets,DTL Thiruvananthapuram,portal,2025-04_all_nsq.json,120
2025-04,state:DTL Thiruvananthapuram,nsq,Paracetamol Tab IP 500 mg,D 0001/25-26,,,"M/s.Kerala Medical services Corporation Limited, Thycaud P.O, Thiruvananthapuram",It fails the tests dissolution as per IP specified in the Laboratory Protocol,DTL Thiruvananthapuram,portal,2025-04_all_nsq.json,121
2025-04,state:DTL Thiruvananthapuram,nsq,Gentamicin Inj. IP,D0003/25-26,,,"M/s.Kerala Medical services Corporation Limited, Thycaud P.O, Thiruvananthapuram",It fails the test particulate matter and descriptive part for injections,DTL Thiruvananthapuram,portal,2025-04_all_nsq.json,122
2025-04,state:DTL Madurai,nsq,Merocet (Cetirizine Hydrochloride Syrup),1124192,Nov-2024,Oct-2026,"M/s.Kite Formulation, No.67/1, 1st & 2st floor, 4th street, Thirunagar, Karumandapam, Trichy-620001",Sample does not conform to IP specification with respect to the PH.,DTL Madurai,portal,2025-04_all_nsq.json,123
2025-04,"state:SDTL Agartala, Tripura",nsq,Fevimed (Paracetamol tablets IP 500 mg),T-23204,Sep-2023,Aug-2025,"M/s.Kshipra Drugs Pvt. Ltd. 40- 41/22B, Industrial Area No. 1, Dewas (MP) 455001.","The sample does not conform to standard quality in respect of the test for ""Dissolution"" performed.","SDTL Agartala, Tripura",portal,2025-04_all_nsq.json,124
2025-04,central,nsq,Albendazole Tablets IP 400 mg,LMT241100,Sep-2024,Aug-2026,"M/s.Life Max Cancer Laboratories, Plot No. 106 & 106 A, Sector6A, IIE, SIDCUL, Haridwar249403 (U.K)",Dissolution,RDTL Guwahati,portal,2025-04_all_nsq.json,125
2025-04,central,nsq,Levetiracetam Tablets IP 500 mg,LMT241488,Dec-2024,Nov-2026,"M/s.Life Max Cancer Laboratories Plot No. 106 & 106A, Sector-6A, IIE, SIDCUL, Haridwar-249403 (U.K)",Dissolution,CDTL Indore,portal,2025-04_all_nsq.json,126
2025-04,central,nsq,Sulphamethoxazole and Trimethoprim Tablets IP,MT386,Oct-2023,Sep-2026,"M/s.Mayasha Lifesciences, H.B. 86, Village-Bhatian Nalagarh, Distt.-Solan (H.P.) 174101",Dissolution of Sulphamethoxazol e,RDTL Chandigarh,portal,2025-04_all_nsq.json,127
2025-04,central,nsq,Pioglitazone Hydrochloride Tablets (GLITO 15),D40292,May-2024,Apr-2027,"M/s.Medley Pharmaceuticals Ltd., Plot No. 18 & 19, Survey No.378/7 & 8, 379/2 & 3, Zari Causeway Road, Kachigam Daman- 396210 (U.T), INDIA","""Dissolution""",CDTL Mumbai,portal,2025-04_all_nsq.json,128
2025-04,state:DTL Chennai,nsq,Synclov-625 Tablets (Amoxycillin & Potassium Clavulanate Tablets IP),MICTAB-2120,Jan-2025,Jun-2026,"M/s.Micro Formulations, Chambaghat, New Railway Crossing, Distt, solan (HP),173211",Sample does not conform to IP specification for Amoxycillin and Potassium Clavulanate Tablets with respect to the content of Clavulanic Acid in Potassium Clavulanate Diluted Dissolution for Clavulanic Acid and to,DTL Chennai,portal,2025-04_all_nsq.json,129
2025-04,state:DTL Thiruvananthapuram,nsq,Ondansetron Tablets IP 4 mg,ONTB-06,Sep-2024,Aug-2026,"M/s.Nestor Pharmaceuticals Limited, 11, Western Extension Area, Faridabad -121 001",It fails the test for ?Dissolution? as per IP as Specified in the laboratory protocol,DTL Thiruvananthapuram,portal,2025-04_all_nsq.json,130
2025-04,state:DTL Thiruvananthapuram,nsq,Cefixime Oral Suspension IP Dry Syrup 30 ml,CADB- 02,Jun-2024,May-2026,"M/s.Nestor Pharmaceuticals Limited, 11, Western Extension Area, Faridabad -121 001","It fails the test Assay, water and descriptive part for oral liquids as per IP , as specified in the Laboratory Protocol",DTL Thiruvananthapuram,portal,2025-04_all_nsq.json,131
2025-04,state:DTL Madurai,nsq,Amoxycillin and potassium clavulanate tablets IP (AUGMONT CV 625 DUP Co- amoxiclav),BT408244A,Aug-2024,Apr-2026,"M/s.Nikvin Healthcare (I) Pvt Ltd, Baddi-Barotiwala Road, Behind Govt, Toimber Depot Vill, Katha. Baddi(HP)-173 205",Sample does not conform to IP specification for amoxycillin and potassium clavulanate tablets with respect to the content of Clavulanic acid in potassium clavulanate.,DTL Madurai,portal,2025-04_all_nsq.json,132
2025-04,state:DTL Chennai,nsq,Amoxycillin & Potassium Calvulanate Tablets,BT406210A,Jun-2024,May-2026,"M/s.Nikvin Healthcare (I) Pvt Ltd, Baddi-Barotiwala Road, Behind Govt, Toimber Depot Vill, Katha. Baddi(HP)-173 205",Sample does not conform to IP specification for Amoxycillin and Potassium Clavulanate Tablets with respect to Dissolution for Clavulanic Acid and to the content of Clavulanic Acid in Potassium Clavulanate Diluted,DTL Chennai,portal,2025-04_all_nsq.json,133
2025-04,central,nsq,Nimesulide & Paracetamol Tablets (Somu Gold),TTX0093,Jan-2024,Dec-2026,"M/s.Pro-pharma Care Pvt. Ltd., Khasara No. : 68, 69, 71, Village : Sikandarpur, Bhaiswal, Near Bhagwanpur, Roorkee, Distt. Haridwar, Uttarakhand-247661",Dissolution,RDTL Guwahati,portal,2025-04_all_nsq.json,134
2025-04,state:DTL Madurai,nsq,Lidocaine Hydrochloride and Gabapentin Gel (Gabaneuron Gel),PWBBO7,Jun-2024,Nov-2025,"M/s.Pure & Cure Healthcare Pvt Ltd,(A Subsidiary of Akums Drugs & Pharmaceuticals Ltd) Plot No. 26A, 27-30,Sectir-8A, I.I.E, SIDCUL, Raniput, Haridwar-249 403, Uttarakhand",Sample does not conform to lebel claim with respect to the content of Gabapentin,DTL Madurai,portal,2025-04_all_nsq.json,135
2025-04,state:DTL Madurai,nsq,Progaba Gel (Lidocaine Hydrochloride & Gabapentin Gel),PSWAB66,Jun-2024,Nov-2025,"M/s.Pure & Cure Healthcare Pvt Ltd,(A Subsidiary of Akums Drugs & Pharmaceuticals Ltd) Plot No. 26A, 27-30,Sector-8A, I.I.E, SIDCUL, Haridwar-249 403, Uttarakhand",Sample does not conform to Label claim with respect to the content of Gabapentin,DTL Madurai,portal,2025-04_all_nsq.json,136
2025-04,state:DTL Thiruvananthapuram,nsq,Nebivolol Tablets IP,KMNB 24002,Oct-2024,Sep-2026,"M/s.Ravian Life Sciences Pvt Ltd, Plot No. 34, sector-8A, IIE, SIDCUL, Haridwar- 249 403, Uttarakhand","It fails the test for ?Dissolution? as per IP, as Specified in the laboratory protocol",DTL Thiruvananthapuram,portal,2025-04_all_nsq.json,137
2025-04,central,nsq,Sulbactam Sodium Sterile I.P./USP.,23051901,May-2023,Apr-2026,"M/s.Reyoung Pharmaceutical Co. Ltd., No.1,Ruiyang Road, Yiyuan Country,Shandong Province,P.R.China,Post Code:256100.Imported By: Shah TC Distribution LLP,Gala No.2 & 3, 1st Floor, BLD No. B1.H.No.709/2&709/3,Radha Krushna Compound,T.M. Industrial Park, Pimplas Bhiwandi,MH-421302, India.","""Identification and Assay/Content of Sulbactam Sodium",RDTL Guwahati,portal,2025-04_all_nsq.json,138
2025-04,central,nsq,Sulbactam Sodium Sterile I.P./USP.,23051806,May-2023,Apr-2026,"M/s.Reyoung Pharmaceutical Co. Ltd., No.1,Ruiyang Road, Yiyuan Country,Shandong Province,P.R.China,Post Code:256100.Imported By: Shah TC Distribution LLP,Gala B1.H.No.709/2&709/3,Radha Krushna Compound,T.M. Industrial Park, Pimplas Bhiwandi,MH-421302, India. No.2 & 3, 1st Floor, BLD No.",Identification and Assay/Content of Sulbactam Sodium,RDTL Guwahati,portal,2025-04_all_nsq.json,139
2025-04,central,nsq,Sulbactam Sodium Sterile I.P./USP.,23051903,May-2023,Apr-2026,"M/s.Reyoung Pharmaceutical Co. Ltd., No.1,Ruiyang Road, Yiyuan Country,Shandong Province,P.R.China,Post Code:256100.Imported By: Shah TC Distribution LLP,Gala No.2 & 3, 1st Floor, BLD No. B1.H.No.709/2&709/3,Radha Krushna Compound,T.M. Industrial Park, Pimplas Bhiwandi,MH-421302, India.",Identification and Assay/Content of Sulbactam Sodium,RDTL Guwahati,portal,2025-04_all_nsq.json,140
2025-04,central,nsq,Sulbactam Sodium Sterile I.P./USP,23051904,May-2023,Apr-2026,"M/s.Reyoung Pharmaceutical Co. Ltd., No.1,Ruiyang Road, Yiyuan Country,Shandong Province,P.R.China,Post Code:256100.Imported By: Shah TC Distribution LLP,Gala No.2 & 3, 1st Floor, BLD No. B1.H.No.709/2&709/3,Radha Krushna Compound,T.M. Industrial Park, Pimplas Bhiwandi,MH-421302, India.",Identification and Assay/Content of Sulbactam Sodium,RDTL Guwahati,portal,2025-04_all_nsq.json,141
2025-04,central,nsq,Sulbactam Sodium Sterile I.P./USP.,23051902,May-2023,Apr-2026,"M/s.Reyoung Pharmaceutical Co. Ltd., No.1,Ruiyang Road, Yiyuan Country,Shandong Province,P.R.China,Post Code:256100.Imported By: Shah TC Distribution LLP,Gala No.2 & 3, 1st Floor, BLD No. B1.H.No.709/2&709/3,Radha Krushna Compound,T.M. Industrial Park, Pimplas Bhiwandi,MH-421302, India.",Identification and Assay/Content of Sulbactam Sodium,RDTL Guwahati,portal,2025-04_all_nsq.json,142
2025-04,state:DTL Madurai,nsq,Betamethasone Valerate Cream IP,E4062,Feb-2024,Jan-2026,"M/s.Rhydburg Pharmaceuticals Ltd, C2&3, S.I.E.L, Selaqui, Dehradun, Uttarakhand (India)",Sample does not conform to IP specification for Betamethasone Valerate Cream with respect to the content of Betamethasone in Betamethasone Valerate.,DTL Madurai,portal,2025-04_all_nsq.json,143
2025-04,state:DTL Chennai,nsq,Atorvastatin Tablets IP 10mg,A297,Jul-2024,Jun-2026,"M/s.Rikenbik Pharma, 113, SIDCO Industrial Estate, Ambattur, Chennai, 600098",Sample does not conform to IP specification for Atorvastatin Calcium Tablets with respect to Dissolution,DTL Chennai,portal,2025-04_all_nsq.json,144
2025-04,state:DTL Thiruvananthapuram,nsq,"Alograce Cream (Vitamin E, Honey & Aloevera Cream)",A2JJX048,Dec-2024,Dec-2026,"M/s.RSH Global Pvt. Ltd, Plot No.3 C, Industrial Area, Baddi- 173 205",The sample does not conform to IS 6608:2004 for specifications of skin cream. It fails the test for ?Heavy metals (as lead) ppm? as specified in the laboratory protocol,DTL Thiruvananthapuram,portal,2025-04_all_nsq.json,145
2025-04,state:DTL Chennai,nsq,Bisacodyl Tablets IP 5mg,TA24688,Aug-2024,Jul-2026,"M/s.Saintlife Pharmaceuticals Ltd, 323, Central Hope Town, Industrial Area, Selaqui, Dehradun-248011, Uttarakhand.",Sample does not conform to IP specification for Bisacodyl Tablets with respect to Dissolution (Acid medium and Buffer medium),DTL Chennai,portal,2025-04_all_nsq.json,146
2025-04,state:DTL Chennai,nsq,Frusemide Tablets IP 40mg,TA24283,Jul-2024,Jun-2026,"M/s.Saintlife Pharmaceuticals Ltd, 323, Central Hope Town, Industrial Area, Selaqui, Dehradun-248011, Uttarakhand, India.",Sample does not conform to IP specification for Frusemide Tablets with respect to Dissolution,DTL Chennai,portal,2025-04_all_nsq.json,147
2025-04,state:DTL Thiruvananthapuram,nsq,Nicocred-10 (Nicorandil Tablets 10 mg),SGT- 241195,Aug-2024,Jul-2026,"M/s.SB Life Sciences Pvt Ltd, At Plot No. 45, EPIP, Phase-I, Jharmajri, Baddi, Distt , Solan (HP)","It fails the tests ?Dissolution? and ?Assay? as per IP , specified in the laboratory protocol",DTL Thiruvananthapuram,portal,2025-04_all_nsq.json,148
2025-04,state:State Lab Puducherry,nsq,Bisacodyl Gastro- Resistant Tablets IP (Edilax),2418853T003,Jun-2024,May-2027,"M/s.Scott-Edil Pharmacia Ltd., Unit-II, Plot No.21-22, E.P.I.P., Phase -I, Jharmajri, Baddi, Distt. Solan - 173 205 (HP) , India.",Does not comply with respect to test for Disintegration,State Lab Puducherry,portal,2025-04_all_nsq.json,149
2025-04,central,nsq,"Telmisartan I.P. 40 mg, Amlodipine Besylate I.P. 5 mg Tablets",ST 211,Apr-2024,Mar-2026,"M/s.Soham Healhcare INC, Soham Healthcare Inc A-49, Sector-25, Gandhinagar, Gujarat","""Dissolution"" (Telmisartan and Amlodipine) and ""Assay/ content of Telmisartan and Amlodipine""",CDTL Mumbai,portal,2025-04_all_nsq.json,150
2025-04,central,nsq,Fluconazole Tablets I.P. 150 mg (Megmazole- 150 Tablets),TSF-C0116,Jan-2024,Dec-2025,"M/s.Spen Formulations Pvt. Ltd., Plot No-123, Industrial Area, Mehatpur, Distt. UNA174315 (H.P.)",Assay/Content of Fluconazole,RDTL Guwahati,portal,2025-04_all_nsq.json,151
2025-04,state:DTL Thiruvananthapuram,nsq,Tab Telmisartan IP 40 mg,GTM18,Jun-2024,May-2026,"M/s.Super Formulation Pvt Ltd, 16-B, 15-F, Industrial Area , Maxi Road, Ujjain (MP) 456010","It fails the test ?Dissolution? as per IP, specified in the laboratory protocol",DTL Thiruvananthapuram,portal,2025-04_all_nsq.json,152
2025-04,state:King Institute Chennai,nsq,Gentamicin Injection I.P- 2ml,24BUH83,Aug-2024,Jul-2026,"M/s.SVP Life Sciences, C/10-1, Sara Industrial Estate, Selequi, Dehradun.",Sample does not conform to the requirement for pH.,King Institute Chennai,portal,2025-04_all_nsq.json,153
2025-04,state:King Institute Chennai,nsq,Frusemide Injection IP- 2ml,24BTC63,Mar-2024,Feb-2026,"M/s.SVP Life Sciences, C/10-1, Sara Industrial Estate, Selequi, Dehradun.",Sample does not conform to requirement for sterility,King Institute Chennai,portal,2025-04_all_nsq.json,154
2025-04,"state:State Lab Drugs Control Laboratory, Telangana.",nsq,Ambroxol Hydrochloride Syrup 30 mg/5 ml,724559,Dec-2024,Nov-2026,"M/s.Syndicate Pharma 185/B, 185/B-1, 187/A & 188, Sector-F, Sanwer Road, Indore-452015 Madhya Pradesh","Misbranded The drug failed to indicate the common name of the colour, used in the drug, on the product label, as required under Rule 127(2) of the Drugs Rules, 1945. The label merely states Approved Colour Used. Hence, the drug is deemed to be Misbranded under Section 17 of the Drugs and Cosmetics Act, 1940, as it is not labeled in the prescribed manner.","State Lab Drugs Control Laboratory, Telangana.",portal,2025-04_all_nsq.json,155
2025-04,state:DTL Madurai,nsq,Betamethasone Valerate Ointment IP 0.1% w/w,B75,Aug-2024,Jul-2026,"M/s.Syndicate Pharma, 185/B, 185/B-1, 187/A & 188 Sector - F, Sanwer Road, Indore-452015.",Sample does not conform to IP specification for Betamethasone Valerate Ointment with respect to the content of Betamethasone in Betamethasone Valerate,DTL Madurai,portal,2025-04_all_nsq.json,156
2025-04,central,nsq,Ampicillin Sodium Injection I.P. (AMPIVEE- 500 Injection),TGDI082319 04,Aug-2023,Jul-2025,"M/s.T & G Medicare, Village Kunjahal, PO Baddi, Distt:. Solan (H.P.)",Sterillity,RDTL Guwahati,portal,2025-04_all_nsq.json,157
2025-04,state:DTL Thiruvananthapuram,nsq,Ahaglow Face Wash Gel 50 gm,AHA202,May-2024,Apr-2026,"M/s.Torrent Pharmaceuticals Ltd, Plot No. 810, Sector III, Industrial Area, Pithampur, Dist.Dhar, MP- 454775",The sample does not conform to Cosmetics Rules 2020 for the standards of cosmetics. It fails the test for the content of ?Mercury? in finished cosmetic products as specified in the Laboratory Protocol.,DTL Thiruvananthapuram,portal,2025-04_all_nsq.json,158
2025-04,state:DTL Thiruvananthapuram,nsq,Telmisartan & Amlodipine Tablets IP,UGT24G06A,Oct-2024,Sep-2026,"M/s.Unigrow Pharmaceuticals, Vill. Katha, Baddi, Dist. Solan (HP)",It fails the tests for ?Assay? of Amlodipine and ?Dissolution? as specified in the Laboratory Protocol as per IP,DTL Thiruvananthapuram,portal,2025-04_all_nsq.json,159
2025-04,state:DTL Thiruvananthapuram,nsq,Mamaearth Vitamin C daily glow light moisturising cream,AM4J160,Oct-2024,Oct-2026,"M/s.VA Life sciences, LLP, Plot NO. 9D, sector-2, Parvanoo, HP - 173 220",The sample does not conform to Cosmetics Rules 2020 for the standards of cosmetics. It fails the test for the content of ?Mercury? in finished cosmetic products as specified in the Laboratoty Protocol.,DTL Thiruvananthapuram,portal,2025-04_all_nsq.json,160
2025-04,state:DTL Madurai,nsq,Moxivin-CV 625 (Amoxycillin and Potassium Calvulnate Tablets IP),VMIT2404,Oct-2024,Sep-2026,"M/s.Vertex Pharma Chemicals, Plot No.60-A,61-A, PIPDIC Electronic Park, Thirubhuvanai, Puducherry-605107","The Sample does not conform to IP specification for Amoxycillin and Potassium Clavulanate Tablets with respect to Identification of Potassium Clavulanate, Uniformity of weight and content of Amoxycillin in Amoxycillin Trihydrate and Clavulanic Acid in Potassium Clavulanate (Deemed to be spurious).",DTL Madurai,portal,2025-04_all_nsq.json,161
2025-04,state:State Lab Puducherry,nsq,Griseofulvin Tablets IP(GRISOVIK-250),8563,May-2024,Apr-2026,"M/s.Vikram Laboratories (P) Ltd., Behind tubewell colony, Meerut Road, Muzaffar Nagar- 251 002 (UP)","On visual inspection, presence of spot was observed on tablets surface. The sample received does not conform with respect to the test for Description.",State Lab Puducherry,portal,2025-04_all_nsq.json,162
2025-04,state:DTL Madurai,nsq,Kelan Soap(Ketoconazole Meidcated Soap),8091,Oct-2026,Sep-2026,"M/s.Vimson Derma, 816/3, Kothari Estate, Santej-382 721 (Gujarat)",sample does not conform to label claim with respect to the content of Ketoconazole,DTL Madurai,portal,2025-04_all_nsq.json,163
2025-04,state:King Institute Chennai,nsq,Gentamicin Injection I.P- 2ml,YGN4102,Jul-2024,Jun-2026,"M/s.Yeluri formulations Pvt Ltd, Sy.296/7/6, I.D.A Bollaram, Samgareddy, District-502 325. Telangana-India.",Sample does not conform to the requirement for pH.,King Institute Chennai,portal,2025-04_all_nsq.json,164
2025-04,central,nsq,Polergy (Levocetizine Tablets IP 5mg),43037,Jul-2023,Jun-2025,"M/.s Ronak Life care Pvt Ltd., R.S. No. 41, At and Post Rajpur, Dist. Patan 384265",All tablets received for analysis shows light brown coloured spots all over the surface of the tablets when observed in normal daylight with unaided eyes.,CDTL Mumbai,portal,2025-04_all_nsq.json,165
2025-04,"state:State Lab Drugs Control Laboratory, Telangana.",nsq,Ambroxol Hydrochloride Syrup,724543,Nov-2024,Oct-2026,"M/s By: Syndicate Pharma 185/B, 185/B-1, 187/A & 188, Sector-F, Sanwer Road, Indore - 452015 MADHYA PRADESH","Misbranded The drug failed to indicate the common name of the colour, used in the drug, on the product label, as required under Rule 127(2) of the Drugs Rules, 1945. The label merely states Approved Colour Used. Hence, the drug is deemed to be Misbranded under Section 17 of the Drugs and Cosmetics Act, 1940, as it is not labeled in the prescribed manner.","State Lab Drugs Control Laboratory, Telangana.",portal,2025-04_all_nsq.json,166
2025-04,"state:State Lab Drugs Control Laboratory, Telangana.",nsq,"Emiral OD Tablets, Ondansetron orally disintegrating Tablets IP",HT24565,Jul-2024,Jun-2026,"M/s Habitare Pharma Pvt Ltd Plot no. 43-44, Industrial Estate, HSIIDC, Alipur, Barwala, Distt- Panchakula (HR) - 134118 HARYANA",Disintegration dose not complies as per IP.,"State Lab Drugs Control Laboratory, Telangana.",portal,2025-04_all_nsq.json,167
2025-04,state:Government of NCT of Delhi,nsq,Labetalol Hydrochloride Tablets IP 100 mg,UGT231341,Oct-2023,Sep-2025,"M/s Unimarck Healthcare Ltd., Plot No. 24,25 & 37 Sector 6A, SIDCUL, Haridwar-249403 (Uttarakhand)",Test For Assay(Content) of Labetalol Hydrochloride,Government of NCT of Delhi,portal,2025-04_all_nsq.json,168
2025-04,state:State Lab Puducherry,nsq,Aceclofenac & Paracetamol Tablets (Aceflam P),T-2403035,Mar-2024,Feb-2027,"M/s. Aagya Biotech Pvt Ltd., 1.5km, Manglour,Saharanpur Road,Manglour-247 656, Roorkee, Distt. Haridwar (UK)","On visual inspection, presence of spot was observed on tablets surface. The sample received does not conform as per IP 2022 with respect to Description.",State Lab Puducherry,portal,2025-04_all_nsq.json,169
2025-04,central,nsq,Compound Sodium Lactate Injection IP (RINGER-LACTATE SOLUTION FOR INJECTION ) (RL),1I245476,Sep-2024,Aug-2027,"M/s. Aculife Healthcare Pvt. Ltd., Sachana, Gujarat- 382150, India",Sterility,CDL Kolkata,portal,2025-04_all_nsq.json,170
2025-04,central,nsq,Cetquine 5 Tablets (Levocetirizine Dihydrochlorine Tablets IP,ATX060546,Jun-2023,May-2025,"M/s. ADWIN Pharma Vill Rampur, Jattan, Trilokpur Road, Kala, Tehsil nahan Sirmour-173030",The sample does not comply with IP requirements for Dissolution test.,CDTL Mumbai,portal,2025-04_all_nsq.json,171
2025-04,state:CFDL Jammu (J&K),nsq,"Calcium & Vitamin D3 Tablets IP (JKMSCL, Supply)",PGT24673,Sep-2024,Aug-2026,M/s. Affy Parenterals Vill Gullawala P.O. Baddi Distt Solan- 173205,The sample does not conform to IP 2022 w.r.t Disintegration test for the sample portion received,CFDL Jammu (J&K),portal,2025-04_all_nsq.json,172
2025-04,state:State Lab Karnataka,nsq,Sodium Chloride Injection IP (0.9% W/v) NS,4HB01401,May-2024,Apr-2027,"M/s. Aishwarya Lifesciences, plot no 11, Ind. Area VPO-Lodhimajra, Baddi, Distt-Solan (H.P)-174101 (India)",Test for Sterility,State Lab Karnataka,portal,2025-04_all_nsq.json,173
2025-04,state:State Lab Karnataka,nsq,Nimesulide & Paracetamol Bolus (Vet.) (Nip-UP Bolus),NPB-23221,Feb-2024,Jan-2026,"M/s. Akme Biotec, Plot No. 24, Sector-5, I.I.E., Sidcul, Haridwar (U.K.)",Disintegration Test,State Lab Karnataka,portal,2025-04_all_nsq.json,174
2025-04,state:State Lab Karnataka,nsq,Acremox-500 (Amoxycillin Trihydrate & Lactic Acid Bacillus Capsules),ABC24002,Apr-2024,Mar-2026,"M/s. Alexa Pharmaceuticals, Plot. No. 20, Ext, HPSIDC, Ind, Area, Baddi, Distt. Solan (H.P) 173205",Assay for Amoxycillin,State Lab Karnataka,portal,2025-04_all_nsq.json,175
2025-04,central,nsq,Teneligliptin & Metformin Hydrochloride (Sustained Release) Tablets IP (Teglisure-M 500),AOT244-00B,Mar-2024,Feb-2026,"M/s. Astonea Labs Pvt. Ltd., Vill- Haripur, Teh. Raipur Rani, Dist. Panchkula, Haryana, INDIA-134204",Assay/content of Teneligliptin,CDL Kolkata,portal,2025-04_all_nsq.json,176
2025-04,central,nsq,Oxcarbazepine Tablets IP 300 mg (OXCARBAJAJ 300),OXB02I24,Sep-2024,Aug-2026,"M/s. Bajaj Healthcare Ltd. R.S. No. 1818, Manjusar-Savli Road, At & Post Manjusar, Tal Savli, Dist. Vadodara-391775, Gujarat, India",Dissolution,CDL Kolkata,portal,2025-04_all_nsq.json,177
2025-04,state:State Lab Karnataka,nsq,Infusion Set (BMD),BIV-020,Aug-2024,Jul-2027,"M/s. Bhgwati Medicare Devices, 8, Maruti Industrial Estste, Nr. Sindhvai Mata Temple, C.T.M- Ramol Road, Amraiwadi, Ahmedabad-380026. Gujarat (India)",Test for Sterility,State Lab Karnataka,portal,2025-04_all_nsq.json,178
2025-04,state:DTL Baddi,nsq,Telmisartan & Amlodipine Tablets IP (XTEL-AM),BBT240427A,May-2024,Apr-2026,"M/s. Biomax Biotechnics (P) Ltd 261,HSIIDC, Industrial Estate Alipur, Barwala-134118 Haryana",The sample does not conform to the claim as per IP 2022 in respect to Dissolution Test of Amlodipine,DTL Baddi,portal,2025-04_all_nsq.json,179
2025-04,central,nsq,Telivi-H 40 (Telmisartan & Hydrochorothiazide Tablets IP,BLT23348,Jun-2023,May-2025,"M/s. BRIT Lifescience a GMP Certified Company) Sainwala kaula Wata, Bhood Road, kala AMB Distt. Sirmmour (HP) 173030","1. The content of Telmisartan and Hydrochlorothiazide in the sample is less (i.e. 83.13% and 79.44%of the labelled amount respectively) than I.P. limits. 2. The sample does not comply with I.P. Requirements for ""Dissolution Test"" for Telemisartan and Hydrochlorothiazide.",CDTL Mumbai,portal,2025-04_all_nsq.json,180
2025-04,central,nsq,"Rifampicin, Isoniazid and Ethmbutol Hydrochloride Tablets IP",TR-820008,Jul-2024,Jun-2026,"M/s. Centurion Remedies Pvt. Ltd., G/5,6, B.I.D.C. Gorwa, Vadodara -390016",Assay of Rifampicin,CDL Kolkata,portal,2025-04_all_nsq.json,181
2025-04,state:State Lab Puducherry,nsq,Paracetamol Tablets IP (Pacel-650),RPTC-182,Jan-2025,Dec-2027,"M/s. Chennai Oscar Bio Pharmaceuticals Pvt. Ltd., 3/558, Kaveri Nagar, Pattu Mangadu, Chennai-600 122",Does not comply with respect to test for Dissolution.,State Lab Puducherry,portal,2025-04_all_nsq.json,182
2025-04,"state:State Lab Drugs Control Laboratory, Telangana.",nsq,"Albendazole Tablet IP 400 mg,",C25F944019,Jun-2024,May-2026,"M/s. Concept Pharmaceuticals Ltdm Khasra No. 104, Asaf Nagar, Roorkee - 247 667. Uttarakhand.",Dissolution dose not complies as per IP.,"State Lab Drugs Control Laboratory, Telangana.",portal,2025-04_all_nsq.json,183
2025-04,state:State Lab Maharashtra,nsq,Parasev 500 Tablets(Paracetamol Tablets IP 500mg),CHT23725,Mar-2024,Feb-2026,"M/s. Cureza Healthcare Pvt Ltd. A.B Road, Girwal , Gwalior- 474001","The tablets does not comply for description as, the tablets shows uneven light brown coloured spots on the surface of almost all the tablets.",State Lab Maharashtra,portal,2025-04_all_nsq.json,184
2025-04,"state:State Drugs Laboratory, Punjab",nsq,Clonazepam and Paroxetine Hydrochloride CR Tablets (Exotine CR),17671,Feb-2024,Jan-2027,"M/s. Elikem Pharmaceuticals Pvt. Ltd., 816/1, Rakanpur, Ta. Kalol, Distt. Gandhinagar, Guj. 382721",Uniformity of Weight,"State Drugs Laboratory, Punjab",portal,2025-04_all_nsq.json,185
2025-04,state:State Lab Puducherry,nsq,Montelukast Sodium & Levocetirizine Hydrochloride Tablets IP(Moncube LC),FDMC-588,Jul-2024,Jun-2026,"M/s. Firstmed Therapeutics Pvt Ltd., R.S. No.31/1,Pondy- Tindivanam Main Road,Auroville (PO),Thiruchitrambalam,Tamilnad u-605 101","For the received sample Montelukast Sodium & Levocetirizine Hydrochloride Tablets IP (Moncube LC) ,Presence of Spots was observed which should not be present",State Lab Puducherry,portal,2025-04_all_nsq.json,186
2025-04,"state:State Lab Drugs Control Laboratory, Telangana.",nsq,"Lulimark Creams, Luliconazole Cream 1%",92447,Sep-2024,Aug-2026,"M/s. Forever LifeScience Pvt.Ltd. 74/D, Sopan Kesar Industrial Hub, Moraiya, Dist. Ahmedabad - 382213 GUJARAT","Misbranded However, the designation ""IP""in conjunction with the official title Luliconazole Cream was not mentioned on the label of the drug product as an indication that it purports to comply with IP standards. Hence, drug under Section 17 of the Drugs and Cosmetics Act, 1940 as it is not labeled in the prescribed manner. The drug Product Luliconazole Cream is official, i.e., it is included in the current edition of the Indian Pharamacopoeia (IP- 2022). As required under the Second Schedule of the Drugs and Cosmetics Act, 1940, the said drug Product shall mandatorily comply with the standards set out in the Indian Pharmacopoeia.","State Lab Drugs Control Laboratory, Telangana.",portal,2025-04_all_nsq.json,187
2025-04,state:State Lab Karnataka,nsq,Ketoconazole Tablets I.P. 200mg,GT301737,Mar-2024,Feb-2026,"M/s. Gnosis Pharmaceuticals Pvt. Ltd., Nahan Road, Village Moginand, Kala-Amb, Distt. Sirmour (H.P)-173030",Description only,State Lab Karnataka,portal,2025-04_all_nsq.json,188
2025-04,state:DTL Chennai,nsq,Povigin (Povidone Iodine Ointment USP 5%w/w),PZ-2414,Sep-2024,Aug-2026,"M/s. GP Glister Pharmaceutical, B-17, AKVN Industrial Area, Rangawasa, RAU, 453331",Sample does not conform to USP specification for Povidone- Iodine Ointment with respect to the content of Available Iodine in Povidone- Iodine,DTL Chennai,portal,2025-04_all_nsq.json,189
2025-04,state:DTL Chennai,nsq,Diclofenac Sodium Tablets IP,THB24028AL,Jul-2024,Jun-2026,"M/s. Hindustan Laboratories Limited, Plot No. 5-9, Survey No.382, Aliyali, Palghar (W), Dist. Palghat 401404 (M.S)",Sample does not conform to IP specification for Enteric Coated Tablets with respect to Disintegration,DTL Chennai,portal,2025-04_all_nsq.json,190
2025-04,state:State Lab Karnataka,nsq,Compound Sodium Lactate Injection I.P (Ringer Lactate Solution for injection I.P) (RL),4D40168,Oct-2024,Sep-2027,"M/s. IHL Lifesciences Pvt. Ltd., At village: Panwa, Tehsil: Kasrawad, Dist: Khargone 451228 (M.P) India",Test for Sterility,State Lab Karnataka,portal,2025-04_all_nsq.json,191
2025-04,central,nsq,Proxtl 100 DT,PXT123F02,Mar-2023,May-2025,"M/s. INDU Drugs Pvt Ltd.5-5- 35/278,279 & 281/1 (Part) Prasanthi Nagar ida, Kutkapally, Hyderabad-500072",The sample does not comply with IP requirements for Dissolution test.,CDTL Mumbai,portal,2025-04_all_nsq.json,192
2025-04,central,nsq,Phytorab-DSR Capsules,GC 41481,Jun-2023,May-2025,"M/s. J.M. Laboratories Village Bhanat, Po-ghatti, Subathu Road, Solan (HP), Solan 173211",The content of rabeprazole sodium in the sample is less (i.e. 55.00% of the labelled amount) than the permissible limits,CDTL Mumbai,portal,2025-04_all_nsq.json,193
2025-04,state:DTL Thiruvananthapuram,nsq,Pantonis-40 (Pantoprazole Sodium Gastro Resistant Tab IP),JMT-2407371,Jul-2024,Jun-2026,"M/s. JMM Laboratories, Vill- Khari,Kala amb, Tehsil, Nahan Sirmour- 173030","It fails the test ?Dissolution? as per IP, as Specified in the laboratory protocol",DTL Thiruvananthapuram,portal,2025-04_all_nsq.json,194
2025-04,state:State Lab Puducherry,nsq,Cresol With Soap Solution (SPARK) (LYSOL IP),J-Ly-213,Mar-2025,Feb-2027,"M/s. Joe's Traders, Plot No, 23 R.S. No: 258/5D, Manaveli Road, Puthurai, Viluppuram, Tamil Nadu-605111",The sample received does not conform to above specification as per IP 2022 with respect to description.,State Lab Puducherry,portal,2025-04_all_nsq.json,195
2025-04,state:State Lab Puducherry,nsq,Aceclofenac With Paracetamol Tablets (S-DOL-P),MDP-018,Apr-2024,Mar-2026,"M/s. Medinok Healthcare Pvt Ltd, R.S. No: 2/1, Plot No: 87,88,89, Vazhudhavur Main Road, Kurumbapet, Puducherry- 605009","Misbranded The label of the container in the drug is mentioned as ""Approved colour used"" but the common name of the permitted colour used in the formulation as prescribed under rule 127 (2) of the drug rule was not mentioned.",State Lab Puducherry,portal,2025-04_all_nsq.json,196
2025-05,central,nsq,Aceclofenac & Paracetamol Tablets (Elzefen-P ),PC24021,Mar-2024,Feb-2026,"M/s. Prochem Pharmaceuticals Pvt. Ltd., 140-141, Makkanpur, Bhagwanpur, Roorkee, Distt. Haridwar, Uttarakhand-247661",Assay of Aceclofenac,"CDL, Kolkata",portal,2025-05_all_nsq.json,1
2025-05,state:Karnataka,nsq,Sodium Chloride Injection IP 0.9% w/v (NS),TL304F003,Nov-2024,Oct-2027,"M/s. Puniska lnjectables Pvt.Ltd.,Plot No.1, Phase III, Honda Industrial Estate,Honda Sattari, Goa-403530,",Test for Sterility,Karnataka,portal,2025-05_all_nsq.json,2
2025-05,state:Karnataka,nsq,Sulcralfate& Oxetacaine Suspension( Piracid-O Suspension),R05GL2423A,May-2024,Apr-2026,"M/s. Rednex Pharmaceuticals Pvt. Ltd.,Survey No.586 & 231, Nr.SKF Bearing, Bavla Bagodara, N.H.8A, Kerala Ta. .Bavla Ahmedabad.382220",Assay for Oxetacaine Only,Karnataka,portal,2025-05_all_nsq.json,3
2025-05,central,nsq,Amoxycillin and Potassium Clavulanate Tablets IP (Rumentin-625 Tablets),RUM2411002,Nov-2024,Oct-2026,"M/s. Rextuse Pharmaceuticals, Ind. Area, Phase-I, Haridwar, Uttrakhand 249401",Identification and Assay of Amoxycillin Trihydrate and Potassium Clavulanate and Dissolution of Amoxycillin Trihydrate and Potassium Clavulanate,"RDTL, Chandigarh",portal,2025-05_all_nsq.json,4
2025-05,central,nsq,Ondansertron Orally Disintegrating Tablets IP 4 mg (ONVIN-4 MD TABLETS ),RV24012,May-2024,Apr-2026,"M/s. Rivpra Formulation Pvt. Ltd., Plot No. 8, Sector-6A, IIE SIDCUL, Haridwar-249403 (U.K.)",Related Substances,"CDL, Kolkata",portal,2025-05_all_nsq.json,5
2025-05,state:Modern Drug Testing Laboratory Kathua  (J&K),nsq,Dolomol 650,RBT-2042,Oct-2024,Jun-2027,"M/s. Rockbrook Overseas Pvt Ltd , DIC , Industrial Estate Govindsar , Kathua - 184102",The sample fails in the dissolution test of paracetamol,Modern Drug Testing Laboratory Kathua  (J&K),portal,2025-05_all_nsq.json,6
2025-05,"state:State Lab,                                       Drugs Control Laboratory,                                                                       Telangana.",nsq,Albendazole tablets IP 400mg,T24/006A,Dec-2024,Nov-2026,"M/s. Samkem, 15-B & 10-B, A.K.V.N. Industrial Area, Rangwasa, Rao, Indore - 453331(M.P). Madhya Pradesh.",Sample does not meet the Specifications wrt. Dissolution Test as per IP,"State Lab,                                       Drugs Control Laboratory,                                                                       Telangana.",portal,2025-05_all_nsq.json,7
2025-05,"state:State Lab,                                       Drugs Control Laboratory,                                                                       Telangana.",nsq,Albendazole tablets IP 400mg,T24/021A,Dec-2024,Nov-2026,"M/s. Samkem, 15-B & 10-B, A.K.V.N. Industrial Area, Rangwasa, Rao, Indore - 453331(M.P). Madhya Pradesh.",The sample does not comply with respect to Dissolution Test as per IP 2022,"State Lab,                                       Drugs Control Laboratory,                                                                       Telangana.",portal,2025-05_all_nsq.json,8
2025-05,central,nsq,MULTIPLE ELECTROLYTES AND DEXTROSE INJ. TYPE-1 I.P. (AROLYTE P),1227421S,Dec-2024,Nov-2027,"M/s. Shree KrishnaKeshav Laboratories Ltd.,Amraiwadi Road, Ahmedabad- 380 008,",Assay of Potassium,CDTL-Mumbai,portal,2025-05_all_nsq.json,9
2025-05,"state:State Lab,                                       Drugs Control Laboratory,                                                                       Telangana.",nsq,Azithromycin Oral Suspension,A004,Dec-2023,Nov-2025,"M/s. Smith & Kenner Pharmaceuticals Pvt.Ltd, H.No.2-51, Survey No.72/1, Tatti annaram Village, Hayathnagar Mandal, R.R. Dist. Telangana. India. Mrkt: M/s. Smith & Kenner Pharmaceuticals Pvt.Ltd, H.No.2-51, Survey No.72/1, Tatti annaram Village, Hayathnagar Mandal, R.R. Dist. Telangana. India.",The label of the drug should be mentioned as Azithromycin Oral suspension IP. But the letters IP is not mentioned on the label,"State Lab,                                       Drugs Control Laboratory,                                                                       Telangana.",portal,2025-05_all_nsq.json,10
2025-05,"state:A.S Kambli Palghar-Zone-1 FDA, Lab Mumbai",nsq,"Itraconazole Ofloxacin, Ornidazole & Clobetasol Propionate Cream (Fondastop C Cream)",0-102,Sep-2023,Aug-2025,"M/s. Spen Formulations Pvt Ltd. Plot No. 123, Industrial Area, Mehatpur-174315, Distt. UNA(H.P)",The sample does not give High Performance Liquid Chromatographic and Thin Layer Chromatographic identification Test for the presence of itraconazole and Clobetasol Propionate.,"A.S Kambli Palghar-Zone-1 FDA, Lab Mumbai",portal,2025-05_all_nsq.json,11
2025-05,"state:State Drugs Laboratory, Punjab",nsq,Diclofenac Sodium and Paracetamol Tablets?. (DICLOZEG-P),TSF-B5792,Oct-2023,Sep-2025,"M/s. Spen Formulations Pvt. Ltd., Plot No-123, Industrial Area, Mehatpur, Distt. UNA-174315 (H.P.)",The Product is official in I.P 2022 but the same is not mentioned anywhere on the label.,"State Drugs Laboratory, Punjab",portal,2025-05_all_nsq.json,12
2025-05,"state:King Institute of Preventive Medicine & Research, Guindy, Chennai-32",nsq,Gentamicin Injection IP-2ML,24BUH85,Aug-2024,Jul-2026,"M/s. SVP Life Sciences, C/10-1, Sara Industrial Estate, Selequi, Dehradun.",Sample does not conform to the requirement for pH,"King Institute of Preventive Medicine & Research, Guindy, Chennai-32",portal,2025-05_all_nsq.json,13
2025-05,central,nsq,Calcium Carbonate 500 mg + VIT. D3 250 IU Tablets IP (CALXIA-500),GTL1317,Dec-2024,Nov-2026,"M/s. Gidsha Pharmaceuticals, Plot No. 611, 612, Mega GIDC, Kharedi, Dahod -389151, Gujarat.",Dissolution (for Calcium),"CDL, Kolkata",portal,2025-05_all_nsq.json,14
2025-05,central,nsq,Telmisartan Tablets IP 40mg,251TTF025,Dec-2024,Nov-2027,"M/s. Swiss Garnier Life Sciences, 21-23, Industrial Area, Mehatpur, Dist. Una, Himachal Pradesh- 174 315. INDIA",Dissolution,"RDTL, Guwahati",portal,2025-05_all_nsq.json,15
2025-05,central,nsq,Calcium Carbonate 500 mg + VIT. D3 250 IU Tablets IP (CALXIA-500),GTL1295,Dec-2024,Nov-2026,"M/s. Gidsha Pharmaceuticals, Plot No. 611, 612, Mega GIDC, Kharedi, Dahod -389151, Gujarat.",Dissolution (for Calcium),"CDL, Kolkata",portal,2025-05_all_nsq.json,16
2025-05,central,nsq,Calcium Carbonate 500 mg + VIT. D3 250 IU Tablets IP (CALXIA-500),GTL1316,Dec-2024,Nov-2026,"M/s. Gidsha Pharmaceuticals, Plot No. 611, 612, Mega GIDC, Kharedi, Dahod -389151, Gujarat.",Dissolution (for Calcium),"CDL, Kolkata",portal,2025-05_all_nsq.json,17
2025-05,central,nsq,Telmisartan Tablets IP 40 mg,251TTF036,Dec-2024,Nov-2026,"M/s. Swiss Garnier Life Sciences, 21-23, Industrial Area, Mehatpur, Dist. Una, Himachal Pradesh- 174 315. INDIA",Dissolution,"RDTL, Guwahati",portal,2025-05_all_nsq.json,18
2025-05,"state:State Drugs Laboratory, Punjab",nsq,Olanzapine Tablets I.P.5mg. (Olanzapine Tablets IP 5mg),N2503121,Mar-2025,Feb-2028,"M/s. Talent Healthcare, 66-67, Sector-6A, SIDCUL, IIE Haridwar-249403 (Uttarakhand)",Description,"State Drugs Laboratory, Punjab",portal,2025-05_all_nsq.json,19
2025-05,"state:State Drugs Laboratory, Punjab",nsq,Boldenone Undecylenate Injection 400mg/ml (VEBOLDEX 400),TST2301,,Apr-2027,"M/s. Thaiger Pharma, Not Mentioned",1) Manufacturing Date is not mentioned on the label. 2) Manufacturing address is not mentioned on the label,"State Drugs Laboratory, Punjab",portal,2025-05_all_nsq.json,20
2025-05,"state:State Drugs Laboratory, Punjab",nsq,Trenbolone Enanthate Injection 200mg/ml (FINAREX 200),TST2301,,Apr-2027,"M/s. Thaiger Pharma, Not Mentioned",1) Manufacturing Date is not mentioned on the label. 2) Manufacturing address is not mentioned on the label,"State Drugs Laboratory, Punjab",portal,2025-05_all_nsq.json,21
2025-05,"state:State Drugs Laboratory, Punjab",nsq,Trenbolone Acetate Injection 100mg/ml... (FINEXAL 100),TST2301,,Apr-2027,"M/s. Thaiger Pharma, Not Mentioned",1) Manufacturing Date is not mentioned on the label. 2) Manufacturing address is not mentioned on the label,"State Drugs Laboratory, Punjab",portal,2025-05_all_nsq.json,22
2025-05,"state:State Drugs Laboratory, Punjab",nsq,Atorvastatin Tablets IP 10mg (Atosar-10),SBT-813,Mar-2024,Feb-2026,"M/s. Sarthak Biotech Pvt. Ltd., 198-A, Sector-3, HSIIDC, Karnal-132001 (Hr.)",Description,"State Drugs Laboratory, Punjab",portal,2025-05_all_nsq.json,23
2025-05,"state:State Drugs Laboratory, Punjab",nsq,Stanozolol Injection 100mg/ml (VENAJECT),TST2301,,Apr-2027,"M/s. Thaiger Pharma, Not Mentioned",1) Manufacturing Date is not mentioned on the label. 2) Manufacturing address is not mentioned on the label,"State Drugs Laboratory, Punjab",portal,2025-05_all_nsq.json,24
2025-05,"state:State Drugs Laboratory, Punjab",nsq,Nandrolone Blend Injection 350mg/ml (DEXADUR),TST2301,,Apr-2027,"M/s. Thaiger Pharma, Not Mentioned",1) Manufacturing Date is not mentioned on the label. 2) Manufacturing address is not mentioned on the label,"State Drugs Laboratory, Punjab",portal,2025-05_all_nsq.json,25
2025-05,central,nsq,Sitagliptin & Metformin Tablets 50 mg + 1000 mg (Sitajack-M ),T-2916,Sep-2024,Aug-2026,"M/s. Jackson Laboratories Pvt. Ltd., 22-24, Majitha Road, Bye Pass, Amritsar-143001 (India)",Assay of Sitagliptin,"CDL, Kolkata",portal,2025-05_all_nsq.json,26
2025-05,central,nsq,Fexofenadine Tablets IP (Fexodil 180 mg),T-4029,Jan-2025,Dec-2026,"M/s. Jackson Laboratories Pvt. Ltd., 22-24, Majitha Road, Bye Pass, Amritsar-143001 (India)",Dissolution test after 10 min and after 30 min,"CDL, Kolkata",portal,2025-05_all_nsq.json,27
2025-05,central,nsq,Vitamin B-Complex with Vitamin C and Biotin Capsules (Vitabon ),C-3465,Nov-2024,Oct-2026,"M/s. Jackson Laboratories Pvt. Ltd., 22-24, Majitha Road, Bye Pass, Amritsar-143001 (India).",Assay/content of Calcium Pantothenate,"CDL, Kolkata",portal,2025-05_all_nsq.json,28
2025-05,central,nsq,Clopidogrel & Aspirin Tablets (75 mg/ 75 mg),GT241288,Jul-2024,Jun-2026,"M/s. Theon Pharmaceuticals Ltd., Vill. Saini Majra, Tehsil Nalagarh, Distt. Solan (H.P.) 174 101.",Description,CDTL-Mumbai,portal,2025-05_all_nsq.json,29
2025-05,"state:Drugs Testing Laboratory, Chennai-06",nsq,Axid 200 (Sucralfate Oral Suspension),624-470,Jun-2024,May-2026,"M/s.Zee Laboratories Ltd, Behind 47, Industrial Area, Paonta Sahib, 173025",Sample does not conform with respect to General requirements for liquid dosage form,"Drugs Testing Laboratory, Chennai-06",portal,2025-05_all_nsq.json,30
2025-05,central,nsq,Sucralfate Oral Suspension (AXID 200),624-470,Jun-2024,May-2026,"M/s.Zee Laboratories Ltd., 47, Industrial Area, Paonta, Sahib - 173 025",The sample does not conform to claim standards with respect to description,CDTL- Chennai,portal,2025-05_all_nsq.json,31
2025-05,state:Government  of  NCT of Delhi,nsq,Povidone Iodine Gargle 2% (ZEVODINE),623-864,Nov-2023,Oct-2025,"M/s Zee Laboratories Ltd., Behind 47, Industrial Area, Paonta Sahib-173025",Test For Assay (Content) of Povidone-Iodine Equivalent To Available-Iodine,Government  of  NCT of Delhi,portal,2025-05_all_nsq.json,32
2025-05,central,nsq,Ondansetron Injection IP 2 mg/ml,ONA12515,Jan-2025,Dec-2026,"M/s. Nandani Medical Laboratories Pvt. Ltd., 221/5, Bicholi Hapsi, Kanadia Road, Indore.",Particulate matter,"CDL, Kolkata",portal,2025-05_all_nsq.json,33
2025-05,central,nsq,Dobutamine Hydrochloride Injection IP 5 ml,DBA12404,Aug-2024,Jul-2026,"M/s. Nandani Medical Laboratories Pvt. Ltd., 221/5, Bicholi Hapsi, Kanadia Road, Indore",Particulate matter and Description,"CDL, Kolkata",portal,2025-05_all_nsq.json,34
2025-05,central,nsq,Ciprofloxacin Injection IP (0.2%w/v) (Ciprox),2250946,Feb-2025,Jan-2028,"M/s. Otsuka Pharmaceutical India Private Limited, Village-Vasana-Chacharwadi, Tal-Sanand, Dist.-Ahmedabad-382213, India",Particulate contamination.,"CDL, Kolkata",portal,2025-05_all_nsq.json,35
2025-05,central,nsq,Rabeprazole Sodium Injection IP 20 mg/vial,MD23H27,Aug-2023,Jul-2025,"M/s. Martin & Brown Bio Sciences, K. No. 918/419, Malkumajra, Nalagarh Road, Baddi, Dist. Solan, (H.P.) 173205","pH, Clarity of Solution, Particulate matter, Uniformity of Weight, Assay of Rabeprazole Sodium and Description.","CDL, Kolkata",portal,2025-05_all_nsq.json,36
2025-05,central,nsq,Betamethasone Sodium Phosphate Injection IP (Betagin 1 ml),P24L107,Aug-2024,Jul-2026,"M/s. Paksons Pharmaceuticals Private Limited, 36, Milestone, Delhi Rohtak Road, Sankhol, Bahadurgarh-124507, Haryana","Particulate matter, Assay of Betamethasone Sodium Phosphate and Description","CDL, Kolkata",portal,2025-05_all_nsq.json,37
2025-05,central,nsq,Bupivacaine Hydrochloride in Dextrose Injection USP 4 ml,17B24005,Sep-2024,Aug-2026,"M/s. Radiant Parenterals Ltd., 242/4, 5 & 6, G.I.D.C. Estate at & Post Waghodia, Dist-Vadodara, Gujarat-391760","pH, Bacterial Endotoxins Test, Particulate Matter in Injections and Description","CDL, Kolkata",portal,2025-05_all_nsq.json,38
2025-05,central,nsq,Amoxycillin and Potassium Clavulanate with Lactic Acid Bacillus Tablets (Polo-625 LB Tablets),PL2406001,Oct-2024,Nov-2026,"M/s. Paradox Pharmaceuticals, Kachpura, Baddi, Nalagarh Road Tehsil Nalagarh Dist. Solan (HP)-174103","Identification and Assay of Amoxycillin Trihydrate, Potassium Clavulanate and Lactic Acid Bacillus","RDTL, Chandigarh",portal,2025-05_all_nsq.json,39
2025-05,central,nsq,Azithromycin Tablets IP 250 mg (RICK-250 TABLETS),Not mentioned,,,"M/s. Paradox Pharmaceuticals, Kachpura, Baddi, Nalagarh Road Tehsil Nalagarh Dist. Solan (HP)-174103","Identification, Dissolution and Assay of Azithromycin Dihydrate Calculated as Anhydrous Azithromycin","RDTL, Chandigarh",portal,2025-05_all_nsq.json,40
2025-05,central,nsq,Sodium Chloride Injection I.P. (0.9% w/v).. (NS),01BF2354,Mar-2024,Feb-2027,"M/s. Paschim Banga Pharmaceutical (A Unit Of FARISTA VANIJYA Pvt. Ltd.), NH-31, Tin Mile Hat, Sonapur Hat, P.S. Chopra, Dist:- Uttar Dinajpur, Pin 733 214 (W.B.)",Sterillity & Description,"RDTL, Guwahati",portal,2025-05_all_nsq.json,41
2025-05,central,nsq,Ofloxacin Tablets IP 200 mg,DL-55,Oct-2024,Sep-2026,"M/s. DUTCH Formulations, 32, Industrial Area, Village Johron, Kala-Amb, Tehsil Nahan, District Sirmour, H.P.-17030",Dissolution and Assay of Ofloxacin,"RDTL, Chandigarh",portal,2025-05_all_nsq.json,42
2025-05,central,nsq,Ofloxacin and Ornidazole Tablets IP 200 mg+500mg,DL-136,Dec-2024,Nov-2026,"M/s. DUTCH Formulations, 32, Industrial Area, Village Johron, Kala-Amb, Tehsil Nahan, District Sirmour, H.P.-17030","Uniformity of weight, Dissolution of Ornidazole, Dissolution of Ofloxacin and Assay of Ofloxacin and Ornidazole","RDTL, Chandigarh",portal,2025-05_all_nsq.json,43
2025-05,central,nsq,Zinc Sulphate Dispersible Tablets IP 20 mg,LMT240804,Jul-2024,Jun-2026,"M/s. Life Max Cancer Laboratories, Plot No. 106 & 106 A, Sector6A, IIE, SIDCUL, Haridwar249403 (U.K)",Uniformity of Dispersion & Disintegration,"RDTL, Guwahati",portal,2025-05_all_nsq.json,44
2025-05,central,nsq,Cefixime and Lactic Acid Bacillus Dispersible Tablets (Micoceff-LB 200 Tablets),CFL2411001,Nov-2024,Oct-2026,"M/s. Maxcel Life Care, 302/304 A, Gitanjali Apartment Shanti Nagar, Mumbai (Thane)-53.)",Identification and Assay of Cefixime Trihydate and Lactic Acid Bacillus,"RDTL, Chandigarh",portal,2025-05_all_nsq.json,45
2025-05,central,nsq,Haematinic Capsules (R.B. TONE),D40652,Nov-2024,Oct-2026,"M/s. Medley Pharmaceuticals Ltd., Plot No. 18 & 19, Zari Causeway Road, Kachigam Daman, INDIA",Microbial limit test (Total combined yeasts/molds count),CDTL-Mumbai,portal,2025-05_all_nsq.json,46
2025-05,central,nsq,Azithromycin Tablets IP 250 mg (RICK-250 TABLETS),AZR2411010,Jan-2025,Dec-2026,"M/s. Paradox Pharmaceuticals, Kachpura, Baddi, Nalagarh Road Tehsil Nalagarh Dist. Solan (HP)-174103","Identification, Dissolution and the Assay of Azithromycin","RDTL, Chandigarh",portal,2025-05_all_nsq.json,47
2025-05,central,nsq,Pantoprazole Gastro resistant &Domperidone prolonged release Capsules IP,PZD242206,Jan-2025,Dec-2026,"M/s. Paradox Pharmaceuticals, Kachpura, Baddi, Nalagarh Road Tehsil Nalagarh Dist. Solan (HP)-174103",Identification and Assay of Pantoprazole Sodium calculated as Pantoprazole and Domperidone and the Dissolution of Pantoprazole Sodium calculated as Pantoprazle.,"RDTL, Chandigarh",portal,2025-05_all_nsq.json,48
2025-05,central,nsq,Amoxycillin Trihydrate Capsules I.P. (Zymox-500 (Yellow)),ZYMC-2407,Apr-2024,Apr-2026,"M/s. Laborate Pharmaceuticals India Ltd., 51, Indl. Area, Panta Sahib (H.P.) Manufatured for :gpp AZALADE (A division of Laborate Pharmaceuticals India Ltd), 101, Kohand-Assandh Road, V.P.O. Salwan, Haryana 132046.",Assay/ content of Amoxycillin,CDTL-Mumbai,portal,2025-05_all_nsq.json,49
2025-05,"state:CDL, Kolkata",nsq,Telmisartan Tablets I.P. 40mg (Telma 40),5240226,Feb-2024,Jan-2027,Under Investigation,Dissolution,"CDL, Kolkata",portal,2025-05_all_nsq.json,50
2025-05,"state:CDL, Kolkata",nsq,Telmisartan Tablets IP 40mg (Telma 40),K18230707,Jun-2024,May-2027,Under Investigation,Identification and Assay of Telmisartan,"CDL, Kolkata",portal,2025-05_all_nsq.json,51
2025-05,"state:State Lab,                                       Drugs Control Laboratory,                                                                       Telangana.",nsq,"Bacillus clausii Bakteriya shtammining polireist Suspension, Bacillus clausii Bakteriya shtammining polirezistent 2mlrd. Tirik bakteriyalar/5ml",PSB-B00125,Jan-2025,Dec-2026,"M/s. Prosafe Biologicals LLP Survey No:237/EE/1, Mallepalle (V), Kondapur (M), Sangareddy Dist - 502295, Telangana. Mrkt: Humaniqe Biopharmaceuticals, Private Limited, 12-1-16, Plot NO: 49, 402, 4-qavat, Naga chambers, waltair main road, Vishakapatnam - 530002.",Total viable count found Less than 2 billion spores/5ml,"State Lab,                                       Drugs Control Laboratory,                                                                       Telangana.",portal,2025-05_all_nsq.json,52
2025-05,"state:State lab , Puducherry",nsq,Aceclofenac & Paracetamol Tablets (Aceclon-P),NTT250578,Feb-2025,Jan-2028,"M/s. Nanoceut Therapeutics Pvt. Ltd., R.S.No.104/19A,E.V.R Street, Sedarapet, Puducherry-605111","The sample received is labelled as Aceclofenac And Paracetamol Tablets (Aceclon-P) , however Aceclofenac And Paracetamol Tablets is an official IP monograph (IP Addendum 2024) hence should be labelled as Aceclofenac And Paracetamol Tablets IP","State lab , Puducherry",portal,2025-05_all_nsq.json,53
2025-05,"state:State Drug Control & Research  Lab, West Bengal",nsq,Tamsulosin Hydrochloride & Dutasteride tab (Urimax-D,4GH0097,Dec-2023,Nov-2025,"M/s. Cipla Ltd., Verna Indl. Estate, Goa-403722",Negative for the presence of Tamsulosin Hydrochloride & Dutasteride,"State Drug Control & Research  Lab, West Bengal",portal,2025-05_all_nsq.json,54
2025-05,"state:State lab , Puducherry",nsq,Bromhexine Hcl Tabs. IP 8mg (Bronco),BRO-2401,Jun-2024,May-2027,"M/s. Medibest Pharma Pvt. Ltd. N-31,Sidco Indl.Estate,Hosur,TN","(1) The label of the received sample Bromhexine Hcl Tabs. IP 8mg (BRONCO), mentions the proper name of the drug whose font size is smaller than the brand name whereas the proper name of the drug should be at least two font size larger than the brand name as prescribed under Rule 96 (1), i (A) of the Drugs and Cosmetics Rules. (2) The name of the received sample mentions as Bromhexine HCL Tabs. IP 8mg, however Bromhexine HCL Tabs IP is an official monograph hence should be labelled as Bromhexine HCL Tabs IP","State lab , Puducherry",portal,2025-05_all_nsq.json,55
2025-05,"state:A.S Kambli Palghar-Zone-1 FDA, Lab Mumbai",nsq,Acidom-DSR Capusles,2560301C,Jul-2023,Jun-2025,"M/s. Lifecare, Formulation Pvt Ltd. Plot No. 2 & 3, 91/5, Link Road, Sonia Gandhi, Near Mettupalayam Industrial Estate, Puducherry-605009",The content of Rabeprozole in the sample is less (i.e 31.85% of the lablled amount) than permissible limits,"A.S Kambli Palghar-Zone-1 FDA, Lab Mumbai",portal,2025-05_all_nsq.json,56
2025-05,"state:A.S Kambli Palghar-Zone-1 FDA, Lab Mumbai",nsq,Itraconazole Capsules BP 100 mg (ITR 100,5007,Jul-2023,Jun-2025,"M/s. Orley Laboratories Pvt. Ltd. 1817, GIDC Estate, Phase-III Vatwa, Ahmedabad 382445",The sample does not comply with B.P requirements for Dissolution Test,"A.S Kambli Palghar-Zone-1 FDA, Lab Mumbai",portal,2025-05_all_nsq.json,57
2025-05,"state:A.S Kambli Palghar-Zone-1 FDA, Lab Mumbai",nsq,Misoprostol Tablets IP 200 mcg(Misotop 200),SPT241229,Jun-2024,May-2026,"M/s. Salus Pharmaceuticals 480/211, Harraipur, Po. Gurumajra, Teh. Baddi Dist. Solan (H.P)-173205",The content of Misoprostol in the sample is less (i.e 13.82% of the lablled amount) than the IP limits,"A.S Kambli Palghar-Zone-1 FDA, Lab Mumbai",portal,2025-05_all_nsq.json,58
2025-05,"state:A.S Kambli Palghar-Zone-1 FDA, Lab Mumbai",nsq,Albendazole Chewable Tablets IP (Alsia-400 Tab,SPD-618,Oct-2024,Sep-2026,"M/s. Sia Pharma Pvt Ltd. (Who-Gmp Certified Company) Plot no. 170, HSIIDC Barhi Indl Area, Phase-I, Sonipat Haryana-131101",The sample does not comply with I.P requirement for Dissolution Test,"A.S Kambli Palghar-Zone-1 FDA, Lab Mumbai",portal,2025-05_all_nsq.json,59
2025-05,"state:A.S Kambli Palghar-Zone-1 FDA, Lab Mumbai",nsq,Amikacin Sulphate Injection IP 500mg (Amikablast 500 Injection),W373,Jul-2023,Jun-2025,"M/s. Macin Remedies India Ltd. B-21, Ind focal point, Moga(PB)-142001",The content of Amikacin in the sample is more (i.e 183.99% of the lablled amount) than the I.P limits,"A.S Kambli Palghar-Zone-1 FDA, Lab Mumbai",portal,2025-05_all_nsq.json,60
2025-05,state:Karnataka,nsq,Iron Sucrose Injection USP l00mg (Irogain),IISI406,Sep-2024,Jul-2026,"U/s. Regain Laboratories,134/5 H.T.M.Road., Raipur Lane Hisar-125001",Test for Fineness residue only,Karnataka,portal,2025-05_all_nsq.json,61
2025-05,state:State Food & Drug Testing Laboratory Uttarakhand,nsq,Dicyclomine HCL Powder,DEH/24011R,Jul-2025,Jun-2029,"M/s. Palam Pharma Pvt. Ltd., 12/C, Phase-I, Nr. Old Nirma, GIDC Estate, Vatva Ahmedabad-382445 Gujrat",IdentificationTest- Found to be Negative. Assay of Paracetamol IP-Nil,State Food & Drug Testing Laboratory Uttarakhand,portal,2025-05_all_nsq.json,62
2025-05,"state:V.P. Khedkar, Pune-Zone 2",nsq,Fluconazole 150mg Tablets IP (PRATIFLU 150 Tablets,PPTS-2801,Aug-2024,Jul-2027,"M/s. Pratima Pharmaceuticals, G.No. 56/3, Pratima Nagar, Pabal Road, Shikrapur, Pune-412208",The content of Fluconazole in the sample is less (i.e 31.96% of the stated amount) (I.P. Limits:- Not less than 90% and not more than 110% of the stated Amount),"V.P. Khedkar, Pune-Zone 2",portal,2025-05_all_nsq.json,63
2025-05,state:Karnataka,nsq,Sodium Chloride InjectionIP0.9% w/v (NS),UA404B026,Jan-2025,Dec-2027,"M/s. Puniska lnjectables Pvt.Ltd.,Plot No.1, Phase III, Honda Industrial Estate,Honda Sattari, Goa-403530,",Test for Sterility,Karnataka,portal,2025-05_all_nsq.json,64
2025-05,state:State Food & Drug Testing Laboratory Uttarakhand,nsq,White Powder Paracetamol IP,PAR040325,Mar-2025,Feb-2030,M/s. Samarth Pharmaceuticals Office No. 201 GIDC Shopping Centre Morarji Circle GIDC Vapi-396195,Identification Test Found To be Negative. Assay of Paracetamol IP-NIL,State Food & Drug Testing Laboratory Uttarakhand,portal,2025-05_all_nsq.json,65
2025-05,state:State Food & Drug Testing Laboratory Uttarakhand,nsq,White Powder Paracetamol IP,PAR050325,Mar-2025,Feb-2030,M/s. Samarth Pharmaceuticals Office No. 201 GIDC Shopping Centre Morarji Circle GIDC Vapi-396195,Identification Test Found To be Negative. Assay of Paracetamol IP-NIL,State Food & Drug Testing Laboratory Uttarakhand,portal,2025-05_all_nsq.json,66
2025-05,"state:N.S. Bhalerao, Hingoli , FDA Lab, M.S. Chhatrapati Sambhajinagar . Maharashtra State",nsq,Paracetamol Tablets I.P 500mg(Fevimed),451AA05,Dec-2023,Nov-2025,"M/s. Sarv Pharmaceuticals, Plot no. 28, Sector-3A, I.I.E, SIDCUL, Haridwar-249403","The sample does not comply for Description as, the tablets shows uneven light Brown Coloured Spots on the Surface of almost all the Tablets.","N.S. Bhalerao, Hingoli , FDA Lab, M.S. Chhatrapati Sambhajinagar . Maharashtra State",portal,2025-05_all_nsq.json,67
2025-05,"state:State Drugs Laboratory, Punjab",nsq,Testosterone Propionate 100mg/ml (P-JECT),INLDAN1801,Feb-2024,Jan-2028,"M/s. Novector Labs, Not Mentioned",Manufacturing address is not mentioned on the label,"State Drugs Laboratory, Punjab",portal,2025-05_all_nsq.json,68
2025-05,"state:DTL, Jaipur (State Lab)",nsq,Rabeprazole Sodium Enteric Coated & Domperidone Sustained Release Capsules (Kylid-RD),NHD24207C,May-2024,Apr-2026,"M/s. Nest Healthcare Pvt Ltd., Plot No. 300, G.I.D.C Odhav, Ahmedabad-382415(Gujarat)",The sample does not conform to the claim with respect to Assay of Rabeprazole Sodium.,"DTL, Jaipur (State Lab)",portal,2025-05_all_nsq.json,69
2025-05,"state:State Drugs Laboratory, Punjab",nsq,Aceclofenac Paracetamol & Serratiopeptidase Tablets. (Aceclofen-SP),PBT-2024101,May-2024,Apr-2026,"M/s. Presun Biotech, Kandwal Lodhwan Road, The. Nurpur., Kangra-176201 (HP)",The contents of Serratiopeptidase found to be 8.06mg per tablet (80.6%) against labeled claim of 10.0mg per tablet.,"State Drugs Laboratory, Punjab",portal,2025-05_all_nsq.json,70
2025-05,"state:State Drugs Laboratory, Punjab",nsq,Norfloxacin Tablets I.P. 400mg (Norfloxacin 400),R-240327,Mar-2024,Feb-2026,"M/s. Remax Pharmaceuticals, Street No. 2, Paras Ramnagar, Bathinda",Description,"State Drugs Laboratory, Punjab",portal,2025-05_all_nsq.json,71
2025-05,"state:State Drugs Laboratory, Punjab",nsq,Mefenamic Acid and Paracetamol Suspension (Sarmef-PDS),SBL-1021,Oct-2024,Sep-2026,"M/s. Sarthak Biotech Pvt. Ltd., 198-A, Sector-3, HSIIDC, Karnal-132001 (Hr.)",Volume,"State Drugs Laboratory, Punjab",portal,2025-05_all_nsq.json,72
2025-05,"state:State Drugs Laboratory, Punjab",nsq,Gabapentin Capsules IP 300mg. (GABATEC-300),SG2412559,Dec-2024,Nov-2026,"M/s. Scout Lifescience Pvt. Ltd., Plot No. 353, Sector-2 Industrial Growth Centre, HSIIDC, Saha, Ambala, Haryana, India-133104",Uniformity of Weight,"State Drugs Laboratory, Punjab",portal,2025-05_all_nsq.json,73
2025-05,"state:State Drugs Laboratory, Punjab",nsq,Ranitidine Hydrochloride Tablets IP 150mg (Zeptiloc-150 tablets),ZCI24003,Apr-2024,Mar-2026,"M/s. Danish Healthcare (P) Ltd. 76/27-28, Industrial Estate, Maxi Road, Ujjain-456010 INDIA",Description,"State Drugs Laboratory, Punjab",portal,2025-05_all_nsq.json,74
2025-05,central,nsq,Sodium Chloride Injection U.S.P.(3% w/v ) (Hypertonic 3NS 100 ml),G250146001,Jan-2025,Dec-2027,"M/s. Vision Parental Pvt. Ltd., A-2-44,45 Sector-15, GIDA Industrial Area, Gorakphur-273209 (U.P.), India",Particulate Matter,"CDL, Kolkata",portal,2025-05_all_nsq.json,75
2025-05,central,nsq,Vitamin B Complex Injection 30 ml (WA-PLEX ),111,Dec-2024,May-2026,"M/s. Weismanna Health Care Pvt. Ltd., Plot No. 44 &45, Industrial Estate, Ongole-523002 , Andhra Pradesh",Description and Particulate matter,"CDL, Kolkata",portal,2025-05_all_nsq.json,76
2025-05,state:DTL Baddi,nsq,Montelukast Sodium & Levocetirizine Dihydrochloride Tablets IP (BLUCAST-L),ZP24T176,Aug-2024,Jul-2026,"M/s. Zantic Pharmaceuticals Pvt. Ltd. (AGMP Certified Unit) G-86, UPSIDC, Industrial Area, Selaqui, Dehradun, Uttarakhand-248011",The sample does not conform to claim as per IP 2022 in respect to the Dissolution of Montelukast & Levocetirizine Hydrochloride,DTL Baddi,portal,2025-05_all_nsq.json,77
2025-05,central,nsq,Aceclofenac Tablets I.P 100 mg,T4167,May-2024,Apr-2026,"M/s. Zest Pharama, 275, Sector ""F"" Sanwer Road, Indore - 452 015",Description,CDTL- Indore,portal,2025-05_all_nsq.json,78
2025-05,central,nsq,Dexamethasone Sodium Phosphate Injection IP (Dexona),N400726,Jun-2024,Nov-2025,"M/s. Zydus Healthcare Limited, At: PF 61 & 62, Sanand GIDC-II Industrial Estate, Tal: Sanand, Dist.: Ahmedabad-382110, Gujarat, India","Particulate matter, Assay of Dexamethasone Phosphate and Description","CDL, Kolkata",portal,2025-05_all_nsq.json,79
2025-05,"state:Drugs Testing Laboratory, Chennai-06.",nsq,"Manoril-BR Syrup (Terbutaline Sulphate, Bromhexine HCL, Guaiphenesin and Menthol Syrup)",ASL24199,Oct-2024,Sep-2026,"M/s.AASSK Pharmaceuticals Pvt. Ltd, S.No.243/2, Plot No.9, Dr.Ambedkar Street, Kozhumanivakkam Village, Mangadu, Chennai-600122",Sample does not conform to Label claim with respect to the content of Bromhexine Hydrochloride,"Drugs Testing Laboratory, Chennai-06.",portal,2025-05_all_nsq.json,80
2025-05,state:Modern Drug Testing Laboratory Kathua  (J&K),nsq,Park 650,AT24/391,Aug-2024,Jul-2026,"M/s.Accuwell Medics Pvt Ltd Survey No 414 , Ashwamegh Industrial Estate Changodar Ahmedabad 382213 (Gujarat) Mrk. By : Heal Sure Lifesciences Pvt Ltd Plot No. 198/983, Chachrawadi Vasna Near Claris Lifesciences Ltd Ta Sanand Distt. Ahmedabad Gujarat",The sample fails in the test for Uniformity of Weight of Tablets & Assay content of Paracetamol,Modern Drug Testing Laboratory Kathua  (J&K),portal,2025-05_all_nsq.json,81
2025-05,"state:State Drugs Testing Laboratory, Agartala, Tripura.",nsq,Amoxycillin& Potassium Clavulanate Tablets I.P (AMOXMED ? CV 625 Tablets),ABT24071,May-2024,Oct-2025,"M/s.Alexa Pharmaceuticals, Plot No: 20 Ext HPSIDC, Ind Area, Baddi, Dist. Solan (H.P.) ? 173205, Mfg. Lic. No. : L/21/2638/MNB & L/21/2639/MB",The sample does not conform to standard quality in respect of the test for Dissolution & Assay,"State Drugs Testing Laboratory, Agartala, Tripura.",portal,2025-05_all_nsq.json,82
2025-05,state:Karnataka,nsq,"MITO Q7 Syrup (Co Enzyme Q10, L- Carnitine, Benfotiamine, Riboflavin, Pyridoxine HCL",CHS-40170,Sep-2024,Feb-2026,"M/s.Bion Therapeutics India Pvt.Ltd. ,N.H No 74,Roorkee,Dehradun Highway Kishanpur, Roorkee, Haridwar Uttarakhand(India),","Assay for Benfotiamine, Riboflavinand,AscorbicAcid",Karnataka,portal,2025-05_all_nsq.json,83
2025-05,central,nsq,Metronidazole Tablets IP 400 mg,B240578,May-2024,Apr-2027,"M/s.Bochem Healthcare Pvt. Limited, 83-84, Industrial Area, Dewas Road, Nagziri, Ujjain 45601-(M.P.) India",Dissolution,"RDTL, Chandigarh",portal,2025-05_all_nsq.json,84
2025-05,"state:Drugs Testing Laboratory, Chennai-06",nsq,Atorvastatin Tablets IP 10mg,CT240237A,Jul-2024,Jun-2025,"M/s.Candour Pharmaceuticals, Vill. OGLI, Suketi Road, Kala Amb, Distt. Sirmour (H.P), 173030",Sample does not conform to IP specification for Atorvastatin Tablets with respect to Dissolution,"Drugs Testing Laboratory, Chennai-06",portal,2025-05_all_nsq.json,85
2025-05,"state:A.S Kambli Palghar-Zone-1 FDA, Lab Mumbai",nsq,Lomojack,CN2305,Apr-2023,Sep-2025,"M/s.Century Drugs Pvt Ltd. Plot no. 38, Sector-3, Dist. Dhar, Pithampur , Madhya Pradesh","The sample does not comply with I.P requirement for Dissolution Test""","A.S Kambli Palghar-Zone-1 FDA, Lab Mumbai",portal,2025-05_all_nsq.json,86
2025-05,"state:State Drugs Testing Laboratory, Agartala, Tripura.",nsq,Amoxycillin with Potassium Clavulanate Tablets I.P. (CLAIM ? CV 625),CT/24/747,Oct-2024,Mar-2026,"M/s.Ciphem Pharma, Plot No.: 30, Subhlakshmi Ind. Estate, Opp. Sanket Ind. Estate, At: Morraya, Ta: Sanand, Dist.: Ahmedabad ? 382213. Mfg. Lic. No. : G/28/1738.","The Sample does not conform to standard in respect of the test for Uniformity of weight, Dissolution & Assay","State Drugs Testing Laboratory, Agartala, Tripura.",portal,2025-05_all_nsq.json,87
2025-05,state:Karnataka,nsq,"Alpha Lipoic Acid, Folic Acid, Methylcobalamin, Vitamin B6 &Vitamin D3 Tablets)",AT-052410,May-2024,Apr-2026,"M/s.East African (India) Overseas,1, Pharmacity,Selaqui, Dehradun- 24801l (U.k)",Test for Disintegration only,Karnataka,portal,2025-05_all_nsq.json,88
2025-05,state:DTL Baddi Distt Solan HP,nsq,Moxi-KT EYE DROPS (Moxifloxacin 0.5 % + Ketorolac 0.4% + H.P.M.C. 0.025 % Opthalmic solution),3780,Aug-2024,Jul-2026,"M/s.Eden Drugs Pvt. Ltd. S.G.R.D.J. Airport Road Meerankot Distt. Amritsar,Punjab",Assay of Ketorolac(80.75%),DTL Baddi Distt Solan HP,portal,2025-05_all_nsq.json,89
2025-05,"state:Drugs Testing Laboratory, Madurai-19",nsq,Nifedipine Sustained Release Tablets IP 10 mg,NF24007,Aug-2024,Jan-2026,"M/s.Eurokem Laboratories Pvt ltd, C-25, SIDCO Pharmaceutical Complex, Alathur, Thiruporur, 603110.",Sample does not conform to IP specification for Nifedipine Sustained Release Tablets with respect to the content of Nifedipine,"Drugs Testing Laboratory, Madurai-19",portal,2025-05_all_nsq.json,90
2025-05,"state:State Drugs Testing Laboratory, Agartala, Tripura.",nsq,Telmisartan Tablets I.P. 20 mg (TELSAT ? 20),ST2T2302,Mar-2024,Feb-2026,"M/s.Goodman Pharmaceuticals, Plot No. B3-B8, PIPDIC Electronic Park, Thirubhuvanai, Poducherry ? 605107",The Sample does not conform to standard in respect of the test for Dissolution performed,"State Drugs Testing Laboratory, Agartala, Tripura.",portal,2025-05_all_nsq.json,91
2025-05,state:DTL Baddi Distt Solan HP,nsq,Depcof cough syrup,L-2306077,Jun-2023,May-2025,"M/s.Gopal life sciences, jhadmajri, Baddi",Assay of Phenylephrine Hydrochloride.,DTL Baddi Distt Solan HP,portal,2025-05_all_nsq.json,92
2025-05,state:DTL Baddi Distt. Solan,nsq,Ursodeoxycholic acid Tablets IP 300 mg,UDS-501,Aug-2024,Jul-2026,"M/s.Healers Lab Unit II Plot NO. 33, H.P.S.I.D.C. , Extn., Baddi, Distt. Solan H.P.",The sample does not confirm to claim as per IP 2022 in respect to the Dissolution of Ursodiol ( Ursodeoxycholic Acid),DTL Baddi Distt. Solan,portal,2025-05_all_nsq.json,93
2025-05,state:DTL Baddi Distt Solan HP,nsq,Dapagliflozin Tablets IP (DAPAWOHN),HT2406181,Jun-2024,May-2026,M/s.Helax Healthcare Private Limited Khasra No.410 Village Karondi Roorkee Distt Haridwar,Assay and Uniformity of Content of Dapagliflozin,DTL Baddi Distt Solan HP,portal,2025-05_all_nsq.json,94
2025-05,"state:State lab , Puducherry",nsq,Aceclofenac & Paracetamol Tablets (A-Sid Tablets),HT-2401253,Dec-2024,Nov-2026,"M/s.Helax Healthcare Private Limited., Khasra No. 410,Vill-Karondi Roorkee - 247667,Distt- Haridwar (UK)","(1)The sample received is labelled as Aceclofenac & Paracetamol Tablets, however Aceclofenac & Paracetamol Tablets is an official IP monograph (Addendum 2024) hence should be labelled as Aceclofenac & Paracetamol Tablets IP. (2)For the received sample, Discolouration was observed. (3) Does not comply with respect to test for Uniformity of weight and Assay for Aceclofenac and Paracetamol","State lab , Puducherry",portal,2025-05_all_nsq.json,95
2025-05,"state:King Institute of Preventive Medicine & Research, Guindy, Chennai-32",nsq,Gentamicin Injection I.P-2ml,HLI624F,Jun-2024,May-2025,"M/s.Himalaya Meditek Pvt Ltd, Plot No.35&36, Pharmacity, Selaqui Industrial Area, Dehradun - 248 197",Sample does not conform to the requirement for pH,"King Institute of Preventive Medicine & Research, Guindy, Chennai-32",portal,2025-05_all_nsq.json,96
2025-05,state:Karnataka,nsq,Spnflox-OZ Tablets (Ofloxacin &OrnidazoleTablets IP),DT240523B,May-2024,Apr-2026,"M/s.Indo Rama Health Care Pvt.Ltd., 204- 05,HSIIDC Manakpur ,Industrial Area, Jagadhri, Distt.Yamuna Nagar",Description of Tablets,Karnataka,portal,2025-05_all_nsq.json,97
2025-05,central,nsq,"Paracetamol 250 mg & Mefenamic Acid 100 mg Suspension, 60 ml (Pacimol MF 250 Suspension)",INC014022R,Apr-2024,Mar-2026,"M/s.Ipca Laboratories Ltd., Sejavta, Ratlam 457 001",Assay of Paracetamol and Mefenamic Acid,CDTL-Mumbai,portal,2025-05_all_nsq.json,98
2025-05,central,nsq,SPORLAC Tablets (Tablets of Probiotics),MS024004,Apr-2024,May-2026,"M/s.J.B. Chemicals & Pharmaceuticals Ltd., Plot No.25 & 26, Pharmacity, Selaqui, Dehradun, Uttarakhand.",Identification of Bacillus clausii,CDTL-Mumbai,portal,2025-05_all_nsq.json,99
2025-05,"state:Drugs Testing Laboratory, Madurai-19",nsq,Amoxycillin and Potassium Clavulanate Oral Suspension RIGHTCLAV 228.5 Dry Syrup,ACAG24001E,Apr-2024,Sep-2025,"M/s.J.M.Laboratories, Village Bhanat, PO-Ghatti, Subathu Road, Solan (H.P)-173211",Sample does not conform to IP specification for Amoxycillin and Potassium Clavulanate oral suspension with respect to pH and the content of Clavulanic Acid in Potassium Clavulanate diluted,"Drugs Testing Laboratory, Madurai-19",portal,2025-05_all_nsq.json,100
2025-05,"state:State Drugs Testing Laboratory, Agartala, Tripura.",nsq,Amoxycillin& Potassium Clavulanate Tablets I.P (AGECLAV ? 375 Tablets),JMT-240801A,Aug-2024,Jan-2026,"M/s.JMM Formulation Pvt. Ltd., (A WHO GMP & GLP Certified Company), Vill: Khari, Mouza-Ogli, Suketi Road, Kala Amb, Tehsil: Nahan, Dist: Sirmour, Himachal Pradesh ? 173030.",The Sample does not conform to Standard Quality in respect of the test for Dissolution of Amoxycillin,"State Drugs Testing Laboratory, Agartala, Tripura.",portal,2025-05_all_nsq.json,101
2025-05,"state:Drugs Testing Laboratory, Chennai-06",nsq,Fenacin (Diclofenac Diethylammonium + Methyl Salicylate + Menthol Gel),DG2402,Apr-2024,Mar-2026,"M/s.Johnson & Smith Co, B-48, III Stage, Peenya Industrial Estate, Bangalore, 560058",Sample does not conform to Label claim with respect to the content of Methyl Salicylate,"Drugs Testing Laboratory, Chennai-06",portal,2025-05_all_nsq.json,102
2025-05,state:Modern Drug Testing Laboratory Kathua  (J&K),nsq,Robiflam-SP,UTGRFB401,May-2024,Apr-2026,"M/s.Khandelwal Laboratories Pvt Ltd , Plot No. 20 Sec-6 IIE , Sidcul , Pantnagar , US Nagar -263153 Uttarakhand Mrk. By : Khandelwal Laboratories Pvt Ltd ,79/87 , D-Lad Path Mumbai- 400033",The sample fails in the test for Description of tablets,Modern Drug Testing Laboratory Kathua  (J&K),portal,2025-05_all_nsq.json,103
2025-05,state:Karnataka,nsq,"GlimepirideTablets IP 2mg (Glimiz-2),",T24039,Apr-2024,Mar-2026,"M/s.Knm Pharma Pvt. Ltd.13,Mahagujrat Ind. Estate, Opp. Nova Petrochemicals Ltd, Moraiya,Ta.Sanand, Dist .Ahmedabad f3ujarat (India)",Assay and IP standards with respect Test for Dissolution,Karnataka,portal,2025-05_all_nsq.json,104
2025-05,"state:Drugs Testing Laboratory, Baddi",nsq,Alcinac-SR Tablets (Aceclofenac Sustained-release Tablets),9244001,May-2024,Apr-2026,"M/s.Leeford Healthcare Ltd. At: Plot No. 79-A & 79-B, EPIP, Phase-II, Vill. Thana, Tehsil Baddi, Distt. Solan 173205 (H.P.). India.",Dissolution of Aceclofenac,"Drugs Testing Laboratory, Baddi",portal,2025-05_all_nsq.json,105
2025-05,central,nsq,Tranexamic Acid Tablets IP (Trenaxa 500 ),18242021A,Aug-2024,Jul-2027,"M/s.Macleods Pharmaceuticals Ltd., Khasra No. 21,22,66,67 & 68, Aho-Yangtam, Namchepung, PO: Ranipool, Sikkim-737135",Spurious Identification and Assay of Tranexamic Acid,"CDL, Kolkata",portal,2025-05_all_nsq.json,106
2025-05,"state:State lab , Puducherry",nsq,Amoxycillin Capsules IP 250mg (Amoxi 250),MT14AC08,Aug-2023,Jul-2025,"M/s.Malik Lifesciences Pvt. Ltd., Plot No. 16, Vardhman Indl. Estate, Vill-Bahadarpur Saini, N.H.58, Haridwar-247 667",Does not comply with respect to test for Assay,"State lab , Puducherry",portal,2025-05_all_nsq.json,107
2025-05,central,nsq,METRONIDAZOLE TABLETS IP (Martigyl-400),MT-24D03,Apr-2024,Mar-2026,"M/s.Martin & Brown Bio-sciences, K. No. 918/419, Malkumajra, Nalagarh Road, Baddi, Distt. Solan (H.P.)-173205",Dissolution,"RDTL, Guwahati",portal,2025-05_all_nsq.json,108
2025-05,"state:Drugs Testing Laboratory, Chennai-06.",nsq,"Entcof Syrup (Ambroxol Hydrochloride, Guaiphenesin, Terbutaline Sulphate Syrup)",MMR-344,Mar-2024,Feb-2026,"M/s.Mediguard Remedies, R.S.No.106/1, Perambai Village, Vanur Tk, Villupuram Dt,605110. Tamilnadu, India.",Sample does not conform to Label claim with respect to the content of Terbutalline Sulphate,"Drugs Testing Laboratory, Chennai-06.",portal,2025-05_all_nsq.json,109
2025-05,state:DTL Baddi Distt. Solan,nsq,Ferrous Sulphate & Folic Acid Syrup IP,FSF-158,Oct-2024,Sep-2026,"M/s.Medipol Pharmaceuticals India Pvt. Ltd. 1199/3, Bhud Baddi, Distt. Solan H.P.",The sample does not conform to claim as per IP 2022 in respect to the Test of Free Ferric Compounds & Assay of Folic Acid,DTL Baddi Distt. Solan,portal,2025-05_all_nsq.json,110
2025-05,state:DTL Baddi Distt. Solan,nsq,Ibuprofen Oral Suspension BP 100 mg/5ml,IBS-022,Jul-2024,Jun-2026,"M/s.Medipol Pharmaceuticals India Pvt. Ltd. 1199/3, Bhud Baddi, Distt. Solan H.P.",The sample does not conform to claim as per BP 2024 in respect to the Assay of Ibuprofen,DTL Baddi Distt. Solan,portal,2025-05_all_nsq.json,111
2025-05,state:State Food & Drug Testing Laboratory Uttarakhand,nsq,Fluconazole IP Powder,FLZ23-2411,Nov-2023,Oct-2028,"M/s.Mestra Pharma Pvt. Ltd., M/s. Jasvic Laboratories Kh no. 376, Vill. Latifpur Khubbanpur, Dehradun, Roorkee-",Loss on drying: Does not comply with IP,State Food & Drug Testing Laboratory Uttarakhand,portal,2025-05_all_nsq.json,112
2025-05,state:Modern Drug Testing Laboratory Kathua  (J&K),nsq,Maxirest ?LP Tablets,MPT23365,Mar-2024,Feb-2026,"M/s.Micro Organics Pharmaceuticals (India)Pvt Ltd , Ogli Suket Road Kala Amb Sirmour (HP) Mrk. By : Bioglare Pharmaceuticals 379A , Plot No. 108 Top Floor Sector 39 West Maloya Chandigarh 160025",The sample fails in the test for Description of tablets,Modern Drug Testing Laboratory Kathua  (J&K),portal,2025-05_all_nsq.json,113
2025-05,state:State Food & Drug Testing Laboratory Uttarakhand,nsq,Sodium Valporate IP Powder,SV/02/01/25,Jan-2025,Dec-2029,"M/s.Mirambika Pigment, Plot No. 155/1, Dhanot, Chhatra-Kadi road, Distt. Gandhinagar-382729 Gujrat","Loss on drying: Does not comply with IP, Assay of Sodium Valporate IP: More than Prescribed Limit",State Food & Drug Testing Laboratory Uttarakhand,portal,2025-05_all_nsq.json,114
2025-05,state:Karnataka,nsq,"Om Shanthi Gold Class KUMKUM,",BL0l,Dec-2024,Nov-2025,"M/s.N. Rangarao & Sons Pvt.Ltd.,C9 & C10,Yadavagiri Industrial Area,Mysusru-570020",Test for Fineness residue only,Karnataka,portal,2025-05_all_nsq.json,115
2025-05,state:DTL Baddi Distt Solan HP,nsq,Cefixime 100 mg/5ml Powder for oral Suspension (Sunderin),MSSB24005,Nov-2024,Nov-2026,"M/s.Nector Lifesciences Limited Unit-VI, Village Bhatoli Kalan Adjoining Jharmajri EPIP Baddi, Distt. Solan H.P.",The sample does not conforms to Patent & Proprietary in repect to the Assay of Anhydrous Cefixime.,DTL Baddi Distt Solan HP,portal,2025-05_all_nsq.json,116
2025-05,"state:Drugs Testing Laboratory, Chennai-06",nsq,Glibenclamide Tablets IP 5mg,NHD24411A,Jul-2024,Jul-2025,"M/s.Nest Healthcare Private limited, Plot No.300, G.I.D.C, Odhav, Ahmedabad-382415(GUJ.), India.",Sample does not conform to IP specificaion for Glibenclamide Tablets with respec to Dissolution,"Drugs Testing Laboratory, Chennai-06",portal,2025-05_all_nsq.json,117
2025-05,state:Modern Drug Testing Laboratory Kathua  (J&K),nsq,Neo-Chloranton,T-3750,Dec-2023,Nov-2025,"M/s.New Gayzel Pharmaceuticals 6/4 Modern Industrial Estate Bahadurgarh - 124507 Mrk. By : Remedies Pharmaceuticals (India) Pvt Ltd 107A &B Aradhana Bhawan Azadpur Commercial Complex , Delhi 110033",The sample fails in the test for Description & Disintegration test of tablets,Modern Drug Testing Laboratory Kathua  (J&K),portal,2025-05_all_nsq.json,118
2025-05,central,nsq,Dicyclomine Hydrochloride Tablets IP 10 mg,TK24-08,Nov-2024,Oct-2026,"M/s.Om Biomedic Pvt. Ltd..,, Plot No. 68, 69, 82 & 83, Sector - 6A, IIE, SIDCUL, Haridwar-249 403 (U.K.)",Description,"RDTL, Guwahati",portal,2025-05_all_nsq.json,119
2025-05,state:Karnataka,nsq,Compound Sodium Lactate Injection I.P (Ringer Lactate Solution for injectionI.P) RL,1247988,Nov-2024,Oct-2027,"M/s.Otsuka Pharmaceuticals India Pvt, Ltd.,Village- Vasana-Chacharwadi,TAL-Sanand,Dist. Ahmedabad 382213, India",Test for Sterility,Karnataka,portal,2025-05_all_nsq.json,120
2025-05,"state:Drugs Testing Laboratory, Chennai-06",nsq,Glimepiride Tablets IP 1mg,PGG24-012,Aug-2024,Jul-2026,"M/s.Pondchy Pharmaceuticals, R.S.No.218/4, 218/5, Odiampet, Manaveli Road, Villianur Commune, Puducherry, 605110.",Sample does not conform to IP specification for Glimepiride Tablets with respect to Dissolution,"Drugs Testing Laboratory, Chennai-06",portal,2025-05_all_nsq.json,121
2025-05,"state:S.K, Jadhav, Pune-Zone 3 , FDA Lab, M.S. Chhatrapati Sambhajinagar . Maharashtra State",nsq,Azithromycin Tablets IP 500mg (Ronnin 500 Tablets),PPTC082,Nov-2023,Oct-2026,"M/s.Pratima Pharmaceuticals, G.No. 56/3, Pratima Nagar, Pabal Road, Shikrapur, Pune-412208",1. The sample does gives identification for the presence of Azithromycin 2. Additional identification:-The sample gives identification for the presence of Paracetamol.3. Found Content of Paracetamol in the sample is 147.24mg/Tab,"S.K, Jadhav, Pune-Zone 3 , FDA Lab, M.S. Chhatrapati Sambhajinagar . Maharashtra State",portal,2025-05_all_nsq.json,122
2025-05,"state:State Lab,                                       Drugs Control Laboratory,                                                                       Telangana.",nsq,"Gutwell Suspension, Bacillus clausii 2 billion spores/5ml",PSB-B00225,Jan-2025,Dec-2027,"M/s.Prosafe Biologicals LLP Survey No:237/EE/1, Mallepalle (V), Kondapur (M), Sangareddy Dist - 502295, Telangana.",Total viable count found Less than 2 billion spores/5ml,"State Lab,                                       Drugs Control Laboratory,                                                                       Telangana.",portal,2025-05_all_nsq.json,123
2025-05,"state:State Drugs Testing Laboratory, Agartala, Tripura.",nsq,Albendazole Tablets IP 400 mg (ALBISTI ? 400),PI28AH05,Jul-2023,Dec-2025,"M/s.Pure & Cure Healthcare Pvt. Ltd., (A subsidiary of Akums Drugs & Pharmaceuticals Ltd.,), Plot No. 26A, 27-30, Sector-8A, I.I.E., SIDCUL, Ranipur, Haridwar ? 249403, Uttarakhand. Mfg. Lic. No. : 31/UA/2013.",The Sample does not conform to standard in respect of the test for Dissolution,"State Drugs Testing Laboratory, Agartala, Tripura.",portal,2025-05_all_nsq.json,124
2025-05,state:Karnataka,nsq,"Sterile Diluent For Reconstitution of ND, IB, IBD and Combination Vaccines for Poultry (Veterinary) Multi",GSCEV03,Nov-2023,Oct-2025,"M/s.Safe Parenterals Pvt.Ltd.,Gollapadu,Guntur District-522408 Andhra Pradesh",Description & Particulate Matter,Karnataka,portal,2025-05_all_nsq.json,125
2025-05,"state:State Drugs Testing Laboratory, Agartala, Tripura.",nsq,Amlodipine Besylate Tablets I.P. 2.5 mg (AMLODOSE ? 2.5 ),SPT240321,Feb-2024,Jan-2026,"M/s.Salus Pharmaceuticals, 480/211, Harraipur, P.O. ? Gurumajra, Teh. Baddi, Dist. Solan, Himachal Pradesh ? 173205",The Sample does not conform to standard in respect of the test for Assay & Uniformity of Content,"State Drugs Testing Laboratory, Agartala, Tripura.",portal,2025-05_all_nsq.json,126
2025-05,"state:State Drugs Testing Laboratory, Agartala, Tripura.",nsq,Albendazole Tablets I.P. 400 mg (B-ZOLE 400 mg),T50120A,Feb-2025,Jan-2027,"M/s.Samson Laboratories Pvt. Ltd., (WHO-GMP Certified Company), 152, Sansiwala, Barotiwala, Distt. Solan (H.P.) ? 174103, Mfg. Lic. No. : MNB/05/156.",The sample does not conform to standard quality in respect of the test for Dissolution,"State Drugs Testing Laboratory, Agartala, Tripura.",portal,2025-05_all_nsq.json,127
2025-05,"state:Drugs Testing Laboratory, Madurai-19",nsq,Calcium and Vitamin D3 Tablets (Elprocal),NBT-230543,Jan-2024,Dec-2025,"M/s.Soft Touch Pharmaceuticals India Ltd, Plot No.8, Industrial Area, Waknaghat, Distt. Solan (H.P)-173234",Sample does not conform to IP specification for Calcium and Vitamin D3 Tablets with respect to the identification and content of Vitamin D3,"Drugs Testing Laboratory, Madurai-19",portal,2025-05_all_nsq.json,128
2025-05,"state:King Institute of Preventive Medicine & Research, Guindy, Chennai-32",nsq,Phenytoin Sodium Injection USP-2ml,45PSA138,May-2024,Apr-2026,"M/s.SPM Drugs (P) Ltd, Bhavani-638301",Sample does not conform to the requirement for assay,"King Institute of Preventive Medicine & Research, Guindy, Chennai-32",portal,2025-05_all_nsq.json,129
2025-05,"state:State Lab,                                       Drugs Control Laboratory,                                                                       Telangana.",nsq,"Norfloxacin Tablets I.P.400mg,",4,Feb-2025,Jul-2026,"M/s.Stride Organics Private Limited, Sy. No. 265/P, Kondapur (Vill.) Ghatkesar, Medchal District. (T.G), Telangana.",The sample does not comply with respect to Dissolution Test as per IP,"State Lab,                                       Drugs Control Laboratory,                                                                       Telangana.",portal,2025-05_all_nsq.json,130
2025-05,"state:State Lab,                                       Drugs Control Laboratory,                                                                       Telangana.",nsq,"Pantoprazole Gastro-Resistant Tablets IP 40 mg,",431,Nov-2024,Apr-2026,"M/s.Stride Organics Pvt Limited, Survey No. 265/P, Kondapur, Ghatkesar, Medchal District, T.S. Telangana.","The drug failed to indicate the common name of the color contained in the drug on the label of the product, as required by Rule 127(2) of the Drugs Rules, 1945. It was mentioned on the label as Approved Colours Used","State Lab,                                       Drugs Control Laboratory,                                                                       Telangana.",portal,2025-05_all_nsq.json,131
2025-05,"state:State Drugs Testing Laboratory, Agartala, Tripura.",nsq,Amoxycillin& Potassium Clavulanate Tablets I.P. 625 mg (TIMOX ? CV 625),AXP5F5007,Jan-2025,Dec-2026,"M/s.Sucantis Bio Tech Pvt. Ltd., Plot No.: E-127 & 128, Ind. Area Bahadarabad, Haridwar (Uttarakhand) ? 249402, Mfg. Lic. No.: 19/UA/SC/P - 2023",The sample does not conform to standard quality in respect of the test for Dissolution of Amoxycillin,"State Drugs Testing Laboratory, Agartala, Tripura.",portal,2025-05_all_nsq.json,132
2025-05,"state:Drugs Testing Laboratory, Chennai-06",nsq,Betamethasone Valerate Ointment IP 0.1% w/w,B73,Aug-2024,Jul-2026,"M/s.Syndicate Pharma, 185/B, 185/B-1, 187/A & 188 Sector - F, Sanwer Road, Indore-452015.",Sample does not conform to IP specification for Betamethasone Valerate Ointment with respect to the content of Betamethasone in Betamethasone Valerate,"Drugs Testing Laboratory, Chennai-06",portal,2025-05_all_nsq.json,133
2025-05,state:DTL Baddi Distt Solan HP,nsq,"Trypsin, Bromelain, Rutoside, Trihydrate & Diclofenac Tablets (RUMIHEAL-D)",SRTF240703B,Jun-2024,,"M/s.Systole Remedies Pvt. Ltd.. Vill-Ogli, Kala Amb, Tehsil-Nahan Distt. Sirmour HP",Test for Disintegration,DTL Baddi Distt Solan HP,portal,2025-05_all_nsq.json,134
2025-05,state:Modern Drug Testing Laboratory Kathua  (J&K),nsq,Zaflox-OZ Tablet,TLT-6938,Feb-2024,Jan-2026,"M/s.Taksa Lifescience E-47, Industrial Area , Focal Point Derabassi Distt Mohali Mrk. By : Ryze Lifecare A.O Plot No. 51 , Industrial Area Phase-2 , Chandigarh 160002",1.The sample fails in the Dissolution Test of Ofloxacin IP & Ornidazole IP 2.The sample does not conform to the Assay content of Ofloxacin IP 3.The sample is also found Misbranded as Ofloxacin and Ornidazole Tablets are not been shown official as per I.P 2022,Modern Drug Testing Laboratory Kathua  (J&K),portal,2025-05_all_nsq.json,135
2025-05,central,nsq,Enzox Liquid Digestive Supplement,ES-24011/11,Dec-2024,May-2026,"M/s.Tidal Laboratories Pvt. Ltd. Patch-5, Phase-II Gowalthai, Distt. Bilaspur-174201 (H.P.), INDIA",Assay/Content of Pepsin activity.,"CDL, Kolkata",portal,2025-05_all_nsq.json,136
2025-05,"state:State Drugs Testing Laboratory, Agartala, Tripura.",nsq,Zinc Sulphate Tablets I.P. 20 mg (TONZEE 20),ZS-2404,May-2024,Apr-2026,"M/s.Torino Laboratories Pvt. Ltd., Fact: Plot No. 65/1, Sector 1, Pithampur ? 454775, Dist. Dhar (INDIA).",The Sample does not conform to Standard Quality in respect of the test for Disintegration,"State Drugs Testing Laboratory, Agartala, Tripura.",portal,2025-05_all_nsq.json,137
2025-05,"state:State Lab,                                       Drugs Control Laboratory,                                                                       Telangana.",nsq,"Amoxycillin & Potassium Clavulanate for Oral Suspension,",UPS-245C,Jan-2024,Jun-2025,"M/s.Ultra Drugs Pvt.Ltd, Plot NO. 1315-1318, VPO Manpura, Baddi - Nlagarh Road, Dist. Solan, H.P-174 101 Himachal Pradesh. Mrkt: KRV Life Sciences, # 122, Padmanagar, Bhiwandi, Mumbai - 421 303.",The drug product Amoxcycillin and potassium Clavulanate for Oral suspension is official in the current edition of IP 2022. But the designation in conjiction with the product title Amoxycillin and Potassium Clavulanate for Oral suspension IP is not mentioned on the product Label,"State Lab,                                       Drugs Control Laboratory,                                                                       Telangana.",portal,2025-05_all_nsq.json,138
2025-05,state:Karnataka,nsq,Compound Sodium Lactate Injection IP (Ringer-Lactate Solution for Injection),KI124110,Dec-2024,Nov-2027,"M/s.Ultra Laboratories Pvt. Ltd.,Plot NO.102- B &102-B (P-1), Pharmaceuticals SEZ, KIADB Industrial Estate, Hassan, Karnataka-573201",Test for Sterility,Karnataka,portal,2025-05_all_nsq.json,139
2025-05,state:DTL Baddi Distt Solan HP,nsq,Acelofenac & Paracetamol Tablets (ACELOZAL-P),YLT25005,Jan-2025,Dec-2026,"M/s.YL Pharma Baddi, Distt. Solan H.P.",The sample does not conforms to Patent & Proprietary in repect to the Assay of Aceclofenac.,DTL Baddi Distt Solan HP,portal,2025-05_all_nsq.json,140
2025-05,state:Karnataka,nsq,Pomol-650 (Paracetamol Tablets I.P. 650mg),24020111,Feb-2024,Jan-2027,"Mls.Aban Pharmaceuticals,Plot No. 1018, Kerala, G.I.D.C., Bavla, Dist. Ahmedabad-382220",Test for Dissolution of Tablets and content of Paracetamol in the Assay,Karnataka,portal,2025-05_all_nsq.json,141
2025-05,state:Karnataka,nsq,Pantoprazole Gastro-resistant & Domperidone Prolonged Release Capsuels IP (Pantocoat- DAR),C112403,Nov-2024,Oct-2026,"Mls.Swefn Pharmaceuticals Pvt.Ltd., 7, Sopan Kesar Industrial Hub, Vil. Moraiya,Tal.Sanand, Dist. Ahmedabad-",Description of Tablets,Karnataka,portal,2025-05_all_nsq.json,142
2025-05,central,nsq,Injection Oxytocin Vet. 100 ml Vial,Not applicable,,,Not applicable,pH and Sterility,"RDTL, Chandigarh",portal,2025-05_all_nsq.json,143
2025-05,central,nsq,Injection Oxytocin Vet. 50 ml Vial,Not applicable,,,Not applicable,pH and Sterility,"RDTL, Chandigarh",portal,2025-05_all_nsq.json,144
2025-05,state:Karnataka,nsq,Compound Sodium Lactate Injection I.P (Ringer's Lactate Solution Injection I.P)RL,13-4536,Nov-2024,Oct-2027,"Ltd.,PlotNo.212-216, Sector-1, Pithampue (Distt.Dhar) M.P",Test for Sterility,Karnataka,portal,2025-05_all_nsq.json,145
2025-05,"state:State Drugs Laboratory, Punjab",nsq,Super Bulk-Mix Rx Only (Super Bulk-Mix Rx),CQ20215MIOS,Feb-2024,Jan-2027,Not applicable,Manufacturing address is not mentioned on the label,"State Drugs Laboratory, Punjab",portal,2025-05_all_nsq.json,146
2025-05,"state:DTL,Jaipur (State Lab)",nsq,Doxycycline and Lactic Acid BacillusTablets(DOXYGLO-LB),ATG4G566,Jul-2024,Jun-2026,"M/s Anrose Pharma, 147, Mauza Sansiwala, Post:Barotiwala,Tehsil-Baddi,Distt.Solan174103 (HP)",The sample does not conform to the claim with respect to Assay of Doxycycline Hydrochloride IP,"DTL,Jaipur (State Lab)",portal,2025-05_all_nsq.json,147
2025-05,central,nsq,Sildenafil citrate oral jelly 5 gm (King of jelly),25005,Feb-2025,Jan-2028,"M/s Banson Pharmaceuticals Pvt.Ltd., C-9, C10, Focal Point, Nabha-147201",Description and Assay of Sildenafil Citrate,"RDTL, Chandigarh",portal,2025-05_all_nsq.json,148
2025-05,"state:DTL,Jaipur  (State Lab)",nsq,Diclofenac Sodium Tablets I.P.(Dicloax Plus),CDTP-265,Sep-2024,Aug-2026,"M/s Candor Biotech Ltd.,Village Alamgir ,Lalru-140501(Punjab)",The sample does not conform to the IP with respect Assay of Diclofenac Sodium (NIL) and Found Aceclofenac (57.41 mg/Tab),"DTL,Jaipur  (State Lab)",portal,2025-05_all_nsq.json,149
2025-05,"state:DTL,Jaipur(State Lab)",nsq,Sulphamethoxazole &Trimethoprim Injection I.P.,EL-240608,Jun-2024,May-2026,"M/s Ethicare Laboratories,15,Industrial Estate,Digiana,Jammu-180010.","The sample does not conform to the IP (Vet.) with respect to Particulate Matter, Description as it show physical in stability in the form of white crystalline particles and Assay of Trimethoprim","DTL,Jaipur(State Lab)",portal,2025-05_all_nsq.json,150
2025-05,"state:DTL,Jaipur(State Lab)",nsq,Isoxsuprine Hydrochloride (SR)Tablets(Siox-Sr),GT400966A,Oct-2024,Sep-2026,"M/s Gnosis Pharmaceuticals Pvt.Ltd.Nahan Road,Village Moginand,Kala-Amb Distt.Sirmour,H.P.173030.",The sample does not conform to the claim with respect to Assay of Isoxsuprine Hydrochloride,"DTL,Jaipur(State Lab)",portal,2025-05_all_nsq.json,151
2025-05,"state:DTL,Jaipur (State Lab)",nsq,Gabapentin & Nortriptyline Hydrochloride Tablets (GABVONT400),HT24642,Dec-2024,Nov-2026,"M/s HBC Healthcare Pvt.Ltd.,Block/Survey No.609, Paiki 002, Ambasan (Amipura), Nr. Shankus Water Park, Ahmedabad-Mehsana Highway, Mehsana-384435, Gujarat,",The sample does not confirm to the claim with respect to Assay of Nortriptyline,"DTL,Jaipur (State Lab)",portal,2025-05_all_nsq.json,152
2025-05,central,nsq,Disposable Syringes (5ml) (SUI),4051124S11,Nov-2024,Oct-2027,"M/s Hindustan Ultra Care Limited, Village, Mandana, Jhalawar Road, NH-52, Kota (Rajasthan), India - 325003",Sterillity,"RDTL, Guwahati",portal,2025-05_all_nsq.json,153
2025-05,"state:DTL,Bikaner (State Lab)",nsq,Rabeprazole Sodium Gastro- resistant & Domperidone (SR) Capsules (Rebtil-DSR),LV23LC-017,Nov-2023,Oct-2025,"M/s L.V. Life Sciences, VPO Gurumajra, Baddi, Distt.Solan (HP) 174101.",The sample does not conform to the claim with respect to Assay of Rabeprazole Sodium.,"DTL,Bikaner (State Lab)",portal,2025-05_all_nsq.json,154
2025-05,"state:State lab , Puducherry",nsq,Telmisartan & Amlodipine TabletsIP (Lanztel-AM),RHT24-402,Jul-2024,Jun-2026,"M/s Revantis Healthcare, Plot No. 124, HPSIDC, Industrial Area, Baddi, Distt. Soaln (H.P)-173205",Does not comply with respect to test for Assay,"State lab , Puducherry",portal,2025-05_all_nsq.json,155
2025-05,"state:DTL, Jaipur (State Lab)",nsq,Amoxycillin Capsules IP 500mg (Moxgo-500),MOXG-2404001,Jul-2024,Jun-2026,"M/s RMIS Pharmaceuticals, Plot No.75, Navjeevan Dhamtari Road, Raipur ,Chhatisgarh-492002.",The sample does not conform to the IP as it does not contain Amoxycillin ( NIL),"DTL, Jaipur (State Lab)",portal,2025-05_all_nsq.json,156
2025-05,"state:DTL, Jaipur (State Lab)",nsq,Albendazole Oral Suspension IP (Vet.),SLG24095,Mar-2024,Feb-2026,"M/s Safecon Lifesciences Pvt. Ltd., B 36,E.P.I.P.Shastri Puram,UPSIDC,Sikandra-282007.",The sample does not conform to the IP with respect to Assay of Albendazole,"DTL, Jaipur (State Lab)",portal,2025-05_all_nsq.json,157
2025-05,"state:DTL,Jaipur (State",nsq,Clopidogrel and Aspirin Tablets IP (AclizacAS 75),2411039,Nov-2024,Oct-2026,"M/s Sanctus Global Formulations Limited, Khasra No. 587/588,Village: Kunjhal, Backside Jharmajri Tehsil",The sample does not conform to the IP with respect to Assay of Aspirin & Free Salicylic Acid,"DTL,Jaipur (State",portal,2025-05_all_nsq.json,158
2025-05,"state:DTL,Bikaner (State Lab)",nsq,Rabeprazole Sodium (Enteric Coated) & Domperidone (Sustained Releases) Capsules (Rzol-D),SSC23187,Jan-2024,Dec-2025,"M/s Shri Sai Bala Ji Pharmatech Pvt.Ltd.,20, Ext HPSIDC,Ind Area Baddi (H.P.)173205.",The sample does not conform to the claim with respect to Assay of Rabeprazole Sodium,"DTL,Bikaner (State Lab)",portal,2025-05_all_nsq.json,159
2025-05,"state:DTL,Jaipur (State Lab)",nsq,Cefixime &Ofloxacin Tablets (CEFXEN-O),VT240794,Jul-2024,Jun-2026,"M/s VADSP Pharmaceuticals, Plot no.124,E.P.I.P. Ind.Area, Phase-1,Jharmajri,Baddi(H.P.)174103",The sample does not conform to the claim with respect to assay of Cefixime,"DTL,Jaipur (State Lab)",portal,2025-05_all_nsq.json,160
2025-05,state:Karnataka,nsq,Paracetamol Tablets IP 650mg,PCT24034,Feb-2024,Jan-2026,"M/s Vivek Pharmachem (India) Ltd.,NH-8,Chimanpura,Amer,Jaipur-303102.",The sample has been declared as not of Standard Quality as it does not conform to IP standards with respect to Test for Dissolution and Description,Karnataka,portal,2025-05_all_nsq.json,161
2025-05,"state:B.D. Marewad, FDA Lab, M.S. Chhatrapati Sambhajinagar . Maharashtra State",nsq,"Codeine Phosphate, Chlorpheniramine Maleate and Sodium Citrate Cough Linctus (WYKAREX-CD Cough Linctus)",AL-5770,Nov-2023,Oct-2025,"M/s. Acron Pharmaceuticals, 38/2, Main Road, G.I.D.C, Estate, Naroda, Ahmedabad-382330",The Content of Codeine Phosphate in the sample less (i.e 32.50% of the labelled amount),"B.D. Marewad, FDA Lab, M.S. Chhatrapati Sambhajinagar . Maharashtra State",portal,2025-05_all_nsq.json,162
2025-05,"state:S.K, Jadhav, Pune-Zone 3 , FDA Lab, M.S. Chhatrapati Sambhajinagar . Maharashtra State",nsq,Advanced Pakiza Unani's Golden Knight 125g,PUN45,Nov-2024,Oct-2027,"M/s. Advanced Pakiza Unani LLP, C.C Narpoli, Dist. Thane-302(MS)",1. The sample gives identification for the presence of Sildenafil Citrate. 2. Found Content of Sildenafil in the sample is 33.72 mg/10gm,"S.K, Jadhav, Pune-Zone 3 , FDA Lab, M.S. Chhatrapati Sambhajinagar . Maharashtra State",portal,2025-05_all_nsq.json,163
2025-05,"state:S.K, Jadhav, Pune-Zone 3 , FDA Lab, M.S. Chhatrapati Sambhajinagar . Maharashtra State",nsq,Advanced Pakiza Unani's Golden Knight Cream,PUNC02,Apr-2024,Mar-2027,"M/s. Advanced Pakiza Unani LLP, MH/103279, Narpoli Bhiwandi 302",1. The sample gives identification for the presence of Tadalafil. . 2. Found Content of Tadalafil in the sample is 0.17mg/gm,"S.K, Jadhav, Pune-Zone 3 , FDA Lab, M.S. Chhatrapati Sambhajinagar . Maharashtra State",portal,2025-05_all_nsq.json,164
2025-05,"state:S.K, Jadhav, Pune-Zone 3 , FDA Lab, M.S. Chhatrapati Sambhajinagar . Maharashtra State",nsq,Advanced Pakiza Unani's Golden Knight Capsules,GKC002A,Nov-2023,Oct-2026,"M/s. Advanced Pakiza Unani LLP, MH/105594A",1. The sample gives identification for the presence of Sildenafil Citrate and Tadalafil. 2. Found Content of Sildenafil in the sample is 9.65mg/Cap 3. Found Content of Tadalafil in the sample is 12.77mg/Cap,"S.K, Jadhav, Pune-Zone 3 , FDA Lab, M.S. Chhatrapati Sambhajinagar . Maharashtra State",portal,2025-05_all_nsq.json,165
2025-05,"state:S.K, Jadhav, Pune-Zone 3 , FDA Lab, M.S. Chhatrapati Sambhajinagar . Maharashtra State",nsq,Golden Drive 250gm,GDM002N,Oct-2023,Sep-2026,"M/s. Advanced Pakiza Unani LLP, C.C Narpoli, bhiwandi Dist. Thane-302(MS)",1. The sample gives identification for the presence of Sildenafil Citrate 2. Found Content of Sildenafil in the sample is 8.49mg/10gm,"S.K, Jadhav, Pune-Zone 3 , FDA Lab, M.S. Chhatrapati Sambhajinagar . Maharashtra State",portal,2025-05_all_nsq.json,166
2025-05,"state:V.P. Mahajan, Jalna.  FDA Lab, M.S. Chhatrapati Sambhajinagar . Maharashtra State",nsq,"Aceclofenac, Paracetamol & Serratiopeptidase Tablets (ACIJAN-SP Tablets)",AF-23T683,Oct-2023,Sep-2025,"M/s. Affine Formulations Ltd.1947/3, Vill. Bhatian, Tehsil-Nalagarh, Dist. Solan, 174101 (H.P)",The Content of Serratiopeptidase in the sample is less(i.e 41.54% of lebelled amount),"V.P. Mahajan, Jalna.  FDA Lab, M.S. Chhatrapati Sambhajinagar . Maharashtra State",portal,2025-05_all_nsq.json,167
2025-05,central,nsq,ALBENDAZOLE TABLETS I.P.,PGT24407,Jul-2024,Jun-2027,"M/s. Affy Parenterals, Vill,.Gullarwala, P.O.Baddi, Distt. Solan-173205 (HP)",Dissolution of Albendazole,"RDTL, Chandigarh",portal,2025-05_all_nsq.json,168
2025-05,"state:State Drugs Laboratory, Punjab",nsq,Olanzapine Tablet I.P. (Etimok),ATD-B24020,Feb-2024,Jan-2026,"M/s. Alzan Pharmaceuticals Pvt, Ltd., Nai Wala Road, Bnl-148101.",Uniformity of content,"State Drugs Laboratory, Punjab",portal,2025-05_all_nsq.json,169
2025-05,central,nsq,Pantoprazole for Injection BP 40 mg,AA013026,Jun-2023,May-2025,"M/s. ANG Lifesciences India Ltd., Village: Kishanpura, Nalagarh Road, Tehsil: Baddi, Distt: Solan, HP-174101",Clarity and Colour of Solution,"CDL, Kolkata",portal,2025-05_all_nsq.json,170
2025-05,central,nsq,Pantoprazole for Injection BP 40 mg,AA013043,Aug-2023,Jul-2025,"M/s. ANG Lifesciences India Ltd., Village: Kishanpura, Nalagarh Road, Tehsil: Baddi, Distt. Solan, HP-174101",Clarity and colour of solution,"CDL, Kolkata",portal,2025-05_all_nsq.json,171
2025-05,central,nsq,Pantoprazole for Injection BP 40 mg,AA013047,Sep-2023,Aug-2025,"M/s. ANG Lifesciences India Ltd. Village Kishanpura, Nalagarh Road, Tehsil: Baddi, Distt. Solan, HP-174101",Clarity and Colour of Solution,"CDL, Kolkata",portal,2025-05_all_nsq.json,172
2025-05,"state:State lab , Puducherry",nsq,"Methylcobalamin, Alpha Lipoic Acid, Pyridoxine Hydrochloride, Folic Acid, Inositol & Niacinamide Softgel Capsules (S-Neuro Plus)",SD240762,Apr-2024,Sep-2025,"M/s. Bajaj Nutraceuticals, 328M, Raipur Industrial Area, Bhagwanpur, Roorkee Distt. Haridwar-247661, (U.K.)","(1) For the received sample Methylcobalamin, Alpha Lipoic Acid, Pyridoxine Hydrochloride, Folic Acid, Inositol & Niacinamide Softgel Capsules (S-NEURO PLUS), Leakage of the soft gelatin capsules was observed which should not be present as per rule 124B of the Drugs Rules,1945 (2) Does not comply with respect to test for Desintegration","State lab , Puducherry",portal,2025-05_all_nsq.json,173
2025-05,central,nsq,Cefixime Tablets IP 200 mg,B240875,Jun-2024,May-2026,"M/s. Bochem Healthcare Pvt. Ltd. 83,84 Industrial Area, Dewas Road Nagziri, Ujjain 456010 (M.P.) India",Test of Water,"CDL, Kolkata",portal,2025-05_all_nsq.json,174
2025-05,"state:State Drugs Laboratory, Punjab",nsq,KAAMRAJ (Suspected to contain Sildenafil and Tadalafil (Brahmanands),BAC0003,Jan-2023,Dec-2025,"M/s. Brahmanand Ayurveda (OPC) Pvt. Ltd, Punjab (INDIA)-144020",1) Identification Test for Sildenafil found to be Negative. 2) Identification test for Tadalafil found to be Positive,"State Drugs Laboratory, Punjab",portal,2025-05_all_nsq.json,175
2025-05,central,nsq,Betahistine Dihydrochloride Tablet I.P (CGHEST-8),CT24250284A,May-2024,Apr-2026,"M/s. CMG Biotech Pvt. Ltd (Unit II), Plot No. 58, Phase III, Industrial Area, Sansarpur Terrace, H.P - 176501",Description,CDTL- Indore,portal,2025-05_all_nsq.json,176
2025-05,central,nsq,Buprenorphin Injection I.P. (Noophin Injection ),LM18898,Nov-2022,Oct-2028,"M/s. Cooper Pharma Limited, C-3, Industrial Area, Selaqui, Dehradun-248197 (U.K.).","Related Substances, Particulate matter, Sterility , Assay of Buprenorphine Hydrochloride eq. to Buprenorphine and Description","CDL, Kolkata",portal,2025-05_all_nsq.json,177
2025-05,"state:A.S Kambli Palghar-Zone-1 FDA, Lab Mumbai",nsq,Calcium and Vitamin D3 Tablets IP(Tricum-XT),1240247,Feb-2024,Jul-2025,"M/s. Corona Remedies Pvt Ltd. Village, Jatoli, Post office-Oachghat, Tehsil-Solan, Dist. Solan (H.P) 173223",The Content of Vitamin D3 in the sample is less (i.e. 34.85% of the labelled amount) than the IP limits,"A.S Kambli Palghar-Zone-1 FDA, Lab Mumbai",portal,2025-05_all_nsq.json,178
2025-05,"state:N.S. Bhalerao, Nanded, FDA Lab, M.S. Chhatrapati Sambhajinagar . Maharashtra State",nsq,Ciprofloxacin Hydrochloride Tablets IP 500mg (Cipro-500 Tablets,COP24001,Mar-2024,Feb-2026,"M/s. Danish Healthcare(P) Ltd. 76/27-28, Industrial Estate, Maxi Road, Ujjain-456010",The sample does not comply with I.P requirement for Dissolution,"N.S. Bhalerao, Nanded, FDA Lab, M.S. Chhatrapati Sambhajinagar . Maharashtra State",portal,2025-05_all_nsq.json,179
2025-05,central,nsq,Azithromycin Tablets IP 500 mg,DL-52,Oct-2024,Sep-2026,"M/s. DUTCH Formulations, 32, Industrial Area, Village Johron, Kala-Amb, Tehsil Nahan, District Sirmour, H.P.-17030","Dissolution, Uniformity of weight and Assay of Azithromycin Dihydrate calculated as Azithromycin","RDTL, Chandigarh",portal,2025-05_all_nsq.json,180
2025-05,central,nsq,Rabeprazole Sodium (EC) & Domperidone (SR) Capsules (Dorsai),DYC-24007,Apr-2024,Mar-2026,"M/s. DYCOTT Healthcare, Kh. No-341/1, Vill Dasomajra, P.O. Bhud, Baddi, Distt.-Solan (HP)-173205","Dissolution of Rabeprazole Sodium (acid stage), Dissolution of Rabeprazole Sodium (buffer stage) and Assay of Rabeprazole Sodium","CDL, Kolkata",portal,2025-05_all_nsq.json,181
2025-05,state:DTL Baddi Distt Solan HP,nsq,Dapagliflozin Tablets IP (DAPAWOHN),HT2406181,Jun-2024,May-2026,M/s. Helax Healthcare Private Limited Khasra No.410 Village Karondi Roorkee Distt Haridwar,Assay and Uniformity of Content of Dapagliflozin,DTL Baddi Distt Solan HP,portal,2025-05_all_nsq.json,182
2025-05,"state:King Institute of Preventive Medicine & Research, Guindy, Chennai-32",nsq,Ranitidine Injection IP-2ML,HLI352C,Mar-2024,Feb-2026,"M/s. Himalaya Meditek Pvt Ltd, Plot No.35&36 Pharmacity, Selaqui Industrial Area, Dehradun - 248197",Sample does not conform to requirement for Assay,"King Institute of Preventive Medicine & Research, Guindy, Chennai-32",portal,2025-05_all_nsq.json,183
2025-05,central,nsq,Pantoprazole Tablets IP 40 mg,92,Jul-2024,Jun-2026,"M/s. Hindustan Antibiotics Ltd., Pimpri, Pune-411018, India.",Dissolution and Description,"CDL, Kolkata",portal,2025-05_all_nsq.json,184
2025-05,central,nsq,Buprenorphine Injection I.P. (Talgesic Injection),BUP324002,Jun-2024,May-2026,"M/s. Indus Pharma Pvt. Ltd., A-181, RIICO, Ghiloth, Alwar, Rajasthan, 301705 (India)","Spurious Identification and Assay of Buprenorphine Hydrochloride, Particulate matter and Description","CDL, Kolkata",portal,2025-05_all_nsq.json,185
2025-05,central,nsq,Paracetamol Tablet I.P 500 mg,KA1334,Dec-2023,Nov-2026,"M/s. Karnataka Antibiotics & Pharmaceuticals Limited, Plot No. 37, Site No. 34/4, NTTF Main Road, II Phase, Peenyas Industrial Area, Bengaluru-560058, India",Description,CDTL- Indore,portal,2025-05_all_nsq.json,186
2025-05,"state:A.S Kambli Palghar-Zone-1 FDA, Lab Mumbai",nsq,Halar Cream,HA-292,Jul-2023,Jun-2026,"M/s. Maxheal Pharmaceuticals (I) Ltd. J-7 M.I.D.C Tarapur Industrial Area, Boisar-401506 Maharashtra",The content of Neomycin Sulphate (i.e. 18.80% of the labelled amount),"A.S Kambli Palghar-Zone-1 FDA, Lab Mumbai",portal,2025-05_all_nsq.json,187
2025-05,"state:State Lab,                                       Drugs Control Laboratory,                                                                       Telangana.",nsq,"Ambroxol Hydrochloride, Terbutaline sulphate, Guaiphenesin & Menthol syrup (TEXORIL-AM Syrups),",MXS-9081,Nov-2023,Oct-2025,"M/s. Maxtra Laboratoriestifindustrialpark, Plot No. 105, 105a, 105b, 1st , 2nd, 3rd Floors, Dandumalkapur Vill, Choutuppal Mandal, Tadadri-Bhongir Dist, 508252 Telangana. Mrkt: Trophomed Health Care, House NO.: C-35, Door No: 8-3-222/8/3, Madhura Nagr, S.R. Nagar, Hyderabad - 500038.","The drug failed to indicate the common name of the color contained in the drug on the label of the product, as required by Rule 127(2) of the Drugs Rules, 1945. It was mentioned on the label as Approved Colours used.","State Lab,                                       Drugs Control Laboratory,                                                                       Telangana.",portal,2025-05_all_nsq.json,188
2025-06,"state:State Lab Drugs Control Laboratory, Telangana.",nsq,PYRIL-650 Tablets Paracetamol Tablets IP 650 mg,T25.039,Feb-2025,Jan-2027,"M/s. Oaksun Lifesciences, Plot no. 36,37,38,46 & 47, Chengicherla (V), Medipally(M), Medchal- Malkajgiri (Dist.), T.S.-500092 Telangana","The product Paracetamol Tablets is official in the current edition of the Indian Pharmacopoeia. However, the letters IP is not mentioned on the product title.","State Lab Drugs Control Laboratory, Telangana.",portal,2025-06_all_nsq.json,1
2025-06,central,nsq,Osocip-D Eye/Ear drops Ciprofloxacin & Dexamethasone Eye/Ear drops IP,E240113A,Jan-2024,Dec-2025,"M/s. Oscar Remedies Pvt Ltd., Oscar House, Badi Majra Yamuna Nagar 135001",Content of Ciprofloxacin in the sample is more (i.e 943.33% of the labelled amount) than the permissible limits. 2. identification test for the presence of Dexamethasone Sodium Phosphate. 3. The sample gives high performance liquid chromatographic identification test for the presence of Dexamethasone. 4. The content of Dexamthasone in the sample is 0.078% W/V. 5. Name of the sample: Ciprofloxacin & Dexamethasone Eye/Ear drops IP 2022.,"FDA Lab , Mumbai",portal,2025-06_all_nsq.json,2
2025-06,central,nsq,"Calcium Aspartate, Calcium Orotate, Calcitriol Minerals And Vitamin Tablets",EZF-2107,Nov-2024,Apr-2027,"M/s. Overseas Health Care Pvt. Ltd., 335 Km. Milestone, National Highway No. 1, P.O. Box No. 25, Phillaur - 144 410 (Pb.)","Assay of Calcitriol, Zinc, Magnesium Hydroxide and Folic Acid",CDL Kolkata,portal,2025-06_all_nsq.json,3
2025-06,central,nsq,Diclofenac Sodium Injection IP (ZOR INJ.),P25L265,Feb-2025,Jan-2027,"M/s. Paksons Pharmaceuticals Private Limited, 36, Milestone, Delhi Rohtak Road, Sankhol, Bahadurgarh-124507, Haryana",Extractable Volume,CDL Kolkata,portal,2025-06_all_nsq.json,4
2025-06,central,nsq,Dexamethasone Sodium Phosphate Injection I.P. (Dexacos),P24L220,Dec-2024,Nov-2026,"M/s. Paksons pharmaceuticals Private Limited, 36, Milestone, Delhi Rohtak Road, Sankhol, Bahadurgarh-124507, Haryana","Free Dexamethasone, Particulate matter and Description",CDL Kolkata,portal,2025-06_all_nsq.json,5
2025-06,state:State Lab Karnataka,nsq,Sodium Chloride Injection IP 0.9% w/v (NS),TI204A002,Sep-2024,Aug-2027,"M/s. Puniska Injectables Pvt. Ltd., Plot No.1, Phase III, Honda Industrial Estate, Honda Sattari, Goa-403530, India.,",Sterility,State Lab Karnataka,portal,2025-06_all_nsq.json,6
2025-06,state:State Lab Karnataka,nsq,Sodium Chloride Injection IP 0.9% w/v (NS),TI404B024,Sep-2024,Aug-2027,"M/s. Puniska Injectables Pvt. Ltd., Plot No.1, Phase III, Honda Industrial Estate, Honda Sattari, Goa-403530, India",Sterility,State Lab Karnataka,portal,2025-06_all_nsq.json,7
2025-06,state:State Lab Karnataka,nsq,Sodium Chloride Injection IP 0.9% w/v (NS),UB404B021,Feb-2025,Jan-2028,"M/s. Puniska Injectables Pvt. Ltd., Plot No.1, Phase III, Honda Industrial Estate, Honda Sattari, Goa-403530, India",Sterility,State Lab Karnataka,portal,2025-06_all_nsq.json,8
2025-06,central,nsq,Amoxycillin and Potassium Clavulanate Injection IP,ACP-738A,Sep-2023,Aug-2025,"M/s. Pushkar Pharma, Kheri, Kala-Amb-173030 (H.P.)",Assay of Potassium Clavulanate equivalent to Clavulanic Acid,CDL Kolkata,portal,2025-06_all_nsq.json,9
2025-06,state:State Lab Karnataka,nsq,Frusemide Injection I.P. 2 ml (Rasix Injection),IFMI415,Sep-2024,Aug-2026,"M/s. Regain Laboratories, 134/5 H.T.M. Road., Raipur Lane Hisar- 125001",pH? and Sterility,State Lab Karnataka,portal,2025-06_all_nsq.json,10
2025-06,state:State Lab Karnataka,nsq,Lorazepam Tablets I.P (1 mg),3305,Apr-2024,Mar-2028,"M/s. Reliance Formulation Pvt. Ltd., 7/2-A, G.I.D.C. Estate, Phase- 1 Vatva, Ahemedabad-382445",Assay for Lorazepam? and ?Dissolution Test,State Lab Karnataka,portal,2025-06_all_nsq.json,11
2025-06,central,nsq,Azilium 200 Suspension,SL-508,Feb-2024,Jan-2026,"M/s. SB Lifesciences (An ISO 9001:2015 Certified Co.) Plot no. 32, Sector-6, LLE Pantnagar, Distt. U.S. Nagar, Uttarakhand 263153",Content of Anhydrous Azithromycin,"FDA Lab , Mumbai",portal,2025-06_all_nsq.json,12
2025-06,state:State Lab Karnataka,nsq,Lorazepam Tablets IP 2 mg (Proline-2),05P23T03,Mar-2023,Feb-2027,"M/s. Shine Pharmaceuticals Limited., Plot No. 132, Karjan- Vemardi Road, Juni Jitherdi, Ta. Karjan-391240 Dist: Vadodara (Gujarat)",Assay for Lorazepam,State Lab Karnataka,portal,2025-06_all_nsq.json,13
2025-06,central,nsq,Calcium & Vitamin D3 Tablets IP (Calciven-500),T-240267,Jun-2024,May-2026,"M/s. Sunlife Sciences,, 130, Kurdi, Jhabrera Road, Manglour, Roorkee, Distt. Haridwar (U.K.)",Assay of Vitamin D3,RDTL Guwahati,portal,2025-06_all_nsq.json,14
2025-06,central,nsq,Sitagliptin & Metformin Tablets 50mg + 1000mg (Sitajack-M),T-2672,Sep-2024,Aug-2026,"M/s. Jackson Laboratories Pvt.Ltd. 22-24, Majitha Road, Bye Pass, Amritsar- 143001(India)",Assay of Sitagliptin,CDL Kolkata,portal,2025-06_all_nsq.json,15
2025-06,central,nsq,"Cetacin-150, Paracetamol Injection",TGL11230643,Nov-2024,Oct-2025,"M/s. T & G Medicare Village Kunjahal, PO Baddi, Distt. Solan",50×2ml intact ambered coloured glass ampules received for the analysis. All the samples contain pink coloured solution.,"FDA Lab , Mumbai",portal,2025-06_all_nsq.json,16
2025-06,central,nsq,Ascorbic Acid Injection I.P. (Vitson-C),P25L269,Feb-2025,Jan-2027,"M/s. Paksons Pharmaceuticals Private Limitated, 36, Milestone, Delhi Rohtak Road, Sankhol, Bahadurgarh- 124507, Haryana",Particulate Matter and Description,CDL Kolkata,portal,2025-06_all_nsq.json,17
2025-06,central,nsq,Calcium Gluconate Injection I.P. 10 ml.,MV24B36,Feb-2024,Jan-2026,"M/s. Martin & Brown Bio- Sciences Pvt.Ltd., K.No- 918/419, Malkumajra, Nalagarh Road, Baddi, Dist- Solan, HP-173205","Particulate Matter, Extractable Volume and Description",CDL Kolkata,portal,2025-06_all_nsq.json,18
2025-06,central,nsq,Ketoconazole & Zinc Pyrithione Shampoo (Ketocross Shampoo),L25Y2002,Mar-2025,Feb-2027,"M/s. Om Sai Pharma Pack, Plot No. 38 & 39,Sector- 11,IIE,SIDCUL,Distt. Haridwar, Uttarakhand-249403",Assay of Zinc Pyrithione,CDL Kolkata,portal,2025-06_all_nsq.json,19
2025-06,central,nsq,"Calcium Aspartate, Calcium Orotate, Calcitriol, Minerals and Vitamins Tablets",EZF-2067,Oct-2024,Mar-2027,"M/s. Overseas Health Care Pvt. Ltd. 335 km, Milestone National Highway No. 1 P.O. Box No. 25, Phillaur-144 410(Pb.)","Assay/ Content of Folic Acid, Zinc and Magnesium Hydroxide",CDL Kolkata,portal,2025-06_all_nsq.json,20
2025-06,central,nsq,Adrenaline Bitartrate Injection I.P. 1 ml (Aderson Inj.),P25L262,Feb-2025,Jul-2026,"M/s. Paksons Pharmaceuticals Private Limited, 36, Milestone, Delhi Rohtak Road, Sankhol, Bahadurgarh-124507, Haryana","Particulate Matter, pH and Description",CDL Kolkata,portal,2025-06_all_nsq.json,21
2025-06,central,nsq,Gentamicin Injection IP (Gentacos),P24L199,Dec-2024,Nov-2026,"M/s. Paksons Pharmaceuticals Private Limited, Delhi Rohtak Road, Ganpati Industrial area, Sankhol, Bahadurgarh- 124507(HR), INDIA","Sterility, Particulate Matter and Description",CDL Kolkata,portal,2025-06_all_nsq.json,22
2025-06,central,nsq,Clotrimazole Ear Drops,CLT-214A,Aug-2024,Jul-2026,"M/s. Pushkar Pharma, Kheri, Kala-Amb-173030 (H.P.)",Assay of Clotrimazole,CDL Kolkata,portal,2025-06_all_nsq.json,23
2025-06,central,nsq,Docetaxel Anhydrous IP,DXT2024120 40,Dec-2024,Dec-2026,"M/s. Sanghai Jinhe Bio- Pharmaceutical Co. Ltd. 508, Maodian Road, Qingpu District, Shanghai-201716, China",Water,CDL Kolkata,portal,2025-06_all_nsq.json,24
2025-06,central,nsq,Fosfomycin Phenyl Ethyl Amine,20240901,Dec-2024,Sep-2026,"M/s. Shayamg Qinjiang Chemical, Add:-No. I Qinjing Chemical Park, Shayang Economic Development Zone, Hubei, China, Postal Code- 448200",Specific Optical Rotation,CDL Kolkata,portal,2025-06_all_nsq.json,25
2025-06,central,nsq,Raberpazole (EC) & Domperidone (SR) Capsules (Rabeton-DSR),SC-15114,Oct-2024,Sep-2027,"M/s. Sunvij Drugs Private Limited, 511, GIDC, Waghodia, Baroda-391760, Gujarat",Assay of Rabeprazole Sodium,CDL Kolkata,portal,2025-06_all_nsq.json,26
2025-06,central,nsq,Rabeprazole Sodium Injection I.P.,MD23H23,Aug-2023,Jul-2025,"M/s. Martin & Brown Bio- Sciences Pvt.Ltd., K.No- 918/419, Malkumajra, Nalagarh Road, Baddi, Dist- Solan, HP-173205","pH, Clarity of Solution, Particulate Matter, Assay of Rabeprazole Sodium and Description",CDL Kolkata,portal,2025-06_all_nsq.json,27
2025-06,central,nsq,Infusion Set-NV,KT-071,Nov-2024,Oct-2027,"M/s. Medivision Healthcare, 84/4 Span Industrial complex. Second Floor, Phase-1, F Road, Opp. Kotak Mahindra Bank, G.I. D.C. Vatva, Ahmedabad- 382445",Sterillity,RDTL Guwahati,portal,2025-06_all_nsq.json,28
2025-06,central,nsq,Pantoprazole Gasrro- Resistant and Domperidone Prolonged Release Capsules IP (Prazentasure-DSR Capsules),NC24004,Sep-2024,Aug-2026,"M/s. Nexkem Pharmaceuticals Pvt. Ltd., Plot No.119, HPSIDC Industrial Area Baddi, Dist. Solan (H.P.)-173205",Dissolution of Pantoprazole in Buffer Stage,CDL Kolkata,portal,2025-06_all_nsq.json,29
2025-06,central,nsq,Pantoprazole Tablets IP 20 mg (Opipan- 20),23G-T1503,Oct-2023,Sep-2025,"M/s. Orison Pharma International, Vill. Khari, Mauza Ogli, Kala Amb, Distt. Sirmour - 173030 (H.P.)",Dissolution in Acid Stage & Description,RDTL Guwahati,portal,2025-06_all_nsq.json,30
2025-06,central,nsq,Ondansetron Injection IP (Ondson Inj.),P24L189,Nov-2024,Oct-2026,"M/s. Paksons Pharmaceuticals Private Limited, 36, Milestone, Delhi Rohtak Road, Sankhol, Bahadurgarh-124507, Haryana",Particulate Matter and Description,CDL Kolkata,portal,2025-06_all_nsq.json,31
2025-06,central,nsq,Rabeprazole Sodium Injection IP,MD23H12,Aug-2023,Jul-2025,"M/s. Martin & Brown Bio- Sciences Pvt.Ltd., K.No- 918/419, Malkumajra, Nalagarh Road, Baddi, Dist- Solan, HP-173205","pH, Clarity of Solution, Uniformity of Weight, Particulate Matter and Assay of Rabeprazole Sodium",CDL Kolkata,portal,2025-06_all_nsq.json,32
2025-06,central,nsq,Colestyramine BP,SB43/001M/ 24,Jul-2024,Jul-2029,"M/s. Phaex Polymers Private Limited Plot No. : F-10, MIDC, Murbad, Dist- Thane-421401, Maharastra.",Loss on drying,CDTL Mumbai,portal,2025-06_all_nsq.json,33
2025-06,central,nsq,Cholestyramine Resin USP,SB45/001M/ 24,Jul-2024,Jul-2029,"M/s. Phaex Polymers Private Limited Plot No. : F-10, MIDC, Murbad, Dist- Thane-421401, Maharastra.",Loss on drying,CDTL Mumbai,portal,2025-06_all_nsq.json,34
2025-06,central,nsq,Colestyramine EP,SB48/001M/ 24,Jul-2024,Jul-2029,"M/s. Phaex Polymers Private Limited Plot No. : F-10, MIDC, Murbad, Dist- Thane-421401, Maharastra.",Loss on drying,CDTL Mumbai,portal,2025-06_all_nsq.json,35
2025-06,central,nsq,Sodium Polystyrene Sulfonate EP,SC42/048M/ 24,Jul-2024,Jul-2029,"M/s. Phaex Polymers Private Limited Plot No. : F-10, MIDC, Murbad, Dist- Thane-421401, Maharastra.",Loss on drying,CDTL Mumbai,portal,2025-06_all_nsq.json,36
2025-06,central,nsq,Sodium Polystyrene Sulfonate USP,SC25/048M/ 24,Jul-2024,Jul-2029,"M/s. Phaex Polymers Private Limited Plot No. : F-10, MIDC, Murbad, Dist- Thane-421401, Maharastra.",Water determination,CDTL Mumbai,portal,2025-06_all_nsq.json,37
2025-06,central,nsq,Sodium Polystyrene Sulfonate BP,SC27/048M/ 24,Jul-2024,Jul-2029,"M/s. Phaex Polymers Private Limited Plot No. : F-10, MIDC, Murbad, Dist- Thane-421401, Maharastra.",Loss on drying,CDTL Mumbai,portal,2025-06_all_nsq.json,38
2025-06,state:State Lab Karnataka,nsq,"Iron Sucrose Injection USP (Irolink Injection),",L0372321C,Oct-2023,Sep-2025,"M/s. Protech Telelinks, Mauza Ogli, Suketi Road Kala Amb, Distt. Sirmour-173030 (H.P)",Sterility,State Lab Karnataka,portal,2025-06_all_nsq.json,39
2025-06,state:State Lab Karnataka,nsq,"Salbrox-Xl Syrup (Ambroxol, Levosalbutamol, Guaiphenesin & Menthol Syrup)",BTB2404,Oct-2024,Sep-2026,"M/s. MMC Healthcare Ltd., No.34- B, SIDCO Industrial Estate, Thirumazhisai, Chennai-600124,",Description,State Lab Karnataka,portal,2025-06_all_nsq.json,40
2025-06,state:State Lab Karnataka,nsq,Dextrose Injection I.P 5% w/v (D5),04BF0660,Sep-2023,Aug-2026,"M/s. Paschim Banga Pharmaceuticals, (A Unit of Farista Vanijya Pvt. Ltd), NH-31, TIN MILE HAT, Sonapur HAT, PS. Chopra Dist. Uttar Dinajpur- 733214 (W.B)",Sterility,State Lab Karnataka,portal,2025-06_all_nsq.json,41
2025-06,state:State Lab Karnataka,nsq,Sodium Chloride Injection I.P (0.9%w/v)NS,01AF0301,Dec-2023,Nov-2026,"M/s. Paschim Banga Pharmaceuticals, (A Unit of Farista Vanijya Pvt. Ltd), NH-31, TIN MILE HAT, Sonapur HAT, PS. Chopra Dist. Uttar Dinajpur- 733214 (W.B)",Sterility,State Lab Karnataka,portal,2025-06_all_nsq.json,42
2025-06,state:State Lab Karnataka,nsq,"Dexamethasone Tablets I.P.0.5 mg,",PP/190,Jun-2024,May-2026,"M/s. Penta Pharmaceuticals, Plot No.16/2/3, Shakti Ind. Est. Rakholi, Silvassa-396230. India",Assay of Dexamethasone,State Lab Karnataka,portal,2025-06_all_nsq.json,43
2025-06,state:State Lab Karnataka,nsq,Sodium Chloride Injection I.P (NS),24EC721,Jul-2024,Jun-2026,"M/s. Pentagon Labs Ltd., 16C/16D, Industrial Area No.1, A.B. Road, Dewas-455001 (M.P)",Sterility,State Lab Karnataka,portal,2025-06_all_nsq.json,44
2025-06,state:State Lab Karnataka,nsq,Atropine Sulphate Injection I.P (Curopine),AS-1460,Jan-2025,Dec-2026,"M/s. Pharma Cure Laboratories, Garha, Jalandhar-144022,",Sterility,State Lab Karnataka,portal,2025-06_all_nsq.json,45
2025-06,state:State Lab Karnataka,nsq,ByGo Solution (Povidone Iodine Solution IP),NM860,Jul-2024,Jun-2026,"M/s. Neptune Life Science Pvt Ltd., 100-B, EPIP, Phase-II, Thana, Baddi-173205 (H.P) India",pH & Assay,State Lab Karnataka,portal,2025-06_all_nsq.json,46
2025-06,state:State Lab Karnataka,nsq,Sodium Chloride Injection IP 0.9% w/v (NS),TL504E006,Nov-2024,Oct-2027,"M/s. Puniska Injectables Pvt. Ltd., Plot No.1, Phase III, Honda Industrial Estate, Honda Sattari, Goa-403530, India.",Sterility,State Lab Karnataka,portal,2025-06_all_nsq.json,47
2025-06,state:State Lab Karnataka,nsq,Sodium Chloride Injection IP 0.9% w/v (NS),UA404B021,Jan-2025,Dec-2027,"M/s. Puniska Injectables Pvt. Ltd., Plot No.1, Phase III, Honda Industrial Estate, Honda Sattari, Goa-403530, India",Sterility,State Lab Karnataka,portal,2025-06_all_nsq.json,48
2025-06,state:State Lab Karnataka,nsq,Albendazole Tablets IP 400 mg,ZL70,Oct-2023,Sep-2026,"M/s. Mahendra Labs Pvt. Ltd., 371 & 372, 4th Phase , Peenya Industrial Area, Bengaluru-560058",Dissolution,State Lab Karnataka,portal,2025-06_all_nsq.json,49
2025-06,state:State Lab Karnataka,nsq,Ciprox-TZ Suspension - Vet (Ciprofloxacin and Tinidazole Oral Suspension),CTL184,Oct-2024,Sep-2026,"M/s. Mahendra Labs Pvt. Ltd.,371 & 372, 4th Phase , Peenya Industrial Area, Bengaluru-560058",Assay for Tinidazole,State Lab Karnataka,portal,2025-06_all_nsq.json,50
2025-06,state:State Lab Karnataka,nsq,Sodium Chloride Injection IP 0.9% w/v (NS),TL104A060,Nov-2024,Oct-2027,"M/s. Puniska Injectables Pvt. Ltd., Plot No.1, Phase III, Honda Industrial Estate, Honda Sattari, Goa-403530, India",Sterility,State Lab Karnataka,portal,2025-06_all_nsq.json,51
2025-06,state:State Lab Karnataka,nsq,Cyanocobalamin I.P.- Cynoder Injection I.P. (VITAMIN B12 INJ),AM-362,Oct-2024,Sep-2026,"M/s. SVP Life Sciences, C/10-1, Sara Industrial Estate Selaqui, Dehradun, Uttarakhand",Sterility? and ?Assay for Anhydrous Cyanocobalamin,State Lab Karnataka,portal,2025-06_all_nsq.json,52
2025-06,central,nsq,Co-Trimoxazole Tablets IP 480mg,MT403,Jan-2024,Dec-2026,"M/s.Maxwell Life Science Pvt. Ltd, T-53 & T-81, M.I.D.C, Tarapur, Boisar, Dist.Palghar, 401506",Dissolution for Sulphamethoxazole,CDTL Chennai,portal,2025-06_all_nsq.json,53
2025-06,state:State Lab Karnataka,nsq,Rodal 650 (Paracetamol IP 650 mg Tablets),ARDL-6-2403,Sep-2024,Aug-2027,"M/s. Konis Pharmaceuticals Pvt. Ltd., Jagriti Sadan, Subathu Road, Solan-173212 (H.P)","Dissolution of Tablets, Uniformity of weight and content of Paracetamol in the Assay",State Lab Karnataka,portal,2025-06_all_nsq.json,54
2025-06,central,nsq,Labetalol Tablets IP 100mg,LA1TE012,Aug-2024,Jul-2026,"M/s.Unicure India Ltd, Plot No.46(B)/49B, Vill, Raipur, Bhawanpur, Roorkee, Distt, Haridwar, Uttarakhand",Dissolution of Labetalol Hydrochloride Tablets,CDTL Chennai,portal,2025-06_all_nsq.json,55
2025-06,state:DTL Srinagar (J&K) & MDTL Kathua (J&K),nsq,Paracetamol Tablets IP ( 500mg) Jan Aushadhi,PCT1208,Aug-2024,Jul-2026,"M/s.Unicure India Ltd, C-21, 22& 23, Sector-3, Noida-201301 Distt. Gautam Budh Nagar (UP). Mkt by: Pharmaceuticals and Medical Devices Bureau of India (PMBI) 8th Floor, Videocon Tower, Block E-1, Jhandewalan Extension, New Delhi-110055.",Dissolution test of paracetamol.,DTL Srinagar (J&K) & MDTL Kathua (J&K),portal,2025-06_all_nsq.json,56
2025-06,"state:State Drugs Laboratory, Punjab",nsq,Zinc Sulphate Dispersible Tablets IP,MT14501,Apr-2025,Mar-2027,"M/s. McW Healthcare (P) Ltd., 286 287A 287B Sector E Industrial Area Sanwer Road Indore 452015 (M.P.)",1. Uniformity Of Dispersion. 2. Disintegration Test (Some of the tablets disintegrates in the range of 4 minute to 7 minute against I.P limit of max. 60 seconds).,"State Drugs Laboratory, Punjab",portal,2025-06_all_nsq.json,57
2025-06,"state:State Drugs Laboratory, Punjab",nsq,Zinc Sulphate Dispersible Tablets IP (N/A),MT14501,Apr-2025,Mar-2027,"M/s. McW Healthcare (P) Ltd., 286, 287-A, 287-B Sector E, Industrial Area, Sanwer Road, Indore (M.P.) India",1.Disintegration Test (Some of the tablets disintegrated after 4 min against the IP limit of NMT 60 Seconds).Uniformity Of Dispersion,"State Drugs Laboratory, Punjab",portal,2025-06_all_nsq.json,58
2025-06,"state:State Lab Drugs Control Laboratory, Telangana.",nsq,Leofenac-TH4 Tablets Aceclofenac & Thiocolchicoside tabets,T25-054,Feb-2025,Jan-2027,"M/s. Oaksun Lifesciences, Plot no. 36,37,38,46 & 47, Chengicherla (V), Medipally(M), Medchal- Malkajgiri (Dist.), T.S.-500092 Telangana",The drug failed to indicate the common name of the Colour used in the Drug on the product label.,"State Lab Drugs Control Laboratory, Telangana.",portal,2025-06_all_nsq.json,59
2025-06,central,nsq,P.D. Col Eye ointment IP 1% w/w,2023-113,Aug-2023,Jul-2025,"M/s. Packsules 45, Keshar Bagh Road, Indore Madhya Pradesh- 452009",Uniformity of Weight.,"FDA Lab , Mumbai",portal,2025-06_all_nsq.json,60
2025-06,central,nsq,Regimen Hand Rub Aloevera 70% Alcohol,HSAL0050,Oct-2024,Oct-2026,"M/s. Chemstellar Chemicals Pvt Ltd. Plot No. 215, GR. Fl. Steel warehousing Comp. Kalamboli, Panvel, Raigad, Kalamboli-410208","1. The sample gives GC identification test for the presence of Methanol. 2. The sample does not give GC identification test for the presence of Ethanol, 1- Propanol & 2-Propanol. 3. The sample contains 51.80% v/v of Methanol.","FDA Lab , Mumbai",portal,2025-06_all_nsq.json,61
2025-06,central,nsq,Azi. XL 200(Azithromycin Oral Suspension IP),GLE0901,Aug-2025,Jul-2026,"M/s. Digital Vision 176, Mauza Ogli, Nahan Road, Kala Amb, Dist. Sirmour (H.P) 173030",Content of Anhydrous Azithromycin,"FDA Lab , Mumbai",portal,2025-06_all_nsq.json,62
2025-06,central,nsq,Elcares Metronidazole 400(Metronidazole tablets IP 400 mg,MTE-22004,Feb-2023,Jan-2026,"M/s. Neutech Healthcare private ltd. E-698 ,DSIDC, Narela, Industrail, Delhi- 110040",Dissolution test.,"FDA Lab , Mumbai",portal,2025-06_all_nsq.json,63
2025-06,central,nsq,Oscorcip-D Eye/Ear Drops,E24020A,Feb-2024,Jan-2026,"M/s. Oscar Remedies Pvt Ltd., Oscar House, Badi Majra Yamuna Nagar Haryaana 135001",1. The content of Ciprofloxacin in the sample is more (i.e 1023.33% of the labelled amount) than the permissible limits. 2. The sample does not give HPLC identification test for the presence of Dexamethasone sodium phosphate. 3. The sample gives HPLC identification test for the presence of Dexamethasone. 4. The content of Dexamethasone in the sample is 0.066% w/v 5 . Test for the sterility.,"FDA Lab , Mumbai",portal,2025-06_all_nsq.json,64
2025-06,central,nsq,Nitrofurantoin Tablets I.P 100 mg,NFDT1201,Oct-2024,Sep-2026,"M/s. Unicure India Ltd., C - 21, 22 & 23, Sector- 3, Noida - 201301, Distt. : Gautam Budh Nagar (U.P.)",Dissolution,CDTL Indore,portal,2025-06_all_nsq.json,65
2025-06,central,nsq,Pantoprazole Sodium for Injection (K Pan-IV Injection),GD24L-27H,Dec-2024,Nov-2026,"M/s. Vellinton Healthcare, Trilokpur Road,Vill-Rampur Jattan, Kala-Amb-173030 Distt. Sirmour (H.P.)",Sterility,CDL Kolkata,portal,2025-06_all_nsq.json,66
2025-06,state:State Lab Karnataka,nsq,Epproz-50 (Eperisone HCI Tablets),VEOT-2401,Mar-2024,Feb-2026,"M/s. Verax Life Science Pvt Ltd., Khasra No. 435, Village suraj Majra, N.H.21, Baddi, Tehsil Nalagarh, Dist Solan, H.P-173205. India",Assay and Dissolution test for Eperisone HCl,State Lab Karnataka,portal,2025-06_all_nsq.json,67
2025-06,state:State Lab Karnataka,nsq,CIPLOXVET BOLUS (Cephalexin Bolus 1500 mg),CPT-24007,Nov-2024,Oct-2027,"M/s. Vet-needa Labs, #4, Karihobanahalli Village, Adjacent to Maruti Indl. Town, Peenya 3rd Stage, 4th Block,Bengaluru-560058",Disintegration,State Lab Karnataka,portal,2025-06_all_nsq.json,68
2025-06,central,nsq,"Vitamin C Injection IP and Vitamin B12, Folic Acid and Niacinamide Injection (Eldervit B 12)",VHI034047,Aug-2024,Jul-2026,"M/s. Vidit Healthcare, Village Kishanpura, Paonta Sahib, Distt. Sirmour, H.P.-173025",Particulate Matter and Description,CDL Kolkata,portal,2025-06_all_nsq.json,69
2025-06,state:State Lab Karnataka,nsq,Paracetamol Tablets IP 500mg,PCTJ23058,Nov-2023,Oct-2025,"M/s. Vivek Pharmachem (India) LTD, EPIP, Bari- Brahmana, Jammu-181133",Description,State Lab Karnataka,portal,2025-06_all_nsq.json,70
2025-06,state:State Lab Karnataka,nsq,Ciprofloxacin Hydrochloride Tablets IP 250 mg.,CPT24046,Jul-2024,Jun-2026,"M/s. Vivek Pharmachem (India) Ltd., NH-8, Chimanpura, Amer, Jaipur-302028",Dissolution,State Lab Karnataka,portal,2025-06_all_nsq.json,71
2025-06,state:State Lab Karnataka,nsq,Telmisartan and Hydrochlorothizide Tablets I.P (40mg/12.5mg),TMHT-1037,Oct-2023,Sep-2026,"M/s. Wings Biotech LLP, 43 & 44, HP SIDC, Industrial Area, Baddi- 173205 (H.P)",Uniformity of Weight,State Lab Karnataka,portal,2025-06_all_nsq.json,72
2025-06,state:State Lab Karnataka,nsq,Telmisartan and Hydrochlorothiazide Tablets I.P (40mg/12.5 mg),TMHT-1012,Sep-2023,Aug-2026,"M/s. Wings Biotech LLP, 43 & 44, HP SIDC, Industrial Area, Baddi- 173205 (H.P)",Uniformity of weight,State Lab Karnataka,portal,2025-06_all_nsq.json,73
2025-06,state:State Lab Karnataka,nsq,Telmisartan and Hydrochlorothiazide Tablets I.P. (40mg/12.5mg),TMHT1046,Oct-2023,Sep-2026,"M/s. Wings Biotech LLP, 43 & 44, HP SIDC, Industrial Area, Baddi- 173205 (H.P)",Uniformity of Weight,State Lab Karnataka,portal,2025-06_all_nsq.json,74
2025-06,central,nsq,Glipizide & Metformin Tablets I.P,Z24-011,Jan-2024,Dec-2026,"M/s. Zee Laboratories Ltd., Behind 47, Industrial Area, Paonta sahib - 173025",Description,CDTL Indore,portal,2025-06_all_nsq.json,75
2025-06,central,nsq,Tranexamic Acid Injection IP 500 mg/5ml,Z24-185,Feb-2024,Jan-2026,"M/s. Zee Laboratories Ltd., Behind 47, Industrial Area, Paonta Sahib-173025",Related Substances and Assay of Tranexamic Acid,CDL Kolkata,portal,2025-06_all_nsq.json,76
2025-06,state:State Lab Karnataka,nsq,"Coxmyth-60 Tablets, (Etoricoxib Tablets IP 60mg)",ZRST-1325,Jul-2024,Jun-2026,"M/s. ZRS Pharmaceuticals India Pvt. Ltd, Khasra No 481,490/3, 562/489/1, Opposite Sector-6, Tehsil Kasauli, Parwanoo, Solan, Himachal Pradesh",Assay for Etoricoxib,State Lab Karnataka,portal,2025-06_all_nsq.json,77
2025-06,central,nsq,Cifdoz-500 (Ciprofloxacin Hydrochloride Tablets IP),APGT24513,,Jun-2026,"M/s.Alpex Pharma Pvt. Ltd. Vill. Ogli Suketi Road, Kala Amb Distt. Sirmour H.P.",Dissolution of Ciprofloxacin Hydrochloride,"CDSCO, Sub Zone, Baddi",portal,2025-06_all_nsq.json,78
2025-06,central,nsq,Lycitra MK Montelukast with Levocetirizine Dihydrochloride Syrup,D-0241,Nov-2023,Oct-2025,"M/s.Animus Healthcare30, Shubhlaxmi, Ind. Estate, Opp Sanket, Estate at Moraiya Ta: Sanand, Ahmedabad-3882213, Gujarat",The content of Montelukast (i.e 17.18% of the labelled amount) is less than the schedule V limit (Schedule V limit- 90%-110% of the labelled amount),"FDA Lab , Mumbai",portal,2025-06_all_nsq.json,79
2025-06,central,nsq,Azithromycin Tablets IP 500 mg.,AYC-2407,Jan-2024,Dec-2025,"M/s.Apple Formulations Pvt. Ltd., Plot No.208, Kishanpur, Roorkee- 247667(U.K.)",Dissolution of Azithromycin,RDTL Guwahati,portal,2025-06_all_nsq.json,80
2025-06,state:DTL Madurai,nsq,Vitamin B Complex with vitamin C (softgels),G03724,Apr-2024,Mar-2026,"M/s.Asoj Soft Caps Pvt Ltd, Asoj. Baroda-Halol Highway, Dist. Baroda-391510.Gujarat.",Content of all soft gelatine capsule have leaked and adhere to the strips making it impossible to take average net content,DTL Madurai,portal,2025-06_all_nsq.json,81
2025-06,state:DTL Madurai,nsq,Azithromycin Suspension IP,BGL24257,Oct-2024,Sep-2026,"M/s.Bestcare Formulations Pvt Ltd, Plot No.B-15 & 16, PIPDIC Electronic Park, Thirubhuvanai, Puducherry-605107",pH and the content of Azithromycin.,DTL Madurai,portal,2025-06_all_nsq.json,82
2025-06,state:State Lab Puducherry,nsq,Aceclofenac 100mg & Paracetamol 325 mg Tablets (Acejent P),MVT-1528,Mar-2025,Feb-2027,"M/s.Bonn Schtering Bio Sciences, Plot No.:64 & 65, 1 st Floor, Electronic Park, Thirubuvanai, Mannadipet Commune, Puducherry-605 107","The sample received is labelled as Aceclofenac 100mg & Paracetamol 325 mg Tablets (Acejent P), however Aceclofenac & Paracetamol Tablets is an official IP monograph (IP Addendum 2024) hence should be labelled as Aceclofenac & Paracetamol Tablets IP.",State Lab Puducherry,portal,2025-06_all_nsq.json,83
2025-06,central,nsq,Sepsadone 5% Ointment (Povidone-Iodine Ointment USP 5.0%w/w),DP-4259,Aug-2024,Jul-2026,"M/s.Daffohils Laboratories Pvt Ltd, F-109-110, UPSIDC Industrial Area, Selaqui, Dehradun (U.K). 248011, (India).",Content of Available Iodine in Povidone-Iodine,CDTL Chennai,portal,2025-06_all_nsq.json,84
2025-06,state:DTL Madurai,nsq,Aceclofenac Tablets IP 100mg,AF24009,Sep-2024,Aug-2026,"M/s.Eurokem Laboratories Pvt ltd, C-25, SIDCO Pharmaceutical Complex, Alathur, Thiruporur, 603110.",Content of Aceclofenac,DTL Madurai,portal,2025-06_all_nsq.json,85
2025-06,state:State Lab Puducherry,nsq,Fluoxetine Capsules IP 20mg (Floxros-20 Capsules),SC-24286,Dec-2024,Nov-2026,"M/s.For Maxford Healthcare by Stafford Laboratories Pvt. Ltd., 143, Ranipur Ind. Area, Bhagwanpur, Roorkee, (UK)","The label on the innermost container of the received Fluoxetine Capsules IP 20mg,sample does not mentioned the ""Manufacturing Licence Number?, which is required to be preceded by the words ""Manufacturing Licence Number' or ""Mfg.Lic.No"" or ""M.L""",State Lab Puducherry,portal,2025-06_all_nsq.json,86
2025-06,central,nsq,Telmisartan Tablets IP 40 mg,TLL-504,Jan-2025,Dec-2026,"M/s.Healers Lab Unit II, Plot No. 33, H.P.S.I.D.C., Extn.,Baddi, Distt-Solan (H.P)",Dissolution of Telmisartan,RDTL Guwahati,portal,2025-06_all_nsq.json,87
2025-06,central,nsq,Telmisartan Tablets IP 40 mg,TLL-503,Jan-2025,Dec-2026,"M/s.Healers Lab Unit II, Plot No. 33, H.P.S.I.D.C., Extn.,Baddi, Distt-Solan (H.P)",Dissolution of Telmisartan,RDTL Guwahati,portal,2025-06_all_nsq.json,88
2025-06,"state:State Drugs Laboratory, Punjab",nsq,Mecobalamin Tablets (Methycobal),156905,Jan-2025,Dec-2027,"M/s.Hilton Pharma (Pvt.) Ltd., Plot No. 13-14, Sector 15, Korangi Industrial Area, Karachi","Nature of Tablets Such as Uncoated, Sugar Coated or Film Coated not Declared on The Label","State Drugs Laboratory, Punjab",portal,2025-06_all_nsq.json,89
2025-06,state:DTL Madurai,nsq,Dicyclomine Tablets IP,THY24010AL,Aug-2024,Jul-2026,"M/s.Hindustan Laboratories Limited, Plot No. 5-9, Survey No.38/2, Aliyali, Palghar (W), Dist. Palghat 401404 (M.S)",Description.,DTL Madurai,portal,2025-06_all_nsq.json,90
2025-06,central,nsq,"DKOF-LA Syrup (Ambroxol Hydrochlorie, Levocetirizine Hydrochloride, Guiaphenesin & Menthol Syrup)",L1774009,Sep-2024,Aug-2026,"M/s.Innova Cap Tab Ltd, 1281/1, Hiltop Industrial Estate, Near EPIP, Phase-1, Jharmajri, Baddi, District Solan (H.P), India",Content of Ambroxol Hydrochloride,CDTL Chennai,portal,2025-06_all_nsq.json,91
2025-06,state:DTL Madurai,nsq,Macro Ampicloxa (Ampicillin & Cloxacillin Capsules),C-20404,Feb-2024,Jan-2026,"M/s.Jackson Laboratories Pvt.Ltd, Plot No,56&61, Industrial Area, Phase-III, Sansarpur, Terrace (H.P)",Content of Ampicillin in Ampicillin Trihydrate and Cloxacillin in Cloxacillin Sodium,DTL Madurai,portal,2025-06_all_nsq.json,92
2025-06,state:DTL Madurai,nsq,Clonit-S (Clobetasol Propionate and Salicylic Acid Ointment),CS48,Nov-2024,Oct-2027,"M/s.Karlin Pharmaceuticals & Exports Private Limited, No.2/140, Indira Nagar, Valasaravakkam, Chennai-600087",Content of Clobetasol Propionate and Salicylic Acid,DTL Madurai,portal,2025-06_all_nsq.json,93
2025-06,"state:State Drugs Laboratory, Punjab",nsq,TELMISARTAN and AMLODIPINE Tablets IP (Venpres-40 AM),VAM401K,Nov-2024,Oct-2026,"M/s.Leeford Healthcare Ltd. Plot No. 5, Apparel Park-cum- Industrial Area, Katha, Baddi, Distt. Solan 173205 (H.P), India",Description,"State Drugs Laboratory, Punjab",portal,2025-06_all_nsq.json,94
2025-06,"state:State Drugs Laboratory, Punjab",nsq,Calcium and Vitamin D3 Tablets IP,MT-25D59,Apr-2025,Mar-2027,"M/s.Martin & brown bio-sciences pvt. Ltd, K.No.918/419, Malkumajra, Nalagarh Road, Baddi, Distt. Solan (H.P.)-173205",Description,"State Drugs Laboratory, Punjab",portal,2025-06_all_nsq.json,95
2025-06,"state:State Drugs Laboratory, Punjab",nsq,Calcium and Vitamin D3 Tablets IP,MT-25D57,Apr-2025,Mar-2027,"M/s.Martin & brown bio-sciences pvt. Ltd, K.No.918/419, Malkumajra, Nalagarh Road, Baddi, Distt. Solan (H.P.)-173205",Description,"State Drugs Laboratory, Punjab",portal,2025-06_all_nsq.json,96
2025-06,"state:State Drugs Laboratory, Punjab",nsq,Calcium and Vitamin D3 Tablets IP,MT-25D55,Apr-2025,Mar-2027,"M/s.Martin & brown bio-sciences pvt. Ltd, K.No.918/419, Malkumajra, Nalagarh Road, Baddi, Distt. Solan (H.P.)-173205",Description,"State Drugs Laboratory, Punjab",portal,2025-06_all_nsq.json,97
2025-06,"state:State Drugs Laboratory, Punjab",nsq,Calcium and Vitamin D3 Tablets IP,MT-25D62,Apr-2025,Mar-2027,"M/s.Martin & brown bio-sciences pvt. Ltd, K.No.918/419, Malkumajra, Nalagarh Road, Baddi, Distt. Solan (H.P.)-173205",Description,"State Drugs Laboratory, Punjab",portal,2025-06_all_nsq.json,98
2025-06,"state:State Drugs Laboratory, Punjab",nsq,Calcium and Vitamin D3 Tablets IP,MT-25D63,Apr-2025,Mar-2027,"M/s.Martin & brown bio-sciences pvt. Ltd, K.No.918/419, Malkumajra, Nalagarh Road, Baddi, Distt. Solan (H.P.)-173205",Description,"State Drugs Laboratory, Punjab",portal,2025-06_all_nsq.json,99
2025-06,"state:State Drugs Laboratory, Punjab",nsq,Calcium and Vitamin D3 Tablets IP,MT-25D58,Apr-2025,Mar-2027,"M/s.Martin & brown bio-sciences pvt. Ltd, K.No.918/419, Malkumajra, Nalagarh Road, Baddi, Distt. Solan (H.P.)-173205",Description,"State Drugs Laboratory, Punjab",portal,2025-06_all_nsq.json,100
2025-06,"state:State Drugs Laboratory, Punjab",nsq,Calcium and Vitamin D3 Tablets IP,MT-25D74,Apr-2025,Mar-2027,"M/s.Martin & Brown Bio-Sciences Pvt. Ltd., K.NO.918/419, Malkumajra, Nalagarh Road, Baddi, Distt. Solan (H.P.)-173205",Description,"State Drugs Laboratory, Punjab",portal,2025-06_all_nsq.json,101
2025-06,"state:State Drugs Laboratory, Punjab",nsq,Calcium and Vitamin D3 Tablets IP,MT-25D71,Apr-2025,Mar-2027,"M/s.Martin & Brown Bio-Sciences Pvt. Ltd., K.NO.918/419, Malkumajra, Nalagarh Road, Baddi, Distt. Solan (H.P.)-173205",Description,"State Drugs Laboratory, Punjab",portal,2025-06_all_nsq.json,102
2025-06,"state:State Drugs Laboratory, Punjab",nsq,Calcium and Vitamin D3 Tablets IP,MT-25D82,Apr-2025,Mar-2027,"M/s.Martin & Brown Bio-Sciences Pvt. Ltd., K.NO.918/419, Malkumajra, Nalagarh Road, Baddi, Distt. Solan (H.P.)-173205",Description,"State Drugs Laboratory, Punjab",portal,2025-06_all_nsq.json,103
2025-06,"state:State Drugs Laboratory, Punjab",nsq,Calcium and Vitamin D3 Tablets IP,MT-25D81,Apr-2025,Mar-2027,"M/s.Martin & Brown Bio-Sciences Pvt. Ltd., K.NO.918/419, Malkumajra, Nalagarh Road, Baddi, Distt. Solan (H.P.)-173205",Description,"State Drugs Laboratory, Punjab",portal,2025-06_all_nsq.json,104
2025-06,"state:State Drugs Laboratory, Punjab",nsq,Calcium & Vitamin D3 Tablets I.P,MT-25D56,Apr-2025,Mar-2027,"M/s.Martin & Brown Bio-Sciences Pvt. Ltd., K.NO.918/419, Malkumajra, Nalagarh Road, Baddi, Distt. Solan (H.P.)-173205",Description,"State Drugs Laboratory, Punjab",portal,2025-06_all_nsq.json,105
2025-06,"state:State Drugs
Laboratory, Punjab",nsq,Calcium and Vitamin D3 Tablets IP,MT-25D60,Apr-2025,Mar-2027,"M/s.Martin & brown bio-sciences pvt. Ltd, K.No.918/419,Malkumajra, Nalagarh Road, Baddi, Distt. Solan (H.P.)-173205",Description,"State Drugs
Laboratory, Punjab",portal,2025-06_all_nsq.json,106
2025-06,"state:State Drugs
Laboratory, Punjab",nsq,Calcium and Vitamin D3 Tablets IP,MT-25D72,Apr-2025,Mar-2027,"M/s.Martin & Brown Bio-Sciences Pvt. Ltd., K.NO.918/419,Malkumajra, Nalagarh Road, Baddi, Distt. Solan (H.P.)-173205",Description,"State Drugs
Laboratory, Punjab",portal,2025-06_all_nsq.json,107
2025-06,state:State Lab Puducherry,nsq,Pantoprazole Sodium Gastro Resistant Tablets IP 40mg (Panzo 40),MP-240840,Oct-2024,Sep-2026,"M/s.Medistark Biotech Pvt Ltd., R.S.No. 68/4,68/10, Sri Srinivasapauram, Agasampattu, Vanur Tk,Tamilnadu - 605 111","For the received sample, label is mentioned as ?Approved colour used?",State Lab Puducherry,portal,2025-06_all_nsq.json,108
2025-06,state:State Lab Puducherry,nsq,Rabeprazole Sodium Gastro Resistant Tablets IP 20mg (Rabilax),MP-241462,Mar-2025,Feb-2027,"M/s.Medistarkbiotech Pvt. Ltd., R.S.No. 68/4, 68/10, Sri Srinivasapuram, Agasampattu, Vanur Tk, Tamilnadu-605111",Disintegration.,State Lab Puducherry,portal,2025-06_all_nsq.json,109
2025-06,central,nsq,Calamine Lotion IP,2451,Jul-2024,Jun-2026,"M/s.Oscar Remedies Pvt Ltd, Oscar House, Badi Majra, Yamuna Nagar- 135001 (HR)",Content of zinc oxide,CDTL Chennai,portal,2025-06_all_nsq.json,110
2025-06,"state:State Drugs Laboratory, Punjab",nsq,Nortriptyline HCI B.P (Sensival 25MG Tablets),926,Nov-2024,Nov-2027,"M/s.Pharmedic Laboratories (Pvt.) Ltd., 16km, Multan Road, Lahore","1.) Name Of Colour Added Not Declared On The Strips. 2.) nature of tablets such as uncoated, sugar coated or film coated not declared on the strips.","State Drugs Laboratory, Punjab",portal,2025-06_all_nsq.json,111
2025-06,"state:State Drugs Laboratory, Punjab",nsq,Mecobalamin (Neocobal 0.5mg Tablets),7805,,Feb-2026,"M/s.Pulse Pharmaceuticals (Pvt.) Ltd., Sua Asil, Raiwind Road Lhore",1) Description. 2) Tablets Are Film Coated Against Labelled Claim of Sugar- Coated Tablets. 3) The Content of Methylcobalamin,"State Drugs Laboratory, Punjab",portal,2025-06_all_nsq.json,112
2025-06,"state:State Drugs Laboratory, Punjab",nsq,Oral Rehydration Salts IP,P25/0228,Jan-2025,Apr-2027,"M/s.Samkem, 15-B, A.K.V.N. Industrial Area, Rangwasa, Rao, Indore-453331 (M.P.)",Net Weight/Sachet found to be 20.392gm against claim of 29.5gm/sachet.,"State Drugs Laboratory, Punjab",portal,2025-06_all_nsq.json,113
2025-06,"state:State Drugs Laboratory, Punjab",nsq,Oral Rehydration Salts IP,P25/0236,May-2025,Apr-2027,"M/s.Samkem, 15-B, A.K.V.N. Industrial Area, Rangwasa, Rao, Indore-453331 (M.P.)",Net Weight/Sachet found to be 20.286gm against claim of 20.5gm/sachet.,"State Drugs Laboratory, Punjab",portal,2025-06_all_nsq.json,114
2025-06,state:DTL Madurai,nsq,"Mobyle Gel (Diclofenac Diethylamine, Linseed Oil, Menthol and Methyl Salicylate Gel)",GX027,Jun-2024,May-2026,"M/s.SGS Formulation Pvt Ltd, S- 111, SIDCO Industrial Estate, Kakkalur-602003, Thiruvallur (Dist), Tamilnadu, India",Content of Methyl Salicylate and Menthol,DTL Madurai,portal,2025-06_all_nsq.json,115
2025-06,state:DTL Srinagar (J&K) & MDTL Kathua (J&K),nsq,Pantoprazole Sodium IP Tablets 40mg (Lepan 40),SPT-1134,Dec-2024,Nov-2026,"M/s.Sheen Pharmaceuticals Wariana Industrial Complex- 144021 Mkt by: Lebon Pharmaceuticals 603,G-I, Flaourite, Moraj Residency, Palm Beach, Vashi Mumbai-400705",Dissolution and Assay contents of Pantoprazole. Pantoprazole Sodium Tablets IP 40 mg is labelled as Pantoprazole Sodium IP Tablets 40 mg.,DTL Srinagar (J&K) & MDTL Kathua (J&K),portal,2025-06_all_nsq.json,116
2025-06,central,nsq,Telmisartan Tablets IP (Telzasig 20),TEZC25001,Apr-2025,Mar-2027,"M/s.Signova Healthcare Pvt. Ltd (Unit-II), EPIP Silasundari, Ghopa, Amingaon, North Guwahati, Assam-781031",Dissolution of Telmisartan,RDTL Guwahati,portal,2025-06_all_nsq.json,117
2025-06,state:DTL Srinagar (J&K) & MDTL Kathua (J&K),nsq,Olagress MD 2.5,D2250101,Jan-2025,Dec-2026,"M/s.Standford Laboratories Private Limited, 8, Industrial Area, Mehatpur, Dist. Una, HP-174315 Mktd by: La renon Healthcare Private Limited, 207-208, Iscon Elegance, Prahlad, Nagar, Cross Road, SG Highway, Vejalpur, Ahmedabad, 380015, Guj.",The sample fails in the test for Description. Colour is not specified on the label.,DTL Srinagar (J&K) & MDTL Kathua (J&K),portal,2025-06_all_nsq.json,118
2025-06,state:DTL Srinagar (J&K) & MDTL Kathua (J&K),nsq,Olagress MD 5,D2241286,Dec-2024,Nov-2026,"M/s.Standford Laboratories Private Limited, 8, Industrial Area, Mehatpur, Dist. Una, HP-174315 Mktd by: La renon Healthcare Private Limited, 207-208, Iscon Elegance, Prahlad, Nagar, Cross Road, SG Highway, Vejalpur, Ahmedabad, 380015, Guj.",Description,DTL Srinagar (J&K) & MDTL Kathua (J&K),portal,2025-06_all_nsq.json,119
2025-06,state:King Institute Chennai,nsq,Frusemide Injection IP- 2ml,24BTH96,Aug-2024,Jul-2026,"M/s.SVP Life Sciences, C/10-1, Sara Industrial Estate, Selequi, Dehradun.",Assay for frusemide,King Institute Chennai,portal,2025-06_all_nsq.json,120
2025-06,central,nsq,"0.45 % w/v Sodium Chloride and 5 % w/v Dextrose Injection I.P. (0.45 % DNS), 500 ml",S3BX05,Nov-2024,Oct-2026,"M/s.Swaroop Pharmaceuticals Pvt. Ltd., A-10, Tala Nagari Industiral Area, Aligarh 202001.",Test for Sterility,CDTL Mumbai,portal,2025-06_all_nsq.json,121
2025-06,central,nsq,Mintcool (mouthwash),SOL-1698,Mar-2024,Feb-2026,M/s.Symbiosis Pharmaceuticals PvtLtd At .Ovatio Remedies Behind IITT Ergg Collage Trilokpur Road Kala Amb173030(sirmour)HP,Content of Chlorhexidine Gluconate .,"CDSCO, Sub Zone, Baddi",portal,2025-06_all_nsq.json,122
2025-06,central,nsq,Betamethasone Valerate Ointment IP 0.1% w/w,B82,Aug-2024,Jul-2026,"M/s.Syndicate Pharma, 185/B, 185/B-1, 187/A & 188 Sector - F, Sanwer Road, Indore-452015",Content of Betamethasone in Betamethasone Valerate,CDTL Chennai,portal,2025-06_all_nsq.json,123
2025-06,"state:SDTL Agartala, Tripura",nsq,Tonzee-20 (Zinc Sulphate Tablets IP 20mg),ZS-2405,Jul-2024,Jun-2026,"M/s.Torino Laboratories Pvt. Ltd., Fact: Plot No. 65/1, Sector 1, Pithampur ? 454775, Dist. Dhar (INDIA).",Disintegration,"SDTL Agartala, Tripura",portal,2025-06_all_nsq.json,124
2025-06,central,nsq,Oxytocin Injection I.P. 1ml,AOX-2402,Apr-2024,Mar-2026,"M/s. Systochem Laboratories Ltd., B-75 Roop Nagar, Indl. Area, Loni-201102(U.P.)",Assay of Oxytocin,CDL Kolkata,portal,2025-06_all_nsq.json,125
2025-06,"state:State Lab Drugs Control Laboratory, Telangana.",nsq,Calgro-D3 Tablets Calcium and Vitamin D3 tablets,AC.2412,Dec-2024,May-2026,"M/s.Twins Pharma Plot No. 106, SV Nagar, Mallapur-76. Telangana",1. The label should be mentioned as Calcium And Vitamin D3 IP. But the letters IP is not mentioned after the product name. 2. Dissolution for Calcium.,"State Lab Drugs Control Laboratory, Telangana.",portal,2025-06_all_nsq.json,126
2025-06,"state:SDTL, Jharkhand",nsq,ORS(Oral Rehydration Salts IP),P0831,Apr-2024,Mar-2026,"M/s Quest Laboratories Limited, Plot No. 45, Sector-III, Pithampur, Dist.- Dhar-454775(M.P.)",Uniformity of weight,"SDTL, Jharkhand",portal,2025-06_all_nsq.json,127
2025-06,state:State Lab Puducherry,nsq,Domperidone & Paracetomal Tablets (Coxnil-P),FCPT-2401,Jun-2024,May-2026,"M/s.Verax Life Sciences Pvt. Ltd., K.No. 436, Vill Suramara Badd, Dat. Solan (H.P) 173205","(i) On the received sample, Presence of Spot defect was observed",State Lab Puducherry,portal,2025-06_all_nsq.json,128
2025-06,central,nsq,Lecetwin (Levocetirizine Hydrochloride Syrup),LWLS-2022,Sep-2024,Aug-2026,"M/s.Wings Novitas Healthcare LLP, 43 & 44, HPSIDC, Industrial Area, Baddi-173205 (H.P)",Content of Levocetirizine Hydrochloride,CDTL Chennai,portal,2025-06_all_nsq.json,129
2025-06,central,nsq,Cefpodoxime Dispersible Tablets 200 mg (Xpocef 200 DT),XCT24078C,Nov-2024,Oct-2026,"M/s.Xperia Creation, Survey No. 915/2, Block Part- A, Jetalpur Pirana Road, At & Post.-Girmatha Village, Tal.- Daskori, Dist-Ahmedabad- 382425, Gujarat.",Uniformity of Dispersion,CDTL Hyderabad,portal,2025-06_all_nsq.json,130
2025-06,"state:SDTL, Jharkhand",nsq,EBD ORS(Oral Rehydration Salts IP),825220,Feb-2025,Jan-2027,"Mfg. by- M/s Syndicate Pharma, 185/B-1, 187/A & 188, Sector F, Sanwer Road, Industrial Area, Indore(M.P.)-452015, Mkt. by M/s Elder Bio Drugs Pvt. Ltd., Plot No. 15/1, Pipliya Kumar, 1B-1st Floor, 37-A, Mangal Compound, Dewas Naka, Lasudia Mori, Pincode- 452010",Uniformity of weight,"SDTL, Jharkhand",portal,2025-06_all_nsq.json,131
2025-06,"state:State Drugs Laboratory, Punjab",nsq,Moxifloxacin 10% Injection (MOX-4TH GEN),SL1220-21,Jan-2024,Dec-2026,"Mft. by Not Mentioned Mkd. By M/s Safe Care Life Sciences, 3481.1, Ramtara Market, 2nd Floor, Gali Bajrang Bali, Chawri Bazar, Delhi, 110006.",Manufacturing By not mentioned on the label.,"State Drugs Laboratory, Punjab",portal,2025-06_all_nsq.json,132
2025-06,central,nsq,Pulmonex-AS (Ambroxol Salbutamol Guaiphenesin Syrup),HTD-24109,Aug-2024,Jul-2026,Not applicable,Content of Salbutamol in Salbutamol Sulphate and Ambroxol Hydrochloride. Note: Manufacturer's Name is not stated on the label.,CDTL Chennai,portal,2025-06_all_nsq.json,133
2025-06,central,nsq,Elzefen-P (Aceclofenac & Paracetamol Tablets),PC24021,Mar-2024,Feb-2026,"M/s Prochem Pharmaceuticals Pvt., Ltd., 140-141, Makkanpur, Bhagwanpur, Roorkee, Distt.- Haridwar,(Uttarakhand)-247661",Assay of Aceclofenac,"CDSCO, East Zone, Kolkata",portal,2025-06_all_nsq.json,134
2025-06,central,nsq,Onvin-4 MD Tablets (Ondansetron Orally Disintegrating Tablets IP 4 mg),RV24012,May-2024,Apr-2026,"M/s Rivpra Formulation Pvt., Ltd., Plot No.8, Sector-6A, IIE, SIDCUL, Haridwar-249403",Test for Related Substances,"CDSCO, East Zone, Kolkata",portal,2025-06_all_nsq.json,135
2025-06,"state:State Lab Drugs Control Laboratory, Telangana.",nsq,VCEC-P Tablets Aceclofenac and Paracetamol Tablets,TG24-2028C,Sep-2024,Aug-2026,"M/s Athens Life Sciences Mauza Rampur, Jattan, Nahan Road, Kala Amb, Distt. Sirmour, H.P.-173030",The label should be mentioned as Aceclofenac and Paracetamol IP. But the letter IP is not mentioned after the product name. Aceclofenac and Paracetamol,"State Lab Drugs Control Laboratory, Telangana.",portal,2025-06_all_nsq.json,136
2025-06,state:State Lab Puducherry,nsq,Levocetirizine Tablets IP 5mg (Lzetri 5),B2409435A,Sep-2024,Aug-2026,"M/s Bymaa Laboratories Private Limited., A-19,20&22, Electronic Park,PIPDIC Industrial Estate, Thirubhuvanai , Puducherry - 605 107","For the received sample, label is mentioned as ?Approved colour used? but common name of the permitted colour used in the formulation",State Lab Puducherry,portal,2025-06_all_nsq.json,137
2025-06,"state:State Drugs Laboratory, Punjab",nsq,Mecobalamin 2500mg. (NEROSAFE-XL),324-80,Jul-2024,May-2026,"Mft. by Not Mentioned Mkd. By M/s Safe Care Life Sciences, 3481.1, Ramtara Market, 2nd Floor, Gali Bajrang Bali, Chawri Bazar, Delhi, 110006.",Content of Mecobalamin found to be 2.38 mg per ml (0.095%) against labelled claim of 2500 mg per ml. 1) Manufacturing By not mentioned on the label.,"State Drugs Laboratory, Punjab",portal,2025-06_all_nsq.json,138
2025-06,state:State Lab Karnataka,nsq,Pantus-D (Pantoprazole & Domperidone Tablets),APT-23918,Mar-2024,Feb-2026,"M/s. ABOD Pharmaceuticals, Plot No.18-C, Khasra No.150-151, IP-4 Begumpur, Bahadrabad, Haridwar- 249402",Assay of Pantoprazole,State Lab Karnataka,portal,2025-06_all_nsq.json,139
2025-06,state:State Lab Puducherry,nsq,"Ferrous Ascorbate, Folic Acid With Zinc Sulphate Tablets (Ronifer-XT)",24T374B,Feb-2025,Jan-2027,"M/s. Acumen Pharmaceuticals Pvt. Ltd., RS-2, Plot No.117-118, Kurumbapet, Villianur Commune, Puducherry-605 009",Assay (Ferrous Ascorbate),State Lab Puducherry,portal,2025-06_all_nsq.json,140
2025-06,central,nsq,Telmisartan Tablets IP 40 mg,ALPT-051,Jul-2024,Jun-2026,"M/s. Alifecare Pharmacy Pvt Ltd, VPO-Barog, Teh & Distt. Solan (H.P.) -173212",Dissolution of Telmisartan,CDL Kolkata,portal,2025-06_all_nsq.json,141
2025-06,state:State Lab Karnataka,nsq,Ofloxacin and Dexamethasone Ophthalmic Solution,VE4111,Nov-2024,Oct-2026,"M/s. Alpa Laboratories Ltd., 33/2, A.B. Road, Pigdamber-453446 , Indore (M.P)",Sterility,State Lab Karnataka,portal,2025-06_all_nsq.json,142
2025-06,central,nsq,Methylcobalamin Injection,S4H046,Aug-2024,Jan-2026,"M/s. Arion Healthcare, Vill. Kishanpura, Baddi, Distt. Solan-174101(H.P.)","Assay of Methylcobalamin, Particulate matter and Description",CDL Kolkata,portal,2025-06_all_nsq.json,143
2025-06,state:State Lab Karnataka,nsq,Pantoprazole Sodium for Injection (Petalife-40),ABGJ24032TH,Oct-2024,Sep-2026,"M/s. Associated Biopharma Pvt. Ltd., Khasra No 121 Min,122 Min, Sidco Indusrial Complex, Pandrar Ghatti, Nanan Kathua, J & K- 184143",Sterility,State Lab Karnataka,portal,2025-06_all_nsq.json,144
2025-06,central,nsq,Adrenaline Injection IP (Aline Injection 1 ml.),AL-92,Feb-2025,Apr-2026,"M/s. Aster Medicines Pvt. Ltd., Plot No. E4(Part), Industrial Area Phase II, Hazipur-844101",Particulate Matter and Description,CDL Kolkata,portal,2025-06_all_nsq.json,145
2025-06,central,nsq,Rabeprazole Sodium (EC) & Domperidone (SR) Capsules (Sesarab-DSR Capsules ),CG23-0372F,Sep-2023,Aug-2025,"M/s. Athens Life Sciences, Mauza Rampur Jattan, Nahan Road, Kala Amb, Distt. Sirmour, H.P.-173030",Assay of Rabeprazole Sodium,CDL Kolkata,portal,2025-06_all_nsq.json,146
2025-06,state:State Lab Karnataka,nsq,Graficlav 625 Tablets (Amoxycillin & Potassium Clavulanate Tablets IP),TB24-0753A,Nov-2024,Apr-2026,"M/s. Athens Life Sciences, Mauza Rampur, Jattan, Nahan Road, Kala Amb, Distt. Sirmour, H.P-173030",Uniformity of Weight of Tablets,State Lab Karnataka,portal,2025-06_all_nsq.json,147
2025-06,state:State Lab Karnataka,nsq,Telapp MT 25 (Telmisartan & Metoprolol Succinate (ER) Tablets),T24H459A,Aug-2024,Jul-2026,"M/s. Bajaj Formulation, Khasra No.161, Village-Lakeshwary Bhagwanpur, Roorkee Distt: Haridwar (UK)",Assay for Metoprolol Tartrate,State Lab Karnataka,portal,2025-06_all_nsq.json,148
2025-06,state:State Lab Karnataka,nsq,Methotrexate Injection IP 15 mg/ml (Folitrax-15),AI054J24,Sep-2024,Aug-2026,"M/s. BDH Industrial Ltd., Nair Baug, Akurli Road, Kandivil (E) Mumbai-400101",Sterility,State Lab Karnataka,portal,2025-06_all_nsq.json,149
2025-06,state:State Lab Karnataka,nsq,Methotrexate Injection IP 15 mg/ml (Folitrax-15),AI071L24,Nov-2024,Oct-2026,"M/s. BDH Industrial Ltd., Nair Baug, Akurli Road, Kandivil (E) Mumbai-400101",Sterility,State Lab Karnataka,portal,2025-06_all_nsq.json,150
2025-06,state:State Lab Karnataka,nsq,Mupirocin Ointment IP (Mupifit),2410223B,Oct-2024,Sep-2026,"M/s. Biodeal Pharmaceuticals Limited, Vill. Sainimajra, Nalagarh- Ropar Road, Nalagarh- 174101, Dist. Solan (H.P) India",Identification,State Lab Karnataka,portal,2025-06_all_nsq.json,151
2025-06,state:State Lab Karnataka,nsq,Ibuprofen Tablets IP 400 mg,"270524-BKN13,",May-2024,Apr-2026,"M/s. Biogenetic Drugs Pvt. Ltd.,Vill. Jharmazri, Baddi-174103, Dist. Solan, H.P.",Dissolution of Ibuprofen,State Lab Karnataka,portal,2025-06_all_nsq.json,152
2025-06,state:State Lab Karnataka,nsq,Ibuprofen Tablets IP 400 mg,310524-BKN13,May-2024,Apr-2026,"M/s. Biogenetic Drugs Pvt. Ltd.,Vill. Jharmazri, Baddi-174103, Dist. Solan, H.P.,",Dissolution of Ibuprofen,State Lab Karnataka,portal,2025-06_all_nsq.json,153
2025-06,state:State Lab Karnataka,nsq,Oxytetracycline Dihydrate Inj. I.P. (OXY-LA Injection Vet.),OTL-4449,Nov-2024,Oct-2026,"M/s. Biograde Organics Pvt. Ltd., (AN ISo 9001:2015 & GMP Certified Company), Village Noorwala, Hosiery Complex, Ludhiana (Pb)-141007",Description,State Lab Karnataka,portal,2025-06_all_nsq.json,154
2025-06,state:State Lab Karnataka,nsq,Diphenhydramine Hydrochloride Capsules IP 25 mg,C 364,Feb-2024,Jan-2026,"M/s. Bittu Pharmaceuticals (II), Plot No.48, Vasai, Municipal Ind Area, Umela Phata, Dhovali Village, Papdi, Vasai (W), Dist, Palghar-401207 (M.S)",Dissolution,State Lab Karnataka,portal,2025-06_all_nsq.json,155
2025-06,state:State Lab Karnataka,nsq,Pheniramine Maleate Injection IP (Care Vil),401,Jul-2024,Jun-2026,"M/s. Carewin Pharmaceuticals (GUJ.) Pvt Ltd., 38, Saket Ind., 38, Saket Ind. Estate-II, N.H.No.8A, P.O. Moraiya, Ta. Sanand, Ahmedabad",Sterility,State Lab Karnataka,portal,2025-06_all_nsq.json,156
2025-06,state:State Lab Karnataka,nsq,"Lilion-MR Tablets (Aceclofenac, Paracetamol & Chlorzoxazone Tablets)",CCT24984B,Jul-2024,Jun-2026,"M/s. Cent Cure Pvt. Ltd., (A WHO- GMP Certifid Company), Plot No.71, DIC, Industrial Area, Vill. Ladhimajra, Tehsil Baddi, Distt. Solan (H.P)-173205",Assay for Aceclofenac and Chlorzoxazone,State Lab Karnataka,portal,2025-06_all_nsq.json,157
2025-06,state:State Lab Karnataka,nsq,OFLOVEE OZ (Ofloxacin and Ornidazole Tablets IP),CT24100,Jun-2024,May-2027,"M/s. Century Nova Drugs Pvt. Ltd., 85-86, Phase-II, A.K.V.N Industrial Area, Umaria-Dungaria-482003",Description & Assay for Ofloxacin,State Lab Karnataka,portal,2025-06_all_nsq.json,158
2025-06,central,nsq,Curacet Tablets (Cetirizine Hydrochloride),CHT23320,Oct-2023,Sep-2025,"M/s. Cureza Healthcare pvt. Ltd. A.B.Road Girwai, 474001","Almost all the tablets received for analysis show Grey coloured spots all over the surface of the tablet, when observed in normal day light with unaided eyes.","FDA Lab , Mumbai",portal,2025-06_all_nsq.json,159
2025-06,central,nsq,Paracetamol Intravenous Infusion (1.0% w/v ),E25B026,Feb-2025,Jan-2028,"M/s. D.J. Laboratories Pvt. Ltd., 255, Sector-1, Industrial Area, Pithampur-454775",Particulate Contamination,CDL Kolkata,portal,2025-06_all_nsq.json,160
2025-06,state:State Lab Puducherry,nsq,"Paracetamol, Phenylphrine HCL, CPM & Caffeine Tablets (Goco-Plus)",DPT-1223,Sep-2024,Aug-2026,"M/s. Dexibo Pharma Pvt. Ltd, Khasra No.: 3,4,5 and Part of 4M, Plot No. 134/2, Shiv Ganga Industrial Estate, Lakeshwari, Bhagwanpur, Distt. Haridwar-247 661 (U.K.)",Disintegration,State Lab Puducherry,portal,2025-06_all_nsq.json,161
2025-06,central,nsq,Heparin Injection IP 5000 IU/ml (Flagorin),DP2143,Aug-2022,Jun-2025,"M/s. Divine Laboratories Pvt. Ltd., Block No. 471, Dabhasa, Tal. Padra, Dist. Vadodara- 391440, India",pH and Assay of Heparin (Anti- factor-IIa activity),CDL Kolkata,portal,2025-06_all_nsq.json,162
2025-06,state:State Lab Karnataka,nsq,"Coxmyth-90 Tablets, (Etoricoxib Tablets IP 90mg)",DEMT- 242366B,Nov-2024,Oct-2026,"M/s. Dr. Edwin Medilabs Pvt Ltd., Plot No.B-29, Industrial Area, Focal Point, chanalon, Kurali, SAS nagar PB",Uniformity of Weight and Dissolution Test for Etoricoxib,State Lab Karnataka,portal,2025-06_all_nsq.json,163
2025-06,central,nsq,"Vitamin C Injection IP and Vitamin B12, Folic Acid and Niacinamide Injection (Eldervit-12 Injection)",IEW1433B,Jul-2024,Jun-2026,"M/s. E.G. Pharmaceuticlas, Vill. Mandhala, Teh. Baddi, Distt. Solan (H.P.)",Particulate Matter and Description,CDL Kolkata,portal,2025-06_all_nsq.json,164
2025-06,central,nsq,"Vitamin C Injection IP and Vitamin B12, Folic Acid and Niacinamide Injection (Eldervit-12 Injection )","B.no: IEW1480C, IEW-1480B",Sep-2024,Aug-2026,"M/s. E.G.Pharmaceuticals, Vill. Mandhala, Tehsil: Baddi Distt.Solan (H.P.)",Particulate Matter and Description,CDL Kolkata,portal,2025-06_all_nsq.json,165
2025-06,central,nsq,"Vitamin C Injection IP and Vitamin B12, Folic Acid and Niacinamide Injection (Eldervit-12 Injection )","B.no: IEW-1487C, IEW-1487B",Sep-2024,Aug-2026,"M/s. E.G.Pharmaceuticals, Vill. Mandhala, Tehsil: Baddi Distt.Solan (H.P.)",Particulate Matter and Description,CDL Kolkata,portal,2025-06_all_nsq.json,166
2025-06,state:State Lab Karnataka,nsq,"Aciwave (Anesthetic, Antacid & Antiflatulent oral Suspension)",EL24165,Mar-2024,Feb-2026,"M/s. Edkem Pharmaceuticals Ltd, M 9-M12, Gallops Industrial Park- II, Chancharvadi- Vasna, bavla-Changodhar Highway, Ahmedabad- 382210",Assay for Oxethazaine,State Lab Karnataka,portal,2025-06_all_nsq.json,167
2025-06,central,nsq,Telmisartan Tablets IP 40mg,TS24047,Oct-2024,Dec-2025,"M/s. Eurokem Laboratories Pvt ltd, C-25, SIDCO Pharmaceutical Complex, Alathur, Thiruporur, 603110",Dissolution of Telmisartan Tablets,CDTL Chennai,portal,2025-06_all_nsq.json,168
2025-06,central,nsq,Telmisartan Tablets IP 40mg,TS24042,Oct-2024,Dec-2025,"M/s. Eurokem Laboratories Pvt ltd, C-25, SIDCO Pharmaceutical Complex, Alathur, Thiruporur, 603110",Dissolution of Telmisartan Tablets,CDTL Chennai,portal,2025-06_all_nsq.json,169
2025-06,state:State Lab Karnataka,nsq,Nexikam-Plus Tablets (Escitalopram Oxalate & Clonazepam Tablets IP),GENT9932,Dec-2024,Nov-2026,"M/s. Gentech Healthcare Pvt. Ltd., 1470, HSIIDC Rai-131029, (India)",Uniformity of Content for both Escitalopram Oxalate & Clonazepam,State Lab Karnataka,portal,2025-06_all_nsq.json,170
2025-06,central,nsq,Glavit Syrup 200ml,GLV-233,Apr-2024,Sep-2025,"M/s. Glacier Pharmaceutical Pvt Ltd. G-5, MIDC, Industrial area Amaravati-444605",The content of Thiamine Hydrochloride(i.e. 63.8% of the labelled amount) and the content of Cyanocobalamin (i.e 13.34% of the labelled amount) in the sample are less than the permissible limit.,"FDA Lab , Mumbai",portal,2025-06_all_nsq.json,171
2025-06,central,nsq,Glavit Syrup100ml,GLV-230,Mar-2024,Aug-2025,"M/s. Glacier Pharmaceutical Pvt Ltd. G-5, MIDC, Industrial area Amaravati-444605",The content of Thiamine Hydrochloride(i.e. 74.7% of the labelled amount) and the content of Cyanocobalamin (i.e 11.92% of the labelled amount) in the sample are less than the permissible limit.,"FDA Lab , Mumbai",portal,2025-06_all_nsq.json,172
2025-06,state:State Lab Karnataka,nsq,Pantrum-40 Tablets (Pantoprazole Gastro- Restant Tablets IP),HT24686,Aug-2024,Jul-2026,"M/s. Habitare Pharma pvt. Ltd., Plot No.43-44, Industrial Estate, HSIIDC, Alipur, Barwala, Distt. Panchkula (HR)-134118",Dissolution? and ?Description,State Lab Karnataka,portal,2025-06_all_nsq.json,173
2025-06,state:State Lab Karnataka,nsq,Calcium and Vitamin D3 Tablets IP (GENIBONE- 500),HCL5011,Jan-2025,Dec-2026,"M/s. Hanuchem Laboratories, Plot No.15-16-17, Sector-5, Indl. Area, Parwanoo, Dist. Solan (H.P)- 173220",Description,State Lab Karnataka,portal,2025-06_all_nsq.json,174
2025-06,central,nsq,"Methycobalamin, Calcitriol, Omega-3 Fatty Acids (EPA & DHA), Folic Acid, Boron, Calcium Carbonate Softgel Capsules (Biofil-Max Softgel Capsules )",HPDJ24170,Oct-2024,Sep-2026,"M/s. Healthwise Pharma, VPO Bhud, Teh.Baddi, Distt-Solan (H.P.)-173205","Assay of Docosahexaenoic Acid,Eicosapentaen oic acid",CDL Kolkata,portal,2025-06_all_nsq.json,175
2025-06,state:State Lab Karnataka,nsq,Dexamethasone Sodium Phosphate Injection I.P (Dexasun-For IM & IV use only),HLI380C,Mar-2024,Feb-2026,"M/s. Himalaya Meditek (P) Ltd., Plot No. 35 & 36, Pharmacity, Selaqui Industrial Area, Dehradun- 248197",Sterility and Assay for Dexamethasone Phosphate,State Lab Karnataka,portal,2025-06_all_nsq.json,176
2025-06,central,nsq,Cefotaxime Sodium Injection IP 1g,1172,Aug-2023,Jul-2025,"M/s. Hindustan Antibiotics Ltd., Pimpri,Pune-411018,India",Water,CDL Kolkata,portal,2025-06_all_nsq.json,177
2025-06,state:State Lab Karnataka,nsq,Enrofloxacin Tablets (Enrogen-500),TEG24004,Dec-2024,Nov-2026,"M/s. Indian Genomix Pvt. Ltd., Plot No. 135/1 & 135/2, Phase-II, I.D.A, Cherlapally, Hyderabad-500051, T.S",Description,State Lab Karnataka,portal,2025-06_all_nsq.json,178
2025-06,central,nsq,Amikacin Sulphate Injection IP (Lamic-500 Injection ),L-24K-31H,Nov-2024,Oct-2026,"M/s. Inmac Laboratories, Bangsipura-142033 (Pb.)","Particulate Matter, Assay and Description",CDL Kolkata,portal,2025-06_all_nsq.json,179
2025-06,central,nsq,Enrofloxacin Injection La (Welflox La),VT240352A,Mar-2024,Feb-2026,"M/s. Integrated Laboratories Pvt Ltd. Nahan Road, Vill. Moginand, Kala Amb, Distt. Sirmour Himachal Pradesh 173030",1. The Content of Enrofloxacin in the sample is less (i.e. 45.64% of the labelled amount),"FDA Lab , Mumbai",portal,2025-06_all_nsq.json,180
2025-06,central,nsq,3% Sodium Chloride Injection USP,G25B016,Feb-2025,Jan-2027,"M/s. Inven Pharmaceuticals Pvt. Ltd., Village Kalsada Khurd, District-Dhar (M.P.)- 454001",Particulate Matter in Injections,CDL Kolkata,portal,2025-06_all_nsq.json,181
2025-06,central,nsq,Methylcobalamin 1500 mcg (Nuroark),JIN24-041,Aug-2024,Jan-2026,"M/s. Janya Biocare Pvt. Ltd., Khasra No.-169, Tanshipur, Roorkee (U.K.)",Description and Particulate Matter,CDL Kolkata,portal,2025-06_all_nsq.json,182
2025-06,state:State Lab Karnataka,nsq,Telmisartan & Amlodipine Tablets I.P. (Telmamet AM),KTT24936,Oct-2024,Sep-2026,"M/s. Kantil Pharmaceuticals Pvt. Ltd., Vill, Sainimajra, tehsil Nalagarh, Distt Solan Himachal Pradesh-174101",Dissolution,State Lab Karnataka,portal,2025-06_all_nsq.json,183
2025-06,state:State Lab Karnataka,nsq,Paracetamol Tablets I.P 500 mg,2511723,Feb-2023,Jan-2026,"M/s. Karnataka Antibiotics & Pharmaceuticals Ltd., Plot No.14, II Phase, Peenya Industrial Area, Bengaluru-560058",Description,State Lab Karnataka,portal,2025-06_all_nsq.json,184
2025-06,state:Drugs Inspector Telangana,spurious,Rosuvas F 20 Tablets Rosuvastatin and Fenofibrate Tablets IP,SIF2736A,Dec-2024,May-2027,,"The product is purported to be spurious, however, the same is subject to outcome of investigation.",Drugs Inspector Telangana,portal,2025-06_all_spurious.json,1
2025-06,"state:Drugs Inspector, New Delhi",spurious,Ointment of Heparin Sodium and Benzyl Nicotinate (THROMBOPHOB),I404138,Aug-2024,Jul-2027,,"The product is purported to be spurious, however, the same is subject to outcome of investigation.","Drugs Inspector, New Delhi",portal,2025-06_all_spurious.json,2
2025-06,"state:Drugs Inspector, Bihar",spurious,Cefixime Tablets IP (TAXIM-O 200 TABLETS),24460967,Jul-2024,Jun-2026,,"The product is purported to be spurious, however, the same is subject to outcome of investigation.","Drugs Inspector, Bihar",portal,2025-06_all_spurious.json,3
2025-06,"state:Drugs Inspector, Telangana",spurious,Rosuvas F 10 Tablets Rosuvastatin and Fenofibrate Tablets IP,SIF2676A,Dec-2024,May-2027,,"The product is purported to be spurious, however, the same is subject to outcome of investigation.","Drugs Inspector, Telangana",portal,2025-06_all_spurious.json,4
